file_name,method,rank,cx,cy,score,angle,flip,scale,bucket,matched_ann_id,matched_category
301.tiff,find_and_suppress,0,6293.0,3864.0,0.6989134,0.0,False,1.0,non_human_findings,-1,0
301.tiff,find_and_suppress,1,496.0,566.0,0.6659991,0.0,False,1.0,non_human_findings,-1,0
301.tiff,find_and_suppress,2,3274.0,864.0,0.656189,0.0,False,1.0,human_correct_label,14750,1
301.tiff,find_and_suppress,3,3918.0,1310.0,0.6518139,0.0,False,1.0,non_human_findings,-1,0
301.tiff,find_and_suppress,4,6129.0,282.0,0.64515954,0.0,False,1.0,non_human_findings,-1,0
301.tiff,find_and_suppress,5,3032.0,2232.0,0.6337706,0.0,False,1.0,non_human_findings,-1,0
301.tiff,find_and_suppress,6,61.0,243.0,0.6337594,0.0,False,1.0,non_human_findings,-1,0
301.tiff,find_and_suppress,7,1582.0,4725.0,0.6327598,0.0,False,1.0,non_human_findings,-1,0
301.tiff,find_and_suppress,8,3791.0,4396.0,0.63144344,0.0,False,1.0,non_human_findings,-1,0
301.tiff,find_and_suppress,9,3390.0,3791.0,0.63069844,0.0,False,1.0,non_human_findings,-1,0
301.tiff,find_and_suppress,10,841.0,2013.0,0.6303006,0.0,False,1.0,non_human_findings,-1,0
301.tiff,find_and_suppress,11,988.0,4557.0,0.62948513,0.0,False,1.0,non_human_findings,-1,0
301.tiff,find_and_suppress,12,85.0,303.0,0.6294696,0.0,False,1.0,non_human_findings,-1,0
301.tiff,find_and_suppress,13,3151.0,2419.0,0.62409925,0.0,False,1.0,non_human_findings,-1,0
301.tiff,find_and_suppress,14,5765.0,1784.0,0.62237185,0.0,False,1.0,non_human_findings,-1,0
301.tiff,find_and_suppress,15,6171.0,2425.0,0.62040263,0.0,False,1.0,non_human_findings,-1,0
301.tiff,find_and_suppress,16,1330.0,3770.0,0.61919516,0.0,False,1.0,non_human_findings,-1,0
301.tiff,find_and_suppress,17,134.0,1021.0,0.6188417,0.0,False,1.0,non_human_findings,-1,0
301.tiff,find_and_suppress,18,618.0,641.0,0.61870533,0.0,False,1.0,non_human_findings,-1,0
301.tiff,find_and_suppress,19,211.0,1183.0,0.61822397,0.0,False,1.0,non_human_findings,-1,0
301.tiff,find_and_suppress,20,518.0,591.0,0.6179722,0.0,False,1.0,non_human_findings,-1,0
301.tiff,find_and_suppress,21,5538.0,3408.0,0.61752623,0.0,False,1.0,non_human_findings,-1,0
301.tiff,find_and_suppress,22,6265.0,4760.0,0.617016,0.0,False,1.0,non_human_findings,-1,0
301.tiff,find_and_suppress,23,5075.0,2721.0,0.61560893,0.0,False,1.0,human_rejected_label,15046,2
301.tiff,find_and_suppress,24,759.0,1500.0,0.6152902,0.0,False,1.0,non_human_findings,-1,0
301.tiff,find_and_suppress,25,4422.0,1223.0,0.61465406,0.0,False,1.0,non_human_findings,-1,0
301.tiff,find_and_suppress,26,1841.0,403.0,0.61383414,0.0,False,1.0,non_human_findings,-1,0
301.tiff,find_and_suppress,27,1734.0,140.0,0.6132512,0.0,False,1.0,non_human_findings,-1,0
301.tiff,find_and_suppress,28,2808.0,2364.0,0.61270034,0.0,False,1.0,non_human_findings,-1,0
301.tiff,find_and_suppress,29,1984.0,3035.0,0.6102645,0.0,False,1.0,non_human_findings,-1,0
301.tiff,find_and_suppress,30,1123.0,4257.0,0.6094527,0.0,False,1.0,non_human_findings,-1,0
301.tiff,find_and_suppress,31,674.0,453.0,0.60900915,0.0,False,1.0,non_human_findings,-1,0
301.tiff,find_and_suppress,32,1191.0,3250.0,0.6089793,0.0,False,1.0,non_human_findings,-1,0
301.tiff,find_and_suppress,33,4680.0,4657.0,0.6089145,0.0,False,1.0,non_human_findings,-1,0
301.tiff,find_and_suppress,34,5846.0,3554.0,0.60869044,0.0,False,1.0,non_human_findings,-1,0
301.tiff,find_and_suppress,35,5678.0,3307.0,0.6078829,0.0,False,1.0,non_human_findings,-1,0
301.tiff,find_and_suppress,36,5420.0,3154.0,0.607866,0.0,False,1.0,non_human_findings,-1,0
301.tiff,find_and_suppress,37,2719.0,2022.0,0.60783476,0.0,False,1.0,non_human_findings,-1,0
301.tiff,find_and_suppress,38,5520.0,1235.0,0.6071627,0.0,False,1.0,human_rejected_label,14821,2
301.tiff,find_and_suppress,39,3448.0,4419.0,0.6070716,0.0,False,1.0,non_human_findings,-1,0
301.tiff,find_and_suppress,40,4671.0,1564.0,0.60647625,0.0,False,1.0,non_human_findings,-1,0
301.tiff,find_and_suppress,41,3658.0,4412.0,0.60547805,0.0,False,1.0,human_rejected_label,15006,2
301.tiff,find_and_suppress,42,256.0,1234.0,0.6054005,0.0,False,1.0,non_human_findings,-1,0
301.tiff,find_and_suppress,43,2769.0,801.0,0.6053137,0.0,False,1.0,non_human_findings,-1,0
301.tiff,find_and_suppress,44,4657.0,4194.0,0.6051158,0.0,False,1.0,non_human_findings,-1,0
301.tiff,find_and_suppress,45,3903.0,1359.0,0.6040378,0.0,False,1.0,non_human_findings,-1,0
301.tiff,find_and_suppress,46,1793.0,4007.0,0.6037601,0.0,False,1.0,non_human_findings,-1,0
301.tiff,find_and_suppress,47,1122.0,4144.0,0.6034699,0.0,False,1.0,non_human_findings,-1,0
301.tiff,find_and_suppress,48,350.0,3002.0,0.60342944,0.0,False,1.0,non_human_findings,-1,0
301.tiff,find_and_suppress,49,6387.0,2342.0,0.60267556,0.0,False,1.0,non_human_findings,-1,0
301.tiff,find_and_suppress,50,4439.0,4207.0,0.6025554,0.0,False,1.0,non_human_findings,-1,0
301.tiff,find_and_suppress,51,4855.0,373.0,0.6024047,0.0,False,1.0,non_human_findings,-1,0
301.tiff,find_and_suppress,52,4589.0,311.0,0.6017774,0.0,False,1.0,non_human_findings,-1,0
301.tiff,find_and_suppress,53,895.0,1500.0,0.60148627,0.0,False,1.0,non_human_findings,-1,0
301.tiff,find_and_suppress,54,1978.0,2857.0,0.6011595,0.0,False,1.0,non_human_findings,-1,0
301.tiff,find_and_suppress,55,6352.0,4415.0,0.600213,0.0,False,1.0,non_human_findings,-1,0
301.tiff,find_and_suppress,56,3566.0,2483.0,0.6001181,0.0,False,1.0,non_human_findings,-1,0
301.tiff,find_and_suppress,57,3468.0,3103.0,0.60005885,0.0,False,1.0,non_human_findings,-1,0
301.tiff,find_and_suppress,58,3459.0,4540.0,0.5997049,0.0,False,1.0,non_human_findings,-1,0
301.tiff,find_and_suppress,59,3200.0,1256.0,0.5992541,0.0,False,1.0,non_human_findings,-1,0
301.tiff,find_and_suppress,60,5807.0,1756.0,0.5990653,0.0,False,1.0,non_human_findings,-1,0
301.tiff,find_and_suppress,61,476.0,536.0,0.5988822,0.0,False,1.0,non_human_findings,-1,0
301.tiff,find_and_suppress,62,1953.0,1085.0,0.5981663,0.0,False,1.0,non_human_findings,-1,0
301.tiff,find_and_suppress,63,3260.0,4322.0,0.59768665,0.0,False,1.0,non_human_findings,-1,0
301.tiff,find_and_suppress,64,326.0,2237.0,0.597537,0.0,False,1.0,non_human_findings,-1,0
301.tiff,find_and_suppress,65,6287.0,4462.0,0.5961698,0.0,False,1.0,non_human_findings,-1,0
301.tiff,find_and_suppress,66,5551.0,3363.0,0.59533876,0.0,False,1.0,human_rejected_label,14965,2
301.tiff,find_and_suppress,67,2978.0,2475.0,0.59484375,0.0,False,1.0,non_human_findings,-1,0
301.tiff,find_and_suppress,68,3802.0,1175.0,0.5941732,0.0,False,1.0,non_human_findings,-1,0
301.tiff,find_and_suppress,69,233.0,2863.0,0.59392554,0.0,False,1.0,non_human_findings,-1,0
301.tiff,find_and_suppress,70,3490.0,848.0,0.5933491,0.0,False,1.0,non_human_findings,-1,0
301.tiff,find_and_suppress,71,5546.0,1271.0,0.5931307,0.0,False,1.0,non_human_findings,-1,0
301.tiff,find_and_suppress,72,5999.0,2925.0,0.5927847,0.0,False,1.0,non_human_findings,-1,0
301.tiff,find_and_suppress,73,3212.0,3128.0,0.5926624,0.0,False,1.0,non_human_findings,-1,0
301.tiff,find_and_suppress,74,788.0,612.0,0.5925324,0.0,False,1.0,non_human_findings,-1,0
301.tiff,find_and_suppress,75,4652.0,4689.0,0.59223837,0.0,False,1.0,non_human_findings,-1,0
301.tiff,find_and_suppress,76,3748.0,3083.0,0.5918814,0.0,False,1.0,non_human_findings,-1,0
301.tiff,find_and_suppress,77,5980.0,2632.0,0.59174734,0.0,False,1.0,non_human_findings,-1,0
301.tiff,find_and_suppress,78,4352.0,2132.0,0.5917336,0.0,False,1.0,non_human_findings,-1,0
301.tiff,find_and_suppress,79,926.0,807.0,0.5915237,0.0,False,1.0,non_human_findings,-1,0
301.tiff,find_and_suppress,80,2428.0,3756.0,0.59122103,0.0,False,1.0,non_human_findings,-1,0
301.tiff,find_and_suppress,81,6154.0,2481.0,0.59102917,0.0,False,1.0,non_human_findings,-1,0
301.tiff,find_and_suppress,82,2217.0,3847.0,0.5907614,0.0,False,1.0,non_human_findings,-1,0
301.tiff,find_and_suppress,83,3583.0,2692.0,0.59070283,0.0,False,1.0,non_human_findings,-1,0
301.tiff,find_and_suppress,84,973.0,3425.0,0.5904466,0.0,False,1.0,non_human_findings,-1,0
301.tiff,find_and_suppress,85,5336.0,3151.0,0.59042275,0.0,False,1.0,non_human_findings,-1,0
301.tiff,find_and_suppress,86,1001.0,2904.0,0.5904015,0.0,False,1.0,non_human_findings,-1,0
301.tiff,find_and_suppress,87,2802.0,3354.0,0.5903107,0.0,False,1.0,non_human_findings,-1,0
301.tiff,find_and_suppress,88,6272.0,320.0,0.590188,0.0,False,1.0,non_human_findings,-1,0
301.tiff,find_and_suppress,89,2456.0,4056.0,0.5899864,0.0,False,1.0,non_human_findings,-1,0
301.tiff,find_and_suppress,90,253.0,633.0,0.58989036,0.0,False,1.0,non_human_findings,-1,0
301.tiff,find_and_suppress,91,518.0,4806.0,0.58921474,0.0,False,1.0,non_human_findings,-1,0
301.tiff,find_and_suppress,92,6196.0,3733.0,0.58897185,0.0,False,1.0,non_human_findings,-1,0
301.tiff,find_and_suppress,93,6135.0,3877.0,0.588783,0.0,False,1.0,non_human_findings,-1,0
301.tiff,find_and_suppress,94,1452.0,27.0,0.5887113,0.0,False,1.0,non_human_findings,-1,0
301.tiff,find_and_suppress,95,5983.0,1137.0,0.58781815,0.0,False,1.0,non_human_findings,-1,0
301.tiff,find_and_suppress,96,424.0,706.0,0.5877709,0.0,False,1.0,non_human_findings,-1,0
301.tiff,find_and_suppress,97,4264.0,89.0,0.587743,0.0,False,1.0,non_human_findings,-1,0
301.tiff,find_and_suppress,98,804.0,3664.0,0.5873858,0.0,False,1.0,non_human_findings,-1,0
301.tiff,find_and_suppress,99,2896.0,1939.0,0.5866184,0.0,False,1.0,non_human_findings,-1,0
301.tiff,find_and_suppress,100,1660.0,4456.0,0.58517206,0.0,False,1.0,non_human_findings,-1,0
301.tiff,find_and_suppress,101,462.0,4357.0,0.58500737,0.0,False,1.0,non_human_findings,-1,0
301.tiff,find_and_suppress,102,409.0,1165.0,0.5842096,0.0,False,1.0,non_human_findings,-1,0
301.tiff,find_and_suppress,103,759.0,2093.0,0.58387357,0.0,False,1.0,non_human_findings,-1,0
301.tiff,find_and_suppress,104,2833.0,3912.0,0.5836267,0.0,False,1.0,non_human_findings,-1,0
301.tiff,find_and_suppress,105,2433.0,1158.0,0.5831212,0.0,False,1.0,non_human_findings,-1,0
301.tiff,find_and_suppress,106,89.0,2840.0,0.58307916,0.0,False,1.0,non_human_findings,-1,0
301.tiff,find_and_suppress,107,4861.0,2013.0,0.58293116,0.0,False,1.0,non_human_findings,-1,0
301.tiff,find_and_suppress,108,5917.0,3483.0,0.58283794,0.0,False,1.0,non_human_findings,-1,0
301.tiff,find_and_suppress,109,1186.0,1866.0,0.5825869,0.0,False,1.0,non_human_findings,-1,0
301.tiff,find_and_suppress,110,5824.0,3489.0,0.5823604,0.0,False,1.0,non_human_findings,-1,0
301.tiff,find_and_suppress,111,100.0,948.0,0.5816527,0.0,False,1.0,non_human_findings,-1,0
301.tiff,find_and_suppress,112,4781.0,1467.0,0.58141047,0.0,False,1.0,non_human_findings,-1,0
301.tiff,find_and_suppress,113,1772.0,3381.0,0.58133644,0.0,False,1.0,non_human_findings,-1,0
301.tiff,find_and_suppress,114,2720.0,1986.0,0.58016396,0.0,False,1.0,non_human_findings,-1,0
301.tiff,find_and_suppress,115,4136.0,265.0,0.5798477,0.0,False,1.0,non_human_findings,-1,0
301.tiff,find_and_suppress,116,3634.0,3535.0,0.5794281,0.0,False,1.0,non_human_findings,-1,0
301.tiff,find_and_suppress,117,2909.0,4430.0,0.5792182,0.0,False,1.0,non_human_findings,-1,0
301.tiff,find_and_suppress,118,3650.0,3489.0,0.5786488,0.0,False,1.0,non_human_findings,-1,0
301.tiff,find_and_suppress,119,6228.0,743.0,0.57856774,0.0,False,1.0,non_human_findings,-1,0
301.tiff,find_and_suppress,120,4791.0,2999.0,0.57854754,0.0,False,1.0,non_human_findings,-1,0
301.tiff,find_and_suppress,121,4574.0,1908.0,0.57836205,0.0,False,1.0,non_human_findings,-1,0
301.tiff,find_and_suppress,122,6071.0,3118.0,0.5782305,0.0,False,1.0,non_human_findings,-1,0
301.tiff,find_and_suppress,123,816.0,3935.0,0.57802373,0.0,False,1.0,non_human_findings,-1,0
301.tiff,find_and_suppress,124,2902.0,2321.0,0.5779717,0.0,False,1.0,non_human_findings,-1,0
301.tiff,find_and_suppress,125,2226.0,2630.0,0.5777959,0.0,False,1.0,non_human_findings,-1,0
301.tiff,find_and_suppress,126,758.0,2001.0,0.5776584,0.0,False,1.0,non_human_findings,-1,0
301.tiff,find_and_suppress,127,4886.0,3564.0,0.5774268,0.0,False,1.0,non_human_findings,-1,0
301.tiff,find_and_suppress,128,363.0,2190.0,0.5773492,0.0,False,1.0,non_human_findings,-1,0
301.tiff,find_and_suppress,129,101.0,1809.0,0.57733387,0.0,False,1.0,non_human_findings,-1,0
301.tiff,find_and_suppress,130,2993.0,1665.0,0.57730055,0.0,False,1.0,non_human_findings,-1,0
301.tiff,find_and_suppress,131,6349.0,3790.0,0.5772898,0.0,False,1.0,non_human_findings,-1,0
301.tiff,find_and_suppress,132,1363.0,1870.0,0.577181,0.0,False,1.0,non_human_findings,-1,0
301.tiff,find_and_suppress,133,6382.0,3944.0,0.5771773,0.0,False,1.0,non_human_findings,-1,0
301.tiff,find_and_suppress,134,5882.0,2720.0,0.57705355,0.0,False,1.0,non_human_findings,-1,0
301.tiff,find_and_suppress,135,2608.0,4024.0,0.57677805,0.0,False,1.0,non_human_findings,-1,0
301.tiff,find_and_suppress,136,5281.0,2378.0,0.5761662,0.0,False,1.0,non_human_findings,-1,0
301.tiff,find_and_suppress,137,2010.0,2465.0,0.57576424,0.0,False,1.0,human_rejected_label,14848,2
301.tiff,find_and_suppress,138,6208.0,187.0,0.5756892,0.0,False,1.0,non_human_findings,-1,0
301.tiff,find_and_suppress,139,2706.0,629.0,0.57547826,0.0,False,1.0,non_human_findings,-1,0
301.tiff,find_and_suppress,140,4501.0,3827.0,0.5753613,0.0,False,1.0,non_human_findings,-1,0
301.tiff,find_and_suppress,141,1358.0,3792.0,0.5753082,0.0,False,1.0,non_human_findings,-1,0
301.tiff,find_and_suppress,142,741.0,4759.0,0.5746938,0.0,False,1.0,non_human_findings,-1,0
301.tiff,find_and_suppress,143,1494.0,143.0,0.5746737,0.0,False,1.0,human_correct_label,14733,1
301.tiff,find_and_suppress,144,3816.0,1092.0,0.5746618,0.0,False,1.0,non_human_findings,-1,0
301.tiff,find_and_suppress,145,3577.0,2918.0,0.57442844,0.0,False,1.0,non_human_findings,-1,0
301.tiff,find_and_suppress,146,898.0,794.0,0.57423645,0.0,False,1.0,non_human_findings,-1,0
301.tiff,find_and_suppress,147,4998.0,892.0,0.57417953,0.0,False,1.0,non_human_findings,-1,0
301.tiff,find_and_suppress,148,2331.0,213.0,0.57406753,0.0,False,1.0,non_human_findings,-1,0
301.tiff,find_and_suppress,149,2341.0,4226.0,0.57390296,0.0,False,1.0,non_human_findings,-1,0
301.tiff,find_and_suppress,150,258.0,3319.0,0.5736444,0.0,False,1.0,non_human_findings,-1,0
301.tiff,find_and_suppress,151,2733.0,2302.0,0.57362336,0.0,False,1.0,non_human_findings,-1,0
301.tiff,find_and_suppress,152,2611.0,3955.0,0.57345,0.0,False,1.0,non_human_findings,-1,0
301.tiff,find_and_suppress,153,3550.0,4220.0,0.57315004,0.0,False,1.0,non_human_findings,-1,0
301.tiff,find_and_suppress,154,5503.0,1510.0,0.5730055,0.0,False,1.0,non_human_findings,-1,0
301.tiff,find_and_suppress,155,4497.0,2638.0,0.57288456,0.0,False,1.0,non_human_findings,-1,0
301.tiff,find_and_suppress,156,369.0,271.0,0.5728689,0.0,False,1.0,human_correct_label,14726,1
301.tiff,find_and_suppress,157,5498.0,2147.0,0.5727174,0.0,False,1.0,non_human_findings,-1,0
301.tiff,find_and_suppress,158,5069.0,3239.0,0.5725726,0.0,False,1.0,non_human_findings,-1,0
301.tiff,find_and_suppress,159,3514.0,3408.0,0.5724073,0.0,False,1.0,non_human_findings,-1,0
301.tiff,find_and_suppress,160,4078.0,3136.0,0.57212585,0.0,False,1.0,non_human_findings,-1,0
301.tiff,find_and_suppress,161,6348.0,298.0,0.5714722,0.0,False,1.0,human_rejected_label,14780,2
301.tiff,find_and_suppress,162,5882.0,1703.0,0.5712571,0.0,False,1.0,non_human_findings,-1,0
301.tiff,find_and_suppress,163,2913.0,1206.0,0.571158,0.0,False,1.0,non_human_findings,-1,0
301.tiff,find_and_suppress,164,1667.0,2943.0,0.5711173,0.0,False,1.0,non_human_findings,-1,0
301.tiff,find_and_suppress,165,780.0,1586.0,0.57091224,0.0,False,1.0,human_correct_label,14786,1
301.tiff,find_and_suppress,166,4563.0,2197.0,0.57064205,0.0,False,1.0,non_human_findings,-1,0
301.tiff,find_and_suppress,167,4431.0,2105.0,0.57062525,0.0,False,1.0,non_human_findings,-1,0
301.tiff,find_and_suppress,168,4364.0,2902.0,0.57059777,0.0,False,1.0,non_human_findings,-1,0
301.tiff,find_and_suppress,169,911.0,1290.0,0.570242,0.0,False,1.0,non_human_findings,-1,0
301.tiff,find_and_suppress,170,1124.0,73.0,0.56993294,0.0,False,1.0,non_human_findings,-1,0
301.tiff,find_and_suppress,171,1876.0,4511.0,0.5693178,0.0,False,1.0,non_human_findings,-1,0
301.tiff,find_and_suppress,172,1004.0,2419.0,0.56886965,0.0,False,1.0,non_human_findings,-1,0
301.tiff,find_and_suppress,173,6349.0,3920.0,0.5686498,0.0,False,1.0,non_human_findings,-1,0
301.tiff,find_and_suppress,174,1134.0,2731.0,0.5685008,0.0,False,1.0,non_human_findings,-1,0
301.tiff,find_and_suppress,175,5053.0,2020.0,0.56843036,0.0,False,1.0,non_human_findings,-1,0
301.tiff,find_and_suppress,176,6173.0,4019.0,0.56835806,0.0,False,1.0,non_human_findings,-1,0
301.tiff,find_and_suppress,177,1882.0,467.0,0.56824666,0.0,False,1.0,non_human_findings,-1,0
301.tiff,find_and_suppress,178,4059.0,4005.0,0.5682189,0.0,False,1.0,non_human_findings,-1,0
301.tiff,find_and_suppress,179,3321.0,3484.0,0.56819165,0.0,False,1.0,non_human_findings,-1,0
301.tiff,find_and_suppress,180,3868.0,2596.0,0.568035,0.0,False,1.0,non_human_findings,-1,0
301.tiff,find_and_suppress,181,5612.0,235.0,0.5678813,0.0,False,1.0,non_human_findings,-1,0
301.tiff,find_and_suppress,182,6360.0,3031.0,0.5675456,0.0,False,1.0,non_human_findings,-1,0
301.tiff,find_and_suppress,183,6359.0,2147.0,0.5674857,0.0,False,1.0,non_human_findings,-1,0
301.tiff,find_and_suppress,184,942.0,483.0,0.5672591,0.0,False,1.0,non_human_findings,-1,0
301.tiff,find_and_suppress,185,894.0,1331.0,0.5665804,0.0,False,1.0,non_human_findings,-1,0
301.tiff,find_and_suppress,186,5038.0,985.0,0.56598294,0.0,False,1.0,non_human_findings,-1,0
301.tiff,find_and_suppress,187,2752.0,3581.0,0.56598246,0.0,False,1.0,non_human_findings,-1,0
301.tiff,find_and_suppress,188,2322.0,680.0,0.5651918,0.0,False,1.0,non_human_findings,-1,0
301.tiff,find_and_suppress,189,1878.0,3197.0,0.5651611,0.0,False,1.0,non_human_findings,-1,0
301.tiff,find_and_suppress,190,5457.0,2796.0,0.56504613,0.0,False,1.0,non_human_findings,-1,0
301.tiff,find_and_suppress,191,4870.0,3740.0,0.56490844,0.0,False,1.0,non_human_findings,-1,0
301.tiff,find_and_suppress,192,3389.0,3246.0,0.56487674,0.0,False,1.0,non_human_findings,-1,0
301.tiff,find_and_suppress,193,1977.0,1258.0,0.56454617,0.0,False,1.0,non_human_findings,-1,0
301.tiff,find_and_suppress,194,4341.0,2949.0,0.56421113,0.0,False,1.0,non_human_findings,-1,0
301.tiff,find_and_suppress,195,212.0,586.0,0.56400454,0.0,False,1.0,non_human_findings,-1,0
301.tiff,find_and_suppress,196,6188.0,3878.0,0.5637994,0.0,False,1.0,non_human_findings,-1,0
301.tiff,find_and_suppress,197,720.0,1801.0,0.5636776,0.0,False,1.0,non_human_findings,-1,0
301.tiff,find_and_suppress,198,5909.0,3115.0,0.5635936,0.0,False,1.0,non_human_findings,-1,0
301.tiff,find_and_suppress,199,5124.0,1034.0,0.56328076,0.0,False,1.0,non_human_findings,-1,0
301.tiff,find_and_suppress,200,3704.0,4733.0,0.563277,0.0,False,1.0,non_human_findings,-1,0
301.tiff,find_and_suppress,201,1113.0,1339.0,0.56314236,0.0,False,1.0,non_human_findings,-1,0
301.tiff,find_and_suppress,202,4509.0,4725.0,0.563009,0.0,False,1.0,non_human_findings,-1,0
301.tiff,find_and_suppress,203,1233.0,1288.0,0.5625628,0.0,False,1.0,non_human_findings,-1,0
301.tiff,find_and_suppress,204,1027.0,1612.0,0.56237984,0.0,False,1.0,non_human_findings,-1,0
301.tiff,find_and_suppress,205,6314.0,3909.0,0.5622146,0.0,False,1.0,non_human_findings,-1,0
301.tiff,find_and_suppress,206,6287.0,2500.0,0.5621628,0.0,False,1.0,non_human_findings,-1,0
301.tiff,find_and_suppress,207,5116.0,4233.0,0.56210476,0.0,False,1.0,non_human_findings,-1,0
301.tiff,find_and_suppress,208,6055.0,1995.0,0.562054,0.0,False,1.0,non_human_findings,-1,0
301.tiff,find_and_suppress,209,2810.0,2655.0,0.5618572,0.0,False,1.0,non_human_findings,-1,0
301.tiff,find_and_suppress,210,1264.0,1618.0,0.5615835,0.0,False,1.0,non_human_findings,-1,0
301.tiff,find_and_suppress,211,1146.0,2464.0,0.5615337,0.0,False,1.0,non_human_findings,-1,0
301.tiff,find_and_suppress,212,1594.0,541.0,0.56148064,0.0,False,1.0,non_human_findings,-1,0
301.tiff,find_and_suppress,213,662.0,3576.0,0.5612192,0.0,False,1.0,non_human_findings,-1,0
301.tiff,find_and_suppress,214,2310.0,3171.0,0.56104547,0.0,False,1.0,non_human_findings,-1,0
301.tiff,find_and_suppress,215,3438.0,2354.0,0.56081206,0.0,False,1.0,non_human_findings,-1,0
301.tiff,find_and_suppress,216,215.0,1938.0,0.5604626,0.0,False,1.0,non_human_findings,-1,0
301.tiff,find_and_suppress,217,3549.0,2656.0,0.5604179,0.0,False,1.0,non_human_findings,-1,0
301.tiff,find_and_suppress,218,5178.0,938.0,0.5596895,0.0,False,1.0,non_human_findings,-1,0
301.tiff,find_and_suppress,219,2231.0,1115.0,0.5596271,0.0,False,1.0,non_human_findings,-1,0
301.tiff,find_and_suppress,220,6094.0,4527.0,0.55962014,0.0,False,1.0,human_rejected_label,15024,2
301.tiff,find_and_suppress,221,1770.0,3587.0,0.5589504,0.0,False,1.0,non_human_findings,-1,0
301.tiff,find_and_suppress,222,6047.0,2484.0,0.55887836,0.0,False,1.0,non_human_findings,-1,0
301.tiff,find_and_suppress,223,416.0,4474.0,0.5587994,0.0,False,1.0,non_human_findings,-1,0
301.tiff,find_and_suppress,224,5494.0,90.0,0.5586145,0.0,False,1.0,non_human_findings,-1,0
301.tiff,find_and_suppress,225,2235.0,2551.0,0.5585506,0.0,False,1.0,non_human_findings,-1,0
301.tiff,find_and_suppress,226,3161.0,4713.0,0.55845904,0.0,False,1.0,non_human_findings,-1,0
301.tiff,find_and_suppress,227,6254.0,3493.0,0.55836785,0.0,False,1.0,non_human_findings,-1,0
301.tiff,find_and_suppress,228,5749.0,3597.0,0.5582373,0.0,False,1.0,non_human_findings,-1,0
301.tiff,find_and_suppress,229,1087.0,39.0,0.55805117,0.0,False,1.0,non_human_findings,-1,0
301.tiff,find_and_suppress,230,979.0,770.0,0.5579616,0.0,False,1.0,non_human_findings,-1,0
301.tiff,find_and_suppress,231,3261.0,3043.0,0.55794084,0.0,False,1.0,human_correct_label,15034,1
301.tiff,find_and_suppress,232,6221.0,2930.0,0.55790013,0.0,False,1.0,non_human_findings,-1,0
301.tiff,find_and_suppress,233,4945.0,3254.0,0.55779564,0.0,False,1.0,non_human_findings,-1,0
301.tiff,find_and_suppress,234,28.0,3339.0,0.5577866,0.0,False,1.0,non_human_findings,-1,0
301.tiff,find_and_suppress,235,1826.0,3710.0,0.55772525,0.0,False,1.0,non_human_findings,-1,0
301.tiff,find_and_suppress,236,802.0,2697.0,0.55769044,0.0,False,1.0,non_human_findings,-1,0
301.tiff,find_and_suppress,237,2691.0,3298.0,0.5574903,0.0,False,1.0,non_human_findings,-1,0
301.tiff,find_and_suppress,238,6301.0,336.0,0.5574164,0.0,False,1.0,non_human_findings,-1,0
301.tiff,find_and_suppress,239,1132.0,2342.0,0.5574132,0.0,False,1.0,non_human_findings,-1,0
301.tiff,find_and_suppress,240,846.0,4461.0,0.55733895,0.0,False,1.0,non_human_findings,-1,0
301.tiff,find_and_suppress,241,153.0,975.0,0.55715364,0.0,False,1.0,non_human_findings,-1,0
301.tiff,find_and_suppress,242,244.0,1152.0,0.5570952,0.0,False,1.0,non_human_findings,-1,0
301.tiff,find_and_suppress,243,2795.0,2302.0,0.55694413,0.0,False,1.0,non_human_findings,-1,0
301.tiff,find_and_suppress,244,1010.0,4243.0,0.55671036,0.0,False,1.0,non_human_findings,-1,0
301.tiff,find_and_suppress,245,2123.0,1844.0,0.5566655,0.0,False,1.0,non_human_findings,-1,0
301.tiff,find_and_suppress,246,137.0,1603.0,0.5565401,0.0,False,1.0,non_human_findings,-1,0
301.tiff,find_and_suppress,247,2700.0,388.0,0.5564735,0.0,False,1.0,non_human_findings,-1,0
301.tiff,find_and_suppress,248,3828.0,2527.0,0.5564501,0.0,False,1.0,non_human_findings,-1,0
301.tiff,find_and_suppress,249,6150.0,2958.0,0.5563022,0.0,False,1.0,non_human_findings,-1,0
301.tiff,find_and_suppress,250,432.0,91.0,0.5562735,0.0,False,1.0,non_human_findings,-1,0
301.tiff,find_and_suppress,251,626.0,3243.0,0.55627036,0.0,False,1.0,non_human_findings,-1,0
301.tiff,find_and_suppress,252,1754.0,904.0,0.55609834,0.0,False,1.0,non_human_findings,-1,0
301.tiff,find_and_suppress,253,4746.0,1882.0,0.55557567,0.0,False,1.0,non_human_findings,-1,0
301.tiff,find_and_suppress,254,3241.0,3637.0,0.55534923,0.0,False,1.0,non_human_findings,-1,0
301.tiff,find_and_suppress,255,3907.0,2865.0,0.555202,0.0,False,1.0,non_human_findings,-1,0
301.tiff,find_and_suppress,256,340.0,2722.0,0.5550354,0.0,False,1.0,non_human_findings,-1,0
301.tiff,find_and_suppress,257,1812.0,3748.0,0.5548423,0.0,False,1.0,non_human_findings,-1,0
301.tiff,find_and_suppress,258,805.0,2842.0,0.55470586,0.0,False,1.0,non_human_findings,-1,0
301.tiff,find_and_suppress,259,6170.0,4596.0,0.5545241,0.0,False,1.0,non_human_findings,-1,0
301.tiff,find_and_suppress,260,1687.0,1623.0,0.55440617,0.0,False,1.0,non_human_findings,-1,0
301.tiff,find_and_suppress,261,4897.0,3523.0,0.554277,0.0,False,1.0,non_human_findings,-1,0
301.tiff,find_and_suppress,262,1373.0,528.0,0.55414915,0.0,False,1.0,non_human_findings,-1,0
301.tiff,find_and_suppress,263,3148.0,2797.0,0.5538508,0.0,False,1.0,human_correct_label,14904,1
301.tiff,find_and_suppress,264,5481.0,859.0,0.5538338,0.0,False,1.0,non_human_findings,-1,0
301.tiff,find_and_suppress,265,2689.0,3075.0,0.55379707,0.0,False,1.0,non_human_findings,-1,0
301.tiff,find_and_suppress,266,3072.0,4386.0,0.5537859,0.0,False,1.0,non_human_findings,-1,0
301.tiff,find_and_suppress,267,3151.0,1832.0,0.55374503,0.0,False,1.0,non_human_findings,-1,0
301.tiff,find_and_suppress,268,4642.0,956.0,0.5537446,0.0,False,1.0,non_human_findings,-1,0
301.tiff,find_and_suppress,269,5564.0,1331.0,0.5536576,0.0,False,1.0,non_human_findings,-1,0
301.tiff,find_and_suppress,270,4054.0,2163.0,0.5534706,0.0,False,1.0,non_human_findings,-1,0
301.tiff,find_and_suppress,271,2566.0,4475.0,0.5533305,0.0,False,1.0,non_human_findings,-1,0
301.tiff,find_and_suppress,272,5659.0,311.0,0.5531694,0.0,False,1.0,human_correct_label,14771,1
301.tiff,find_and_suppress,273,661.0,882.0,0.5530154,0.0,False,1.0,non_human_findings,-1,0
301.tiff,find_and_suppress,274,2569.0,1972.0,0.5529256,0.0,False,1.0,non_human_findings,-1,0
301.tiff,find_and_suppress,275,2778.0,4657.0,0.5529032,0.0,False,1.0,non_human_findings,-1,0
301.tiff,find_and_suppress,276,1915.0,3516.0,0.5528285,0.0,False,1.0,non_human_findings,-1,0
301.tiff,find_and_suppress,277,4511.0,3305.0,0.5525856,0.0,False,1.0,non_human_findings,-1,0
301.tiff,find_and_suppress,278,2476.0,2673.0,0.5524292,0.0,False,1.0,non_human_findings,-1,0
301.tiff,find_and_suppress,279,2859.0,4170.0,0.5523603,0.0,False,1.0,non_human_findings,-1,0
301.tiff,find_and_suppress,280,1831.0,537.0,0.5523385,0.0,False,1.0,non_human_findings,-1,0
301.tiff,find_and_suppress,281,2478.0,2480.0,0.552178,0.0,False,1.0,non_human_findings,-1,0
301.tiff,find_and_suppress,282,2652.0,3703.0,0.55196416,0.0,False,1.0,non_human_findings,-1,0
301.tiff,find_and_suppress,283,5474.0,1825.0,0.5518588,0.0,False,1.0,non_human_findings,-1,0
301.tiff,find_and_suppress,284,165.0,1121.0,0.55143666,0.0,False,1.0,non_human_findings,-1,0
301.tiff,find_and_suppress,285,6381.0,3723.0,0.5513852,0.0,False,1.0,non_human_findings,-1,0
301.tiff,find_and_suppress,286,349.0,3372.0,0.5508956,0.0,False,1.0,non_human_findings,-1,0
301.tiff,find_and_suppress,287,2052.0,2581.0,0.5507815,0.0,False,1.0,non_human_findings,-1,0
301.tiff,find_and_suppress,288,2498.0,1370.0,0.55076176,0.0,False,1.0,non_human_findings,-1,0
301.tiff,find_and_suppress,289,941.0,4690.0,0.5505857,0.0,False,1.0,non_human_findings,-1,0
301.tiff,find_and_suppress,290,5624.0,2057.0,0.55041116,0.0,False,1.0,non_human_findings,-1,0
301.tiff,find_and_suppress,291,48.0,87.0,0.55000824,0.0,False,1.0,non_human_findings,-1,0
301.tiff,find_and_suppress,292,4876.0,4624.0,0.5499858,0.0,False,1.0,non_human_findings,-1,0
301.tiff,find_and_suppress,293,3380.0,795.0,0.5499301,0.0,False,1.0,non_human_findings,-1,0
301.tiff,find_and_suppress,294,1159.0,3322.0,0.54986835,0.0,False,1.0,non_human_findings,-1,0
301.tiff,find_and_suppress,295,4042.0,2230.0,0.5495556,0.0,False,1.0,non_human_findings,-1,0
301.tiff,find_and_suppress,296,3243.0,2007.0,0.54936486,0.0,False,1.0,non_human_findings,-1,0
301.tiff,find_and_suppress,297,1378.0,4563.0,0.5491679,0.0,False,1.0,non_human_findings,-1,0
301.tiff,find_and_suppress,298,6168.0,1302.0,0.5491215,0.0,False,1.0,human_correct_label,14825,1
301.tiff,find_and_suppress,299,2401.0,1539.0,0.54905045,0.0,False,1.0,non_human_findings,-1,0
301.tiff,find_and_suppress,300,2888.0,173.0,0.5488818,0.0,False,1.0,non_human_findings,-1,0
301.tiff,find_and_suppress,301,6205.0,4208.0,0.5488002,0.0,False,1.0,non_human_findings,-1,0
301.tiff,find_and_suppress,302,5829.0,4545.0,0.54879296,0.0,False,1.0,non_human_findings,-1,0
301.tiff,find_and_suppress,303,3010.0,2613.0,0.5487304,0.0,False,1.0,non_human_findings,-1,0
301.tiff,find_and_suppress,304,4255.0,1283.0,0.54854333,0.0,False,1.0,non_human_findings,-1,0
301.tiff,find_and_suppress,305,3882.0,2847.0,0.5485391,0.0,False,1.0,non_human_findings,-1,0
301.tiff,find_and_suppress,306,5936.0,3660.0,0.54853535,0.0,False,1.0,non_human_findings,-1,0
301.tiff,find_and_suppress,307,6133.0,400.0,0.5484434,0.0,False,1.0,non_human_findings,-1,0
301.tiff,find_and_suppress,308,1708.0,2466.0,0.5483895,0.0,False,1.0,non_human_findings,-1,0
301.tiff,find_and_suppress,309,3098.0,2938.0,0.54831696,0.0,False,1.0,non_human_findings,-1,0
301.tiff,find_and_suppress,310,1982.0,2764.0,0.5481141,0.0,False,1.0,non_human_findings,-1,0
301.tiff,find_and_suppress,311,6274.0,2586.0,0.5480819,0.0,False,1.0,non_human_findings,-1,0
301.tiff,find_and_suppress,312,2382.0,4329.0,0.5478902,0.0,False,1.0,non_human_findings,-1,0
301.tiff,find_and_suppress,313,2806.0,261.0,0.54723966,0.0,False,1.0,non_human_findings,-1,0
301.tiff,find_and_suppress,314,4186.0,4243.0,0.54713947,0.0,False,1.0,non_human_findings,-1,0
301.tiff,find_and_suppress,315,5653.0,3940.0,0.5467086,0.0,False,1.0,non_human_findings,-1,0
301.tiff,find_and_suppress,316,1109.0,1381.0,0.54639953,0.0,False,1.0,non_human_findings,-1,0
301.tiff,find_and_suppress,317,5230.0,2162.0,0.54619986,0.0,False,1.0,non_human_findings,-1,0
301.tiff,find_and_suppress,318,5567.0,3269.0,0.54615086,0.0,False,1.0,non_human_findings,-1,0
301.tiff,find_and_suppress,319,671.0,2630.0,0.54576814,0.0,False,1.0,non_human_findings,-1,0
301.tiff,find_and_suppress,320,3352.0,3400.0,0.5457509,0.0,False,1.0,non_human_findings,-1,0
301.tiff,find_and_suppress,321,4155.0,4119.0,0.54573077,0.0,False,1.0,non_human_findings,-1,0
301.tiff,find_and_suppress,322,5493.0,3784.0,0.54556686,0.0,False,1.0,human_correct_label,14962,1
301.tiff,find_and_suppress,323,4080.0,625.0,0.5454667,0.0,False,1.0,non_human_findings,-1,0
301.tiff,find_and_suppress,324,5508.0,3379.0,0.54535633,0.0,False,1.0,non_human_findings,-1,0
301.tiff,find_and_suppress,325,2994.0,1860.0,0.5453242,0.0,False,1.0,non_human_findings,-1,0
301.tiff,find_and_suppress,326,4263.0,553.0,0.5451654,0.0,False,1.0,non_human_findings,-1,0
301.tiff,find_and_suppress,327,2185.0,1289.0,0.5449348,0.0,False,1.0,non_human_findings,-1,0
301.tiff,find_and_suppress,328,3422.0,4181.0,0.5449336,0.0,False,1.0,non_human_findings,-1,0
301.tiff,find_and_suppress,329,5060.0,87.0,0.5447401,0.0,False,1.0,non_human_findings,-1,0
301.tiff,find_and_suppress,330,3163.0,540.0,0.5447012,0.0,False,1.0,non_human_findings,-1,0
301.tiff,find_and_suppress,331,5708.0,3044.0,0.5444797,0.0,False,1.0,non_human_findings,-1,0
301.tiff,find_and_suppress,332,6180.0,3782.0,0.544477,0.0,False,1.0,non_human_findings,-1,0
301.tiff,find_and_suppress,333,5250.0,481.0,0.54401773,0.0,False,1.0,non_human_findings,-1,0
301.tiff,find_and_suppress,334,3262.0,3389.0,0.54397166,0.0,False,1.0,non_human_findings,-1,0
301.tiff,find_and_suppress,335,4646.0,3539.0,0.543711,0.0,False,1.0,non_human_findings,-1,0
301.tiff,find_and_suppress,336,5908.0,1360.0,0.5436675,0.0,False,1.0,non_human_findings,-1,0
301.tiff,find_and_suppress,337,5820.0,2515.0,0.5436646,0.0,False,1.0,non_human_findings,-1,0
301.tiff,find_and_suppress,338,654.0,361.0,0.54355526,0.0,False,1.0,non_human_findings,-1,0
301.tiff,find_and_suppress,339,6364.0,2380.0,0.5435011,0.0,False,1.0,non_human_findings,-1,0
301.tiff,find_and_suppress,340,3190.0,1911.0,0.54343253,0.0,False,1.0,non_human_findings,-1,0
301.tiff,find_and_suppress,341,4137.0,2244.0,0.5433578,0.0,False,1.0,non_human_findings,-1,0
301.tiff,find_and_suppress,342,1437.0,3769.0,0.54324955,0.0,False,1.0,non_human_findings,-1,0
301.tiff,find_and_suppress,343,2821.0,3116.0,0.54323035,0.0,False,1.0,non_human_findings,-1,0
301.tiff,find_and_suppress,344,2998.0,1805.0,0.54321057,0.0,False,1.0,non_human_findings,-1,0
301.tiff,find_and_suppress,345,2345.0,2311.0,0.5430511,0.0,False,1.0,non_human_findings,-1,0
301.tiff,find_and_suppress,346,4666.0,4071.0,0.54263467,0.0,False,1.0,non_human_findings,-1,0
301.tiff,find_and_suppress,347,3920.0,2498.0,0.54220384,0.0,False,1.0,non_human_findings,-1,0
301.tiff,find_and_suppress,348,3782.0,2961.0,0.54202104,0.0,False,1.0,non_human_findings,-1,0
301.tiff,find_and_suppress,349,2766.0,4204.0,0.5419338,0.0,False,1.0,non_human_findings,-1,0
301.tiff,find_and_suppress,350,6054.0,2110.0,0.5414997,0.0,False,1.0,non_human_findings,-1,0
301.tiff,find_and_suppress,351,5959.0,2129.0,0.54145074,0.0,False,1.0,non_human_findings,-1,0
301.tiff,find_and_suppress,352,3549.0,2416.0,0.54129016,0.0,False,1.0,non_human_findings,-1,0
301.tiff,find_and_suppress,353,4521.0,634.0,0.54126245,0.0,False,1.0,non_human_findings,-1,0
301.tiff,find_and_suppress,354,2934.0,2734.0,0.54106843,0.0,False,1.0,human_correct_label,14897,1
301.tiff,find_and_suppress,355,1535.0,1817.0,0.54105437,0.0,False,1.0,non_human_findings,-1,0
301.tiff,find_and_suppress,356,6404.0,3515.0,0.54103416,0.0,False,1.0,non_human_findings,-1,0
301.tiff,find_and_suppress,357,5022.0,436.0,0.5406552,0.0,False,1.0,non_human_findings,-1,0
301.tiff,find_and_suppress,358,1995.0,2057.0,0.5405733,0.0,False,1.0,non_human_findings,-1,0
301.tiff,find_and_suppress,359,2466.0,498.0,0.54038733,0.0,False,1.0,non_human_findings,-1,0
301.tiff,find_and_suppress,360,4957.0,2126.0,0.540381,0.0,False,1.0,non_human_findings,-1,0
301.tiff,find_and_suppress,361,5350.0,435.0,0.539838,0.0,False,1.0,non_human_findings,-1,0
301.tiff,find_and_suppress,362,2601.0,3041.0,0.5397547,0.0,False,1.0,non_human_findings,-1,0
301.tiff,find_and_suppress,363,2944.0,4237.0,0.53948325,0.0,False,1.0,non_human_findings,-1,0
301.tiff,find_and_suppress,364,4986.0,1970.0,0.5393395,0.0,False,1.0,non_human_findings,-1,0
301.tiff,find_and_suppress,365,826.0,2619.0,0.5392827,0.0,False,1.0,non_human_findings,-1,0
301.tiff,find_and_suppress,366,4945.0,3568.0,0.5391629,0.0,False,1.0,non_human_findings,-1,0
301.tiff,find_and_suppress,367,1218.0,825.0,0.53913724,0.0,False,1.0,non_human_findings,-1,0
301.tiff,find_and_suppress,368,1400.0,99.0,0.5389932,0.0,False,1.0,non_human_findings,-1,0
301.tiff,find_and_suppress,369,3587.0,3954.0,0.5389619,0.0,False,1.0,non_human_findings,-1,0
301.tiff,find_and_suppress,370,1398.0,3672.0,0.5389606,0.0,False,1.0,non_human_findings,-1,0
301.tiff,find_and_suppress,371,2922.0,2191.0,0.5389166,0.0,False,1.0,non_human_findings,-1,0
301.tiff,find_and_suppress,372,3151.0,1259.0,0.5387667,0.0,False,1.0,non_human_findings,-1,0
301.tiff,find_and_suppress,373,430.0,473.0,0.53872,0.0,False,1.0,non_human_findings,-1,0
301.tiff,find_and_suppress,374,6273.0,1628.0,0.53862876,0.0,False,1.0,non_human_findings,-1,0
301.tiff,find_and_suppress,375,5610.0,3132.0,0.5386064,0.0,False,1.0,non_human_findings,-1,0
301.tiff,find_and_suppress,376,5421.0,558.0,0.53840035,0.0,False,1.0,non_human_findings,-1,0
301.tiff,find_and_suppress,377,658.0,1653.0,0.5382757,0.0,False,1.0,non_human_findings,-1,0
301.tiff,find_and_suppress,378,4707.0,4789.0,0.538264,0.0,False,1.0,non_human_findings,-1,0
301.tiff,find_and_suppress,379,3593.0,3184.0,0.5381617,0.0,False,1.0,non_human_findings,-1,0
301.tiff,find_and_suppress,380,3838.0,1714.0,0.5381113,0.0,False,1.0,non_human_findings,-1,0
301.tiff,find_and_suppress,381,1348.0,860.0,0.5378841,0.0,False,1.0,non_human_findings,-1,0
301.tiff,find_and_suppress,382,6404.0,3886.0,0.5378518,0.0,False,1.0,non_human_findings,-1,0
301.tiff,find_and_suppress,383,2767.0,2895.0,0.53780574,0.0,False,1.0,non_human_findings,-1,0
301.tiff,find_and_suppress,384,3255.0,2904.0,0.53777784,0.0,False,1.0,human_correct_label,14903,1
301.tiff,find_and_suppress,385,3865.0,2951.0,0.53771013,0.0,False,1.0,non_human_findings,-1,0
301.tiff,find_and_suppress,386,6129.0,2522.0,0.5376631,0.0,False,1.0,non_human_findings,-1,0
301.tiff,find_and_suppress,387,2317.0,4201.0,0.5376114,0.0,False,1.0,non_human_findings,-1,0
301.tiff,find_and_suppress,388,3956.0,919.0,0.5376047,0.0,False,1.0,non_human_findings,-1,0
301.tiff,find_and_suppress,389,6298.0,908.0,0.5374776,0.0,False,1.0,non_human_findings,-1,0
301.tiff,find_and_suppress,390,164.0,1050.0,0.5374065,0.0,False,1.0,non_human_findings,-1,0
301.tiff,find_and_suppress,391,547.0,1336.0,0.53729093,0.0,False,1.0,non_human_findings,-1,0
301.tiff,find_and_suppress,392,655.0,584.0,0.5372741,0.0,False,1.0,non_human_findings,-1,0
301.tiff,find_and_suppress,393,2574.0,1393.0,0.5372265,0.0,False,1.0,non_human_findings,-1,0
301.tiff,find_and_suppress,394,3624.0,160.0,0.5368162,0.0,False,1.0,non_human_findings,-1,0
301.tiff,find_and_suppress,395,3571.0,4106.0,0.5367996,0.0,False,1.0,non_human_findings,-1,0
301.tiff,find_and_suppress,396,4456.0,3696.0,0.53676295,0.0,False,1.0,non_human_findings,-1,0
301.tiff,find_and_suppress,397,94.0,4149.0,0.5367512,0.0,False,1.0,non_human_findings,-1,0
301.tiff,find_and_suppress,398,2677.0,1293.0,0.5366667,0.0,False,1.0,non_human_findings,-1,0
301.tiff,find_and_suppress,399,2071.0,4306.0,0.53661394,0.0,False,1.0,non_human_findings,-1,0
301.tiff,find_and_suppress,400,6355.0,4145.0,0.53657144,0.0,False,1.0,non_human_findings,-1,0
301.tiff,find_and_suppress,401,6366.0,2725.0,0.5364913,0.0,False,1.0,non_human_findings,-1,0
301.tiff,find_and_suppress,402,3636.0,541.0,0.53644174,0.0,False,1.0,non_human_findings,-1,0
301.tiff,find_and_suppress,403,232.0,4292.0,0.5364352,0.0,False,1.0,non_human_findings,-1,0
301.tiff,find_and_suppress,404,2269.0,4765.0,0.53643143,0.0,False,1.0,non_human_findings,-1,0
301.tiff,find_and_suppress,405,6091.0,4105.0,0.5364206,0.0,False,1.0,non_human_findings,-1,0
301.tiff,find_and_suppress,406,1319.0,1784.0,0.5364052,0.0,False,1.0,non_human_findings,-1,0
301.tiff,find_and_suppress,407,2969.0,1107.0,0.536336,0.0,False,1.0,non_human_findings,-1,0
301.tiff,find_and_suppress,408,4482.0,4788.0,0.5362855,0.0,False,1.0,non_human_findings,-1,0
301.tiff,find_and_suppress,409,3717.0,2637.0,0.53628486,0.0,False,1.0,non_human_findings,-1,0
301.tiff,find_and_suppress,410,2246.0,3607.0,0.53613925,0.0,False,1.0,non_human_findings,-1,0
301.tiff,find_and_suppress,411,139.0,4642.0,0.53603387,0.0,False,1.0,non_human_findings,-1,0
301.tiff,find_and_suppress,412,589.0,2624.0,0.53601336,0.0,False,1.0,non_human_findings,-1,0
301.tiff,find_and_suppress,413,5101.0,3707.0,0.53587633,0.0,False,1.0,non_human_findings,-1,0
301.tiff,find_and_suppress,414,3506.0,1233.0,0.5358505,0.0,False,1.0,non_human_findings,-1,0
301.tiff,find_and_suppress,415,697.0,1728.0,0.5357922,0.0,False,1.0,non_human_findings,-1,0
301.tiff,find_and_suppress,416,1950.0,3790.0,0.535774,0.0,False,1.0,non_human_findings,-1,0
301.tiff,find_and_suppress,417,6008.0,2386.0,0.5356407,0.0,False,1.0,non_human_findings,-1,0
301.tiff,find_and_suppress,418,140.0,1569.0,0.5356288,0.0,False,1.0,non_human_findings,-1,0
301.tiff,find_and_suppress,419,623.0,1135.0,0.53556573,0.0,False,1.0,non_human_findings,-1,0
301.tiff,find_and_suppress,420,1239.0,734.0,0.53553015,0.0,False,1.0,non_human_findings,-1,0
301.tiff,find_and_suppress,421,5622.0,669.0,0.5354943,0.0,False,1.0,non_human_findings,-1,0
301.tiff,find_and_suppress,422,5501.0,1180.0,0.53532666,0.0,False,1.0,non_human_findings,-1,0
301.tiff,find_and_suppress,423,1668.0,3279.0,0.5352131,0.0,False,1.0,non_human_findings,-1,0
301.tiff,find_and_suppress,424,5826.0,801.0,0.53507185,0.0,False,1.0,non_human_findings,-1,0
301.tiff,find_and_suppress,425,5017.0,181.0,0.53504497,0.0,False,1.0,non_human_findings,-1,0
301.tiff,find_and_suppress,426,6213.0,1078.0,0.5349922,0.0,False,1.0,non_human_findings,-1,0
301.tiff,find_and_suppress,427,3079.0,3125.0,0.5349117,0.0,False,1.0,non_human_findings,-1,0
301.tiff,find_and_suppress,428,331.0,2373.0,0.5348745,0.0,False,1.0,non_human_findings,-1,0
301.tiff,find_and_suppress,429,4666.0,1691.0,0.5348605,0.0,False,1.0,non_human_findings,-1,0
301.tiff,find_and_suppress,430,525.0,1044.0,0.53475493,0.0,False,1.0,non_human_findings,-1,0
301.tiff,find_and_suppress,431,2980.0,1709.0,0.5347479,0.0,False,1.0,non_human_findings,-1,0
301.tiff,find_and_suppress,432,392.0,1205.0,0.534555,0.0,False,1.0,non_human_findings,-1,0
301.tiff,find_and_suppress,433,1281.0,4323.0,0.5345257,0.0,False,1.0,non_human_findings,-1,0
301.tiff,find_and_suppress,434,836.0,136.0,0.5343517,0.0,False,1.0,non_human_findings,-1,0
301.tiff,find_and_suppress,435,2259.0,3215.0,0.5342748,0.0,False,1.0,non_human_findings,-1,0
301.tiff,find_and_suppress,436,4345.0,3905.0,0.5342016,0.0,False,1.0,non_human_findings,-1,0
301.tiff,find_and_suppress,437,4204.0,1674.0,0.5340855,0.0,False,1.0,non_human_findings,-1,0
301.tiff,find_and_suppress,438,5354.0,1045.0,0.5340472,0.0,False,1.0,non_human_findings,-1,0
301.tiff,find_and_suppress,439,1885.0,3788.0,0.53404075,0.0,False,1.0,non_human_findings,-1,0
301.tiff,find_and_suppress,440,4837.0,3149.0,0.5339957,0.0,False,1.0,human_correct_label,14910,1
301.tiff,find_and_suppress,441,5612.0,870.0,0.5339754,0.0,False,1.0,non_human_findings,-1,0
301.tiff,find_and_suppress,442,2753.0,1394.0,0.5337755,0.0,False,1.0,non_human_findings,-1,0
301.tiff,find_and_suppress,443,4239.0,2801.0,0.5337648,0.0,False,1.0,non_human_findings,-1,0
301.tiff,find_and_suppress,444,372.0,1063.0,0.5335822,0.0,False,1.0,non_human_findings,-1,0
301.tiff,find_and_suppress,445,3062.0,3304.0,0.53337634,0.0,False,1.0,human_correct_label,14947,1
301.tiff,find_and_suppress,446,6327.0,4130.0,0.5332854,0.0,False,1.0,non_human_findings,-1,0
301.tiff,find_and_suppress,447,2576.0,4727.0,0.5332434,0.0,False,1.0,non_human_findings,-1,0
301.tiff,find_and_suppress,448,6010.0,2727.0,0.53315043,0.0,False,1.0,non_human_findings,-1,0
301.tiff,find_and_suppress,449,5895.0,4037.0,0.5331398,0.0,False,1.0,non_human_findings,-1,0
301.tiff,find_and_suppress,450,2136.0,3512.0,0.53303534,0.0,False,1.0,non_human_findings,-1,0
301.tiff,find_and_suppress,451,4827.0,1181.0,0.53299516,0.0,False,1.0,non_human_findings,-1,0
301.tiff,find_and_suppress,452,2600.0,1741.0,0.53298956,0.0,False,1.0,non_human_findings,-1,0
301.tiff,find_and_suppress,453,3785.0,4801.0,0.5329148,0.0,False,1.0,non_human_findings,-1,0
301.tiff,find_and_suppress,454,2615.0,3605.0,0.5328742,0.0,False,1.0,non_human_findings,-1,0
301.tiff,find_and_suppress,455,4587.0,1546.0,0.5328716,0.0,False,1.0,non_human_findings,-1,0
301.tiff,find_and_suppress,456,2500.0,1056.0,0.53274626,0.0,False,1.0,non_human_findings,-1,0
301.tiff,find_and_suppress,457,5596.0,811.0,0.53267413,0.0,False,1.0,non_human_findings,-1,0
301.tiff,find_and_suppress,458,4393.0,3857.0,0.53264207,0.0,False,1.0,non_human_findings,-1,0
301.tiff,find_and_suppress,459,2946.0,4020.0,0.5326381,0.0,False,1.0,non_human_findings,-1,0
301.tiff,find_and_suppress,460,5377.0,2414.0,0.53263205,0.0,False,1.0,non_human_findings,-1,0
301.tiff,find_and_suppress,461,3138.0,863.0,0.5325606,0.0,False,1.0,non_human_findings,-1,0
301.tiff,find_and_suppress,462,2320.0,2752.0,0.53251135,0.0,False,1.0,non_human_findings,-1,0
301.tiff,find_and_suppress,463,4530.0,2932.0,0.5324587,0.0,False,1.0,non_human_findings,-1,0
301.tiff,find_and_suppress,464,2172.0,2886.0,0.53241396,0.0,False,1.0,non_human_findings,-1,0
301.tiff,find_and_suppress,465,3896.0,3424.0,0.5322422,0.0,False,1.0,non_human_findings,-1,0
301.tiff,find_and_suppress,466,2692.0,2090.0,0.53196305,0.0,False,1.0,non_human_findings,-1,0
301.tiff,find_and_suppress,467,570.0,1505.0,0.53181446,0.0,False,1.0,non_human_findings,-1,0
301.tiff,find_and_suppress,468,2505.0,3130.0,0.5315656,0.0,False,1.0,non_human_findings,-1,0
301.tiff,find_and_suppress,469,1462.0,956.0,0.5315412,0.0,False,1.0,non_human_findings,-1,0
301.tiff,find_and_suppress,470,1754.0,2286.0,0.53153753,0.0,False,1.0,non_human_findings,-1,0
301.tiff,find_and_suppress,471,3616.0,1929.0,0.5314979,0.0,False,1.0,non_human_findings,-1,0
301.tiff,find_and_suppress,472,25.0,694.0,0.53119254,0.0,False,1.0,non_human_findings,-1,0
301.tiff,find_and_suppress,473,4889.0,3078.0,0.5311322,0.0,False,1.0,non_human_findings,-1,0
301.tiff,find_and_suppress,474,931.0,1356.0,0.53092676,0.0,False,1.0,non_human_findings,-1,0
301.tiff,find_and_suppress,475,685.0,1297.0,0.5309008,0.0,False,1.0,non_human_findings,-1,0
301.tiff,find_and_suppress,476,4624.0,80.0,0.53089017,0.0,False,1.0,non_human_findings,-1,0
301.tiff,find_and_suppress,477,3102.0,2383.0,0.5307751,0.0,False,1.0,non_human_findings,-1,0
301.tiff,find_and_suppress,478,6028.0,1896.0,0.5306019,0.0,False,1.0,non_human_findings,-1,0
301.tiff,find_and_suppress,479,2570.0,2370.0,0.5305891,0.0,False,1.0,non_human_findings,-1,0
301.tiff,find_and_suppress,480,5263.0,247.0,0.5305559,0.0,False,1.0,non_human_findings,-1,0
301.tiff,find_and_suppress,481,5001.0,1496.0,0.53041077,0.0,False,1.0,non_human_findings,-1,0
301.tiff,find_and_suppress,482,6358.0,257.0,0.5301807,0.0,False,1.0,non_human_findings,-1,0
301.tiff,find_and_suppress,483,6086.0,3325.0,0.5300807,0.0,False,1.0,non_human_findings,-1,0
301.tiff,find_and_suppress,484,2575.0,444.0,0.5300546,0.0,False,1.0,non_human_findings,-1,0
301.tiff,find_and_suppress,485,920.0,726.0,0.530039,0.0,False,1.0,non_human_findings,-1,0
301.tiff,find_and_suppress,486,5590.0,2496.0,0.5299701,0.0,False,1.0,non_human_findings,-1,0
301.tiff,find_and_suppress,487,113.0,4359.0,0.5299021,0.0,False,1.0,non_human_findings,-1,0
301.tiff,find_and_suppress,488,6381.0,1047.0,0.52985466,0.0,False,1.0,non_human_findings,-1,0
301.tiff,find_and_suppress,489,4745.0,2099.0,0.5298395,0.0,False,1.0,non_human_findings,-1,0
301.tiff,find_and_suppress,490,3750.0,782.0,0.5298108,0.0,False,1.0,non_human_findings,-1,0
301.tiff,find_and_suppress,491,4516.0,3539.0,0.5297043,0.0,False,1.0,non_human_findings,-1,0
301.tiff,find_and_suppress,492,1621.0,4207.0,0.5296815,0.0,False,1.0,non_human_findings,-1,0
301.tiff,find_and_suppress,493,1172.0,1733.0,0.5294052,0.0,False,1.0,non_human_findings,-1,0
301.tiff,find_and_suppress,494,6048.0,326.0,0.5293714,0.0,False,1.0,non_human_findings,-1,0
301.tiff,find_and_suppress,495,4171.0,2256.0,0.52901244,0.0,False,1.0,non_human_findings,-1,0
301.tiff,find_and_suppress,496,144.0,4682.0,0.5289573,0.0,False,1.0,non_human_findings,-1,0
301.tiff,find_and_suppress,497,4801.0,4430.0,0.52868944,0.0,False,1.0,human_rejected_label,15009,2
301.tiff,find_and_suppress,498,3129.0,3083.0,0.5286088,0.0,False,1.0,non_human_findings,-1,0
301.tiff,find_and_suppress,499,3203.0,783.0,0.52839977,0.0,False,1.0,non_human_findings,-1,0
301.tiff,find_and_suppress,500,387.0,1511.0,0.5281423,0.0,False,1.0,non_human_findings,-1,0
301.tiff,find_and_suppress,501,4593.0,1140.0,0.5280344,0.0,False,1.0,non_human_findings,-1,0
301.tiff,find_and_suppress,502,6332.0,1570.0,0.5280154,0.0,False,1.0,non_human_findings,-1,0
301.tiff,find_and_suppress,503,1594.0,60.0,0.5279558,0.0,False,1.0,non_human_findings,-1,0
301.tiff,find_and_suppress,504,1369.0,3711.0,0.5279133,0.0,False,1.0,non_human_findings,-1,0
301.tiff,find_and_suppress,505,2310.0,2469.0,0.52783424,0.0,False,1.0,non_human_findings,-1,0
301.tiff,find_and_suppress,506,1989.0,3986.0,0.52781415,0.0,False,1.0,non_human_findings,-1,0
301.tiff,find_and_suppress,507,6110.0,3519.0,0.52781105,0.0,False,1.0,non_human_findings,-1,0
301.tiff,find_and_suppress,508,5746.0,1373.0,0.52776283,0.0,False,1.0,non_human_findings,-1,0
301.tiff,find_and_suppress,509,6009.0,4298.0,0.527701,0.0,False,1.0,non_human_findings,-1,0
301.tiff,find_and_suppress,510,2222.0,1812.0,0.52763736,0.0,False,1.0,non_human_findings,-1,0
301.tiff,find_and_suppress,511,1664.0,2639.0,0.5275503,0.0,False,1.0,non_human_findings,-1,0
301.tiff,find_and_suppress,512,2508.0,4266.0,0.5275399,0.0,False,1.0,non_human_findings,-1,0
301.tiff,find_and_suppress,513,334.0,3105.0,0.5275079,0.0,False,1.0,non_human_findings,-1,0
301.tiff,find_and_suppress,514,4304.0,4190.0,0.527131,0.0,False,1.0,non_human_findings,-1,0
301.tiff,find_and_suppress,515,435.0,349.0,0.5271234,0.0,False,1.0,non_human_findings,-1,0
301.tiff,find_and_suppress,516,6101.0,3767.0,0.52702665,0.0,False,1.0,non_human_findings,-1,0
301.tiff,find_and_suppress,517,1720.0,3684.0,0.5269778,0.0,False,1.0,non_human_findings,-1,0
301.tiff,find_and_suppress,518,2288.0,424.0,0.5269324,0.0,False,1.0,non_human_findings,-1,0
301.tiff,find_and_suppress,519,4949.0,1230.0,0.5267974,0.0,False,1.0,non_human_findings,-1,0
301.tiff,find_and_suppress,520,4380.0,320.0,0.5267598,0.0,False,1.0,non_human_findings,-1,0
301.tiff,find_and_suppress,521,2826.0,2599.0,0.5266616,0.0,False,1.0,non_human_findings,-1,0
301.tiff,find_and_suppress,522,3620.0,245.0,0.52663195,0.0,False,1.0,human_correct_label,14757,1
301.tiff,find_and_suppress,523,3675.0,423.0,0.52660376,0.0,False,1.0,non_human_findings,-1,0
301.tiff,find_and_suppress,524,4458.0,4544.0,0.5265824,0.0,False,1.0,non_human_findings,-1,0
301.tiff,find_and_suppress,525,930.0,2023.0,0.52647525,0.0,False,1.0,non_human_findings,-1,0
301.tiff,find_and_suppress,526,5093.0,2845.0,0.5264091,0.0,False,1.0,non_human_findings,-1,0
301.tiff,find_and_suppress,527,4561.0,1771.0,0.52637595,0.0,False,1.0,non_human_findings,-1,0
301.tiff,find_and_suppress,528,237.0,604.0,0.5263481,0.0,False,1.0,non_human_findings,-1,0
301.tiff,find_and_suppress,529,3317.0,1263.0,0.5263481,0.0,False,1.0,non_human_findings,-1,0
301.tiff,find_and_suppress,530,295.0,894.0,0.52626425,0.0,False,1.0,non_human_findings,-1,0
301.tiff,find_and_suppress,531,1770.0,1538.0,0.5262615,0.0,False,1.0,non_human_findings,-1,0
301.tiff,find_and_suppress,532,4539.0,954.0,0.5262599,0.0,False,1.0,non_human_findings,-1,0
301.tiff,find_and_suppress,533,4044.0,3333.0,0.5262575,0.0,False,1.0,non_human_findings,-1,0
301.tiff,find_and_suppress,534,2468.0,1035.0,0.5259257,0.0,False,1.0,non_human_findings,-1,0
301.tiff,find_and_suppress,535,4996.0,1134.0,0.5258608,0.0,False,1.0,non_human_findings,-1,0
301.tiff,find_and_suppress,536,778.0,126.0,0.5258509,0.0,False,1.0,non_human_findings,-1,0
301.tiff,find_and_suppress,537,4174.0,4317.0,0.525848,0.0,False,1.0,non_human_findings,-1,0
301.tiff,find_and_suppress,538,2737.0,4424.0,0.5257139,0.0,False,1.0,non_human_findings,-1,0
301.tiff,find_and_suppress,539,5633.0,3847.0,0.5257092,0.0,False,1.0,non_human_findings,-1,0
301.tiff,find_and_suppress,540,1306.0,142.0,0.52556854,0.0,False,1.0,non_human_findings,-1,0
301.tiff,find_and_suppress,541,1646.0,95.0,0.5255225,0.0,False,1.0,non_human_findings,-1,0
301.tiff,find_and_suppress,542,1331.0,438.0,0.5253174,0.0,False,1.0,non_human_findings,-1,0
301.tiff,find_and_suppress,543,4662.0,4739.0,0.5251789,0.0,False,1.0,non_human_findings,-1,0
301.tiff,find_and_suppress,544,5376.0,1632.0,0.52515024,0.0,False,1.0,non_human_findings,-1,0
301.tiff,find_and_suppress,545,6338.0,1430.0,0.5251377,0.0,False,1.0,non_human_findings,-1,0
301.tiff,find_and_suppress,546,490.0,4156.0,0.5250792,0.0,False,1.0,non_human_findings,-1,0
301.tiff,find_and_suppress,547,5619.0,4153.0,0.5249764,0.0,False,1.0,non_human_findings,-1,0
301.tiff,find_and_suppress,548,1769.0,497.0,0.52485764,0.0,False,1.0,non_human_findings,-1,0
301.tiff,find_and_suppress,549,1022.0,815.0,0.5247541,0.0,False,1.0,non_human_findings,-1,0
301.tiff,find_and_suppress,550,5722.0,3684.0,0.5247285,0.0,False,1.0,non_human_findings,-1,0
301.tiff,find_and_suppress,551,2165.0,2254.0,0.52472824,0.0,False,1.0,non_human_findings,-1,0
301.tiff,find_and_suppress,552,550.0,2874.0,0.5246604,0.0,False,1.0,non_human_findings,-1,0
301.tiff,find_and_suppress,553,4546.0,2411.0,0.52446884,0.0,False,1.0,non_human_findings,-1,0
301.tiff,find_and_suppress,554,2923.0,2470.0,0.5243501,0.0,False,1.0,non_human_findings,-1,0
301.tiff,find_and_suppress,555,856.0,1948.0,0.52434224,0.0,False,1.0,non_human_findings,-1,0
301.tiff,find_and_suppress,556,1880.0,2075.0,0.52433676,0.0,False,1.0,non_human_findings,-1,0
301.tiff,find_and_suppress,557,4341.0,1871.0,0.5242582,0.0,False,1.0,non_human_findings,-1,0
301.tiff,find_and_suppress,558,6194.0,1134.0,0.5242341,0.0,False,1.0,non_human_findings,-1,0
301.tiff,find_and_suppress,559,2699.0,1579.0,0.5240933,0.0,False,1.0,non_human_findings,-1,0
301.tiff,find_and_suppress,560,5536.0,1168.0,0.52400213,0.0,False,1.0,non_human_findings,-1,0
301.tiff,find_and_suppress,561,3962.0,532.0,0.5238182,0.0,False,1.0,non_human_findings,-1,0
301.tiff,find_and_suppress,562,5662.0,3345.0,0.52369404,0.0,False,1.0,non_human_findings,-1,0
301.tiff,find_and_suppress,563,2776.0,3323.0,0.52361983,0.0,False,1.0,non_human_findings,-1,0
301.tiff,find_and_suppress,564,2220.0,4102.0,0.5235907,0.0,False,1.0,non_human_findings,-1,0
301.tiff,find_and_suppress,565,1174.0,2917.0,0.5235239,0.0,False,1.0,non_human_findings,-1,0
301.tiff,find_and_suppress,566,1570.0,2971.0,0.5234765,0.0,False,1.0,non_human_findings,-1,0
301.tiff,find_and_suppress,567,4815.0,4573.0,0.52337664,0.0,False,1.0,non_human_findings,-1,0
301.tiff,find_and_suppress,568,418.0,1475.0,0.5232017,0.0,False,1.0,non_human_findings,-1,0
301.tiff,find_and_suppress,569,3971.0,3068.0,0.5231671,0.0,False,1.0,non_human_findings,-1,0
301.tiff,find_and_suppress,570,3841.0,1996.0,0.52312464,0.0,False,1.0,non_human_findings,-1,0
301.tiff,find_and_suppress,571,4629.0,4737.0,0.5231019,0.0,False,1.0,non_human_findings,-1,0
301.tiff,find_and_suppress,572,4239.0,2534.0,0.52308685,0.0,False,1.0,non_human_findings,-1,0
301.tiff,find_and_suppress,573,750.0,683.0,0.52308583,0.0,False,1.0,non_human_findings,-1,0
301.tiff,find_and_suppress,574,185.0,3037.0,0.5230479,0.0,False,1.0,non_human_findings,-1,0
301.tiff,find_and_suppress,575,6178.0,160.0,0.5229305,0.0,False,1.0,non_human_findings,-1,0
301.tiff,find_and_suppress,576,5325.0,4503.0,0.5224439,0.0,False,1.0,non_human_findings,-1,0
301.tiff,find_and_suppress,577,5911.0,4247.0,0.52238375,0.0,False,1.0,non_human_findings,-1,0
301.tiff,find_and_suppress,578,1681.0,4025.0,0.5222068,0.0,False,1.0,non_human_findings,-1,0
301.tiff,find_and_suppress,579,4344.0,1080.0,0.52214557,0.0,False,1.0,non_human_findings,-1,0
301.tiff,find_and_suppress,580,2392.0,2989.0,0.5221229,0.0,False,1.0,human_correct_label,14889,1
301.tiff,find_and_suppress,581,2621.0,2016.0,0.5220839,0.0,False,1.0,non_human_findings,-1,0
301.tiff,find_and_suppress,582,417.0,3161.0,0.521948,0.0,False,1.0,non_human_findings,-1,0
301.tiff,find_and_suppress,583,5281.0,3996.0,0.5219419,0.0,False,1.0,non_human_findings,-1,0
301.tiff,find_and_suppress,584,3428.0,3688.0,0.52181727,0.0,False,1.0,non_human_findings,-1,0
301.tiff,find_and_suppress,585,737.0,814.0,0.52178156,0.0,False,1.0,non_human_findings,-1,0
301.tiff,find_and_suppress,586,4566.0,4481.0,0.5216896,0.0,False,1.0,non_human_findings,-1,0
301.tiff,find_and_suppress,587,1144.0,2507.0,0.5215935,0.0,False,1.0,non_human_findings,-1,0
301.tiff,find_and_suppress,588,3011.0,1245.0,0.5214758,0.0,False,1.0,non_human_findings,-1,0
301.tiff,find_and_suppress,589,2860.0,2754.0,0.52145344,0.0,False,1.0,non_human_findings,-1,0
301.tiff,find_and_suppress,590,1455.0,4004.0,0.52144897,0.0,False,1.0,non_human_findings,-1,0
301.tiff,find_and_suppress,591,2794.0,356.0,0.52142215,0.0,False,1.0,non_human_findings,-1,0
301.tiff,find_and_suppress,592,6367.0,802.0,0.52137256,0.0,False,1.0,non_human_findings,-1,0
301.tiff,find_and_suppress,593,878.0,1985.0,0.5213379,0.0,False,1.0,non_human_findings,-1,0
301.tiff,find_and_suppress,594,6318.0,967.0,0.5212928,0.0,False,1.0,non_human_findings,-1,0
301.tiff,find_and_suppress,595,1924.0,4353.0,0.5212293,0.0,False,1.0,non_human_findings,-1,0
301.tiff,find_and_suppress,596,5904.0,2904.0,0.52118355,0.0,False,1.0,non_human_findings,-1,0
301.tiff,find_and_suppress,597,3736.0,3947.0,0.5211445,0.0,False,1.0,non_human_findings,-1,0
301.tiff,find_and_suppress,598,5835.0,2306.0,0.5210611,0.0,False,1.0,non_human_findings,-1,0
301.tiff,find_and_suppress,599,2856.0,810.0,0.5210313,0.0,False,1.0,non_human_findings,-1,0
301.tiff,find_and_suppress,600,5094.0,1337.0,0.5209864,0.0,False,1.0,non_human_findings,-1,0
301.tiff,find_and_suppress,601,4956.0,3787.0,0.5209677,0.0,False,1.0,non_human_findings,-1,0
301.tiff,find_and_suppress,602,5463.0,3326.0,0.5209609,0.0,False,1.0,non_human_findings,-1,0
301.tiff,find_and_suppress,603,5457.0,2933.0,0.52092063,0.0,False,1.0,non_human_findings,-1,0
301.tiff,find_and_suppress,604,4968.0,4311.0,0.5209165,0.0,False,1.0,non_human_findings,-1,0
301.tiff,find_and_suppress,605,2672.0,3338.0,0.5207887,0.0,False,1.0,non_human_findings,-1,0
301.tiff,find_and_suppress,606,3810.0,1850.0,0.52070713,0.0,False,1.0,non_human_findings,-1,0
301.tiff,find_and_suppress,607,5231.0,917.0,0.52069783,0.0,False,1.0,non_human_findings,-1,0
301.tiff,find_and_suppress,608,3974.0,2569.0,0.5206936,0.0,False,1.0,non_human_findings,-1,0
301.tiff,find_and_suppress,609,519.0,3072.0,0.5206852,0.0,False,1.0,non_human_findings,-1,0
301.tiff,find_and_suppress,610,5829.0,1562.0,0.52067083,0.0,False,1.0,non_human_findings,-1,0
301.tiff,find_and_suppress,611,5856.0,1189.0,0.520646,0.0,False,1.0,non_human_findings,-1,0
301.tiff,find_and_suppress,612,6028.0,1123.0,0.5205985,0.0,False,1.0,non_human_findings,-1,0
301.tiff,find_and_suppress,613,847.0,221.0,0.52057743,0.0,False,1.0,non_human_findings,-1,0
301.tiff,find_and_suppress,614,419.0,2280.0,0.5205495,0.0,False,1.0,non_human_findings,-1,0
301.tiff,find_and_suppress,615,4718.0,1131.0,0.52052236,0.0,False,1.0,non_human_findings,-1,0
301.tiff,find_and_suppress,616,2218.0,3008.0,0.52044374,0.0,False,1.0,non_human_findings,-1,0
301.tiff,find_and_suppress,617,4628.0,2765.0,0.52038604,0.0,False,1.0,non_human_findings,-1,0
301.tiff,find_and_suppress,618,884.0,3924.0,0.52034,0.0,False,1.0,non_human_findings,-1,0
301.tiff,find_and_suppress,619,5320.0,3567.0,0.52011347,0.0,False,1.0,non_human_findings,-1,0
301.tiff,find_and_suppress,620,4386.0,3520.0,0.5200918,0.0,False,1.0,non_human_findings,-1,0
301.tiff,find_and_suppress,621,5147.0,2179.0,0.5200595,0.0,False,1.0,non_human_findings,-1,0
301.tiff,find_and_suppress,622,98.0,4079.0,0.5200245,0.0,False,1.0,non_human_findings,-1,0
301.tiff,find_and_suppress,623,5147.0,1982.0,0.5199058,0.0,False,1.0,non_human_findings,-1,0
301.tiff,find_and_suppress,624,4749.0,678.0,0.5198002,0.0,False,1.0,non_human_findings,-1,0
301.tiff,find_and_suppress,625,4136.0,1209.0,0.51969403,0.0,False,1.0,non_human_findings,-1,0
301.tiff,find_and_suppress,626,4516.0,270.0,0.5195353,0.0,False,1.0,non_human_findings,-1,0
301.tiff,find_and_suppress,627,5764.0,3102.0,0.51949275,0.0,False,1.0,non_human_findings,-1,0
301.tiff,find_and_suppress,628,5336.0,4184.0,0.51946574,0.0,False,1.0,non_human_findings,-1,0
301.tiff,find_and_suppress,629,391.0,1132.0,0.5192535,0.0,False,1.0,non_human_findings,-1,0
301.tiff,find_and_suppress,630,1221.0,3676.0,0.51909435,0.0,False,1.0,non_human_findings,-1,0
301.tiff,find_and_suppress,631,357.0,656.0,0.5190764,0.0,False,1.0,non_human_findings,-1,0
301.tiff,find_and_suppress,632,6266.0,1253.0,0.5190274,0.0,False,1.0,non_human_findings,-1,0
301.tiff,find_and_suppress,633,81.0,4051.0,0.51901484,0.0,False,1.0,non_human_findings,-1,0
301.tiff,find_and_suppress,634,3896.0,2029.0,0.518937,0.0,False,1.0,human_correct_label,14858,1
301.tiff,find_and_suppress,635,5470.0,504.0,0.51887727,0.0,False,1.0,non_human_findings,-1,0
301.tiff,find_and_suppress,636,868.0,478.0,0.5188467,0.0,False,1.0,non_human_findings,-1,0
301.tiff,find_and_suppress,637,5732.0,613.0,0.5187948,0.0,False,1.0,non_human_findings,-1,0
301.tiff,find_and_suppress,638,4766.0,4589.0,0.5187796,0.0,False,1.0,non_human_findings,-1,0
301.tiff,find_and_suppress,639,3538.0,3967.0,0.5187549,0.0,False,1.0,non_human_findings,-1,0
301.tiff,find_and_suppress,640,3556.0,2254.0,0.5186964,0.0,False,1.0,non_human_findings,-1,0
301.tiff,find_and_suppress,641,181.0,1149.0,0.51865166,0.0,False,1.0,non_human_findings,-1,0
301.tiff,find_and_suppress,642,6330.0,4630.0,0.51861763,0.0,False,1.0,non_human_findings,-1,0
301.tiff,find_and_suppress,643,5933.0,2170.0,0.51860875,0.0,False,1.0,non_human_findings,-1,0
301.tiff,find_and_suppress,644,1478.0,1376.0,0.51842415,0.0,False,1.0,non_human_findings,-1,0
301.tiff,find_and_suppress,645,3321.0,4006.0,0.5184021,0.0,False,1.0,non_human_findings,-1,0
301.tiff,find_and_suppress,646,5312.0,3825.0,0.51835704,0.0,False,1.0,human_rejected_label,15045,2
301.tiff,find_and_suppress,647,5198.0,58.0,0.51825535,0.0,False,1.0,non_human_findings,-1,0
301.tiff,find_and_suppress,648,5064.0,1251.0,0.518143,0.0,False,1.0,non_human_findings,-1,0
301.tiff,find_and_suppress,649,3325.0,3536.0,0.51799905,0.0,False,1.0,non_human_findings,-1,0
301.tiff,find_and_suppress,650,5123.0,2626.0,0.5179723,0.0,False,1.0,non_human_findings,-1,0
301.tiff,find_and_suppress,651,2126.0,2569.0,0.5178467,0.0,False,1.0,human_rejected_label,14895,2
301.tiff,find_and_suppress,652,4704.0,3815.0,0.5177138,0.0,False,1.0,non_human_findings,-1,0
301.tiff,find_and_suppress,653,4915.0,3403.0,0.5176777,0.0,False,1.0,non_human_findings,-1,0
301.tiff,find_and_suppress,654,3553.0,2328.0,0.5176639,0.0,False,1.0,non_human_findings,-1,0
301.tiff,find_and_suppress,655,6252.0,630.0,0.51753265,0.0,False,1.0,non_human_findings,-1,0
301.tiff,find_and_suppress,656,3866.0,4552.0,0.51744294,0.0,False,1.0,non_human_findings,-1,0
301.tiff,find_and_suppress,657,5687.0,4243.0,0.517416,0.0,False,1.0,non_human_findings,-1,0
301.tiff,find_and_suppress,658,4239.0,2426.0,0.51739204,0.0,False,1.0,non_human_findings,-1,0
301.tiff,find_and_suppress,659,4493.0,4699.0,0.51727515,0.0,False,1.0,non_human_findings,-1,0
301.tiff,find_and_suppress,660,2309.0,3472.0,0.517191,0.0,False,1.0,non_human_findings,-1,0
301.tiff,find_and_suppress,661,3737.0,1594.0,0.5171485,0.0,False,1.0,non_human_findings,-1,0
301.tiff,find_and_suppress,662,6417.0,2490.0,0.51682884,0.0,False,1.0,non_human_findings,-1,0
301.tiff,find_and_suppress,663,1704.0,2727.0,0.51677084,0.0,False,1.0,non_human_findings,-1,0
301.tiff,find_and_suppress,664,423.0,2484.0,0.51676095,0.0,False,1.0,non_human_findings,-1,0
301.tiff,find_and_suppress,665,4246.0,3389.0,0.5167131,0.0,False,1.0,non_human_findings,-1,0
301.tiff,find_and_suppress,666,4984.0,3386.0,0.5166948,0.0,False,1.0,non_human_findings,-1,0
301.tiff,find_and_suppress,667,5194.0,141.0,0.51667356,0.0,False,1.0,non_human_findings,-1,0
301.tiff,find_and_suppress,668,2555.0,816.0,0.516651,0.0,False,1.0,non_human_findings,-1,0
301.tiff,find_and_suppress,669,2235.0,3071.0,0.51651245,0.0,False,1.0,non_human_findings,-1,0
301.tiff,find_and_suppress,670,3014.0,4076.0,0.5165118,0.0,False,1.0,non_human_findings,-1,0
301.tiff,find_and_suppress,671,2716.0,268.0,0.5164707,0.0,False,1.0,non_human_findings,-1,0
301.tiff,find_and_suppress,672,6182.0,2878.0,0.5163447,0.0,False,1.0,non_human_findings,-1,0
301.tiff,find_and_suppress,673,496.0,909.0,0.51627886,0.0,False,1.0,non_human_findings,-1,0
301.tiff,find_and_suppress,674,3035.0,2163.0,0.5162692,0.0,False,1.0,non_human_findings,-1,0
301.tiff,find_and_suppress,675,6124.0,3793.0,0.5162674,0.0,False,1.0,non_human_findings,-1,0
301.tiff,find_and_suppress,676,4727.0,1206.0,0.5162665,0.0,False,1.0,human_correct_label,14814,1
301.tiff,find_and_suppress,677,1236.0,3721.0,0.51615036,0.0,False,1.0,non_human_findings,-1,0
301.tiff,find_and_suppress,678,1982.0,3894.0,0.51614654,0.0,False,1.0,non_human_findings,-1,0
301.tiff,find_and_suppress,679,340.0,1721.0,0.5161084,0.0,False,1.0,non_human_findings,-1,0
301.tiff,find_and_suppress,680,3003.0,1013.0,0.51598233,0.0,False,1.0,non_human_findings,-1,0
301.tiff,find_and_suppress,681,6017.0,241.0,0.5159205,0.0,False,1.0,non_human_findings,-1,0
301.tiff,find_and_suppress,682,929.0,573.0,0.5157842,0.0,False,1.0,non_human_findings,-1,0
301.tiff,find_and_suppress,683,4919.0,4237.0,0.51577514,0.0,False,1.0,non_human_findings,-1,0
301.tiff,find_and_suppress,684,2969.0,2901.0,0.51570743,0.0,False,1.0,non_human_findings,-1,0
301.tiff,find_and_suppress,685,902.0,443.0,0.515565,0.0,False,1.0,non_human_findings,-1,0
301.tiff,find_and_suppress,686,5993.0,1806.0,0.5155498,0.0,False,1.0,human_rejected_label,14877,2
301.tiff,find_and_suppress,687,4658.0,3030.0,0.5155486,0.0,False,1.0,non_human_findings,-1,0
301.tiff,find_and_suppress,688,2549.0,1269.0,0.51552826,0.0,False,1.0,non_human_findings,-1,0
301.tiff,find_and_suppress,689,5180.0,2942.0,0.5155208,0.0,False,1.0,non_human_findings,-1,0
301.tiff,find_and_suppress,690,4772.0,4224.0,0.515367,0.0,False,1.0,non_human_findings,-1,0
301.tiff,find_and_suppress,691,5346.0,4541.0,0.51532894,0.0,False,1.0,non_human_findings,-1,0
301.tiff,find_and_suppress,692,4261.0,495.0,0.5153188,0.0,False,1.0,non_human_findings,-1,0
301.tiff,find_and_suppress,693,2982.0,2123.0,0.51530856,0.0,False,1.0,non_human_findings,-1,0
301.tiff,find_and_suppress,694,2639.0,4624.0,0.51508445,0.0,False,1.0,non_human_findings,-1,0
301.tiff,find_and_suppress,695,5653.0,1445.0,0.5150575,0.0,False,1.0,non_human_findings,-1,0
301.tiff,find_and_suppress,696,5543.0,4790.0,0.5149885,0.0,False,1.0,non_human_findings,-1,0
301.tiff,find_and_suppress,697,5708.0,3499.0,0.5149479,0.0,False,1.0,non_human_findings,-1,0
301.tiff,find_and_suppress,698,904.0,603.0,0.5149436,0.0,False,1.0,non_human_findings,-1,0
301.tiff,find_and_suppress,699,2933.0,1805.0,0.51493764,0.0,False,1.0,non_human_findings,-1,0
301.tiff,find_and_suppress,700,4348.0,4616.0,0.514856,0.0,False,1.0,human_correct_label,15000,1
301.tiff,find_and_suppress,701,2468.0,3550.0,0.51483744,0.0,False,1.0,human_correct_label,14937,1
301.tiff,find_and_suppress,702,6323.0,3759.0,0.51483077,0.0,False,1.0,non_human_findings,-1,0
301.tiff,find_and_suppress,703,1089.0,3068.0,0.51477236,0.0,False,1.0,non_human_findings,-1,0
301.tiff,find_and_suppress,704,151.0,59.0,0.51411384,0.0,False,1.0,non_human_findings,-1,0
301.tiff,find_and_suppress,705,5512.0,3982.0,0.51393694,0.0,False,1.0,non_human_findings,-1,0
301.tiff,find_and_suppress,706,313.0,4289.0,0.51392263,0.0,False,1.0,non_human_findings,-1,0
301.tiff,find_and_suppress,707,6401.0,4616.0,0.5138939,0.0,False,1.0,non_human_findings,-1,0
301.tiff,find_and_suppress,708,2640.0,1953.0,0.51387906,0.0,False,1.0,non_human_findings,-1,0
301.tiff,find_and_suppress,709,878.0,572.0,0.51371026,0.0,False,1.0,non_human_findings,-1,0
301.tiff,find_and_suppress,710,1457.0,2772.0,0.51363015,0.0,False,1.0,non_human_findings,-1,0
301.tiff,find_and_suppress,711,2725.0,3165.0,0.5133729,0.0,False,1.0,non_human_findings,-1,0
301.tiff,find_and_suppress,712,3519.0,3589.0,0.5133626,0.0,False,1.0,non_human_findings,-1,0
301.tiff,find_and_suppress,713,6255.0,1953.0,0.51322436,0.0,False,1.0,non_human_findings,-1,0
301.tiff,find_and_suppress,714,3196.0,1620.0,0.51320827,0.0,False,1.0,non_human_findings,-1,0
301.tiff,find_and_suppress,715,3424.0,3181.0,0.5131577,0.0,False,1.0,non_human_findings,-1,0
301.tiff,find_and_suppress,716,5719.0,466.0,0.5131123,0.0,False,1.0,non_human_findings,-1,0
301.tiff,find_and_suppress,717,3265.0,1291.0,0.51307684,0.0,False,1.0,non_human_findings,-1,0
301.tiff,find_and_suppress,718,5086.0,2137.0,0.5129757,0.0,False,1.0,non_human_findings,-1,0
301.tiff,find_and_suppress,719,5380.0,3330.0,0.51292396,0.0,False,1.0,non_human_findings,-1,0
301.tiff,find_and_suppress,720,4483.0,2604.0,0.5129096,0.0,False,1.0,non_human_findings,-1,0
301.tiff,find_and_suppress,721,4942.0,2550.0,0.512887,0.0,False,1.0,non_human_findings,-1,0
301.tiff,find_and_suppress,722,5531.0,1968.0,0.5127724,0.0,False,1.0,non_human_findings,-1,0
301.tiff,find_and_suppress,723,978.0,1668.0,0.5127252,0.0,False,1.0,non_human_findings,-1,0
301.tiff,find_and_suppress,724,1784.0,2304.0,0.5126853,0.0,False,1.0,non_human_findings,-1,0
301.tiff,find_and_suppress,725,2301.0,853.0,0.51267827,0.0,False,1.0,non_human_findings,-1,0
301.tiff,find_and_suppress,726,4647.0,2190.0,0.5126064,0.0,False,1.0,non_human_findings,-1,0
301.tiff,find_and_suppress,727,3153.0,2309.0,0.51250124,0.0,False,1.0,human_rejected_label,14851,2
301.tiff,find_and_suppress,728,1830.0,1061.0,0.5124326,0.0,False,1.0,non_human_findings,-1,0
301.tiff,find_and_suppress,729,158.0,4233.0,0.51241404,0.0,False,1.0,non_human_findings,-1,0
301.tiff,find_and_suppress,730,5814.0,3249.0,0.51228565,0.0,False,1.0,non_human_findings,-1,0
301.tiff,find_and_suppress,731,572.0,2132.0,0.51225257,0.0,False,1.0,non_human_findings,-1,0
301.tiff,find_and_suppress,732,2039.0,1155.0,0.51225233,0.0,False,1.0,non_human_findings,-1,0
301.tiff,find_and_suppress,733,2719.0,2507.0,0.5122483,0.0,False,1.0,non_human_findings,-1,0
301.tiff,find_and_suppress,734,3814.0,3941.0,0.5121186,0.0,False,1.0,non_human_findings,-1,0
301.tiff,find_and_suppress,735,2809.0,3830.0,0.5119071,0.0,False,1.0,non_human_findings,-1,0
301.tiff,find_and_suppress,736,907.0,686.0,0.511858,0.0,False,1.0,non_human_findings,-1,0
301.tiff,find_and_suppress,737,1358.0,2928.0,0.51169956,0.0,False,1.0,non_human_findings,-1,0
301.tiff,find_and_suppress,738,2707.0,3140.0,0.51159525,0.0,False,1.0,non_human_findings,-1,0
301.tiff,find_and_suppress,739,813.0,1428.0,0.5115222,0.0,False,1.0,non_human_findings,-1,0
301.tiff,find_and_suppress,740,5934.0,4738.0,0.51145697,0.0,False,1.0,non_human_findings,-1,0
301.tiff,find_and_suppress,741,1262.0,4293.0,0.5113551,0.0,False,1.0,non_human_findings,-1,0
301.tiff,find_and_suppress,742,3012.0,223.0,0.51131696,0.0,False,1.0,human_rejected_label,15048,2
301.tiff,find_and_suppress,743,1155.0,363.0,0.51131666,0.0,False,1.0,non_human_findings,-1,0
301.tiff,find_and_suppress,744,5294.0,692.0,0.5112381,0.0,False,1.0,non_human_findings,-1,0
301.tiff,find_and_suppress,745,4126.0,2346.0,0.5112307,0.0,False,1.0,non_human_findings,-1,0
301.tiff,find_and_suppress,746,4818.0,2067.0,0.5111437,0.0,False,1.0,non_human_findings,-1,0
301.tiff,find_and_suppress,747,5839.0,417.0,0.51101005,0.0,False,1.0,non_human_findings,-1,0
301.tiff,find_and_suppress,748,2899.0,4057.0,0.5109536,0.0,False,1.0,non_human_findings,-1,0
301.tiff,find_and_suppress,749,252.0,3453.0,0.51081777,0.0,False,1.0,human_correct_label,14924,1
301.tiff,find_and_suppress,750,3923.0,2307.0,0.5107603,0.0,False,1.0,non_human_findings,-1,0
301.tiff,find_and_suppress,751,3799.0,4105.0,0.51071227,0.0,False,1.0,non_human_findings,-1,0
301.tiff,find_and_suppress,752,3471.0,3331.0,0.5106651,0.0,False,1.0,non_human_findings,-1,0
301.tiff,find_and_suppress,753,5369.0,1852.0,0.51060456,0.0,False,1.0,non_human_findings,-1,0
301.tiff,find_and_suppress,754,3774.0,2808.0,0.5105857,0.0,False,1.0,non_human_findings,-1,0
301.tiff,find_and_suppress,755,6003.0,4232.0,0.51050496,0.0,False,1.0,non_human_findings,-1,0
301.tiff,find_and_suppress,756,2127.0,3114.0,0.5104528,0.0,False,1.0,non_human_findings,-1,0
301.tiff,find_and_suppress,757,2308.0,3512.0,0.5104453,0.0,False,1.0,non_human_findings,-1,0
301.tiff,find_and_suppress,758,6193.0,3050.0,0.51041704,0.0,False,1.0,non_human_findings,-1,0
301.tiff,find_and_suppress,759,2271.0,2953.0,0.5103829,0.0,False,1.0,non_human_findings,-1,0
301.tiff,find_and_suppress,760,5115.0,205.0,0.51036435,0.0,False,1.0,non_human_findings,-1,0
301.tiff,find_and_suppress,761,2961.0,4564.0,0.510345,0.0,False,1.0,non_human_findings,-1,0
301.tiff,find_and_suppress,762,5425.0,4712.0,0.51023704,0.0,False,1.0,non_human_findings,-1,0
301.tiff,find_and_suppress,763,6198.0,2702.0,0.5100915,0.0,False,1.0,non_human_findings,-1,0
301.tiff,find_and_suppress,764,2438.0,2885.0,0.510064,0.0,False,1.0,human_correct_label,14888,1
301.tiff,find_and_suppress,765,5003.0,4796.0,0.50990635,0.0,False,1.0,non_human_findings,-1,0
301.tiff,find_and_suppress,766,4862.0,4173.0,0.50989395,0.0,False,1.0,non_human_findings,-1,0
301.tiff,find_and_suppress,767,1350.0,4040.0,0.5098794,0.0,False,1.0,non_human_findings,-1,0
301.tiff,find_and_suppress,768,3100.0,2174.0,0.50983393,0.0,False,1.0,non_human_findings,-1,0
301.tiff,find_and_suppress,769,1529.0,3789.0,0.50971216,0.0,False,1.0,non_human_findings,-1,0
301.tiff,find_and_suppress,770,3832.0,86.0,0.5097013,0.0,False,1.0,human_rejected_label,14758,2
301.tiff,find_and_suppress,771,1208.0,1626.0,0.509687,0.0,False,1.0,non_human_findings,-1,0
301.tiff,find_and_suppress,772,5383.0,928.0,0.5096314,0.0,False,1.0,non_human_findings,-1,0
301.tiff,find_and_suppress,773,2653.0,3096.0,0.5094887,0.0,False,1.0,non_human_findings,-1,0
301.tiff,find_and_suppress,774,4355.0,3014.0,0.5094836,0.0,False,1.0,non_human_findings,-1,0
301.tiff,find_and_suppress,775,5832.0,621.0,0.50943846,0.0,False,1.0,non_human_findings,-1,0
301.tiff,find_and_suppress,776,302.0,2039.0,0.5093616,0.0,False,1.0,non_human_findings,-1,0
301.tiff,find_and_suppress,777,2909.0,673.0,0.5091773,0.0,False,1.0,non_human_findings,-1,0
301.tiff,find_and_suppress,778,5216.0,4042.0,0.50917155,0.0,False,1.0,non_human_findings,-1,0
301.tiff,find_and_suppress,779,5739.0,873.0,0.50912595,0.0,False,1.0,non_human_findings,-1,0
301.tiff,find_and_suppress,780,2294.0,363.0,0.5090998,0.0,False,1.0,non_human_findings,-1,0
301.tiff,find_and_suppress,781,6127.0,1256.0,0.5090804,0.0,False,1.0,non_human_findings,-1,0
301.tiff,find_and_suppress,782,1781.0,1686.0,0.50899,0.0,False,1.0,non_human_findings,-1,0
301.tiff,find_and_suppress,783,384.0,521.0,0.50895756,0.0,False,1.0,non_human_findings,-1,0
301.tiff,find_and_suppress,784,2966.0,148.0,0.50891006,0.0,False,1.0,non_human_findings,-1,0
301.tiff,find_and_suppress,785,5988.0,1407.0,0.5088871,0.0,False,1.0,non_human_findings,-1,0
301.tiff,find_and_suppress,786,375.0,385.0,0.5088523,0.0,False,1.0,human_rejected_label,15030,2
301.tiff,find_and_suppress,787,3211.0,1186.0,0.50874335,0.0,False,1.0,non_human_findings,-1,0
301.tiff,find_and_suppress,788,3130.0,2010.0,0.5087269,0.0,False,1.0,non_human_findings,-1,0
301.tiff,find_and_suppress,789,178.0,3188.0,0.50868267,0.0,False,1.0,non_human_findings,-1,0
301.tiff,find_and_suppress,790,2034.0,4469.0,0.50861365,0.0,False,1.0,non_human_findings,-1,0
301.tiff,find_and_suppress,791,465.0,1062.0,0.50861174,0.0,False,1.0,non_human_findings,-1,0
301.tiff,find_and_suppress,792,4187.0,2413.0,0.50852376,0.0,False,1.0,non_human_findings,-1,0
301.tiff,find_and_suppress,793,1869.0,2482.0,0.50851494,0.0,False,1.0,non_human_findings,-1,0
301.tiff,find_and_suppress,794,518.0,1000.0,0.5085081,0.0,False,1.0,non_human_findings,-1,0
301.tiff,find_and_suppress,795,2926.0,2433.0,0.50841194,0.0,False,1.0,non_human_findings,-1,0
301.tiff,find_and_suppress,796,2345.0,4512.0,0.5083915,0.0,False,1.0,non_human_findings,-1,0
301.tiff,find_and_suppress,797,3051.0,1139.0,0.50837094,0.0,False,1.0,non_human_findings,-1,0
301.tiff,find_and_suppress,798,4809.0,3259.0,0.5082638,0.0,False,1.0,non_human_findings,-1,0
301.tiff,find_and_suppress,799,4081.0,3955.0,0.5080855,0.0,False,1.0,non_human_findings,-1,0
301.tiff,find_and_suppress,800,6017.0,2237.0,0.50806284,0.0,False,1.0,non_human_findings,-1,0
301.tiff,find_and_suppress,801,2434.0,103.0,0.50797826,0.0,False,1.0,non_human_findings,-1,0
301.tiff,find_and_suppress,802,6375.0,3603.0,0.5079682,0.0,False,1.0,non_human_findings,-1,0
301.tiff,find_and_suppress,803,5600.0,3635.0,0.50790185,0.0,False,1.0,non_human_findings,-1,0
301.tiff,find_and_suppress,804,1885.0,4648.0,0.50787216,0.0,False,1.0,non_human_findings,-1,0
301.tiff,find_and_suppress,805,1340.0,1845.0,0.50782865,0.0,False,1.0,non_human_findings,-1,0
301.tiff,find_and_suppress,806,1410.0,2618.0,0.5078213,0.0,False,1.0,non_human_findings,-1,0
301.tiff,find_and_suppress,807,1736.0,2985.0,0.5077848,0.0,False,1.0,non_human_findings,-1,0
301.tiff,find_and_suppress,808,2062.0,2322.0,0.5076436,0.0,False,1.0,non_human_findings,-1,0
301.tiff,find_and_suppress,809,883.0,2664.0,0.5076401,0.0,False,1.0,non_human_findings,-1,0
301.tiff,find_and_suppress,810,3250.0,2591.0,0.507639,0.0,False,1.0,non_human_findings,-1,0
301.tiff,find_and_suppress,811,4203.0,334.0,0.5075472,0.0,False,1.0,non_human_findings,-1,0
301.tiff,find_and_suppress,812,627.0,4755.0,0.5073936,0.0,False,1.0,non_human_findings,-1,0
301.tiff,find_and_suppress,813,6271.0,1697.0,0.50721765,0.0,False,1.0,non_human_findings,-1,0
301.tiff,find_and_suppress,814,1893.0,2440.0,0.5071482,0.0,False,1.0,non_human_findings,-1,0
301.tiff,find_and_suppress,815,1283.0,1567.0,0.5069776,0.0,False,1.0,human_correct_label,14788,1
301.tiff,find_and_suppress,816,349.0,4588.0,0.5068195,0.0,False,1.0,non_human_findings,-1,0
301.tiff,find_and_suppress,817,2582.0,185.0,0.50681514,0.0,False,1.0,non_human_findings,-1,0
301.tiff,find_and_suppress,818,4394.0,2677.0,0.5067969,0.0,False,1.0,non_human_findings,-1,0
301.tiff,find_and_suppress,819,1021.0,4137.0,0.50678766,0.0,False,1.0,non_human_findings,-1,0
301.tiff,find_and_suppress,820,2055.0,4269.0,0.50675076,0.0,False,1.0,non_human_findings,-1,0
301.tiff,find_and_suppress,821,1727.0,518.0,0.5066631,0.0,False,1.0,non_human_findings,-1,0
301.tiff,find_and_suppress,822,2597.0,2465.0,0.506579,0.0,False,1.0,non_human_findings,-1,0
301.tiff,find_and_suppress,823,1009.0,4455.0,0.50652415,0.0,False,1.0,non_human_findings,-1,0
301.tiff,find_and_suppress,824,2543.0,2172.0,0.50650567,0.0,False,1.0,non_human_findings,-1,0
301.tiff,find_and_suppress,825,3447.0,2664.0,0.5064902,0.0,False,1.0,non_human_findings,-1,0
301.tiff,find_and_suppress,826,3793.0,1813.0,0.5063962,0.0,False,1.0,non_human_findings,-1,0
301.tiff,find_and_suppress,827,469.0,2305.0,0.506377,0.0,False,1.0,non_human_findings,-1,0
301.tiff,find_and_suppress,828,2718.0,3023.0,0.50632256,0.0,False,1.0,non_human_findings,-1,0
301.tiff,find_and_suppress,829,2609.0,2724.0,0.5062828,0.0,False,1.0,non_human_findings,-1,0
301.tiff,find_and_suppress,830,3190.0,709.0,0.5062536,0.0,False,1.0,non_human_findings,-1,0
301.tiff,find_and_suppress,831,5042.0,3513.0,0.5062475,0.0,False,1.0,non_human_findings,-1,0
301.tiff,find_and_suppress,832,4882.0,336.0,0.50612783,0.0,False,1.0,non_human_findings,-1,0
301.tiff,find_and_suppress,833,3130.0,3221.0,0.5060618,0.0,False,1.0,non_human_findings,-1,0
301.tiff,find_and_suppress,834,4233.0,3521.0,0.5060449,0.0,False,1.0,non_human_findings,-1,0
301.tiff,find_and_suppress,835,2974.0,2026.0,0.5059616,0.0,False,1.0,non_human_findings,-1,0
301.tiff,find_and_suppress,836,5896.0,2102.0,0.5059463,0.0,False,1.0,non_human_findings,-1,0
301.tiff,find_and_suppress,837,2956.0,4175.0,0.50594217,0.0,False,1.0,non_human_findings,-1,0
301.tiff,find_and_suppress,838,783.0,2894.0,0.50593597,0.0,False,1.0,human_correct_label,14880,1
301.tiff,find_and_suppress,839,2537.0,3209.0,0.50589955,0.0,False,1.0,non_human_findings,-1,0
301.tiff,find_and_suppress,840,6415.0,4568.0,0.5058086,0.0,False,1.0,non_human_findings,-1,0
301.tiff,find_and_suppress,841,2706.0,2981.0,0.50579864,0.0,False,1.0,non_human_findings,-1,0
301.tiff,find_and_suppress,842,3128.0,2978.0,0.50567895,0.0,False,1.0,non_human_findings,-1,0
301.tiff,find_and_suppress,843,342.0,4010.0,0.5056521,0.0,False,1.0,non_human_findings,-1,0
301.tiff,find_and_suppress,844,496.0,2753.0,0.5055829,0.0,False,1.0,non_human_findings,-1,0
301.tiff,find_and_suppress,845,3666.0,1196.0,0.50556445,0.0,False,1.0,non_human_findings,-1,0
301.tiff,find_and_suppress,846,611.0,2949.0,0.50546974,0.0,False,1.0,non_human_findings,-1,0
301.tiff,find_and_suppress,847,4522.0,2714.0,0.5053846,0.0,False,1.0,human_correct_label,14911,1
301.tiff,find_and_suppress,848,5238.0,737.0,0.5053806,0.0,False,1.0,non_human_findings,-1,0
301.tiff,find_and_suppress,849,4108.0,1543.0,0.50530314,0.0,False,1.0,non_human_findings,-1,0
301.tiff,find_and_suppress,850,2533.0,2284.0,0.5052011,0.0,False,1.0,non_human_findings,-1,0
301.tiff,find_and_suppress,851,3227.0,3364.0,0.5051464,0.0,False,1.0,non_human_findings,-1,0
301.tiff,find_and_suppress,852,2769.0,2993.0,0.5051175,0.0,False,1.0,non_human_findings,-1,0
301.tiff,find_and_suppress,853,1976.0,1844.0,0.50503474,0.0,False,1.0,non_human_findings,-1,0
301.tiff,find_and_suppress,854,5649.0,3418.0,0.50491095,0.0,False,1.0,non_human_findings,-1,0
301.tiff,find_and_suppress,855,3043.0,3909.0,0.50487804,0.0,False,1.0,non_human_findings,-1,0
301.tiff,find_and_suppress,856,3061.0,2621.0,0.50486076,0.0,False,1.0,non_human_findings,-1,0
301.tiff,find_and_suppress,857,4121.0,3556.0,0.50481856,0.0,False,1.0,non_human_findings,-1,0
301.tiff,find_and_suppress,858,1015.0,2935.0,0.5047945,0.0,False,1.0,non_human_findings,-1,0
301.tiff,find_and_suppress,859,1480.0,2798.0,0.50464916,0.0,False,1.0,non_human_findings,-1,0
301.tiff,find_and_suppress,860,2957.0,1252.0,0.5046271,0.0,False,1.0,non_human_findings,-1,0
301.tiff,find_and_suppress,861,25.0,2459.0,0.5044364,0.0,False,1.0,non_human_findings,-1,0
301.tiff,find_and_suppress,862,6341.0,1800.0,0.5042998,0.0,False,1.0,non_human_findings,-1,0
301.tiff,find_and_suppress,863,1024.0,4327.0,0.50427794,0.0,False,1.0,non_human_findings,-1,0
301.tiff,find_and_suppress,864,5395.0,1513.0,0.50426793,0.0,False,1.0,non_human_findings,-1,0
301.tiff,find_and_suppress,865,1385.0,2775.0,0.5041191,0.0,False,1.0,non_human_findings,-1,0
301.tiff,find_and_suppress,866,6185.0,4140.0,0.50410295,0.0,False,1.0,non_human_findings,-1,0
301.tiff,find_and_suppress,867,1248.0,3063.0,0.5040556,0.0,False,1.0,non_human_findings,-1,0
301.tiff,find_and_suppress,868,1862.0,1718.0,0.5038636,0.0,False,1.0,non_human_findings,-1,0
301.tiff,find_and_suppress,869,777.0,2943.0,0.5038418,0.0,False,1.0,non_human_findings,-1,0
301.tiff,find_and_suppress,870,457.0,4805.0,0.5037961,0.0,False,1.0,non_human_findings,-1,0
301.tiff,find_and_suppress,871,1051.0,4392.0,0.5037041,0.0,False,1.0,non_human_findings,-1,0
301.tiff,find_and_suppress,872,1573.0,1450.0,0.50366473,0.0,False,1.0,non_human_findings,-1,0
301.tiff,find_and_suppress,873,1868.0,1949.0,0.503524,0.0,False,1.0,non_human_findings,-1,0
301.tiff,find_and_suppress,874,3115.0,800.0,0.5034512,0.0,False,1.0,non_human_findings,-1,0
301.tiff,find_and_suppress,875,2475.0,588.0,0.50336176,0.0,False,1.0,non_human_findings,-1,0
301.tiff,find_and_suppress,876,5697.0,2447.0,0.5033282,0.0,False,1.0,non_human_findings,-1,0
301.tiff,find_and_suppress,877,957.0,87.0,0.50332063,0.0,False,1.0,non_human_findings,-1,0
301.tiff,find_and_suppress,878,608.0,4782.0,0.5032923,0.0,False,1.0,non_human_findings,-1,0
301.tiff,find_and_suppress,879,628.0,2588.0,0.50321347,0.0,False,1.0,non_human_findings,-1,0
301.tiff,find_and_suppress,880,4903.0,1193.0,0.50311935,0.0,False,1.0,non_human_findings,-1,0
301.tiff,find_and_suppress,881,4908.0,544.0,0.5029986,0.0,False,1.0,non_human_findings,-1,0
301.tiff,find_and_suppress,882,1898.0,2502.0,0.5029265,0.0,False,1.0,non_human_findings,-1,0
301.tiff,find_and_suppress,883,980.0,1560.0,0.50291264,0.0,False,1.0,non_human_findings,-1,0
301.tiff,find_and_suppress,884,4953.0,1892.0,0.50291085,0.0,False,1.0,non_human_findings,-1,0
301.tiff,find_and_suppress,885,200.0,549.0,0.5028427,0.0,False,1.0,non_human_findings,-1,0
301.tiff,find_and_suppress,886,4227.0,4549.0,0.50284,0.0,False,1.0,non_human_findings,-1,0
301.tiff,find_and_suppress,887,4761.0,4255.0,0.5028199,0.0,False,1.0,non_human_findings,-1,0
301.tiff,find_and_suppress,888,5997.0,4740.0,0.5027725,0.0,False,1.0,non_human_findings,-1,0
301.tiff,find_and_suppress,889,6406.0,4147.0,0.50273377,0.0,False,1.0,non_human_findings,-1,0
301.tiff,find_and_suppress,890,2762.0,1729.0,0.5026007,0.0,False,1.0,non_human_findings,-1,0
301.tiff,find_and_suppress,891,5127.0,2850.0,0.50257695,0.0,False,1.0,non_human_findings,-1,0
301.tiff,find_and_suppress,892,2565.0,2962.0,0.50257283,0.0,False,1.0,non_human_findings,-1,0
301.tiff,find_and_suppress,893,2605.0,3349.0,0.50230193,0.0,False,1.0,non_human_findings,-1,0
301.tiff,find_and_suppress,894,4400.0,4318.0,0.50220066,0.0,False,1.0,non_human_findings,-1,0
301.tiff,find_and_suppress,895,329.0,3550.0,0.50217766,0.0,False,1.0,non_human_findings,-1,0
301.tiff,find_and_suppress,896,2099.0,729.0,0.5021444,0.0,False,1.0,non_human_findings,-1,0
301.tiff,find_and_suppress,897,3358.0,1609.0,0.5019995,0.0,False,1.0,non_human_findings,-1,0
301.tiff,find_and_suppress,898,279.0,176.0,0.5019713,0.0,False,1.0,non_human_findings,-1,0
301.tiff,find_and_suppress,899,3223.0,4672.0,0.5018875,0.0,False,1.0,non_human_findings,-1,0
301.tiff,find_and_suppress,900,414.0,176.0,0.50186396,0.0,False,1.0,non_human_findings,-1,0
301.tiff,find_and_suppress,901,1975.0,629.0,0.5018394,0.0,False,1.0,non_human_findings,-1,0
301.tiff,find_and_suppress,902,4813.0,1772.0,0.50173795,0.0,False,1.0,non_human_findings,-1,0
301.tiff,find_and_suppress,903,5997.0,3014.0,0.5016843,0.0,False,1.0,non_human_findings,-1,0
301.tiff,find_and_suppress,904,5923.0,2207.0,0.5016632,0.0,False,1.0,non_human_findings,-1,0
301.tiff,find_and_suppress,905,4515.0,4378.0,0.5016617,0.0,False,1.0,non_human_findings,-1,0
301.tiff,find_and_suppress,906,3387.0,1435.0,0.50158584,0.0,False,1.0,non_human_findings,-1,0
301.tiff,find_and_suppress,907,5131.0,3328.0,0.50145817,0.0,False,1.0,non_human_findings,-1,0
301.tiff,find_and_suppress,908,3893.0,3949.0,0.5014443,0.0,False,1.0,non_human_findings,-1,0
301.tiff,find_and_suppress,909,828.0,2366.0,0.5014245,0.0,False,1.0,non_human_findings,-1,0
301.tiff,find_and_suppress,910,1664.0,3198.0,0.5014066,0.0,False,1.0,non_human_findings,-1,0
301.tiff,find_and_suppress,911,3244.0,1208.0,0.5013672,0.0,False,1.0,non_human_findings,-1,0
301.tiff,find_and_suppress,912,1912.0,3398.0,0.501324,0.0,False,1.0,non_human_findings,-1,0
301.tiff,find_and_suppress,913,3327.0,1405.0,0.50130504,0.0,False,1.0,non_human_findings,-1,0
301.tiff,find_and_suppress,914,2747.0,1107.0,0.50129306,0.0,False,1.0,non_human_findings,-1,0
301.tiff,find_and_suppress,915,1801.0,2758.0,0.5011922,0.0,False,1.0,non_human_findings,-1,0
301.tiff,find_and_suppress,916,206.0,4041.0,0.5011056,0.0,False,1.0,non_human_findings,-1,0
301.tiff,find_and_suppress,917,3894.0,668.0,0.50101405,0.0,False,1.0,non_human_findings,-1,0
301.tiff,find_and_suppress,918,6148.0,4283.0,0.5009384,0.0,False,1.0,non_human_findings,-1,0
301.tiff,find_and_suppress,919,448.0,849.0,0.5008647,0.0,False,1.0,non_human_findings,-1,0
301.tiff,find_and_suppress,920,6333.0,2960.0,0.5008544,0.0,False,1.0,non_human_findings,-1,0
301.tiff,find_and_suppress,921,97.0,2233.0,0.5008239,0.0,False,1.0,non_human_findings,-1,0
301.tiff,find_and_suppress,922,636.0,862.0,0.5007875,0.0,False,1.0,non_human_findings,-1,0
301.tiff,find_and_suppress,923,6363.0,2424.0,0.5007136,0.0,False,1.0,human_correct_label,14920,1
301.tiff,find_and_suppress,924,2451.0,1614.0,0.50071,0.0,False,1.0,non_human_findings,-1,0
301.tiff,find_and_suppress,925,3576.0,1000.0,0.50067014,0.0,False,1.0,non_human_findings,-1,0
301.tiff,find_and_suppress,926,1872.0,1447.0,0.5006544,0.0,False,1.0,non_human_findings,-1,0
301.tiff,find_and_suppress,927,5184.0,2059.0,0.5005652,0.0,False,1.0,non_human_findings,-1,0
301.tiff,find_and_suppress,928,4343.0,2645.0,0.50055265,0.0,False,1.0,non_human_findings,-1,0
301.tiff,find_and_suppress,929,2368.0,1386.0,0.5005285,0.0,False,1.0,non_human_findings,-1,0
301.tiff,find_and_suppress,930,1942.0,3469.0,0.50047934,0.0,False,1.0,non_human_findings,-1,0
301.tiff,find_and_suppress,931,2155.0,3820.0,0.50047696,0.0,False,1.0,non_human_findings,-1,0
301.tiff,find_and_suppress,932,4150.0,473.0,0.50038946,0.0,False,1.0,non_human_findings,-1,0
301.tiff,find_and_suppress,933,6166.0,1049.0,0.50038564,0.0,False,1.0,non_human_findings,-1,0
301.tiff,find_and_suppress,934,3084.0,2670.0,0.5003498,0.0,False,1.0,non_human_findings,-1,0
301.tiff,find_and_suppress,935,3805.0,1388.0,0.5002792,0.0,False,1.0,non_human_findings,-1,0
301.tiff,find_and_suppress,936,1722.0,3975.0,0.5002503,0.0,False,1.0,non_human_findings,-1,0
301.tiff,find_and_suppress,937,5608.0,1371.0,0.50022197,0.0,False,1.0,non_human_findings,-1,0
301.tiff,find_and_suppress,938,3367.0,3767.0,0.50017637,0.0,False,1.0,non_human_findings,-1,0
301.tiff,find_and_suppress,939,1873.0,2646.0,0.50016636,0.0,False,1.0,non_human_findings,-1,0
301.tiff,find_and_suppress,940,3636.0,674.0,0.50015914,0.0,False,1.0,non_human_findings,-1,0
301.tiff,find_and_suppress,941,6067.0,3179.0,0.50009704,0.0,False,1.0,non_human_findings,-1,0
301.tiff,find_and_suppress,942,124.0,4288.0,0.50007546,0.0,False,1.0,non_human_findings,-1,0
301.tiff,find_and_suppress,943,5411.0,1401.0,0.50006175,0.0,False,1.0,non_human_findings,-1,0
201.tiff,find_and_suppress,0,4199.0,2107.0,0.6822283,0.0,False,1.0,non_human_findings,-1,0
201.tiff,find_and_suppress,1,5211.0,1051.0,0.68180704,0.0,False,1.0,non_human_findings,-1,0
201.tiff,find_and_suppress,2,634.0,2424.0,0.68023777,0.0,False,1.0,non_human_findings,-1,0
201.tiff,find_and_suppress,3,1965.0,1542.0,0.6741316,0.0,False,1.0,non_human_findings,-1,0
201.tiff,find_and_suppress,4,6248.0,452.0,0.6721503,0.0,False,1.0,non_human_findings,-1,0
201.tiff,find_and_suppress,5,786.0,4405.0,0.67187154,0.0,False,1.0,non_human_findings,-1,0
201.tiff,find_and_suppress,6,5707.0,829.0,0.6718094,0.0,False,1.0,non_human_findings,-1,0
201.tiff,find_and_suppress,7,2327.0,3437.0,0.6707293,0.0,False,1.0,non_human_findings,-1,0
201.tiff,find_and_suppress,8,6398.0,1876.0,0.66908926,0.0,False,1.0,non_human_findings,-1,0
201.tiff,find_and_suppress,9,5442.0,1550.0,0.66451126,0.0,False,1.0,human_rejected_label,4451,2
201.tiff,find_and_suppress,10,2524.0,866.0,0.6631934,0.0,False,1.0,non_human_findings,-1,0
201.tiff,find_and_suppress,11,1139.0,628.0,0.66230315,0.0,False,1.0,non_human_findings,-1,0
201.tiff,find_and_suppress,12,826.0,1275.0,0.6547044,0.0,False,1.0,non_human_findings,-1,0
201.tiff,find_and_suppress,13,2667.0,1364.0,0.65409434,0.0,False,1.0,non_human_findings,-1,0
201.tiff,find_and_suppress,14,1055.0,3112.0,0.6537538,0.0,False,1.0,non_human_findings,-1,0
201.tiff,find_and_suppress,15,707.0,4557.0,0.65201205,0.0,False,1.0,non_human_findings,-1,0
201.tiff,find_and_suppress,16,1646.0,1577.0,0.65191215,0.0,False,1.0,non_human_findings,-1,0
201.tiff,find_and_suppress,17,5821.0,3820.0,0.6518877,0.0,False,1.0,non_human_findings,-1,0
201.tiff,find_and_suppress,18,3401.0,915.0,0.6513926,0.0,False,1.0,non_human_findings,-1,0
201.tiff,find_and_suppress,19,3993.0,1202.0,0.6513185,0.0,False,1.0,non_human_findings,-1,0
201.tiff,find_and_suppress,20,3674.0,3134.0,0.6508561,0.0,False,1.0,non_human_findings,-1,0
201.tiff,find_and_suppress,21,4816.0,3279.0,0.65006936,0.0,False,1.0,non_human_findings,-1,0
201.tiff,find_and_suppress,22,3106.0,810.0,0.6494455,0.0,False,1.0,non_human_findings,-1,0
201.tiff,find_and_suppress,23,3940.0,3624.0,0.6481113,0.0,False,1.0,non_human_findings,-1,0
201.tiff,find_and_suppress,24,1963.0,459.0,0.64776385,0.0,False,1.0,non_human_findings,-1,0
201.tiff,find_and_suppress,25,2006.0,605.0,0.64745855,0.0,False,1.0,non_human_findings,-1,0
201.tiff,find_and_suppress,26,4446.0,1372.0,0.6456168,0.0,False,1.0,non_human_findings,-1,0
201.tiff,find_and_suppress,27,5283.0,289.0,0.6444986,0.0,False,1.0,non_human_findings,-1,0
201.tiff,find_and_suppress,28,4150.0,2270.0,0.6441562,0.0,False,1.0,non_human_findings,-1,0
201.tiff,find_and_suppress,29,2595.0,246.0,0.6438217,0.0,False,1.0,non_human_findings,-1,0
201.tiff,find_and_suppress,30,5230.0,3103.0,0.64321285,0.0,False,1.0,non_human_findings,-1,0
201.tiff,find_and_suppress,31,2853.0,962.0,0.64287025,0.0,False,1.0,non_human_findings,-1,0
201.tiff,find_and_suppress,32,4524.0,2688.0,0.64228374,0.0,False,1.0,non_human_findings,-1,0
201.tiff,find_and_suppress,33,3445.0,615.0,0.64119637,0.0,False,1.0,non_human_findings,-1,0
201.tiff,find_and_suppress,34,2325.0,2399.0,0.64095485,0.0,False,1.0,non_human_findings,-1,0
201.tiff,find_and_suppress,35,5897.0,1286.0,0.64039934,0.0,False,1.0,non_human_findings,-1,0
201.tiff,find_and_suppress,36,4173.0,374.0,0.6397895,0.0,False,1.0,non_human_findings,-1,0
201.tiff,find_and_suppress,37,3116.0,1143.0,0.6396403,0.0,False,1.0,non_human_findings,-1,0
201.tiff,find_and_suppress,38,5053.0,668.0,0.638708,0.0,False,1.0,non_human_findings,-1,0
201.tiff,find_and_suppress,39,6275.0,293.0,0.63836944,0.0,False,1.0,non_human_findings,-1,0
201.tiff,find_and_suppress,40,2550.0,3761.0,0.6377936,0.0,False,1.0,non_human_findings,-1,0
201.tiff,find_and_suppress,41,5589.0,2548.0,0.6366115,0.0,False,1.0,non_human_findings,-1,0
201.tiff,find_and_suppress,42,2880.0,3971.0,0.6354272,0.0,False,1.0,non_human_findings,-1,0
201.tiff,find_and_suppress,43,804.0,456.0,0.6348631,0.0,False,1.0,non_human_findings,-1,0
201.tiff,find_and_suppress,44,1160.0,3148.0,0.63335365,0.0,False,1.0,non_human_findings,-1,0
201.tiff,find_and_suppress,45,4556.0,3396.0,0.633213,0.0,False,1.0,non_human_findings,-1,0
201.tiff,find_and_suppress,46,3397.0,396.0,0.6318511,0.0,False,1.0,non_human_findings,-1,0
201.tiff,find_and_suppress,47,4158.0,3292.0,0.6311116,0.0,False,1.0,non_human_findings,-1,0
201.tiff,find_and_suppress,48,5510.0,1094.0,0.6311089,0.0,False,1.0,non_human_findings,-1,0
201.tiff,find_and_suppress,49,2086.0,794.0,0.6292632,0.0,False,1.0,non_human_findings,-1,0
201.tiff,find_and_suppress,50,5344.0,973.0,0.6290694,0.0,False,1.0,non_human_findings,-1,0
201.tiff,find_and_suppress,51,5575.0,1603.0,0.6286964,0.0,False,1.0,non_human_findings,-1,0
201.tiff,find_and_suppress,52,4482.0,1559.0,0.6284184,0.0,False,1.0,non_human_findings,-1,0
201.tiff,find_and_suppress,53,4562.0,1653.0,0.6282361,0.0,False,1.0,non_human_findings,-1,0
201.tiff,find_and_suppress,54,5295.0,1995.0,0.6281385,0.0,False,1.0,non_human_findings,-1,0
201.tiff,find_and_suppress,55,4677.0,3387.0,0.62811995,0.0,False,1.0,non_human_findings,-1,0
201.tiff,find_and_suppress,56,2687.0,2272.0,0.62803584,0.0,False,1.0,non_human_findings,-1,0
201.tiff,find_and_suppress,57,4116.0,1727.0,0.62798595,0.0,False,1.0,non_human_findings,-1,0
201.tiff,find_and_suppress,58,5923.0,1406.0,0.62779045,0.0,False,1.0,non_human_findings,-1,0
201.tiff,find_and_suppress,59,5463.0,1971.0,0.62771565,0.0,False,1.0,non_human_findings,-1,0
201.tiff,find_and_suppress,60,1794.0,1183.0,0.6274583,0.0,False,1.0,non_human_findings,-1,0
201.tiff,find_and_suppress,61,2508.0,1793.0,0.62743044,0.0,False,1.0,non_human_findings,-1,0
201.tiff,find_and_suppress,62,5964.0,898.0,0.6271341,0.0,False,1.0,non_human_findings,-1,0
201.tiff,find_and_suppress,63,3772.0,2002.0,0.62696344,0.0,False,1.0,non_human_findings,-1,0
201.tiff,find_and_suppress,64,2140.0,2268.0,0.6261162,0.0,False,1.0,non_human_findings,-1,0
201.tiff,find_and_suppress,65,4117.0,943.0,0.6261013,0.0,False,1.0,non_human_findings,-1,0
201.tiff,find_and_suppress,66,963.0,1305.0,0.625602,0.0,False,1.0,non_human_findings,-1,0
201.tiff,find_and_suppress,67,4351.0,3602.0,0.62543,0.0,False,1.0,non_human_findings,-1,0
201.tiff,find_and_suppress,68,4309.0,617.0,0.623554,0.0,False,1.0,non_human_findings,-1,0
201.tiff,find_and_suppress,69,5824.0,2932.0,0.6235071,0.0,False,1.0,non_human_findings,-1,0
201.tiff,find_and_suppress,70,5360.0,359.0,0.6232761,0.0,False,1.0,non_human_findings,-1,0
201.tiff,find_and_suppress,71,4775.0,3105.0,0.62297446,0.0,False,1.0,non_human_findings,-1,0
201.tiff,find_and_suppress,72,5532.0,2269.0,0.62294495,0.0,False,1.0,non_human_findings,-1,0
201.tiff,find_and_suppress,73,6367.0,2152.0,0.6227273,0.0,False,1.0,non_human_findings,-1,0
201.tiff,find_and_suppress,74,1094.0,2734.0,0.6224846,0.0,False,1.0,non_human_findings,-1,0
201.tiff,find_and_suppress,75,3184.0,1080.0,0.6218767,0.0,False,1.0,non_human_findings,-1,0
201.tiff,find_and_suppress,76,6184.0,4253.0,0.6218489,0.0,False,1.0,non_human_findings,-1,0
201.tiff,find_and_suppress,77,4164.0,84.0,0.6209977,0.0,False,1.0,non_human_findings,-1,0
201.tiff,find_and_suppress,78,5379.0,2791.0,0.62097627,0.0,False,1.0,non_human_findings,-1,0
201.tiff,find_and_suppress,79,6550.0,2733.0,0.6205912,0.0,False,1.0,non_human_findings,-1,0
201.tiff,find_and_suppress,80,5791.0,3233.0,0.6203872,0.0,False,1.0,non_human_findings,-1,0
201.tiff,find_and_suppress,81,259.0,2219.0,0.6202453,0.0,False,1.0,non_human_findings,-1,0
201.tiff,find_and_suppress,82,5249.0,274.0,0.6198946,0.0,False,1.0,non_human_findings,-1,0
201.tiff,find_and_suppress,83,4548.0,964.0,0.6189475,0.0,False,1.0,non_human_findings,-1,0
201.tiff,find_and_suppress,84,728.0,3158.0,0.617801,0.0,False,1.0,non_human_findings,-1,0
201.tiff,find_and_suppress,85,5186.0,2480.0,0.61758775,0.0,False,1.0,non_human_findings,-1,0
201.tiff,find_and_suppress,86,6055.0,3181.0,0.6166086,0.0,False,1.0,non_human_findings,-1,0
201.tiff,find_and_suppress,87,705.0,2035.0,0.61652493,0.0,False,1.0,non_human_findings,-1,0
201.tiff,find_and_suppress,88,422.0,141.0,0.6163626,0.0,False,1.0,non_human_findings,-1,0
201.tiff,find_and_suppress,89,4479.0,991.0,0.6162442,0.0,False,1.0,non_human_findings,-1,0
201.tiff,find_and_suppress,90,6284.0,2710.0,0.6158284,0.0,False,1.0,non_human_findings,-1,0
201.tiff,find_and_suppress,91,5708.0,4371.0,0.6153499,0.0,False,1.0,non_human_findings,-1,0
201.tiff,find_and_suppress,92,604.0,1412.0,0.61516654,0.0,False,1.0,non_human_findings,-1,0
201.tiff,find_and_suppress,93,1070.0,2659.0,0.6150548,0.0,False,1.0,non_human_findings,-1,0
201.tiff,find_and_suppress,94,1994.0,3335.0,0.61490595,0.0,False,1.0,non_human_findings,-1,0
201.tiff,find_and_suppress,95,2536.0,4689.0,0.6146653,0.0,False,1.0,non_human_findings,-1,0
201.tiff,find_and_suppress,96,4682.0,2474.0,0.61462724,0.0,False,1.0,non_human_findings,-1,0
201.tiff,find_and_suppress,97,5394.0,3031.0,0.61407155,0.0,False,1.0,non_human_findings,-1,0
201.tiff,find_and_suppress,98,129.0,2328.0,0.61303043,0.0,False,1.0,non_human_findings,-1,0
201.tiff,find_and_suppress,99,857.0,157.0,0.61297894,0.0,False,1.0,non_human_findings,-1,0
201.tiff,find_and_suppress,100,4056.0,1592.0,0.61228365,0.0,False,1.0,non_human_findings,-1,0
201.tiff,find_and_suppress,101,1658.0,282.0,0.61178035,0.0,False,1.0,non_human_findings,-1,0
201.tiff,find_and_suppress,102,2868.0,2412.0,0.6114398,0.0,False,1.0,non_human_findings,-1,0
201.tiff,find_and_suppress,103,1859.0,653.0,0.61091125,0.0,False,1.0,non_human_findings,-1,0
201.tiff,find_and_suppress,104,1337.0,2071.0,0.61074,0.0,False,1.0,non_human_findings,-1,0
201.tiff,find_and_suppress,105,2460.0,677.0,0.6106107,0.0,False,1.0,non_human_findings,-1,0
201.tiff,find_and_suppress,106,6151.0,4771.0,0.6104595,0.0,False,1.0,non_human_findings,-1,0
201.tiff,find_and_suppress,107,6422.0,4157.0,0.6104537,0.0,False,1.0,non_human_findings,-1,0
201.tiff,find_and_suppress,108,2277.0,1093.0,0.6104206,0.0,False,1.0,non_human_findings,-1,0
201.tiff,find_and_suppress,109,4183.0,2270.0,0.6101855,0.0,False,1.0,non_human_findings,-1,0
201.tiff,find_and_suppress,110,5610.0,414.0,0.6100801,0.0,False,1.0,non_human_findings,-1,0
201.tiff,find_and_suppress,111,3664.0,600.0,0.60944104,0.0,False,1.0,non_human_findings,-1,0
201.tiff,find_and_suppress,112,6024.0,886.0,0.6088661,0.0,False,1.0,non_human_findings,-1,0
201.tiff,find_and_suppress,113,3039.0,644.0,0.60860693,0.0,False,1.0,non_human_findings,-1,0
201.tiff,find_and_suppress,114,4672.0,1234.0,0.60832345,0.0,False,1.0,non_human_findings,-1,0
201.tiff,find_and_suppress,115,2140.0,3408.0,0.60817283,0.0,False,1.0,non_human_findings,-1,0
201.tiff,find_and_suppress,116,3962.0,2339.0,0.6078988,0.0,False,1.0,non_human_findings,-1,0
201.tiff,find_and_suppress,117,854.0,630.0,0.6062585,0.0,False,1.0,non_human_findings,-1,0
201.tiff,find_and_suppress,118,5031.0,4141.0,0.60619617,0.0,False,1.0,non_human_findings,-1,0
201.tiff,find_and_suppress,119,580.0,1208.0,0.6059595,0.0,False,1.0,non_human_findings,-1,0
201.tiff,find_and_suppress,120,1277.0,297.0,0.60575306,0.0,False,1.0,non_human_findings,-1,0
201.tiff,find_and_suppress,121,4766.0,1405.0,0.6055059,0.0,False,1.0,non_human_findings,-1,0
201.tiff,find_and_suppress,122,5588.0,2751.0,0.6050812,0.0,False,1.0,non_human_findings,-1,0
201.tiff,find_and_suppress,123,753.0,1252.0,0.6044054,0.0,False,1.0,non_human_findings,-1,0
201.tiff,find_and_suppress,124,684.0,1607.0,0.6043284,0.0,False,1.0,non_human_findings,-1,0
201.tiff,find_and_suppress,125,2471.0,845.0,0.60431457,0.0,False,1.0,non_human_findings,-1,0
201.tiff,find_and_suppress,126,5594.0,1455.0,0.6041165,0.0,False,1.0,non_human_findings,-1,0
201.tiff,find_and_suppress,127,6055.0,1047.0,0.6039085,0.0,False,1.0,non_human_findings,-1,0
201.tiff,find_and_suppress,128,5736.0,2987.0,0.6037791,0.0,False,1.0,non_human_findings,-1,0
201.tiff,find_and_suppress,129,6077.0,311.0,0.6028522,0.0,False,1.0,non_human_findings,-1,0
201.tiff,find_and_suppress,130,2829.0,4544.0,0.602662,0.0,False,1.0,non_human_findings,-1,0
201.tiff,find_and_suppress,131,3128.0,942.0,0.6019421,0.0,False,1.0,non_human_findings,-1,0
201.tiff,find_and_suppress,132,2963.0,1018.0,0.6017804,0.0,False,1.0,non_human_findings,-1,0
201.tiff,find_and_suppress,133,2491.0,2910.0,0.60176665,0.0,False,1.0,non_human_findings,-1,0
201.tiff,find_and_suppress,134,6084.0,4503.0,0.60168695,0.0,False,1.0,non_human_findings,-1,0
201.tiff,find_and_suppress,135,1211.0,4023.0,0.6016602,0.0,False,1.0,non_human_findings,-1,0
201.tiff,find_and_suppress,136,2433.0,1053.0,0.6013675,0.0,False,1.0,non_human_findings,-1,0
201.tiff,find_and_suppress,137,6144.0,2660.0,0.6013508,0.0,False,1.0,non_human_findings,-1,0
201.tiff,find_and_suppress,138,1722.0,1100.0,0.60087156,0.0,False,1.0,non_human_findings,-1,0
201.tiff,find_and_suppress,139,3569.0,2144.0,0.600658,0.0,False,1.0,non_human_findings,-1,0
201.tiff,find_and_suppress,140,155.0,4072.0,0.60036945,0.0,False,1.0,non_human_findings,-1,0
201.tiff,find_and_suppress,141,4582.0,2666.0,0.6002955,0.0,False,1.0,non_human_findings,-1,0
201.tiff,find_and_suppress,142,3656.0,3594.0,0.600134,0.0,False,1.0,non_human_findings,-1,0
201.tiff,find_and_suppress,143,6263.0,1480.0,0.6000382,0.0,False,1.0,non_human_findings,-1,0
201.tiff,find_and_suppress,144,25.0,2510.0,0.60001636,0.0,False,1.0,non_human_findings,-1,0
201.tiff,find_and_suppress,145,2175.0,1306.0,0.59998196,0.0,False,1.0,non_human_findings,-1,0
201.tiff,find_and_suppress,146,1089.0,3030.0,0.5997459,0.0,False,1.0,non_human_findings,-1,0
201.tiff,find_and_suppress,147,1947.0,2368.0,0.5996749,0.0,False,1.0,non_human_findings,-1,0
201.tiff,find_and_suppress,148,6388.0,1550.0,0.5992386,0.0,False,1.0,non_human_findings,-1,0
201.tiff,find_and_suppress,149,2212.0,614.0,0.5990402,0.0,False,1.0,non_human_findings,-1,0
201.tiff,find_and_suppress,150,3459.0,1252.0,0.5990164,0.0,False,1.0,non_human_findings,-1,0
201.tiff,find_and_suppress,151,1104.0,4676.0,0.5985255,0.0,False,1.0,non_human_findings,-1,0
201.tiff,find_and_suppress,152,1831.0,1186.0,0.5979543,0.0,False,1.0,non_human_findings,-1,0
201.tiff,find_and_suppress,153,3834.0,4305.0,0.59791505,0.0,False,1.0,non_human_findings,-1,0
201.tiff,find_and_suppress,154,51.0,1991.0,0.5979043,0.0,False,1.0,non_human_findings,-1,0
201.tiff,find_and_suppress,155,2157.0,1943.0,0.5978879,0.0,False,1.0,non_human_findings,-1,0
201.tiff,find_and_suppress,156,5496.0,3071.0,0.5975823,0.0,False,1.0,non_human_findings,-1,0
201.tiff,find_and_suppress,157,6100.0,1572.0,0.59756577,0.0,False,1.0,non_human_findings,-1,0
201.tiff,find_and_suppress,158,2737.0,1154.0,0.5968449,0.0,False,1.0,non_human_findings,-1,0
201.tiff,find_and_suppress,159,5935.0,172.0,0.59642446,0.0,False,1.0,non_human_findings,-1,0
201.tiff,find_and_suppress,160,5806.0,1102.0,0.5957919,0.0,False,1.0,non_human_findings,-1,0
201.tiff,find_and_suppress,161,3244.0,375.0,0.59557605,0.0,False,1.0,non_human_findings,-1,0
201.tiff,find_and_suppress,162,6006.0,1250.0,0.59511256,0.0,False,1.0,non_human_findings,-1,0
201.tiff,find_and_suppress,163,6087.0,4629.0,0.5949846,0.0,False,1.0,non_human_findings,-1,0
201.tiff,find_and_suppress,164,3177.0,3484.0,0.59463453,0.0,False,1.0,non_human_findings,-1,0
201.tiff,find_and_suppress,165,5596.0,1658.0,0.59413624,0.0,False,1.0,non_human_findings,-1,0
201.tiff,find_and_suppress,166,5307.0,87.0,0.59412533,0.0,False,1.0,non_human_findings,-1,0
201.tiff,find_and_suppress,167,4635.0,2470.0,0.5940765,0.0,False,1.0,non_human_findings,-1,0
201.tiff,find_and_suppress,168,5936.0,2286.0,0.5937895,0.0,False,1.0,non_human_findings,-1,0
201.tiff,find_and_suppress,169,3909.0,2129.0,0.5937701,0.0,False,1.0,non_human_findings,-1,0
201.tiff,find_and_suppress,170,554.0,2675.0,0.59372234,0.0,False,1.0,non_human_findings,-1,0
201.tiff,find_and_suppress,171,1595.0,1921.0,0.59363896,0.0,False,1.0,non_human_findings,-1,0
201.tiff,find_and_suppress,172,159.0,2526.0,0.5935514,0.0,False,1.0,non_human_findings,-1,0
201.tiff,find_and_suppress,173,910.0,1297.0,0.5934301,0.0,False,1.0,non_human_findings,-1,0
201.tiff,find_and_suppress,174,6267.0,4076.0,0.5928909,0.0,False,1.0,non_human_findings,-1,0
201.tiff,find_and_suppress,175,4074.0,37.0,0.5927815,0.0,False,1.0,non_human_findings,-1,0
201.tiff,find_and_suppress,176,872.0,237.0,0.59236914,0.0,False,1.0,non_human_findings,-1,0
201.tiff,find_and_suppress,177,2941.0,4822.0,0.5923401,0.0,False,1.0,non_human_findings,-1,0
201.tiff,find_and_suppress,178,4526.0,1861.0,0.59225357,0.0,False,1.0,non_human_findings,-1,0
201.tiff,find_and_suppress,179,4541.0,3265.0,0.59214723,0.0,False,1.0,non_human_findings,-1,0
201.tiff,find_and_suppress,180,2980.0,3360.0,0.59210956,0.0,False,1.0,non_human_findings,-1,0
201.tiff,find_and_suppress,181,4147.0,4442.0,0.59176016,0.0,False,1.0,non_human_findings,-1,0
201.tiff,find_and_suppress,182,5713.0,2518.0,0.5914576,0.0,False,1.0,non_human_findings,-1,0
201.tiff,find_and_suppress,183,6448.0,2318.0,0.59141135,0.0,False,1.0,non_human_findings,-1,0
201.tiff,find_and_suppress,184,6328.0,2734.0,0.59140146,0.0,False,1.0,non_human_findings,-1,0
201.tiff,find_and_suppress,185,4924.0,2301.0,0.59116894,0.0,False,1.0,non_human_findings,-1,0
201.tiff,find_and_suppress,186,268.0,2457.0,0.5910888,0.0,False,1.0,non_human_findings,-1,0
201.tiff,find_and_suppress,187,4526.0,857.0,0.5909808,0.0,False,1.0,non_human_findings,-1,0
201.tiff,find_and_suppress,188,4063.0,4009.0,0.59093565,0.0,False,1.0,non_human_findings,-1,0
201.tiff,find_and_suppress,189,2682.0,1853.0,0.59083927,0.0,False,1.0,non_human_findings,-1,0
201.tiff,find_and_suppress,190,3473.0,2317.0,0.5908036,0.0,False,1.0,non_human_findings,-1,0
201.tiff,find_and_suppress,191,3000.0,907.0,0.59079254,0.0,False,1.0,non_human_findings,-1,0
201.tiff,find_and_suppress,192,3317.0,797.0,0.590473,0.0,False,1.0,non_human_findings,-1,0
201.tiff,find_and_suppress,193,3804.0,2726.0,0.5904602,0.0,False,1.0,non_human_findings,-1,0
201.tiff,find_and_suppress,194,4640.0,4737.0,0.5900223,0.0,False,1.0,non_human_findings,-1,0
201.tiff,find_and_suppress,195,5048.0,1876.0,0.58980054,0.0,False,1.0,non_human_findings,-1,0
201.tiff,find_and_suppress,196,4025.0,2862.0,0.58960664,0.0,False,1.0,non_human_findings,-1,0
201.tiff,find_and_suppress,197,718.0,4172.0,0.58952326,0.0,False,1.0,non_human_findings,-1,0
201.tiff,find_and_suppress,198,436.0,596.0,0.5892768,0.0,False,1.0,non_human_findings,-1,0
201.tiff,find_and_suppress,199,2956.0,396.0,0.5891111,0.0,False,1.0,non_human_findings,-1,0
201.tiff,find_and_suppress,200,4665.0,3074.0,0.58906347,0.0,False,1.0,non_human_findings,-1,0
201.tiff,find_and_suppress,201,6328.0,1735.0,0.5887813,0.0,False,1.0,non_human_findings,-1,0
201.tiff,find_and_suppress,202,2100.0,3252.0,0.588682,0.0,False,1.0,non_human_findings,-1,0
201.tiff,find_and_suppress,203,4562.0,3325.0,0.58864325,0.0,False,1.0,non_human_findings,-1,0
201.tiff,find_and_suppress,204,5428.0,764.0,0.58846205,0.0,False,1.0,non_human_findings,-1,0
201.tiff,find_and_suppress,205,6219.0,2048.0,0.5884585,0.0,False,1.0,non_human_findings,-1,0
201.tiff,find_and_suppress,206,6032.0,452.0,0.58844024,0.0,False,1.0,non_human_findings,-1,0
201.tiff,find_and_suppress,207,2869.0,3727.0,0.58840036,0.0,False,1.0,human_correct_label,4479,1
201.tiff,find_and_suppress,208,3916.0,2340.0,0.588023,0.0,False,1.0,non_human_findings,-1,0
201.tiff,find_and_suppress,209,1766.0,1672.0,0.5879365,0.0,False,1.0,non_human_findings,-1,0
201.tiff,find_and_suppress,210,2963.0,711.0,0.5878473,0.0,False,1.0,non_human_findings,-1,0
201.tiff,find_and_suppress,211,2296.0,2924.0,0.58774734,0.0,False,1.0,non_human_findings,-1,0
201.tiff,find_and_suppress,212,4532.0,2772.0,0.5873839,0.0,False,1.0,non_human_findings,-1,0
201.tiff,find_and_suppress,213,5711.0,151.0,0.5871836,0.0,False,1.0,non_human_findings,-1,0
201.tiff,find_and_suppress,214,2284.0,950.0,0.58704156,0.0,False,1.0,non_human_findings,-1,0
201.tiff,find_and_suppress,215,3146.0,4424.0,0.5866825,0.0,False,1.0,non_human_findings,-1,0
201.tiff,find_and_suppress,216,1886.0,3355.0,0.586651,0.0,False,1.0,non_human_findings,-1,0
201.tiff,find_and_suppress,217,6398.0,551.0,0.58662474,0.0,False,1.0,non_human_findings,-1,0
201.tiff,find_and_suppress,218,2703.0,1323.0,0.58632857,0.0,False,1.0,non_human_findings,-1,0
201.tiff,find_and_suppress,219,5005.0,2459.0,0.5861797,0.0,False,1.0,non_human_findings,-1,0
201.tiff,find_and_suppress,220,6188.0,1031.0,0.5859228,0.0,False,1.0,non_human_findings,-1,0
201.tiff,find_and_suppress,221,4272.0,516.0,0.5857393,0.0,False,1.0,non_human_findings,-1,0
201.tiff,find_and_suppress,222,3169.0,2791.0,0.585396,0.0,False,1.0,non_human_findings,-1,0
201.tiff,find_and_suppress,223,6406.0,3425.0,0.5852432,0.0,False,1.0,non_human_findings,-1,0
201.tiff,find_and_suppress,224,4066.0,1795.0,0.5851407,0.0,False,1.0,non_human_findings,-1,0
201.tiff,find_and_suppress,225,6551.0,1848.0,0.58497894,0.0,False,1.0,non_human_findings,-1,0
201.tiff,find_and_suppress,226,4641.0,4143.0,0.58496433,0.0,False,1.0,non_human_findings,-1,0
201.tiff,find_and_suppress,227,3401.0,2515.0,0.58463854,0.0,False,1.0,non_human_findings,-1,0
201.tiff,find_and_suppress,228,3915.0,3778.0,0.58427167,0.0,False,1.0,non_human_findings,-1,0
201.tiff,find_and_suppress,229,2120.0,3009.0,0.58424324,0.0,False,1.0,non_human_findings,-1,0
201.tiff,find_and_suppress,230,6238.0,1865.0,0.58387667,0.0,False,1.0,non_human_findings,-1,0
201.tiff,find_and_suppress,231,5067.0,1186.0,0.5837735,0.0,False,1.0,non_human_findings,-1,0
201.tiff,find_and_suppress,232,232.0,2069.0,0.5834726,0.0,False,1.0,non_human_findings,-1,0
201.tiff,find_and_suppress,233,3291.0,1031.0,0.5831486,0.0,False,1.0,non_human_findings,-1,0
201.tiff,find_and_suppress,234,2346.0,2052.0,0.5826335,0.0,False,1.0,non_human_findings,-1,0
201.tiff,find_and_suppress,235,2609.0,374.0,0.58261395,0.0,False,1.0,non_human_findings,-1,0
201.tiff,find_and_suppress,236,1482.0,1460.0,0.58229077,0.0,False,1.0,non_human_findings,-1,0
201.tiff,find_and_suppress,237,3285.0,1319.0,0.58210474,0.0,False,1.0,non_human_findings,-1,0
201.tiff,find_and_suppress,238,5382.0,1285.0,0.58196235,0.0,False,1.0,non_human_findings,-1,0
201.tiff,find_and_suppress,239,1754.0,2735.0,0.5818915,0.0,False,1.0,non_human_findings,-1,0
201.tiff,find_and_suppress,240,1974.0,1226.0,0.5816804,0.0,False,1.0,non_human_findings,-1,0
201.tiff,find_and_suppress,241,4602.0,3486.0,0.58147615,0.0,False,1.0,non_human_findings,-1,0
201.tiff,find_and_suppress,242,5977.0,3112.0,0.5813401,0.0,False,1.0,non_human_findings,-1,0
201.tiff,find_and_suppress,243,5124.0,2914.0,0.58107626,0.0,False,1.0,non_human_findings,-1,0
201.tiff,find_and_suppress,244,4293.0,1586.0,0.5807229,0.0,False,1.0,non_human_findings,-1,0
201.tiff,find_and_suppress,245,801.0,4060.0,0.5805089,0.0,False,1.0,non_human_findings,-1,0
201.tiff,find_and_suppress,246,5309.0,1324.0,0.5803911,0.0,False,1.0,non_human_findings,-1,0
201.tiff,find_and_suppress,247,4301.0,1105.0,0.5802101,0.0,False,1.0,non_human_findings,-1,0
201.tiff,find_and_suppress,248,4183.0,1084.0,0.5799317,0.0,False,1.0,non_human_findings,-1,0
201.tiff,find_and_suppress,249,5696.0,312.0,0.57980895,0.0,False,1.0,non_human_findings,-1,0
201.tiff,find_and_suppress,250,3759.0,2283.0,0.5796482,0.0,False,1.0,non_human_findings,-1,0
201.tiff,find_and_suppress,251,2099.0,613.0,0.57931155,0.0,False,1.0,non_human_findings,-1,0
201.tiff,find_and_suppress,252,1415.0,3753.0,0.5789299,0.0,False,1.0,non_human_findings,-1,0
201.tiff,find_and_suppress,253,4690.0,741.0,0.5787626,0.0,False,1.0,non_human_findings,-1,0
201.tiff,find_and_suppress,254,4481.0,1634.0,0.57872427,0.0,False,1.0,non_human_findings,-1,0
201.tiff,find_and_suppress,255,2968.0,2059.0,0.5785951,0.0,False,1.0,non_human_findings,-1,0
201.tiff,find_and_suppress,256,4493.0,1260.0,0.57835025,0.0,False,1.0,non_human_findings,-1,0
201.tiff,find_and_suppress,257,661.0,824.0,0.5782956,0.0,False,1.0,non_human_findings,-1,0
201.tiff,find_and_suppress,258,1396.0,2323.0,0.57828575,0.0,False,1.0,non_human_findings,-1,0
201.tiff,find_and_suppress,259,6350.0,353.0,0.5780657,0.0,False,1.0,non_human_findings,-1,0
201.tiff,find_and_suppress,260,2655.0,2521.0,0.5777585,0.0,False,1.0,human_correct_label,4453,1
201.tiff,find_and_suppress,261,787.0,1386.0,0.57763976,0.0,False,1.0,non_human_findings,-1,0
201.tiff,find_and_suppress,262,1803.0,3499.0,0.577482,0.0,False,1.0,non_human_findings,-1,0
201.tiff,find_and_suppress,263,3277.0,2846.0,0.5774532,0.0,False,1.0,non_human_findings,-1,0
201.tiff,find_and_suppress,264,3805.0,1346.0,0.57722247,0.0,False,1.0,non_human_findings,-1,0
201.tiff,find_and_suppress,265,5473.0,3402.0,0.5770476,0.0,False,1.0,non_human_findings,-1,0
201.tiff,find_and_suppress,266,1984.0,293.0,0.57696635,0.0,False,1.0,non_human_findings,-1,0
201.tiff,find_and_suppress,267,1359.0,2319.0,0.57693315,0.0,False,1.0,non_human_findings,-1,0
201.tiff,find_and_suppress,268,4771.0,3444.0,0.5769177,0.0,False,1.0,non_human_findings,-1,0
201.tiff,find_and_suppress,269,3491.0,2022.0,0.576744,0.0,False,1.0,non_human_findings,-1,0
201.tiff,find_and_suppress,270,6476.0,282.0,0.5763189,0.0,False,1.0,non_human_findings,-1,0
201.tiff,find_and_suppress,271,6037.0,4278.0,0.57620347,0.0,False,1.0,non_human_findings,-1,0
201.tiff,find_and_suppress,272,4744.0,4348.0,0.5761992,0.0,False,1.0,non_human_findings,-1,0
201.tiff,find_and_suppress,273,1698.0,133.0,0.5761454,0.0,False,1.0,non_human_findings,-1,0
201.tiff,find_and_suppress,274,3165.0,2537.0,0.57532203,0.0,False,1.0,non_human_findings,-1,0
201.tiff,find_and_suppress,275,6385.0,350.0,0.5751813,0.0,False,1.0,non_human_findings,-1,0
201.tiff,find_and_suppress,276,3073.0,1410.0,0.5751801,0.0,False,1.0,non_human_findings,-1,0
201.tiff,find_and_suppress,277,6356.0,129.0,0.57459265,0.0,False,1.0,non_human_findings,-1,0
201.tiff,find_and_suppress,278,4263.0,1871.0,0.574431,0.0,False,1.0,non_human_findings,-1,0
201.tiff,find_and_suppress,279,3198.0,2100.0,0.57436025,0.0,False,1.0,non_human_findings,-1,0
201.tiff,find_and_suppress,280,3975.0,370.0,0.57419455,0.0,False,1.0,non_human_findings,-1,0
201.tiff,find_and_suppress,281,1585.0,2133.0,0.57405734,0.0,False,1.0,non_human_findings,-1,0
201.tiff,find_and_suppress,282,5275.0,2756.0,0.5739617,0.0,False,1.0,non_human_findings,-1,0
201.tiff,find_and_suppress,283,5262.0,3365.0,0.57377505,0.0,False,1.0,non_human_findings,-1,0
201.tiff,find_and_suppress,284,1770.0,1592.0,0.57336515,0.0,False,1.0,non_human_findings,-1,0
201.tiff,find_and_suppress,285,1273.0,2448.0,0.5730818,0.0,False,1.0,non_human_findings,-1,0
201.tiff,find_and_suppress,286,2403.0,1619.0,0.5729076,0.0,False,1.0,non_human_findings,-1,0
201.tiff,find_and_suppress,287,4253.0,1686.0,0.5725978,0.0,False,1.0,non_human_findings,-1,0
201.tiff,find_and_suppress,288,6456.0,334.0,0.57239693,0.0,False,1.0,non_human_findings,-1,0
201.tiff,find_and_suppress,289,4351.0,708.0,0.572252,0.0,False,1.0,non_human_findings,-1,0
201.tiff,find_and_suppress,290,4725.0,2988.0,0.5721854,0.0,False,1.0,non_human_findings,-1,0
201.tiff,find_and_suppress,291,1358.0,2592.0,0.5719717,0.0,False,1.0,non_human_findings,-1,0
201.tiff,find_and_suppress,292,2086.0,542.0,0.57192755,0.0,False,1.0,non_human_findings,-1,0
201.tiff,find_and_suppress,293,4196.0,3456.0,0.57139945,0.0,False,1.0,non_human_findings,-1,0
201.tiff,find_and_suppress,294,1526.0,2684.0,0.57123005,0.0,False,1.0,non_human_findings,-1,0
201.tiff,find_and_suppress,295,1209.0,1853.0,0.5708916,0.0,False,1.0,non_human_findings,-1,0
201.tiff,find_and_suppress,296,5910.0,50.0,0.57087857,0.0,False,1.0,non_human_findings,-1,0
201.tiff,find_and_suppress,297,4885.0,3171.0,0.5707973,0.0,False,1.0,non_human_findings,-1,0
201.tiff,find_and_suppress,298,5509.0,2895.0,0.5706481,0.0,False,1.0,non_human_findings,-1,0
201.tiff,find_and_suppress,299,2920.0,1020.0,0.5705661,0.0,False,1.0,non_human_findings,-1,0
201.tiff,find_and_suppress,300,4854.0,3172.0,0.5705226,0.0,False,1.0,non_human_findings,-1,0
201.tiff,find_and_suppress,301,4589.0,1805.0,0.57039905,0.0,False,1.0,non_human_findings,-1,0
201.tiff,find_and_suppress,302,1616.0,3127.0,0.5701006,0.0,False,1.0,non_human_findings,-1,0
201.tiff,find_and_suppress,303,1086.0,3528.0,0.5693638,0.0,False,1.0,non_human_findings,-1,0
201.tiff,find_and_suppress,304,431.0,1657.0,0.56898206,0.0,False,1.0,non_human_findings,-1,0
201.tiff,find_and_suppress,305,1335.0,1964.0,0.5688039,0.0,False,1.0,non_human_findings,-1,0
201.tiff,find_and_suppress,306,3010.0,1581.0,0.56856734,0.0,False,1.0,non_human_findings,-1,0
201.tiff,find_and_suppress,307,6290.0,3214.0,0.5684359,0.0,False,1.0,non_human_findings,-1,0
201.tiff,find_and_suppress,308,369.0,360.0,0.56843525,0.0,False,1.0,non_human_findings,-1,0
201.tiff,find_and_suppress,309,2859.0,3084.0,0.5683124,0.0,False,1.0,non_human_findings,-1,0
201.tiff,find_and_suppress,310,2730.0,4243.0,0.5681605,0.0,False,1.0,non_human_findings,-1,0
201.tiff,find_and_suppress,311,4649.0,1429.0,0.56815606,0.0,False,1.0,non_human_findings,-1,0
201.tiff,find_and_suppress,312,1936.0,2602.0,0.56806964,0.0,False,1.0,non_human_findings,-1,0
201.tiff,find_and_suppress,313,5044.0,588.0,0.5679977,0.0,False,1.0,non_human_findings,-1,0
201.tiff,find_and_suppress,314,4482.0,2260.0,0.56786066,0.0,False,1.0,non_human_findings,-1,0
201.tiff,find_and_suppress,315,3434.0,2328.0,0.56774086,0.0,False,1.0,non_human_findings,-1,0
201.tiff,find_and_suppress,316,4137.0,2690.0,0.5675812,0.0,False,1.0,non_human_findings,-1,0
201.tiff,find_and_suppress,317,2159.0,3641.0,0.56757194,0.0,False,1.0,non_human_findings,-1,0
201.tiff,find_and_suppress,318,3180.0,3292.0,0.56730545,0.0,False,1.0,non_human_findings,-1,0
201.tiff,find_and_suppress,319,4240.0,4079.0,0.56711394,0.0,False,1.0,non_human_findings,-1,0
201.tiff,find_and_suppress,320,6288.0,2398.0,0.5670262,0.0,False,1.0,non_human_findings,-1,0
201.tiff,find_and_suppress,321,1244.0,2177.0,0.56700397,0.0,False,1.0,non_human_findings,-1,0
201.tiff,find_and_suppress,322,775.0,2824.0,0.56694657,0.0,False,1.0,non_human_findings,-1,0
201.tiff,find_and_suppress,323,262.0,2314.0,0.5667504,0.0,False,1.0,non_human_findings,-1,0
201.tiff,find_and_suppress,324,4908.0,3686.0,0.5666593,0.0,False,1.0,non_human_findings,-1,0
201.tiff,find_and_suppress,325,2202.0,3466.0,0.5665837,0.0,False,1.0,non_human_findings,-1,0
201.tiff,find_and_suppress,326,5570.0,2466.0,0.56640255,0.0,False,1.0,non_human_findings,-1,0
201.tiff,find_and_suppress,327,4082.0,2693.0,0.56614524,0.0,False,1.0,non_human_findings,-1,0
201.tiff,find_and_suppress,328,5927.0,4025.0,0.56599987,0.0,False,1.0,non_human_findings,-1,0
201.tiff,find_and_suppress,329,5231.0,3518.0,0.5658551,0.0,False,1.0,non_human_findings,-1,0
201.tiff,find_and_suppress,330,4040.0,744.0,0.56563264,0.0,False,1.0,non_human_findings,-1,0
201.tiff,find_and_suppress,331,1165.0,2263.0,0.56550086,0.0,False,1.0,non_human_findings,-1,0
201.tiff,find_and_suppress,332,3222.0,637.0,0.56522304,0.0,False,1.0,non_human_findings,-1,0
201.tiff,find_and_suppress,333,5163.0,1204.0,0.565132,0.0,False,1.0,non_human_findings,-1,0
201.tiff,find_and_suppress,334,5445.0,2918.0,0.5650524,0.0,False,1.0,non_human_findings,-1,0
201.tiff,find_and_suppress,335,4732.0,3441.0,0.56501746,0.0,False,1.0,non_human_findings,-1,0
201.tiff,find_and_suppress,336,98.0,1737.0,0.5648161,0.0,False,1.0,non_human_findings,-1,0
201.tiff,find_and_suppress,337,4485.0,1377.0,0.5646137,0.0,False,1.0,non_human_findings,-1,0
201.tiff,find_and_suppress,338,2243.0,624.0,0.5644722,0.0,False,1.0,non_human_findings,-1,0
201.tiff,find_and_suppress,339,3483.0,1155.0,0.5643979,0.0,False,1.0,non_human_findings,-1,0
201.tiff,find_and_suppress,340,2068.0,2499.0,0.5643686,0.0,False,1.0,non_human_findings,-1,0
201.tiff,find_and_suppress,341,5421.0,1102.0,0.56409097,0.0,False,1.0,non_human_findings,-1,0
201.tiff,find_and_suppress,342,2731.0,1506.0,0.56400955,0.0,False,1.0,non_human_findings,-1,0
201.tiff,find_and_suppress,343,1473.0,469.0,0.56397283,0.0,False,1.0,non_human_findings,-1,0
201.tiff,find_and_suppress,344,2739.0,1751.0,0.5638414,0.0,False,1.0,non_human_findings,-1,0
201.tiff,find_and_suppress,345,4164.0,1740.0,0.5638317,0.0,False,1.0,non_human_findings,-1,0
201.tiff,find_and_suppress,346,2439.0,2093.0,0.56349325,0.0,False,1.0,non_human_findings,-1,0
201.tiff,find_and_suppress,347,3423.0,1019.0,0.5632936,0.0,False,1.0,non_human_findings,-1,0
201.tiff,find_and_suppress,348,32.0,4436.0,0.56327593,0.0,False,1.0,non_human_findings,-1,0
201.tiff,find_and_suppress,349,6481.0,2236.0,0.5632222,0.0,False,1.0,non_human_findings,-1,0
201.tiff,find_and_suppress,350,3188.0,4050.0,0.56309724,0.0,False,1.0,non_human_findings,-1,0
201.tiff,find_and_suppress,351,1666.0,3422.0,0.5626931,0.0,False,1.0,non_human_findings,-1,0
201.tiff,find_and_suppress,352,1941.0,193.0,0.56241953,0.0,False,1.0,non_human_findings,-1,0
201.tiff,find_and_suppress,353,262.0,2401.0,0.5622957,0.0,False,1.0,non_human_findings,-1,0
201.tiff,find_and_suppress,354,6344.0,73.0,0.5622622,0.0,False,1.0,non_human_findings,-1,0
201.tiff,find_and_suppress,355,2929.0,590.0,0.56222117,0.0,False,1.0,non_human_findings,-1,0
201.tiff,find_and_suppress,356,1853.0,3360.0,0.5621494,0.0,False,1.0,non_human_findings,-1,0
201.tiff,find_and_suppress,357,5531.0,1674.0,0.5620818,0.0,False,1.0,non_human_findings,-1,0
201.tiff,find_and_suppress,358,2355.0,1313.0,0.5620774,0.0,False,1.0,non_human_findings,-1,0
201.tiff,find_and_suppress,359,2014.0,2394.0,0.5619923,0.0,False,1.0,non_human_findings,-1,0
201.tiff,find_and_suppress,360,5933.0,4535.0,0.56182534,0.0,False,1.0,non_human_findings,-1,0
201.tiff,find_and_suppress,361,2217.0,377.0,0.5617526,0.0,False,1.0,non_human_findings,-1,0
201.tiff,find_and_suppress,362,4363.0,884.0,0.5613965,0.0,False,1.0,non_human_findings,-1,0
201.tiff,find_and_suppress,363,4818.0,4558.0,0.5613277,0.0,False,1.0,non_human_findings,-1,0
201.tiff,find_and_suppress,364,6110.0,146.0,0.5611223,0.0,False,1.0,non_human_findings,-1,0
201.tiff,find_and_suppress,365,6200.0,1853.0,0.56083673,0.0,False,1.0,non_human_findings,-1,0
201.tiff,find_and_suppress,366,1313.0,312.0,0.5608009,0.0,False,1.0,non_human_findings,-1,0
201.tiff,find_and_suppress,367,5256.0,4606.0,0.5607536,0.0,False,1.0,non_human_findings,-1,0
201.tiff,find_and_suppress,368,4063.0,920.0,0.56071717,0.0,False,1.0,non_human_findings,-1,0
201.tiff,find_and_suppress,369,1827.0,2407.0,0.560468,0.0,False,1.0,non_human_findings,-1,0
201.tiff,find_and_suppress,370,3140.0,1495.0,0.5602269,0.0,False,1.0,non_human_findings,-1,0
201.tiff,find_and_suppress,371,5438.0,4314.0,0.5599545,0.0,False,1.0,non_human_findings,-1,0
201.tiff,find_and_suppress,372,3126.0,4674.0,0.5597584,0.0,False,1.0,non_human_findings,-1,0
201.tiff,find_and_suppress,373,2145.0,883.0,0.55974096,0.0,False,1.0,non_human_findings,-1,0
201.tiff,find_and_suppress,374,4477.0,2349.0,0.55963904,0.0,False,1.0,non_human_findings,-1,0
201.tiff,find_and_suppress,375,6384.0,2821.0,0.55952203,0.0,False,1.0,non_human_findings,-1,0
201.tiff,find_and_suppress,376,4525.0,666.0,0.55935204,0.0,False,1.0,non_human_findings,-1,0
201.tiff,find_and_suppress,377,5328.0,288.0,0.5593455,0.0,False,1.0,non_human_findings,-1,0
201.tiff,find_and_suppress,378,3509.0,1373.0,0.5593146,0.0,False,1.0,non_human_findings,-1,0
201.tiff,find_and_suppress,379,5061.0,3815.0,0.5592723,0.0,False,1.0,non_human_findings,-1,0
201.tiff,find_and_suppress,380,4408.0,1659.0,0.559187,0.0,False,1.0,non_human_findings,-1,0
201.tiff,find_and_suppress,381,448.0,2749.0,0.5590685,0.0,False,1.0,non_human_findings,-1,0
201.tiff,find_and_suppress,382,6325.0,988.0,0.5589522,0.0,False,1.0,non_human_findings,-1,0
201.tiff,find_and_suppress,383,4086.0,1289.0,0.5589127,0.0,False,1.0,non_human_findings,-1,0
201.tiff,find_and_suppress,384,3867.0,3487.0,0.5589011,0.0,False,1.0,non_human_findings,-1,0
201.tiff,find_and_suppress,385,4985.0,3007.0,0.55886674,0.0,False,1.0,non_human_findings,-1,0
201.tiff,find_and_suppress,386,4805.0,438.0,0.5583203,0.0,False,1.0,non_human_findings,-1,0
201.tiff,find_and_suppress,387,1553.0,2500.0,0.5581942,0.0,False,1.0,non_human_findings,-1,0
201.tiff,find_and_suppress,388,3422.0,1065.0,0.55782676,0.0,False,1.0,non_human_findings,-1,0
201.tiff,find_and_suppress,389,4907.0,1705.0,0.55772835,0.0,False,1.0,non_human_findings,-1,0
201.tiff,find_and_suppress,390,2226.0,1114.0,0.5576454,0.0,False,1.0,non_human_findings,-1,0
201.tiff,find_and_suppress,391,4207.0,3591.0,0.55747956,0.0,False,1.0,non_human_findings,-1,0
201.tiff,find_and_suppress,392,5456.0,2721.0,0.55743206,0.0,False,1.0,non_human_findings,-1,0
201.tiff,find_and_suppress,393,47.0,1698.0,0.55737615,0.0,False,1.0,non_human_findings,-1,0
201.tiff,find_and_suppress,394,5860.0,173.0,0.55728525,0.0,False,1.0,non_human_findings,-1,0
201.tiff,find_and_suppress,395,3333.0,3550.0,0.5572733,0.0,False,1.0,non_human_findings,-1,0
201.tiff,find_and_suppress,396,4549.0,1749.0,0.5571976,0.0,False,1.0,non_human_findings,-1,0
201.tiff,find_and_suppress,397,5581.0,4454.0,0.55691165,0.0,False,1.0,non_human_findings,-1,0
201.tiff,find_and_suppress,398,264.0,4849.0,0.55686355,0.0,False,1.0,non_human_findings,-1,0
201.tiff,find_and_suppress,399,1913.0,277.0,0.5568568,0.0,False,1.0,non_human_findings,-1,0
201.tiff,find_and_suppress,400,5159.0,1754.0,0.55684274,0.0,False,1.0,non_human_findings,-1,0
201.tiff,find_and_suppress,401,2594.0,3757.0,0.5566806,0.0,False,1.0,non_human_findings,-1,0
201.tiff,find_and_suppress,402,3625.0,3583.0,0.5566649,0.0,False,1.0,non_human_findings,-1,0
201.tiff,find_and_suppress,403,4541.0,1288.0,0.5566163,0.0,False,1.0,non_human_findings,-1,0
201.tiff,find_and_suppress,404,5097.0,2839.0,0.55546886,0.0,False,1.0,non_human_findings,-1,0
201.tiff,find_and_suppress,405,2301.0,3647.0,0.5553844,0.0,False,1.0,non_human_findings,-1,0
201.tiff,find_and_suppress,406,3197.0,4326.0,0.5551752,0.0,False,1.0,non_human_findings,-1,0
201.tiff,find_and_suppress,407,2837.0,160.0,0.5551702,0.0,False,1.0,non_human_findings,-1,0
201.tiff,find_and_suppress,408,1764.0,3656.0,0.55512565,0.0,False,1.0,non_human_findings,-1,0
201.tiff,find_and_suppress,409,734.0,2620.0,0.55507004,0.0,False,1.0,non_human_findings,-1,0
201.tiff,find_and_suppress,410,1034.0,340.0,0.5550374,0.0,False,1.0,non_human_findings,-1,0
201.tiff,find_and_suppress,411,923.0,1964.0,0.5548246,0.0,False,1.0,non_human_findings,-1,0
201.tiff,find_and_suppress,412,606.0,3182.0,0.5546743,0.0,False,1.0,non_human_findings,-1,0
201.tiff,find_and_suppress,413,78.0,878.0,0.5546076,0.0,False,1.0,non_human_findings,-1,0
201.tiff,find_and_suppress,414,5896.0,2076.0,0.5545116,0.0,False,1.0,non_human_findings,-1,0
201.tiff,find_and_suppress,415,1795.0,105.0,0.55438197,0.0,False,1.0,non_human_findings,-1,0
201.tiff,find_and_suppress,416,1343.0,769.0,0.55432874,0.0,False,1.0,non_human_findings,-1,0
201.tiff,find_and_suppress,417,2141.0,4020.0,0.55421335,0.0,False,1.0,non_human_findings,-1,0
201.tiff,find_and_suppress,418,6141.0,778.0,0.5541248,0.0,False,1.0,non_human_findings,-1,0
201.tiff,find_and_suppress,419,3493.0,2610.0,0.5541013,0.0,False,1.0,non_human_findings,-1,0
201.tiff,find_and_suppress,420,964.0,3848.0,0.55407155,0.0,False,1.0,non_human_findings,-1,0
201.tiff,find_and_suppress,421,2976.0,2360.0,0.55403376,0.0,False,1.0,non_human_findings,-1,0
201.tiff,find_and_suppress,422,4617.0,2125.0,0.553977,0.0,False,1.0,non_human_findings,-1,0
201.tiff,find_and_suppress,423,5727.0,3044.0,0.55391717,0.0,False,1.0,non_human_findings,-1,0
201.tiff,find_and_suppress,424,4738.0,4408.0,0.55391073,0.0,False,1.0,non_human_findings,-1,0
201.tiff,find_and_suppress,425,828.0,1393.0,0.55385125,0.0,False,1.0,non_human_findings,-1,0
201.tiff,find_and_suppress,426,6535.0,3024.0,0.5537611,0.0,False,1.0,non_human_findings,-1,0
201.tiff,find_and_suppress,427,5771.0,3367.0,0.5537107,0.0,False,1.0,non_human_findings,-1,0
201.tiff,find_and_suppress,428,6076.0,3757.0,0.5536573,0.0,False,1.0,non_human_findings,-1,0
201.tiff,find_and_suppress,429,5852.0,274.0,0.5535261,0.0,False,1.0,non_human_findings,-1,0
201.tiff,find_and_suppress,430,4623.0,1897.0,0.5534765,0.0,False,1.0,non_human_findings,-1,0
201.tiff,find_and_suppress,431,874.0,4735.0,0.553252,0.0,False,1.0,non_human_findings,-1,0
201.tiff,find_and_suppress,432,1230.0,374.0,0.55304873,0.0,False,1.0,non_human_findings,-1,0
201.tiff,find_and_suppress,433,2346.0,1483.0,0.5529465,0.0,False,1.0,non_human_findings,-1,0
201.tiff,find_and_suppress,434,5264.0,1516.0,0.55289286,0.0,False,1.0,non_human_findings,-1,0
201.tiff,find_and_suppress,435,2222.0,1335.0,0.55285305,0.0,False,1.0,non_human_findings,-1,0
201.tiff,find_and_suppress,436,5954.0,2047.0,0.5527063,0.0,False,1.0,non_human_findings,-1,0
201.tiff,find_and_suppress,437,2256.0,3058.0,0.5526148,0.0,False,1.0,non_human_findings,-1,0
201.tiff,find_and_suppress,438,5948.0,656.0,0.5523106,0.0,False,1.0,non_human_findings,-1,0
201.tiff,find_and_suppress,439,1079.0,349.0,0.55225736,0.0,False,1.0,non_human_findings,-1,0
201.tiff,find_and_suppress,440,4606.0,977.0,0.5522389,0.0,False,1.0,non_human_findings,-1,0
201.tiff,find_and_suppress,441,3872.0,2535.0,0.55208075,0.0,False,1.0,non_human_findings,-1,0
201.tiff,find_and_suppress,442,189.0,1661.0,0.5520639,0.0,False,1.0,non_human_findings,-1,0
201.tiff,find_and_suppress,443,2855.0,573.0,0.552023,0.0,False,1.0,non_human_findings,-1,0
201.tiff,find_and_suppress,444,5588.0,486.0,0.55190545,0.0,False,1.0,non_human_findings,-1,0
201.tiff,find_and_suppress,445,3546.0,1335.0,0.55180097,0.0,False,1.0,non_human_findings,-1,0
201.tiff,find_and_suppress,446,6149.0,2218.0,0.5517766,0.0,False,1.0,human_rejected_label,4495,2
201.tiff,find_and_suppress,447,1474.0,2022.0,0.5516575,0.0,False,1.0,non_human_findings,-1,0
201.tiff,find_and_suppress,448,68.0,2728.0,0.5516037,0.0,False,1.0,non_human_findings,-1,0
201.tiff,find_and_suppress,449,2287.0,2396.0,0.5515714,0.0,False,1.0,non_human_findings,-1,0
201.tiff,find_and_suppress,450,2466.0,478.0,0.55156726,0.0,False,1.0,non_human_findings,-1,0
201.tiff,find_and_suppress,451,4242.0,2787.0,0.5513818,0.0,False,1.0,non_human_findings,-1,0
201.tiff,find_and_suppress,452,787.0,2600.0,0.5512754,0.0,False,1.0,non_human_findings,-1,0
201.tiff,find_and_suppress,453,3707.0,3343.0,0.55115384,0.0,False,1.0,non_human_findings,-1,0
201.tiff,find_and_suppress,454,1702.0,1344.0,0.5510316,0.0,False,1.0,non_human_findings,-1,0
201.tiff,find_and_suppress,455,3970.0,1481.0,0.5508998,0.0,False,1.0,non_human_findings,-1,0
201.tiff,find_and_suppress,456,2752.0,1404.0,0.5506759,0.0,False,1.0,non_human_findings,-1,0
201.tiff,find_and_suppress,457,6455.0,1856.0,0.5506715,0.0,False,1.0,non_human_findings,-1,0
201.tiff,find_and_suppress,458,6235.0,3010.0,0.55051905,0.0,False,1.0,non_human_findings,-1,0
201.tiff,find_and_suppress,459,2660.0,1562.0,0.55024815,0.0,False,1.0,non_human_findings,-1,0
201.tiff,find_and_suppress,460,4763.0,2132.0,0.5501072,0.0,False,1.0,non_human_findings,-1,0
201.tiff,find_and_suppress,461,730.0,4792.0,0.5500518,0.0,False,1.0,non_human_findings,-1,0
201.tiff,find_and_suppress,462,54.0,2298.0,0.54986125,0.0,False,1.0,non_human_findings,-1,0
201.tiff,find_and_suppress,463,1587.0,84.0,0.5497457,0.0,False,1.0,non_human_findings,-1,0
201.tiff,find_and_suppress,464,3224.0,1214.0,0.54965484,0.0,False,1.0,non_human_findings,-1,0
201.tiff,find_and_suppress,465,1112.0,1860.0,0.5495697,0.0,False,1.0,non_human_findings,-1,0
201.tiff,find_and_suppress,466,3083.0,83.0,0.5494957,0.0,False,1.0,non_human_findings,-1,0
201.tiff,find_and_suppress,467,6226.0,210.0,0.54947186,0.0,False,1.0,non_human_findings,-1,0
201.tiff,find_and_suppress,468,1827.0,3134.0,0.54936576,0.0,False,1.0,non_human_findings,-1,0
201.tiff,find_and_suppress,469,2814.0,1727.0,0.5493338,0.0,False,1.0,non_human_findings,-1,0
201.tiff,find_and_suppress,470,2124.0,2526.0,0.549303,0.0,False,1.0,non_human_findings,-1,0
201.tiff,find_and_suppress,471,1445.0,2811.0,0.549199,0.0,False,1.0,non_human_findings,-1,0
201.tiff,find_and_suppress,472,4113.0,4425.0,0.5486846,0.0,False,1.0,non_human_findings,-1,0
201.tiff,find_and_suppress,473,4443.0,2342.0,0.5486222,0.0,False,1.0,non_human_findings,-1,0
201.tiff,find_and_suppress,474,1096.0,273.0,0.54839283,0.0,False,1.0,non_human_findings,-1,0
201.tiff,find_and_suppress,475,4390.0,1065.0,0.5483862,0.0,False,1.0,non_human_findings,-1,0
201.tiff,find_and_suppress,476,5465.0,59.0,0.54807514,0.0,False,1.0,non_human_findings,-1,0
201.tiff,find_and_suppress,477,5635.0,2070.0,0.54806495,0.0,False,1.0,non_human_findings,-1,0
201.tiff,find_and_suppress,478,2796.0,313.0,0.54785377,0.0,False,1.0,non_human_findings,-1,0
201.tiff,find_and_suppress,479,1885.0,1690.0,0.54764223,0.0,False,1.0,non_human_findings,-1,0
201.tiff,find_and_suppress,480,6414.0,101.0,0.5475167,0.0,False,1.0,non_human_findings,-1,0
201.tiff,find_and_suppress,481,6425.0,3053.0,0.5474565,0.0,False,1.0,non_human_findings,-1,0
201.tiff,find_and_suppress,482,3338.0,1534.0,0.54739785,0.0,False,1.0,non_human_findings,-1,0
201.tiff,find_and_suppress,483,761.0,3114.0,0.5470016,0.0,False,1.0,non_human_findings,-1,0
201.tiff,find_and_suppress,484,786.0,1887.0,0.547,0.0,False,1.0,non_human_findings,-1,0
201.tiff,find_and_suppress,485,5459.0,2200.0,0.54696596,0.0,False,1.0,non_human_findings,-1,0
201.tiff,find_and_suppress,486,2195.0,164.0,0.5468889,0.0,False,1.0,non_human_findings,-1,0
201.tiff,find_and_suppress,487,2155.0,201.0,0.54662853,0.0,False,1.0,non_human_findings,-1,0
201.tiff,find_and_suppress,488,6068.0,663.0,0.54648614,0.0,False,1.0,non_human_findings,-1,0
201.tiff,find_and_suppress,489,3653.0,2253.0,0.5464712,0.0,False,1.0,non_human_findings,-1,0
201.tiff,find_and_suppress,490,6096.0,53.0,0.54644805,0.0,False,1.0,non_human_findings,-1,0
201.tiff,find_and_suppress,491,5399.0,2578.0,0.5464461,0.0,False,1.0,non_human_findings,-1,0
201.tiff,find_and_suppress,492,317.0,1449.0,0.5461873,0.0,False,1.0,non_human_findings,-1,0
201.tiff,find_and_suppress,493,2503.0,1303.0,0.5461451,0.0,False,1.0,non_human_findings,-1,0
201.tiff,find_and_suppress,494,1939.0,3533.0,0.5461217,0.0,False,1.0,non_human_findings,-1,0
201.tiff,find_and_suppress,495,5994.0,3669.0,0.54603654,0.0,False,1.0,non_human_findings,-1,0
201.tiff,find_and_suppress,496,6338.0,1817.0,0.546009,0.0,False,1.0,non_human_findings,-1,0
201.tiff,find_and_suppress,497,2450.0,1200.0,0.54600286,0.0,False,1.0,non_human_findings,-1,0
201.tiff,find_and_suppress,498,5631.0,951.0,0.5459964,0.0,False,1.0,non_human_findings,-1,0
201.tiff,find_and_suppress,499,6411.0,4683.0,0.545776,0.0,False,1.0,non_human_findings,-1,0
201.tiff,find_and_suppress,500,5710.0,217.0,0.5457139,0.0,False,1.0,non_human_findings,-1,0
201.tiff,find_and_suppress,501,3598.0,40.0,0.5457075,0.0,False,1.0,non_human_findings,-1,0
201.tiff,find_and_suppress,502,1900.0,4145.0,0.5456749,0.0,False,1.0,non_human_findings,-1,0
201.tiff,find_and_suppress,503,4209.0,3337.0,0.5453831,0.0,False,1.0,non_human_findings,-1,0
201.tiff,find_and_suppress,504,1557.0,2615.0,0.5453047,0.0,False,1.0,non_human_findings,-1,0
201.tiff,find_and_suppress,505,1537.0,1472.0,0.5451852,0.0,False,1.0,non_human_findings,-1,0
201.tiff,find_and_suppress,506,6092.0,1786.0,0.54501647,0.0,False,1.0,non_human_findings,-1,0
201.tiff,find_and_suppress,507,2713.0,3828.0,0.54491115,0.0,False,1.0,non_human_findings,-1,0
201.tiff,find_and_suppress,508,3977.0,2138.0,0.54490364,0.0,False,1.0,non_human_findings,-1,0
201.tiff,find_and_suppress,509,928.0,1385.0,0.5447775,0.0,False,1.0,non_human_findings,-1,0
201.tiff,find_and_suppress,510,5279.0,2996.0,0.54474705,0.0,False,1.0,non_human_findings,-1,0
201.tiff,find_and_suppress,511,2513.0,3083.0,0.54455787,0.0,False,1.0,non_human_findings,-1,0
201.tiff,find_and_suppress,512,6511.0,3074.0,0.54451525,0.0,False,1.0,non_human_findings,-1,0
201.tiff,find_and_suppress,513,939.0,4787.0,0.5444865,0.0,False,1.0,non_human_findings,-1,0
201.tiff,find_and_suppress,514,4295.0,3182.0,0.54421383,0.0,False,1.0,non_human_findings,-1,0
201.tiff,find_and_suppress,515,2618.0,1025.0,0.5441804,0.0,False,1.0,non_human_findings,-1,0
201.tiff,find_and_suppress,516,1769.0,3502.0,0.54409343,0.0,False,1.0,non_human_findings,-1,0
201.tiff,find_and_suppress,517,4252.0,3536.0,0.5439379,0.0,False,1.0,non_human_findings,-1,0
201.tiff,find_and_suppress,518,1979.0,2084.0,0.5437062,0.0,False,1.0,non_human_findings,-1,0
201.tiff,find_and_suppress,519,6319.0,1569.0,0.5436529,0.0,False,1.0,non_human_findings,-1,0
201.tiff,find_and_suppress,520,1052.0,1652.0,0.5434915,0.0,False,1.0,non_human_findings,-1,0
201.tiff,find_and_suppress,521,4460.0,268.0,0.5432286,0.0,False,1.0,non_human_findings,-1,0
201.tiff,find_and_suppress,522,877.0,2000.0,0.543047,0.0,False,1.0,non_human_findings,-1,0
201.tiff,find_and_suppress,523,326.0,1549.0,0.5430065,0.0,False,1.0,non_human_findings,-1,0
201.tiff,find_and_suppress,524,4780.0,596.0,0.54286206,0.0,False,1.0,non_human_findings,-1,0
201.tiff,find_and_suppress,525,3492.0,2740.0,0.54286087,0.0,False,1.0,non_human_findings,-1,0
201.tiff,find_and_suppress,526,4061.0,439.0,0.5428449,0.0,False,1.0,non_human_findings,-1,0
201.tiff,find_and_suppress,527,3769.0,1834.0,0.54277843,0.0,False,1.0,non_human_findings,-1,0
201.tiff,find_and_suppress,528,2548.0,3093.0,0.5427765,0.0,False,1.0,non_human_findings,-1,0
201.tiff,find_and_suppress,529,4043.0,640.0,0.5426109,0.0,False,1.0,non_human_findings,-1,0
201.tiff,find_and_suppress,530,4813.0,2836.0,0.5425832,0.0,False,1.0,non_human_findings,-1,0
201.tiff,find_and_suppress,531,1630.0,3637.0,0.5425076,0.0,False,1.0,non_human_findings,-1,0
201.tiff,find_and_suppress,532,1072.0,2971.0,0.54247457,0.0,False,1.0,non_human_findings,-1,0
201.tiff,find_and_suppress,533,5769.0,3500.0,0.5424663,0.0,False,1.0,non_human_findings,-1,0
201.tiff,find_and_suppress,534,4467.0,4290.0,0.54244345,0.0,False,1.0,non_human_findings,-1,0
201.tiff,find_and_suppress,535,1234.0,4341.0,0.5422451,0.0,False,1.0,non_human_findings,-1,0
201.tiff,find_and_suppress,536,5130.0,2255.0,0.5422318,0.0,False,1.0,non_human_findings,-1,0
201.tiff,find_and_suppress,537,5306.0,3353.0,0.5421976,0.0,False,1.0,non_human_findings,-1,0
201.tiff,find_and_suppress,538,2512.0,1699.0,0.54216355,0.0,False,1.0,non_human_findings,-1,0
201.tiff,find_and_suppress,539,4348.0,4024.0,0.5420876,0.0,False,1.0,non_human_findings,-1,0
201.tiff,find_and_suppress,540,3795.0,1000.0,0.5418616,0.0,False,1.0,non_human_findings,-1,0
201.tiff,find_and_suppress,541,4522.0,1559.0,0.54175335,0.0,False,1.0,non_human_findings,-1,0
201.tiff,find_and_suppress,542,5005.0,889.0,0.54161125,0.0,False,1.0,non_human_findings,-1,0
201.tiff,find_and_suppress,543,1714.0,918.0,0.5415688,0.0,False,1.0,non_human_findings,-1,0
201.tiff,find_and_suppress,544,826.0,1877.0,0.5414807,0.0,False,1.0,non_human_findings,-1,0
201.tiff,find_and_suppress,545,906.0,2116.0,0.5412465,0.0,False,1.0,non_human_findings,-1,0
201.tiff,find_and_suppress,546,2758.0,2454.0,0.5411963,0.0,False,1.0,non_human_findings,-1,0
201.tiff,find_and_suppress,547,5785.0,3159.0,0.5410946,0.0,False,1.0,non_human_findings,-1,0
201.tiff,find_and_suppress,548,4861.0,2675.0,0.54099196,0.0,False,1.0,non_human_findings,-1,0
201.tiff,find_and_suppress,549,6199.0,3588.0,0.5409271,0.0,False,1.0,non_human_findings,-1,0
201.tiff,find_and_suppress,550,1667.0,2482.0,0.5408753,0.0,False,1.0,non_human_findings,-1,0
201.tiff,find_and_suppress,551,2487.0,122.0,0.54081684,0.0,False,1.0,non_human_findings,-1,0
201.tiff,find_and_suppress,552,2883.0,4413.0,0.54079765,0.0,False,1.0,non_human_findings,-1,0
201.tiff,find_and_suppress,553,5132.0,1594.0,0.54076797,0.0,False,1.0,non_human_findings,-1,0
201.tiff,find_and_suppress,554,1192.0,256.0,0.54061365,0.0,False,1.0,non_human_findings,-1,0
201.tiff,find_and_suppress,555,3224.0,1503.0,0.54061234,0.0,False,1.0,human_rejected_label,4449,2
201.tiff,find_and_suppress,556,6096.0,2738.0,0.54030144,0.0,False,1.0,non_human_findings,-1,0
201.tiff,find_and_suppress,557,5957.0,1017.0,0.5400783,0.0,False,1.0,non_human_findings,-1,0
201.tiff,find_and_suppress,558,109.0,1925.0,0.5399434,0.0,False,1.0,non_human_findings,-1,0
201.tiff,find_and_suppress,559,3205.0,2345.0,0.53985465,0.0,False,1.0,non_human_findings,-1,0
201.tiff,find_and_suppress,560,4163.0,790.0,0.5397652,0.0,False,1.0,non_human_findings,-1,0
201.tiff,find_and_suppress,561,3518.0,1446.0,0.539739,0.0,False,1.0,non_human_findings,-1,0
201.tiff,find_and_suppress,562,4482.0,2020.0,0.53963464,0.0,False,1.0,non_human_findings,-1,0
201.tiff,find_and_suppress,563,2259.0,2383.0,0.5394647,0.0,False,1.0,non_human_findings,-1,0
201.tiff,find_and_suppress,564,5307.0,2186.0,0.53926134,0.0,False,1.0,non_human_findings,-1,0
201.tiff,find_and_suppress,565,5680.0,1394.0,0.53921837,0.0,False,1.0,non_human_findings,-1,0
201.tiff,find_and_suppress,566,6510.0,3632.0,0.53914714,0.0,False,1.0,non_human_findings,-1,0
201.tiff,find_and_suppress,567,1759.0,2079.0,0.539065,0.0,False,1.0,non_human_findings,-1,0
201.tiff,find_and_suppress,568,5706.0,3593.0,0.53899765,0.0,False,1.0,non_human_findings,-1,0
201.tiff,find_and_suppress,569,2039.0,984.0,0.53886205,0.0,False,1.0,non_human_findings,-1,0
201.tiff,find_and_suppress,570,3654.0,1861.0,0.5388458,0.0,False,1.0,non_human_findings,-1,0
201.tiff,find_and_suppress,571,1422.0,1339.0,0.5386101,0.0,False,1.0,non_human_findings,-1,0
201.tiff,find_and_suppress,572,6520.0,2859.0,0.5385853,0.0,False,1.0,non_human_findings,-1,0
201.tiff,find_and_suppress,573,6101.0,2494.0,0.5384873,0.0,False,1.0,non_human_findings,-1,0
201.tiff,find_and_suppress,574,4939.0,3198.0,0.53830206,0.0,False,1.0,non_human_findings,-1,0
201.tiff,find_and_suppress,575,2197.0,2515.0,0.5383019,0.0,False,1.0,non_human_findings,-1,0
201.tiff,find_and_suppress,576,5806.0,4309.0,0.5380432,0.0,False,1.0,non_human_findings,-1,0
201.tiff,find_and_suppress,577,3273.0,1123.0,0.5379517,0.0,False,1.0,non_human_findings,-1,0
201.tiff,find_and_suppress,578,970.0,1410.0,0.5377634,0.0,False,1.0,non_human_findings,-1,0
201.tiff,find_and_suppress,579,740.0,1560.0,0.5376029,0.0,False,1.0,non_human_findings,-1,0
201.tiff,find_and_suppress,580,2933.0,3120.0,0.5375739,0.0,False,1.0,non_human_findings,-1,0
201.tiff,find_and_suppress,581,3438.0,1152.0,0.5372492,0.0,False,1.0,non_human_findings,-1,0
201.tiff,find_and_suppress,582,1386.0,761.0,0.53719485,0.0,False,1.0,non_human_findings,-1,0
201.tiff,find_and_suppress,583,4578.0,2584.0,0.5370472,0.0,False,1.0,non_human_findings,-1,0
201.tiff,find_and_suppress,584,5261.0,1312.0,0.53696406,0.0,False,1.0,non_human_findings,-1,0
201.tiff,find_and_suppress,585,3100.0,3006.0,0.5369468,0.0,False,1.0,non_human_findings,-1,0
201.tiff,find_and_suppress,586,3445.0,126.0,0.536907,0.0,False,1.0,non_human_findings,-1,0
201.tiff,find_and_suppress,587,5203.0,1953.0,0.536861,0.0,False,1.0,non_human_findings,-1,0
201.tiff,find_and_suppress,588,2387.0,3864.0,0.5368197,0.0,False,1.0,non_human_findings,-1,0
201.tiff,find_and_suppress,589,4437.0,2251.0,0.5366663,0.0,False,1.0,non_human_findings,-1,0
201.tiff,find_and_suppress,590,2666.0,298.0,0.53654516,0.0,False,1.0,non_human_findings,-1,0
201.tiff,find_and_suppress,591,5678.0,3002.0,0.53626835,0.0,False,1.0,non_human_findings,-1,0
201.tiff,find_and_suppress,592,905.0,3519.0,0.5362609,0.0,False,1.0,non_human_findings,-1,0
201.tiff,find_and_suppress,593,3969.0,36.0,0.53621143,0.0,False,1.0,non_human_findings,-1,0
201.tiff,find_and_suppress,594,99.0,3959.0,0.5358892,0.0,False,1.0,non_human_findings,-1,0
201.tiff,find_and_suppress,595,741.0,157.0,0.5354982,0.0,False,1.0,non_human_findings,-1,0
201.tiff,find_and_suppress,596,2277.0,1303.0,0.5354292,0.0,False,1.0,non_human_findings,-1,0
201.tiff,find_and_suppress,597,1644.0,4574.0,0.5353761,0.0,False,1.0,non_human_findings,-1,0
201.tiff,find_and_suppress,598,3240.0,4726.0,0.53529644,0.0,False,1.0,non_human_findings,-1,0
201.tiff,find_and_suppress,599,5584.0,575.0,0.5352638,0.0,False,1.0,non_human_findings,-1,0
201.tiff,find_and_suppress,600,6009.0,1056.0,0.53524846,0.0,False,1.0,non_human_findings,-1,0
201.tiff,find_and_suppress,601,2592.0,451.0,0.53519815,0.0,False,1.0,non_human_findings,-1,0
201.tiff,find_and_suppress,602,1952.0,601.0,0.53511924,0.0,False,1.0,non_human_findings,-1,0
201.tiff,find_and_suppress,603,5392.0,2714.0,0.53505516,0.0,False,1.0,non_human_findings,-1,0
201.tiff,find_and_suppress,604,4799.0,1183.0,0.53500676,0.0,False,1.0,non_human_findings,-1,0
201.tiff,find_and_suppress,605,5051.0,2446.0,0.5350008,0.0,False,1.0,non_human_findings,-1,0
201.tiff,find_and_suppress,606,851.0,531.0,0.5348868,0.0,False,1.0,non_human_findings,-1,0
201.tiff,find_and_suppress,607,4378.0,46.0,0.5345797,0.0,False,1.0,non_human_findings,-1,0
201.tiff,find_and_suppress,608,1526.0,3089.0,0.53453326,0.0,False,1.0,non_human_findings,-1,0
201.tiff,find_and_suppress,609,6037.0,2809.0,0.5341957,0.0,False,1.0,non_human_findings,-1,0
201.tiff,find_and_suppress,610,4622.0,1608.0,0.5340858,0.0,False,1.0,non_human_findings,-1,0
201.tiff,find_and_suppress,611,4343.0,2169.0,0.5339765,0.0,False,1.0,non_human_findings,-1,0
201.tiff,find_and_suppress,612,4894.0,3822.0,0.53391963,0.0,False,1.0,non_human_findings,-1,0
201.tiff,find_and_suppress,613,6537.0,4370.0,0.5336941,0.0,False,1.0,non_human_findings,-1,0
201.tiff,find_and_suppress,614,942.0,2624.0,0.53353137,0.0,False,1.0,non_human_findings,-1,0
201.tiff,find_and_suppress,615,3970.0,3102.0,0.5334966,0.0,False,1.0,non_human_findings,-1,0
201.tiff,find_and_suppress,616,5372.0,2143.0,0.53318554,0.0,False,1.0,non_human_findings,-1,0
201.tiff,find_and_suppress,617,1992.0,1557.0,0.53304887,0.0,False,1.0,non_human_findings,-1,0
201.tiff,find_and_suppress,618,5152.0,1373.0,0.532988,0.0,False,1.0,non_human_findings,-1,0
201.tiff,find_and_suppress,619,5513.0,319.0,0.53279406,0.0,False,1.0,non_human_findings,-1,0
201.tiff,find_and_suppress,620,1967.0,1662.0,0.5324384,0.0,False,1.0,non_human_findings,-1,0
201.tiff,find_and_suppress,621,2780.0,2156.0,0.53216374,0.0,False,1.0,non_human_findings,-1,0
201.tiff,find_and_suppress,622,1217.0,1577.0,0.5321595,0.0,False,1.0,non_human_findings,-1,0
201.tiff,find_and_suppress,623,1452.0,3166.0,0.53213495,0.0,False,1.0,non_human_findings,-1,0
201.tiff,find_and_suppress,624,1362.0,2522.0,0.53208464,0.0,False,1.0,non_human_findings,-1,0
201.tiff,find_and_suppress,625,5005.0,4647.0,0.5320667,0.0,False,1.0,non_human_findings,-1,0
201.tiff,find_and_suppress,626,4610.0,1516.0,0.5320655,0.0,False,1.0,non_human_findings,-1,0
201.tiff,find_and_suppress,627,2054.0,603.0,0.53195477,0.0,False,1.0,non_human_findings,-1,0
201.tiff,find_and_suppress,628,3739.0,3517.0,0.5319409,0.0,False,1.0,non_human_findings,-1,0
201.tiff,find_and_suppress,629,6457.0,3183.0,0.5317795,0.0,False,1.0,non_human_findings,-1,0
201.tiff,find_and_suppress,630,1250.0,2955.0,0.5317233,0.0,False,1.0,non_human_findings,-1,0
201.tiff,find_and_suppress,631,4204.0,1865.0,0.53169054,0.0,False,1.0,non_human_findings,-1,0
201.tiff,find_and_suppress,632,3085.0,2363.0,0.5316752,0.0,False,1.0,non_human_findings,-1,0
201.tiff,find_and_suppress,633,2903.0,4813.0,0.5314373,0.0,False,1.0,non_human_findings,-1,0
201.tiff,find_and_suppress,634,1308.0,503.0,0.5311629,0.0,False,1.0,non_human_findings,-1,0
201.tiff,find_and_suppress,635,6316.0,3697.0,0.53110635,0.0,False,1.0,non_human_findings,-1,0
201.tiff,find_and_suppress,636,296.0,3493.0,0.5310974,0.0,False,1.0,non_human_findings,-1,0
201.tiff,find_and_suppress,637,183.0,47.0,0.5310939,0.0,False,1.0,non_human_findings,-1,0
201.tiff,find_and_suppress,638,3778.0,1466.0,0.5310723,0.0,False,1.0,non_human_findings,-1,0
201.tiff,find_and_suppress,639,1076.0,2279.0,0.53103524,0.0,False,1.0,non_human_findings,-1,0
201.tiff,find_and_suppress,640,3520.0,2175.0,0.530857,0.0,False,1.0,non_human_findings,-1,0
201.tiff,find_and_suppress,641,3010.0,1154.0,0.53081423,0.0,False,1.0,non_human_findings,-1,0
201.tiff,find_and_suppress,642,4617.0,3705.0,0.5304588,0.0,False,1.0,non_human_findings,-1,0
201.tiff,find_and_suppress,643,2500.0,192.0,0.5304069,0.0,False,1.0,non_human_findings,-1,0
201.tiff,find_and_suppress,644,5265.0,514.0,0.52979136,0.0,False,1.0,non_human_findings,-1,0
201.tiff,find_and_suppress,645,601.0,4279.0,0.52955586,0.0,False,1.0,non_human_findings,-1,0
201.tiff,find_and_suppress,646,497.0,352.0,0.52941376,0.0,False,1.0,non_human_findings,-1,0
201.tiff,find_and_suppress,647,5494.0,4377.0,0.52933484,0.0,False,1.0,non_human_findings,-1,0
201.tiff,find_and_suppress,648,5952.0,1417.0,0.52918106,0.0,False,1.0,non_human_findings,-1,0
201.tiff,find_and_suppress,649,6484.0,2736.0,0.52896035,0.0,False,1.0,non_human_findings,-1,0
201.tiff,find_and_suppress,650,4104.0,461.0,0.5289017,0.0,False,1.0,non_human_findings,-1,0
201.tiff,find_and_suppress,651,3305.0,470.0,0.5288453,0.0,False,1.0,non_human_findings,-1,0
201.tiff,find_and_suppress,652,5244.0,2021.0,0.5286627,0.0,False,1.0,non_human_findings,-1,0
201.tiff,find_and_suppress,653,2216.0,2780.0,0.52850866,0.0,False,1.0,non_human_findings,-1,0
201.tiff,find_and_suppress,654,162.0,2390.0,0.52826005,0.0,False,1.0,non_human_findings,-1,0
201.tiff,find_and_suppress,655,1528.0,3662.0,0.5281391,0.0,False,1.0,non_human_findings,-1,0
201.tiff,find_and_suppress,656,3171.0,3618.0,0.52811694,0.0,False,1.0,non_human_findings,-1,0
201.tiff,find_and_suppress,657,6407.0,3709.0,0.5278442,0.0,False,1.0,non_human_findings,-1,0
201.tiff,find_and_suppress,658,5535.0,1599.0,0.52783483,0.0,False,1.0,non_human_findings,-1,0
201.tiff,find_and_suppress,659,2270.0,3629.0,0.5277682,0.0,False,1.0,non_human_findings,-1,0
201.tiff,find_and_suppress,660,5538.0,1737.0,0.5277671,0.0,False,1.0,non_human_findings,-1,0
201.tiff,find_and_suppress,661,2085.0,391.0,0.527443,0.0,False,1.0,non_human_findings,-1,0
201.tiff,find_and_suppress,662,2037.0,2273.0,0.5274361,0.0,False,1.0,non_human_findings,-1,0
201.tiff,find_and_suppress,663,1214.0,2221.0,0.527401,0.0,False,1.0,non_human_findings,-1,0
201.tiff,find_and_suppress,664,5697.0,437.0,0.52727056,0.0,False,1.0,non_human_findings,-1,0
201.tiff,find_and_suppress,665,2731.0,904.0,0.52718097,0.0,False,1.0,non_human_findings,-1,0
201.tiff,find_and_suppress,666,854.0,34.0,0.5271393,0.0,False,1.0,non_human_findings,-1,0
201.tiff,find_and_suppress,667,4369.0,2680.0,0.5270291,0.0,False,1.0,non_human_findings,-1,0
201.tiff,find_and_suppress,668,4733.0,1393.0,0.5269877,0.0,False,1.0,non_human_findings,-1,0
201.tiff,find_and_suppress,669,4612.0,1768.0,0.5267596,0.0,False,1.0,non_human_findings,-1,0
201.tiff,find_and_suppress,670,5838.0,1034.0,0.5266132,0.0,False,1.0,non_human_findings,-1,0
201.tiff,find_and_suppress,671,724.0,1871.0,0.5265358,0.0,False,1.0,non_human_findings,-1,0
201.tiff,find_and_suppress,672,4635.0,2630.0,0.5264628,0.0,False,1.0,non_human_findings,-1,0
201.tiff,find_and_suppress,673,5627.0,1303.0,0.52645177,0.0,False,1.0,non_human_findings,-1,0
201.tiff,find_and_suppress,674,792.0,812.0,0.5264426,0.0,False,1.0,non_human_findings,-1,0
201.tiff,find_and_suppress,675,5199.0,1999.0,0.52636963,0.0,False,1.0,non_human_findings,-1,0
201.tiff,find_and_suppress,676,2621.0,2820.0,0.5261592,0.0,False,1.0,non_human_findings,-1,0
201.tiff,find_and_suppress,677,1052.0,1984.0,0.52615404,0.0,False,1.0,non_human_findings,-1,0
201.tiff,find_and_suppress,678,3293.0,1639.0,0.52609986,0.0,False,1.0,non_human_findings,-1,0
201.tiff,find_and_suppress,679,5481.0,602.0,0.526091,0.0,False,1.0,non_human_findings,-1,0
201.tiff,find_and_suppress,680,176.0,2606.0,0.52590925,0.0,False,1.0,non_human_findings,-1,0
201.tiff,find_and_suppress,681,3266.0,1211.0,0.5258977,0.0,False,1.0,non_human_findings,-1,0
201.tiff,find_and_suppress,682,5016.0,2973.0,0.5254138,0.0,False,1.0,non_human_findings,-1,0
201.tiff,find_and_suppress,683,3692.0,1964.0,0.5253635,0.0,False,1.0,non_human_findings,-1,0
201.tiff,find_and_suppress,684,6274.0,3621.0,0.5253139,0.0,False,1.0,non_human_findings,-1,0
201.tiff,find_and_suppress,685,1445.0,3639.0,0.5251728,0.0,False,1.0,non_human_findings,-1,0
201.tiff,find_and_suppress,686,2113.0,3580.0,0.5250177,0.0,False,1.0,non_human_findings,-1,0
201.tiff,find_and_suppress,687,2240.0,3163.0,0.5249552,0.0,False,1.0,non_human_findings,-1,0
201.tiff,find_and_suppress,688,4811.0,4894.0,0.52490884,0.0,False,1.0,non_human_findings,-1,0
201.tiff,find_and_suppress,689,5500.0,3937.0,0.52483857,0.0,False,1.0,non_human_findings,-1,0
201.tiff,find_and_suppress,690,3714.0,2016.0,0.52478135,0.0,False,1.0,non_human_findings,-1,0
201.tiff,find_and_suppress,691,5720.0,4098.0,0.5245845,0.0,False,1.0,non_human_findings,-1,0
201.tiff,find_and_suppress,692,5105.0,3000.0,0.524549,0.0,False,1.0,non_human_findings,-1,0
201.tiff,find_and_suppress,693,4648.0,4603.0,0.52438563,0.0,False,1.0,non_human_findings,-1,0
201.tiff,find_and_suppress,694,3193.0,4711.0,0.5242221,0.0,False,1.0,non_human_findings,-1,0
201.tiff,find_and_suppress,695,890.0,2721.0,0.5242203,0.0,False,1.0,non_human_findings,-1,0
201.tiff,find_and_suppress,696,4336.0,4679.0,0.5240666,0.0,False,1.0,non_human_findings,-1,0
201.tiff,find_and_suppress,697,1156.0,2918.0,0.5240054,0.0,False,1.0,non_human_findings,-1,0
201.tiff,find_and_suppress,698,4841.0,2926.0,0.52396536,0.0,False,1.0,non_human_findings,-1,0
201.tiff,find_and_suppress,699,1962.0,1492.0,0.5237943,0.0,False,1.0,non_human_findings,-1,0
201.tiff,find_and_suppress,700,1385.0,4502.0,0.5237669,0.0,False,1.0,non_human_findings,-1,0
201.tiff,find_and_suppress,701,646.0,336.0,0.523717,0.0,False,1.0,non_human_findings,-1,0
201.tiff,find_and_suppress,702,2213.0,672.0,0.5237065,0.0,False,1.0,non_human_findings,-1,0
201.tiff,find_and_suppress,703,149.0,486.0,0.5237037,0.0,False,1.0,non_human_findings,-1,0
201.tiff,find_and_suppress,704,1160.0,1795.0,0.52364326,0.0,False,1.0,non_human_findings,-1,0
201.tiff,find_and_suppress,705,1217.0,1392.0,0.5236006,0.0,False,1.0,non_human_findings,-1,0
201.tiff,find_and_suppress,706,5486.0,4470.0,0.52349144,0.0,False,1.0,non_human_findings,-1,0
201.tiff,find_and_suppress,707,6341.0,471.0,0.52342635,0.0,False,1.0,non_human_findings,-1,0
201.tiff,find_and_suppress,708,4729.0,4129.0,0.52336645,0.0,False,1.0,non_human_findings,-1,0
201.tiff,find_and_suppress,709,195.0,940.0,0.5233226,0.0,False,1.0,non_human_findings,-1,0
201.tiff,find_and_suppress,710,1486.0,2736.0,0.5232954,0.0,False,1.0,non_human_findings,-1,0
201.tiff,find_and_suppress,711,3197.0,690.0,0.52324206,0.0,False,1.0,non_human_findings,-1,0
201.tiff,find_and_suppress,712,851.0,855.0,0.52324164,0.0,False,1.0,non_human_findings,-1,0
201.tiff,find_and_suppress,713,1890.0,3042.0,0.523137,0.0,False,1.0,non_human_findings,-1,0
201.tiff,find_and_suppress,714,4514.0,3895.0,0.5230847,0.0,False,1.0,non_human_findings,-1,0
201.tiff,find_and_suppress,715,3350.0,1380.0,0.523015,0.0,False,1.0,non_human_findings,-1,0
201.tiff,find_and_suppress,716,1945.0,2871.0,0.5229226,0.0,False,1.0,non_human_findings,-1,0
201.tiff,find_and_suppress,717,4786.0,1999.0,0.5228838,0.0,False,1.0,non_human_findings,-1,0
201.tiff,find_and_suppress,718,3301.0,914.0,0.5228057,0.0,False,1.0,non_human_findings,-1,0
201.tiff,find_and_suppress,719,4798.0,2399.0,0.52272296,0.0,False,1.0,non_human_findings,-1,0
201.tiff,find_and_suppress,720,571.0,3176.0,0.52272016,0.0,False,1.0,non_human_findings,-1,0
201.tiff,find_and_suppress,721,3253.0,3534.0,0.5226121,0.0,False,1.0,non_human_findings,-1,0
201.tiff,find_and_suppress,722,2342.0,3035.0,0.52253693,0.0,False,1.0,non_human_findings,-1,0
201.tiff,find_and_suppress,723,2747.0,1970.0,0.52247655,0.0,False,1.0,non_human_findings,-1,0
201.tiff,find_and_suppress,724,1711.0,3506.0,0.52245706,0.0,False,1.0,non_human_findings,-1,0
201.tiff,find_and_suppress,725,3369.0,2633.0,0.5224276,0.0,False,1.0,non_human_findings,-1,0
201.tiff,find_and_suppress,726,4531.0,1379.0,0.52228844,0.0,False,1.0,non_human_findings,-1,0
201.tiff,find_and_suppress,727,2744.0,3831.0,0.52224886,0.0,False,1.0,non_human_findings,-1,0
201.tiff,find_and_suppress,728,4491.0,494.0,0.52223194,0.0,False,1.0,non_human_findings,-1,0
201.tiff,find_and_suppress,729,3194.0,2227.0,0.5222245,0.0,False,1.0,non_human_findings,-1,0
201.tiff,find_and_suppress,730,6107.0,639.0,0.5222077,0.0,False,1.0,non_human_findings,-1,0
201.tiff,find_and_suppress,731,5070.0,1652.0,0.5220325,0.0,False,1.0,non_human_findings,-1,0
201.tiff,find_and_suppress,732,5276.0,954.0,0.52195907,0.0,False,1.0,non_human_findings,-1,0
201.tiff,find_and_suppress,733,813.0,3840.0,0.521829,0.0,False,1.0,non_human_findings,-1,0
201.tiff,find_and_suppress,734,3191.0,734.0,0.5218177,0.0,False,1.0,non_human_findings,-1,0
201.tiff,find_and_suppress,735,5324.0,728.0,0.5216537,0.0,False,1.0,non_human_findings,-1,0
201.tiff,find_and_suppress,736,3997.0,3678.0,0.52156967,0.0,False,1.0,non_human_findings,-1,0
201.tiff,find_and_suppress,737,3765.0,1380.0,0.5215655,0.0,False,1.0,non_human_findings,-1,0
201.tiff,find_and_suppress,738,5512.0,426.0,0.5215104,0.0,False,1.0,non_human_findings,-1,0
201.tiff,find_and_suppress,739,1532.0,2593.0,0.52149934,0.0,False,1.0,non_human_findings,-1,0
201.tiff,find_and_suppress,740,1031.0,4404.0,0.5214413,0.0,False,1.0,non_human_findings,-1,0
201.tiff,find_and_suppress,741,5312.0,3127.0,0.5212076,0.0,False,1.0,non_human_findings,-1,0
201.tiff,find_and_suppress,742,4184.0,3181.0,0.5211673,0.0,False,1.0,non_human_findings,-1,0
201.tiff,find_and_suppress,743,4833.0,731.0,0.5211022,0.0,False,1.0,non_human_findings,-1,0
201.tiff,find_and_suppress,744,4658.0,244.0,0.5210237,0.0,False,1.0,non_human_findings,-1,0
201.tiff,find_and_suppress,745,286.0,1275.0,0.52096575,0.0,False,1.0,non_human_findings,-1,0
201.tiff,find_and_suppress,746,920.0,277.0,0.52089435,0.0,False,1.0,non_human_findings,-1,0
201.tiff,find_and_suppress,747,2052.0,2389.0,0.5206828,0.0,False,1.0,non_human_findings,-1,0
201.tiff,find_and_suppress,748,1616.0,3474.0,0.52058154,0.0,False,1.0,non_human_findings,-1,0
201.tiff,find_and_suppress,749,4061.0,3682.0,0.52056867,0.0,False,1.0,non_human_findings,-1,0
201.tiff,find_and_suppress,750,4753.0,2407.0,0.52044004,0.0,False,1.0,non_human_findings,-1,0
201.tiff,find_and_suppress,751,2348.0,2607.0,0.5203626,0.0,False,1.0,non_human_findings,-1,0
201.tiff,find_and_suppress,752,4445.0,32.0,0.5203224,0.0,False,1.0,non_human_findings,-1,0
201.tiff,find_and_suppress,753,3285.0,1950.0,0.520303,0.0,False,1.0,non_human_findings,-1,0
201.tiff,find_and_suppress,754,5698.0,896.0,0.52027625,0.0,False,1.0,non_human_findings,-1,0
201.tiff,find_and_suppress,755,3470.0,826.0,0.5202728,0.0,False,1.0,non_human_findings,-1,0
201.tiff,find_and_suppress,756,1787.0,2164.0,0.5201067,0.0,False,1.0,non_human_findings,-1,0
201.tiff,find_and_suppress,757,3101.0,1426.0,0.52007294,0.0,False,1.0,non_human_findings,-1,0
201.tiff,find_and_suppress,758,2361.0,3770.0,0.5200698,0.0,False,1.0,non_human_findings,-1,0
201.tiff,find_and_suppress,759,4781.0,1643.0,0.5200631,0.0,False,1.0,non_human_findings,-1,0
201.tiff,find_and_suppress,760,1199.0,459.0,0.5200043,0.0,False,1.0,non_human_findings,-1,0
201.tiff,find_and_suppress,761,3995.0,3048.0,0.51995265,0.0,False,1.0,non_human_findings,-1,0
201.tiff,find_and_suppress,762,2681.0,717.0,0.5199019,0.0,False,1.0,non_human_findings,-1,0
201.tiff,find_and_suppress,763,1331.0,222.0,0.5198994,0.0,False,1.0,non_human_findings,-1,0
201.tiff,find_and_suppress,764,5218.0,4203.0,0.51987815,0.0,False,1.0,non_human_findings,-1,0
201.tiff,find_and_suppress,765,489.0,4579.0,0.5198169,0.0,False,1.0,non_human_findings,-1,0
201.tiff,find_and_suppress,766,4580.0,2489.0,0.5196174,0.0,False,1.0,non_human_findings,-1,0
201.tiff,find_and_suppress,767,6223.0,4075.0,0.5195915,0.0,False,1.0,non_human_findings,-1,0
201.tiff,find_and_suppress,768,2840.0,246.0,0.51956636,0.0,False,1.0,non_human_findings,-1,0
201.tiff,find_and_suppress,769,3421.0,270.0,0.51949686,0.0,False,1.0,non_human_findings,-1,0
201.tiff,find_and_suppress,770,2199.0,4731.0,0.5193305,0.0,False,1.0,non_human_findings,-1,0
201.tiff,find_and_suppress,771,3846.0,4492.0,0.5192985,0.0,False,1.0,non_human_findings,-1,0
201.tiff,find_and_suppress,772,1815.0,4257.0,0.51913893,0.0,False,1.0,non_human_findings,-1,0
201.tiff,find_and_suppress,773,140.0,4543.0,0.51900256,0.0,False,1.0,non_human_findings,-1,0
201.tiff,find_and_suppress,774,6029.0,2055.0,0.5188926,0.0,False,1.0,non_human_findings,-1,0
201.tiff,find_and_suppress,775,4502.0,935.0,0.5188302,0.0,False,1.0,non_human_findings,-1,0
201.tiff,find_and_suppress,776,2535.0,329.0,0.5187961,0.0,False,1.0,non_human_findings,-1,0
201.tiff,find_and_suppress,777,4579.0,4314.0,0.51860046,0.0,False,1.0,non_human_findings,-1,0
201.tiff,find_and_suppress,778,6303.0,4625.0,0.5184734,0.0,False,1.0,non_human_findings,-1,0
201.tiff,find_and_suppress,779,5164.0,1047.0,0.5184451,0.0,False,1.0,non_human_findings,-1,0
201.tiff,find_and_suppress,780,3650.0,2509.0,0.51833284,0.0,False,1.0,non_human_findings,-1,0
201.tiff,find_and_suppress,781,4334.0,2972.0,0.5182199,0.0,False,1.0,non_human_findings,-1,0
201.tiff,find_and_suppress,782,189.0,2764.0,0.5180619,0.0,False,1.0,non_human_findings,-1,0
201.tiff,find_and_suppress,783,5681.0,1109.0,0.5179718,0.0,False,1.0,non_human_findings,-1,0
201.tiff,find_and_suppress,784,821.0,2392.0,0.5179158,0.0,False,1.0,non_human_findings,-1,0
201.tiff,find_and_suppress,785,6194.0,3295.0,0.5179017,0.0,False,1.0,non_human_findings,-1,0
201.tiff,find_and_suppress,786,942.0,3539.0,0.51784235,0.0,False,1.0,non_human_findings,-1,0
201.tiff,find_and_suppress,787,3559.0,2246.0,0.51782686,0.0,False,1.0,non_human_findings,-1,0
201.tiff,find_and_suppress,788,6080.0,1488.0,0.51776093,0.0,False,1.0,non_human_findings,-1,0
201.tiff,find_and_suppress,789,5662.0,958.0,0.5177405,0.0,False,1.0,non_human_findings,-1,0
201.tiff,find_and_suppress,790,3352.0,407.0,0.51767933,0.0,False,1.0,non_human_findings,-1,0
201.tiff,find_and_suppress,791,2215.0,3055.0,0.5176715,0.0,False,1.0,non_human_findings,-1,0
201.tiff,find_and_suppress,792,4731.0,200.0,0.51765066,0.0,False,1.0,non_human_findings,-1,0
201.tiff,find_and_suppress,793,2619.0,3095.0,0.5174578,0.0,False,1.0,non_human_findings,-1,0
201.tiff,find_and_suppress,794,6487.0,4106.0,0.51738703,0.0,False,1.0,non_human_findings,-1,0
201.tiff,find_and_suppress,795,5252.0,1754.0,0.5172853,0.0,False,1.0,non_human_findings,-1,0
201.tiff,find_and_suppress,796,1907.0,4405.0,0.51727533,0.0,False,1.0,non_human_findings,-1,0
201.tiff,find_and_suppress,797,609.0,547.0,0.5172717,0.0,False,1.0,non_human_findings,-1,0
201.tiff,find_and_suppress,798,113.0,341.0,0.51725304,0.0,False,1.0,non_human_findings,-1,0
201.tiff,find_and_suppress,799,5315.0,4204.0,0.5172306,0.0,False,1.0,non_human_findings,-1,0
201.tiff,find_and_suppress,800,5904.0,666.0,0.517182,0.0,False,1.0,non_human_findings,-1,0
201.tiff,find_and_suppress,801,395.0,2331.0,0.5171202,0.0,False,1.0,non_human_findings,-1,0
201.tiff,find_and_suppress,802,3234.0,1297.0,0.5170966,0.0,False,1.0,non_human_findings,-1,0
201.tiff,find_and_suppress,803,1560.0,4808.0,0.5170841,0.0,False,1.0,non_human_findings,-1,0
201.tiff,find_and_suppress,804,3870.0,3749.0,0.516866,0.0,False,1.0,non_human_findings,-1,0
201.tiff,find_and_suppress,805,2834.0,1934.0,0.516808,0.0,False,1.0,non_human_findings,-1,0
201.tiff,find_and_suppress,806,6491.0,1292.0,0.5166911,0.0,False,1.0,non_human_findings,-1,0
201.tiff,find_and_suppress,807,3550.0,1091.0,0.5166592,0.0,False,1.0,non_human_findings,-1,0
201.tiff,find_and_suppress,808,1226.0,1057.0,0.5163622,0.0,False,1.0,non_human_findings,-1,0
201.tiff,find_and_suppress,809,4495.0,1852.0,0.5162907,0.0,False,1.0,non_human_findings,-1,0
201.tiff,find_and_suppress,810,78.0,4767.0,0.51625925,0.0,False,1.0,non_human_findings,-1,0
201.tiff,find_and_suppress,811,2029.0,1670.0,0.5162153,0.0,False,1.0,non_human_findings,-1,0
201.tiff,find_and_suppress,812,1132.0,1055.0,0.51616526,0.0,False,1.0,non_human_findings,-1,0
201.tiff,find_and_suppress,813,490.0,3025.0,0.5160656,0.0,False,1.0,non_human_findings,-1,0
201.tiff,find_and_suppress,814,3911.0,4113.0,0.51604754,0.0,False,1.0,non_human_findings,-1,0
201.tiff,find_and_suppress,815,3080.0,2078.0,0.5160195,0.0,False,1.0,non_human_findings,-1,0
201.tiff,find_and_suppress,816,5992.0,277.0,0.51599663,0.0,False,1.0,non_human_findings,-1,0
201.tiff,find_and_suppress,817,4237.0,1232.0,0.5159931,0.0,False,1.0,non_human_findings,-1,0
201.tiff,find_and_suppress,818,1403.0,2456.0,0.51588935,0.0,False,1.0,non_human_findings,-1,0
201.tiff,find_and_suppress,819,476.0,1196.0,0.5158796,0.0,False,1.0,non_human_findings,-1,0
201.tiff,find_and_suppress,820,5075.0,3105.0,0.5156938,0.0,False,1.0,non_human_findings,-1,0
201.tiff,find_and_suppress,821,4846.0,4084.0,0.5155135,0.0,False,1.0,non_human_findings,-1,0
201.tiff,find_and_suppress,822,4366.0,2975.0,0.5153847,0.0,False,1.0,non_human_findings,-1,0
201.tiff,find_and_suppress,823,761.0,2171.0,0.51535434,0.0,False,1.0,non_human_findings,-1,0
201.tiff,find_and_suppress,824,6175.0,1698.0,0.51534665,0.0,False,1.0,non_human_findings,-1,0
201.tiff,find_and_suppress,825,4168.0,967.0,0.51508206,0.0,False,1.0,non_human_findings,-1,0
201.tiff,find_and_suppress,826,6533.0,3156.0,0.51500404,0.0,False,1.0,non_human_findings,-1,0
201.tiff,find_and_suppress,827,1883.0,282.0,0.5147011,0.0,False,1.0,non_human_findings,-1,0
201.tiff,find_and_suppress,828,2443.0,1118.0,0.5146645,0.0,False,1.0,non_human_findings,-1,0
201.tiff,find_and_suppress,829,2137.0,1877.0,0.51465595,0.0,False,1.0,non_human_findings,-1,0
201.tiff,find_and_suppress,830,526.0,106.0,0.51449466,0.0,False,1.0,non_human_findings,-1,0
201.tiff,find_and_suppress,831,4166.0,2607.0,0.5144289,0.0,False,1.0,non_human_findings,-1,0
201.tiff,find_and_suppress,832,6525.0,2949.0,0.51440024,0.0,False,1.0,non_human_findings,-1,0
201.tiff,find_and_suppress,833,1397.0,1385.0,0.5143592,0.0,False,1.0,non_human_findings,-1,0
201.tiff,find_and_suppress,834,5928.0,367.0,0.51434535,0.0,False,1.0,non_human_findings,-1,0
201.tiff,find_and_suppress,835,1311.0,2321.0,0.51429266,0.0,False,1.0,non_human_findings,-1,0
201.tiff,find_and_suppress,836,2386.0,82.0,0.5140014,0.0,False,1.0,non_human_findings,-1,0
201.tiff,find_and_suppress,837,5939.0,2835.0,0.51399976,0.0,False,1.0,non_human_findings,-1,0
201.tiff,find_and_suppress,838,5373.0,698.0,0.51369804,0.0,False,1.0,non_human_findings,-1,0
201.tiff,find_and_suppress,839,4881.0,3925.0,0.5136619,0.0,False,1.0,non_human_findings,-1,0
201.tiff,find_and_suppress,840,5311.0,25.0,0.5136364,0.0,False,1.0,non_human_findings,-1,0
201.tiff,find_and_suppress,841,2047.0,3490.0,0.51359576,0.0,False,1.0,non_human_findings,-1,0
201.tiff,find_and_suppress,842,3038.0,4678.0,0.5135844,0.0,False,1.0,non_human_findings,-1,0
201.tiff,find_and_suppress,843,5217.0,2083.0,0.5135784,0.0,False,1.0,non_human_findings,-1,0
201.tiff,find_and_suppress,844,926.0,3893.0,0.51336426,0.0,False,1.0,non_human_findings,-1,0
201.tiff,find_and_suppress,845,3949.0,3335.0,0.5133121,0.0,False,1.0,non_human_findings,-1,0
201.tiff,find_and_suppress,846,2822.0,2840.0,0.51318747,0.0,False,1.0,non_human_findings,-1,0
201.tiff,find_and_suppress,847,5035.0,3200.0,0.513148,0.0,False,1.0,non_human_findings,-1,0
201.tiff,find_and_suppress,848,1642.0,331.0,0.5130952,0.0,False,1.0,non_human_findings,-1,0
201.tiff,find_and_suppress,849,5743.0,4154.0,0.51309294,0.0,False,1.0,non_human_findings,-1,0
201.tiff,find_and_suppress,850,3376.0,4095.0,0.51308954,0.0,False,1.0,non_human_findings,-1,0
201.tiff,find_and_suppress,851,1659.0,3020.0,0.51303923,0.0,False,1.0,non_human_findings,-1,0
201.tiff,find_and_suppress,852,4472.0,907.0,0.51302075,0.0,False,1.0,non_human_findings,-1,0
201.tiff,find_and_suppress,853,5623.0,815.0,0.512989,0.0,False,1.0,non_human_findings,-1,0
201.tiff,find_and_suppress,854,3365.0,2263.0,0.51288456,0.0,False,1.0,non_human_findings,-1,0
201.tiff,find_and_suppress,855,4444.0,2988.0,0.51279444,0.0,False,1.0,non_human_findings,-1,0
201.tiff,find_and_suppress,856,4746.0,2060.0,0.5127209,0.0,False,1.0,non_human_findings,-1,0
201.tiff,find_and_suppress,857,2114.0,555.0,0.51260805,0.0,False,1.0,non_human_findings,-1,0
201.tiff,find_and_suppress,858,2269.0,2311.0,0.512472,0.0,False,1.0,non_human_findings,-1,0
201.tiff,find_and_suppress,859,6069.0,1380.0,0.51246506,0.0,False,1.0,non_human_findings,-1,0
201.tiff,find_and_suppress,860,5743.0,4383.0,0.51234233,0.0,False,1.0,non_human_findings,-1,0
201.tiff,find_and_suppress,861,2136.0,3093.0,0.51233953,0.0,False,1.0,non_human_findings,-1,0
201.tiff,find_and_suppress,862,4363.0,1646.0,0.51222277,0.0,False,1.0,non_human_findings,-1,0
201.tiff,find_and_suppress,863,6272.0,1261.0,0.51215976,0.0,False,1.0,non_human_findings,-1,0
201.tiff,find_and_suppress,864,5211.0,132.0,0.51210517,0.0,False,1.0,non_human_findings,-1,0
201.tiff,find_and_suppress,865,4135.0,2186.0,0.51207787,0.0,False,1.0,non_human_findings,-1,0
201.tiff,find_and_suppress,866,1191.0,1367.0,0.5120287,0.0,False,1.0,non_human_findings,-1,0
201.tiff,find_and_suppress,867,3824.0,779.0,0.5119554,0.0,False,1.0,non_human_findings,-1,0
201.tiff,find_and_suppress,868,4662.0,2096.0,0.5119424,0.0,False,1.0,non_human_findings,-1,0
201.tiff,find_and_suppress,869,6524.0,4494.0,0.51193446,0.0,False,1.0,non_human_findings,-1,0
201.tiff,find_and_suppress,870,1004.0,1553.0,0.5119113,0.0,False,1.0,non_human_findings,-1,0
201.tiff,find_and_suppress,871,3526.0,3377.0,0.5118075,0.0,False,1.0,non_human_findings,-1,0
201.tiff,find_and_suppress,872,536.0,1832.0,0.51163346,0.0,False,1.0,non_human_findings,-1,0
201.tiff,find_and_suppress,873,1451.0,3601.0,0.5116285,0.0,False,1.0,non_human_findings,-1,0
201.tiff,find_and_suppress,874,1070.0,3276.0,0.5116017,0.0,False,1.0,non_human_findings,-1,0
201.tiff,find_and_suppress,875,864.0,2903.0,0.51154363,0.0,False,1.0,non_human_findings,-1,0
201.tiff,find_and_suppress,876,5481.0,654.0,0.5115092,0.0,False,1.0,non_human_findings,-1,0
201.tiff,find_and_suppress,877,2064.0,1893.0,0.51150817,0.0,False,1.0,non_human_findings,-1,0
201.tiff,find_and_suppress,878,2375.0,1699.0,0.5114848,0.0,False,1.0,non_human_findings,-1,0
201.tiff,find_and_suppress,879,6232.0,1306.0,0.5114358,0.0,False,1.0,non_human_findings,-1,0
201.tiff,find_and_suppress,880,2584.0,3204.0,0.5114228,0.0,False,1.0,non_human_findings,-1,0
201.tiff,find_and_suppress,881,3057.0,3301.0,0.5113876,0.0,False,1.0,non_human_findings,-1,0
201.tiff,find_and_suppress,882,3579.0,2630.0,0.51126015,0.0,False,1.0,non_human_findings,-1,0
201.tiff,find_and_suppress,883,3823.0,475.0,0.51109993,0.0,False,1.0,non_human_findings,-1,0
201.tiff,find_and_suppress,884,553.0,802.0,0.51109105,0.0,False,1.0,non_human_findings,-1,0
201.tiff,find_and_suppress,885,2408.0,3130.0,0.51102287,0.0,False,1.0,non_human_findings,-1,0
201.tiff,find_and_suppress,886,3108.0,3877.0,0.5109255,0.0,False,1.0,non_human_findings,-1,0
201.tiff,find_and_suppress,887,3826.0,2402.0,0.5108707,0.0,False,1.0,non_human_findings,-1,0
201.tiff,find_and_suppress,888,226.0,2384.0,0.51060367,0.0,False,1.0,non_human_findings,-1,0
201.tiff,find_and_suppress,889,1712.0,2527.0,0.51058143,0.0,False,1.0,non_human_findings,-1,0
201.tiff,find_and_suppress,890,2138.0,415.0,0.51050234,0.0,False,1.0,non_human_findings,-1,0
201.tiff,find_and_suppress,891,4257.0,2140.0,0.5103241,0.0,False,1.0,non_human_findings,-1,0
201.tiff,find_and_suppress,892,1558.0,1382.0,0.51029575,0.0,False,1.0,human_rejected_label,4498,2
201.tiff,find_and_suppress,893,591.0,810.0,0.51024204,0.0,False,1.0,non_human_findings,-1,0
201.tiff,find_and_suppress,894,5944.0,2525.0,0.5102368,0.0,False,1.0,non_human_findings,-1,0
201.tiff,find_and_suppress,895,3054.0,337.0,0.5102009,0.0,False,1.0,non_human_findings,-1,0
201.tiff,find_and_suppress,896,6015.0,654.0,0.5101801,0.0,False,1.0,non_human_findings,-1,0
201.tiff,find_and_suppress,897,4146.0,1206.0,0.5101748,0.0,False,1.0,non_human_findings,-1,0
201.tiff,find_and_suppress,898,5814.0,604.0,0.5099078,0.0,False,1.0,human_correct_label,4444,1
201.tiff,find_and_suppress,899,2058.0,1747.0,0.5099016,0.0,False,1.0,non_human_findings,-1,0
201.tiff,find_and_suppress,900,4814.0,4391.0,0.5098288,0.0,False,1.0,non_human_findings,-1,0
201.tiff,find_and_suppress,901,1011.0,4540.0,0.5097866,0.0,False,1.0,non_human_findings,-1,0
201.tiff,find_and_suppress,902,2912.0,1718.0,0.5097389,0.0,False,1.0,non_human_findings,-1,0
201.tiff,find_and_suppress,903,5694.0,2779.0,0.5096943,0.0,False,1.0,non_human_findings,-1,0
201.tiff,find_and_suppress,904,3401.0,107.0,0.50969124,0.0,False,1.0,non_human_findings,-1,0
201.tiff,find_and_suppress,905,664.0,2854.0,0.509572,0.0,False,1.0,non_human_findings,-1,0
201.tiff,find_and_suppress,906,268.0,831.0,0.5095583,0.0,False,1.0,non_human_findings,-1,0
201.tiff,find_and_suppress,907,574.0,677.0,0.50944996,0.0,False,1.0,non_human_findings,-1,0
201.tiff,find_and_suppress,908,4650.0,2027.0,0.50940305,0.0,False,1.0,non_human_findings,-1,0
201.tiff,find_and_suppress,909,625.0,3348.0,0.5093991,0.0,False,1.0,non_human_findings,-1,0
201.tiff,find_and_suppress,910,2372.0,4466.0,0.5093708,0.0,False,1.0,non_human_findings,-1,0
201.tiff,find_and_suppress,911,2472.0,1142.0,0.50916743,0.0,False,1.0,non_human_findings,-1,0
201.tiff,find_and_suppress,912,4466.0,213.0,0.5091613,0.0,False,1.0,non_human_findings,-1,0
201.tiff,find_and_suppress,913,5466.0,3677.0,0.5090401,0.0,False,1.0,non_human_findings,-1,0
201.tiff,find_and_suppress,914,1834.0,3494.0,0.509025,0.0,False,1.0,non_human_findings,-1,0
201.tiff,find_and_suppress,915,2652.0,1009.0,0.5087863,0.0,False,1.0,non_human_findings,-1,0
201.tiff,find_and_suppress,916,1151.0,1349.0,0.5087158,0.0,False,1.0,non_human_findings,-1,0
201.tiff,find_and_suppress,917,2883.0,3482.0,0.5087093,0.0,False,1.0,non_human_findings,-1,0
201.tiff,find_and_suppress,918,3169.0,1268.0,0.5086256,0.0,False,1.0,non_human_findings,-1,0
201.tiff,find_and_suppress,919,5130.0,3117.0,0.50860125,0.0,False,1.0,non_human_findings,-1,0
201.tiff,find_and_suppress,920,5375.0,231.0,0.5085709,0.0,False,1.0,non_human_findings,-1,0
201.tiff,find_and_suppress,921,1181.0,1545.0,0.50856125,0.0,False,1.0,non_human_findings,-1,0
201.tiff,find_and_suppress,922,2940.0,2319.0,0.5084714,0.0,False,1.0,non_human_findings,-1,0
201.tiff,find_and_suppress,923,141.0,1850.0,0.5083534,0.0,False,1.0,non_human_findings,-1,0
201.tiff,find_and_suppress,924,1105.0,2529.0,0.5083418,0.0,False,1.0,non_human_findings,-1,0
201.tiff,find_and_suppress,925,356.0,1990.0,0.5082976,0.0,False,1.0,non_human_findings,-1,0
201.tiff,find_and_suppress,926,5009.0,573.0,0.508246,0.0,False,1.0,non_human_findings,-1,0
201.tiff,find_and_suppress,927,4092.0,2747.0,0.50816095,0.0,False,1.0,non_human_findings,-1,0
201.tiff,find_and_suppress,928,3224.0,4067.0,0.50805664,0.0,False,1.0,non_human_findings,-1,0
201.tiff,find_and_suppress,929,5695.0,3746.0,0.5079266,0.0,False,1.0,non_human_findings,-1,0
201.tiff,find_and_suppress,930,570.0,4865.0,0.50784975,0.0,False,1.0,non_human_findings,-1,0
201.tiff,find_and_suppress,931,5544.0,2794.0,0.5078043,0.0,False,1.0,non_human_findings,-1,0
201.tiff,find_and_suppress,932,1631.0,614.0,0.5077903,0.0,False,1.0,non_human_findings,-1,0
201.tiff,find_and_suppress,933,1579.0,3187.0,0.50776815,0.0,False,1.0,non_human_findings,-1,0
201.tiff,find_and_suppress,934,4857.0,1404.0,0.50776464,0.0,False,1.0,non_human_findings,-1,0
201.tiff,find_and_suppress,935,367.0,4239.0,0.50774956,0.0,False,1.0,non_human_findings,-1,0
201.tiff,find_and_suppress,936,1052.0,2484.0,0.5077293,0.0,False,1.0,non_human_findings,-1,0
201.tiff,find_and_suppress,937,5239.0,3666.0,0.5075282,0.0,False,1.0,non_human_findings,-1,0
201.tiff,find_and_suppress,938,3215.0,3667.0,0.5074833,0.0,False,1.0,non_human_findings,-1,0
201.tiff,find_and_suppress,939,3905.0,357.0,0.50732625,0.0,False,1.0,non_human_findings,-1,0
201.tiff,find_and_suppress,940,6085.0,2811.0,0.50731593,0.0,False,1.0,non_human_findings,-1,0
201.tiff,find_and_suppress,941,2303.0,3711.0,0.5072072,0.0,False,1.0,non_human_findings,-1,0
201.tiff,find_and_suppress,942,4207.0,2212.0,0.50717235,0.0,False,1.0,non_human_findings,-1,0
201.tiff,find_and_suppress,943,2272.0,366.0,0.5071271,0.0,False,1.0,non_human_findings,-1,0
201.tiff,find_and_suppress,944,6044.0,4674.0,0.50712687,0.0,False,1.0,non_human_findings,-1,0
201.tiff,find_and_suppress,945,3523.0,2228.0,0.50709486,0.0,False,1.0,non_human_findings,-1,0
201.tiff,find_and_suppress,946,3009.0,3486.0,0.5070792,0.0,False,1.0,non_human_findings,-1,0
201.tiff,find_and_suppress,947,3795.0,1674.0,0.5070739,0.0,False,1.0,non_human_findings,-1,0
201.tiff,find_and_suppress,948,4649.0,2583.0,0.5070579,0.0,False,1.0,non_human_findings,-1,0
201.tiff,find_and_suppress,949,2064.0,3394.0,0.5070323,0.0,False,1.0,non_human_findings,-1,0
201.tiff,find_and_suppress,950,1519.0,476.0,0.50701416,0.0,False,1.0,non_human_findings,-1,0
201.tiff,find_and_suppress,951,3274.0,1469.0,0.5069509,0.0,False,1.0,non_human_findings,-1,0
201.tiff,find_and_suppress,952,4096.0,151.0,0.5069188,0.0,False,1.0,non_human_findings,-1,0
201.tiff,find_and_suppress,953,3802.0,129.0,0.5068826,0.0,False,1.0,non_human_findings,-1,0
201.tiff,find_and_suppress,954,4466.0,4848.0,0.506814,0.0,False,1.0,non_human_findings,-1,0
201.tiff,find_and_suppress,955,2225.0,4461.0,0.506596,0.0,False,1.0,non_human_findings,-1,0
201.tiff,find_and_suppress,956,5309.0,4625.0,0.5065484,0.0,False,1.0,non_human_findings,-1,0
201.tiff,find_and_suppress,957,3308.0,1345.0,0.5065438,0.0,False,1.0,non_human_findings,-1,0
201.tiff,find_and_suppress,958,3034.0,3148.0,0.50636464,0.0,False,1.0,non_human_findings,-1,0
201.tiff,find_and_suppress,959,5073.0,3222.0,0.50627875,0.0,False,1.0,non_human_findings,-1,0
201.tiff,find_and_suppress,960,4327.0,386.0,0.5062755,0.0,False,1.0,non_human_findings,-1,0
201.tiff,find_and_suppress,961,5966.0,1630.0,0.5061046,0.0,False,1.0,non_human_findings,-1,0
201.tiff,find_and_suppress,962,2145.0,460.0,0.50609,0.0,False,1.0,non_human_findings,-1,0
201.tiff,find_and_suppress,963,3404.0,1845.0,0.5060729,0.0,False,1.0,non_human_findings,-1,0
201.tiff,find_and_suppress,964,565.0,3482.0,0.5059517,0.0,False,1.0,non_human_findings,-1,0
201.tiff,find_and_suppress,965,599.0,1082.0,0.5059079,0.0,False,1.0,non_human_findings,-1,0
201.tiff,find_and_suppress,966,259.0,3915.0,0.5058626,0.0,False,1.0,non_human_findings,-1,0
201.tiff,find_and_suppress,967,3189.0,836.0,0.5058205,0.0,False,1.0,non_human_findings,-1,0
201.tiff,find_and_suppress,968,6432.0,1822.0,0.5055911,0.0,False,1.0,non_human_findings,-1,0
201.tiff,find_and_suppress,969,1766.0,1493.0,0.50551677,0.0,False,1.0,non_human_findings,-1,0
201.tiff,find_and_suppress,970,1108.0,4425.0,0.5053052,0.0,False,1.0,non_human_findings,-1,0
201.tiff,find_and_suppress,971,203.0,2943.0,0.5052662,0.0,False,1.0,non_human_findings,-1,0
201.tiff,find_and_suppress,972,937.0,522.0,0.50526536,0.0,False,1.0,non_human_findings,-1,0
201.tiff,find_and_suppress,973,4884.0,735.0,0.5050719,0.0,False,1.0,non_human_findings,-1,0
201.tiff,find_and_suppress,974,2387.0,2233.0,0.5050049,0.0,False,1.0,non_human_findings,-1,0
201.tiff,find_and_suppress,975,3575.0,4619.0,0.50480217,0.0,False,1.0,non_human_findings,-1,0
201.tiff,find_and_suppress,976,4663.0,3949.0,0.50480014,0.0,False,1.0,non_human_findings,-1,0
201.tiff,find_and_suppress,977,1117.0,3467.0,0.50476193,0.0,False,1.0,non_human_findings,-1,0
201.tiff,find_and_suppress,978,4179.0,1134.0,0.5046715,0.0,False,1.0,non_human_findings,-1,0
201.tiff,find_and_suppress,979,398.0,3620.0,0.5046256,0.0,False,1.0,non_human_findings,-1,0
201.tiff,find_and_suppress,980,5722.0,3858.0,0.5046087,0.0,False,1.0,non_human_findings,-1,0
201.tiff,find_and_suppress,981,2730.0,644.0,0.50455534,0.0,False,1.0,non_human_findings,-1,0
201.tiff,find_and_suppress,982,5157.0,363.0,0.5045309,0.0,False,1.0,non_human_findings,-1,0
201.tiff,find_and_suppress,983,1714.0,3062.0,0.5045122,0.0,False,1.0,non_human_findings,-1,0
201.tiff,find_and_suppress,984,2574.0,939.0,0.50445783,0.0,False,1.0,non_human_findings,-1,0
201.tiff,find_and_suppress,985,4206.0,4204.0,0.5044371,0.0,False,1.0,non_human_findings,-1,0
201.tiff,find_and_suppress,986,2494.0,2456.0,0.504373,0.0,False,1.0,non_human_findings,-1,0
201.tiff,find_and_suppress,987,6148.0,1001.0,0.5043075,0.0,False,1.0,non_human_findings,-1,0
201.tiff,find_and_suppress,988,3416.0,1412.0,0.50426275,0.0,False,1.0,non_human_findings,-1,0
201.tiff,find_and_suppress,989,5169.0,1590.0,0.50423354,0.0,False,1.0,non_human_findings,-1,0
201.tiff,find_and_suppress,990,4643.0,739.0,0.5042328,0.0,False,1.0,non_human_findings,-1,0
201.tiff,find_and_suppress,991,5720.0,653.0,0.5039648,0.0,False,1.0,non_human_findings,-1,0
201.tiff,find_and_suppress,992,1306.0,4611.0,0.5039407,0.0,False,1.0,non_human_findings,-1,0
201.tiff,find_and_suppress,993,4320.0,2309.0,0.5039335,0.0,False,1.0,non_human_findings,-1,0
201.tiff,find_and_suppress,994,6193.0,45.0,0.50381345,0.0,False,1.0,non_human_findings,-1,0
201.tiff,find_and_suppress,995,4097.0,4354.0,0.5038075,0.0,False,1.0,non_human_findings,-1,0
201.tiff,find_and_suppress,996,3383.0,2451.0,0.50370556,0.0,False,1.0,non_human_findings,-1,0
201.tiff,find_and_suppress,997,4641.0,1191.0,0.503696,0.0,False,1.0,non_human_findings,-1,0
201.tiff,find_and_suppress,998,6517.0,2727.0,0.50361985,0.0,False,1.0,non_human_findings,-1,0
201.tiff,find_and_suppress,999,3398.0,2650.0,0.5035127,0.0,False,1.0,non_human_findings,-1,0
201.tiff,find_and_suppress,1000,5814.0,70.0,0.50350976,0.0,False,1.0,non_human_findings,-1,0
201.tiff,find_and_suppress,1001,3289.0,4517.0,0.5034974,0.0,False,1.0,non_human_findings,-1,0
201.tiff,find_and_suppress,1002,5962.0,42.0,0.5033865,0.0,False,1.0,non_human_findings,-1,0
201.tiff,find_and_suppress,1003,5727.0,2875.0,0.5033856,0.0,False,1.0,non_human_findings,-1,0
201.tiff,find_and_suppress,1004,3220.0,2552.0,0.50327694,0.0,False,1.0,non_human_findings,-1,0
201.tiff,find_and_suppress,1005,2593.0,1104.0,0.50326294,0.0,False,1.0,non_human_findings,-1,0
201.tiff,find_and_suppress,1006,2621.0,3670.0,0.5032461,0.0,False,1.0,non_human_findings,-1,0
201.tiff,find_and_suppress,1007,6455.0,1251.0,0.5032411,0.0,False,1.0,non_human_findings,-1,0
201.tiff,find_and_suppress,1008,525.0,2759.0,0.50299424,0.0,False,1.0,non_human_findings,-1,0
201.tiff,find_and_suppress,1009,5410.0,1375.0,0.50294036,0.0,False,1.0,non_human_findings,-1,0
201.tiff,find_and_suppress,1010,1474.0,4327.0,0.5029123,0.0,False,1.0,non_human_findings,-1,0
201.tiff,find_and_suppress,1011,1304.0,4106.0,0.5027159,0.0,False,1.0,non_human_findings,-1,0
201.tiff,find_and_suppress,1012,806.0,4849.0,0.5026626,0.0,False,1.0,non_human_findings,-1,0
201.tiff,find_and_suppress,1013,369.0,263.0,0.50262964,0.0,False,1.0,non_human_findings,-1,0
201.tiff,find_and_suppress,1014,6490.0,2436.0,0.50251454,0.0,False,1.0,non_human_findings,-1,0
201.tiff,find_and_suppress,1015,2482.0,3887.0,0.5023367,0.0,False,1.0,non_human_findings,-1,0
201.tiff,find_and_suppress,1016,261.0,1084.0,0.5021717,0.0,False,1.0,non_human_findings,-1,0
201.tiff,find_and_suppress,1017,1920.0,1715.0,0.5021282,0.0,False,1.0,non_human_findings,-1,0
201.tiff,find_and_suppress,1018,5990.0,3149.0,0.5019279,0.0,False,1.0,non_human_findings,-1,0
201.tiff,find_and_suppress,1019,4448.0,1849.0,0.50182164,0.0,False,1.0,non_human_findings,-1,0
201.tiff,find_and_suppress,1020,5691.0,1473.0,0.50176036,0.0,False,1.0,non_human_findings,-1,0
201.tiff,find_and_suppress,1021,6062.0,2937.0,0.50174856,0.0,False,1.0,non_human_findings,-1,0
201.tiff,find_and_suppress,1022,3984.0,3624.0,0.50174296,0.0,False,1.0,non_human_findings,-1,0
201.tiff,find_and_suppress,1023,3154.0,958.0,0.5015189,0.0,False,1.0,non_human_findings,-1,0
201.tiff,find_and_suppress,1024,2633.0,3867.0,0.50148845,0.0,False,1.0,non_human_findings,-1,0
201.tiff,find_and_suppress,1025,1612.0,1561.0,0.5014793,0.0,False,1.0,non_human_findings,-1,0
201.tiff,find_and_suppress,1026,2934.0,1243.0,0.5012922,0.0,False,1.0,non_human_findings,-1,0
201.tiff,find_and_suppress,1027,5369.0,3888.0,0.5012612,0.0,False,1.0,non_human_findings,-1,0
201.tiff,find_and_suppress,1028,6384.0,1942.0,0.5012434,0.0,False,1.0,non_human_findings,-1,0
201.tiff,find_and_suppress,1029,4264.0,835.0,0.50115526,0.0,False,1.0,non_human_findings,-1,0
201.tiff,find_and_suppress,1030,5478.0,2987.0,0.50113267,0.0,False,1.0,non_human_findings,-1,0
201.tiff,find_and_suppress,1031,5922.0,2933.0,0.5010508,0.0,False,1.0,non_human_findings,-1,0
201.tiff,find_and_suppress,1032,3103.0,2439.0,0.50104004,0.0,False,1.0,non_human_findings,-1,0
201.tiff,find_and_suppress,1033,2046.0,790.0,0.50103205,0.0,False,1.0,non_human_findings,-1,0
201.tiff,find_and_suppress,1034,4393.0,1343.0,0.50092196,0.0,False,1.0,non_human_findings,-1,0
201.tiff,find_and_suppress,1035,2286.0,662.0,0.5009113,0.0,False,1.0,non_human_findings,-1,0
201.tiff,find_and_suppress,1036,5210.0,270.0,0.5008776,0.0,False,1.0,non_human_findings,-1,0
201.tiff,find_and_suppress,1037,4439.0,539.0,0.5008574,0.0,False,1.0,non_human_findings,-1,0
201.tiff,find_and_suppress,1038,5055.0,807.0,0.50084084,0.0,False,1.0,non_human_findings,-1,0
201.tiff,find_and_suppress,1039,1695.0,1186.0,0.5008189,0.0,False,1.0,non_human_findings,-1,0
201.tiff,find_and_suppress,1040,6221.0,3510.0,0.50077057,0.0,False,1.0,non_human_findings,-1,0
201.tiff,find_and_suppress,1041,3401.0,2943.0,0.5006646,0.0,False,1.0,non_human_findings,-1,0
201.tiff,find_and_suppress,1042,3353.0,2769.0,0.5006079,0.0,False,1.0,non_human_findings,-1,0
201.tiff,find_and_suppress,1043,2849.0,3766.0,0.50054884,0.0,False,1.0,non_human_findings,-1,0
201.tiff,find_and_suppress,1044,1043.0,4091.0,0.5005413,0.0,False,1.0,non_human_findings,-1,0
201.tiff,find_and_suppress,1045,6330.0,1336.0,0.500493,0.0,False,1.0,non_human_findings,-1,0
201.tiff,find_and_suppress,1046,5847.0,1399.0,0.50048506,0.0,False,1.0,non_human_findings,-1,0
201.tiff,find_and_suppress,1047,4599.0,3055.0,0.50045574,0.0,False,1.0,non_human_findings,-1,0
201.tiff,find_and_suppress,1048,4062.0,1660.0,0.5003883,0.0,False,1.0,non_human_findings,-1,0
201.tiff,find_and_suppress,1049,3562.0,2905.0,0.50033504,0.0,False,1.0,non_human_findings,-1,0
201.tiff,find_and_suppress,1050,560.0,1344.0,0.5002847,0.0,False,1.0,non_human_findings,-1,0
201.tiff,find_and_suppress,1051,820.0,2857.0,0.50023085,0.0,False,1.0,non_human_findings,-1,0
201.tiff,find_and_suppress,1052,4054.0,378.0,0.50000805,0.0,False,1.0,non_human_findings,-1,0
246.tiff,find_and_suppress,0,1542.0,3311.0,0.57587343,0.0,False,1.0,human_rejected_label,6532,2
246.tiff,find_and_suppress,1,5338.0,800.0,0.5407781,0.0,False,1.0,human_correct_label,6434,1
246.tiff,find_and_suppress,2,6240.0,4284.0,0.53366995,0.0,False,1.0,human_correct_label,6604,1
246.tiff,find_and_suppress,3,1584.0,2202.0,0.5106765,0.0,False,1.0,human_correct_label,6498,1
246.tiff,find_and_suppress,4,353.0,4101.0,0.5068578,0.0,False,1.0,non_human_findings,-1,0
246.tiff,find_and_suppress,5,3893.0,3010.0,0.5028555,0.0,False,1.0,human_correct_label,6544,1
246.tiff,find_and_suppress,6,6522.0,1938.0,0.50208545,0.0,False,1.0,non_human_findings,-1,0
405.tiff,find_and_suppress,0,5440.0,4062.0,0.83486414,0.0,False,1.0,non_human_findings,-1,0
405.tiff,find_and_suppress,1,4267.0,2514.0,0.8214306,0.0,False,1.0,non_human_findings,-1,0
405.tiff,find_and_suppress,2,4786.0,4391.0,0.8166509,0.0,False,1.0,non_human_findings,-1,0
405.tiff,find_and_suppress,3,1840.0,506.0,0.81239164,0.0,False,1.0,non_human_findings,-1,0
405.tiff,find_and_suppress,4,405.0,404.0,0.81173325,0.0,False,1.0,non_human_findings,-1,0
405.tiff,find_and_suppress,5,5161.0,2011.0,0.8098111,0.0,False,1.0,non_human_findings,-1,0
405.tiff,find_and_suppress,6,6494.0,2202.0,0.8050999,0.0,False,1.0,non_human_findings,-1,0
405.tiff,find_and_suppress,7,1143.0,3228.0,0.803669,0.0,False,1.0,non_human_findings,-1,0
405.tiff,find_and_suppress,8,3667.0,1241.0,0.79993397,0.0,False,1.0,non_human_findings,-1,0
405.tiff,find_and_suppress,9,6139.0,4344.0,0.7995873,0.0,False,1.0,non_human_findings,-1,0
405.tiff,find_and_suppress,10,563.0,515.0,0.79542977,0.0,False,1.0,non_human_findings,-1,0
405.tiff,find_and_suppress,11,4655.0,559.0,0.7899835,0.0,False,1.0,non_human_findings,-1,0
405.tiff,find_and_suppress,12,4748.0,2018.0,0.78970134,0.0,False,1.0,non_human_findings,-1,0
405.tiff,find_and_suppress,13,6181.0,1347.0,0.7885357,0.0,False,1.0,non_human_findings,-1,0
405.tiff,find_and_suppress,14,6536.0,3490.0,0.7875689,0.0,False,1.0,non_human_findings,-1,0
405.tiff,find_and_suppress,15,3922.0,1024.0,0.7796422,0.0,False,1.0,non_human_findings,-1,0
405.tiff,find_and_suppress,16,4109.0,2879.0,0.77912945,0.0,False,1.0,non_human_findings,-1,0
405.tiff,find_and_suppress,17,2534.0,3801.0,0.77897,0.0,False,1.0,non_human_findings,-1,0
405.tiff,find_and_suppress,18,5793.0,4233.0,0.77888393,0.0,False,1.0,non_human_findings,-1,0
405.tiff,find_and_suppress,19,5457.0,4607.0,0.7776973,0.0,False,1.0,non_human_findings,-1,0
405.tiff,find_and_suppress,20,764.0,1565.0,0.77502704,0.0,False,1.0,non_human_findings,-1,0
405.tiff,find_and_suppress,21,302.0,2089.0,0.7738557,0.0,False,1.0,non_human_findings,-1,0
405.tiff,find_and_suppress,22,5335.0,1991.0,0.77133435,0.0,False,1.0,non_human_findings,-1,0
405.tiff,find_and_suppress,23,6445.0,971.0,0.7704231,0.0,False,1.0,non_human_findings,-1,0
405.tiff,find_and_suppress,24,1319.0,4628.0,0.76967996,0.0,False,1.0,non_human_findings,-1,0
405.tiff,find_and_suppress,25,130.0,4428.0,0.7667856,0.0,False,1.0,non_human_findings,-1,0
405.tiff,find_and_suppress,26,3154.0,447.0,0.7661666,0.0,False,1.0,non_human_findings,-1,0
405.tiff,find_and_suppress,27,6219.0,2869.0,0.7648538,0.0,False,1.0,non_human_findings,-1,0
405.tiff,find_and_suppress,28,3654.0,4648.0,0.76475555,0.0,False,1.0,non_human_findings,-1,0
405.tiff,find_and_suppress,29,1254.0,1559.0,0.76343375,0.0,False,1.0,non_human_findings,-1,0
405.tiff,find_and_suppress,30,2990.0,2723.0,0.763061,0.0,False,1.0,non_human_findings,-1,0
405.tiff,find_and_suppress,31,2869.0,4823.0,0.7612527,0.0,False,1.0,non_human_findings,-1,0
405.tiff,find_and_suppress,32,4941.0,2380.0,0.759136,0.0,False,1.0,non_human_findings,-1,0
405.tiff,find_and_suppress,33,3428.0,2385.0,0.75886494,0.0,False,1.0,non_human_findings,-1,0
405.tiff,find_and_suppress,34,6445.0,4069.0,0.7587139,0.0,False,1.0,non_human_findings,-1,0
405.tiff,find_and_suppress,35,5728.0,3196.0,0.7586637,0.0,False,1.0,non_human_findings,-1,0
405.tiff,find_and_suppress,36,4172.0,1948.0,0.7577834,0.0,False,1.0,non_human_findings,-1,0
405.tiff,find_and_suppress,37,1781.0,4634.0,0.7568513,0.0,False,1.0,non_human_findings,-1,0
405.tiff,find_and_suppress,38,3786.0,662.0,0.75628155,0.0,False,1.0,non_human_findings,-1,0
405.tiff,find_and_suppress,39,6015.0,2072.0,0.7561678,0.0,False,1.0,non_human_findings,-1,0
405.tiff,find_and_suppress,40,6543.0,2470.0,0.75445163,0.0,False,1.0,non_human_findings,-1,0
405.tiff,find_and_suppress,41,4289.0,2645.0,0.7526955,0.0,False,1.0,non_human_findings,-1,0
405.tiff,find_and_suppress,42,4483.0,3015.0,0.7521395,0.0,False,1.0,non_human_findings,-1,0
405.tiff,find_and_suppress,43,3089.0,116.0,0.7517288,0.0,False,1.0,non_human_findings,-1,0
405.tiff,find_and_suppress,44,1495.0,952.0,0.7506036,0.0,False,1.0,non_human_findings,-1,0
405.tiff,find_and_suppress,45,2029.0,3965.0,0.7498775,0.0,False,1.0,non_human_findings,-1,0
405.tiff,find_and_suppress,46,25.0,4193.0,0.7487572,0.0,False,1.0,non_human_findings,-1,0
405.tiff,find_and_suppress,47,1389.0,1740.0,0.7484853,0.0,False,1.0,human_correct_label,20556,1
405.tiff,find_and_suppress,48,6014.0,3371.0,0.74782306,0.0,False,1.0,non_human_findings,-1,0
405.tiff,find_and_suppress,49,5455.0,291.0,0.74749064,0.0,False,1.0,non_human_findings,-1,0
405.tiff,find_and_suppress,50,651.0,1085.0,0.74739176,0.0,False,1.0,non_human_findings,-1,0
405.tiff,find_and_suppress,51,1623.0,4520.0,0.7469929,0.0,False,1.0,non_human_findings,-1,0
405.tiff,find_and_suppress,52,2384.0,2261.0,0.7467847,0.0,False,1.0,non_human_findings,-1,0
405.tiff,find_and_suppress,53,6341.0,808.0,0.745043,0.0,False,1.0,non_human_findings,-1,0
405.tiff,find_and_suppress,54,2964.0,1459.0,0.74495876,0.0,False,1.0,non_human_findings,-1,0
405.tiff,find_and_suppress,55,1336.0,1487.0,0.74480784,0.0,False,1.0,non_human_findings,-1,0
405.tiff,find_and_suppress,56,4378.0,2576.0,0.74442077,0.0,False,1.0,non_human_findings,-1,0
405.tiff,find_and_suppress,57,6134.0,3523.0,0.7437142,0.0,False,1.0,non_human_findings,-1,0
405.tiff,find_and_suppress,58,4088.0,635.0,0.74345326,0.0,False,1.0,non_human_findings,-1,0
405.tiff,find_and_suppress,59,1194.0,1532.0,0.7412602,0.0,False,1.0,non_human_findings,-1,0
405.tiff,find_and_suppress,60,4974.0,2213.0,0.7401776,0.0,False,1.0,non_human_findings,-1,0
405.tiff,find_and_suppress,61,6060.0,1987.0,0.7393267,0.0,False,1.0,non_human_findings,-1,0
405.tiff,find_and_suppress,62,330.0,4330.0,0.73912525,0.0,False,1.0,non_human_findings,-1,0
405.tiff,find_and_suppress,63,5656.0,3873.0,0.73867744,0.0,False,1.0,non_human_findings,-1,0
405.tiff,find_and_suppress,64,1204.0,1691.0,0.7373658,0.0,False,1.0,non_human_findings,-1,0
405.tiff,find_and_suppress,65,580.0,2031.0,0.73599666,0.0,False,1.0,non_human_findings,-1,0
405.tiff,find_and_suppress,66,4608.0,2190.0,0.73583335,0.0,False,1.0,non_human_findings,-1,0
405.tiff,find_and_suppress,67,6108.0,2046.0,0.7357964,0.0,False,1.0,non_human_findings,-1,0
405.tiff,find_and_suppress,68,2968.0,2980.0,0.7357846,0.0,False,1.0,non_human_findings,-1,0
405.tiff,find_and_suppress,69,6004.0,4676.0,0.7349259,0.0,False,1.0,non_human_findings,-1,0
405.tiff,find_and_suppress,70,1266.0,786.0,0.73463583,0.0,False,1.0,non_human_findings,-1,0
405.tiff,find_and_suppress,71,1297.0,1858.0,0.7344076,0.0,False,1.0,non_human_findings,-1,0
405.tiff,find_and_suppress,72,4116.0,1298.0,0.7343377,0.0,False,1.0,non_human_findings,-1,0
405.tiff,find_and_suppress,73,2282.0,4573.0,0.7340854,0.0,False,1.0,non_human_findings,-1,0
405.tiff,find_and_suppress,74,1604.0,974.0,0.73385304,0.0,False,1.0,non_human_findings,-1,0
405.tiff,find_and_suppress,75,5341.0,3731.0,0.733616,0.0,False,1.0,non_human_findings,-1,0
405.tiff,find_and_suppress,76,328.0,4822.0,0.7331261,0.0,False,1.0,non_human_findings,-1,0
405.tiff,find_and_suppress,77,5699.0,2831.0,0.73308986,0.0,False,1.0,non_human_findings,-1,0
405.tiff,find_and_suppress,78,3404.0,4869.0,0.7330666,0.0,False,1.0,non_human_findings,-1,0
405.tiff,find_and_suppress,79,1712.0,4116.0,0.7330411,0.0,False,1.0,non_human_findings,-1,0
405.tiff,find_and_suppress,80,2149.0,886.0,0.7328019,0.0,False,1.0,non_human_findings,-1,0
405.tiff,find_and_suppress,81,5032.0,4578.0,0.7316966,0.0,False,1.0,non_human_findings,-1,0
405.tiff,find_and_suppress,82,436.0,3290.0,0.731028,0.0,False,1.0,non_human_findings,-1,0
405.tiff,find_and_suppress,83,2075.0,2172.0,0.7280663,0.0,False,1.0,non_human_findings,-1,0
405.tiff,find_and_suppress,84,1642.0,1787.0,0.7278831,0.0,False,1.0,non_human_findings,-1,0
405.tiff,find_and_suppress,85,4746.0,2423.0,0.72728896,0.0,False,1.0,non_human_findings,-1,0
405.tiff,find_and_suppress,86,6010.0,2600.0,0.7263526,0.0,False,1.0,non_human_findings,-1,0
405.tiff,find_and_suppress,87,3744.0,935.0,0.72628987,0.0,False,1.0,non_human_findings,-1,0
405.tiff,find_and_suppress,88,2000.0,3906.0,0.7249751,0.0,False,1.0,non_human_findings,-1,0
405.tiff,find_and_suppress,89,370.0,140.0,0.72477955,0.0,False,1.0,non_human_findings,-1,0
405.tiff,find_and_suppress,90,1723.0,1063.0,0.7245799,0.0,False,1.0,non_human_findings,-1,0
405.tiff,find_and_suppress,91,6389.0,4817.0,0.7244341,0.0,False,1.0,non_human_findings,-1,0
405.tiff,find_and_suppress,92,433.0,1030.0,0.7234249,0.0,False,1.0,non_human_findings,-1,0
405.tiff,find_and_suppress,93,511.0,1781.0,0.7232882,0.0,False,1.0,non_human_findings,-1,0
405.tiff,find_and_suppress,94,4749.0,4555.0,0.72296125,0.0,False,1.0,non_human_findings,-1,0
405.tiff,find_and_suppress,95,5723.0,1297.0,0.7227675,0.0,False,1.0,non_human_findings,-1,0
405.tiff,find_and_suppress,96,6087.0,3466.0,0.7224585,0.0,False,1.0,non_human_findings,-1,0
405.tiff,find_and_suppress,97,6189.0,333.0,0.7220409,0.0,False,1.0,non_human_findings,-1,0
405.tiff,find_and_suppress,98,2712.0,518.0,0.721131,0.0,False,1.0,non_human_findings,-1,0
405.tiff,find_and_suppress,99,5306.0,2342.0,0.7206367,0.0,False,1.0,non_human_findings,-1,0
405.tiff,find_and_suppress,100,1300.0,2890.0,0.72026336,0.0,False,1.0,non_human_findings,-1,0
405.tiff,find_and_suppress,101,4559.0,4155.0,0.71777797,0.0,False,1.0,non_human_findings,-1,0
405.tiff,find_and_suppress,102,496.0,1586.0,0.7176206,0.0,False,1.0,non_human_findings,-1,0
405.tiff,find_and_suppress,103,4604.0,4584.0,0.71761215,0.0,False,1.0,non_human_findings,-1,0
405.tiff,find_and_suppress,104,2801.0,2088.0,0.7174268,0.0,False,1.0,non_human_findings,-1,0
405.tiff,find_and_suppress,105,5940.0,2520.0,0.7172776,0.0,False,1.0,non_human_findings,-1,0
405.tiff,find_and_suppress,106,1083.0,140.0,0.71567696,0.0,False,1.0,non_human_findings,-1,0
405.tiff,find_and_suppress,107,5558.0,2755.0,0.7152515,0.0,False,1.0,non_human_findings,-1,0
405.tiff,find_and_suppress,108,4608.0,2417.0,0.71497726,0.0,False,1.0,non_human_findings,-1,0
405.tiff,find_and_suppress,109,1172.0,560.0,0.7148403,0.0,False,1.0,non_human_findings,-1,0
405.tiff,find_and_suppress,110,889.0,2170.0,0.7140835,0.0,False,1.0,non_human_findings,-1,0
405.tiff,find_and_suppress,111,3771.0,1608.0,0.71384495,0.0,False,1.0,non_human_findings,-1,0
405.tiff,find_and_suppress,112,4148.0,1795.0,0.71373826,0.0,False,1.0,non_human_findings,-1,0
405.tiff,find_and_suppress,113,2418.0,2083.0,0.7137263,0.0,False,1.0,non_human_findings,-1,0
405.tiff,find_and_suppress,114,2823.0,2962.0,0.7136758,0.0,False,1.0,non_human_findings,-1,0
405.tiff,find_and_suppress,115,4388.0,3386.0,0.71291804,0.0,False,1.0,non_human_findings,-1,0
405.tiff,find_and_suppress,116,354.0,4620.0,0.71232224,0.0,False,1.0,non_human_findings,-1,0
405.tiff,find_and_suppress,117,6107.0,2477.0,0.71215475,0.0,False,1.0,non_human_findings,-1,0
405.tiff,find_and_suppress,118,5239.0,2564.0,0.71198535,0.0,False,1.0,non_human_findings,-1,0
405.tiff,find_and_suppress,119,5481.0,2099.0,0.7119403,0.0,False,1.0,non_human_findings,-1,0
405.tiff,find_and_suppress,120,119.0,851.0,0.71168107,0.0,False,1.0,non_human_findings,-1,0
405.tiff,find_and_suppress,121,481.0,988.0,0.7115571,0.0,False,1.0,non_human_findings,-1,0
405.tiff,find_and_suppress,122,3114.0,2892.0,0.71144927,0.0,False,1.0,non_human_findings,-1,0
405.tiff,find_and_suppress,123,570.0,1994.0,0.710785,0.0,False,1.0,non_human_findings,-1,0
405.tiff,find_and_suppress,124,586.0,1619.0,0.7100966,0.0,False,1.0,non_human_findings,-1,0
405.tiff,find_and_suppress,125,2291.0,875.0,0.7095787,0.0,False,1.0,non_human_findings,-1,0
405.tiff,find_and_suppress,126,5907.0,2711.0,0.70951617,0.0,False,1.0,non_human_findings,-1,0
405.tiff,find_and_suppress,127,5585.0,2399.0,0.7091758,0.0,False,1.0,non_human_findings,-1,0
405.tiff,find_and_suppress,128,1044.0,4595.0,0.7090778,0.0,False,1.0,non_human_findings,-1,0
405.tiff,find_and_suppress,129,1173.0,661.0,0.70885545,0.0,False,1.0,non_human_findings,-1,0
405.tiff,find_and_suppress,130,2215.0,1349.0,0.70837075,0.0,False,1.0,non_human_findings,-1,0
405.tiff,find_and_suppress,131,4136.0,1546.0,0.7082578,0.0,False,1.0,non_human_findings,-1,0
405.tiff,find_and_suppress,132,1851.0,4571.0,0.7081078,0.0,False,1.0,non_human_findings,-1,0
405.tiff,find_and_suppress,133,1363.0,3883.0,0.7080075,0.0,False,1.0,non_human_findings,-1,0
405.tiff,find_and_suppress,134,354.0,4416.0,0.7078943,0.0,False,1.0,non_human_findings,-1,0
405.tiff,find_and_suppress,135,2099.0,783.0,0.70704234,0.0,False,1.0,non_human_findings,-1,0
405.tiff,find_and_suppress,136,5992.0,2340.0,0.70694387,0.0,False,1.0,non_human_findings,-1,0
405.tiff,find_and_suppress,137,6136.0,2032.0,0.7069088,0.0,False,1.0,non_human_findings,-1,0
405.tiff,find_and_suppress,138,6109.0,106.0,0.70674634,0.0,False,1.0,non_human_findings,-1,0
405.tiff,find_and_suppress,139,4155.0,1032.0,0.7066571,0.0,False,1.0,non_human_findings,-1,0
405.tiff,find_and_suppress,140,5779.0,1920.0,0.70629036,0.0,False,1.0,non_human_findings,-1,0
405.tiff,find_and_suppress,141,2315.0,624.0,0.70586604,0.0,False,1.0,non_human_findings,-1,0
405.tiff,find_and_suppress,142,6412.0,590.0,0.7058157,0.0,False,1.0,non_human_findings,-1,0
405.tiff,find_and_suppress,143,3294.0,2306.0,0.705614,0.0,False,1.0,non_human_findings,-1,0
405.tiff,find_and_suppress,144,740.0,1357.0,0.70561117,0.0,False,1.0,non_human_findings,-1,0
405.tiff,find_and_suppress,145,4675.0,3286.0,0.7051317,0.0,False,1.0,non_human_findings,-1,0
405.tiff,find_and_suppress,146,82.0,627.0,0.70469666,0.0,False,1.0,non_human_findings,-1,0
405.tiff,find_and_suppress,147,4364.0,3349.0,0.70431334,0.0,False,1.0,non_human_findings,-1,0
405.tiff,find_and_suppress,148,5840.0,1955.0,0.7042605,0.0,False,1.0,non_human_findings,-1,0
405.tiff,find_and_suppress,149,6498.0,3579.0,0.70294416,0.0,False,1.0,non_human_findings,-1,0
405.tiff,find_and_suppress,150,805.0,1714.0,0.7021255,0.0,False,1.0,non_human_findings,-1,0
405.tiff,find_and_suppress,151,458.0,941.0,0.70190597,0.0,False,1.0,non_human_findings,-1,0
405.tiff,find_and_suppress,152,5523.0,4198.0,0.7018812,0.0,False,1.0,non_human_findings,-1,0
405.tiff,find_and_suppress,153,2068.0,1947.0,0.7016086,0.0,False,1.0,non_human_findings,-1,0
405.tiff,find_and_suppress,154,1592.0,1875.0,0.70158905,0.0,False,1.0,non_human_findings,-1,0
405.tiff,find_and_suppress,155,4401.0,4116.0,0.70139676,0.0,False,1.0,non_human_findings,-1,0
405.tiff,find_and_suppress,156,4026.0,4444.0,0.7012901,0.0,False,1.0,non_human_findings,-1,0
405.tiff,find_and_suppress,157,3515.0,3317.0,0.70111257,0.0,False,1.0,non_human_findings,-1,0
405.tiff,find_and_suppress,158,5803.0,3147.0,0.70072114,0.0,False,1.0,non_human_findings,-1,0
405.tiff,find_and_suppress,159,1150.0,1681.0,0.70058376,0.0,False,1.0,non_human_findings,-1,0
405.tiff,find_and_suppress,160,402.0,4669.0,0.7001829,0.0,False,1.0,non_human_findings,-1,0
405.tiff,find_and_suppress,161,271.0,2472.0,0.6999798,0.0,False,1.0,non_human_findings,-1,0
405.tiff,find_and_suppress,162,864.0,2806.0,0.69995236,0.0,False,1.0,non_human_findings,-1,0
405.tiff,find_and_suppress,163,4396.0,1731.0,0.6999201,0.0,False,1.0,non_human_findings,-1,0
405.tiff,find_and_suppress,164,5469.0,1962.0,0.6995127,0.0,False,1.0,non_human_findings,-1,0
405.tiff,find_and_suppress,165,6215.0,3661.0,0.6993439,0.0,False,1.0,non_human_findings,-1,0
405.tiff,find_and_suppress,166,5269.0,1990.0,0.6992903,0.0,False,1.0,non_human_findings,-1,0
405.tiff,find_and_suppress,167,1702.0,3365.0,0.69925106,0.0,False,1.0,non_human_findings,-1,0
405.tiff,find_and_suppress,168,3480.0,3855.0,0.69907975,0.0,False,1.0,non_human_findings,-1,0
405.tiff,find_and_suppress,169,599.0,505.0,0.69892025,0.0,False,1.0,non_human_findings,-1,0
405.tiff,find_and_suppress,170,6508.0,3164.0,0.6987769,0.0,False,1.0,non_human_findings,-1,0
405.tiff,find_and_suppress,171,1739.0,1692.0,0.6986181,0.0,False,1.0,non_human_findings,-1,0
405.tiff,find_and_suppress,172,4294.0,2432.0,0.69805574,0.0,False,1.0,non_human_findings,-1,0
405.tiff,find_and_suppress,173,2550.0,3111.0,0.69801617,0.0,False,1.0,non_human_findings,-1,0
405.tiff,find_and_suppress,174,1605.0,2841.0,0.69763976,0.0,False,1.0,non_human_findings,-1,0
405.tiff,find_and_suppress,175,792.0,1755.0,0.69749385,0.0,False,1.0,non_human_findings,-1,0
405.tiff,find_and_suppress,176,271.0,1168.0,0.6974913,0.0,False,1.0,non_human_findings,-1,0
405.tiff,find_and_suppress,177,3286.0,3760.0,0.6971333,0.0,False,1.0,non_human_findings,-1,0
405.tiff,find_and_suppress,178,39.0,3657.0,0.69696194,0.0,False,1.0,non_human_findings,-1,0
405.tiff,find_and_suppress,179,2962.0,4530.0,0.6965785,0.0,False,1.0,non_human_findings,-1,0
405.tiff,find_and_suppress,180,1384.0,1964.0,0.69610184,0.0,False,1.0,non_human_findings,-1,0
405.tiff,find_and_suppress,181,2964.0,4467.0,0.69586396,0.0,False,1.0,non_human_findings,-1,0
405.tiff,find_and_suppress,182,356.0,480.0,0.6957614,0.0,False,1.0,non_human_findings,-1,0
405.tiff,find_and_suppress,183,4525.0,3002.0,0.6951597,0.0,False,1.0,non_human_findings,-1,0
405.tiff,find_and_suppress,184,4080.0,4051.0,0.6948334,0.0,False,1.0,non_human_findings,-1,0
405.tiff,find_and_suppress,185,5463.0,1492.0,0.69359463,0.0,False,1.0,non_human_findings,-1,0
405.tiff,find_and_suppress,186,4367.0,717.0,0.6934703,0.0,False,1.0,non_human_findings,-1,0
405.tiff,find_and_suppress,187,5578.0,2557.0,0.69257575,0.0,False,1.0,non_human_findings,-1,0
405.tiff,find_and_suppress,188,830.0,3880.0,0.69254905,0.0,False,1.0,non_human_findings,-1,0
405.tiff,find_and_suppress,189,3689.0,696.0,0.6924669,0.0,False,1.0,non_human_findings,-1,0
405.tiff,find_and_suppress,190,1517.0,130.0,0.6922139,0.0,False,1.0,non_human_findings,-1,0
405.tiff,find_and_suppress,191,1325.0,1317.0,0.6921569,0.0,False,1.0,non_human_findings,-1,0
405.tiff,find_and_suppress,192,3249.0,1673.0,0.6921449,0.0,False,1.0,human_rejected_label,20559,2
405.tiff,find_and_suppress,193,4280.0,1018.0,0.6921121,0.0,False,1.0,non_human_findings,-1,0
405.tiff,find_and_suppress,194,4401.0,532.0,0.6917722,0.0,False,1.0,non_human_findings,-1,0
405.tiff,find_and_suppress,195,4750.0,2705.0,0.69111496,0.0,False,1.0,non_human_findings,-1,0
405.tiff,find_and_suppress,196,6429.0,403.0,0.6907717,0.0,False,1.0,non_human_findings,-1,0
405.tiff,find_and_suppress,197,1007.0,70.0,0.69056493,0.0,False,1.0,non_human_findings,-1,0
405.tiff,find_and_suppress,198,4103.0,1763.0,0.6899684,0.0,False,1.0,non_human_findings,-1,0
405.tiff,find_and_suppress,199,6229.0,270.0,0.68977267,0.0,False,1.0,non_human_findings,-1,0
405.tiff,find_and_suppress,200,2684.0,786.0,0.6897583,0.0,False,1.0,non_human_findings,-1,0
405.tiff,find_and_suppress,201,5693.0,1459.0,0.68959504,0.0,False,1.0,non_human_findings,-1,0
405.tiff,find_and_suppress,202,3112.0,4022.0,0.68915975,0.0,False,1.0,non_human_findings,-1,0
405.tiff,find_and_suppress,203,5439.0,4437.0,0.68913525,0.0,False,1.0,non_human_findings,-1,0
405.tiff,find_and_suppress,204,3970.0,2192.0,0.6882802,0.0,False,1.0,non_human_findings,-1,0
405.tiff,find_and_suppress,205,4474.0,3142.0,0.68825626,0.0,False,1.0,non_human_findings,-1,0
405.tiff,find_and_suppress,206,5997.0,2411.0,0.688109,0.0,False,1.0,non_human_findings,-1,0
405.tiff,find_and_suppress,207,2097.0,3565.0,0.68785155,0.0,False,1.0,non_human_findings,-1,0
405.tiff,find_and_suppress,208,4470.0,3599.0,0.6869206,0.0,False,1.0,non_human_findings,-1,0
405.tiff,find_and_suppress,209,151.0,175.0,0.6867533,0.0,False,1.0,non_human_findings,-1,0
405.tiff,find_and_suppress,210,1765.0,1096.0,0.68673337,0.0,False,1.0,non_human_findings,-1,0
405.tiff,find_and_suppress,211,4102.0,3070.0,0.6866397,0.0,False,1.0,non_human_findings,-1,0
405.tiff,find_and_suppress,212,2553.0,1167.0,0.6865835,0.0,False,1.0,non_human_findings,-1,0
405.tiff,find_and_suppress,213,703.0,1605.0,0.68642414,0.0,False,1.0,non_human_findings,-1,0
405.tiff,find_and_suppress,214,3105.0,3325.0,0.6860032,0.0,False,1.0,non_human_findings,-1,0
405.tiff,find_and_suppress,215,1216.0,4135.0,0.68567944,0.0,False,1.0,non_human_findings,-1,0
405.tiff,find_and_suppress,216,1351.0,4620.0,0.68567497,0.0,False,1.0,non_human_findings,-1,0
405.tiff,find_and_suppress,217,2360.0,2202.0,0.68496263,0.0,False,1.0,non_human_findings,-1,0
405.tiff,find_and_suppress,218,5584.0,243.0,0.6845398,0.0,False,1.0,non_human_findings,-1,0
405.tiff,find_and_suppress,219,4800.0,1116.0,0.6844284,0.0,False,1.0,non_human_findings,-1,0
405.tiff,find_and_suppress,220,4010.0,4359.0,0.68428814,0.0,False,1.0,non_human_findings,-1,0
405.tiff,find_and_suppress,221,25.0,1616.0,0.68427587,0.0,False,1.0,non_human_findings,-1,0
405.tiff,find_and_suppress,222,3269.0,3686.0,0.6840189,0.0,False,1.0,non_human_findings,-1,0
405.tiff,find_and_suppress,223,3743.0,3603.0,0.68358135,0.0,False,1.0,non_human_findings,-1,0
405.tiff,find_and_suppress,224,5428.0,3060.0,0.6835039,0.0,False,1.0,non_human_findings,-1,0
405.tiff,find_and_suppress,225,3871.0,3564.0,0.6833905,0.0,False,1.0,non_human_findings,-1,0
405.tiff,find_and_suppress,226,3171.0,1777.0,0.68293345,0.0,False,1.0,non_human_findings,-1,0
405.tiff,find_and_suppress,227,5734.0,4536.0,0.68248516,0.0,False,1.0,non_human_findings,-1,0
405.tiff,find_and_suppress,228,6152.0,3736.0,0.6820861,0.0,False,1.0,non_human_findings,-1,0
405.tiff,find_and_suppress,229,5509.0,4862.0,0.68207157,0.0,False,1.0,non_human_findings,-1,0
405.tiff,find_and_suppress,230,2441.0,2835.0,0.6819858,0.0,False,1.0,non_human_findings,-1,0
405.tiff,find_and_suppress,231,2296.0,2593.0,0.6818385,0.0,False,1.0,non_human_findings,-1,0
405.tiff,find_and_suppress,232,5591.0,3160.0,0.6818128,0.0,False,1.0,non_human_findings,-1,0
405.tiff,find_and_suppress,233,4449.0,902.0,0.68162626,0.0,False,1.0,non_human_findings,-1,0
405.tiff,find_and_suppress,234,323.0,4264.0,0.6810269,0.0,False,1.0,non_human_findings,-1,0
405.tiff,find_and_suppress,235,1847.0,1620.0,0.680926,0.0,False,1.0,non_human_findings,-1,0
405.tiff,find_and_suppress,236,532.0,912.0,0.68036604,0.0,False,1.0,non_human_findings,-1,0
405.tiff,find_and_suppress,237,531.0,3576.0,0.68003273,0.0,False,1.0,non_human_findings,-1,0
405.tiff,find_and_suppress,238,3586.0,3664.0,0.6798986,0.0,False,1.0,non_human_findings,-1,0
405.tiff,find_and_suppress,239,110.0,1173.0,0.67988414,0.0,False,1.0,non_human_findings,-1,0
405.tiff,find_and_suppress,240,4228.0,2454.0,0.67953306,0.0,False,1.0,non_human_findings,-1,0
405.tiff,find_and_suppress,241,5835.0,2698.0,0.6791367,0.0,False,1.0,non_human_findings,-1,0
405.tiff,find_and_suppress,242,1239.0,546.0,0.6789508,0.0,False,1.0,non_human_findings,-1,0
405.tiff,find_and_suppress,243,879.0,3286.0,0.67876,0.0,False,1.0,non_human_findings,-1,0
405.tiff,find_and_suppress,244,6469.0,3074.0,0.6784375,0.0,False,1.0,non_human_findings,-1,0
405.tiff,find_and_suppress,245,5684.0,130.0,0.6781552,0.0,False,1.0,non_human_findings,-1,0
405.tiff,find_and_suppress,246,4793.0,2397.0,0.67802846,0.0,False,1.0,non_human_findings,-1,0
405.tiff,find_and_suppress,247,3325.0,782.0,0.6779399,0.0,False,1.0,non_human_findings,-1,0
405.tiff,find_and_suppress,248,652.0,1030.0,0.67793304,0.0,False,1.0,non_human_findings,-1,0
405.tiff,find_and_suppress,249,3608.0,2817.0,0.6774512,0.0,False,1.0,non_human_findings,-1,0
405.tiff,find_and_suppress,250,2590.0,4498.0,0.67715394,0.0,False,1.0,non_human_findings,-1,0
405.tiff,find_and_suppress,251,4601.0,1595.0,0.67709655,0.0,False,1.0,non_human_findings,-1,0
405.tiff,find_and_suppress,252,3124.0,2147.0,0.6769678,0.0,False,1.0,non_human_findings,-1,0
405.tiff,find_and_suppress,253,5710.0,1497.0,0.67682654,0.0,False,1.0,non_human_findings,-1,0
405.tiff,find_and_suppress,254,2092.0,2500.0,0.67648035,0.0,False,1.0,non_human_findings,-1,0
405.tiff,find_and_suppress,255,234.0,2503.0,0.67615354,0.0,False,1.0,non_human_findings,-1,0
405.tiff,find_and_suppress,256,4129.0,2017.0,0.67613363,0.0,False,1.0,non_human_findings,-1,0
405.tiff,find_and_suppress,257,25.0,943.0,0.6760993,0.0,False,1.0,non_human_findings,-1,0
405.tiff,find_and_suppress,258,5388.0,2099.0,0.67582905,0.0,False,1.0,non_human_findings,-1,0
405.tiff,find_and_suppress,259,361.0,3296.0,0.67558676,0.0,False,1.0,non_human_findings,-1,0
405.tiff,find_and_suppress,260,3756.0,1420.0,0.6753856,0.0,False,1.0,non_human_findings,-1,0
405.tiff,find_and_suppress,261,3446.0,4041.0,0.6752913,0.0,False,1.0,non_human_findings,-1,0
405.tiff,find_and_suppress,262,3533.0,2488.0,0.6750983,0.0,False,1.0,non_human_findings,-1,0
405.tiff,find_and_suppress,263,3257.0,3938.0,0.6750172,0.0,False,1.0,non_human_findings,-1,0
405.tiff,find_and_suppress,264,2027.0,3118.0,0.6749478,0.0,False,1.0,non_human_findings,-1,0
405.tiff,find_and_suppress,265,6024.0,4153.0,0.67450553,0.0,False,1.0,non_human_findings,-1,0
405.tiff,find_and_suppress,266,1004.0,4516.0,0.6743099,0.0,False,1.0,non_human_findings,-1,0
405.tiff,find_and_suppress,267,1498.0,2839.0,0.67424935,0.0,False,1.0,non_human_findings,-1,0
405.tiff,find_and_suppress,268,25.0,3402.0,0.67416304,0.0,False,1.0,non_human_findings,-1,0
405.tiff,find_and_suppress,269,5798.0,2655.0,0.6741349,0.0,False,1.0,non_human_findings,-1,0
405.tiff,find_and_suppress,270,6360.0,1006.0,0.6741312,0.0,False,1.0,non_human_findings,-1,0
405.tiff,find_and_suppress,271,3456.0,2234.0,0.6740989,0.0,False,1.0,non_human_findings,-1,0
405.tiff,find_and_suppress,272,1610.0,1413.0,0.6737102,0.0,False,1.0,non_human_findings,-1,0
405.tiff,find_and_suppress,273,2846.0,495.0,0.6735281,0.0,False,1.0,non_human_findings,-1,0
405.tiff,find_and_suppress,274,4019.0,3769.0,0.6732146,0.0,False,1.0,non_human_findings,-1,0
405.tiff,find_and_suppress,275,5323.0,453.0,0.67320853,0.0,False,1.0,non_human_findings,-1,0
405.tiff,find_and_suppress,276,4512.0,2607.0,0.6726352,0.0,False,1.0,non_human_findings,-1,0
405.tiff,find_and_suppress,277,4073.0,4096.0,0.67255545,0.0,False,1.0,non_human_findings,-1,0
405.tiff,find_and_suppress,278,811.0,1901.0,0.6725484,0.0,False,1.0,non_human_findings,-1,0
405.tiff,find_and_suppress,279,805.0,3280.0,0.67247826,0.0,False,1.0,non_human_findings,-1,0
405.tiff,find_and_suppress,280,2859.0,4573.0,0.67236865,0.0,False,1.0,non_human_findings,-1,0
405.tiff,find_and_suppress,281,716.0,2111.0,0.67228746,0.0,False,1.0,non_human_findings,-1,0
405.tiff,find_and_suppress,282,2882.0,2696.0,0.6721174,0.0,False,1.0,non_human_findings,-1,0
405.tiff,find_and_suppress,283,1279.0,1601.0,0.6721031,0.0,False,1.0,non_human_findings,-1,0
405.tiff,find_and_suppress,284,5999.0,1975.0,0.67208695,0.0,False,1.0,non_human_findings,-1,0
405.tiff,find_and_suppress,285,1317.0,1135.0,0.67196494,0.0,False,1.0,non_human_findings,-1,0
405.tiff,find_and_suppress,286,175.0,210.0,0.67177993,0.0,False,1.0,non_human_findings,-1,0
405.tiff,find_and_suppress,287,3891.0,3387.0,0.6716919,0.0,False,1.0,non_human_findings,-1,0
405.tiff,find_and_suppress,288,3794.0,1182.0,0.6715473,0.0,False,1.0,non_human_findings,-1,0
405.tiff,find_and_suppress,289,4435.0,4245.0,0.6713074,0.0,False,1.0,non_human_findings,-1,0
405.tiff,find_and_suppress,290,4294.0,370.0,0.671264,0.0,False,1.0,non_human_findings,-1,0
405.tiff,find_and_suppress,291,1446.0,999.0,0.6712599,0.0,False,1.0,non_human_findings,-1,0
405.tiff,find_and_suppress,292,5847.0,2980.0,0.6711582,0.0,False,1.0,non_human_findings,-1,0
405.tiff,find_and_suppress,293,3404.0,3367.0,0.6709167,0.0,False,1.0,non_human_findings,-1,0
405.tiff,find_and_suppress,294,697.0,254.0,0.67074686,0.0,False,1.0,non_human_findings,-1,0
405.tiff,find_and_suppress,295,3647.0,908.0,0.670694,0.0,False,1.0,non_human_findings,-1,0
405.tiff,find_and_suppress,296,389.0,3695.0,0.6703692,0.0,False,1.0,non_human_findings,-1,0
405.tiff,find_and_suppress,297,2617.0,2375.0,0.6703109,0.0,False,1.0,non_human_findings,-1,0
405.tiff,find_and_suppress,298,6003.0,4899.0,0.6702668,0.0,False,1.0,non_human_findings,-1,0
405.tiff,find_and_suppress,299,1252.0,858.0,0.6700456,0.0,False,1.0,non_human_findings,-1,0
405.tiff,find_and_suppress,300,406.0,2193.0,0.6700312,0.0,False,1.0,non_human_findings,-1,0
405.tiff,find_and_suppress,301,4730.0,4280.0,0.66978854,0.0,False,1.0,non_human_findings,-1,0
405.tiff,find_and_suppress,302,4319.0,414.0,0.66949457,0.0,False,1.0,non_human_findings,-1,0
405.tiff,find_and_suppress,303,2190.0,2541.0,0.66911566,0.0,False,1.0,non_human_findings,-1,0
405.tiff,find_and_suppress,304,757.0,3169.0,0.6690268,0.0,False,1.0,non_human_findings,-1,0
405.tiff,find_and_suppress,305,4680.0,3895.0,0.668803,0.0,False,1.0,non_human_findings,-1,0
405.tiff,find_and_suppress,306,4671.0,1320.0,0.6686723,0.0,False,1.0,non_human_findings,-1,0
405.tiff,find_and_suppress,307,3198.0,649.0,0.668442,0.0,False,1.0,non_human_findings,-1,0
405.tiff,find_and_suppress,308,3641.0,2318.0,0.667917,0.0,False,1.0,non_human_findings,-1,0
405.tiff,find_and_suppress,309,4439.0,2443.0,0.66782826,0.0,False,1.0,non_human_findings,-1,0
405.tiff,find_and_suppress,310,3664.0,4704.0,0.66782,0.0,False,1.0,non_human_findings,-1,0
405.tiff,find_and_suppress,311,4787.0,2580.0,0.667782,0.0,False,1.0,non_human_findings,-1,0
405.tiff,find_and_suppress,312,3651.0,3426.0,0.66775227,0.0,False,1.0,non_human_findings,-1,0
405.tiff,find_and_suppress,313,1266.0,1442.0,0.66751117,0.0,False,1.0,non_human_findings,-1,0
405.tiff,find_and_suppress,314,1556.0,2859.0,0.6675016,0.0,False,1.0,non_human_findings,-1,0
405.tiff,find_and_suppress,315,4662.0,3788.0,0.66705227,0.0,False,1.0,non_human_findings,-1,0
405.tiff,find_and_suppress,316,4750.0,1139.0,0.66705203,0.0,False,1.0,non_human_findings,-1,0
405.tiff,find_and_suppress,317,5460.0,1713.0,0.6669022,0.0,False,1.0,non_human_findings,-1,0
405.tiff,find_and_suppress,318,923.0,2049.0,0.66682017,0.0,False,1.0,non_human_findings,-1,0
405.tiff,find_and_suppress,319,2689.0,1829.0,0.66681564,0.0,False,1.0,non_human_findings,-1,0
405.tiff,find_and_suppress,320,4659.0,3747.0,0.66664106,0.0,False,1.0,non_human_findings,-1,0
405.tiff,find_and_suppress,321,3197.0,249.0,0.666357,0.0,False,1.0,non_human_findings,-1,0
405.tiff,find_and_suppress,322,5115.0,4851.0,0.6660955,0.0,False,1.0,non_human_findings,-1,0
405.tiff,find_and_suppress,323,2242.0,3600.0,0.665954,0.0,False,1.0,non_human_findings,-1,0
405.tiff,find_and_suppress,324,4490.0,1723.0,0.6658759,0.0,False,1.0,non_human_findings,-1,0
405.tiff,find_and_suppress,325,563.0,308.0,0.6658147,0.0,False,1.0,non_human_findings,-1,0
405.tiff,find_and_suppress,326,1464.0,888.0,0.6657899,0.0,False,1.0,non_human_findings,-1,0
405.tiff,find_and_suppress,327,3213.0,839.0,0.6656447,0.0,False,1.0,non_human_findings,-1,0
405.tiff,find_and_suppress,328,473.0,1788.0,0.6655641,0.0,False,1.0,non_human_findings,-1,0
405.tiff,find_and_suppress,329,5095.0,4494.0,0.66547686,0.0,False,1.0,non_human_findings,-1,0
405.tiff,find_and_suppress,330,3960.0,2530.0,0.66522217,0.0,False,1.0,non_human_findings,-1,0
405.tiff,find_and_suppress,331,2434.0,813.0,0.66522026,0.0,False,1.0,non_human_findings,-1,0
405.tiff,find_and_suppress,332,1105.0,1688.0,0.6651904,0.0,False,1.0,non_human_findings,-1,0
405.tiff,find_and_suppress,333,2562.0,745.0,0.6651698,0.0,False,1.0,non_human_findings,-1,0
405.tiff,find_and_suppress,334,4104.0,672.0,0.6650446,0.0,False,1.0,non_human_findings,-1,0
405.tiff,find_and_suppress,335,6256.0,3947.0,0.6649869,0.0,False,1.0,non_human_findings,-1,0
405.tiff,find_and_suppress,336,6300.0,2952.0,0.66492474,0.0,False,1.0,non_human_findings,-1,0
405.tiff,find_and_suppress,337,1632.0,4706.0,0.6648536,0.0,False,1.0,non_human_findings,-1,0
405.tiff,find_and_suppress,338,3518.0,1171.0,0.6647364,0.0,False,1.0,non_human_findings,-1,0
405.tiff,find_and_suppress,339,1250.0,339.0,0.66471267,0.0,False,1.0,non_human_findings,-1,0
405.tiff,find_and_suppress,340,5891.0,1965.0,0.664337,0.0,False,1.0,non_human_findings,-1,0
405.tiff,find_and_suppress,341,3027.0,3812.0,0.6643356,0.0,False,1.0,non_human_findings,-1,0
405.tiff,find_and_suppress,342,5474.0,1546.0,0.66422296,0.0,False,1.0,non_human_findings,-1,0
405.tiff,find_and_suppress,343,698.0,1278.0,0.6638022,0.0,False,1.0,non_human_findings,-1,0
405.tiff,find_and_suppress,344,5594.0,4640.0,0.66373295,0.0,False,1.0,non_human_findings,-1,0
405.tiff,find_and_suppress,345,4028.0,1003.0,0.6634022,0.0,False,1.0,non_human_findings,-1,0
405.tiff,find_and_suppress,346,5635.0,379.0,0.66333467,0.0,False,1.0,non_human_findings,-1,0
405.tiff,find_and_suppress,347,3781.0,101.0,0.6632663,0.0,False,1.0,non_human_findings,-1,0
405.tiff,find_and_suppress,348,5068.0,3684.0,0.6632154,0.0,False,1.0,non_human_findings,-1,0
405.tiff,find_and_suppress,349,2528.0,4447.0,0.66306967,0.0,False,1.0,non_human_findings,-1,0
405.tiff,find_and_suppress,350,2285.0,4162.0,0.6628191,0.0,False,1.0,non_human_findings,-1,0
405.tiff,find_and_suppress,351,1551.0,2152.0,0.6627926,0.0,False,1.0,non_human_findings,-1,0
405.tiff,find_and_suppress,352,6091.0,3827.0,0.66277874,0.0,False,1.0,non_human_findings,-1,0
405.tiff,find_and_suppress,353,2846.0,4508.0,0.66273147,0.0,False,1.0,non_human_findings,-1,0
405.tiff,find_and_suppress,354,6546.0,4024.0,0.66272837,0.0,False,1.0,non_human_findings,-1,0
405.tiff,find_and_suppress,355,4130.0,3726.0,0.66271937,0.0,False,1.0,non_human_findings,-1,0
405.tiff,find_and_suppress,356,1582.0,574.0,0.6626161,0.0,False,1.0,non_human_findings,-1,0
405.tiff,find_and_suppress,357,4956.0,265.0,0.6625887,0.0,False,1.0,non_human_findings,-1,0
405.tiff,find_and_suppress,358,2856.0,2507.0,0.6625759,0.0,False,1.0,non_human_findings,-1,0
405.tiff,find_and_suppress,359,3794.0,4132.0,0.6624531,0.0,False,1.0,non_human_findings,-1,0
405.tiff,find_and_suppress,360,3370.0,1438.0,0.6623355,0.0,False,1.0,non_human_findings,-1,0
405.tiff,find_and_suppress,361,2572.0,573.0,0.66218245,0.0,False,1.0,non_human_findings,-1,0
405.tiff,find_and_suppress,362,2305.0,2828.0,0.6621655,0.0,False,1.0,non_human_findings,-1,0
405.tiff,find_and_suppress,363,2078.0,3338.0,0.6620825,0.0,False,1.0,non_human_findings,-1,0
405.tiff,find_and_suppress,364,614.0,1334.0,0.6615286,0.0,False,1.0,non_human_findings,-1,0
405.tiff,find_and_suppress,365,2086.0,2251.0,0.6614668,0.0,False,1.0,non_human_findings,-1,0
405.tiff,find_and_suppress,366,1790.0,68.0,0.66132265,0.0,False,1.0,non_human_findings,-1,0
405.tiff,find_and_suppress,367,5895.0,846.0,0.66107005,0.0,False,1.0,non_human_findings,-1,0
405.tiff,find_and_suppress,368,3900.0,2699.0,0.66095185,0.0,False,1.0,non_human_findings,-1,0
405.tiff,find_and_suppress,369,6098.0,1101.0,0.6609421,0.0,False,1.0,non_human_findings,-1,0
405.tiff,find_and_suppress,370,1963.0,3743.0,0.66088605,0.0,False,1.0,non_human_findings,-1,0
405.tiff,find_and_suppress,371,2201.0,201.0,0.6606646,0.0,False,1.0,non_human_findings,-1,0
405.tiff,find_and_suppress,372,5806.0,3638.0,0.6604391,0.0,False,1.0,non_human_findings,-1,0
405.tiff,find_and_suppress,373,5669.0,3791.0,0.6602187,0.0,False,1.0,non_human_findings,-1,0
405.tiff,find_and_suppress,374,1017.0,3245.0,0.6595756,0.0,False,1.0,non_human_findings,-1,0
405.tiff,find_and_suppress,375,3783.0,2336.0,0.65927863,0.0,False,1.0,non_human_findings,-1,0
405.tiff,find_and_suppress,376,3340.0,4149.0,0.6591685,0.0,False,1.0,non_human_findings,-1,0
405.tiff,find_and_suppress,377,2897.0,1279.0,0.6590857,0.0,False,1.0,non_human_findings,-1,0
405.tiff,find_and_suppress,378,6378.0,3163.0,0.65902966,0.0,False,1.0,non_human_findings,-1,0
405.tiff,find_and_suppress,379,610.0,1565.0,0.6588536,0.0,False,1.0,non_human_findings,-1,0
405.tiff,find_and_suppress,380,3964.0,3680.0,0.6587119,0.0,False,1.0,non_human_findings,-1,0
405.tiff,find_and_suppress,381,5773.0,3676.0,0.6583626,0.0,False,1.0,non_human_findings,-1,0
405.tiff,find_and_suppress,382,1864.0,3997.0,0.6583286,0.0,False,1.0,non_human_findings,-1,0
405.tiff,find_and_suppress,383,1660.0,2136.0,0.6580889,0.0,False,1.0,non_human_findings,-1,0
405.tiff,find_and_suppress,384,3966.0,206.0,0.6580549,0.0,False,1.0,non_human_findings,-1,0
405.tiff,find_and_suppress,385,1687.0,1391.0,0.65790224,0.0,False,1.0,non_human_findings,-1,0
405.tiff,find_and_suppress,386,2836.0,2864.0,0.65766466,0.0,False,1.0,non_human_findings,-1,0
405.tiff,find_and_suppress,387,2197.0,3748.0,0.65738577,0.0,False,1.0,non_human_findings,-1,0
405.tiff,find_and_suppress,388,4621.0,2570.0,0.65689933,0.0,False,1.0,non_human_findings,-1,0
405.tiff,find_and_suppress,389,5097.0,1703.0,0.6568034,0.0,False,1.0,non_human_findings,-1,0
405.tiff,find_and_suppress,390,3205.0,3320.0,0.6567757,0.0,False,1.0,non_human_findings,-1,0
405.tiff,find_and_suppress,391,3610.0,4745.0,0.6567448,0.0,False,1.0,non_human_findings,-1,0
405.tiff,find_and_suppress,392,5765.0,2392.0,0.6566278,0.0,False,1.0,non_human_findings,-1,0
405.tiff,find_and_suppress,393,2452.0,1542.0,0.65651804,0.0,False,1.0,non_human_findings,-1,0
405.tiff,find_and_suppress,394,3811.0,1098.0,0.656191,0.0,False,1.0,non_human_findings,-1,0
405.tiff,find_and_suppress,395,5558.0,893.0,0.6559943,0.0,False,1.0,non_human_findings,-1,0
405.tiff,find_and_suppress,396,4935.0,2628.0,0.6559319,0.0,False,1.0,non_human_findings,-1,0
405.tiff,find_and_suppress,397,1040.0,1650.0,0.6556134,0.0,False,1.0,non_human_findings,-1,0
405.tiff,find_and_suppress,398,300.0,4197.0,0.6554086,0.0,False,1.0,non_human_findings,-1,0
405.tiff,find_and_suppress,399,2828.0,1414.0,0.6553452,0.0,False,1.0,non_human_findings,-1,0
405.tiff,find_and_suppress,400,549.0,4439.0,0.65528214,0.0,False,1.0,non_human_findings,-1,0
405.tiff,find_and_suppress,401,3460.0,315.0,0.65510833,0.0,False,1.0,non_human_findings,-1,0
405.tiff,find_and_suppress,402,4600.0,4524.0,0.65505654,0.0,False,1.0,non_human_findings,-1,0
405.tiff,find_and_suppress,403,4416.0,1789.0,0.65500784,0.0,False,1.0,non_human_findings,-1,0
405.tiff,find_and_suppress,404,6291.0,4858.0,0.6546997,0.0,False,1.0,non_human_findings,-1,0
405.tiff,find_and_suppress,405,1496.0,1370.0,0.65453124,0.0,False,1.0,non_human_findings,-1,0
405.tiff,find_and_suppress,406,4148.0,3553.0,0.6545164,0.0,False,1.0,non_human_findings,-1,0
405.tiff,find_and_suppress,407,4283.0,4560.0,0.65381896,0.0,False,1.0,non_human_findings,-1,0
405.tiff,find_and_suppress,408,752.0,3596.0,0.6537635,0.0,False,1.0,non_human_findings,-1,0
405.tiff,find_and_suppress,409,618.0,1518.0,0.65371174,0.0,False,1.0,non_human_findings,-1,0
405.tiff,find_and_suppress,410,1930.0,4845.0,0.65358794,0.0,False,1.0,non_human_findings,-1,0
405.tiff,find_and_suppress,411,3257.0,4789.0,0.6532283,0.0,False,1.0,non_human_findings,-1,0
405.tiff,find_and_suppress,412,334.0,404.0,0.6530786,0.0,False,1.0,non_human_findings,-1,0
405.tiff,find_and_suppress,413,5036.0,1461.0,0.65303534,0.0,False,1.0,non_human_findings,-1,0
405.tiff,find_and_suppress,414,1442.0,2107.0,0.6530041,0.0,False,1.0,non_human_findings,-1,0
405.tiff,find_and_suppress,415,4185.0,1631.0,0.6527873,0.0,False,1.0,non_human_findings,-1,0
405.tiff,find_and_suppress,416,6071.0,716.0,0.6527203,0.0,False,1.0,non_human_findings,-1,0
405.tiff,find_and_suppress,417,169.0,1592.0,0.65232855,0.0,False,1.0,non_human_findings,-1,0
405.tiff,find_and_suppress,418,660.0,1652.0,0.6523284,0.0,False,1.0,non_human_findings,-1,0
405.tiff,find_and_suppress,419,1251.0,1788.0,0.6517875,0.0,False,1.0,non_human_findings,-1,0
405.tiff,find_and_suppress,420,6116.0,3456.0,0.65173346,0.0,False,1.0,non_human_findings,-1,0
405.tiff,find_and_suppress,421,5431.0,2621.0,0.6514639,0.0,False,1.0,non_human_findings,-1,0
405.tiff,find_and_suppress,422,3172.0,3784.0,0.6513564,0.0,False,1.0,non_human_findings,-1,0
405.tiff,find_and_suppress,423,869.0,1064.0,0.6513252,0.0,False,1.0,non_human_findings,-1,0
405.tiff,find_and_suppress,424,2825.0,3019.0,0.65126663,0.0,False,1.0,non_human_findings,-1,0
405.tiff,find_and_suppress,425,5098.0,1186.0,0.6509446,0.0,False,1.0,non_human_findings,-1,0
405.tiff,find_and_suppress,426,3869.0,776.0,0.6509386,0.0,False,1.0,non_human_findings,-1,0
405.tiff,find_and_suppress,427,307.0,4121.0,0.6508539,0.0,False,1.0,non_human_findings,-1,0
405.tiff,find_and_suppress,428,6227.0,643.0,0.650837,0.0,False,1.0,non_human_findings,-1,0
405.tiff,find_and_suppress,429,6378.0,3661.0,0.65052116,0.0,False,1.0,non_human_findings,-1,0
405.tiff,find_and_suppress,430,5505.0,4242.0,0.65049493,0.0,False,1.0,non_human_findings,-1,0
405.tiff,find_and_suppress,431,5471.0,3540.0,0.6503409,0.0,False,1.0,non_human_findings,-1,0
405.tiff,find_and_suppress,432,2078.0,143.0,0.6501794,0.0,False,1.0,non_human_findings,-1,0
405.tiff,find_and_suppress,433,1095.0,4564.0,0.6501424,0.0,False,1.0,non_human_findings,-1,0
405.tiff,find_and_suppress,434,3512.0,945.0,0.64997745,0.0,False,1.0,non_human_findings,-1,0
405.tiff,find_and_suppress,435,5210.0,4745.0,0.6499564,0.0,False,1.0,non_human_findings,-1,0
405.tiff,find_and_suppress,436,1637.0,3589.0,0.6498256,0.0,False,1.0,non_human_findings,-1,0
405.tiff,find_and_suppress,437,6219.0,1335.0,0.6496418,0.0,False,1.0,non_human_findings,-1,0
405.tiff,find_and_suppress,438,2445.0,1761.0,0.6495395,0.0,False,1.0,non_human_findings,-1,0
405.tiff,find_and_suppress,439,733.0,247.0,0.6494554,0.0,False,1.0,non_human_findings,-1,0
405.tiff,find_and_suppress,440,1373.0,4117.0,0.64944804,0.0,False,1.0,non_human_findings,-1,0
405.tiff,find_and_suppress,441,2629.0,3205.0,0.6493198,0.0,False,1.0,non_human_findings,-1,0
405.tiff,find_and_suppress,442,1796.0,682.0,0.6490336,0.0,False,1.0,non_human_findings,-1,0
405.tiff,find_and_suppress,443,2698.0,1305.0,0.6488032,0.0,False,1.0,non_human_findings,-1,0
405.tiff,find_and_suppress,444,6199.0,277.0,0.6487182,0.0,False,1.0,non_human_findings,-1,0
405.tiff,find_and_suppress,445,1455.0,2142.0,0.6486849,0.0,False,1.0,non_human_findings,-1,0
405.tiff,find_and_suppress,446,509.0,417.0,0.64861435,0.0,False,1.0,non_human_findings,-1,0
405.tiff,find_and_suppress,447,4563.0,4895.0,0.6485757,0.0,False,1.0,non_human_findings,-1,0
405.tiff,find_and_suppress,448,880.0,3980.0,0.6484987,0.0,False,1.0,non_human_findings,-1,0
405.tiff,find_and_suppress,449,5638.0,2909.0,0.6484881,0.0,False,1.0,non_human_findings,-1,0
405.tiff,find_and_suppress,450,6105.0,764.0,0.64810306,0.0,False,1.0,non_human_findings,-1,0
405.tiff,find_and_suppress,451,2091.0,1032.0,0.64797384,0.0,False,1.0,non_human_findings,-1,0
405.tiff,find_and_suppress,452,3583.0,3596.0,0.64766026,0.0,False,1.0,non_human_findings,-1,0
405.tiff,find_and_suppress,453,70.0,1359.0,0.64731765,0.0,False,1.0,non_human_findings,-1,0
405.tiff,find_and_suppress,454,3529.0,29.0,0.6472818,0.0,False,1.0,non_human_findings,-1,0
405.tiff,find_and_suppress,455,5356.0,1901.0,0.64719254,0.0,False,1.0,non_human_findings,-1,0
405.tiff,find_and_suppress,456,4158.0,2453.0,0.64718705,0.0,False,1.0,non_human_findings,-1,0
405.tiff,find_and_suppress,457,5567.0,1776.0,0.6467944,0.0,False,1.0,non_human_findings,-1,0
405.tiff,find_and_suppress,458,5043.0,4846.0,0.6467826,0.0,False,1.0,non_human_findings,-1,0
405.tiff,find_and_suppress,459,5017.0,4403.0,0.64677984,0.0,False,1.0,non_human_findings,-1,0
405.tiff,find_and_suppress,460,2874.0,1797.0,0.64672005,0.0,False,1.0,non_human_findings,-1,0
405.tiff,find_and_suppress,461,3026.0,3934.0,0.6467062,0.0,False,1.0,non_human_findings,-1,0
405.tiff,find_and_suppress,462,4325.0,3430.0,0.64669746,0.0,False,1.0,non_human_findings,-1,0
405.tiff,find_and_suppress,463,437.0,4859.0,0.6466794,0.0,False,1.0,non_human_findings,-1,0
405.tiff,find_and_suppress,464,2387.0,2683.0,0.6466385,0.0,False,1.0,non_human_findings,-1,0
405.tiff,find_and_suppress,465,1341.0,2749.0,0.64651453,0.0,False,1.0,non_human_findings,-1,0
405.tiff,find_and_suppress,466,5319.0,3823.0,0.646187,0.0,False,1.0,non_human_findings,-1,0
405.tiff,find_and_suppress,467,5381.0,4526.0,0.6460775,0.0,False,1.0,non_human_findings,-1,0
405.tiff,find_and_suppress,468,3092.0,3226.0,0.6458758,0.0,False,1.0,non_human_findings,-1,0
405.tiff,find_and_suppress,469,3995.0,1270.0,0.64570564,0.0,False,1.0,non_human_findings,-1,0
405.tiff,find_and_suppress,470,3008.0,4042.0,0.6456309,0.0,False,1.0,non_human_findings,-1,0
405.tiff,find_and_suppress,471,5826.0,3248.0,0.6455519,0.0,False,1.0,non_human_findings,-1,0
405.tiff,find_and_suppress,472,2814.0,2542.0,0.6454832,0.0,False,1.0,non_human_findings,-1,0
405.tiff,find_and_suppress,473,143.0,2339.0,0.64532775,0.0,False,1.0,non_human_findings,-1,0
405.tiff,find_and_suppress,474,4647.0,4236.0,0.64526165,0.0,False,1.0,non_human_findings,-1,0
405.tiff,find_and_suppress,475,1452.0,1936.0,0.6452054,0.0,False,1.0,non_human_findings,-1,0
405.tiff,find_and_suppress,476,1148.0,4873.0,0.6450891,0.0,False,1.0,non_human_findings,-1,0
405.tiff,find_and_suppress,477,4888.0,3467.0,0.64508456,0.0,False,1.0,non_human_findings,-1,0
405.tiff,find_and_suppress,478,2612.0,3391.0,0.64493096,0.0,False,1.0,non_human_findings,-1,0
405.tiff,find_and_suppress,479,5721.0,2729.0,0.6446169,0.0,False,1.0,non_human_findings,-1,0
405.tiff,find_and_suppress,480,6267.0,2892.0,0.64442956,0.0,False,1.0,non_human_findings,-1,0
405.tiff,find_and_suppress,481,1183.0,2862.0,0.6443285,0.0,False,1.0,non_human_findings,-1,0
405.tiff,find_and_suppress,482,2966.0,4376.0,0.64401776,0.0,False,1.0,non_human_findings,-1,0
405.tiff,find_and_suppress,483,2106.0,1130.0,0.64392775,0.0,False,1.0,non_human_findings,-1,0
405.tiff,find_and_suppress,484,5307.0,1937.0,0.6438467,0.0,False,1.0,non_human_findings,-1,0
405.tiff,find_and_suppress,485,4350.0,4867.0,0.64377284,0.0,False,1.0,non_human_findings,-1,0
405.tiff,find_and_suppress,486,6325.0,2128.0,0.64353925,0.0,False,1.0,non_human_findings,-1,0
405.tiff,find_and_suppress,487,3051.0,1271.0,0.64342517,0.0,False,1.0,non_human_findings,-1,0
405.tiff,find_and_suppress,488,5850.0,1469.0,0.64341986,0.0,False,1.0,non_human_findings,-1,0
405.tiff,find_and_suppress,489,1403.0,1496.0,0.643137,0.0,False,1.0,non_human_findings,-1,0
405.tiff,find_and_suppress,490,4110.0,2195.0,0.6431102,0.0,False,1.0,non_human_findings,-1,0
405.tiff,find_and_suppress,491,2446.0,2788.0,0.64304763,0.0,False,1.0,non_human_findings,-1,0
405.tiff,find_and_suppress,492,851.0,3922.0,0.6430206,0.0,False,1.0,non_human_findings,-1,0
405.tiff,find_and_suppress,493,4667.0,2725.0,0.64299464,0.0,False,1.0,non_human_findings,-1,0
405.tiff,find_and_suppress,494,6456.0,3586.0,0.6427433,0.0,False,1.0,non_human_findings,-1,0
405.tiff,find_and_suppress,495,5388.0,3232.0,0.6427376,0.0,False,1.0,non_human_findings,-1,0
405.tiff,find_and_suppress,496,3749.0,2339.0,0.6420914,0.0,False,1.0,non_human_findings,-1,0
405.tiff,find_and_suppress,497,3491.0,1857.0,0.6420583,0.0,False,1.0,non_human_findings,-1,0
405.tiff,find_and_suppress,498,5163.0,4003.0,0.64180386,0.0,False,1.0,non_human_findings,-1,0
405.tiff,find_and_suppress,499,6451.0,3981.0,0.64173967,0.0,False,1.0,non_human_findings,-1,0
405.tiff,find_and_suppress,500,6461.0,1856.0,0.64164877,0.0,False,1.0,non_human_findings,-1,0
405.tiff,find_and_suppress,501,3992.0,1007.0,0.641608,0.0,False,1.0,non_human_findings,-1,0
405.tiff,find_and_suppress,502,376.0,186.0,0.641485,0.0,False,1.0,non_human_findings,-1,0
405.tiff,find_and_suppress,503,5474.0,4655.0,0.64138246,0.0,False,1.0,non_human_findings,-1,0
405.tiff,find_and_suppress,504,3339.0,4034.0,0.64130414,0.0,False,1.0,non_human_findings,-1,0
405.tiff,find_and_suppress,505,4453.0,624.0,0.64069283,0.0,False,1.0,non_human_findings,-1,0
405.tiff,find_and_suppress,506,2363.0,1215.0,0.64028513,0.0,False,1.0,non_human_findings,-1,0
405.tiff,find_and_suppress,507,4789.0,4759.0,0.64018273,0.0,False,1.0,non_human_findings,-1,0
405.tiff,find_and_suppress,508,5195.0,1873.0,0.64012235,0.0,False,1.0,non_human_findings,-1,0
405.tiff,find_and_suppress,509,2224.0,3853.0,0.6400612,0.0,False,1.0,non_human_findings,-1,0
405.tiff,find_and_suppress,510,5160.0,1639.0,0.64001065,0.0,False,1.0,non_human_findings,-1,0
405.tiff,find_and_suppress,511,6008.0,555.0,0.6399013,0.0,False,1.0,non_human_findings,-1,0
405.tiff,find_and_suppress,512,3356.0,1768.0,0.63979673,0.0,False,1.0,non_human_findings,-1,0
405.tiff,find_and_suppress,513,5666.0,2451.0,0.6397572,0.0,False,1.0,non_human_findings,-1,0
405.tiff,find_and_suppress,514,5777.0,2069.0,0.6397255,0.0,False,1.0,non_human_findings,-1,0
405.tiff,find_and_suppress,515,1699.0,3203.0,0.63939506,0.0,False,1.0,non_human_findings,-1,0
405.tiff,find_and_suppress,516,4985.0,3494.0,0.63899404,0.0,False,1.0,non_human_findings,-1,0
405.tiff,find_and_suppress,517,3151.0,1854.0,0.63885313,0.0,False,1.0,non_human_findings,-1,0
405.tiff,find_and_suppress,518,271.0,2099.0,0.63885254,0.0,False,1.0,non_human_findings,-1,0
405.tiff,find_and_suppress,519,4916.0,2593.0,0.6388318,0.0,False,1.0,non_human_findings,-1,0
405.tiff,find_and_suppress,520,3993.0,3369.0,0.638694,0.0,False,1.0,non_human_findings,-1,0
405.tiff,find_and_suppress,521,3755.0,741.0,0.6385957,0.0,False,1.0,non_human_findings,-1,0
405.tiff,find_and_suppress,522,973.0,4601.0,0.6385925,0.0,False,1.0,non_human_findings,-1,0
405.tiff,find_and_suppress,523,3708.0,2521.0,0.63824,0.0,False,1.0,human_correct_label,20567,1
405.tiff,find_and_suppress,524,4049.0,2053.0,0.6380599,0.0,False,1.0,non_human_findings,-1,0
405.tiff,find_and_suppress,525,4927.0,3791.0,0.63783044,0.0,False,1.0,non_human_findings,-1,0
405.tiff,find_and_suppress,526,4077.0,150.0,0.6376416,0.0,False,1.0,non_human_findings,-1,0
405.tiff,find_and_suppress,527,983.0,1565.0,0.6375344,0.0,False,1.0,non_human_findings,-1,0
405.tiff,find_and_suppress,528,6123.0,3868.0,0.6371695,0.0,False,1.0,non_human_findings,-1,0
405.tiff,find_and_suppress,529,6043.0,642.0,0.63696045,0.0,False,1.0,non_human_findings,-1,0
405.tiff,find_and_suppress,530,6468.0,166.0,0.6369427,0.0,False,1.0,non_human_findings,-1,0
405.tiff,find_and_suppress,531,5733.0,2856.0,0.63692456,0.0,False,1.0,non_human_findings,-1,0
405.tiff,find_and_suppress,532,5594.0,440.0,0.636918,0.0,False,1.0,non_human_findings,-1,0
405.tiff,find_and_suppress,533,2166.0,1709.0,0.6367901,0.0,False,1.0,non_human_findings,-1,0
405.tiff,find_and_suppress,534,1165.0,4515.0,0.6367877,0.0,False,1.0,non_human_findings,-1,0
405.tiff,find_and_suppress,535,5331.0,4829.0,0.63671404,0.0,False,1.0,non_human_findings,-1,0
405.tiff,find_and_suppress,536,2175.0,4353.0,0.63648814,0.0,False,1.0,non_human_findings,-1,0
405.tiff,find_and_suppress,537,4403.0,3860.0,0.6364753,0.0,False,1.0,non_human_findings,-1,0
405.tiff,find_and_suppress,538,1251.0,4039.0,0.6364343,0.0,False,1.0,non_human_findings,-1,0
405.tiff,find_and_suppress,539,956.0,3044.0,0.6363548,0.0,False,1.0,non_human_findings,-1,0
405.tiff,find_and_suppress,540,807.0,3923.0,0.63630027,0.0,False,1.0,non_human_findings,-1,0
405.tiff,find_and_suppress,541,3934.0,4141.0,0.63619435,0.0,False,1.0,non_human_findings,-1,0
405.tiff,find_and_suppress,542,5131.0,1578.0,0.6360602,0.0,False,1.0,non_human_findings,-1,0
405.tiff,find_and_suppress,543,2611.0,1778.0,0.6359259,0.0,False,1.0,non_human_findings,-1,0
405.tiff,find_and_suppress,544,4520.0,2040.0,0.63572925,0.0,False,1.0,non_human_findings,-1,0
405.tiff,find_and_suppress,545,3178.0,759.0,0.63566464,0.0,False,1.0,non_human_findings,-1,0
405.tiff,find_and_suppress,546,6267.0,4820.0,0.6356434,0.0,False,1.0,non_human_findings,-1,0
405.tiff,find_and_suppress,547,3807.0,2821.0,0.6354903,0.0,False,1.0,non_human_findings,-1,0
405.tiff,find_and_suppress,548,4161.0,2921.0,0.635488,0.0,False,1.0,non_human_findings,-1,0
405.tiff,find_and_suppress,549,3076.0,2624.0,0.63548315,0.0,False,1.0,non_human_findings,-1,0
405.tiff,find_and_suppress,550,3037.0,2415.0,0.63546807,0.0,False,1.0,non_human_findings,-1,0
405.tiff,find_and_suppress,551,5884.0,4364.0,0.6354421,0.0,False,1.0,non_human_findings,-1,0
405.tiff,find_and_suppress,552,293.0,1794.0,0.6350647,0.0,False,1.0,non_human_findings,-1,0
405.tiff,find_and_suppress,553,2545.0,273.0,0.6350634,0.0,False,1.0,non_human_findings,-1,0
405.tiff,find_and_suppress,554,5730.0,1802.0,0.634879,0.0,False,1.0,non_human_findings,-1,0
405.tiff,find_and_suppress,555,3891.0,2256.0,0.63478523,0.0,False,1.0,non_human_findings,-1,0
405.tiff,find_and_suppress,556,5016.0,2843.0,0.6345502,0.0,False,1.0,non_human_findings,-1,0
405.tiff,find_and_suppress,557,2765.0,4329.0,0.63454974,0.0,False,1.0,non_human_findings,-1,0
405.tiff,find_and_suppress,558,6435.0,3721.0,0.6345064,0.0,False,1.0,non_human_findings,-1,0
405.tiff,find_and_suppress,559,2647.0,1839.0,0.6344997,0.0,False,1.0,non_human_findings,-1,0
405.tiff,find_and_suppress,560,3947.0,872.0,0.63433987,0.0,False,1.0,non_human_findings,-1,0
405.tiff,find_and_suppress,561,4955.0,3852.0,0.6343286,0.0,False,1.0,non_human_findings,-1,0
405.tiff,find_and_suppress,562,4612.0,2316.0,0.6340812,0.0,False,1.0,non_human_findings,-1,0
405.tiff,find_and_suppress,563,6224.0,814.0,0.6340427,0.0,False,1.0,non_human_findings,-1,0
405.tiff,find_and_suppress,564,29.0,3310.0,0.6339875,0.0,False,1.0,non_human_findings,-1,0
405.tiff,find_and_suppress,565,4308.0,802.0,0.63396657,0.0,False,1.0,non_human_findings,-1,0
405.tiff,find_and_suppress,566,565.0,198.0,0.6336678,0.0,False,1.0,non_human_findings,-1,0
405.tiff,find_and_suppress,567,6525.0,1877.0,0.6336577,0.0,False,1.0,non_human_findings,-1,0
405.tiff,find_and_suppress,568,5203.0,2210.0,0.63348246,0.0,False,1.0,non_human_findings,-1,0
405.tiff,find_and_suppress,569,3295.0,1978.0,0.6334583,0.0,False,1.0,non_human_findings,-1,0
405.tiff,find_and_suppress,570,1715.0,251.0,0.63335806,0.0,False,1.0,non_human_findings,-1,0
405.tiff,find_and_suppress,571,2979.0,3223.0,0.633306,0.0,False,1.0,non_human_findings,-1,0
405.tiff,find_and_suppress,572,2131.0,1084.0,0.6332783,0.0,False,1.0,non_human_findings,-1,0
405.tiff,find_and_suppress,573,3674.0,3635.0,0.6331336,0.0,False,1.0,non_human_findings,-1,0
405.tiff,find_and_suppress,574,6149.0,709.0,0.63312966,0.0,False,1.0,non_human_findings,-1,0
405.tiff,find_and_suppress,575,977.0,4274.0,0.63291246,0.0,False,1.0,non_human_findings,-1,0
405.tiff,find_and_suppress,576,4800.0,4028.0,0.63284636,0.0,False,1.0,non_human_findings,-1,0
405.tiff,find_and_suppress,577,812.0,1279.0,0.6321054,0.0,False,1.0,non_human_findings,-1,0
405.tiff,find_and_suppress,578,970.0,4147.0,0.63210315,0.0,False,1.0,non_human_findings,-1,0
405.tiff,find_and_suppress,579,4564.0,4349.0,0.6320088,0.0,False,1.0,non_human_findings,-1,0
405.tiff,find_and_suppress,580,3852.0,449.0,0.6317916,0.0,False,1.0,non_human_findings,-1,0
405.tiff,find_and_suppress,581,4593.0,3259.0,0.63175344,0.0,False,1.0,non_human_findings,-1,0
405.tiff,find_and_suppress,582,5203.0,777.0,0.63173115,0.0,False,1.0,non_human_findings,-1,0
405.tiff,find_and_suppress,583,1019.0,2663.0,0.6317016,0.0,False,1.0,non_human_findings,-1,0
405.tiff,find_and_suppress,584,3393.0,383.0,0.6316955,0.0,False,1.0,non_human_findings,-1,0
405.tiff,find_and_suppress,585,760.0,2913.0,0.63165605,0.0,False,1.0,non_human_findings,-1,0
405.tiff,find_and_suppress,586,1348.0,1823.0,0.6316275,0.0,False,1.0,non_human_findings,-1,0
405.tiff,find_and_suppress,587,2555.0,802.0,0.6315155,0.0,False,1.0,non_human_findings,-1,0
405.tiff,find_and_suppress,588,4939.0,2761.0,0.6313788,0.0,False,1.0,non_human_findings,-1,0
405.tiff,find_and_suppress,589,310.0,2226.0,0.63125956,0.0,False,1.0,non_human_findings,-1,0
405.tiff,find_and_suppress,590,261.0,409.0,0.63119817,0.0,False,1.0,non_human_findings,-1,0
405.tiff,find_and_suppress,591,2238.0,2111.0,0.6311127,0.0,False,1.0,non_human_findings,-1,0
405.tiff,find_and_suppress,592,5015.0,2640.0,0.63095134,0.0,False,1.0,non_human_findings,-1,0
405.tiff,find_and_suppress,593,1313.0,2665.0,0.63077164,0.0,False,1.0,non_human_findings,-1,0
405.tiff,find_and_suppress,594,2738.0,976.0,0.63075674,0.0,False,1.0,non_human_findings,-1,0
405.tiff,find_and_suppress,595,102.0,4826.0,0.6307129,0.0,False,1.0,non_human_findings,-1,0
405.tiff,find_and_suppress,596,4014.0,3920.0,0.63069427,0.0,False,1.0,non_human_findings,-1,0
405.tiff,find_and_suppress,597,2225.0,768.0,0.63054657,0.0,False,1.0,non_human_findings,-1,0
405.tiff,find_and_suppress,598,216.0,326.0,0.63053435,0.0,False,1.0,non_human_findings,-1,0
405.tiff,find_and_suppress,599,823.0,1567.0,0.63012594,0.0,False,1.0,non_human_findings,-1,0
405.tiff,find_and_suppress,600,1703.0,4433.0,0.63009936,0.0,False,1.0,non_human_findings,-1,0
405.tiff,find_and_suppress,601,4188.0,4806.0,0.6298238,0.0,False,1.0,non_human_findings,-1,0
405.tiff,find_and_suppress,602,3666.0,329.0,0.6296689,0.0,False,1.0,non_human_findings,-1,0
405.tiff,find_and_suppress,603,3411.0,1714.0,0.6295577,0.0,False,1.0,non_human_findings,-1,0
405.tiff,find_and_suppress,604,4548.0,3335.0,0.62937075,0.0,False,1.0,non_human_findings,-1,0
405.tiff,find_and_suppress,605,329.0,3955.0,0.62929595,0.0,False,1.0,non_human_findings,-1,0
405.tiff,find_and_suppress,606,5484.0,1336.0,0.62925595,0.0,False,1.0,non_human_findings,-1,0
405.tiff,find_and_suppress,607,4623.0,3664.0,0.6292397,0.0,False,1.0,non_human_findings,-1,0
405.tiff,find_and_suppress,608,892.0,4086.0,0.6291601,0.0,False,1.0,non_human_findings,-1,0
405.tiff,find_and_suppress,609,3431.0,77.0,0.6288212,0.0,False,1.0,non_human_findings,-1,0
405.tiff,find_and_suppress,610,3054.0,3231.0,0.6286411,0.0,False,1.0,non_human_findings,-1,0
405.tiff,find_and_suppress,611,4153.0,652.0,0.62848663,0.0,False,1.0,non_human_findings,-1,0
405.tiff,find_and_suppress,612,4739.0,685.0,0.6284678,0.0,False,1.0,non_human_findings,-1,0
405.tiff,find_and_suppress,613,1987.0,563.0,0.62841725,0.0,False,1.0,non_human_findings,-1,0
405.tiff,find_and_suppress,614,3876.0,1510.0,0.6283215,0.0,False,1.0,non_human_findings,-1,0
405.tiff,find_and_suppress,615,5083.0,2500.0,0.6281563,0.0,False,1.0,non_human_findings,-1,0
405.tiff,find_and_suppress,616,559.0,3332.0,0.6281479,0.0,False,1.0,non_human_findings,-1,0
405.tiff,find_and_suppress,617,99.0,3542.0,0.6280627,0.0,False,1.0,non_human_findings,-1,0
405.tiff,find_and_suppress,618,1175.0,3163.0,0.6280369,0.0,False,1.0,non_human_findings,-1,0
405.tiff,find_and_suppress,619,1408.0,2602.0,0.62797964,0.0,False,1.0,non_human_findings,-1,0
405.tiff,find_and_suppress,620,6542.0,3610.0,0.6277403,0.0,False,1.0,non_human_findings,-1,0
405.tiff,find_and_suppress,621,2373.0,330.0,0.62757427,0.0,False,1.0,non_human_findings,-1,0
405.tiff,find_and_suppress,622,4812.0,2728.0,0.6275531,0.0,False,1.0,non_human_findings,-1,0
405.tiff,find_and_suppress,623,2434.0,1862.0,0.6274994,0.0,False,1.0,non_human_findings,-1,0
405.tiff,find_and_suppress,624,4446.0,1892.0,0.62744397,0.0,False,1.0,non_human_findings,-1,0
405.tiff,find_and_suppress,625,1186.0,4320.0,0.6274059,0.0,False,1.0,non_human_findings,-1,0
405.tiff,find_and_suppress,626,4844.0,1266.0,0.62735015,0.0,False,1.0,non_human_findings,-1,0
405.tiff,find_and_suppress,627,968.0,2152.0,0.6270268,0.0,False,1.0,non_human_findings,-1,0
405.tiff,find_and_suppress,628,570.0,91.0,0.6268273,0.0,False,1.0,human_rejected_label,20553,2
405.tiff,find_and_suppress,629,5789.0,1520.0,0.6268067,0.0,False,1.0,non_human_findings,-1,0
405.tiff,find_and_suppress,630,4324.0,1936.0,0.6265698,0.0,False,1.0,non_human_findings,-1,0
405.tiff,find_and_suppress,631,1958.0,2078.0,0.626407,0.0,False,1.0,non_human_findings,-1,0
405.tiff,find_and_suppress,632,1823.0,3186.0,0.626251,0.0,False,1.0,non_human_findings,-1,0
405.tiff,find_and_suppress,633,2951.0,666.0,0.6261691,0.0,False,1.0,non_human_findings,-1,0
405.tiff,find_and_suppress,634,878.0,1173.0,0.6260611,0.0,False,1.0,non_human_findings,-1,0
405.tiff,find_and_suppress,635,2664.0,618.0,0.62593514,0.0,False,1.0,non_human_findings,-1,0
405.tiff,find_and_suppress,636,1201.0,2418.0,0.6258983,0.0,False,1.0,non_human_findings,-1,0
405.tiff,find_and_suppress,637,5334.0,1712.0,0.6258749,0.0,False,1.0,non_human_findings,-1,0
405.tiff,find_and_suppress,638,1269.0,4600.0,0.62572664,0.0,False,1.0,non_human_findings,-1,0
405.tiff,find_and_suppress,639,5527.0,3811.0,0.6256975,0.0,False,1.0,non_human_findings,-1,0
405.tiff,find_and_suppress,640,5513.0,430.0,0.62561923,0.0,False,1.0,non_human_findings,-1,0
405.tiff,find_and_suppress,641,2005.0,4408.0,0.6255527,0.0,False,1.0,non_human_findings,-1,0
405.tiff,find_and_suppress,642,2610.0,983.0,0.62546617,0.0,False,1.0,non_human_findings,-1,0
405.tiff,find_and_suppress,643,2445.0,2240.0,0.6254282,0.0,False,1.0,non_human_findings,-1,0
405.tiff,find_and_suppress,644,662.0,3545.0,0.62540895,0.0,False,1.0,non_human_findings,-1,0
405.tiff,find_and_suppress,645,2320.0,4437.0,0.6253988,0.0,False,1.0,non_human_findings,-1,0
405.tiff,find_and_suppress,646,1292.0,415.0,0.6253957,0.0,False,1.0,non_human_findings,-1,0
405.tiff,find_and_suppress,647,1581.0,173.0,0.6252139,0.0,False,1.0,non_human_findings,-1,0
405.tiff,find_and_suppress,648,5035.0,1970.0,0.624986,0.0,False,1.0,non_human_findings,-1,0
405.tiff,find_and_suppress,649,96.0,1308.0,0.62497777,0.0,False,1.0,non_human_findings,-1,0
405.tiff,find_and_suppress,650,916.0,4233.0,0.62494594,0.0,False,1.0,non_human_findings,-1,0
405.tiff,find_and_suppress,651,2577.0,990.0,0.62466484,0.0,False,1.0,non_human_findings,-1,0
405.tiff,find_and_suppress,652,3770.0,1455.0,0.6244325,0.0,False,1.0,non_human_findings,-1,0
405.tiff,find_and_suppress,653,3710.0,4832.0,0.62410164,0.0,False,1.0,non_human_findings,-1,0
405.tiff,find_and_suppress,654,2070.0,1516.0,0.62394357,0.0,False,1.0,non_human_findings,-1,0
405.tiff,find_and_suppress,655,4116.0,3440.0,0.62391615,0.0,False,1.0,non_human_findings,-1,0
405.tiff,find_and_suppress,656,67.0,1880.0,0.62381464,0.0,False,1.0,non_human_findings,-1,0
405.tiff,find_and_suppress,657,4627.0,2508.0,0.6237263,0.0,False,1.0,non_human_findings,-1,0
405.tiff,find_and_suppress,658,2677.0,3000.0,0.623713,0.0,False,1.0,non_human_findings,-1,0
405.tiff,find_and_suppress,659,2651.0,2539.0,0.6236493,0.0,False,1.0,non_human_findings,-1,0
405.tiff,find_and_suppress,660,125.0,811.0,0.623554,0.0,False,1.0,non_human_findings,-1,0
405.tiff,find_and_suppress,661,823.0,4756.0,0.6235088,0.0,False,1.0,non_human_findings,-1,0
405.tiff,find_and_suppress,662,2767.0,866.0,0.6233718,0.0,False,1.0,non_human_findings,-1,0
405.tiff,find_and_suppress,663,3297.0,226.0,0.6232858,0.0,False,1.0,non_human_findings,-1,0
405.tiff,find_and_suppress,664,2308.0,909.0,0.6231526,0.0,False,1.0,non_human_findings,-1,0
405.tiff,find_and_suppress,665,525.0,714.0,0.62311906,0.0,False,1.0,non_human_findings,-1,0
405.tiff,find_and_suppress,666,5435.0,3923.0,0.6231134,0.0,False,1.0,non_human_findings,-1,0
405.tiff,find_and_suppress,667,5480.0,4776.0,0.62310076,0.0,False,1.0,non_human_findings,-1,0
405.tiff,find_and_suppress,668,4851.0,4640.0,0.6228472,0.0,False,1.0,non_human_findings,-1,0
405.tiff,find_and_suppress,669,3259.0,3637.0,0.62281746,0.0,False,1.0,non_human_findings,-1,0
405.tiff,find_and_suppress,670,615.0,1038.0,0.62280965,0.0,False,1.0,non_human_findings,-1,0
405.tiff,find_and_suppress,671,949.0,1349.0,0.62277585,0.0,False,1.0,non_human_findings,-1,0
405.tiff,find_and_suppress,672,798.0,4551.0,0.62266725,0.0,False,1.0,non_human_findings,-1,0
405.tiff,find_and_suppress,673,2434.0,3296.0,0.6226034,0.0,False,1.0,non_human_findings,-1,0
405.tiff,find_and_suppress,674,5355.0,3199.0,0.62255454,0.0,False,1.0,non_human_findings,-1,0
405.tiff,find_and_suppress,675,91.0,2395.0,0.62239665,0.0,False,1.0,non_human_findings,-1,0
405.tiff,find_and_suppress,676,4268.0,2595.0,0.6220995,0.0,False,1.0,non_human_findings,-1,0
405.tiff,find_and_suppress,677,1744.0,2667.0,0.6219626,0.0,False,1.0,non_human_findings,-1,0
405.tiff,find_and_suppress,678,5200.0,2512.0,0.6219009,0.0,False,1.0,non_human_findings,-1,0
405.tiff,find_and_suppress,679,2546.0,3650.0,0.621612,0.0,False,1.0,non_human_findings,-1,0
405.tiff,find_and_suppress,680,2422.0,3590.0,0.62159073,0.0,False,1.0,non_human_findings,-1,0
405.tiff,find_and_suppress,681,2521.0,3758.0,0.6215524,0.0,False,1.0,non_human_findings,-1,0
405.tiff,find_and_suppress,682,2696.0,2438.0,0.62154603,0.0,False,1.0,non_human_findings,-1,0
405.tiff,find_and_suppress,683,4234.0,3807.0,0.6213231,0.0,False,1.0,non_human_findings,-1,0
405.tiff,find_and_suppress,684,225.0,3732.0,0.62123466,0.0,False,1.0,non_human_findings,-1,0
405.tiff,find_and_suppress,685,1087.0,2343.0,0.62118965,0.0,False,1.0,non_human_findings,-1,0
405.tiff,find_and_suppress,686,3063.0,3654.0,0.620841,0.0,False,1.0,non_human_findings,-1,0
405.tiff,find_and_suppress,687,6421.0,346.0,0.6206735,0.0,False,1.0,non_human_findings,-1,0
405.tiff,find_and_suppress,688,5929.0,4680.0,0.6206341,0.0,False,1.0,non_human_findings,-1,0
405.tiff,find_and_suppress,689,791.0,3102.0,0.6205409,0.0,False,1.0,non_human_findings,-1,0
405.tiff,find_and_suppress,690,3589.0,2616.0,0.62020946,0.0,False,1.0,non_human_findings,-1,0
405.tiff,find_and_suppress,691,6255.0,4035.0,0.62020266,0.0,False,1.0,human_rejected_label,20581,2
405.tiff,find_and_suppress,692,4048.0,1363.0,0.620106,0.0,False,1.0,non_human_findings,-1,0
405.tiff,find_and_suppress,693,5745.0,1087.0,0.61993027,0.0,False,1.0,non_human_findings,-1,0
405.tiff,find_and_suppress,694,4739.0,1229.0,0.6199014,0.0,False,1.0,non_human_findings,-1,0
405.tiff,find_and_suppress,695,6071.0,2287.0,0.61968607,0.0,False,1.0,non_human_findings,-1,0
405.tiff,find_and_suppress,696,672.0,548.0,0.6196663,0.0,False,1.0,non_human_findings,-1,0
405.tiff,find_and_suppress,697,3003.0,743.0,0.6196356,0.0,False,1.0,non_human_findings,-1,0
405.tiff,find_and_suppress,698,2465.0,705.0,0.6195934,0.0,False,1.0,non_human_findings,-1,0
405.tiff,find_and_suppress,699,2732.0,1262.0,0.6195044,0.0,False,1.0,non_human_findings,-1,0
405.tiff,find_and_suppress,700,3253.0,4350.0,0.61947376,0.0,False,1.0,non_human_findings,-1,0
405.tiff,find_and_suppress,701,901.0,3617.0,0.61935645,0.0,False,1.0,non_human_findings,-1,0
405.tiff,find_and_suppress,702,466.0,3852.0,0.619076,0.0,False,1.0,non_human_findings,-1,0
405.tiff,find_and_suppress,703,6299.0,3232.0,0.6190338,0.0,False,1.0,non_human_findings,-1,0
405.tiff,find_and_suppress,704,1757.0,3958.0,0.6189476,0.0,False,1.0,non_human_findings,-1,0
405.tiff,find_and_suppress,705,5826.0,325.0,0.6188827,0.0,False,1.0,non_human_findings,-1,0
405.tiff,find_and_suppress,706,3968.0,2702.0,0.61874425,0.0,False,1.0,non_human_findings,-1,0
405.tiff,find_and_suppress,707,4172.0,955.0,0.61871785,0.0,False,1.0,non_human_findings,-1,0
405.tiff,find_and_suppress,708,3643.0,2523.0,0.6187141,0.0,False,1.0,non_human_findings,-1,0
405.tiff,find_and_suppress,709,2029.0,4689.0,0.6185376,0.0,False,1.0,non_human_findings,-1,0
405.tiff,find_and_suppress,710,2155.0,1257.0,0.6183449,0.0,False,1.0,non_human_findings,-1,0
405.tiff,find_and_suppress,711,1402.0,4160.0,0.6179982,0.0,False,1.0,non_human_findings,-1,0
405.tiff,find_and_suppress,712,3437.0,2335.0,0.6178388,0.0,False,1.0,non_human_findings,-1,0
405.tiff,find_and_suppress,713,6496.0,4160.0,0.61778206,0.0,False,1.0,non_human_findings,-1,0
405.tiff,find_and_suppress,714,4361.0,1251.0,0.61766636,0.0,False,1.0,non_human_findings,-1,0
405.tiff,find_and_suppress,715,3723.0,1995.0,0.6176462,0.0,False,1.0,non_human_findings,-1,0
405.tiff,find_and_suppress,716,1537.0,938.0,0.61761355,0.0,False,1.0,non_human_findings,-1,0
405.tiff,find_and_suppress,717,3838.0,4649.0,0.6175894,0.0,False,1.0,non_human_findings,-1,0
405.tiff,find_and_suppress,718,4931.0,1142.0,0.6175273,0.0,False,1.0,non_human_findings,-1,0
405.tiff,find_and_suppress,719,5391.0,2514.0,0.6175226,0.0,False,1.0,non_human_findings,-1,0
405.tiff,find_and_suppress,720,5579.0,1065.0,0.6174514,0.0,False,1.0,non_human_findings,-1,0
405.tiff,find_and_suppress,721,3132.0,3383.0,0.61739933,0.0,False,1.0,non_human_findings,-1,0
405.tiff,find_and_suppress,722,606.0,270.0,0.6173785,0.0,False,1.0,non_human_findings,-1,0
405.tiff,find_and_suppress,723,4977.0,2130.0,0.61727,0.0,False,1.0,non_human_findings,-1,0
405.tiff,find_and_suppress,724,5762.0,561.0,0.61701936,0.0,False,1.0,non_human_findings,-1,0
405.tiff,find_and_suppress,725,5890.0,4239.0,0.61673766,0.0,False,1.0,non_human_findings,-1,0
405.tiff,find_and_suppress,726,5007.0,4803.0,0.6166338,0.0,False,1.0,non_human_findings,-1,0
405.tiff,find_and_suppress,727,1706.0,33.0,0.6164126,0.0,False,1.0,non_human_findings,-1,0
405.tiff,find_and_suppress,728,2000.0,4023.0,0.61634606,0.0,False,1.0,non_human_findings,-1,0
405.tiff,find_and_suppress,729,4365.0,1585.0,0.61633414,0.0,False,1.0,non_human_findings,-1,0
405.tiff,find_and_suppress,730,2137.0,437.0,0.61630625,0.0,False,1.0,non_human_findings,-1,0
405.tiff,find_and_suppress,731,4762.0,1959.0,0.61610234,0.0,False,1.0,non_human_findings,-1,0
405.tiff,find_and_suppress,732,3783.0,2980.0,0.6159657,0.0,False,1.0,non_human_findings,-1,0
405.tiff,find_and_suppress,733,85.0,1051.0,0.6158935,0.0,False,1.0,non_human_findings,-1,0
405.tiff,find_and_suppress,734,1371.0,4165.0,0.6158838,0.0,False,1.0,non_human_findings,-1,0
405.tiff,find_and_suppress,735,372.0,2089.0,0.6158711,0.0,False,1.0,non_human_findings,-1,0
405.tiff,find_and_suppress,736,807.0,289.0,0.6157588,0.0,False,1.0,non_human_findings,-1,0
405.tiff,find_and_suppress,737,360.0,1454.0,0.61563146,0.0,False,1.0,non_human_findings,-1,0
405.tiff,find_and_suppress,738,3635.0,4455.0,0.61561006,0.0,False,1.0,non_human_findings,-1,0
405.tiff,find_and_suppress,739,6393.0,2307.0,0.6155727,0.0,False,1.0,non_human_findings,-1,0
405.tiff,find_and_suppress,740,615.0,1662.0,0.61550045,0.0,False,1.0,non_human_findings,-1,0
405.tiff,find_and_suppress,741,4575.0,2149.0,0.61536884,0.0,False,1.0,non_human_findings,-1,0
405.tiff,find_and_suppress,742,3831.0,3019.0,0.61530876,0.0,False,1.0,non_human_findings,-1,0
405.tiff,find_and_suppress,743,4812.0,3669.0,0.61530143,0.0,False,1.0,non_human_findings,-1,0
405.tiff,find_and_suppress,744,5283.0,2928.0,0.6152135,0.0,False,1.0,non_human_findings,-1,0
405.tiff,find_and_suppress,745,2105.0,3976.0,0.61514455,0.0,False,1.0,non_human_findings,-1,0
405.tiff,find_and_suppress,746,2208.0,2353.0,0.6150526,0.0,False,1.0,non_human_findings,-1,0
405.tiff,find_and_suppress,747,1584.0,4065.0,0.61493033,0.0,False,1.0,non_human_findings,-1,0
405.tiff,find_and_suppress,748,2701.0,3403.0,0.6148733,0.0,False,1.0,non_human_findings,-1,0
405.tiff,find_and_suppress,749,6163.0,760.0,0.6146708,0.0,False,1.0,non_human_findings,-1,0
405.tiff,find_and_suppress,750,1448.0,471.0,0.6146673,0.0,False,1.0,non_human_findings,-1,0
405.tiff,find_and_suppress,751,3305.0,2181.0,0.6141619,0.0,False,1.0,non_human_findings,-1,0
405.tiff,find_and_suppress,752,5011.0,551.0,0.61375517,0.0,False,1.0,non_human_findings,-1,0
405.tiff,find_and_suppress,753,4016.0,892.0,0.61374944,0.0,False,1.0,non_human_findings,-1,0
405.tiff,find_and_suppress,754,6362.0,3283.0,0.6137301,0.0,False,1.0,non_human_findings,-1,0
405.tiff,find_and_suppress,755,6121.0,3822.0,0.6136586,0.0,False,1.0,non_human_findings,-1,0
405.tiff,find_and_suppress,756,1830.0,2227.0,0.61343753,0.0,False,1.0,non_human_findings,-1,0
405.tiff,find_and_suppress,757,6355.0,4747.0,0.6133457,0.0,False,1.0,non_human_findings,-1,0
405.tiff,find_and_suppress,758,151.0,43.0,0.61323947,0.0,False,1.0,non_human_findings,-1,0
405.tiff,find_and_suppress,759,2208.0,4166.0,0.6132121,0.0,False,1.0,non_human_findings,-1,0
405.tiff,find_and_suppress,760,6479.0,681.0,0.61318105,0.0,False,1.0,non_human_findings,-1,0
405.tiff,find_and_suppress,761,2134.0,3200.0,0.61304766,0.0,False,1.0,non_human_findings,-1,0
405.tiff,find_and_suppress,762,6549.0,2824.0,0.6129916,0.0,False,1.0,non_human_findings,-1,0
405.tiff,find_and_suppress,763,6058.0,1724.0,0.6129876,0.0,False,1.0,non_human_findings,-1,0
405.tiff,find_and_suppress,764,1713.0,714.0,0.61297524,0.0,False,1.0,non_human_findings,-1,0
405.tiff,find_and_suppress,765,2093.0,4198.0,0.6129206,0.0,False,1.0,non_human_findings,-1,0
405.tiff,find_and_suppress,766,4281.0,734.0,0.61279,0.0,False,1.0,non_human_findings,-1,0
405.tiff,find_and_suppress,767,6527.0,2737.0,0.6127305,0.0,False,1.0,non_human_findings,-1,0
405.tiff,find_and_suppress,768,3221.0,1540.0,0.6127277,0.0,False,1.0,non_human_findings,-1,0
405.tiff,find_and_suppress,769,1449.0,2225.0,0.6127159,0.0,False,1.0,non_human_findings,-1,0
405.tiff,find_and_suppress,770,3527.0,2447.0,0.6125126,0.0,False,1.0,non_human_findings,-1,0
405.tiff,find_and_suppress,771,6231.0,3787.0,0.61243695,0.0,False,1.0,non_human_findings,-1,0
405.tiff,find_and_suppress,772,4623.0,1626.0,0.61228716,0.0,False,1.0,non_human_findings,-1,0
405.tiff,find_and_suppress,773,2875.0,1989.0,0.61212486,0.0,False,1.0,non_human_findings,-1,0
405.tiff,find_and_suppress,774,5063.0,4435.0,0.6120014,0.0,False,1.0,non_human_findings,-1,0
405.tiff,find_and_suppress,775,4853.0,3069.0,0.61198616,0.0,False,1.0,non_human_findings,-1,0
405.tiff,find_and_suppress,776,4913.0,2321.0,0.61182797,0.0,False,1.0,non_human_findings,-1,0
405.tiff,find_and_suppress,777,6485.0,960.0,0.61178154,0.0,False,1.0,non_human_findings,-1,0
405.tiff,find_and_suppress,778,537.0,3409.0,0.6117636,0.0,False,1.0,non_human_findings,-1,0
405.tiff,find_and_suppress,779,211.0,2295.0,0.6117065,0.0,False,1.0,non_human_findings,-1,0
405.tiff,find_and_suppress,780,3587.0,81.0,0.6116497,0.0,False,1.0,non_human_findings,-1,0
405.tiff,find_and_suppress,781,3028.0,2895.0,0.611615,0.0,False,1.0,non_human_findings,-1,0
405.tiff,find_and_suppress,782,91.0,4194.0,0.61157954,0.0,False,1.0,non_human_findings,-1,0
405.tiff,find_and_suppress,783,4694.0,596.0,0.6115724,0.0,False,1.0,non_human_findings,-1,0
405.tiff,find_and_suppress,784,2933.0,3635.0,0.6114721,0.0,False,1.0,non_human_findings,-1,0
405.tiff,find_and_suppress,785,1095.0,979.0,0.611469,0.0,False,1.0,non_human_findings,-1,0
405.tiff,find_and_suppress,786,2394.0,1392.0,0.6113268,0.0,False,1.0,non_human_findings,-1,0
405.tiff,find_and_suppress,787,5589.0,4721.0,0.6112959,0.0,False,1.0,non_human_findings,-1,0
405.tiff,find_and_suppress,788,558.0,2816.0,0.6109739,0.0,False,1.0,non_human_findings,-1,0
405.tiff,find_and_suppress,789,2030.0,793.0,0.610958,0.0,False,1.0,non_human_findings,-1,0
405.tiff,find_and_suppress,790,1828.0,2341.0,0.61095166,0.0,False,1.0,non_human_findings,-1,0
405.tiff,find_and_suppress,791,279.0,365.0,0.61094296,0.0,False,1.0,non_human_findings,-1,0
405.tiff,find_and_suppress,792,5532.0,2799.0,0.6108771,0.0,False,1.0,non_human_findings,-1,0
405.tiff,find_and_suppress,793,4201.0,1065.0,0.6107634,0.0,False,1.0,non_human_findings,-1,0
405.tiff,find_and_suppress,794,5757.0,2512.0,0.61061746,0.0,False,1.0,non_human_findings,-1,0
405.tiff,find_and_suppress,795,3763.0,4026.0,0.6105425,0.0,False,1.0,non_human_findings,-1,0
405.tiff,find_and_suppress,796,3492.0,1914.0,0.61054224,0.0,False,1.0,non_human_findings,-1,0
405.tiff,find_and_suppress,797,2109.0,3687.0,0.6104932,0.0,False,1.0,non_human_findings,-1,0
405.tiff,find_and_suppress,798,5640.0,2731.0,0.6103228,0.0,False,1.0,non_human_findings,-1,0
405.tiff,find_and_suppress,799,2650.0,1608.0,0.6102949,0.0,False,1.0,non_human_findings,-1,0
405.tiff,find_and_suppress,800,5483.0,1768.0,0.6100526,0.0,False,1.0,non_human_findings,-1,0
405.tiff,find_and_suppress,801,166.0,2650.0,0.61000484,0.0,False,1.0,non_human_findings,-1,0
405.tiff,find_and_suppress,802,4239.0,385.0,0.60999846,0.0,False,1.0,non_human_findings,-1,0
405.tiff,find_and_suppress,803,4766.0,1600.0,0.609696,0.0,False,1.0,non_human_findings,-1,0
405.tiff,find_and_suppress,804,6345.0,429.0,0.60967726,0.0,False,1.0,non_human_findings,-1,0
405.tiff,find_and_suppress,805,5275.0,2979.0,0.6096137,0.0,False,1.0,non_human_findings,-1,0
405.tiff,find_and_suppress,806,6494.0,2258.0,0.6093488,0.0,False,1.0,non_human_findings,-1,0
405.tiff,find_and_suppress,807,4278.0,2343.0,0.60904944,0.0,False,1.0,non_human_findings,-1,0
405.tiff,find_and_suppress,808,509.0,1667.0,0.60904324,0.0,False,1.0,non_human_findings,-1,0
405.tiff,find_and_suppress,809,453.0,3972.0,0.6089523,0.0,False,1.0,non_human_findings,-1,0
405.tiff,find_and_suppress,810,6200.0,3446.0,0.6085614,0.0,False,1.0,non_human_findings,-1,0
405.tiff,find_and_suppress,811,3849.0,1351.0,0.608538,0.0,False,1.0,non_human_findings,-1,0
405.tiff,find_and_suppress,812,2332.0,4695.0,0.6084767,0.0,False,1.0,non_human_findings,-1,0
405.tiff,find_and_suppress,813,1920.0,2193.0,0.60838515,0.0,False,1.0,non_human_findings,-1,0
405.tiff,find_and_suppress,814,2552.0,1319.0,0.608328,0.0,False,1.0,non_human_findings,-1,0
405.tiff,find_and_suppress,815,5491.0,3639.0,0.60830766,0.0,False,1.0,non_human_findings,-1,0
405.tiff,find_and_suppress,816,3462.0,632.0,0.60819405,0.0,False,1.0,non_human_findings,-1,0
405.tiff,find_and_suppress,817,3859.0,488.0,0.60811883,0.0,False,1.0,non_human_findings,-1,0
405.tiff,find_and_suppress,818,5762.0,337.0,0.60809845,0.0,False,1.0,non_human_findings,-1,0
405.tiff,find_and_suppress,819,4647.0,894.0,0.607847,0.0,False,1.0,non_human_findings,-1,0
405.tiff,find_and_suppress,820,6263.0,3097.0,0.6077979,0.0,False,1.0,non_human_findings,-1,0
405.tiff,find_and_suppress,821,5163.0,4380.0,0.607759,0.0,False,1.0,non_human_findings,-1,0
405.tiff,find_and_suppress,822,1363.0,4729.0,0.60771745,0.0,False,1.0,non_human_findings,-1,0
405.tiff,find_and_suppress,823,5014.0,2203.0,0.60771054,0.0,False,1.0,non_human_findings,-1,0
405.tiff,find_and_suppress,824,3296.0,4522.0,0.6075432,0.0,False,1.0,non_human_findings,-1,0
405.tiff,find_and_suppress,825,67.0,3979.0,0.6074572,0.0,False,1.0,non_human_findings,-1,0
405.tiff,find_and_suppress,826,2571.0,1730.0,0.6074383,0.0,False,1.0,non_human_findings,-1,0
405.tiff,find_and_suppress,827,862.0,2075.0,0.60736805,0.0,False,1.0,non_human_findings,-1,0
405.tiff,find_and_suppress,828,2152.0,644.0,0.6072344,0.0,False,1.0,non_human_findings,-1,0
405.tiff,find_and_suppress,829,1843.0,3386.0,0.60722905,0.0,False,1.0,non_human_findings,-1,0
405.tiff,find_and_suppress,830,3582.0,2219.0,0.60721856,0.0,False,1.0,non_human_findings,-1,0
405.tiff,find_and_suppress,831,6204.0,1392.0,0.607169,0.0,False,1.0,non_human_findings,-1,0
405.tiff,find_and_suppress,832,826.0,3712.0,0.60703534,0.0,False,1.0,non_human_findings,-1,0
405.tiff,find_and_suppress,833,1355.0,1303.0,0.60701674,0.0,False,1.0,non_human_findings,-1,0
405.tiff,find_and_suppress,834,3369.0,2826.0,0.6069673,0.0,False,1.0,non_human_findings,-1,0
405.tiff,find_and_suppress,835,6420.0,4371.0,0.6069612,0.0,False,1.0,non_human_findings,-1,0
405.tiff,find_and_suppress,836,4117.0,2378.0,0.606903,0.0,False,1.0,non_human_findings,-1,0
405.tiff,find_and_suppress,837,3283.0,1931.0,0.6068794,0.0,False,1.0,non_human_findings,-1,0
405.tiff,find_and_suppress,838,5393.0,2460.0,0.60671157,0.0,False,1.0,non_human_findings,-1,0
405.tiff,find_and_suppress,839,5622.0,1241.0,0.60665274,0.0,False,1.0,non_human_findings,-1,0
405.tiff,find_and_suppress,840,3641.0,1164.0,0.6066351,0.0,False,1.0,non_human_findings,-1,0
405.tiff,find_and_suppress,841,1156.0,2942.0,0.60650253,0.0,False,1.0,non_human_findings,-1,0
405.tiff,find_and_suppress,842,2731.0,3583.0,0.6064463,0.0,False,1.0,non_human_findings,-1,0
405.tiff,find_and_suppress,843,5103.0,3363.0,0.6064144,0.0,False,1.0,non_human_findings,-1,0
405.tiff,find_and_suppress,844,4641.0,3870.0,0.60630435,0.0,False,1.0,non_human_findings,-1,0
405.tiff,find_and_suppress,845,1249.0,60.0,0.6062495,0.0,False,1.0,non_human_findings,-1,0
405.tiff,find_and_suppress,846,6537.0,1029.0,0.6061708,0.0,False,1.0,non_human_findings,-1,0
405.tiff,find_and_suppress,847,325.0,792.0,0.60606414,0.0,False,1.0,non_human_findings,-1,0
405.tiff,find_and_suppress,848,5805.0,3514.0,0.6059125,0.0,False,1.0,non_human_findings,-1,0
405.tiff,find_and_suppress,849,405.0,3615.0,0.6057647,0.0,False,1.0,non_human_findings,-1,0
405.tiff,find_and_suppress,850,6334.0,3749.0,0.605662,0.0,False,1.0,non_human_findings,-1,0
405.tiff,find_and_suppress,851,6518.0,2324.0,0.6056389,0.0,False,1.0,non_human_findings,-1,0
405.tiff,find_and_suppress,852,4959.0,2290.0,0.605536,0.0,False,1.0,non_human_findings,-1,0
405.tiff,find_and_suppress,853,4146.0,3159.0,0.6054708,0.0,False,1.0,non_human_findings,-1,0
405.tiff,find_and_suppress,854,4369.0,2411.0,0.60537666,0.0,False,1.0,non_human_findings,-1,0
405.tiff,find_and_suppress,855,5215.0,4114.0,0.6053461,0.0,False,1.0,non_human_findings,-1,0
405.tiff,find_and_suppress,856,572.0,1174.0,0.6053311,0.0,False,1.0,non_human_findings,-1,0
405.tiff,find_and_suppress,857,193.0,1295.0,0.6052096,0.0,False,1.0,non_human_findings,-1,0
405.tiff,find_and_suppress,858,669.0,3711.0,0.6049573,0.0,False,1.0,non_human_findings,-1,0
405.tiff,find_and_suppress,859,3230.0,3368.0,0.6049424,0.0,False,1.0,non_human_findings,-1,0
405.tiff,find_and_suppress,860,5725.0,3749.0,0.60490566,0.0,False,1.0,non_human_findings,-1,0
405.tiff,find_and_suppress,861,1660.0,2179.0,0.6048924,0.0,False,1.0,non_human_findings,-1,0
405.tiff,find_and_suppress,862,5715.0,380.0,0.6046592,0.0,False,1.0,non_human_findings,-1,0
405.tiff,find_and_suppress,863,5922.0,4033.0,0.60457355,0.0,False,1.0,non_human_findings,-1,0
405.tiff,find_and_suppress,864,2217.0,456.0,0.6045484,0.0,False,1.0,non_human_findings,-1,0
405.tiff,find_and_suppress,865,795.0,1325.0,0.60453385,0.0,False,1.0,non_human_findings,-1,0
405.tiff,find_and_suppress,866,5053.0,2139.0,0.60451186,0.0,False,1.0,non_human_findings,-1,0
405.tiff,find_and_suppress,867,3522.0,3380.0,0.6044992,0.0,False,1.0,non_human_findings,-1,0
405.tiff,find_and_suppress,868,1353.0,996.0,0.604366,0.0,False,1.0,non_human_findings,-1,0
405.tiff,find_and_suppress,869,5727.0,4265.0,0.6043261,0.0,False,1.0,non_human_findings,-1,0
405.tiff,find_and_suppress,870,2245.0,2724.0,0.604258,0.0,False,1.0,non_human_findings,-1,0
405.tiff,find_and_suppress,871,2670.0,1681.0,0.60423803,0.0,False,1.0,non_human_findings,-1,0
405.tiff,find_and_suppress,872,1407.0,4481.0,0.6041665,0.0,False,1.0,non_human_findings,-1,0
405.tiff,find_and_suppress,873,2074.0,3642.0,0.6040477,0.0,False,1.0,non_human_findings,-1,0
405.tiff,find_and_suppress,874,3429.0,3669.0,0.6040326,0.0,False,1.0,non_human_findings,-1,0
405.tiff,find_and_suppress,875,2414.0,3006.0,0.604003,0.0,False,1.0,non_human_findings,-1,0
405.tiff,find_and_suppress,876,3780.0,2001.0,0.60381895,0.0,False,1.0,non_human_findings,-1,0
405.tiff,find_and_suppress,877,3099.0,2007.0,0.60377806,0.0,False,1.0,non_human_findings,-1,0
405.tiff,find_and_suppress,878,4133.0,870.0,0.603747,0.0,False,1.0,non_human_findings,-1,0
405.tiff,find_and_suppress,879,598.0,4265.0,0.6037025,0.0,False,1.0,non_human_findings,-1,0
405.tiff,find_and_suppress,880,6047.0,2837.0,0.6036946,0.0,False,1.0,non_human_findings,-1,0
405.tiff,find_and_suppress,881,458.0,586.0,0.6035723,0.0,False,1.0,non_human_findings,-1,0
405.tiff,find_and_suppress,882,4718.0,2530.0,0.60343665,0.0,False,1.0,non_human_findings,-1,0
405.tiff,find_and_suppress,883,5794.0,768.0,0.6034145,0.0,False,1.0,non_human_findings,-1,0
405.tiff,find_and_suppress,884,1951.0,1723.0,0.60334605,0.0,False,1.0,non_human_findings,-1,0
405.tiff,find_and_suppress,885,1439.0,4330.0,0.60317534,0.0,False,1.0,non_human_findings,-1,0
405.tiff,find_and_suppress,886,1761.0,2534.0,0.60314643,0.0,False,1.0,non_human_findings,-1,0
405.tiff,find_and_suppress,887,1938.0,1031.0,0.6031425,0.0,False,1.0,non_human_findings,-1,0
405.tiff,find_and_suppress,888,1455.0,411.0,0.60313344,0.0,False,1.0,non_human_findings,-1,0
405.tiff,find_and_suppress,889,5710.0,1113.0,0.60309935,0.0,False,1.0,non_human_findings,-1,0
405.tiff,find_and_suppress,890,385.0,465.0,0.60299265,0.0,False,1.0,non_human_findings,-1,0
405.tiff,find_and_suppress,891,5264.0,2262.0,0.6028365,0.0,False,1.0,non_human_findings,-1,0
405.tiff,find_and_suppress,892,5480.0,2001.0,0.6027939,0.0,False,1.0,non_human_findings,-1,0
405.tiff,find_and_suppress,893,2452.0,101.0,0.60273767,0.0,False,1.0,non_human_findings,-1,0
405.tiff,find_and_suppress,894,2906.0,630.0,0.60273606,0.0,False,1.0,non_human_findings,-1,0
405.tiff,find_and_suppress,895,6376.0,898.0,0.60260123,0.0,False,1.0,non_human_findings,-1,0
405.tiff,find_and_suppress,896,1175.0,3850.0,0.6025415,0.0,False,1.0,non_human_findings,-1,0
405.tiff,find_and_suppress,897,661.0,365.0,0.60237867,0.0,False,1.0,non_human_findings,-1,0
405.tiff,find_and_suppress,898,5455.0,3191.0,0.6023528,0.0,False,1.0,non_human_findings,-1,0
405.tiff,find_and_suppress,899,6054.0,3411.0,0.6023284,0.0,False,1.0,non_human_findings,-1,0
405.tiff,find_and_suppress,900,5225.0,4679.0,0.6023168,0.0,False,1.0,non_human_findings,-1,0
405.tiff,find_and_suppress,901,1950.0,93.0,0.602245,0.0,False,1.0,non_human_findings,-1,0
405.tiff,find_and_suppress,902,3078.0,2150.0,0.6020654,0.0,False,1.0,non_human_findings,-1,0
405.tiff,find_and_suppress,903,982.0,1886.0,0.60162324,0.0,False,1.0,non_human_findings,-1,0
405.tiff,find_and_suppress,904,2812.0,4227.0,0.60152537,0.0,False,1.0,non_human_findings,-1,0
405.tiff,find_and_suppress,905,878.0,2689.0,0.60135484,0.0,False,1.0,non_human_findings,-1,0
405.tiff,find_and_suppress,906,2518.0,3435.0,0.60130805,0.0,False,1.0,non_human_findings,-1,0
405.tiff,find_and_suppress,907,1193.0,4082.0,0.60115963,0.0,False,1.0,non_human_findings,-1,0
405.tiff,find_and_suppress,908,4855.0,3510.0,0.60115397,0.0,False,1.0,non_human_findings,-1,0
405.tiff,find_and_suppress,909,3900.0,1376.0,0.600833,0.0,False,1.0,non_human_findings,-1,0
405.tiff,find_and_suppress,910,6024.0,1811.0,0.60081315,0.0,False,1.0,non_human_findings,-1,0
405.tiff,find_and_suppress,911,5740.0,1739.0,0.60068494,0.0,False,1.0,non_human_findings,-1,0
405.tiff,find_and_suppress,912,1661.0,3459.0,0.60060954,0.0,False,1.0,non_human_findings,-1,0
405.tiff,find_and_suppress,913,6421.0,927.0,0.6003713,0.0,False,1.0,non_human_findings,-1,0
405.tiff,find_and_suppress,914,1741.0,4754.0,0.60036916,0.0,False,1.0,non_human_findings,-1,0
405.tiff,find_and_suppress,915,2389.0,2520.0,0.60009927,0.0,False,1.0,non_human_findings,-1,0
405.tiff,find_and_suppress,916,1932.0,3543.0,0.6000748,0.0,False,1.0,non_human_findings,-1,0
405.tiff,find_and_suppress,917,6212.0,381.0,0.5999275,0.0,False,1.0,non_human_findings,-1,0
405.tiff,find_and_suppress,918,1243.0,4646.0,0.5999035,0.0,False,1.0,non_human_findings,-1,0
405.tiff,find_and_suppress,919,3947.0,1061.0,0.5998614,0.0,False,1.0,non_human_findings,-1,0
405.tiff,find_and_suppress,920,4089.0,1585.0,0.5997354,0.0,False,1.0,non_human_findings,-1,0
405.tiff,find_and_suppress,921,2690.0,1754.0,0.59950864,0.0,False,1.0,non_human_findings,-1,0
405.tiff,find_and_suppress,922,4892.0,2896.0,0.59941787,0.0,False,1.0,non_human_findings,-1,0
405.tiff,find_and_suppress,923,3708.0,805.0,0.5993402,0.0,False,1.0,non_human_findings,-1,0
405.tiff,find_and_suppress,924,4377.0,1305.0,0.5993213,0.0,False,1.0,non_human_findings,-1,0
405.tiff,find_and_suppress,925,1411.0,4019.0,0.5992915,0.0,False,1.0,non_human_findings,-1,0
405.tiff,find_and_suppress,926,1108.0,3591.0,0.59921575,0.0,False,1.0,non_human_findings,-1,0
405.tiff,find_and_suppress,927,354.0,27.0,0.5990955,0.0,False,1.0,non_human_findings,-1,0
405.tiff,find_and_suppress,928,1091.0,4111.0,0.5989037,0.0,False,1.0,non_human_findings,-1,0
405.tiff,find_and_suppress,929,3006.0,904.0,0.59888923,0.0,False,1.0,non_human_findings,-1,0
405.tiff,find_and_suppress,930,4687.0,1550.0,0.598745,0.0,False,1.0,non_human_findings,-1,0
405.tiff,find_and_suppress,931,1883.0,4772.0,0.5987176,0.0,False,1.0,non_human_findings,-1,0
405.tiff,find_and_suppress,932,3419.0,4746.0,0.59870946,0.0,False,1.0,non_human_findings,-1,0
405.tiff,find_and_suppress,933,3175.0,1138.0,0.59864694,0.0,False,1.0,non_human_findings,-1,0
405.tiff,find_and_suppress,934,854.0,1006.0,0.5984853,0.0,False,1.0,non_human_findings,-1,0
405.tiff,find_and_suppress,935,1238.0,2585.0,0.5984462,0.0,False,1.0,non_human_findings,-1,0
405.tiff,find_and_suppress,936,30.0,2618.0,0.59829867,0.0,False,1.0,non_human_findings,-1,0
405.tiff,find_and_suppress,937,29.0,3247.0,0.59824014,0.0,False,1.0,non_human_findings,-1,0
405.tiff,find_and_suppress,938,3506.0,1113.0,0.598217,0.0,False,1.0,non_human_findings,-1,0
405.tiff,find_and_suppress,939,446.0,3536.0,0.5981018,0.0,False,1.0,non_human_findings,-1,0
405.tiff,find_and_suppress,940,126.0,1004.0,0.59806883,0.0,False,1.0,non_human_findings,-1,0
405.tiff,find_and_suppress,941,5215.0,4632.0,0.5979649,0.0,False,1.0,non_human_findings,-1,0
405.tiff,find_and_suppress,942,5379.0,3096.0,0.5977481,0.0,False,1.0,non_human_findings,-1,0
405.tiff,find_and_suppress,943,5015.0,3488.0,0.59771675,0.0,False,1.0,non_human_findings,-1,0
405.tiff,find_and_suppress,944,86.0,4618.0,0.5976489,0.0,False,1.0,non_human_findings,-1,0
405.tiff,find_and_suppress,945,3698.0,1489.0,0.59755665,0.0,False,1.0,non_human_findings,-1,0
405.tiff,find_and_suppress,946,1079.0,1345.0,0.59738845,0.0,False,1.0,non_human_findings,-1,0
405.tiff,find_and_suppress,947,5318.0,1858.0,0.5972912,0.0,False,1.0,non_human_findings,-1,0
405.tiff,find_and_suppress,948,1474.0,2010.0,0.5972523,0.0,False,1.0,non_human_findings,-1,0
405.tiff,find_and_suppress,949,4528.0,2170.0,0.59719867,0.0,False,1.0,non_human_findings,-1,0
405.tiff,find_and_suppress,950,4570.0,4537.0,0.59672135,0.0,False,1.0,non_human_findings,-1,0
405.tiff,find_and_suppress,951,3575.0,4662.0,0.5966159,0.0,False,1.0,non_human_findings,-1,0
405.tiff,find_and_suppress,952,876.0,4507.0,0.5962898,0.0,False,1.0,non_human_findings,-1,0
405.tiff,find_and_suppress,953,5853.0,2410.0,0.59609884,0.0,False,1.0,non_human_findings,-1,0
405.tiff,find_and_suppress,954,4544.0,3738.0,0.59602696,0.0,False,1.0,non_human_findings,-1,0
405.tiff,find_and_suppress,955,241.0,4537.0,0.59600943,0.0,False,1.0,non_human_findings,-1,0
405.tiff,find_and_suppress,956,5123.0,2071.0,0.59592664,0.0,False,1.0,non_human_findings,-1,0
405.tiff,find_and_suppress,957,5271.0,4813.0,0.59589565,0.0,False,1.0,non_human_findings,-1,0
405.tiff,find_and_suppress,958,4063.0,438.0,0.59564143,0.0,False,1.0,non_human_findings,-1,0
405.tiff,find_and_suppress,959,959.0,3479.0,0.5956183,0.0,False,1.0,non_human_findings,-1,0
405.tiff,find_and_suppress,960,3660.0,616.0,0.59559166,0.0,False,1.0,non_human_findings,-1,0
405.tiff,find_and_suppress,961,857.0,894.0,0.59546,0.0,False,1.0,non_human_findings,-1,0
405.tiff,find_and_suppress,962,1423.0,307.0,0.595393,0.0,False,1.0,non_human_findings,-1,0
405.tiff,find_and_suppress,963,3969.0,4180.0,0.5953093,0.0,False,1.0,non_human_findings,-1,0
405.tiff,find_and_suppress,964,443.0,2325.0,0.5952123,0.0,False,1.0,non_human_findings,-1,0
405.tiff,find_and_suppress,965,4167.0,3487.0,0.5951119,0.0,False,1.0,non_human_findings,-1,0
405.tiff,find_and_suppress,966,4626.0,1046.0,0.59509164,0.0,False,1.0,non_human_findings,-1,0
405.tiff,find_and_suppress,967,3842.0,1155.0,0.594913,0.0,False,1.0,non_human_findings,-1,0
405.tiff,find_and_suppress,968,4730.0,2801.0,0.59486616,0.0,False,1.0,non_human_findings,-1,0
405.tiff,find_and_suppress,969,2037.0,64.0,0.59477365,0.0,False,1.0,non_human_findings,-1,0
405.tiff,find_and_suppress,970,1884.0,2954.0,0.59456766,0.0,False,1.0,non_human_findings,-1,0
405.tiff,find_and_suppress,971,5845.0,4464.0,0.59456193,0.0,False,1.0,non_human_findings,-1,0
405.tiff,find_and_suppress,972,4583.0,2091.0,0.5945098,0.0,False,1.0,non_human_findings,-1,0
405.tiff,find_and_suppress,973,5275.0,2892.0,0.5944954,0.0,False,1.0,non_human_findings,-1,0
405.tiff,find_and_suppress,974,1601.0,2109.0,0.5944813,0.0,False,1.0,non_human_findings,-1,0
405.tiff,find_and_suppress,975,4733.0,1475.0,0.5943561,0.0,False,1.0,non_human_findings,-1,0
405.tiff,find_and_suppress,976,5643.0,200.0,0.59434086,0.0,False,1.0,non_human_findings,-1,0
405.tiff,find_and_suppress,977,6184.0,3674.0,0.59431267,0.0,False,1.0,non_human_findings,-1,0
405.tiff,find_and_suppress,978,3309.0,2435.0,0.59430736,0.0,False,1.0,non_human_findings,-1,0
405.tiff,find_and_suppress,979,33.0,1357.0,0.5942997,0.0,False,1.0,non_human_findings,-1,0
405.tiff,find_and_suppress,980,99.0,4071.0,0.59427303,0.0,False,1.0,non_human_findings,-1,0
405.tiff,find_and_suppress,981,6396.0,823.0,0.594059,0.0,False,1.0,non_human_findings,-1,0
405.tiff,find_and_suppress,982,3413.0,2276.0,0.59391004,0.0,False,1.0,non_human_findings,-1,0
405.tiff,find_and_suppress,983,3357.0,2866.0,0.59381986,0.0,False,1.0,non_human_findings,-1,0
405.tiff,find_and_suppress,984,1334.0,621.0,0.5936747,0.0,False,1.0,non_human_findings,-1,0
405.tiff,find_and_suppress,985,5464.0,4744.0,0.593541,0.0,False,1.0,non_human_findings,-1,0
405.tiff,find_and_suppress,986,2170.0,4254.0,0.5932416,0.0,False,1.0,non_human_findings,-1,0
405.tiff,find_and_suppress,987,1205.0,1620.0,0.5929884,0.0,False,1.0,non_human_findings,-1,0
405.tiff,find_and_suppress,988,26.0,1088.0,0.59298503,0.0,False,1.0,non_human_findings,-1,0
405.tiff,find_and_suppress,989,5090.0,1062.0,0.5929665,0.0,False,1.0,non_human_findings,-1,0
405.tiff,find_and_suppress,990,4815.0,2485.0,0.59250546,0.0,False,1.0,non_human_findings,-1,0
405.tiff,find_and_suppress,991,6235.0,3443.0,0.5924943,0.0,False,1.0,non_human_findings,-1,0
405.tiff,find_and_suppress,992,661.0,598.0,0.5923848,0.0,False,1.0,non_human_findings,-1,0
405.tiff,find_and_suppress,993,4254.0,4061.0,0.59229225,0.0,False,1.0,non_human_findings,-1,0
405.tiff,find_and_suppress,994,4155.0,1103.0,0.5922586,0.0,False,1.0,non_human_findings,-1,0
405.tiff,find_and_suppress,995,1948.0,4011.0,0.5922075,0.0,False,1.0,non_human_findings,-1,0
405.tiff,find_and_suppress,996,879.0,4447.0,0.59214425,0.0,False,1.0,non_human_findings,-1,0
405.tiff,find_and_suppress,997,132.0,1928.0,0.59213316,0.0,False,1.0,non_human_findings,-1,0
405.tiff,find_and_suppress,998,4103.0,3604.0,0.592088,0.0,False,1.0,non_human_findings,-1,0
405.tiff,find_and_suppress,999,5441.0,665.0,0.5920806,0.0,False,1.0,non_human_findings,-1,0
405.tiff,find_and_suppress,1000,2218.0,4797.0,0.59206253,0.0,False,1.0,non_human_findings,-1,0
405.tiff,find_and_suppress,1001,4766.0,2654.0,0.5918864,0.0,False,1.0,non_human_findings,-1,0
405.tiff,find_and_suppress,1002,1025.0,1375.0,0.5918801,0.0,False,1.0,non_human_findings,-1,0
405.tiff,find_and_suppress,1003,1153.0,4328.0,0.59172875,0.0,False,1.0,non_human_findings,-1,0
405.tiff,find_and_suppress,1004,1276.0,4894.0,0.5917135,0.0,False,1.0,non_human_findings,-1,0
405.tiff,find_and_suppress,1005,2935.0,3853.0,0.59169656,0.0,False,1.0,non_human_findings,-1,0
405.tiff,find_and_suppress,1006,2134.0,1209.0,0.5916696,0.0,False,1.0,non_human_findings,-1,0
405.tiff,find_and_suppress,1007,3274.0,4449.0,0.5914292,0.0,False,1.0,non_human_findings,-1,0
405.tiff,find_and_suppress,1008,3123.0,4417.0,0.59141946,0.0,False,1.0,non_human_findings,-1,0
405.tiff,find_and_suppress,1009,6524.0,951.0,0.5911898,0.0,False,1.0,non_human_findings,-1,0
405.tiff,find_and_suppress,1010,933.0,1998.0,0.5911177,0.0,False,1.0,non_human_findings,-1,0
405.tiff,find_and_suppress,1011,1374.0,4684.0,0.5911149,0.0,False,1.0,non_human_findings,-1,0
405.tiff,find_and_suppress,1012,1803.0,2282.0,0.5910302,0.0,False,1.0,non_human_findings,-1,0
405.tiff,find_and_suppress,1013,143.0,430.0,0.59095556,0.0,False,1.0,non_human_findings,-1,0
405.tiff,find_and_suppress,1014,3869.0,3789.0,0.5908099,0.0,False,1.0,non_human_findings,-1,0
405.tiff,find_and_suppress,1015,4763.0,2165.0,0.5907925,0.0,False,1.0,non_human_findings,-1,0
405.tiff,find_and_suppress,1016,290.0,2625.0,0.5906929,0.0,False,1.0,non_human_findings,-1,0
405.tiff,find_and_suppress,1017,3293.0,4015.0,0.5906246,0.0,False,1.0,non_human_findings,-1,0
405.tiff,find_and_suppress,1018,1524.0,3068.0,0.59041595,0.0,False,1.0,non_human_findings,-1,0
405.tiff,find_and_suppress,1019,2075.0,1347.0,0.59039646,0.0,False,1.0,non_human_findings,-1,0
405.tiff,find_and_suppress,1020,4513.0,1573.0,0.5903094,0.0,False,1.0,non_human_findings,-1,0
405.tiff,find_and_suppress,1021,1070.0,1077.0,0.5903044,0.0,False,1.0,non_human_findings,-1,0
405.tiff,find_and_suppress,1022,2781.0,2489.0,0.59023243,0.0,False,1.0,non_human_findings,-1,0
405.tiff,find_and_suppress,1023,2121.0,2491.0,0.59019446,0.0,False,1.0,non_human_findings,-1,0
405.tiff,find_and_suppress,1024,728.0,1032.0,0.5901916,0.0,False,1.0,non_human_findings,-1,0
405.tiff,find_and_suppress,1025,6041.0,1480.0,0.59016603,0.0,False,1.0,non_human_findings,-1,0
405.tiff,find_and_suppress,1026,4007.0,4735.0,0.5900294,0.0,False,1.0,non_human_findings,-1,0
405.tiff,find_and_suppress,1027,1103.0,2206.0,0.58996135,0.0,False,1.0,non_human_findings,-1,0
405.tiff,find_and_suppress,1028,1662.0,2069.0,0.58989245,0.0,False,1.0,non_human_findings,-1,0
405.tiff,find_and_suppress,1029,3933.0,1377.0,0.5898795,0.0,False,1.0,non_human_findings,-1,0
405.tiff,find_and_suppress,1030,4835.0,2389.0,0.5898781,0.0,False,1.0,non_human_findings,-1,0
405.tiff,find_and_suppress,1031,2633.0,4278.0,0.5895742,0.0,False,1.0,non_human_findings,-1,0
405.tiff,find_and_suppress,1032,5008.0,1209.0,0.5894308,0.0,False,1.0,non_human_findings,-1,0
405.tiff,find_and_suppress,1033,723.0,1814.0,0.5893554,0.0,False,1.0,non_human_findings,-1,0
405.tiff,find_and_suppress,1034,3565.0,4443.0,0.5893105,0.0,False,1.0,non_human_findings,-1,0
405.tiff,find_and_suppress,1035,3273.0,341.0,0.5892796,0.0,False,1.0,non_human_findings,-1,0
405.tiff,find_and_suppress,1036,3921.0,2385.0,0.5892416,0.0,False,1.0,non_human_findings,-1,0
405.tiff,find_and_suppress,1037,5230.0,1652.0,0.5891989,0.0,False,1.0,non_human_findings,-1,0
405.tiff,find_and_suppress,1038,3003.0,4616.0,0.58918434,0.0,False,1.0,non_human_findings,-1,0
405.tiff,find_and_suppress,1039,4714.0,2610.0,0.58908105,0.0,False,1.0,non_human_findings,-1,0
405.tiff,find_and_suppress,1040,4216.0,4558.0,0.58908087,0.0,False,1.0,non_human_findings,-1,0
405.tiff,find_and_suppress,1041,5406.0,4624.0,0.5890744,0.0,False,1.0,non_human_findings,-1,0
405.tiff,find_and_suppress,1042,524.0,1365.0,0.5890237,0.0,False,1.0,non_human_findings,-1,0
405.tiff,find_and_suppress,1043,5657.0,1232.0,0.5889866,0.0,False,1.0,non_human_findings,-1,0
405.tiff,find_and_suppress,1044,4161.0,388.0,0.5889794,0.0,False,1.0,non_human_findings,-1,0
405.tiff,find_and_suppress,1045,351.0,2515.0,0.58893126,0.0,False,1.0,non_human_findings,-1,0
405.tiff,find_and_suppress,1046,2820.0,989.0,0.58881235,0.0,False,1.0,non_human_findings,-1,0
405.tiff,find_and_suppress,1047,41.0,283.0,0.58869207,0.0,False,1.0,non_human_findings,-1,0
405.tiff,find_and_suppress,1048,4046.0,1584.0,0.5886026,0.0,False,1.0,non_human_findings,-1,0
405.tiff,find_and_suppress,1049,86.0,1921.0,0.5885001,0.0,False,1.0,non_human_findings,-1,0
405.tiff,find_and_suppress,1050,5109.0,2914.0,0.588425,0.0,False,1.0,non_human_findings,-1,0
405.tiff,find_and_suppress,1051,6339.0,4782.0,0.58841825,0.0,False,1.0,non_human_findings,-1,0
405.tiff,find_and_suppress,1052,5000.0,174.0,0.58826774,0.0,False,1.0,non_human_findings,-1,0
405.tiff,find_and_suppress,1053,2982.0,2065.0,0.5882637,0.0,False,1.0,non_human_findings,-1,0
405.tiff,find_and_suppress,1054,4962.0,2691.0,0.58823496,0.0,False,1.0,non_human_findings,-1,0
405.tiff,find_and_suppress,1055,5960.0,3861.0,0.5881927,0.0,False,1.0,non_human_findings,-1,0
405.tiff,find_and_suppress,1056,5254.0,3400.0,0.58803415,0.0,False,1.0,non_human_findings,-1,0
405.tiff,find_and_suppress,1057,6008.0,2026.0,0.58803123,0.0,False,1.0,non_human_findings,-1,0
405.tiff,find_and_suppress,1058,6028.0,3663.0,0.5879499,0.0,False,1.0,non_human_findings,-1,0
405.tiff,find_and_suppress,1059,6232.0,2024.0,0.5878677,0.0,False,1.0,non_human_findings,-1,0
405.tiff,find_and_suppress,1060,3701.0,3495.0,0.5877143,0.0,False,1.0,non_human_findings,-1,0
405.tiff,find_and_suppress,1061,6367.0,1917.0,0.5876453,0.0,False,1.0,non_human_findings,-1,0
405.tiff,find_and_suppress,1062,5818.0,272.0,0.58759755,0.0,False,1.0,non_human_findings,-1,0
405.tiff,find_and_suppress,1063,3793.0,3097.0,0.58743113,0.0,False,1.0,non_human_findings,-1,0
405.tiff,find_and_suppress,1064,3684.0,4359.0,0.5873849,0.0,False,1.0,non_human_findings,-1,0
405.tiff,find_and_suppress,1065,5450.0,562.0,0.58724487,0.0,False,1.0,non_human_findings,-1,0
405.tiff,find_and_suppress,1066,4764.0,4104.0,0.5871599,0.0,False,1.0,non_human_findings,-1,0
405.tiff,find_and_suppress,1067,1205.0,554.0,0.5870415,0.0,False,1.0,non_human_findings,-1,0
405.tiff,find_and_suppress,1068,5050.0,1529.0,0.5870041,0.0,False,1.0,non_human_findings,-1,0
405.tiff,find_and_suppress,1069,1962.0,933.0,0.5868387,0.0,False,1.0,non_human_findings,-1,0
405.tiff,find_and_suppress,1070,5680.0,4689.0,0.58676267,0.0,False,1.0,non_human_findings,-1,0
405.tiff,find_and_suppress,1071,6106.0,3077.0,0.5866156,0.0,False,1.0,non_human_findings,-1,0
405.tiff,find_and_suppress,1072,1564.0,3601.0,0.58658695,0.0,False,1.0,non_human_findings,-1,0
405.tiff,find_and_suppress,1073,1075.0,4420.0,0.58657855,0.0,False,1.0,non_human_findings,-1,0
405.tiff,find_and_suppress,1074,5032.0,1266.0,0.5865529,0.0,False,1.0,non_human_findings,-1,0
405.tiff,find_and_suppress,1075,1754.0,3386.0,0.58642286,0.0,False,1.0,non_human_findings,-1,0
405.tiff,find_and_suppress,1076,1094.0,4607.0,0.5864203,0.0,False,1.0,non_human_findings,-1,0
405.tiff,find_and_suppress,1077,5349.0,4202.0,0.586419,0.0,False,1.0,non_human_findings,-1,0
405.tiff,find_and_suppress,1078,5426.0,3709.0,0.5863963,0.0,False,1.0,non_human_findings,-1,0
405.tiff,find_and_suppress,1079,4110.0,2241.0,0.58626944,0.0,False,1.0,non_human_findings,-1,0
405.tiff,find_and_suppress,1080,2760.0,1762.0,0.58620507,0.0,False,1.0,non_human_findings,-1,0
405.tiff,find_and_suppress,1081,4901.0,1300.0,0.58610654,0.0,False,1.0,non_human_findings,-1,0
405.tiff,find_and_suppress,1082,1742.0,4524.0,0.5859736,0.0,False,1.0,non_human_findings,-1,0
405.tiff,find_and_suppress,1083,2859.0,4678.0,0.58587706,0.0,False,1.0,non_human_findings,-1,0
405.tiff,find_and_suppress,1084,1803.0,4742.0,0.5858296,0.0,False,1.0,non_human_findings,-1,0
405.tiff,find_and_suppress,1085,3446.0,3765.0,0.58574253,0.0,False,1.0,non_human_findings,-1,0
405.tiff,find_and_suppress,1086,4163.0,820.0,0.5855798,0.0,False,1.0,non_human_findings,-1,0
405.tiff,find_and_suppress,1087,2445.0,4826.0,0.5853892,0.0,False,1.0,non_human_findings,-1,0
405.tiff,find_and_suppress,1088,4347.0,832.0,0.5853788,0.0,False,1.0,non_human_findings,-1,0
405.tiff,find_and_suppress,1089,538.0,3763.0,0.5853643,0.0,False,1.0,non_human_findings,-1,0
405.tiff,find_and_suppress,1090,70.0,2445.0,0.5852689,0.0,False,1.0,non_human_findings,-1,0
405.tiff,find_and_suppress,1091,6233.0,4156.0,0.5851628,0.0,False,1.0,non_human_findings,-1,0
405.tiff,find_and_suppress,1092,4926.0,3416.0,0.58515614,0.0,False,1.0,non_human_findings,-1,0
405.tiff,find_and_suppress,1093,1286.0,2094.0,0.58515596,0.0,False,1.0,non_human_findings,-1,0
405.tiff,find_and_suppress,1094,5318.0,2875.0,0.58512074,0.0,False,1.0,non_human_findings,-1,0
405.tiff,find_and_suppress,1095,3019.0,2567.0,0.585029,0.0,False,1.0,non_human_findings,-1,0
405.tiff,find_and_suppress,1096,2440.0,4743.0,0.5850054,0.0,False,1.0,non_human_findings,-1,0
405.tiff,find_and_suppress,1097,1361.0,1698.0,0.585003,0.0,False,1.0,non_human_findings,-1,0
405.tiff,find_and_suppress,1098,4684.0,1803.0,0.5849486,0.0,False,1.0,non_human_findings,-1,0
405.tiff,find_and_suppress,1099,254.0,935.0,0.5848915,0.0,False,1.0,non_human_findings,-1,0
405.tiff,find_and_suppress,1100,5354.0,1460.0,0.5846903,0.0,False,1.0,non_human_findings,-1,0
405.tiff,find_and_suppress,1101,1120.0,2015.0,0.5846207,0.0,False,1.0,non_human_findings,-1,0
405.tiff,find_and_suppress,1102,1518.0,2224.0,0.58442676,0.0,False,1.0,non_human_findings,-1,0
405.tiff,find_and_suppress,1103,5178.0,2402.0,0.5842841,0.0,False,1.0,non_human_findings,-1,0
405.tiff,find_and_suppress,1104,2483.0,4274.0,0.58427334,0.0,False,1.0,non_human_findings,-1,0
405.tiff,find_and_suppress,1105,2349.0,126.0,0.58425295,0.0,False,1.0,non_human_findings,-1,0
405.tiff,find_and_suppress,1106,3031.0,3515.0,0.58421516,0.0,False,1.0,non_human_findings,-1,0
405.tiff,find_and_suppress,1107,1694.0,537.0,0.584202,0.0,False,1.0,non_human_findings,-1,0
405.tiff,find_and_suppress,1108,893.0,3175.0,0.58404154,0.0,False,1.0,non_human_findings,-1,0
405.tiff,find_and_suppress,1109,231.0,1548.0,0.58398116,0.0,False,1.0,non_human_findings,-1,0
405.tiff,find_and_suppress,1110,5817.0,2347.0,0.58385473,0.0,False,1.0,non_human_findings,-1,0
405.tiff,find_and_suppress,1111,5305.0,602.0,0.5837966,0.0,False,1.0,non_human_findings,-1,0
405.tiff,find_and_suppress,1112,5190.0,3703.0,0.58378017,0.0,False,1.0,non_human_findings,-1,0
405.tiff,find_and_suppress,1113,4122.0,1240.0,0.58377093,0.0,False,1.0,non_human_findings,-1,0
405.tiff,find_and_suppress,1114,2091.0,2818.0,0.5837535,0.0,False,1.0,non_human_findings,-1,0
405.tiff,find_and_suppress,1115,3668.0,3690.0,0.5837461,0.0,False,1.0,non_human_findings,-1,0
405.tiff,find_and_suppress,1116,5686.0,1642.0,0.58369106,0.0,False,1.0,non_human_findings,-1,0
405.tiff,find_and_suppress,1117,1447.0,654.0,0.583631,0.0,False,1.0,non_human_findings,-1,0
405.tiff,find_and_suppress,1118,45.0,1405.0,0.58362305,0.0,False,1.0,non_human_findings,-1,0
405.tiff,find_and_suppress,1119,833.0,1111.0,0.5835199,0.0,False,1.0,non_human_findings,-1,0
405.tiff,find_and_suppress,1120,4947.0,1629.0,0.58348316,0.0,False,1.0,non_human_findings,-1,0
405.tiff,find_and_suppress,1121,4511.0,2407.0,0.58341473,0.0,False,1.0,non_human_findings,-1,0
405.tiff,find_and_suppress,1122,3915.0,1668.0,0.5833258,0.0,False,1.0,non_human_findings,-1,0
405.tiff,find_and_suppress,1123,1237.0,440.0,0.5832598,0.0,False,1.0,non_human_findings,-1,0
405.tiff,find_and_suppress,1124,235.0,3588.0,0.58323824,0.0,False,1.0,non_human_findings,-1,0
405.tiff,find_and_suppress,1125,4906.0,2023.0,0.58315927,0.0,False,1.0,non_human_findings,-1,0
405.tiff,find_and_suppress,1126,6202.0,4163.0,0.5831269,0.0,False,1.0,non_human_findings,-1,0
405.tiff,find_and_suppress,1127,5853.0,273.0,0.5831,0.0,False,1.0,non_human_findings,-1,0
405.tiff,find_and_suppress,1128,6078.0,3876.0,0.58304495,0.0,False,1.0,non_human_findings,-1,0
405.tiff,find_and_suppress,1129,1131.0,2136.0,0.582964,0.0,False,1.0,non_human_findings,-1,0
405.tiff,find_and_suppress,1130,203.0,3647.0,0.58292925,0.0,False,1.0,non_human_findings,-1,0
405.tiff,find_and_suppress,1131,4034.0,1948.0,0.58267325,0.0,False,1.0,non_human_findings,-1,0
405.tiff,find_and_suppress,1132,2988.0,3284.0,0.58257484,0.0,False,1.0,human_correct_label,20585,1
405.tiff,find_and_suppress,1133,265.0,290.0,0.58254206,0.0,False,1.0,non_human_findings,-1,0
405.tiff,find_and_suppress,1134,53.0,2755.0,0.5824794,0.0,False,1.0,non_human_findings,-1,0
405.tiff,find_and_suppress,1135,6222.0,431.0,0.58246076,0.0,False,1.0,non_human_findings,-1,0
405.tiff,find_and_suppress,1136,5164.0,309.0,0.5824319,0.0,False,1.0,non_human_findings,-1,0
405.tiff,find_and_suppress,1137,817.0,4384.0,0.58216506,0.0,False,1.0,non_human_findings,-1,0
405.tiff,find_and_suppress,1138,6087.0,3377.0,0.58216417,0.0,False,1.0,non_human_findings,-1,0
405.tiff,find_and_suppress,1139,963.0,1704.0,0.58214587,0.0,False,1.0,non_human_findings,-1,0
405.tiff,find_and_suppress,1140,4175.0,1723.0,0.58209777,0.0,False,1.0,non_human_findings,-1,0
405.tiff,find_and_suppress,1141,813.0,4088.0,0.5819485,0.0,False,1.0,non_human_findings,-1,0
405.tiff,find_and_suppress,1142,1610.0,2948.0,0.5818767,0.0,False,1.0,non_human_findings,-1,0
405.tiff,find_and_suppress,1143,5399.0,4025.0,0.58186686,0.0,False,1.0,non_human_findings,-1,0
405.tiff,find_and_suppress,1144,6521.0,2097.0,0.58182484,0.0,False,1.0,non_human_findings,-1,0
405.tiff,find_and_suppress,1145,3099.0,2100.0,0.58177245,0.0,False,1.0,non_human_findings,-1,0
405.tiff,find_and_suppress,1146,3604.0,685.0,0.5817565,0.0,False,1.0,non_human_findings,-1,0
405.tiff,find_and_suppress,1147,560.0,3218.0,0.5817081,0.0,False,1.0,non_human_findings,-1,0
405.tiff,find_and_suppress,1148,4617.0,942.0,0.5817067,0.0,False,1.0,non_human_findings,-1,0
405.tiff,find_and_suppress,1149,3898.0,4429.0,0.58150774,0.0,False,1.0,non_human_findings,-1,0
405.tiff,find_and_suppress,1150,1474.0,4636.0,0.5815048,0.0,False,1.0,non_human_findings,-1,0
405.tiff,find_and_suppress,1151,5436.0,130.0,0.58146447,0.0,False,1.0,non_human_findings,-1,0
405.tiff,find_and_suppress,1152,5241.0,468.0,0.5813156,0.0,False,1.0,non_human_findings,-1,0
405.tiff,find_and_suppress,1153,2934.0,4081.0,0.58130205,0.0,False,1.0,non_human_findings,-1,0
405.tiff,find_and_suppress,1154,4513.0,1865.0,0.58121616,0.0,False,1.0,non_human_findings,-1,0
405.tiff,find_and_suppress,1155,5894.0,4291.0,0.58121496,0.0,False,1.0,non_human_findings,-1,0
405.tiff,find_and_suppress,1156,3157.0,3167.0,0.5811964,0.0,False,1.0,non_human_findings,-1,0
405.tiff,find_and_suppress,1157,2679.0,1005.0,0.58111054,0.0,False,1.0,non_human_findings,-1,0
405.tiff,find_and_suppress,1158,28.0,4024.0,0.5811103,0.0,False,1.0,non_human_findings,-1,0
405.tiff,find_and_suppress,1159,5187.0,3640.0,0.58090496,0.0,False,1.0,non_human_findings,-1,0
405.tiff,find_and_suppress,1160,223.0,1467.0,0.58084995,0.0,False,1.0,non_human_findings,-1,0
405.tiff,find_and_suppress,1161,1955.0,2028.0,0.58083904,0.0,False,1.0,non_human_findings,-1,0
405.tiff,find_and_suppress,1162,5910.0,3182.0,0.5807872,0.0,False,1.0,non_human_findings,-1,0
405.tiff,find_and_suppress,1163,1254.0,960.0,0.5807781,0.0,False,1.0,non_human_findings,-1,0
405.tiff,find_and_suppress,1164,200.0,1178.0,0.58075446,0.0,False,1.0,non_human_findings,-1,0
405.tiff,find_and_suppress,1165,3871.0,3714.0,0.5807198,0.0,False,1.0,non_human_findings,-1,0
405.tiff,find_and_suppress,1166,6349.0,4207.0,0.5806436,0.0,False,1.0,non_human_findings,-1,0
405.tiff,find_and_suppress,1167,528.0,3696.0,0.58063626,0.0,False,1.0,non_human_findings,-1,0
405.tiff,find_and_suppress,1168,6226.0,3270.0,0.5805625,0.0,False,1.0,non_human_findings,-1,0
405.tiff,find_and_suppress,1169,6258.0,871.0,0.58050126,0.0,False,1.0,non_human_findings,-1,0
405.tiff,find_and_suppress,1170,1413.0,1947.0,0.5804442,0.0,False,1.0,non_human_findings,-1,0
405.tiff,find_and_suppress,1171,1533.0,48.0,0.58036166,0.0,False,1.0,non_human_findings,-1,0
405.tiff,find_and_suppress,1172,4194.0,296.0,0.58034414,0.0,False,1.0,non_human_findings,-1,0
405.tiff,find_and_suppress,1173,1752.0,3481.0,0.58032626,0.0,False,1.0,non_human_findings,-1,0
405.tiff,find_and_suppress,1174,5326.0,1818.0,0.58026534,0.0,False,1.0,non_human_findings,-1,0
405.tiff,find_and_suppress,1175,3324.0,4259.0,0.58023745,0.0,False,1.0,non_human_findings,-1,0
405.tiff,find_and_suppress,1176,4678.0,209.0,0.5802268,0.0,False,1.0,non_human_findings,-1,0
405.tiff,find_and_suppress,1177,5032.0,3456.0,0.5801546,0.0,False,1.0,non_human_findings,-1,0
405.tiff,find_and_suppress,1178,6449.0,3325.0,0.58007216,0.0,False,1.0,non_human_findings,-1,0
405.tiff,find_and_suppress,1179,169.0,2373.0,0.58006203,0.0,False,1.0,non_human_findings,-1,0
405.tiff,find_and_suppress,1180,4087.0,1072.0,0.5800312,0.0,False,1.0,non_human_findings,-1,0
405.tiff,find_and_suppress,1181,4628.0,3944.0,0.5799824,0.0,False,1.0,non_human_findings,-1,0
405.tiff,find_and_suppress,1182,1140.0,3481.0,0.57986367,0.0,False,1.0,non_human_findings,-1,0
405.tiff,find_and_suppress,1183,1136.0,4630.0,0.57982206,0.0,False,1.0,non_human_findings,-1,0
405.tiff,find_and_suppress,1184,3751.0,2115.0,0.57982105,0.0,False,1.0,non_human_findings,-1,0
405.tiff,find_and_suppress,1185,1165.0,491.0,0.5797537,0.0,False,1.0,non_human_findings,-1,0
405.tiff,find_and_suppress,1186,211.0,871.0,0.57965434,0.0,False,1.0,non_human_findings,-1,0
405.tiff,find_and_suppress,1187,356.0,1690.0,0.579629,0.0,False,1.0,non_human_findings,-1,0
405.tiff,find_and_suppress,1188,1335.0,4329.0,0.57960826,0.0,False,1.0,non_human_findings,-1,0
405.tiff,find_and_suppress,1189,4761.0,4271.0,0.57957447,0.0,False,1.0,non_human_findings,-1,0
405.tiff,find_and_suppress,1190,4870.0,2387.0,0.5794905,0.0,False,1.0,non_human_findings,-1,0
405.tiff,find_and_suppress,1191,3356.0,3906.0,0.57939667,0.0,False,1.0,non_human_findings,-1,0
405.tiff,find_and_suppress,1192,3151.0,2129.0,0.57929474,0.0,False,1.0,non_human_findings,-1,0
405.tiff,find_and_suppress,1193,4452.0,1226.0,0.57920843,0.0,False,1.0,non_human_findings,-1,0
405.tiff,find_and_suppress,1194,2021.0,2062.0,0.57918566,0.0,False,1.0,non_human_findings,-1,0
405.tiff,find_and_suppress,1195,1762.0,4596.0,0.57917476,0.0,False,1.0,non_human_findings,-1,0
405.tiff,find_and_suppress,1196,4615.0,763.0,0.5791124,0.0,False,1.0,non_human_findings,-1,0
405.tiff,find_and_suppress,1197,943.0,1899.0,0.579082,0.0,False,1.0,non_human_findings,-1,0
405.tiff,find_and_suppress,1198,583.0,3367.0,0.5789203,0.0,False,1.0,non_human_findings,-1,0
405.tiff,find_and_suppress,1199,2241.0,4102.0,0.578876,0.0,False,1.0,non_human_findings,-1,0
405.tiff,find_and_suppress,1200,131.0,1627.0,0.57865727,0.0,False,1.0,non_human_findings,-1,0
405.tiff,find_and_suppress,1201,5080.0,4807.0,0.57865727,0.0,False,1.0,non_human_findings,-1,0
405.tiff,find_and_suppress,1202,1268.0,2430.0,0.57839715,0.0,False,1.0,non_human_findings,-1,0
405.tiff,find_and_suppress,1203,25.0,1811.0,0.57828856,0.0,False,1.0,non_human_findings,-1,0
405.tiff,find_and_suppress,1204,5901.0,3602.0,0.57807094,0.0,False,1.0,non_human_findings,-1,0
405.tiff,find_and_suppress,1205,3511.0,553.0,0.5780591,0.0,False,1.0,non_human_findings,-1,0
405.tiff,find_and_suppress,1206,966.0,4755.0,0.5779697,0.0,False,1.0,non_human_findings,-1,0
405.tiff,find_and_suppress,1207,2733.0,411.0,0.5779077,0.0,False,1.0,non_human_findings,-1,0
405.tiff,find_and_suppress,1208,5069.0,1453.0,0.57790405,0.0,False,1.0,non_human_findings,-1,0
405.tiff,find_and_suppress,1209,4215.0,1486.0,0.5778385,0.0,False,1.0,non_human_findings,-1,0
405.tiff,find_and_suppress,1210,4302.0,3244.0,0.5777854,0.0,False,1.0,non_human_findings,-1,0
405.tiff,find_and_suppress,1211,1844.0,1008.0,0.57776624,0.0,False,1.0,non_human_findings,-1,0
405.tiff,find_and_suppress,1212,4110.0,2632.0,0.5777651,0.0,False,1.0,non_human_findings,-1,0
405.tiff,find_and_suppress,1213,5065.0,1198.0,0.57774734,0.0,False,1.0,non_human_findings,-1,0
405.tiff,find_and_suppress,1214,1886.0,2163.0,0.5777341,0.0,False,1.0,non_human_findings,-1,0
405.tiff,find_and_suppress,1215,316.0,1016.0,0.5777304,0.0,False,1.0,non_human_findings,-1,0
405.tiff,find_and_suppress,1216,6504.0,633.0,0.5777005,0.0,False,1.0,non_human_findings,-1,0
405.tiff,find_and_suppress,1217,6474.0,4643.0,0.5776456,0.0,False,1.0,non_human_findings,-1,0
405.tiff,find_and_suppress,1218,2752.0,3760.0,0.57754755,0.0,False,1.0,non_human_findings,-1,0
405.tiff,find_and_suppress,1219,1166.0,1622.0,0.57749337,0.0,False,1.0,non_human_findings,-1,0
405.tiff,find_and_suppress,1220,4490.0,4015.0,0.57749075,0.0,False,1.0,non_human_findings,-1,0
405.tiff,find_and_suppress,1221,3031.0,4385.0,0.5772143,0.0,False,1.0,non_human_findings,-1,0
405.tiff,find_and_suppress,1222,819.0,2633.0,0.57715166,0.0,False,1.0,non_human_findings,-1,0
405.tiff,find_and_suppress,1223,3817.0,3628.0,0.5771442,0.0,False,1.0,non_human_findings,-1,0
405.tiff,find_and_suppress,1224,1311.0,2053.0,0.57713073,0.0,False,1.0,non_human_findings,-1,0
405.tiff,find_and_suppress,1225,2412.0,955.0,0.577122,0.0,False,1.0,non_human_findings,-1,0
405.tiff,find_and_suppress,1226,4111.0,4300.0,0.5770818,0.0,False,1.0,non_human_findings,-1,0
405.tiff,find_and_suppress,1227,4702.0,4109.0,0.5770646,0.0,False,1.0,non_human_findings,-1,0
405.tiff,find_and_suppress,1228,4923.0,4844.0,0.57705593,0.0,False,1.0,non_human_findings,-1,0
405.tiff,find_and_suppress,1229,5159.0,1702.0,0.577033,0.0,False,1.0,non_human_findings,-1,0
405.tiff,find_and_suppress,1230,5245.0,3093.0,0.5770319,0.0,False,1.0,non_human_findings,-1,0
405.tiff,find_and_suppress,1231,2108.0,2294.0,0.5770246,0.0,False,1.0,non_human_findings,-1,0
405.tiff,find_and_suppress,1232,1573.0,384.0,0.5770146,0.0,False,1.0,non_human_findings,-1,0
405.tiff,find_and_suppress,1233,4473.0,1372.0,0.57697767,0.0,False,1.0,non_human_findings,-1,0
405.tiff,find_and_suppress,1234,4995.0,1475.0,0.5769456,0.0,False,1.0,non_human_findings,-1,0
405.tiff,find_and_suppress,1235,1648.0,3402.0,0.57684565,0.0,False,1.0,non_human_findings,-1,0
405.tiff,find_and_suppress,1236,6007.0,3919.0,0.5767845,0.0,False,1.0,non_human_findings,-1,0
405.tiff,find_and_suppress,1237,3912.0,2077.0,0.5766899,0.0,False,1.0,non_human_findings,-1,0
405.tiff,find_and_suppress,1238,3612.0,2385.0,0.5765957,0.0,False,1.0,non_human_findings,-1,0
405.tiff,find_and_suppress,1239,2057.0,1215.0,0.5764882,0.0,False,1.0,non_human_findings,-1,0
405.tiff,find_and_suppress,1240,1743.0,706.0,0.576479,0.0,False,1.0,non_human_findings,-1,0
405.tiff,find_and_suppress,1241,3152.0,4566.0,0.5764089,0.0,False,1.0,non_human_findings,-1,0
405.tiff,find_and_suppress,1242,3331.0,222.0,0.5763778,0.0,False,1.0,non_human_findings,-1,0
405.tiff,find_and_suppress,1243,2175.0,820.0,0.5763616,0.0,False,1.0,non_human_findings,-1,0
405.tiff,find_and_suppress,1244,3055.0,170.0,0.5763557,0.0,False,1.0,non_human_findings,-1,0
405.tiff,find_and_suppress,1245,2520.0,3613.0,0.57625556,0.0,False,1.0,non_human_findings,-1,0
405.tiff,find_and_suppress,1246,1710.0,3092.0,0.57625014,0.0,False,1.0,non_human_findings,-1,0
405.tiff,find_and_suppress,1247,184.0,4886.0,0.5762211,0.0,False,1.0,non_human_findings,-1,0
405.tiff,find_and_suppress,1248,5733.0,3594.0,0.5761928,0.0,False,1.0,non_human_findings,-1,0
405.tiff,find_and_suppress,1249,2549.0,318.0,0.57613957,0.0,False,1.0,non_human_findings,-1,0
405.tiff,find_and_suppress,1250,2611.0,528.0,0.57601315,0.0,False,1.0,non_human_findings,-1,0
405.tiff,find_and_suppress,1251,1784.0,2337.0,0.57594717,0.0,False,1.0,non_human_findings,-1,0
405.tiff,find_and_suppress,1252,1813.0,1414.0,0.57594657,0.0,False,1.0,non_human_findings,-1,0
405.tiff,find_and_suppress,1253,5022.0,1165.0,0.5757692,0.0,False,1.0,non_human_findings,-1,0
405.tiff,find_and_suppress,1254,4182.0,2645.0,0.5757441,0.0,False,1.0,non_human_findings,-1,0
405.tiff,find_and_suppress,1255,946.0,837.0,0.5755992,0.0,False,1.0,non_human_findings,-1,0
405.tiff,find_and_suppress,1256,1014.0,1795.0,0.5754328,0.0,False,1.0,non_human_findings,-1,0
405.tiff,find_and_suppress,1257,1916.0,469.0,0.5754229,0.0,False,1.0,human_rejected_label,20554,2
405.tiff,find_and_suppress,1258,1968.0,1149.0,0.5753036,0.0,False,1.0,non_human_findings,-1,0
405.tiff,find_and_suppress,1259,3541.0,1107.0,0.5752816,0.0,False,1.0,non_human_findings,-1,0
405.tiff,find_and_suppress,1260,603.0,3772.0,0.57514185,0.0,False,1.0,non_human_findings,-1,0
405.tiff,find_and_suppress,1261,5762.0,423.0,0.57511234,0.0,False,1.0,non_human_findings,-1,0
405.tiff,find_and_suppress,1262,954.0,937.0,0.57507175,0.0,False,1.0,non_human_findings,-1,0
405.tiff,find_and_suppress,1263,100.0,3056.0,0.57505375,0.0,False,1.0,non_human_findings,-1,0
405.tiff,find_and_suppress,1264,6219.0,547.0,0.57485795,0.0,False,1.0,non_human_findings,-1,0
405.tiff,find_and_suppress,1265,4195.0,4253.0,0.5748357,0.0,False,1.0,non_human_findings,-1,0
405.tiff,find_and_suppress,1266,6137.0,3635.0,0.57476413,0.0,False,1.0,non_human_findings,-1,0
405.tiff,find_and_suppress,1267,2240.0,2394.0,0.5747391,0.0,False,1.0,non_human_findings,-1,0
405.tiff,find_and_suppress,1268,5555.0,2156.0,0.57469285,0.0,False,1.0,non_human_findings,-1,0
405.tiff,find_and_suppress,1269,6551.0,3979.0,0.5744291,0.0,False,1.0,non_human_findings,-1,0
405.tiff,find_and_suppress,1270,5377.0,1190.0,0.57437766,0.0,False,1.0,non_human_findings,-1,0
405.tiff,find_and_suppress,1271,4705.0,2457.0,0.57416004,0.0,False,1.0,non_human_findings,-1,0
405.tiff,find_and_suppress,1272,898.0,1441.0,0.5740999,0.0,False,1.0,non_human_findings,-1,0
405.tiff,find_and_suppress,1273,293.0,1108.0,0.57409906,0.0,False,1.0,non_human_findings,-1,0
405.tiff,find_and_suppress,1274,1653.0,1581.0,0.5739979,0.0,False,1.0,non_human_findings,-1,0
405.tiff,find_and_suppress,1275,4032.0,2508.0,0.5739854,0.0,False,1.0,non_human_findings,-1,0
405.tiff,find_and_suppress,1276,4185.0,3424.0,0.5739481,0.0,False,1.0,non_human_findings,-1,0
405.tiff,find_and_suppress,1277,1451.0,3923.0,0.5739311,0.0,False,1.0,non_human_findings,-1,0
405.tiff,find_and_suppress,1278,1945.0,2430.0,0.573823,0.0,False,1.0,non_human_findings,-1,0
405.tiff,find_and_suppress,1279,4483.0,2771.0,0.573822,0.0,False,1.0,non_human_findings,-1,0
405.tiff,find_and_suppress,1280,2088.0,1250.0,0.57378715,0.0,False,1.0,non_human_findings,-1,0
405.tiff,find_and_suppress,1281,2795.0,1491.0,0.5737727,0.0,False,1.0,non_human_findings,-1,0
405.tiff,find_and_suppress,1282,4182.0,1495.0,0.57369024,0.0,False,1.0,non_human_findings,-1,0
405.tiff,find_and_suppress,1283,4580.0,412.0,0.573643,0.0,False,1.0,non_human_findings,-1,0
405.tiff,find_and_suppress,1284,865.0,1443.0,0.5735925,0.0,False,1.0,non_human_findings,-1,0
405.tiff,find_and_suppress,1285,2457.0,3663.0,0.5735244,0.0,False,1.0,non_human_findings,-1,0
405.tiff,find_and_suppress,1286,4458.0,1467.0,0.57336587,0.0,False,1.0,non_human_findings,-1,0
405.tiff,find_and_suppress,1287,5044.0,3369.0,0.57335126,0.0,False,1.0,non_human_findings,-1,0
405.tiff,find_and_suppress,1288,4103.0,3324.0,0.57333493,0.0,False,1.0,non_human_findings,-1,0
405.tiff,find_and_suppress,1289,1441.0,4574.0,0.5732214,0.0,False,1.0,non_human_findings,-1,0
405.tiff,find_and_suppress,1290,48.0,220.0,0.57317185,0.0,False,1.0,non_human_findings,-1,0
405.tiff,find_and_suppress,1291,6152.0,3456.0,0.5731553,0.0,False,1.0,non_human_findings,-1,0
405.tiff,find_and_suppress,1292,6531.0,2935.0,0.57301253,0.0,False,1.0,non_human_findings,-1,0
405.tiff,find_and_suppress,1293,5191.0,4596.0,0.57285905,0.0,False,1.0,non_human_findings,-1,0
405.tiff,find_and_suppress,1294,1040.0,2734.0,0.57281995,0.0,False,1.0,non_human_findings,-1,0
405.tiff,find_and_suppress,1295,2170.0,1445.0,0.5728062,0.0,False,1.0,human_rejected_label,20558,2
405.tiff,find_and_suppress,1296,416.0,781.0,0.57277685,0.0,False,1.0,non_human_findings,-1,0
405.tiff,find_and_suppress,1297,699.0,1858.0,0.57274777,0.0,False,1.0,non_human_findings,-1,0
405.tiff,find_and_suppress,1298,1767.0,1422.0,0.5726098,0.0,False,1.0,non_human_findings,-1,0
405.tiff,find_and_suppress,1299,6432.0,665.0,0.5725862,0.0,False,1.0,non_human_findings,-1,0
405.tiff,find_and_suppress,1300,2863.0,2307.0,0.5724802,0.0,False,1.0,non_human_findings,-1,0
405.tiff,find_and_suppress,1301,3230.0,4289.0,0.5724788,0.0,False,1.0,non_human_findings,-1,0
405.tiff,find_and_suppress,1302,2437.0,1183.0,0.57246286,0.0,False,1.0,non_human_findings,-1,0
405.tiff,find_and_suppress,1303,1085.0,3383.0,0.5723899,0.0,False,1.0,non_human_findings,-1,0
405.tiff,find_and_suppress,1304,5425.0,4839.0,0.5720122,0.0,False,1.0,non_human_findings,-1,0
405.tiff,find_and_suppress,1305,5497.0,688.0,0.5719965,0.0,False,1.0,non_human_findings,-1,0
405.tiff,find_and_suppress,1306,6207.0,3327.0,0.5717335,0.0,False,1.0,non_human_findings,-1,0
405.tiff,find_and_suppress,1307,4035.0,3468.0,0.57171977,0.0,False,1.0,non_human_findings,-1,0
405.tiff,find_and_suppress,1308,6181.0,3804.0,0.57166386,0.0,False,1.0,non_human_findings,-1,0
405.tiff,find_and_suppress,1309,2982.0,1357.0,0.5715983,0.0,False,1.0,non_human_findings,-1,0
405.tiff,find_and_suppress,1310,6415.0,2787.0,0.5715612,0.0,False,1.0,non_human_findings,-1,0
405.tiff,find_and_suppress,1311,3434.0,1367.0,0.57150555,0.0,False,1.0,non_human_findings,-1,0
405.tiff,find_and_suppress,1312,1909.0,793.0,0.57149315,0.0,False,1.0,non_human_findings,-1,0
405.tiff,find_and_suppress,1313,3161.0,149.0,0.5713748,0.0,False,1.0,non_human_findings,-1,0
405.tiff,find_and_suppress,1314,5033.0,2980.0,0.57130045,0.0,False,1.0,non_human_findings,-1,0
405.tiff,find_and_suppress,1315,2864.0,1329.0,0.57111144,0.0,False,1.0,non_human_findings,-1,0
405.tiff,find_and_suppress,1316,1671.0,4667.0,0.5710989,0.0,False,1.0,non_human_findings,-1,0
405.tiff,find_and_suppress,1317,3354.0,3800.0,0.57107013,0.0,False,1.0,non_human_findings,-1,0
405.tiff,find_and_suppress,1318,776.0,329.0,0.57105327,0.0,False,1.0,non_human_findings,-1,0
405.tiff,find_and_suppress,1319,3710.0,247.0,0.57097673,0.0,False,1.0,non_human_findings,-1,0
405.tiff,find_and_suppress,1320,4893.0,1025.0,0.57096624,0.0,False,1.0,non_human_findings,-1,0
405.tiff,find_and_suppress,1321,4648.0,1681.0,0.5708395,0.0,False,1.0,non_human_findings,-1,0
405.tiff,find_and_suppress,1322,810.0,4339.0,0.57075703,0.0,False,1.0,non_human_findings,-1,0
405.tiff,find_and_suppress,1323,3798.0,1381.0,0.5707457,0.0,False,1.0,non_human_findings,-1,0
405.tiff,find_and_suppress,1324,6272.0,3701.0,0.57071036,0.0,False,1.0,non_human_findings,-1,0
405.tiff,find_and_suppress,1325,5633.0,3949.0,0.57062256,0.0,False,1.0,non_human_findings,-1,0
405.tiff,find_and_suppress,1326,4642.0,2457.0,0.5704917,0.0,False,1.0,non_human_findings,-1,0
405.tiff,find_and_suppress,1327,4590.0,2235.0,0.57048404,0.0,False,1.0,non_human_findings,-1,0
405.tiff,find_and_suppress,1328,261.0,2538.0,0.5704447,0.0,False,1.0,non_human_findings,-1,0
405.tiff,find_and_suppress,1329,1213.0,1063.0,0.5703593,0.0,False,1.0,non_human_findings,-1,0
405.tiff,find_and_suppress,1330,5592.0,3527.0,0.57033944,0.0,False,1.0,non_human_findings,-1,0
405.tiff,find_and_suppress,1331,370.0,4738.0,0.57029164,0.0,False,1.0,non_human_findings,-1,0
405.tiff,find_and_suppress,1332,6469.0,2580.0,0.57024187,0.0,False,1.0,non_human_findings,-1,0
405.tiff,find_and_suppress,1333,3516.0,795.0,0.57017934,0.0,False,1.0,non_human_findings,-1,0
405.tiff,find_and_suppress,1334,3211.0,3044.0,0.5701654,0.0,False,1.0,non_human_findings,-1,0
405.tiff,find_and_suppress,1335,5514.0,2862.0,0.57013094,0.0,False,1.0,non_human_findings,-1,0
405.tiff,find_and_suppress,1336,1882.0,488.0,0.57009804,0.0,False,1.0,non_human_findings,-1,0
405.tiff,find_and_suppress,1337,1006.0,1313.0,0.57005805,0.0,False,1.0,non_human_findings,-1,0
405.tiff,find_and_suppress,1338,5086.0,4072.0,0.57002014,0.0,False,1.0,non_human_findings,-1,0
405.tiff,find_and_suppress,1339,5942.0,3732.0,0.5699246,0.0,False,1.0,non_human_findings,-1,0
405.tiff,find_and_suppress,1340,4441.0,2133.0,0.5698348,0.0,False,1.0,non_human_findings,-1,0
405.tiff,find_and_suppress,1341,911.0,1731.0,0.5698064,0.0,False,1.0,non_human_findings,-1,0
405.tiff,find_and_suppress,1342,5509.0,2486.0,0.56980443,0.0,False,1.0,non_human_findings,-1,0
405.tiff,find_and_suppress,1343,53.0,4244.0,0.569758,0.0,False,1.0,non_human_findings,-1,0
405.tiff,find_and_suppress,1344,4760.0,3540.0,0.5695886,0.0,False,1.0,non_human_findings,-1,0
405.tiff,find_and_suppress,1345,4839.0,3717.0,0.56957793,0.0,False,1.0,non_human_findings,-1,0
405.tiff,find_and_suppress,1346,1407.0,1612.0,0.569564,0.0,False,1.0,non_human_findings,-1,0
405.tiff,find_and_suppress,1347,1703.0,154.0,0.5694745,0.0,False,1.0,non_human_findings,-1,0
405.tiff,find_and_suppress,1348,1729.0,2174.0,0.56924826,0.0,False,1.0,non_human_findings,-1,0
405.tiff,find_and_suppress,1349,1062.0,918.0,0.56916785,0.0,False,1.0,non_human_findings,-1,0
405.tiff,find_and_suppress,1350,1158.0,2390.0,0.5690629,0.0,False,1.0,non_human_findings,-1,0
405.tiff,find_and_suppress,1351,3022.0,1431.0,0.56900024,0.0,False,1.0,non_human_findings,-1,0
405.tiff,find_and_suppress,1352,3507.0,2342.0,0.56888276,0.0,False,1.0,non_human_findings,-1,0
405.tiff,find_and_suppress,1353,4490.0,3245.0,0.5688736,0.0,False,1.0,non_human_findings,-1,0
405.tiff,find_and_suppress,1354,4297.0,3680.0,0.56884766,0.0,False,1.0,non_human_findings,-1,0
405.tiff,find_and_suppress,1355,3837.0,4252.0,0.5687144,0.0,False,1.0,non_human_findings,-1,0
405.tiff,find_and_suppress,1356,5519.0,2294.0,0.56853837,0.0,False,1.0,non_human_findings,-1,0
405.tiff,find_and_suppress,1357,5811.0,2801.0,0.5683153,0.0,False,1.0,non_human_findings,-1,0
405.tiff,find_and_suppress,1358,33.0,1046.0,0.56821424,0.0,False,1.0,non_human_findings,-1,0
405.tiff,find_and_suppress,1359,4387.0,2727.0,0.56819993,0.0,False,1.0,non_human_findings,-1,0
405.tiff,find_and_suppress,1360,4926.0,4408.0,0.56816477,0.0,False,1.0,non_human_findings,-1,0
405.tiff,find_and_suppress,1361,5067.0,4240.0,0.5680853,0.0,False,1.0,non_human_findings,-1,0
405.tiff,find_and_suppress,1362,5138.0,1432.0,0.56807023,0.0,False,1.0,non_human_findings,-1,0
405.tiff,find_and_suppress,1363,4984.0,2723.0,0.5679589,0.0,False,1.0,non_human_findings,-1,0
405.tiff,find_and_suppress,1364,2167.0,1891.0,0.5679489,0.0,False,1.0,non_human_findings,-1,0
405.tiff,find_and_suppress,1365,1515.0,1293.0,0.56789637,0.0,False,1.0,non_human_findings,-1,0
405.tiff,find_and_suppress,1366,1897.0,894.0,0.5675928,0.0,False,1.0,non_human_findings,-1,0
405.tiff,find_and_suppress,1367,2271.0,913.0,0.56753147,0.0,False,1.0,non_human_findings,-1,0
405.tiff,find_and_suppress,1368,5103.0,4138.0,0.56752443,0.0,False,1.0,non_human_findings,-1,0
405.tiff,find_and_suppress,1369,6404.0,745.0,0.5674326,0.0,False,1.0,non_human_findings,-1,0
405.tiff,find_and_suppress,1370,3695.0,572.0,0.56742203,0.0,False,1.0,non_human_findings,-1,0
405.tiff,find_and_suppress,1371,4787.0,4859.0,0.5673451,0.0,False,1.0,non_human_findings,-1,0
405.tiff,find_and_suppress,1372,4458.0,1595.0,0.5673126,0.0,False,1.0,non_human_findings,-1,0
405.tiff,find_and_suppress,1373,1672.0,3540.0,0.56722707,0.0,False,1.0,non_human_findings,-1,0
405.tiff,find_and_suppress,1374,6191.0,4864.0,0.56720144,0.0,False,1.0,non_human_findings,-1,0
405.tiff,find_and_suppress,1375,6057.0,3154.0,0.56715274,0.0,False,1.0,non_human_findings,-1,0
405.tiff,find_and_suppress,1376,3264.0,240.0,0.56708556,0.0,False,1.0,non_human_findings,-1,0
405.tiff,find_and_suppress,1377,596.0,914.0,0.5669475,0.0,False,1.0,non_human_findings,-1,0
405.tiff,find_and_suppress,1378,2340.0,3640.0,0.56679505,0.0,False,1.0,non_human_findings,-1,0
405.tiff,find_and_suppress,1379,4337.0,791.0,0.56673276,0.0,False,1.0,non_human_findings,-1,0
405.tiff,find_and_suppress,1380,6075.0,203.0,0.5666558,0.0,False,1.0,non_human_findings,-1,0
405.tiff,find_and_suppress,1381,4211.0,3648.0,0.56662786,0.0,False,1.0,non_human_findings,-1,0
405.tiff,find_and_suppress,1382,6482.0,2439.0,0.5665064,0.0,False,1.0,non_human_findings,-1,0
405.tiff,find_and_suppress,1383,1279.0,2549.0,0.5665062,0.0,False,1.0,non_human_findings,-1,0
405.tiff,find_and_suppress,1384,5648.0,1176.0,0.56643105,0.0,False,1.0,non_human_findings,-1,0
405.tiff,find_and_suppress,1385,4144.0,2232.0,0.5663662,0.0,False,1.0,non_human_findings,-1,0
405.tiff,find_and_suppress,1386,2758.0,1369.0,0.5661872,0.0,False,1.0,non_human_findings,-1,0
405.tiff,find_and_suppress,1387,460.0,784.0,0.5660094,0.0,False,1.0,non_human_findings,-1,0
405.tiff,find_and_suppress,1388,5061.0,4889.0,0.5659915,0.0,False,1.0,non_human_findings,-1,0
405.tiff,find_and_suppress,1389,1918.0,3946.0,0.56587285,0.0,False,1.0,non_human_findings,-1,0
405.tiff,find_and_suppress,1390,4416.0,114.0,0.56580245,0.0,False,1.0,non_human_findings,-1,0
405.tiff,find_and_suppress,1391,4477.0,3106.0,0.565662,0.0,False,1.0,non_human_findings,-1,0
405.tiff,find_and_suppress,1392,4263.0,442.0,0.56560636,0.0,False,1.0,non_human_findings,-1,0
405.tiff,find_and_suppress,1393,1889.0,3698.0,0.565557,0.0,False,1.0,non_human_findings,-1,0
405.tiff,find_and_suppress,1394,1303.0,4085.0,0.56545866,0.0,False,1.0,non_human_findings,-1,0
405.tiff,find_and_suppress,1395,1427.0,2372.0,0.56542563,0.0,False,1.0,non_human_findings,-1,0
405.tiff,find_and_suppress,1396,1204.0,66.0,0.5654194,0.0,False,1.0,non_human_findings,-1,0
405.tiff,find_and_suppress,1397,1357.0,933.0,0.5654185,0.0,False,1.0,non_human_findings,-1,0
405.tiff,find_and_suppress,1398,4636.0,1138.0,0.5654116,0.0,False,1.0,non_human_findings,-1,0
405.tiff,find_and_suppress,1399,1486.0,1248.0,0.56540686,0.0,False,1.0,non_human_findings,-1,0
405.tiff,find_and_suppress,1400,2043.0,952.0,0.56530404,0.0,False,1.0,non_human_findings,-1,0
405.tiff,find_and_suppress,1401,1088.0,2928.0,0.5652121,0.0,False,1.0,non_human_findings,-1,0
405.tiff,find_and_suppress,1402,1716.0,442.0,0.5650902,0.0,False,1.0,non_human_findings,-1,0
405.tiff,find_and_suppress,1403,2199.0,717.0,0.56507325,0.0,False,1.0,non_human_findings,-1,0
405.tiff,find_and_suppress,1404,4700.0,1229.0,0.5649854,0.0,False,1.0,non_human_findings,-1,0
405.tiff,find_and_suppress,1405,6275.0,3980.0,0.5648855,0.0,False,1.0,non_human_findings,-1,0
405.tiff,find_and_suppress,1406,4104.0,4436.0,0.56483775,0.0,False,1.0,non_human_findings,-1,0
405.tiff,find_and_suppress,1407,2014.0,2914.0,0.5647202,0.0,False,1.0,non_human_findings,-1,0
405.tiff,find_and_suppress,1408,6006.0,4526.0,0.5646245,0.0,False,1.0,non_human_findings,-1,0
405.tiff,find_and_suppress,1409,2073.0,4612.0,0.56458193,0.0,False,1.0,non_human_findings,-1,0
405.tiff,find_and_suppress,1410,6177.0,2831.0,0.5645807,0.0,False,1.0,non_human_findings,-1,0
405.tiff,find_and_suppress,1411,3286.0,3894.0,0.5645257,0.0,False,1.0,non_human_findings,-1,0
405.tiff,find_and_suppress,1412,153.0,4220.0,0.56451577,0.0,False,1.0,non_human_findings,-1,0
405.tiff,find_and_suppress,1413,2390.0,1898.0,0.564497,0.0,False,1.0,non_human_findings,-1,0
405.tiff,find_and_suppress,1414,3321.0,2344.0,0.56440854,0.0,False,1.0,non_human_findings,-1,0
405.tiff,find_and_suppress,1415,3092.0,1958.0,0.5642875,0.0,False,1.0,non_human_findings,-1,0
405.tiff,find_and_suppress,1416,1092.0,4462.0,0.5642664,0.0,False,1.0,non_human_findings,-1,0
405.tiff,find_and_suppress,1417,5925.0,326.0,0.56423056,0.0,False,1.0,non_human_findings,-1,0
405.tiff,find_and_suppress,1418,2021.0,3858.0,0.56417686,0.0,False,1.0,non_human_findings,-1,0
405.tiff,find_and_suppress,1419,5487.0,2707.0,0.5641725,0.0,False,1.0,non_human_findings,-1,0
405.tiff,find_and_suppress,1420,1237.0,386.0,0.5641651,0.0,False,1.0,non_human_findings,-1,0
405.tiff,find_and_suppress,1421,3242.0,488.0,0.56413394,0.0,False,1.0,non_human_findings,-1,0
405.tiff,find_and_suppress,1422,3018.0,2232.0,0.56409276,0.0,False,1.0,non_human_findings,-1,0
405.tiff,find_and_suppress,1423,2874.0,1467.0,0.5640538,0.0,False,1.0,non_human_findings,-1,0
405.tiff,find_and_suppress,1424,452.0,1917.0,0.56404036,0.0,False,1.0,non_human_findings,-1,0
405.tiff,find_and_suppress,1425,5399.0,1439.0,0.56398785,0.0,False,1.0,non_human_findings,-1,0
405.tiff,find_and_suppress,1426,4086.0,3371.0,0.5639452,0.0,False,1.0,non_human_findings,-1,0
405.tiff,find_and_suppress,1427,1528.0,446.0,0.56389797,0.0,False,1.0,non_human_findings,-1,0
405.tiff,find_and_suppress,1428,4325.0,4083.0,0.56388384,0.0,False,1.0,non_human_findings,-1,0
405.tiff,find_and_suppress,1429,6545.0,1588.0,0.56376505,0.0,False,1.0,non_human_findings,-1,0
405.tiff,find_and_suppress,1430,4810.0,4708.0,0.56358635,0.0,False,1.0,non_human_findings,-1,0
405.tiff,find_and_suppress,1431,2294.0,4352.0,0.56349266,0.0,False,1.0,non_human_findings,-1,0
405.tiff,find_and_suppress,1432,5526.0,1670.0,0.5633678,0.0,False,1.0,non_human_findings,-1,0
405.tiff,find_and_suppress,1433,5569.0,3924.0,0.56334996,0.0,False,1.0,non_human_findings,-1,0
405.tiff,find_and_suppress,1434,5104.0,764.0,0.5632596,0.0,False,1.0,non_human_findings,-1,0
405.tiff,find_and_suppress,1435,1261.0,899.0,0.5632426,0.0,False,1.0,non_human_findings,-1,0
405.tiff,find_and_suppress,1436,6521.0,826.0,0.5630306,0.0,False,1.0,non_human_findings,-1,0
405.tiff,find_and_suppress,1437,352.0,1831.0,0.5629993,0.0,False,1.0,non_human_findings,-1,0
405.tiff,find_and_suppress,1438,1038.0,2188.0,0.56298673,0.0,False,1.0,non_human_findings,-1,0
405.tiff,find_and_suppress,1439,5116.0,3703.0,0.5627893,0.0,False,1.0,non_human_findings,-1,0
405.tiff,find_and_suppress,1440,3366.0,4396.0,0.5626328,0.0,False,1.0,non_human_findings,-1,0
405.tiff,find_and_suppress,1441,6452.0,1707.0,0.5626081,0.0,False,1.0,non_human_findings,-1,0
405.tiff,find_and_suppress,1442,3558.0,863.0,0.5624325,0.0,False,1.0,non_human_findings,-1,0
405.tiff,find_and_suppress,1443,5139.0,2127.0,0.5623713,0.0,False,1.0,non_human_findings,-1,0
405.tiff,find_and_suppress,1444,4258.0,1654.0,0.56235325,0.0,False,1.0,non_human_findings,-1,0
405.tiff,find_and_suppress,1445,5719.0,3399.0,0.56232584,0.0,False,1.0,non_human_findings,-1,0
405.tiff,find_and_suppress,1446,5220.0,514.0,0.5623248,0.0,False,1.0,non_human_findings,-1,0
405.tiff,find_and_suppress,1447,4427.0,1426.0,0.56232065,0.0,False,1.0,non_human_findings,-1,0
405.tiff,find_and_suppress,1448,4100.0,291.0,0.5622078,0.0,False,1.0,non_human_findings,-1,0
405.tiff,find_and_suppress,1449,4700.0,1619.0,0.5622039,0.0,False,1.0,non_human_findings,-1,0
405.tiff,find_and_suppress,1450,1208.0,397.0,0.5621526,0.0,False,1.0,non_human_findings,-1,0
405.tiff,find_and_suppress,1451,6074.0,4671.0,0.5621473,0.0,False,1.0,non_human_findings,-1,0
405.tiff,find_and_suppress,1452,25.0,1676.0,0.5621261,0.0,False,1.0,non_human_findings,-1,0
405.tiff,find_and_suppress,1453,4551.0,1770.0,0.562079,0.0,False,1.0,non_human_findings,-1,0
405.tiff,find_and_suppress,1454,4092.0,2025.0,0.5620343,0.0,False,1.0,non_human_findings,-1,0
405.tiff,find_and_suppress,1455,1437.0,4759.0,0.5619721,0.0,False,1.0,non_human_findings,-1,0
405.tiff,find_and_suppress,1456,6146.0,3589.0,0.56189585,0.0,False,1.0,non_human_findings,-1,0
405.tiff,find_and_suppress,1457,4184.0,2990.0,0.56187814,0.0,False,1.0,non_human_findings,-1,0
405.tiff,find_and_suppress,1458,3276.0,382.0,0.56183445,0.0,False,1.0,non_human_findings,-1,0
405.tiff,find_and_suppress,1459,4764.0,631.0,0.56179225,0.0,False,1.0,non_human_findings,-1,0
405.tiff,find_and_suppress,1460,4698.0,2269.0,0.5617886,0.0,False,1.0,non_human_findings,-1,0
405.tiff,find_and_suppress,1461,2786.0,2029.0,0.5617868,0.0,False,1.0,non_human_findings,-1,0
405.tiff,find_and_suppress,1462,1774.0,199.0,0.56177384,0.0,False,1.0,non_human_findings,-1,0
405.tiff,find_and_suppress,1463,6107.0,2326.0,0.5617629,0.0,False,1.0,non_human_findings,-1,0
405.tiff,find_and_suppress,1464,4981.0,2077.0,0.56163245,0.0,False,1.0,non_human_findings,-1,0
405.tiff,find_and_suppress,1465,1236.0,1483.0,0.561539,0.0,False,1.0,non_human_findings,-1,0
405.tiff,find_and_suppress,1466,1102.0,856.0,0.5614768,0.0,False,1.0,non_human_findings,-1,0
405.tiff,find_and_suppress,1467,3601.0,126.0,0.561451,0.0,False,1.0,non_human_findings,-1,0
405.tiff,find_and_suppress,1468,1877.0,3886.0,0.56142896,0.0,False,1.0,non_human_findings,-1,0
405.tiff,find_and_suppress,1469,1665.0,2510.0,0.56141216,0.0,False,1.0,non_human_findings,-1,0
405.tiff,find_and_suppress,1470,706.0,1128.0,0.56139004,0.0,False,1.0,non_human_findings,-1,0
405.tiff,find_and_suppress,1471,865.0,71.0,0.5613466,0.0,False,1.0,non_human_findings,-1,0
405.tiff,find_and_suppress,1472,3022.0,3983.0,0.56133467,0.0,False,1.0,non_human_findings,-1,0
405.tiff,find_and_suppress,1473,1093.0,1233.0,0.56130254,0.0,False,1.0,non_human_findings,-1,0
405.tiff,find_and_suppress,1474,5069.0,2321.0,0.5612943,0.0,False,1.0,non_human_findings,-1,0
405.tiff,find_and_suppress,1475,3467.0,2701.0,0.5612706,0.0,False,1.0,non_human_findings,-1,0
405.tiff,find_and_suppress,1476,1117.0,3189.0,0.5611369,0.0,False,1.0,human_rejected_label,20576,2
405.tiff,find_and_suppress,1477,5792.0,4881.0,0.56112695,0.0,False,1.0,non_human_findings,-1,0
405.tiff,find_and_suppress,1478,338.0,4490.0,0.56107277,0.0,False,1.0,non_human_findings,-1,0
405.tiff,find_and_suppress,1479,3561.0,2432.0,0.56102836,0.0,False,1.0,non_human_findings,-1,0
405.tiff,find_and_suppress,1480,3477.0,560.0,0.5609907,0.0,False,1.0,non_human_findings,-1,0
405.tiff,find_and_suppress,1481,1992.0,4225.0,0.56094855,0.0,False,1.0,non_human_findings,-1,0
405.tiff,find_and_suppress,1482,4658.0,2134.0,0.56086075,0.0,False,1.0,non_human_findings,-1,0
405.tiff,find_and_suppress,1483,4737.0,1050.0,0.56084436,0.0,False,1.0,non_human_findings,-1,0
405.tiff,find_and_suppress,1484,155.0,2688.0,0.56073564,0.0,False,1.0,non_human_findings,-1,0
405.tiff,find_and_suppress,1485,2133.0,1722.0,0.5607042,0.0,False,1.0,non_human_findings,-1,0
405.tiff,find_and_suppress,1486,5357.0,901.0,0.56063235,0.0,False,1.0,non_human_findings,-1,0
405.tiff,find_and_suppress,1487,241.0,3048.0,0.5604378,0.0,False,1.0,non_human_findings,-1,0
405.tiff,find_and_suppress,1488,590.0,3288.0,0.56039256,0.0,False,1.0,non_human_findings,-1,0
405.tiff,find_and_suppress,1489,3506.0,4123.0,0.5603249,0.0,False,1.0,non_human_findings,-1,0
405.tiff,find_and_suppress,1490,1343.0,3073.0,0.5603125,0.0,False,1.0,non_human_findings,-1,0
405.tiff,find_and_suppress,1491,3415.0,481.0,0.56030875,0.0,False,1.0,non_human_findings,-1,0
405.tiff,find_and_suppress,1492,5866.0,2086.0,0.56020385,0.0,False,1.0,non_human_findings,-1,0
405.tiff,find_and_suppress,1493,1026.0,1595.0,0.56005406,0.0,False,1.0,non_human_findings,-1,0
405.tiff,find_and_suppress,1494,155.0,1490.0,0.55993325,0.0,False,1.0,non_human_findings,-1,0
405.tiff,find_and_suppress,1495,2897.0,2167.0,0.55992293,0.0,False,1.0,non_human_findings,-1,0
405.tiff,find_and_suppress,1496,162.0,1829.0,0.55990696,0.0,False,1.0,non_human_findings,-1,0
405.tiff,find_and_suppress,1497,1955.0,4385.0,0.5598477,0.0,False,1.0,non_human_findings,-1,0
405.tiff,find_and_suppress,1498,4894.0,4421.0,0.55982506,0.0,False,1.0,non_human_findings,-1,0
405.tiff,find_and_suppress,1499,2175.0,2318.0,0.55980027,0.0,False,1.0,non_human_findings,-1,0
405.tiff,find_and_suppress,1500,5198.0,1694.0,0.55974656,0.0,False,1.0,non_human_findings,-1,0
405.tiff,find_and_suppress,1501,2182.0,2022.0,0.5597074,0.0,False,1.0,non_human_findings,-1,0
405.tiff,find_and_suppress,1502,371.0,2355.0,0.5596547,0.0,False,1.0,non_human_findings,-1,0
405.tiff,find_and_suppress,1503,4695.0,2713.0,0.55962205,0.0,False,1.0,non_human_findings,-1,0
405.tiff,find_and_suppress,1504,3329.0,1204.0,0.55954957,0.0,False,1.0,non_human_findings,-1,0
405.tiff,find_and_suppress,1505,3316.0,2578.0,0.5594166,0.0,False,1.0,non_human_findings,-1,0
405.tiff,find_and_suppress,1506,902.0,1786.0,0.5593104,0.0,False,1.0,non_human_findings,-1,0
405.tiff,find_and_suppress,1507,1787.0,3632.0,0.55927944,0.0,False,1.0,non_human_findings,-1,0
405.tiff,find_and_suppress,1508,4876.0,1371.0,0.55921006,0.0,False,1.0,human_correct_label,20561,1
405.tiff,find_and_suppress,1509,4283.0,4491.0,0.5591809,0.0,False,1.0,non_human_findings,-1,0
405.tiff,find_and_suppress,1510,1663.0,1947.0,0.55914736,0.0,False,1.0,non_human_findings,-1,0
405.tiff,find_and_suppress,1511,1904.0,4616.0,0.5591432,0.0,False,1.0,non_human_findings,-1,0
405.tiff,find_and_suppress,1512,1772.0,1138.0,0.55884594,0.0,False,1.0,non_human_findings,-1,0
405.tiff,find_and_suppress,1513,5540.0,2497.0,0.5585846,0.0,False,1.0,non_human_findings,-1,0
405.tiff,find_and_suppress,1514,1187.0,829.0,0.55852324,0.0,False,1.0,non_human_findings,-1,0
405.tiff,find_and_suppress,1515,53.0,1245.0,0.55839646,0.0,False,1.0,non_human_findings,-1,0
405.tiff,find_and_suppress,1516,4954.0,4570.0,0.5583714,0.0,False,1.0,non_human_findings,-1,0
405.tiff,find_and_suppress,1517,2305.0,2709.0,0.5583546,0.0,False,1.0,non_human_findings,-1,0
405.tiff,find_and_suppress,1518,671.0,914.0,0.5583272,0.0,False,1.0,non_human_findings,-1,0
405.tiff,find_and_suppress,1519,3725.0,507.0,0.5582725,0.0,False,1.0,non_human_findings,-1,0
405.tiff,find_and_suppress,1520,2441.0,2565.0,0.5582004,0.0,False,1.0,non_human_findings,-1,0
405.tiff,find_and_suppress,1521,5348.0,4014.0,0.55818063,0.0,False,1.0,non_human_findings,-1,0
405.tiff,find_and_suppress,1522,6520.0,1827.0,0.5581018,0.0,False,1.0,non_human_findings,-1,0
405.tiff,find_and_suppress,1523,3209.0,2833.0,0.5580903,0.0,False,1.0,non_human_findings,-1,0
405.tiff,find_and_suppress,1524,2143.0,836.0,0.5580474,0.0,False,1.0,non_human_findings,-1,0
405.tiff,find_and_suppress,1525,3839.0,891.0,0.5580414,0.0,False,1.0,non_human_findings,-1,0
405.tiff,find_and_suppress,1526,1907.0,1041.0,0.5579888,0.0,False,1.0,non_human_findings,-1,0
405.tiff,find_and_suppress,1527,4320.0,3567.0,0.55793303,0.0,False,1.0,non_human_findings,-1,0
405.tiff,find_and_suppress,1528,3152.0,339.0,0.5579328,0.0,False,1.0,non_human_findings,-1,0
405.tiff,find_and_suppress,1529,4988.0,805.0,0.55784214,0.0,False,1.0,non_human_findings,-1,0
405.tiff,find_and_suppress,1530,2035.0,1612.0,0.5578341,0.0,False,1.0,non_human_findings,-1,0
405.tiff,find_and_suppress,1531,3007.0,2126.0,0.5577702,0.0,False,1.0,non_human_findings,-1,0
405.tiff,find_and_suppress,1532,3791.0,2700.0,0.5577485,0.0,False,1.0,non_human_findings,-1,0
405.tiff,find_and_suppress,1533,1086.0,3560.0,0.5577301,0.0,False,1.0,non_human_findings,-1,0
405.tiff,find_and_suppress,1534,1709.0,2579.0,0.55770177,0.0,False,1.0,non_human_findings,-1,0
405.tiff,find_and_suppress,1535,2024.0,2468.0,0.5577013,0.0,False,1.0,non_human_findings,-1,0
405.tiff,find_and_suppress,1536,4551.0,3895.0,0.55767775,0.0,False,1.0,non_human_findings,-1,0
405.tiff,find_and_suppress,1537,4552.0,207.0,0.5576082,0.0,False,1.0,non_human_findings,-1,0
405.tiff,find_and_suppress,1538,673.0,784.0,0.5575925,0.0,False,1.0,non_human_findings,-1,0
405.tiff,find_and_suppress,1539,897.0,2350.0,0.55751115,0.0,False,1.0,non_human_findings,-1,0
405.tiff,find_and_suppress,1540,5199.0,1473.0,0.5573984,0.0,False,1.0,non_human_findings,-1,0
405.tiff,find_and_suppress,1541,2577.0,1782.0,0.5572729,0.0,False,1.0,non_human_findings,-1,0
405.tiff,find_and_suppress,1542,1316.0,3917.0,0.5571918,0.0,False,1.0,non_human_findings,-1,0
405.tiff,find_and_suppress,1543,3084.0,3899.0,0.55719054,0.0,False,1.0,non_human_findings,-1,0
405.tiff,find_and_suppress,1544,4561.0,3836.0,0.5571823,0.0,False,1.0,non_human_findings,-1,0
405.tiff,find_and_suppress,1545,6329.0,3637.0,0.5570991,0.0,False,1.0,non_human_findings,-1,0
405.tiff,find_and_suppress,1546,5236.0,3246.0,0.5569433,0.0,False,1.0,non_human_findings,-1,0
405.tiff,find_and_suppress,1547,1964.0,3914.0,0.5569317,0.0,False,1.0,non_human_findings,-1,0
405.tiff,find_and_suppress,1548,2532.0,2422.0,0.5568733,0.0,False,1.0,non_human_findings,-1,0
405.tiff,find_and_suppress,1549,6231.0,3230.0,0.5568419,0.0,False,1.0,non_human_findings,-1,0
405.tiff,find_and_suppress,1550,3741.0,2785.0,0.5567758,0.0,False,1.0,non_human_findings,-1,0
405.tiff,find_and_suppress,1551,4436.0,2963.0,0.55674,0.0,False,1.0,non_human_findings,-1,0
405.tiff,find_and_suppress,1552,3869.0,832.0,0.55668813,0.0,False,1.0,non_human_findings,-1,0
405.tiff,find_and_suppress,1553,1817.0,4848.0,0.55648065,0.0,False,1.0,non_human_findings,-1,0
405.tiff,find_and_suppress,1554,1978.0,756.0,0.5564732,0.0,False,1.0,non_human_findings,-1,0
405.tiff,find_and_suppress,1555,4448.0,2178.0,0.55643,0.0,False,1.0,non_human_findings,-1,0
405.tiff,find_and_suppress,1556,4315.0,1714.0,0.55640095,0.0,False,1.0,non_human_findings,-1,0
405.tiff,find_and_suppress,1557,735.0,192.0,0.5563608,0.0,False,1.0,non_human_findings,-1,0
405.tiff,find_and_suppress,1558,6179.0,3400.0,0.5563586,0.0,False,1.0,non_human_findings,-1,0
405.tiff,find_and_suppress,1559,2721.0,4835.0,0.55631214,0.0,False,1.0,non_human_findings,-1,0
405.tiff,find_and_suppress,1560,3474.0,3639.0,0.5563064,0.0,False,1.0,non_human_findings,-1,0
405.tiff,find_and_suppress,1561,5392.0,1338.0,0.5562841,0.0,False,1.0,non_human_findings,-1,0
405.tiff,find_and_suppress,1562,5534.0,4819.0,0.556237,0.0,False,1.0,non_human_findings,-1,0
405.tiff,find_and_suppress,1563,1226.0,624.0,0.5561848,0.0,False,1.0,non_human_findings,-1,0
405.tiff,find_and_suppress,1564,1597.0,1496.0,0.5561837,0.0,False,1.0,non_human_findings,-1,0
405.tiff,find_and_suppress,1565,5511.0,3239.0,0.5561646,0.0,False,1.0,non_human_findings,-1,0
405.tiff,find_and_suppress,1566,171.0,968.0,0.55611086,0.0,False,1.0,non_human_findings,-1,0
405.tiff,find_and_suppress,1567,4862.0,3153.0,0.55600494,0.0,False,1.0,non_human_findings,-1,0
405.tiff,find_and_suppress,1568,421.0,300.0,0.5559782,0.0,False,1.0,non_human_findings,-1,0
405.tiff,find_and_suppress,1569,3281.0,1413.0,0.5559656,0.0,False,1.0,non_human_findings,-1,0
405.tiff,find_and_suppress,1570,3999.0,1722.0,0.5558458,0.0,False,1.0,non_human_findings,-1,0
405.tiff,find_and_suppress,1571,4709.0,4906.0,0.5558454,0.0,False,1.0,non_human_findings,-1,0
405.tiff,find_and_suppress,1572,1428.0,3175.0,0.555842,0.0,False,1.0,non_human_findings,-1,0
405.tiff,find_and_suppress,1573,4727.0,3717.0,0.5557817,0.0,False,1.0,non_human_findings,-1,0
405.tiff,find_and_suppress,1574,1116.0,1489.0,0.55577964,0.0,False,1.0,non_human_findings,-1,0
405.tiff,find_and_suppress,1575,5740.0,2937.0,0.5557245,0.0,False,1.0,non_human_findings,-1,0
405.tiff,find_and_suppress,1576,788.0,4295.0,0.55564415,0.0,False,1.0,non_human_findings,-1,0
405.tiff,find_and_suppress,1577,4363.0,3472.0,0.5555804,0.0,False,1.0,non_human_findings,-1,0
405.tiff,find_and_suppress,1578,2391.0,4527.0,0.5555703,0.0,False,1.0,non_human_findings,-1,0
405.tiff,find_and_suppress,1579,6213.0,1222.0,0.55556923,0.0,False,1.0,non_human_findings,-1,0
405.tiff,find_and_suppress,1580,4730.0,789.0,0.55548286,0.0,False,1.0,non_human_findings,-1,0
405.tiff,find_and_suppress,1581,723.0,518.0,0.5553251,0.0,False,1.0,non_human_findings,-1,0
405.tiff,find_and_suppress,1582,6167.0,1518.0,0.55528367,0.0,False,1.0,non_human_findings,-1,0
405.tiff,find_and_suppress,1583,3248.0,4113.0,0.5550959,0.0,False,1.0,non_human_findings,-1,0
405.tiff,find_and_suppress,1584,4519.0,4341.0,0.5550589,0.0,False,1.0,non_human_findings,-1,0
405.tiff,find_and_suppress,1585,5091.0,2268.0,0.55503523,0.0,False,1.0,non_human_findings,-1,0
405.tiff,find_and_suppress,1586,1812.0,1987.0,0.55489546,0.0,False,1.0,non_human_findings,-1,0
405.tiff,find_and_suppress,1587,3807.0,2562.0,0.5548808,0.0,False,1.0,human_correct_label,20565,1
405.tiff,find_and_suppress,1588,898.0,614.0,0.5548322,0.0,False,1.0,non_human_findings,-1,0
405.tiff,find_and_suppress,1589,6521.0,3434.0,0.55473876,0.0,False,1.0,non_human_findings,-1,0
405.tiff,find_and_suppress,1590,3424.0,2473.0,0.5545811,0.0,False,1.0,non_human_findings,-1,0
405.tiff,find_and_suppress,1591,3040.0,3070.0,0.55448544,0.0,False,1.0,non_human_findings,-1,0
405.tiff,find_and_suppress,1592,4530.0,2277.0,0.5544777,0.0,False,1.0,non_human_findings,-1,0
405.tiff,find_and_suppress,1593,1032.0,1913.0,0.5544323,0.0,False,1.0,non_human_findings,-1,0
405.tiff,find_and_suppress,1594,5663.0,839.0,0.5544236,0.0,False,1.0,non_human_findings,-1,0
405.tiff,find_and_suppress,1595,1419.0,4521.0,0.55439645,0.0,False,1.0,non_human_findings,-1,0
405.tiff,find_and_suppress,1596,3356.0,3530.0,0.55437964,0.0,False,1.0,non_human_findings,-1,0
405.tiff,find_and_suppress,1597,3088.0,2206.0,0.55437416,0.0,False,1.0,human_correct_label,20571,1
405.tiff,find_and_suppress,1598,5801.0,1875.0,0.55432045,0.0,False,1.0,non_human_findings,-1,0
405.tiff,find_and_suppress,1599,6424.0,3953.0,0.5543054,0.0,False,1.0,non_human_findings,-1,0
405.tiff,find_and_suppress,1600,1540.0,1510.0,0.5542873,0.0,False,1.0,non_human_findings,-1,0
405.tiff,find_and_suppress,1601,3348.0,2668.0,0.55423206,0.0,False,1.0,non_human_findings,-1,0
405.tiff,find_and_suppress,1602,1271.0,3997.0,0.55419147,0.0,False,1.0,non_human_findings,-1,0
405.tiff,find_and_suppress,1603,2204.0,2454.0,0.5541236,0.0,False,1.0,non_human_findings,-1,0
405.tiff,find_and_suppress,1604,3365.0,2581.0,0.55406773,0.0,False,1.0,non_human_findings,-1,0
405.tiff,find_and_suppress,1605,272.0,2855.0,0.5540464,0.0,False,1.0,non_human_findings,-1,0
405.tiff,find_and_suppress,1606,2324.0,2009.0,0.5540203,0.0,False,1.0,non_human_findings,-1,0
405.tiff,find_and_suppress,1607,4365.0,4161.0,0.55400723,0.0,False,1.0,non_human_findings,-1,0
405.tiff,find_and_suppress,1608,4397.0,4303.0,0.55395764,0.0,False,1.0,non_human_findings,-1,0
405.tiff,find_and_suppress,1609,3150.0,3463.0,0.5537137,0.0,False,1.0,non_human_findings,-1,0
405.tiff,find_and_suppress,1610,1287.0,2010.0,0.55368245,0.0,False,1.0,non_human_findings,-1,0
405.tiff,find_and_suppress,1611,4787.0,3980.0,0.55366284,0.0,False,1.0,non_human_findings,-1,0
405.tiff,find_and_suppress,1612,1779.0,3843.0,0.55365366,0.0,False,1.0,non_human_findings,-1,0
405.tiff,find_and_suppress,1613,3361.0,348.0,0.5535852,0.0,False,1.0,non_human_findings,-1,0
405.tiff,find_and_suppress,1614,2828.0,4880.0,0.5535034,0.0,False,1.0,non_human_findings,-1,0
405.tiff,find_and_suppress,1615,2276.0,978.0,0.55333936,0.0,False,1.0,non_human_findings,-1,0
405.tiff,find_and_suppress,1616,852.0,2010.0,0.5533282,0.0,False,1.0,non_human_findings,-1,0
405.tiff,find_and_suppress,1617,1428.0,1805.0,0.5532502,0.0,False,1.0,non_human_findings,-1,0
405.tiff,find_and_suppress,1618,3941.0,2575.0,0.5532446,0.0,False,1.0,non_human_findings,-1,0
405.tiff,find_and_suppress,1619,5314.0,4383.0,0.55321056,0.0,False,1.0,non_human_findings,-1,0
405.tiff,find_and_suppress,1620,240.0,3857.0,0.5531895,0.0,False,1.0,non_human_findings,-1,0
405.tiff,find_and_suppress,1621,3005.0,4686.0,0.5531796,0.0,False,1.0,non_human_findings,-1,0
405.tiff,find_and_suppress,1622,1810.0,2447.0,0.55316883,0.0,False,1.0,non_human_findings,-1,0
405.tiff,find_and_suppress,1623,1602.0,3545.0,0.55310583,0.0,False,1.0,non_human_findings,-1,0
405.tiff,find_and_suppress,1624,230.0,164.0,0.55308,0.0,False,1.0,non_human_findings,-1,0
405.tiff,find_and_suppress,1625,5011.0,2490.0,0.55307406,0.0,False,1.0,non_human_findings,-1,0
405.tiff,find_and_suppress,1626,4978.0,1934.0,0.5530337,0.0,False,1.0,non_human_findings,-1,0
405.tiff,find_and_suppress,1627,1615.0,4395.0,0.5530041,0.0,False,1.0,non_human_findings,-1,0
405.tiff,find_and_suppress,1628,4844.0,4566.0,0.55285877,0.0,False,1.0,non_human_findings,-1,0
405.tiff,find_and_suppress,1629,623.0,2449.0,0.55278325,0.0,False,1.0,non_human_findings,-1,0
405.tiff,find_and_suppress,1630,1483.0,2316.0,0.5527516,0.0,False,1.0,non_human_findings,-1,0
405.tiff,find_and_suppress,1631,703.0,3036.0,0.55270386,0.0,False,1.0,non_human_findings,-1,0
405.tiff,find_and_suppress,1632,3813.0,3963.0,0.55269706,0.0,False,1.0,non_human_findings,-1,0
405.tiff,find_and_suppress,1633,4202.0,2499.0,0.55266494,0.0,False,1.0,non_human_findings,-1,0
405.tiff,find_and_suppress,1634,2952.0,1513.0,0.552663,0.0,False,1.0,non_human_findings,-1,0
405.tiff,find_and_suppress,1635,1621.0,2360.0,0.5525423,0.0,False,1.0,non_human_findings,-1,0
405.tiff,find_and_suppress,1636,1773.0,2965.0,0.5525127,0.0,False,1.0,non_human_findings,-1,0
405.tiff,find_and_suppress,1637,2053.0,2049.0,0.55249447,0.0,False,1.0,non_human_findings,-1,0
405.tiff,find_and_suppress,1638,3047.0,1831.0,0.55249333,0.0,False,1.0,non_human_findings,-1,0
405.tiff,find_and_suppress,1639,4148.0,3432.0,0.55241376,0.0,False,1.0,non_human_findings,-1,0
405.tiff,find_and_suppress,1640,1325.0,1960.0,0.55241275,0.0,False,1.0,non_human_findings,-1,0
405.tiff,find_and_suppress,1641,6197.0,1729.0,0.5524093,0.0,False,1.0,non_human_findings,-1,0
405.tiff,find_and_suppress,1642,1884.0,2508.0,0.5523966,0.0,False,1.0,non_human_findings,-1,0
405.tiff,find_and_suppress,1643,1073.0,710.0,0.55239326,0.0,False,1.0,non_human_findings,-1,0
405.tiff,find_and_suppress,1644,1091.0,4196.0,0.5523659,0.0,False,1.0,non_human_findings,-1,0
405.tiff,find_and_suppress,1645,6431.0,1468.0,0.5522848,0.0,False,1.0,non_human_findings,-1,0
405.tiff,find_and_suppress,1646,4256.0,2024.0,0.5522331,0.0,False,1.0,non_human_findings,-1,0
405.tiff,find_and_suppress,1647,1633.0,188.0,0.5521006,0.0,False,1.0,non_human_findings,-1,0
405.tiff,find_and_suppress,1648,4471.0,1124.0,0.5520965,0.0,False,1.0,non_human_findings,-1,0
405.tiff,find_and_suppress,1649,5342.0,3352.0,0.55206513,0.0,False,1.0,non_human_findings,-1,0
405.tiff,find_and_suppress,1650,3078.0,4749.0,0.5519904,0.0,False,1.0,non_human_findings,-1,0
405.tiff,find_and_suppress,1651,5401.0,1689.0,0.55195963,0.0,False,1.0,non_human_findings,-1,0
405.tiff,find_and_suppress,1652,2739.0,2258.0,0.5519146,0.0,False,1.0,non_human_findings,-1,0
405.tiff,find_and_suppress,1653,519.0,3643.0,0.5519041,0.0,False,1.0,non_human_findings,-1,0
405.tiff,find_and_suppress,1654,1202.0,759.0,0.55186754,0.0,False,1.0,non_human_findings,-1,0
405.tiff,find_and_suppress,1655,6207.0,2541.0,0.5517713,0.0,False,1.0,non_human_findings,-1,0
405.tiff,find_and_suppress,1656,5425.0,748.0,0.5517498,0.0,False,1.0,non_human_findings,-1,0
405.tiff,find_and_suppress,1657,4801.0,996.0,0.55154175,0.0,False,1.0,non_human_findings,-1,0
405.tiff,find_and_suppress,1658,4533.0,319.0,0.55134714,0.0,False,1.0,non_human_findings,-1,0
405.tiff,find_and_suppress,1659,5328.0,1158.0,0.5513279,0.0,False,1.0,non_human_findings,-1,0
405.tiff,find_and_suppress,1660,6048.0,3302.0,0.5511361,0.0,False,1.0,non_human_findings,-1,0
405.tiff,find_and_suppress,1661,3396.0,2895.0,0.5511129,0.0,False,1.0,non_human_findings,-1,0
405.tiff,find_and_suppress,1662,5015.0,2905.0,0.5510738,0.0,False,1.0,non_human_findings,-1,0
405.tiff,find_and_suppress,1663,5636.0,514.0,0.55102646,0.0,False,1.0,non_human_findings,-1,0
405.tiff,find_and_suppress,1664,2643.0,4558.0,0.55100304,0.0,False,1.0,non_human_findings,-1,0
405.tiff,find_and_suppress,1665,108.0,554.0,0.5508877,0.0,False,1.0,non_human_findings,-1,0
405.tiff,find_and_suppress,1666,128.0,3713.0,0.550858,0.0,False,1.0,non_human_findings,-1,0
405.tiff,find_and_suppress,1667,659.0,979.0,0.5508556,0.0,False,1.0,non_human_findings,-1,0
405.tiff,find_and_suppress,1668,895.0,4332.0,0.5508516,0.0,False,1.0,non_human_findings,-1,0
405.tiff,find_and_suppress,1669,3562.0,3693.0,0.55081475,0.0,False,1.0,non_human_findings,-1,0
405.tiff,find_and_suppress,1670,3923.0,970.0,0.5508068,0.0,False,1.0,non_human_findings,-1,0
405.tiff,find_and_suppress,1671,4697.0,3723.0,0.5507743,0.0,False,1.0,non_human_findings,-1,0
405.tiff,find_and_suppress,1672,3269.0,3584.0,0.550745,0.0,False,1.0,non_human_findings,-1,0
405.tiff,find_and_suppress,1673,249.0,4150.0,0.5507406,0.0,False,1.0,non_human_findings,-1,0
405.tiff,find_and_suppress,1674,408.0,4391.0,0.55071497,0.0,False,1.0,non_human_findings,-1,0
405.tiff,find_and_suppress,1675,3232.0,4027.0,0.5507136,0.0,False,1.0,non_human_findings,-1,0
405.tiff,find_and_suppress,1676,6158.0,1910.0,0.5507108,0.0,False,1.0,non_human_findings,-1,0
405.tiff,find_and_suppress,1677,3259.0,3501.0,0.5506899,0.0,False,1.0,non_human_findings,-1,0
405.tiff,find_and_suppress,1678,5415.0,4294.0,0.55064064,0.0,False,1.0,non_human_findings,-1,0
405.tiff,find_and_suppress,1679,2394.0,3485.0,0.550609,0.0,False,1.0,non_human_findings,-1,0
405.tiff,find_and_suppress,1680,4608.0,461.0,0.5505917,0.0,False,1.0,non_human_findings,-1,0
405.tiff,find_and_suppress,1681,4696.0,3440.0,0.55048513,0.0,False,1.0,non_human_findings,-1,0
405.tiff,find_and_suppress,1682,5579.0,3815.0,0.55043334,0.0,False,1.0,non_human_findings,-1,0
405.tiff,find_and_suppress,1683,408.0,1410.0,0.5502496,0.0,False,1.0,non_human_findings,-1,0
405.tiff,find_and_suppress,1684,55.0,3813.0,0.5502426,0.0,False,1.0,non_human_findings,-1,0
405.tiff,find_and_suppress,1685,6502.0,4036.0,0.5501688,0.0,False,1.0,non_human_findings,-1,0
405.tiff,find_and_suppress,1686,3380.0,4534.0,0.5501671,0.0,False,1.0,non_human_findings,-1,0
405.tiff,find_and_suppress,1687,3860.0,3950.0,0.5501573,0.0,False,1.0,non_human_findings,-1,0
405.tiff,find_and_suppress,1688,2237.0,3915.0,0.5501272,0.0,False,1.0,non_human_findings,-1,0
405.tiff,find_and_suppress,1689,2738.0,3464.0,0.55001104,0.0,False,1.0,non_human_findings,-1,0
405.tiff,find_and_suppress,1690,2172.0,3128.0,0.5499603,0.0,False,1.0,non_human_findings,-1,0
405.tiff,find_and_suppress,1691,3868.0,1630.0,0.5499502,0.0,False,1.0,non_human_findings,-1,0
405.tiff,find_and_suppress,1692,1891.0,2833.0,0.5499157,0.0,False,1.0,non_human_findings,-1,0
405.tiff,find_and_suppress,1693,6469.0,4597.0,0.549902,0.0,False,1.0,non_human_findings,-1,0
405.tiff,find_and_suppress,1694,2250.0,1038.0,0.54981977,0.0,False,1.0,non_human_findings,-1,0
405.tiff,find_and_suppress,1695,1772.0,2775.0,0.54977334,0.0,False,1.0,non_human_findings,-1,0
405.tiff,find_and_suppress,1696,3032.0,1467.0,0.5497336,0.0,False,1.0,non_human_findings,-1,0
405.tiff,find_and_suppress,1697,2519.0,1283.0,0.54970896,0.0,False,1.0,non_human_findings,-1,0
405.tiff,find_and_suppress,1698,4398.0,1149.0,0.5497086,0.0,False,1.0,non_human_findings,-1,0
405.tiff,find_and_suppress,1699,1645.0,2778.0,0.5496956,0.0,False,1.0,non_human_findings,-1,0
405.tiff,find_and_suppress,1700,4669.0,3455.0,0.5496817,0.0,False,1.0,non_human_findings,-1,0
405.tiff,find_and_suppress,1701,2382.0,3356.0,0.54967403,0.0,False,1.0,non_human_findings,-1,0
405.tiff,find_and_suppress,1702,978.0,2291.0,0.54953545,0.0,False,1.0,non_human_findings,-1,0
405.tiff,find_and_suppress,1703,110.0,3323.0,0.54952675,0.0,False,1.0,non_human_findings,-1,0
405.tiff,find_and_suppress,1704,4925.0,2065.0,0.54948336,0.0,False,1.0,non_human_findings,-1,0
405.tiff,find_and_suppress,1705,5832.0,1701.0,0.5494742,0.0,False,1.0,non_human_findings,-1,0
405.tiff,find_and_suppress,1706,344.0,1393.0,0.54942995,0.0,False,1.0,non_human_findings,-1,0
405.tiff,find_and_suppress,1707,5601.0,1968.0,0.5494149,0.0,False,1.0,non_human_findings,-1,0
405.tiff,find_and_suppress,1708,49.0,588.0,0.5493364,0.0,False,1.0,non_human_findings,-1,0
405.tiff,find_and_suppress,1709,2846.0,3273.0,0.54926854,0.0,False,1.0,non_human_findings,-1,0
405.tiff,find_and_suppress,1710,2917.0,3192.0,0.54925025,0.0,False,1.0,non_human_findings,-1,0
405.tiff,find_and_suppress,1711,4265.0,1797.0,0.5492271,0.0,False,1.0,non_human_findings,-1,0
405.tiff,find_and_suppress,1712,4826.0,4490.0,0.54920757,0.0,False,1.0,non_human_findings,-1,0
405.tiff,find_and_suppress,1713,2375.0,2564.0,0.54916215,0.0,False,1.0,non_human_findings,-1,0
405.tiff,find_and_suppress,1714,2403.0,3958.0,0.54912704,0.0,False,1.0,non_human_findings,-1,0
405.tiff,find_and_suppress,1715,2739.0,3153.0,0.5491011,0.0,False,1.0,non_human_findings,-1,0
405.tiff,find_and_suppress,1716,3062.0,2311.0,0.549049,0.0,False,1.0,non_human_findings,-1,0
405.tiff,find_and_suppress,1717,1668.0,2386.0,0.54904157,0.0,False,1.0,non_human_findings,-1,0
405.tiff,find_and_suppress,1718,2726.0,1802.0,0.5490167,0.0,False,1.0,non_human_findings,-1,0
405.tiff,find_and_suppress,1719,5589.0,3051.0,0.54897106,0.0,False,1.0,non_human_findings,-1,0
405.tiff,find_and_suppress,1720,5858.0,922.0,0.54892904,0.0,False,1.0,non_human_findings,-1,0
405.tiff,find_and_suppress,1721,2783.0,433.0,0.5487972,0.0,False,1.0,non_human_findings,-1,0
405.tiff,find_and_suppress,1722,1177.0,1161.0,0.5486822,0.0,False,1.0,non_human_findings,-1,0
405.tiff,find_and_suppress,1723,112.0,2851.0,0.548681,0.0,False,1.0,non_human_findings,-1,0
405.tiff,find_and_suppress,1724,1094.0,3947.0,0.5486416,0.0,False,1.0,non_human_findings,-1,0
405.tiff,find_and_suppress,1725,5133.0,752.0,0.5485482,0.0,False,1.0,non_human_findings,-1,0
405.tiff,find_and_suppress,1726,4066.0,2295.0,0.54853994,0.0,False,1.0,non_human_findings,-1,0
405.tiff,find_and_suppress,1727,3940.0,1560.0,0.54849386,0.0,False,1.0,non_human_findings,-1,0
405.tiff,find_and_suppress,1728,5175.0,2081.0,0.548354,0.0,False,1.0,non_human_findings,-1,0
405.tiff,find_and_suppress,1729,4627.0,4788.0,0.5483509,0.0,False,1.0,non_human_findings,-1,0
405.tiff,find_and_suppress,1730,5229.0,3173.0,0.5483138,0.0,False,1.0,non_human_findings,-1,0
405.tiff,find_and_suppress,1731,5291.0,174.0,0.5482508,0.0,False,1.0,non_human_findings,-1,0
405.tiff,find_and_suppress,1732,331.0,362.0,0.5482342,0.0,False,1.0,non_human_findings,-1,0
405.tiff,find_and_suppress,1733,280.0,1675.0,0.54820246,0.0,False,1.0,non_human_findings,-1,0
405.tiff,find_and_suppress,1734,3811.0,2071.0,0.5481942,0.0,False,1.0,non_human_findings,-1,0
405.tiff,find_and_suppress,1735,5563.0,4646.0,0.54811,0.0,False,1.0,non_human_findings,-1,0
405.tiff,find_and_suppress,1736,4168.0,1205.0,0.548085,0.0,False,1.0,non_human_findings,-1,0
405.tiff,find_and_suppress,1737,5049.0,1597.0,0.5479677,0.0,False,1.0,non_human_findings,-1,0
405.tiff,find_and_suppress,1738,6484.0,1003.0,0.54795045,0.0,False,1.0,non_human_findings,-1,0
405.tiff,find_and_suppress,1739,6523.0,3336.0,0.5478869,0.0,False,1.0,non_human_findings,-1,0
405.tiff,find_and_suppress,1740,542.0,2359.0,0.54783976,0.0,False,1.0,non_human_findings,-1,0
405.tiff,find_and_suppress,1741,1114.0,1869.0,0.547823,0.0,False,1.0,non_human_findings,-1,0
405.tiff,find_and_suppress,1742,889.0,3880.0,0.5476375,0.0,False,1.0,non_human_findings,-1,0
405.tiff,find_and_suppress,1743,6513.0,1325.0,0.5476009,0.0,False,1.0,non_human_findings,-1,0
405.tiff,find_and_suppress,1744,3564.0,816.0,0.5475982,0.0,False,1.0,non_human_findings,-1,0
405.tiff,find_and_suppress,1745,4310.0,1012.0,0.54753655,0.0,False,1.0,non_human_findings,-1,0
405.tiff,find_and_suppress,1746,5791.0,3793.0,0.54751223,0.0,False,1.0,non_human_findings,-1,0
405.tiff,find_and_suppress,1747,6466.0,3017.0,0.5474996,0.0,False,1.0,non_human_findings,-1,0
405.tiff,find_and_suppress,1748,5934.0,4839.0,0.54739654,0.0,False,1.0,non_human_findings,-1,0
405.tiff,find_and_suppress,1749,3845.0,1914.0,0.5473838,0.0,False,1.0,non_human_findings,-1,0
405.tiff,find_and_suppress,1750,3689.0,2448.0,0.5472485,0.0,False,1.0,non_human_findings,-1,0
405.tiff,find_and_suppress,1751,3213.0,4565.0,0.5471776,0.0,False,1.0,non_human_findings,-1,0
405.tiff,find_and_suppress,1752,1805.0,447.0,0.5470796,0.0,False,1.0,non_human_findings,-1,0
405.tiff,find_and_suppress,1753,5703.0,4548.0,0.5470333,0.0,False,1.0,non_human_findings,-1,0
405.tiff,find_and_suppress,1754,127.0,1413.0,0.5470169,0.0,False,1.0,non_human_findings,-1,0
405.tiff,find_and_suppress,1755,3121.0,3940.0,0.5470159,0.0,False,1.0,non_human_findings,-1,0
405.tiff,find_and_suppress,1756,1669.0,792.0,0.547009,0.0,False,1.0,non_human_findings,-1,0
405.tiff,find_and_suppress,1757,6048.0,995.0,0.54699045,0.0,False,1.0,non_human_findings,-1,0
405.tiff,find_and_suppress,1758,5853.0,1639.0,0.5469712,0.0,False,1.0,non_human_findings,-1,0
405.tiff,find_and_suppress,1759,5602.0,4900.0,0.54694915,0.0,False,1.0,non_human_findings,-1,0
405.tiff,find_and_suppress,1760,3098.0,4269.0,0.5469159,0.0,False,1.0,non_human_findings,-1,0
405.tiff,find_and_suppress,1761,4369.0,3607.0,0.54687685,0.0,False,1.0,non_human_findings,-1,0
405.tiff,find_and_suppress,1762,510.0,1542.0,0.5468548,0.0,False,1.0,non_human_findings,-1,0
405.tiff,find_and_suppress,1763,1234.0,4739.0,0.54681104,0.0,False,1.0,non_human_findings,-1,0
405.tiff,find_and_suppress,1764,5806.0,2256.0,0.5467134,0.0,False,1.0,non_human_findings,-1,0
405.tiff,find_and_suppress,1765,3556.0,2084.0,0.5466802,0.0,False,1.0,non_human_findings,-1,0
405.tiff,find_and_suppress,1766,3519.0,3499.0,0.5466719,0.0,False,1.0,non_human_findings,-1,0
405.tiff,find_and_suppress,1767,2330.0,70.0,0.5466639,0.0,False,1.0,non_human_findings,-1,0
405.tiff,find_and_suppress,1768,3268.0,2556.0,0.5465632,0.0,False,1.0,non_human_findings,-1,0
405.tiff,find_and_suppress,1769,5534.0,1777.0,0.5465629,0.0,False,1.0,non_human_findings,-1,0
405.tiff,find_and_suppress,1770,880.0,3467.0,0.54649323,0.0,False,1.0,non_human_findings,-1,0
405.tiff,find_and_suppress,1771,2648.0,954.0,0.546477,0.0,False,1.0,non_human_findings,-1,0
405.tiff,find_and_suppress,1772,3226.0,320.0,0.5464374,0.0,False,1.0,non_human_findings,-1,0
405.tiff,find_and_suppress,1773,1060.0,1733.0,0.54632884,0.0,False,1.0,non_human_findings,-1,0
405.tiff,find_and_suppress,1774,4044.0,2105.0,0.54629374,0.0,False,1.0,non_human_findings,-1,0
405.tiff,find_and_suppress,1775,629.0,849.0,0.54625577,0.0,False,1.0,non_human_findings,-1,0
405.tiff,find_and_suppress,1776,48.0,336.0,0.54612434,0.0,False,1.0,non_human_findings,-1,0
405.tiff,find_and_suppress,1777,386.0,3891.0,0.5460684,0.0,False,1.0,non_human_findings,-1,0
405.tiff,find_and_suppress,1778,3835.0,1863.0,0.5459678,0.0,False,1.0,non_human_findings,-1,0
405.tiff,find_and_suppress,1779,752.0,2617.0,0.5459112,0.0,False,1.0,non_human_findings,-1,0
405.tiff,find_and_suppress,1780,4092.0,574.0,0.54585415,0.0,False,1.0,non_human_findings,-1,0
405.tiff,find_and_suppress,1781,1156.0,1473.0,0.54584455,0.0,False,1.0,non_human_findings,-1,0
405.tiff,find_and_suppress,1782,806.0,727.0,0.5458265,0.0,False,1.0,non_human_findings,-1,0
405.tiff,find_and_suppress,1783,3773.0,2784.0,0.5455617,0.0,False,1.0,non_human_findings,-1,0
405.tiff,find_and_suppress,1784,4641.0,165.0,0.54550755,0.0,False,1.0,non_human_findings,-1,0
405.tiff,find_and_suppress,1785,2868.0,4720.0,0.54546326,0.0,False,1.0,non_human_findings,-1,0
405.tiff,find_and_suppress,1786,6501.0,1956.0,0.54543984,0.0,False,1.0,non_human_findings,-1,0
405.tiff,find_and_suppress,1787,6289.0,4479.0,0.5453781,0.0,False,1.0,non_human_findings,-1,0
405.tiff,find_and_suppress,1788,3772.0,517.0,0.54520684,0.0,False,1.0,non_human_findings,-1,0
405.tiff,find_and_suppress,1789,1471.0,4196.0,0.5451842,0.0,False,1.0,non_human_findings,-1,0
405.tiff,find_and_suppress,1790,3271.0,430.0,0.54502213,0.0,False,1.0,non_human_findings,-1,0
405.tiff,find_and_suppress,1791,4306.0,2506.0,0.5449721,0.0,False,1.0,non_human_findings,-1,0
405.tiff,find_and_suppress,1792,5085.0,2422.0,0.54493535,0.0,False,1.0,non_human_findings,-1,0
405.tiff,find_and_suppress,1793,4413.0,2771.0,0.54491526,0.0,False,1.0,non_human_findings,-1,0
405.tiff,find_and_suppress,1794,4731.0,3758.0,0.54490626,0.0,False,1.0,non_human_findings,-1,0
405.tiff,find_and_suppress,1795,5937.0,3122.0,0.54483664,0.0,False,1.0,non_human_findings,-1,0
405.tiff,find_and_suppress,1796,2078.0,482.0,0.5447972,0.0,False,1.0,non_human_findings,-1,0
405.tiff,find_and_suppress,1797,1763.0,255.0,0.5447926,0.0,False,1.0,non_human_findings,-1,0
405.tiff,find_and_suppress,1798,4622.0,2356.0,0.54478735,0.0,False,1.0,non_human_findings,-1,0
405.tiff,find_and_suppress,1799,1017.0,612.0,0.5446943,0.0,False,1.0,non_human_findings,-1,0
405.tiff,find_and_suppress,1800,6243.0,4756.0,0.54468215,0.0,False,1.0,non_human_findings,-1,0
405.tiff,find_and_suppress,1801,32.0,890.0,0.5446577,0.0,False,1.0,non_human_findings,-1,0
405.tiff,find_and_suppress,1802,138.0,3012.0,0.54459476,0.0,False,1.0,non_human_findings,-1,0
405.tiff,find_and_suppress,1803,108.0,1836.0,0.54458666,0.0,False,1.0,non_human_findings,-1,0
405.tiff,find_and_suppress,1804,488.0,4112.0,0.544557,0.0,False,1.0,non_human_findings,-1,0
405.tiff,find_and_suppress,1805,5113.0,3238.0,0.5444698,0.0,False,1.0,non_human_findings,-1,0
405.tiff,find_and_suppress,1806,1706.0,1251.0,0.5444613,0.0,False,1.0,non_human_findings,-1,0
405.tiff,find_and_suppress,1807,592.0,1130.0,0.5444299,0.0,False,1.0,non_human_findings,-1,0
405.tiff,find_and_suppress,1808,1417.0,1242.0,0.54442155,0.0,False,1.0,non_human_findings,-1,0
405.tiff,find_and_suppress,1809,1461.0,1470.0,0.5443665,0.0,False,1.0,non_human_findings,-1,0
405.tiff,find_and_suppress,1810,833.0,843.0,0.54425454,0.0,False,1.0,non_human_findings,-1,0
405.tiff,find_and_suppress,1811,5377.0,1859.0,0.54420596,0.0,False,1.0,non_human_findings,-1,0
405.tiff,find_and_suppress,1812,740.0,109.0,0.5441151,0.0,False,1.0,non_human_findings,-1,0
405.tiff,find_and_suppress,1813,1029.0,546.0,0.54397327,0.0,False,1.0,non_human_findings,-1,0
405.tiff,find_and_suppress,1814,3921.0,167.0,0.54397076,0.0,False,1.0,non_human_findings,-1,0
405.tiff,find_and_suppress,1815,3414.0,4791.0,0.5439068,0.0,False,1.0,non_human_findings,-1,0
405.tiff,find_and_suppress,1816,3605.0,2550.0,0.54386395,0.0,False,1.0,non_human_findings,-1,0
405.tiff,find_and_suppress,1817,4827.0,1636.0,0.5437933,0.0,False,1.0,non_human_findings,-1,0
405.tiff,find_and_suppress,1818,4209.0,1939.0,0.5437147,0.0,False,1.0,non_human_findings,-1,0
405.tiff,find_and_suppress,1819,3319.0,3607.0,0.54371274,0.0,False,1.0,non_human_findings,-1,0
405.tiff,find_and_suppress,1820,3174.0,3872.0,0.54361975,0.0,False,1.0,non_human_findings,-1,0
405.tiff,find_and_suppress,1821,2772.0,4401.0,0.5436101,0.0,False,1.0,non_human_findings,-1,0
405.tiff,find_and_suppress,1822,3303.0,567.0,0.54359365,0.0,False,1.0,non_human_findings,-1,0
405.tiff,find_and_suppress,1823,2085.0,668.0,0.5435212,0.0,False,1.0,non_human_findings,-1,0
405.tiff,find_and_suppress,1824,6245.0,1510.0,0.5434786,0.0,False,1.0,non_human_findings,-1,0
405.tiff,find_and_suppress,1825,5335.0,3660.0,0.54347265,0.0,False,1.0,non_human_findings,-1,0
405.tiff,find_and_suppress,1826,6119.0,4547.0,0.543415,0.0,False,1.0,non_human_findings,-1,0
405.tiff,find_and_suppress,1827,2132.0,4316.0,0.5434097,0.0,False,1.0,non_human_findings,-1,0
405.tiff,find_and_suppress,1828,5065.0,3908.0,0.54336125,0.0,False,1.0,non_human_findings,-1,0
405.tiff,find_and_suppress,1829,76.0,1735.0,0.5433511,0.0,False,1.0,non_human_findings,-1,0
405.tiff,find_and_suppress,1830,378.0,3451.0,0.54331267,0.0,False,1.0,non_human_findings,-1,0
405.tiff,find_and_suppress,1831,1897.0,699.0,0.54330766,0.0,False,1.0,non_human_findings,-1,0
405.tiff,find_and_suppress,1832,340.0,3681.0,0.5431779,0.0,False,1.0,non_human_findings,-1,0
405.tiff,find_and_suppress,1833,2703.0,1614.0,0.54316795,0.0,False,1.0,non_human_findings,-1,0
405.tiff,find_and_suppress,1834,3201.0,1504.0,0.54310554,0.0,False,1.0,non_human_findings,-1,0
405.tiff,find_and_suppress,1835,415.0,4048.0,0.5429885,0.0,False,1.0,non_human_findings,-1,0
405.tiff,find_and_suppress,1836,2313.0,4516.0,0.54295224,0.0,False,1.0,non_human_findings,-1,0
405.tiff,find_and_suppress,1837,6246.0,1728.0,0.5429363,0.0,False,1.0,non_human_findings,-1,0
405.tiff,find_and_suppress,1838,2190.0,1760.0,0.54290915,0.0,False,1.0,non_human_findings,-1,0
405.tiff,find_and_suppress,1839,5436.0,2076.0,0.54284686,0.0,False,1.0,non_human_findings,-1,0
405.tiff,find_and_suppress,1840,4426.0,955.0,0.5427715,0.0,False,1.0,non_human_findings,-1,0
405.tiff,find_and_suppress,1841,4128.0,1882.0,0.5427624,0.0,False,1.0,human_correct_label,20583,1
405.tiff,find_and_suppress,1842,3730.0,384.0,0.5427431,0.0,False,1.0,non_human_findings,-1,0
405.tiff,find_and_suppress,1843,269.0,589.0,0.5427113,0.0,False,1.0,non_human_findings,-1,0
405.tiff,find_and_suppress,1844,4127.0,4164.0,0.54266083,0.0,False,1.0,non_human_findings,-1,0
405.tiff,find_and_suppress,1845,5655.0,459.0,0.542634,0.0,False,1.0,non_human_findings,-1,0
405.tiff,find_and_suppress,1846,5068.0,1714.0,0.5426149,0.0,False,1.0,non_human_findings,-1,0
405.tiff,find_and_suppress,1847,1486.0,206.0,0.5425628,0.0,False,1.0,non_human_findings,-1,0
405.tiff,find_and_suppress,1848,1359.0,2087.0,0.5425508,0.0,False,1.0,non_human_findings,-1,0
405.tiff,find_and_suppress,1849,4773.0,1791.0,0.54254305,0.0,False,1.0,non_human_findings,-1,0
405.tiff,find_and_suppress,1850,2262.0,1792.0,0.542442,0.0,False,1.0,non_human_findings,-1,0
405.tiff,find_and_suppress,1851,3555.0,2335.0,0.54234993,0.0,False,1.0,non_human_findings,-1,0
405.tiff,find_and_suppress,1852,1734.0,2230.0,0.5423281,0.0,False,1.0,non_human_findings,-1,0
405.tiff,find_and_suppress,1853,4594.0,3777.0,0.54221654,0.0,False,1.0,non_human_findings,-1,0
405.tiff,find_and_suppress,1854,4798.0,2310.0,0.5422163,0.0,False,1.0,non_human_findings,-1,0
405.tiff,find_and_suppress,1855,3283.0,1464.0,0.54220796,0.0,False,1.0,non_human_findings,-1,0
405.tiff,find_and_suppress,1856,526.0,1019.0,0.5421509,0.0,False,1.0,non_human_findings,-1,0
405.tiff,find_and_suppress,1857,4644.0,1719.0,0.54206854,0.0,False,1.0,non_human_findings,-1,0
405.tiff,find_and_suppress,1858,6229.0,2661.0,0.5419067,0.0,False,1.0,non_human_findings,-1,0
405.tiff,find_and_suppress,1859,689.0,1943.0,0.5418489,0.0,False,1.0,non_human_findings,-1,0
405.tiff,find_and_suppress,1860,1044.0,3095.0,0.54181886,0.0,False,1.0,non_human_findings,-1,0
405.tiff,find_and_suppress,1861,4078.0,4576.0,0.5417763,0.0,False,1.0,non_human_findings,-1,0
405.tiff,find_and_suppress,1862,2691.0,689.0,0.5417719,0.0,False,1.0,non_human_findings,-1,0
405.tiff,find_and_suppress,1863,5486.0,3186.0,0.5417582,0.0,False,1.0,non_human_findings,-1,0
405.tiff,find_and_suppress,1864,1610.0,2055.0,0.5416868,0.0,False,1.0,non_human_findings,-1,0
405.tiff,find_and_suppress,1865,4317.0,2799.0,0.54152817,0.0,False,1.0,non_human_findings,-1,0
405.tiff,find_and_suppress,1866,2824.0,2456.0,0.5414577,0.0,False,1.0,non_human_findings,-1,0
405.tiff,find_and_suppress,1867,757.0,1875.0,0.54135114,0.0,False,1.0,non_human_findings,-1,0
405.tiff,find_and_suppress,1868,5545.0,175.0,0.54125804,0.0,False,1.0,non_human_findings,-1,0
405.tiff,find_and_suppress,1869,817.0,2843.0,0.5412566,0.0,False,1.0,non_human_findings,-1,0
405.tiff,find_and_suppress,1870,2086.0,4098.0,0.5412434,0.0,False,1.0,non_human_findings,-1,0
405.tiff,find_and_suppress,1871,2040.0,4615.0,0.5412163,0.0,False,1.0,non_human_findings,-1,0
405.tiff,find_and_suppress,1872,472.0,3566.0,0.54119134,0.0,False,1.0,non_human_findings,-1,0
405.tiff,find_and_suppress,1873,4466.0,3929.0,0.5411564,0.0,False,1.0,non_human_findings,-1,0
405.tiff,find_and_suppress,1874,4263.0,4353.0,0.5410585,0.0,False,1.0,non_human_findings,-1,0
405.tiff,find_and_suppress,1875,3339.0,2395.0,0.5410543,0.0,False,1.0,non_human_findings,-1,0
405.tiff,find_and_suppress,1876,1975.0,3796.0,0.5410338,0.0,False,1.0,non_human_findings,-1,0
405.tiff,find_and_suppress,1877,2497.0,3115.0,0.5409579,0.0,False,1.0,non_human_findings,-1,0
405.tiff,find_and_suppress,1878,2640.0,2692.0,0.54092604,0.0,False,1.0,non_human_findings,-1,0
405.tiff,find_and_suppress,1879,2063.0,4318.0,0.5408673,0.0,False,1.0,non_human_findings,-1,0
405.tiff,find_and_suppress,1880,4821.0,683.0,0.5407763,0.0,False,1.0,non_human_findings,-1,0
405.tiff,find_and_suppress,1881,5817.0,4611.0,0.54073495,0.0,False,1.0,non_human_findings,-1,0
405.tiff,find_and_suppress,1882,4152.0,1297.0,0.54070157,0.0,False,1.0,non_human_findings,-1,0
405.tiff,find_and_suppress,1883,3588.0,1811.0,0.54069334,0.0,False,1.0,non_human_findings,-1,0
405.tiff,find_and_suppress,1884,977.0,3109.0,0.54067117,0.0,False,1.0,non_human_findings,-1,0
405.tiff,find_and_suppress,1885,3189.0,1553.0,0.5406368,0.0,False,1.0,non_human_findings,-1,0
405.tiff,find_and_suppress,1886,3339.0,468.0,0.5405884,0.0,False,1.0,non_human_findings,-1,0
405.tiff,find_and_suppress,1887,6375.0,2984.0,0.54050577,0.0,False,1.0,non_human_findings,-1,0
405.tiff,find_and_suppress,1888,1992.0,1367.0,0.5403029,0.0,False,1.0,non_human_findings,-1,0
405.tiff,find_and_suppress,1889,6110.0,2372.0,0.5402907,0.0,False,1.0,non_human_findings,-1,0
405.tiff,find_and_suppress,1890,5217.0,2973.0,0.5402388,0.0,False,1.0,non_human_findings,-1,0
405.tiff,find_and_suppress,1891,3101.0,668.0,0.5401335,0.0,False,1.0,non_human_findings,-1,0
405.tiff,find_and_suppress,1892,694.0,33.0,0.5400611,0.0,False,1.0,non_human_findings,-1,0
405.tiff,find_and_suppress,1893,5348.0,3799.0,0.53998154,0.0,False,1.0,non_human_findings,-1,0
405.tiff,find_and_suppress,1894,3710.0,936.0,0.539959,0.0,False,1.0,non_human_findings,-1,0
405.tiff,find_and_suppress,1895,1389.0,1110.0,0.53993374,0.0,False,1.0,non_human_findings,-1,0
405.tiff,find_and_suppress,1896,5115.0,817.0,0.5399235,0.0,False,1.0,non_human_findings,-1,0
405.tiff,find_and_suppress,1897,4578.0,2456.0,0.5398699,0.0,False,1.0,non_human_findings,-1,0
405.tiff,find_and_suppress,1898,571.0,3949.0,0.53984606,0.0,False,1.0,non_human_findings,-1,0
405.tiff,find_and_suppress,1899,2239.0,2344.0,0.53971523,0.0,False,1.0,non_human_findings,-1,0
405.tiff,find_and_suppress,1900,2483.0,4071.0,0.539698,0.0,False,1.0,non_human_findings,-1,0
405.tiff,find_and_suppress,1901,3489.0,731.0,0.5396525,0.0,False,1.0,non_human_findings,-1,0
405.tiff,find_and_suppress,1902,6467.0,3485.0,0.5395635,0.0,False,1.0,non_human_findings,-1,0
405.tiff,find_and_suppress,1903,1629.0,2198.0,0.53954667,0.0,False,1.0,non_human_findings,-1,0
405.tiff,find_and_suppress,1904,3232.0,2798.0,0.53954214,0.0,False,1.0,human_correct_label,20569,1
405.tiff,find_and_suppress,1905,2421.0,2029.0,0.53951955,0.0,False,1.0,non_human_findings,-1,0
405.tiff,find_and_suppress,1906,803.0,250.0,0.53951585,0.0,False,1.0,non_human_findings,-1,0
405.tiff,find_and_suppress,1907,3401.0,847.0,0.5394229,0.0,False,1.0,non_human_findings,-1,0
405.tiff,find_and_suppress,1908,689.0,2065.0,0.539309,0.0,False,1.0,non_human_findings,-1,0
405.tiff,find_and_suppress,1909,6439.0,1917.0,0.5392362,0.0,False,1.0,non_human_findings,-1,0
405.tiff,find_and_suppress,1910,1479.0,3218.0,0.5391349,0.0,False,1.0,non_human_findings,-1,0
405.tiff,find_and_suppress,1911,1034.0,3864.0,0.5390483,0.0,False,1.0,non_human_findings,-1,0
405.tiff,find_and_suppress,1912,5386.0,3773.0,0.5390344,0.0,False,1.0,non_human_findings,-1,0
405.tiff,find_and_suppress,1913,4390.0,3094.0,0.53901345,0.0,False,1.0,non_human_findings,-1,0
405.tiff,find_and_suppress,1914,482.0,227.0,0.53893924,0.0,False,1.0,non_human_findings,-1,0
405.tiff,find_and_suppress,1915,3605.0,2770.0,0.5389184,0.0,False,1.0,non_human_findings,-1,0
405.tiff,find_and_suppress,1916,4979.0,4054.0,0.5388842,0.0,False,1.0,non_human_findings,-1,0
405.tiff,find_and_suppress,1917,6389.0,4879.0,0.5388656,0.0,False,1.0,non_human_findings,-1,0
405.tiff,find_and_suppress,1918,5669.0,4807.0,0.53885394,0.0,False,1.0,non_human_findings,-1,0
405.tiff,find_and_suppress,1919,4402.0,2249.0,0.538644,0.0,False,1.0,non_human_findings,-1,0
405.tiff,find_and_suppress,1920,1611.0,3887.0,0.53858155,0.0,False,1.0,non_human_findings,-1,0
405.tiff,find_and_suppress,1921,3267.0,1875.0,0.5384754,0.0,False,1.0,non_human_findings,-1,0
405.tiff,find_and_suppress,1922,3025.0,177.0,0.5384516,0.0,False,1.0,non_human_findings,-1,0
405.tiff,find_and_suppress,1923,5650.0,2073.0,0.5383964,0.0,False,1.0,non_human_findings,-1,0
405.tiff,find_and_suppress,1924,1416.0,4424.0,0.5383937,0.0,False,1.0,non_human_findings,-1,0
405.tiff,find_and_suppress,1925,4812.0,4446.0,0.53837013,0.0,False,1.0,non_human_findings,-1,0
405.tiff,find_and_suppress,1926,2072.0,27.0,0.53836167,0.0,False,1.0,non_human_findings,-1,0
405.tiff,find_and_suppress,1927,2339.0,2411.0,0.53833145,0.0,False,1.0,non_human_findings,-1,0
405.tiff,find_and_suppress,1928,5935.0,3635.0,0.53827465,0.0,False,1.0,non_human_findings,-1,0
405.tiff,find_and_suppress,1929,2430.0,1479.0,0.538266,0.0,False,1.0,non_human_findings,-1,0
405.tiff,find_and_suppress,1930,1532.0,1642.0,0.53825366,0.0,False,1.0,non_human_findings,-1,0
405.tiff,find_and_suppress,1931,2361.0,3766.0,0.5382536,0.0,False,1.0,non_human_findings,-1,0
405.tiff,find_and_suppress,1932,5700.0,4792.0,0.53819656,0.0,False,1.0,non_human_findings,-1,0
405.tiff,find_and_suppress,1933,4589.0,341.0,0.5381829,0.0,False,1.0,non_human_findings,-1,0
405.tiff,find_and_suppress,1934,1198.0,117.0,0.53807014,0.0,False,1.0,non_human_findings,-1,0
405.tiff,find_and_suppress,1935,5965.0,2268.0,0.5380523,0.0,False,1.0,non_human_findings,-1,0
405.tiff,find_and_suppress,1936,5164.0,1534.0,0.53802335,0.0,False,1.0,non_human_findings,-1,0
405.tiff,find_and_suppress,1937,368.0,3623.0,0.53801006,0.0,False,1.0,non_human_findings,-1,0
405.tiff,find_and_suppress,1938,1286.0,1030.0,0.53798294,0.0,False,1.0,non_human_findings,-1,0
405.tiff,find_and_suppress,1939,1246.0,1834.0,0.5379706,0.0,False,1.0,non_human_findings,-1,0
405.tiff,find_and_suppress,1940,983.0,2070.0,0.53790724,0.0,False,1.0,non_human_findings,-1,0
405.tiff,find_and_suppress,1941,5306.0,2216.0,0.53785753,0.0,False,1.0,non_human_findings,-1,0
405.tiff,find_and_suppress,1942,1956.0,1377.0,0.5378536,0.0,False,1.0,non_human_findings,-1,0
405.tiff,find_and_suppress,1943,2106.0,4280.0,0.5378197,0.0,False,1.0,non_human_findings,-1,0
405.tiff,find_and_suppress,1944,4696.0,4567.0,0.537807,0.0,False,1.0,non_human_findings,-1,0
405.tiff,find_and_suppress,1945,1873.0,4073.0,0.5378055,0.0,False,1.0,non_human_findings,-1,0
405.tiff,find_and_suppress,1946,4525.0,4635.0,0.5377873,0.0,False,1.0,non_human_findings,-1,0
405.tiff,find_and_suppress,1947,267.0,3996.0,0.53774697,0.0,False,1.0,non_human_findings,-1,0
405.tiff,find_and_suppress,1948,5421.0,3279.0,0.5377217,0.0,False,1.0,non_human_findings,-1,0
405.tiff,find_and_suppress,1949,1391.0,4570.0,0.53766185,0.0,False,1.0,non_human_findings,-1,0
405.tiff,find_and_suppress,1950,3256.0,2474.0,0.53762734,0.0,False,1.0,non_human_findings,-1,0
405.tiff,find_and_suppress,1951,1970.0,127.0,0.53760445,0.0,False,1.0,non_human_findings,-1,0
405.tiff,find_and_suppress,1952,1370.0,1374.0,0.53758353,0.0,False,1.0,non_human_findings,-1,0
405.tiff,find_and_suppress,1953,1070.0,1688.0,0.53754777,0.0,False,1.0,non_human_findings,-1,0
405.tiff,find_and_suppress,1954,597.0,1431.0,0.5374997,0.0,False,1.0,non_human_findings,-1,0
405.tiff,find_and_suppress,1955,902.0,1385.0,0.5374991,0.0,False,1.0,non_human_findings,-1,0
405.tiff,find_and_suppress,1956,5303.0,1237.0,0.5374398,0.0,False,1.0,non_human_findings,-1,0
405.tiff,find_and_suppress,1957,3865.0,1574.0,0.5374027,0.0,False,1.0,non_human_findings,-1,0
405.tiff,find_and_suppress,1958,6142.0,3400.0,0.53739923,0.0,False,1.0,non_human_findings,-1,0
405.tiff,find_and_suppress,1959,699.0,1992.0,0.5373301,0.0,False,1.0,non_human_findings,-1,0
405.tiff,find_and_suppress,1960,5262.0,1885.0,0.53721064,0.0,False,1.0,non_human_findings,-1,0
405.tiff,find_and_suppress,1961,6273.0,744.0,0.5372089,0.0,False,1.0,non_human_findings,-1,0
405.tiff,find_and_suppress,1962,2737.0,1194.0,0.5371918,0.0,False,1.0,non_human_findings,-1,0
405.tiff,find_and_suppress,1963,4199.0,385.0,0.5371629,0.0,False,1.0,non_human_findings,-1,0
405.tiff,find_and_suppress,1964,2284.0,2310.0,0.53710634,0.0,False,1.0,non_human_findings,-1,0
405.tiff,find_and_suppress,1965,5623.0,2797.0,0.5369627,0.0,False,1.0,non_human_findings,-1,0
405.tiff,find_and_suppress,1966,2639.0,4184.0,0.53694224,0.0,False,1.0,non_human_findings,-1,0
405.tiff,find_and_suppress,1967,5370.0,1951.0,0.5369301,0.0,False,1.0,non_human_findings,-1,0
405.tiff,find_and_suppress,1968,2519.0,1179.0,0.5368884,0.0,False,1.0,non_human_findings,-1,0
405.tiff,find_and_suppress,1969,572.0,1845.0,0.5368444,0.0,False,1.0,non_human_findings,-1,0
405.tiff,find_and_suppress,1970,983.0,4328.0,0.536763,0.0,False,1.0,non_human_findings,-1,0
405.tiff,find_and_suppress,1971,1582.0,3126.0,0.5366673,0.0,False,1.0,non_human_findings,-1,0
405.tiff,find_and_suppress,1972,647.0,1946.0,0.5366124,0.0,False,1.0,non_human_findings,-1,0
405.tiff,find_and_suppress,1973,5805.0,3978.0,0.53660667,0.0,False,1.0,non_human_findings,-1,0
405.tiff,find_and_suppress,1974,6343.0,1211.0,0.53652716,0.0,False,1.0,non_human_findings,-1,0
405.tiff,find_and_suppress,1975,4547.0,2319.0,0.5364282,0.0,False,1.0,non_human_findings,-1,0
405.tiff,find_and_suppress,1976,4305.0,2978.0,0.5364042,0.0,False,1.0,non_human_findings,-1,0
405.tiff,find_and_suppress,1977,5838.0,3622.0,0.5363754,0.0,False,1.0,non_human_findings,-1,0
405.tiff,find_and_suppress,1978,5815.0,2073.0,0.53633493,0.0,False,1.0,non_human_findings,-1,0
405.tiff,find_and_suppress,1979,1281.0,530.0,0.53628,0.0,False,1.0,non_human_findings,-1,0
405.tiff,find_and_suppress,1980,2566.0,2810.0,0.5362541,0.0,False,1.0,non_human_findings,-1,0
405.tiff,find_and_suppress,1981,186.0,1955.0,0.5362231,0.0,False,1.0,non_human_findings,-1,0
405.tiff,find_and_suppress,1982,5808.0,2893.0,0.5361424,0.0,False,1.0,non_human_findings,-1,0
405.tiff,find_and_suppress,1983,4947.0,2967.0,0.53607225,0.0,False,1.0,non_human_findings,-1,0
405.tiff,find_and_suppress,1984,977.0,83.0,0.53603727,0.0,False,1.0,non_human_findings,-1,0
405.tiff,find_and_suppress,1985,6028.0,800.0,0.53602487,0.0,False,1.0,non_human_findings,-1,0
405.tiff,find_and_suppress,1986,326.0,3881.0,0.5360191,0.0,False,1.0,non_human_findings,-1,0
405.tiff,find_and_suppress,1987,5949.0,1977.0,0.53601456,0.0,False,1.0,non_human_findings,-1,0
405.tiff,find_and_suppress,1988,5994.0,1231.0,0.5360042,0.0,False,1.0,non_human_findings,-1,0
405.tiff,find_and_suppress,1989,3174.0,3331.0,0.53594875,0.0,False,1.0,non_human_findings,-1,0
405.tiff,find_and_suppress,1990,1106.0,1564.0,0.535833,0.0,False,1.0,non_human_findings,-1,0
405.tiff,find_and_suppress,1991,4451.0,758.0,0.535765,0.0,False,1.0,non_human_findings,-1,0
405.tiff,find_and_suppress,1992,6335.0,3534.0,0.53561276,0.0,False,1.0,non_human_findings,-1,0
405.tiff,find_and_suppress,1993,6364.0,4644.0,0.53561074,0.0,False,1.0,non_human_findings,-1,0
405.tiff,find_and_suppress,1994,6270.0,166.0,0.5355604,0.0,False,1.0,non_human_findings,-1,0
405.tiff,find_and_suppress,1995,2213.0,1841.0,0.53548765,0.0,False,1.0,non_human_findings,-1,0
405.tiff,find_and_suppress,1996,494.0,1161.0,0.53548056,0.0,False,1.0,non_human_findings,-1,0
405.tiff,find_and_suppress,1997,3957.0,4882.0,0.53544927,0.0,False,1.0,non_human_findings,-1,0
405.tiff,find_and_suppress,1998,5639.0,2157.0,0.53536355,0.0,False,1.0,non_human_findings,-1,0
405.tiff,find_and_suppress,1999,950.0,628.0,0.5353435,0.0,False,1.0,non_human_findings,-1,0
405.tiff,find_and_suppress,2000,3805.0,707.0,0.5353246,0.0,False,1.0,non_human_findings,-1,0
405.tiff,find_and_suppress,2001,39.0,848.0,0.535277,0.0,False,1.0,non_human_findings,-1,0
405.tiff,find_and_suppress,2002,26.0,2028.0,0.53527504,0.0,False,1.0,non_human_findings,-1,0
405.tiff,find_and_suppress,2003,5202.0,2156.0,0.5352504,0.0,False,1.0,non_human_findings,-1,0
405.tiff,find_and_suppress,2004,1982.0,2559.0,0.5352275,0.0,False,1.0,non_human_findings,-1,0
405.tiff,find_and_suppress,2005,1583.0,3035.0,0.53521043,0.0,False,1.0,non_human_findings,-1,0
405.tiff,find_and_suppress,2006,5969.0,1677.0,0.53515077,0.0,False,1.0,non_human_findings,-1,0
405.tiff,find_and_suppress,2007,6068.0,1777.0,0.53513473,0.0,False,1.0,non_human_findings,-1,0
405.tiff,find_and_suppress,2008,4643.0,2183.0,0.5351114,0.0,False,1.0,non_human_findings,-1,0
405.tiff,find_and_suppress,2009,2767.0,4652.0,0.5350868,0.0,False,1.0,non_human_findings,-1,0
405.tiff,find_and_suppress,2010,1043.0,2082.0,0.5350716,0.0,False,1.0,non_human_findings,-1,0
405.tiff,find_and_suppress,2011,1549.0,807.0,0.53504467,0.0,False,1.0,non_human_findings,-1,0
405.tiff,find_and_suppress,2012,3856.0,945.0,0.53502893,0.0,False,1.0,non_human_findings,-1,0
405.tiff,find_and_suppress,2013,3569.0,1013.0,0.53495306,0.0,False,1.0,non_human_findings,-1,0
405.tiff,find_and_suppress,2014,3330.0,3399.0,0.5349438,0.0,False,1.0,non_human_findings,-1,0
405.tiff,find_and_suppress,2015,1412.0,1879.0,0.53483427,0.0,False,1.0,non_human_findings,-1,0
405.tiff,find_and_suppress,2016,2251.0,670.0,0.5347251,0.0,False,1.0,non_human_findings,-1,0
405.tiff,find_and_suppress,2017,3393.0,4579.0,0.534658,0.0,False,1.0,non_human_findings,-1,0
405.tiff,find_and_suppress,2018,5857.0,2313.0,0.53459495,0.0,False,1.0,non_human_findings,-1,0
405.tiff,find_and_suppress,2019,5305.0,949.0,0.5345925,0.0,False,1.0,non_human_findings,-1,0
405.tiff,find_and_suppress,2020,5499.0,987.0,0.5345367,0.0,False,1.0,non_human_findings,-1,0
405.tiff,find_and_suppress,2021,4174.0,4418.0,0.5345181,0.0,False,1.0,non_human_findings,-1,0
405.tiff,find_and_suppress,2022,2115.0,3927.0,0.5345098,0.0,False,1.0,non_human_findings,-1,0
405.tiff,find_and_suppress,2023,433.0,3365.0,0.53436375,0.0,False,1.0,non_human_findings,-1,0
405.tiff,find_and_suppress,2024,2939.0,3264.0,0.53433764,0.0,False,1.0,non_human_findings,-1,0
405.tiff,find_and_suppress,2025,177.0,677.0,0.5343088,0.0,False,1.0,non_human_findings,-1,0
405.tiff,find_and_suppress,2026,3790.0,4331.0,0.53425807,0.0,False,1.0,non_human_findings,-1,0
405.tiff,find_and_suppress,2027,1304.0,3459.0,0.53425574,0.0,False,1.0,non_human_findings,-1,0
405.tiff,find_and_suppress,2028,1849.0,3746.0,0.53424436,0.0,False,1.0,non_human_findings,-1,0
405.tiff,find_and_suppress,2029,2296.0,538.0,0.5341942,0.0,False,1.0,non_human_findings,-1,0
405.tiff,find_and_suppress,2030,4073.0,933.0,0.53406274,0.0,False,1.0,non_human_findings,-1,0
405.tiff,find_and_suppress,2031,1578.0,754.0,0.5340446,0.0,False,1.0,non_human_findings,-1,0
405.tiff,find_and_suppress,2032,5252.0,4561.0,0.5339622,0.0,False,1.0,non_human_findings,-1,0
405.tiff,find_and_suppress,2033,3329.0,4089.0,0.5339494,0.0,False,1.0,non_human_findings,-1,0
405.tiff,find_and_suppress,2034,2768.0,4835.0,0.53393805,0.0,False,1.0,non_human_findings,-1,0
405.tiff,find_and_suppress,2035,6393.0,1858.0,0.5339256,0.0,False,1.0,non_human_findings,-1,0
405.tiff,find_and_suppress,2036,2813.0,3320.0,0.5339022,0.0,False,1.0,non_human_findings,-1,0
405.tiff,find_and_suppress,2037,6501.0,113.0,0.53387123,0.0,False,1.0,non_human_findings,-1,0
405.tiff,find_and_suppress,2038,5429.0,3127.0,0.53385645,0.0,False,1.0,non_human_findings,-1,0
405.tiff,find_and_suppress,2039,1571.0,1909.0,0.5337428,0.0,False,1.0,non_human_findings,-1,0
405.tiff,find_and_suppress,2040,1980.0,2745.0,0.5336413,0.0,False,1.0,non_human_findings,-1,0
405.tiff,find_and_suppress,2041,789.0,2480.0,0.53359604,0.0,False,1.0,non_human_findings,-1,0
405.tiff,find_and_suppress,2042,97.0,2976.0,0.5335556,0.0,False,1.0,non_human_findings,-1,0
405.tiff,find_and_suppress,2043,3658.0,3264.0,0.5335319,0.0,False,1.0,non_human_findings,-1,0
405.tiff,find_and_suppress,2044,487.0,70.0,0.5335066,0.0,False,1.0,non_human_findings,-1,0
405.tiff,find_and_suppress,2045,4222.0,4803.0,0.533488,0.0,False,1.0,non_human_findings,-1,0
405.tiff,find_and_suppress,2046,3594.0,2170.0,0.5334769,0.0,False,1.0,non_human_findings,-1,0
405.tiff,find_and_suppress,2047,2767.0,1032.0,0.5334423,0.0,False,1.0,non_human_findings,-1,0
405.tiff,find_and_suppress,2048,382.0,2555.0,0.5334138,0.0,False,1.0,non_human_findings,-1,0
405.tiff,find_and_suppress,2049,382.0,1067.0,0.5333732,0.0,False,1.0,non_human_findings,-1,0
405.tiff,find_and_suppress,2050,263.0,4804.0,0.53335106,0.0,False,1.0,non_human_findings,-1,0
405.tiff,find_and_suppress,2051,5400.0,1256.0,0.53331363,0.0,False,1.0,non_human_findings,-1,0
405.tiff,find_and_suppress,2052,3211.0,4505.0,0.53327143,0.0,False,1.0,non_human_findings,-1,0
405.tiff,find_and_suppress,2053,2140.0,3421.0,0.53322417,0.0,False,1.0,non_human_findings,-1,0
405.tiff,find_and_suppress,2054,931.0,3540.0,0.53320974,0.0,False,1.0,non_human_findings,-1,0
405.tiff,find_and_suppress,2055,3930.0,3215.0,0.5332059,0.0,False,1.0,non_human_findings,-1,0
405.tiff,find_and_suppress,2056,3800.0,1325.0,0.533165,0.0,False,1.0,non_human_findings,-1,0
405.tiff,find_and_suppress,2057,3714.0,3874.0,0.53313786,0.0,False,1.0,non_human_findings,-1,0
405.tiff,find_and_suppress,2058,797.0,4623.0,0.5331025,0.0,False,1.0,non_human_findings,-1,0
405.tiff,find_and_suppress,2059,4661.0,2570.0,0.5330773,0.0,False,1.0,non_human_findings,-1,0
405.tiff,find_and_suppress,2060,3611.0,628.0,0.53307134,0.0,False,1.0,non_human_findings,-1,0
405.tiff,find_and_suppress,2061,5926.0,198.0,0.53306556,0.0,False,1.0,non_human_findings,-1,0
405.tiff,find_and_suppress,2062,1456.0,4236.0,0.53288347,0.0,False,1.0,non_human_findings,-1,0
405.tiff,find_and_suppress,2063,6460.0,2064.0,0.53276396,0.0,False,1.0,non_human_findings,-1,0
405.tiff,find_and_suppress,2064,3972.0,1944.0,0.53274393,0.0,False,1.0,non_human_findings,-1,0
405.tiff,find_and_suppress,2065,2705.0,2753.0,0.53272486,0.0,False,1.0,non_human_findings,-1,0
405.tiff,find_and_suppress,2066,1536.0,1067.0,0.5327109,0.0,False,1.0,non_human_findings,-1,0
405.tiff,find_and_suppress,2067,430.0,906.0,0.5326327,0.0,False,1.0,non_human_findings,-1,0
405.tiff,find_and_suppress,2068,971.0,2330.0,0.53262925,0.0,False,1.0,non_human_findings,-1,0
405.tiff,find_and_suppress,2069,4560.0,4628.0,0.5325585,0.0,False,1.0,non_human_findings,-1,0
405.tiff,find_and_suppress,2070,4686.0,3350.0,0.5325577,0.0,False,1.0,non_human_findings,-1,0
405.tiff,find_and_suppress,2071,2718.0,1889.0,0.53251296,0.0,False,1.0,non_human_findings,-1,0
405.tiff,find_and_suppress,2072,5299.0,883.0,0.5324976,0.0,False,1.0,non_human_findings,-1,0
405.tiff,find_and_suppress,2073,3745.0,2645.0,0.5324688,0.0,False,1.0,non_human_findings,-1,0
405.tiff,find_and_suppress,2074,5305.0,2544.0,0.5323956,0.0,False,1.0,non_human_findings,-1,0
405.tiff,find_and_suppress,2075,4376.0,823.0,0.53237796,0.0,False,1.0,non_human_findings,-1,0
405.tiff,find_and_suppress,2076,1104.0,1434.0,0.5323454,0.0,False,1.0,non_human_findings,-1,0
405.tiff,find_and_suppress,2077,965.0,4717.0,0.53231597,0.0,False,1.0,non_human_findings,-1,0
405.tiff,find_and_suppress,2078,5888.0,4540.0,0.5323005,0.0,False,1.0,non_human_findings,-1,0
405.tiff,find_and_suppress,2079,4230.0,947.0,0.5320502,0.0,False,1.0,non_human_findings,-1,0
405.tiff,find_and_suppress,2080,3161.0,4505.0,0.53204817,0.0,False,1.0,non_human_findings,-1,0
405.tiff,find_and_suppress,2081,4534.0,1368.0,0.532015,0.0,False,1.0,non_human_findings,-1,0
405.tiff,find_and_suppress,2082,110.0,4377.0,0.5319882,0.0,False,1.0,non_human_findings,-1,0
405.tiff,find_and_suppress,2083,4269.0,1318.0,0.5319625,0.0,False,1.0,non_human_findings,-1,0
405.tiff,find_and_suppress,2084,2288.0,4760.0,0.53195995,0.0,False,1.0,non_human_findings,-1,0
405.tiff,find_and_suppress,2085,3370.0,3247.0,0.53189975,0.0,False,1.0,non_human_findings,-1,0
405.tiff,find_and_suppress,2086,701.0,3303.0,0.531731,0.0,False,1.0,non_human_findings,-1,0
405.tiff,find_and_suppress,2087,4778.0,679.0,0.531727,0.0,False,1.0,non_human_findings,-1,0
405.tiff,find_and_suppress,2088,4113.0,4564.0,0.53168595,0.0,False,1.0,non_human_findings,-1,0
405.tiff,find_and_suppress,2089,3032.0,626.0,0.5316858,0.0,False,1.0,non_human_findings,-1,0
405.tiff,find_and_suppress,2090,5783.0,4466.0,0.5316238,0.0,False,1.0,non_human_findings,-1,0
405.tiff,find_and_suppress,2091,369.0,58.0,0.5314389,0.0,False,1.0,non_human_findings,-1,0
405.tiff,find_and_suppress,2092,1103.0,777.0,0.5314009,0.0,False,1.0,non_human_findings,-1,0
405.tiff,find_and_suppress,2093,3492.0,2273.0,0.5313508,0.0,False,1.0,non_human_findings,-1,0
405.tiff,find_and_suppress,2094,2476.0,2186.0,0.53134036,0.0,False,1.0,non_human_findings,-1,0
405.tiff,find_and_suppress,2095,4249.0,1378.0,0.5313161,0.0,False,1.0,non_human_findings,-1,0
405.tiff,find_and_suppress,2096,3740.0,2175.0,0.53128535,0.0,False,1.0,non_human_findings,-1,0
405.tiff,find_and_suppress,2097,430.0,1605.0,0.5312324,0.0,False,1.0,non_human_findings,-1,0
405.tiff,find_and_suppress,2098,3076.0,3061.0,0.5311774,0.0,False,1.0,non_human_findings,-1,0
405.tiff,find_and_suppress,2099,1567.0,3354.0,0.53116626,0.0,False,1.0,non_human_findings,-1,0
405.tiff,find_and_suppress,2100,5607.0,1854.0,0.53107727,0.0,False,1.0,non_human_findings,-1,0
405.tiff,find_and_suppress,2101,6269.0,3742.0,0.5310538,0.0,False,1.0,non_human_findings,-1,0
405.tiff,find_and_suppress,2102,2061.0,788.0,0.53103614,0.0,False,1.0,non_human_findings,-1,0
405.tiff,find_and_suppress,2103,3841.0,4553.0,0.53097785,0.0,False,1.0,non_human_findings,-1,0
405.tiff,find_and_suppress,2104,2985.0,1188.0,0.53096056,0.0,False,1.0,non_human_findings,-1,0
405.tiff,find_and_suppress,2105,1551.0,879.0,0.5307173,0.0,False,1.0,non_human_findings,-1,0
405.tiff,find_and_suppress,2106,2427.0,4057.0,0.5306313,0.0,False,1.0,non_human_findings,-1,0
405.tiff,find_and_suppress,2107,4235.0,629.0,0.53056693,0.0,False,1.0,non_human_findings,-1,0
405.tiff,find_and_suppress,2108,2655.0,4793.0,0.5304916,0.0,False,1.0,non_human_findings,-1,0
405.tiff,find_and_suppress,2109,4365.0,1678.0,0.5304845,0.0,False,1.0,non_human_findings,-1,0
405.tiff,find_and_suppress,2110,6041.0,1654.0,0.53045005,0.0,False,1.0,non_human_findings,-1,0
405.tiff,find_and_suppress,2111,829.0,3059.0,0.5303925,0.0,False,1.0,non_human_findings,-1,0
405.tiff,find_and_suppress,2112,3143.0,1677.0,0.5303846,0.0,False,1.0,non_human_findings,-1,0
405.tiff,find_and_suppress,2113,3302.0,2903.0,0.5303621,0.0,False,1.0,non_human_findings,-1,0
405.tiff,find_and_suppress,2114,4853.0,470.0,0.53030425,0.0,False,1.0,non_human_findings,-1,0
405.tiff,find_and_suppress,2115,3049.0,1559.0,0.5302895,0.0,False,1.0,non_human_findings,-1,0
405.tiff,find_and_suppress,2116,2764.0,1842.0,0.53026587,0.0,False,1.0,non_human_findings,-1,0
405.tiff,find_and_suppress,2117,4259.0,2730.0,0.5302193,0.0,False,1.0,non_human_findings,-1,0
405.tiff,find_and_suppress,2118,2833.0,1100.0,0.530125,0.0,False,1.0,non_human_findings,-1,0
405.tiff,find_and_suppress,2119,2832.0,3188.0,0.53006464,0.0,False,1.0,non_human_findings,-1,0
405.tiff,find_and_suppress,2120,895.0,1215.0,0.5299988,0.0,False,1.0,non_human_findings,-1,0
405.tiff,find_and_suppress,2121,1170.0,1063.0,0.52994406,0.0,False,1.0,non_human_findings,-1,0
405.tiff,find_and_suppress,2122,544.0,1218.0,0.5299335,0.0,False,1.0,non_human_findings,-1,0
405.tiff,find_and_suppress,2123,4742.0,4686.0,0.529915,0.0,False,1.0,non_human_findings,-1,0
405.tiff,find_and_suppress,2124,248.0,1431.0,0.5297696,0.0,False,1.0,non_human_findings,-1,0
405.tiff,find_and_suppress,2125,3958.0,4339.0,0.529748,0.0,False,1.0,non_human_findings,-1,0
405.tiff,find_and_suppress,2126,5267.0,1435.0,0.52969277,0.0,False,1.0,non_human_findings,-1,0
405.tiff,find_and_suppress,2127,3748.0,4091.0,0.52954865,0.0,False,1.0,non_human_findings,-1,0
405.tiff,find_and_suppress,2128,4941.0,29.0,0.52938485,0.0,False,1.0,non_human_findings,-1,0
405.tiff,find_and_suppress,2129,2911.0,1459.0,0.5293318,0.0,False,1.0,non_human_findings,-1,0
405.tiff,find_and_suppress,2130,5370.0,4321.0,0.5293206,0.0,False,1.0,non_human_findings,-1,0
405.tiff,find_and_suppress,2131,2652.0,4718.0,0.5292807,0.0,False,1.0,non_human_findings,-1,0
405.tiff,find_and_suppress,2132,6087.0,2096.0,0.52925,0.0,False,1.0,non_human_findings,-1,0
405.tiff,find_and_suppress,2133,5083.0,3096.0,0.52916604,0.0,False,1.0,non_human_findings,-1,0
405.tiff,find_and_suppress,2134,4312.0,854.0,0.52915925,0.0,False,1.0,non_human_findings,-1,0
405.tiff,find_and_suppress,2135,6514.0,1057.0,0.5290975,0.0,False,1.0,non_human_findings,-1,0
405.tiff,find_and_suppress,2136,6237.0,1443.0,0.52901894,0.0,False,1.0,non_human_findings,-1,0
405.tiff,find_and_suppress,2137,3080.0,1595.0,0.5289876,0.0,False,1.0,non_human_findings,-1,0
405.tiff,find_and_suppress,2138,3034.0,85.0,0.52896833,0.0,False,1.0,non_human_findings,-1,0
405.tiff,find_and_suppress,2139,2888.0,739.0,0.5288944,0.0,False,1.0,non_human_findings,-1,0
405.tiff,find_and_suppress,2140,3218.0,2728.0,0.52887464,0.0,False,1.0,non_human_findings,-1,0
405.tiff,find_and_suppress,2141,451.0,2742.0,0.5288336,0.0,False,1.0,non_human_findings,-1,0
405.tiff,find_and_suppress,2142,1198.0,4201.0,0.5288075,0.0,False,1.0,non_human_findings,-1,0
405.tiff,find_and_suppress,2143,1554.0,311.0,0.5287198,0.0,False,1.0,non_human_findings,-1,0
405.tiff,find_and_suppress,2144,533.0,864.0,0.52871114,0.0,False,1.0,non_human_findings,-1,0
405.tiff,find_and_suppress,2145,2428.0,531.0,0.5286178,0.0,False,1.0,non_human_findings,-1,0
405.tiff,find_and_suppress,2146,1542.0,383.0,0.52859473,0.0,False,1.0,non_human_findings,-1,0
405.tiff,find_and_suppress,2147,772.0,900.0,0.52855337,0.0,False,1.0,non_human_findings,-1,0
405.tiff,find_and_suppress,2148,2355.0,1330.0,0.528524,0.0,False,1.0,non_human_findings,-1,0
405.tiff,find_and_suppress,2149,5703.0,2280.0,0.5284806,0.0,False,1.0,non_human_findings,-1,0
405.tiff,find_and_suppress,2150,3064.0,75.0,0.52838814,0.0,False,1.0,non_human_findings,-1,0
405.tiff,find_and_suppress,2151,3389.0,3090.0,0.52833563,0.0,False,1.0,non_human_findings,-1,0
405.tiff,find_and_suppress,2152,182.0,1428.0,0.5282878,0.0,False,1.0,non_human_findings,-1,0
405.tiff,find_and_suppress,2153,1030.0,1131.0,0.5282202,0.0,False,1.0,non_human_findings,-1,0
405.tiff,find_and_suppress,2154,5764.0,111.0,0.5280804,0.0,False,1.0,non_human_findings,-1,0
405.tiff,find_and_suppress,2155,2773.0,775.0,0.5280267,0.0,False,1.0,non_human_findings,-1,0
405.tiff,find_and_suppress,2156,1705.0,2276.0,0.5279906,0.0,False,1.0,non_human_findings,-1,0
405.tiff,find_and_suppress,2157,1375.0,2673.0,0.5279664,0.0,False,1.0,non_human_findings,-1,0
405.tiff,find_and_suppress,2158,4888.0,3940.0,0.527943,0.0,False,1.0,non_human_findings,-1,0
405.tiff,find_and_suppress,2159,4083.0,2155.0,0.5279146,0.0,False,1.0,non_human_findings,-1,0
405.tiff,find_and_suppress,2160,5756.0,2628.0,0.52788603,0.0,False,1.0,non_human_findings,-1,0
405.tiff,find_and_suppress,2161,3934.0,4554.0,0.5278391,0.0,False,1.0,non_human_findings,-1,0
405.tiff,find_and_suppress,2162,4160.0,3200.0,0.5278281,0.0,False,1.0,non_human_findings,-1,0
405.tiff,find_and_suppress,2163,5893.0,985.0,0.52782273,0.0,False,1.0,non_human_findings,-1,0
405.tiff,find_and_suppress,2164,5620.0,4589.0,0.52781534,0.0,False,1.0,non_human_findings,-1,0
405.tiff,find_and_suppress,2165,4767.0,3802.0,0.5277738,0.0,False,1.0,non_human_findings,-1,0
405.tiff,find_and_suppress,2166,1705.0,4367.0,0.52768946,0.0,False,1.0,non_human_findings,-1,0
405.tiff,find_and_suppress,2167,42.0,2167.0,0.5276844,0.0,False,1.0,non_human_findings,-1,0
405.tiff,find_and_suppress,2168,4371.0,1459.0,0.5275885,0.0,False,1.0,non_human_findings,-1,0
405.tiff,find_and_suppress,2169,5769.0,2149.0,0.52753824,0.0,False,1.0,non_human_findings,-1,0
405.tiff,find_and_suppress,2170,5884.0,2299.0,0.52751684,0.0,False,1.0,non_human_findings,-1,0
405.tiff,find_and_suppress,2171,1676.0,2453.0,0.5274961,0.0,False,1.0,non_human_findings,-1,0
405.tiff,find_and_suppress,2172,2405.0,3413.0,0.5274434,0.0,False,1.0,non_human_findings,-1,0
405.tiff,find_and_suppress,2173,47.0,2946.0,0.5273822,0.0,False,1.0,non_human_findings,-1,0
405.tiff,find_and_suppress,2174,1147.0,228.0,0.5272979,0.0,False,1.0,non_human_findings,-1,0
405.tiff,find_and_suppress,2175,2241.0,2531.0,0.52728325,0.0,False,1.0,non_human_findings,-1,0
405.tiff,find_and_suppress,2176,369.0,2438.0,0.5272301,0.0,False,1.0,non_human_findings,-1,0
405.tiff,find_and_suppress,2177,5582.0,1319.0,0.52720976,0.0,False,1.0,non_human_findings,-1,0
405.tiff,find_and_suppress,2178,1040.0,4494.0,0.52713794,0.0,False,1.0,non_human_findings,-1,0
405.tiff,find_and_suppress,2179,2333.0,3115.0,0.52707857,0.0,False,1.0,non_human_findings,-1,0
405.tiff,find_and_suppress,2180,5701.0,597.0,0.5270679,0.0,False,1.0,non_human_findings,-1,0
405.tiff,find_and_suppress,2181,4421.0,4410.0,0.5269974,0.0,False,1.0,non_human_findings,-1,0
405.tiff,find_and_suppress,2182,5902.0,1162.0,0.52699685,0.0,False,1.0,non_human_findings,-1,0
405.tiff,find_and_suppress,2183,5978.0,4174.0,0.52696955,0.0,False,1.0,non_human_findings,-1,0
405.tiff,find_and_suppress,2184,4410.0,4025.0,0.5269619,0.0,False,1.0,non_human_findings,-1,0
405.tiff,find_and_suppress,2185,4099.0,784.0,0.5269174,0.0,False,1.0,non_human_findings,-1,0
405.tiff,find_and_suppress,2186,896.0,703.0,0.5269109,0.0,False,1.0,non_human_findings,-1,0
405.tiff,find_and_suppress,2187,5431.0,2985.0,0.52678025,0.0,False,1.0,non_human_findings,-1,0
405.tiff,find_and_suppress,2188,674.0,1699.0,0.5267051,0.0,False,1.0,non_human_findings,-1,0
405.tiff,find_and_suppress,2189,3743.0,868.0,0.5265279,0.0,False,1.0,non_human_findings,-1,0
405.tiff,find_and_suppress,2190,1753.0,1743.0,0.5265111,0.0,False,1.0,non_human_findings,-1,0
405.tiff,find_and_suppress,2191,5588.0,881.0,0.5264125,0.0,False,1.0,non_human_findings,-1,0
405.tiff,find_and_suppress,2192,2682.0,151.0,0.52630556,0.0,False,1.0,non_human_findings,-1,0
405.tiff,find_and_suppress,2193,5402.0,4885.0,0.5262477,0.0,False,1.0,non_human_findings,-1,0
405.tiff,find_and_suppress,2194,783.0,1998.0,0.52617526,0.0,False,1.0,non_human_findings,-1,0
405.tiff,find_and_suppress,2195,5729.0,1009.0,0.5261729,0.0,False,1.0,non_human_findings,-1,0
405.tiff,find_and_suppress,2196,1299.0,4553.0,0.5259821,0.0,False,1.0,non_human_findings,-1,0
405.tiff,find_and_suppress,2197,5305.0,1109.0,0.5259397,0.0,False,1.0,non_human_findings,-1,0
405.tiff,find_and_suppress,2198,1623.0,3437.0,0.525893,0.0,False,1.0,non_human_findings,-1,0
405.tiff,find_and_suppress,2199,4040.0,2156.0,0.5258802,0.0,False,1.0,non_human_findings,-1,0
405.tiff,find_and_suppress,2200,4189.0,2575.0,0.5256316,0.0,False,1.0,non_human_findings,-1,0
405.tiff,find_and_suppress,2201,32.0,131.0,0.52562034,0.0,False,1.0,non_human_findings,-1,0
405.tiff,find_and_suppress,2202,2883.0,1538.0,0.52558166,0.0,False,1.0,non_human_findings,-1,0
405.tiff,find_and_suppress,2203,6360.0,2201.0,0.5255496,0.0,False,1.0,non_human_findings,-1,0
405.tiff,find_and_suppress,2204,3878.0,3083.0,0.52554905,0.0,False,1.0,non_human_findings,-1,0
405.tiff,find_and_suppress,2205,3496.0,2450.0,0.5254824,0.0,False,1.0,non_human_findings,-1,0
405.tiff,find_and_suppress,2206,5533.0,2908.0,0.5254461,0.0,False,1.0,non_human_findings,-1,0
405.tiff,find_and_suppress,2207,4508.0,1163.0,0.52537626,0.0,False,1.0,non_human_findings,-1,0
405.tiff,find_and_suppress,2208,4892.0,1543.0,0.525298,0.0,False,1.0,non_human_findings,-1,0
405.tiff,find_and_suppress,2209,5214.0,2466.0,0.5252704,0.0,False,1.0,non_human_findings,-1,0
405.tiff,find_and_suppress,2210,5384.0,2345.0,0.52517384,0.0,False,1.0,non_human_findings,-1,0
405.tiff,find_and_suppress,2211,2278.0,4480.0,0.5251535,0.0,False,1.0,non_human_findings,-1,0
405.tiff,find_and_suppress,2212,4282.0,1544.0,0.5251531,0.0,False,1.0,non_human_findings,-1,0
405.tiff,find_and_suppress,2213,2679.0,365.0,0.5251291,0.0,False,1.0,non_human_findings,-1,0
405.tiff,find_and_suppress,2214,6153.0,1231.0,0.525045,0.0,False,1.0,non_human_findings,-1,0
405.tiff,find_and_suppress,2215,1374.0,832.0,0.525032,0.0,False,1.0,non_human_findings,-1,0
405.tiff,find_and_suppress,2216,3777.0,1022.0,0.52499807,0.0,False,1.0,non_human_findings,-1,0
405.tiff,find_and_suppress,2217,413.0,4575.0,0.52496356,0.0,False,1.0,non_human_findings,-1,0
405.tiff,find_and_suppress,2218,1446.0,790.0,0.52490723,0.0,False,1.0,non_human_findings,-1,0
405.tiff,find_and_suppress,2219,660.0,218.0,0.5248331,0.0,False,1.0,non_human_findings,-1,0
405.tiff,find_and_suppress,2220,525.0,61.0,0.52473336,0.0,False,1.0,non_human_findings,-1,0
405.tiff,find_and_suppress,2221,2774.0,4105.0,0.52464616,0.0,False,1.0,non_human_findings,-1,0
405.tiff,find_and_suppress,2222,5824.0,3019.0,0.5246353,0.0,False,1.0,non_human_findings,-1,0
405.tiff,find_and_suppress,2223,2668.0,830.0,0.5245833,0.0,False,1.0,non_human_findings,-1,0
405.tiff,find_and_suppress,2224,375.0,722.0,0.5244781,0.0,False,1.0,non_human_findings,-1,0
405.tiff,find_and_suppress,2225,1799.0,2402.0,0.52447003,0.0,False,1.0,non_human_findings,-1,0
405.tiff,find_and_suppress,2226,1654.0,720.0,0.52443504,0.0,False,1.0,non_human_findings,-1,0
405.tiff,find_and_suppress,2227,516.0,486.0,0.5243864,0.0,False,1.0,non_human_findings,-1,0
405.tiff,find_and_suppress,2228,3016.0,1178.0,0.5243418,0.0,False,1.0,non_human_findings,-1,0
405.tiff,find_and_suppress,2229,5960.0,878.0,0.52432823,0.0,False,1.0,non_human_findings,-1,0
405.tiff,find_and_suppress,2230,826.0,2087.0,0.5242337,0.0,False,1.0,non_human_findings,-1,0
405.tiff,find_and_suppress,2231,1783.0,3473.0,0.5242313,0.0,False,1.0,non_human_findings,-1,0
405.tiff,find_and_suppress,2232,5085.0,4170.0,0.5241974,0.0,False,1.0,non_human_findings,-1,0
405.tiff,find_and_suppress,2233,4469.0,3479.0,0.52416015,0.0,False,1.0,non_human_findings,-1,0
405.tiff,find_and_suppress,2234,3770.0,414.0,0.524126,0.0,False,1.0,non_human_findings,-1,0
405.tiff,find_and_suppress,2235,4081.0,1395.0,0.5240111,0.0,False,1.0,non_human_findings,-1,0
405.tiff,find_and_suppress,2236,6389.0,3580.0,0.52394444,0.0,False,1.0,non_human_findings,-1,0
405.tiff,find_and_suppress,2237,3391.0,916.0,0.5239356,0.0,False,1.0,non_human_findings,-1,0
405.tiff,find_and_suppress,2238,4618.0,2753.0,0.52392393,0.0,False,1.0,non_human_findings,-1,0
405.tiff,find_and_suppress,2239,3696.0,2405.0,0.5239184,0.0,False,1.0,non_human_findings,-1,0
405.tiff,find_and_suppress,2240,688.0,174.0,0.5238585,0.0,False,1.0,non_human_findings,-1,0
405.tiff,find_and_suppress,2241,6134.0,4684.0,0.5238237,0.0,False,1.0,non_human_findings,-1,0
405.tiff,find_and_suppress,2242,2974.0,4758.0,0.52367765,0.0,False,1.0,non_human_findings,-1,0
405.tiff,find_and_suppress,2243,2956.0,3476.0,0.5236688,0.0,False,1.0,non_human_findings,-1,0
405.tiff,find_and_suppress,2244,1040.0,1187.0,0.5236094,0.0,False,1.0,non_human_findings,-1,0
405.tiff,find_and_suppress,2245,5729.0,2468.0,0.5235692,0.0,False,1.0,non_human_findings,-1,0
405.tiff,find_and_suppress,2246,6335.0,3003.0,0.5234891,0.0,False,1.0,non_human_findings,-1,0
405.tiff,find_and_suppress,2247,5546.0,3878.0,0.5234678,0.0,False,1.0,non_human_findings,-1,0
405.tiff,find_and_suppress,2248,4425.0,2288.0,0.5234469,0.0,False,1.0,non_human_findings,-1,0
405.tiff,find_and_suppress,2249,1976.0,985.0,0.5233935,0.0,False,1.0,non_human_findings,-1,0
405.tiff,find_and_suppress,2250,5556.0,3008.0,0.523328,0.0,False,1.0,non_human_findings,-1,0
405.tiff,find_and_suppress,2251,268.0,4213.0,0.5232439,0.0,False,1.0,non_human_findings,-1,0
405.tiff,find_and_suppress,2252,1287.0,3873.0,0.5231642,0.0,False,1.0,non_human_findings,-1,0
405.tiff,find_and_suppress,2253,3008.0,3151.0,0.5231555,0.0,False,1.0,non_human_findings,-1,0
405.tiff,find_and_suppress,2254,3469.0,3295.0,0.52314734,0.0,False,1.0,non_human_findings,-1,0
405.tiff,find_and_suppress,2255,5179.0,3080.0,0.52311856,0.0,False,1.0,non_human_findings,-1,0
405.tiff,find_and_suppress,2256,6147.0,2625.0,0.523103,0.0,False,1.0,non_human_findings,-1,0
405.tiff,find_and_suppress,2257,1674.0,4827.0,0.5230954,0.0,False,1.0,non_human_findings,-1,0
405.tiff,find_and_suppress,2258,1980.0,4429.0,0.5230835,0.0,False,1.0,non_human_findings,-1,0
405.tiff,find_and_suppress,2259,3625.0,4659.0,0.52295774,0.0,False,1.0,non_human_findings,-1,0
405.tiff,find_and_suppress,2260,5385.0,3633.0,0.522944,0.0,False,1.0,non_human_findings,-1,0
405.tiff,find_and_suppress,2261,1483.0,134.0,0.522887,0.0,False,1.0,non_human_findings,-1,0
405.tiff,find_and_suppress,2262,1267.0,1866.0,0.52288353,0.0,False,1.0,non_human_findings,-1,0
405.tiff,find_and_suppress,2263,161.0,2733.0,0.52282614,0.0,False,1.0,non_human_findings,-1,0
405.tiff,find_and_suppress,2264,4044.0,673.0,0.5227446,0.0,False,1.0,non_human_findings,-1,0
405.tiff,find_and_suppress,2265,5980.0,4398.0,0.5226869,0.0,False,1.0,non_human_findings,-1,0
405.tiff,find_and_suppress,2266,2400.0,1489.0,0.522616,0.0,False,1.0,non_human_findings,-1,0
405.tiff,find_and_suppress,2267,2118.0,656.0,0.52259034,0.0,False,1.0,non_human_findings,-1,0
405.tiff,find_and_suppress,2268,1338.0,4475.0,0.522562,0.0,False,1.0,non_human_findings,-1,0
405.tiff,find_and_suppress,2269,2194.0,3820.0,0.5225226,0.0,False,1.0,non_human_findings,-1,0
405.tiff,find_and_suppress,2270,1397.0,3615.0,0.5224266,0.0,False,1.0,non_human_findings,-1,0
405.tiff,find_and_suppress,2271,2737.0,817.0,0.5223647,0.0,False,1.0,non_human_findings,-1,0
405.tiff,find_and_suppress,2272,5783.0,1760.0,0.52234626,0.0,False,1.0,non_human_findings,-1,0
405.tiff,find_and_suppress,2273,2713.0,4687.0,0.522317,0.0,False,1.0,non_human_findings,-1,0
405.tiff,find_and_suppress,2274,357.0,1281.0,0.5222273,0.0,False,1.0,non_human_findings,-1,0
405.tiff,find_and_suppress,2275,3093.0,3389.0,0.5222059,0.0,False,1.0,non_human_findings,-1,0
405.tiff,find_and_suppress,2276,3614.0,2069.0,0.5221932,0.0,False,1.0,non_human_findings,-1,0
405.tiff,find_and_suppress,2277,1208.0,3280.0,0.5221911,0.0,False,1.0,non_human_findings,-1,0
405.tiff,find_and_suppress,2278,2463.0,2111.0,0.5221771,0.0,False,1.0,non_human_findings,-1,0
405.tiff,find_and_suppress,2279,4294.0,4695.0,0.52205086,0.0,False,1.0,non_human_findings,-1,0
405.tiff,find_and_suppress,2280,6048.0,679.0,0.5219857,0.0,False,1.0,non_human_findings,-1,0
405.tiff,find_and_suppress,2281,3809.0,2021.0,0.52192944,0.0,False,1.0,non_human_findings,-1,0
405.tiff,find_and_suppress,2282,2682.0,3726.0,0.52190316,0.0,False,1.0,non_human_findings,-1,0
405.tiff,find_and_suppress,2283,4309.0,4628.0,0.5218029,0.0,False,1.0,non_human_findings,-1,0
405.tiff,find_and_suppress,2284,5993.0,1397.0,0.52177507,0.0,False,1.0,non_human_findings,-1,0
405.tiff,find_and_suppress,2285,5158.0,1181.0,0.5217711,0.0,False,1.0,non_human_findings,-1,0
405.tiff,find_and_suppress,2286,481.0,4003.0,0.5217233,0.0,False,1.0,non_human_findings,-1,0
405.tiff,find_and_suppress,2287,6317.0,3799.0,0.5216529,0.0,False,1.0,non_human_findings,-1,0
405.tiff,find_and_suppress,2288,725.0,1309.0,0.52163666,0.0,False,1.0,non_human_findings,-1,0
405.tiff,find_and_suppress,2289,5106.0,2982.0,0.52145326,0.0,False,1.0,non_human_findings,-1,0
405.tiff,find_and_suppress,2290,630.0,3549.0,0.52141,0.0,False,1.0,non_human_findings,-1,0
405.tiff,find_and_suppress,2291,6470.0,767.0,0.5213827,0.0,False,1.0,non_human_findings,-1,0
405.tiff,find_and_suppress,2292,3447.0,4242.0,0.5213816,0.0,False,1.0,non_human_findings,-1,0
405.tiff,find_and_suppress,2293,6481.0,2168.0,0.52131164,0.0,False,1.0,non_human_findings,-1,0
405.tiff,find_and_suppress,2294,1961.0,4236.0,0.52121323,0.0,False,1.0,non_human_findings,-1,0
405.tiff,find_and_suppress,2295,4953.0,3012.0,0.52119195,0.0,False,1.0,non_human_findings,-1,0
405.tiff,find_and_suppress,2296,3000.0,2971.0,0.5211222,0.0,False,1.0,non_human_findings,-1,0
405.tiff,find_and_suppress,2297,4519.0,3946.0,0.5211155,0.0,False,1.0,human_rejected_label,20580,2
405.tiff,find_and_suppress,2298,2826.0,1640.0,0.5210287,0.0,False,1.0,non_human_findings,-1,0
405.tiff,find_and_suppress,2299,4951.0,712.0,0.5210109,0.0,False,1.0,non_human_findings,-1,0
405.tiff,find_and_suppress,2300,4263.0,3915.0,0.52081776,0.0,False,1.0,non_human_findings,-1,0
405.tiff,find_and_suppress,2301,6106.0,1894.0,0.5208087,0.0,False,1.0,non_human_findings,-1,0
405.tiff,find_and_suppress,2302,5587.0,3289.0,0.52080023,0.0,False,1.0,non_human_findings,-1,0
405.tiff,find_and_suppress,2303,1287.0,4271.0,0.52078146,0.0,False,1.0,non_human_findings,-1,0
405.tiff,find_and_suppress,2304,2095.0,240.0,0.52074236,0.0,False,1.0,non_human_findings,-1,0
405.tiff,find_and_suppress,2305,551.0,2040.0,0.5207171,0.0,False,1.0,non_human_findings,-1,0
405.tiff,find_and_suppress,2306,3987.0,1055.0,0.5206751,0.0,False,1.0,non_human_findings,-1,0
405.tiff,find_and_suppress,2307,2639.0,1482.0,0.52064055,0.0,False,1.0,non_human_findings,-1,0
405.tiff,find_and_suppress,2308,1845.0,2897.0,0.520635,0.0,False,1.0,non_human_findings,-1,0
405.tiff,find_and_suppress,2309,1007.0,1842.0,0.520632,0.0,False,1.0,non_human_findings,-1,0
405.tiff,find_and_suppress,2310,833.0,1676.0,0.5205545,0.0,False,1.0,non_human_findings,-1,0
405.tiff,find_and_suppress,2311,5931.0,431.0,0.5204911,0.0,False,1.0,non_human_findings,-1,0
405.tiff,find_and_suppress,2312,2335.0,3822.0,0.52045363,0.0,False,1.0,non_human_findings,-1,0
405.tiff,find_and_suppress,2313,2955.0,123.0,0.5204402,0.0,False,1.0,non_human_findings,-1,0
405.tiff,find_and_suppress,2314,4710.0,2020.0,0.5204206,0.0,False,1.0,non_human_findings,-1,0
405.tiff,find_and_suppress,2315,486.0,2816.0,0.52033174,0.0,False,1.0,non_human_findings,-1,0
405.tiff,find_and_suppress,2316,5870.0,4879.0,0.5201526,0.0,False,1.0,non_human_findings,-1,0
405.tiff,find_and_suppress,2317,470.0,472.0,0.5201101,0.0,False,1.0,non_human_findings,-1,0
405.tiff,find_and_suppress,2318,2302.0,812.0,0.5200477,0.0,False,1.0,non_human_findings,-1,0
405.tiff,find_and_suppress,2319,3345.0,4198.0,0.51977116,0.0,False,1.0,non_human_findings,-1,0
405.tiff,find_and_suppress,2320,4283.0,1719.0,0.51976997,0.0,False,1.0,non_human_findings,-1,0
405.tiff,find_and_suppress,2321,6271.0,457.0,0.5196811,0.0,False,1.0,non_human_findings,-1,0
405.tiff,find_and_suppress,2322,1882.0,2110.0,0.51963484,0.0,False,1.0,non_human_findings,-1,0
405.tiff,find_and_suppress,2323,2087.0,904.0,0.51961905,0.0,False,1.0,non_human_findings,-1,0
405.tiff,find_and_suppress,2324,1133.0,4560.0,0.5196092,0.0,False,1.0,non_human_findings,-1,0
405.tiff,find_and_suppress,2325,6346.0,2283.0,0.5195956,0.0,False,1.0,non_human_findings,-1,0
405.tiff,find_and_suppress,2326,1515.0,2497.0,0.5195931,0.0,False,1.0,non_human_findings,-1,0
405.tiff,find_and_suppress,2327,405.0,1505.0,0.5193986,0.0,False,1.0,non_human_findings,-1,0
405.tiff,find_and_suppress,2328,3642.0,977.0,0.51939636,0.0,False,1.0,non_human_findings,-1,0
405.tiff,find_and_suppress,2329,891.0,1884.0,0.5193695,0.0,False,1.0,non_human_findings,-1,0
405.tiff,find_and_suppress,2330,4754.0,1280.0,0.5193189,0.0,False,1.0,non_human_findings,-1,0
405.tiff,find_and_suppress,2331,6033.0,381.0,0.5192976,0.0,False,1.0,non_human_findings,-1,0
405.tiff,find_and_suppress,2332,5185.0,4861.0,0.51926965,0.0,False,1.0,non_human_findings,-1,0
405.tiff,find_and_suppress,2333,5535.0,560.0,0.5192238,0.0,False,1.0,non_human_findings,-1,0
405.tiff,find_and_suppress,2334,4247.0,2090.0,0.5192171,0.0,False,1.0,non_human_findings,-1,0
405.tiff,find_and_suppress,2335,5469.0,3408.0,0.5191816,0.0,False,1.0,non_human_findings,-1,0
405.tiff,find_and_suppress,2336,4896.0,4889.0,0.5191174,0.0,False,1.0,non_human_findings,-1,0
405.tiff,find_and_suppress,2337,3335.0,2830.0,0.5190606,0.0,False,1.0,non_human_findings,-1,0
405.tiff,find_and_suppress,2338,3557.0,1743.0,0.51905686,0.0,False,1.0,non_human_findings,-1,0
405.tiff,find_and_suppress,2339,6295.0,1079.0,0.5190477,0.0,False,1.0,non_human_findings,-1,0
405.tiff,find_and_suppress,2340,4635.0,3324.0,0.51889366,0.0,False,1.0,non_human_findings,-1,0
405.tiff,find_and_suppress,2341,6428.0,4553.0,0.51873726,0.0,False,1.0,non_human_findings,-1,0
405.tiff,find_and_suppress,2342,3223.0,1738.0,0.5186817,0.0,False,1.0,non_human_findings,-1,0
405.tiff,find_and_suppress,2343,3831.0,3395.0,0.51861244,0.0,False,1.0,non_human_findings,-1,0
405.tiff,find_and_suppress,2344,451.0,2431.0,0.5185957,0.0,False,1.0,non_human_findings,-1,0
405.tiff,find_and_suppress,2345,4899.0,4179.0,0.51857466,0.0,False,1.0,non_human_findings,-1,0
405.tiff,find_and_suppress,2346,4731.0,4621.0,0.51857096,0.0,False,1.0,non_human_findings,-1,0
405.tiff,find_and_suppress,2347,2113.0,3032.0,0.5184824,0.0,False,1.0,non_human_findings,-1,0
405.tiff,find_and_suppress,2348,4472.0,4633.0,0.5184653,0.0,False,1.0,non_human_findings,-1,0
405.tiff,find_and_suppress,2349,4376.0,2068.0,0.518449,0.0,False,1.0,non_human_findings,-1,0
405.tiff,find_and_suppress,2350,6104.0,2424.0,0.5184057,0.0,False,1.0,non_human_findings,-1,0
405.tiff,find_and_suppress,2351,295.0,1065.0,0.51840085,0.0,False,1.0,non_human_findings,-1,0
405.tiff,find_and_suppress,2352,1373.0,1584.0,0.5183754,0.0,False,1.0,non_human_findings,-1,0
405.tiff,find_and_suppress,2353,427.0,3858.0,0.5183392,0.0,False,1.0,non_human_findings,-1,0
405.tiff,find_and_suppress,2354,6282.0,1723.0,0.51830775,0.0,False,1.0,non_human_findings,-1,0
405.tiff,find_and_suppress,2355,580.0,4065.0,0.5183049,0.0,False,1.0,non_human_findings,-1,0
405.tiff,find_and_suppress,2356,120.0,1250.0,0.51818466,0.0,False,1.0,non_human_findings,-1,0
405.tiff,find_and_suppress,2357,67.0,2305.0,0.51818025,0.0,False,1.0,non_human_findings,-1,0
405.tiff,find_and_suppress,2358,614.0,3045.0,0.51817495,0.0,False,1.0,non_human_findings,-1,0
405.tiff,find_and_suppress,2359,688.0,472.0,0.5180949,0.0,False,1.0,non_human_findings,-1,0
405.tiff,find_and_suppress,2360,4001.0,2051.0,0.5180786,0.0,False,1.0,non_human_findings,-1,0
405.tiff,find_and_suppress,2361,2980.0,1499.0,0.5180448,0.0,False,1.0,non_human_findings,-1,0
405.tiff,find_and_suppress,2362,4633.0,4469.0,0.51799345,0.0,False,1.0,non_human_findings,-1,0
405.tiff,find_and_suppress,2363,1587.0,1782.0,0.51798475,0.0,False,1.0,non_human_findings,-1,0
405.tiff,find_and_suppress,2364,3873.0,2592.0,0.51791906,0.0,False,1.0,non_human_findings,-1,0
405.tiff,find_and_suppress,2365,5538.0,4767.0,0.5179074,0.0,False,1.0,non_human_findings,-1,0
405.tiff,find_and_suppress,2366,1291.0,4641.0,0.51784027,0.0,False,1.0,non_human_findings,-1,0
405.tiff,find_and_suppress,2367,454.0,2672.0,0.5178145,0.0,False,1.0,non_human_findings,-1,0
405.tiff,find_and_suppress,2368,1093.0,4900.0,0.5178007,0.0,False,1.0,non_human_findings,-1,0
405.tiff,find_and_suppress,2369,2782.0,3946.0,0.5177758,0.0,False,1.0,non_human_findings,-1,0
405.tiff,find_and_suppress,2370,5294.0,2394.0,0.51775265,0.0,False,1.0,non_human_findings,-1,0
405.tiff,find_and_suppress,2371,3389.0,739.0,0.51769435,0.0,False,1.0,non_human_findings,-1,0
405.tiff,find_and_suppress,2372,6326.0,4075.0,0.51768434,0.0,False,1.0,non_human_findings,-1,0
405.tiff,find_and_suppress,2373,1497.0,4119.0,0.51761127,0.0,False,1.0,non_human_findings,-1,0
405.tiff,find_and_suppress,2374,2929.0,3545.0,0.5176038,0.0,False,1.0,non_human_findings,-1,0
405.tiff,find_and_suppress,2375,1410.0,2949.0,0.51759773,0.0,False,1.0,non_human_findings,-1,0
405.tiff,find_and_suppress,2376,1682.0,3491.0,0.5175295,0.0,False,1.0,non_human_findings,-1,0
405.tiff,find_and_suppress,2377,2774.0,353.0,0.51741225,0.0,False,1.0,non_human_findings,-1,0
405.tiff,find_and_suppress,2378,25.0,3821.0,0.51735854,0.0,False,1.0,non_human_findings,-1,0
405.tiff,find_and_suppress,2379,1041.0,1306.0,0.51728904,0.0,False,1.0,non_human_findings,-1,0
405.tiff,find_and_suppress,2380,368.0,950.0,0.51708806,0.0,False,1.0,non_human_findings,-1,0
405.tiff,find_and_suppress,2381,6383.0,1376.0,0.51708156,0.0,False,1.0,non_human_findings,-1,0
405.tiff,find_and_suppress,2382,1499.0,1139.0,0.5170283,0.0,False,1.0,non_human_findings,-1,0
405.tiff,find_and_suppress,2383,1127.0,367.0,0.5170091,0.0,False,1.0,non_human_findings,-1,0
405.tiff,find_and_suppress,2384,5083.0,4733.0,0.5169384,0.0,False,1.0,non_human_findings,-1,0
405.tiff,find_and_suppress,2385,6111.0,2004.0,0.51693094,0.0,False,1.0,non_human_findings,-1,0
405.tiff,find_and_suppress,2386,3617.0,1516.0,0.51692575,0.0,False,1.0,non_human_findings,-1,0
405.tiff,find_and_suppress,2387,737.0,2162.0,0.5168989,0.0,False,1.0,non_human_findings,-1,0
405.tiff,find_and_suppress,2388,4389.0,3286.0,0.5168876,0.0,False,1.0,non_human_findings,-1,0
405.tiff,find_and_suppress,2389,6460.0,3429.0,0.51682335,0.0,False,1.0,non_human_findings,-1,0
405.tiff,find_and_suppress,2390,1087.0,3886.0,0.5168047,0.0,False,1.0,non_human_findings,-1,0
405.tiff,find_and_suppress,2391,3986.0,3439.0,0.51678306,0.0,False,1.0,human_correct_label,20577,1
405.tiff,find_and_suppress,2392,4564.0,4096.0,0.51676285,0.0,False,1.0,non_human_findings,-1,0
405.tiff,find_and_suppress,2393,5964.0,4719.0,0.5167287,0.0,False,1.0,non_human_findings,-1,0
405.tiff,find_and_suppress,2394,4706.0,3278.0,0.5167027,0.0,False,1.0,non_human_findings,-1,0
405.tiff,find_and_suppress,2395,3699.0,1559.0,0.5166934,0.0,False,1.0,non_human_findings,-1,0
405.tiff,find_and_suppress,2396,3420.0,894.0,0.5166621,0.0,False,1.0,non_human_findings,-1,0
405.tiff,find_and_suppress,2397,2139.0,2889.0,0.51662,0.0,False,1.0,non_human_findings,-1,0
405.tiff,find_and_suppress,2398,202.0,3920.0,0.5165798,0.0,False,1.0,non_human_findings,-1,0
405.tiff,find_and_suppress,2399,5465.0,4150.0,0.51654756,0.0,False,1.0,non_human_findings,-1,0
405.tiff,find_and_suppress,2400,6502.0,1140.0,0.5165185,0.0,False,1.0,non_human_findings,-1,0
405.tiff,find_and_suppress,2401,5606.0,4264.0,0.51651365,0.0,False,1.0,non_human_findings,-1,0
405.tiff,find_and_suppress,2402,2381.0,1017.0,0.51650226,0.0,False,1.0,non_human_findings,-1,0
405.tiff,find_and_suppress,2403,5489.0,635.0,0.5164501,0.0,False,1.0,non_human_findings,-1,0
405.tiff,find_and_suppress,2404,427.0,3026.0,0.5164324,0.0,False,1.0,non_human_findings,-1,0
405.tiff,find_and_suppress,2405,290.0,2904.0,0.5164265,0.0,False,1.0,non_human_findings,-1,0
405.tiff,find_and_suppress,2406,5602.0,3109.0,0.51637197,0.0,False,1.0,non_human_findings,-1,0
405.tiff,find_and_suppress,2407,3177.0,718.0,0.5163718,0.0,False,1.0,non_human_findings,-1,0
405.tiff,find_and_suppress,2408,2704.0,1144.0,0.5163426,0.0,False,1.0,non_human_findings,-1,0
405.tiff,find_and_suppress,2409,963.0,535.0,0.51627356,0.0,False,1.0,non_human_findings,-1,0
405.tiff,find_and_suppress,2410,3219.0,4907.0,0.51625323,0.0,False,1.0,non_human_findings,-1,0
405.tiff,find_and_suppress,2411,6093.0,1711.0,0.51624894,0.0,False,1.0,non_human_findings,-1,0
405.tiff,find_and_suppress,2412,5447.0,344.0,0.51620126,0.0,False,1.0,non_human_findings,-1,0
405.tiff,find_and_suppress,2413,6167.0,3623.0,0.51613134,0.0,False,1.0,non_human_findings,-1,0
405.tiff,find_and_suppress,2414,2441.0,4408.0,0.51612526,0.0,False,1.0,non_human_findings,-1,0
405.tiff,find_and_suppress,2415,2825.0,1484.0,0.5161029,0.0,False,1.0,non_human_findings,-1,0
405.tiff,find_and_suppress,2416,4134.0,2297.0,0.51606876,0.0,False,1.0,non_human_findings,-1,0
405.tiff,find_and_suppress,2417,932.0,416.0,0.5160161,0.0,False,1.0,non_human_findings,-1,0
405.tiff,find_and_suppress,2418,804.0,1230.0,0.5159573,0.0,False,1.0,non_human_findings,-1,0
405.tiff,find_and_suppress,2419,4618.0,1997.0,0.5159186,0.0,False,1.0,non_human_findings,-1,0
405.tiff,find_and_suppress,2420,4826.0,2294.0,0.5158687,0.0,False,1.0,non_human_findings,-1,0
405.tiff,find_and_suppress,2421,3791.0,1748.0,0.51585466,0.0,False,1.0,non_human_findings,-1,0
405.tiff,find_and_suppress,2422,6310.0,1019.0,0.51584667,0.0,False,1.0,non_human_findings,-1,0
405.tiff,find_and_suppress,2423,5951.0,996.0,0.5158166,0.0,False,1.0,non_human_findings,-1,0
405.tiff,find_and_suppress,2424,6293.0,35.0,0.5156874,0.0,False,1.0,human_rejected_label,20573,2
405.tiff,find_and_suppress,2425,4452.0,4440.0,0.515668,0.0,False,1.0,non_human_findings,-1,0
405.tiff,find_and_suppress,2426,840.0,4332.0,0.5156437,0.0,False,1.0,non_human_findings,-1,0
405.tiff,find_and_suppress,2427,1128.0,1372.0,0.51564056,0.0,False,1.0,non_human_findings,-1,0
405.tiff,find_and_suppress,2428,6288.0,4352.0,0.5155511,0.0,False,1.0,non_human_findings,-1,0
405.tiff,find_and_suppress,2429,999.0,3908.0,0.5155175,0.0,False,1.0,non_human_findings,-1,0
405.tiff,find_and_suppress,2430,4633.0,1513.0,0.5155023,0.0,False,1.0,non_human_findings,-1,0
405.tiff,find_and_suppress,2431,1045.0,650.0,0.5153219,0.0,False,1.0,non_human_findings,-1,0
405.tiff,find_and_suppress,2432,2263.0,104.0,0.5153086,0.0,False,1.0,non_human_findings,-1,0
405.tiff,find_and_suppress,2433,1267.0,3537.0,0.51521283,0.0,False,1.0,non_human_findings,-1,0
405.tiff,find_and_suppress,2434,3581.0,638.0,0.5151411,0.0,False,1.0,non_human_findings,-1,0
405.tiff,find_and_suppress,2435,3531.0,2212.0,0.5151304,0.0,False,1.0,non_human_findings,-1,0
405.tiff,find_and_suppress,2436,3815.0,3243.0,0.51512516,0.0,False,1.0,non_human_findings,-1,0
405.tiff,find_and_suppress,2437,103.0,3971.0,0.5150581,0.0,False,1.0,non_human_findings,-1,0
405.tiff,find_and_suppress,2438,752.0,2679.0,0.5150578,0.0,False,1.0,non_human_findings,-1,0
405.tiff,find_and_suppress,2439,3152.0,3259.0,0.51501703,0.0,False,1.0,non_human_findings,-1,0
405.tiff,find_and_suppress,2440,1007.0,4268.0,0.515005,0.0,False,1.0,non_human_findings,-1,0
405.tiff,find_and_suppress,2441,5442.0,4788.0,0.5149332,0.0,False,1.0,non_human_findings,-1,0
405.tiff,find_and_suppress,2442,6515.0,3693.0,0.51478076,0.0,False,1.0,non_human_findings,-1,0
405.tiff,find_and_suppress,2443,5867.0,885.0,0.5147233,0.0,False,1.0,non_human_findings,-1,0
405.tiff,find_and_suppress,2444,2940.0,1365.0,0.51468754,0.0,False,1.0,non_human_findings,-1,0
405.tiff,find_and_suppress,2445,5001.0,4111.0,0.51468176,0.0,False,1.0,non_human_findings,-1,0
405.tiff,find_and_suppress,2446,1624.0,1153.0,0.51468015,0.0,False,1.0,non_human_findings,-1,0
405.tiff,find_and_suppress,2447,6273.0,104.0,0.51463866,0.0,False,1.0,non_human_findings,-1,0
405.tiff,find_and_suppress,2448,5889.0,2209.0,0.5145951,0.0,False,1.0,non_human_findings,-1,0
405.tiff,find_and_suppress,2449,88.0,425.0,0.5145427,0.0,False,1.0,non_human_findings,-1,0
405.tiff,find_and_suppress,2450,2319.0,3555.0,0.51448315,0.0,False,1.0,non_human_findings,-1,0
405.tiff,find_and_suppress,2451,590.0,443.0,0.51446176,0.0,False,1.0,non_human_findings,-1,0
405.tiff,find_and_suppress,2452,6138.0,1875.0,0.514372,0.0,False,1.0,non_human_findings,-1,0
405.tiff,find_and_suppress,2453,405.0,2077.0,0.51436555,0.0,False,1.0,non_human_findings,-1,0
405.tiff,find_and_suppress,2454,2561.0,4902.0,0.51431286,0.0,False,1.0,non_human_findings,-1,0
405.tiff,find_and_suppress,2455,2906.0,1511.0,0.51427823,0.0,False,1.0,non_human_findings,-1,0
405.tiff,find_and_suppress,2456,428.0,642.0,0.5142283,0.0,False,1.0,non_human_findings,-1,0
405.tiff,find_and_suppress,2457,3833.0,3061.0,0.5141828,0.0,False,1.0,non_human_findings,-1,0
405.tiff,find_and_suppress,2458,1673.0,908.0,0.51411074,0.0,False,1.0,non_human_findings,-1,0
405.tiff,find_and_suppress,2459,5625.0,2855.0,0.5140616,0.0,False,1.0,non_human_findings,-1,0
405.tiff,find_and_suppress,2460,2046.0,1989.0,0.51406044,0.0,False,1.0,non_human_findings,-1,0
405.tiff,find_and_suppress,2461,1705.0,4825.0,0.51400423,0.0,False,1.0,non_human_findings,-1,0
405.tiff,find_and_suppress,2462,4755.0,2586.0,0.5139907,0.0,False,1.0,non_human_findings,-1,0
405.tiff,find_and_suppress,2463,3588.0,897.0,0.51398486,0.0,False,1.0,non_human_findings,-1,0
405.tiff,find_and_suppress,2464,908.0,1823.0,0.51394516,0.0,False,1.0,non_human_findings,-1,0
405.tiff,find_and_suppress,2465,3899.0,3601.0,0.51390254,0.0,False,1.0,non_human_findings,-1,0
405.tiff,find_and_suppress,2466,6141.0,4609.0,0.5138431,0.0,False,1.0,non_human_findings,-1,0
405.tiff,find_and_suppress,2467,5159.0,784.0,0.5137331,0.0,False,1.0,non_human_findings,-1,0
405.tiff,find_and_suppress,2468,2511.0,877.0,0.5137071,0.0,False,1.0,non_human_findings,-1,0
405.tiff,find_and_suppress,2469,6347.0,389.0,0.5136805,0.0,False,1.0,non_human_findings,-1,0
405.tiff,find_and_suppress,2470,3029.0,2195.0,0.51367325,0.0,False,1.0,non_human_findings,-1,0
405.tiff,find_and_suppress,2471,5034.0,4162.0,0.5136601,0.0,False,1.0,non_human_findings,-1,0
405.tiff,find_and_suppress,2472,623.0,4017.0,0.51363903,0.0,False,1.0,non_human_findings,-1,0
405.tiff,find_and_suppress,2473,128.0,4747.0,0.51363534,0.0,False,1.0,non_human_findings,-1,0
405.tiff,find_and_suppress,2474,3877.0,4115.0,0.5135991,0.0,False,1.0,non_human_findings,-1,0
405.tiff,find_and_suppress,2475,4699.0,1742.0,0.51357925,0.0,False,1.0,non_human_findings,-1,0
405.tiff,find_and_suppress,2476,2617.0,2900.0,0.5135201,0.0,False,1.0,non_human_findings,-1,0
405.tiff,find_and_suppress,2477,3408.0,4520.0,0.51351476,0.0,False,1.0,non_human_findings,-1,0
405.tiff,find_and_suppress,2478,602.0,1165.0,0.5135086,0.0,False,1.0,non_human_findings,-1,0
405.tiff,find_and_suppress,2479,3932.0,4097.0,0.5135019,0.0,False,1.0,non_human_findings,-1,0
405.tiff,find_and_suppress,2480,6014.0,607.0,0.5134984,0.0,False,1.0,non_human_findings,-1,0
405.tiff,find_and_suppress,2481,6177.0,4435.0,0.5134872,0.0,False,1.0,non_human_findings,-1,0
405.tiff,find_and_suppress,2482,4939.0,1218.0,0.513469,0.0,False,1.0,non_human_findings,-1,0
405.tiff,find_and_suppress,2483,4520.0,844.0,0.5134,0.0,False,1.0,non_human_findings,-1,0
405.tiff,find_and_suppress,2484,530.0,573.0,0.5133963,0.0,False,1.0,non_human_findings,-1,0
405.tiff,find_and_suppress,2485,717.0,363.0,0.5133415,0.0,False,1.0,non_human_findings,-1,0
405.tiff,find_and_suppress,2486,4248.0,1974.0,0.5131453,0.0,False,1.0,non_human_findings,-1,0
405.tiff,find_and_suppress,2487,3729.0,1482.0,0.51312083,0.0,False,1.0,non_human_findings,-1,0
405.tiff,find_and_suppress,2488,2961.0,2396.0,0.51310873,0.0,False,1.0,non_human_findings,-1,0
405.tiff,find_and_suppress,2489,4417.0,4636.0,0.51308566,0.0,False,1.0,non_human_findings,-1,0
405.tiff,find_and_suppress,2490,5356.0,2779.0,0.5130307,0.0,False,1.0,non_human_findings,-1,0
405.tiff,find_and_suppress,2491,3698.0,1160.0,0.51302826,0.0,False,1.0,non_human_findings,-1,0
405.tiff,find_and_suppress,2492,412.0,2030.0,0.5130258,0.0,False,1.0,non_human_findings,-1,0
405.tiff,find_and_suppress,2493,4281.0,4424.0,0.5129694,0.0,False,1.0,non_human_findings,-1,0
405.tiff,find_and_suppress,2494,4853.0,3242.0,0.51288676,0.0,False,1.0,non_human_findings,-1,0
405.tiff,find_and_suppress,2495,4316.0,1978.0,0.5128813,0.0,False,1.0,non_human_findings,-1,0
405.tiff,find_and_suppress,2496,172.0,812.0,0.51287967,0.0,False,1.0,non_human_findings,-1,0
405.tiff,find_and_suppress,2497,3451.0,3492.0,0.512843,0.0,False,1.0,non_human_findings,-1,0
405.tiff,find_and_suppress,2498,1854.0,2572.0,0.51280856,0.0,False,1.0,non_human_findings,-1,0
405.tiff,find_and_suppress,2499,108.0,3760.0,0.5126897,0.0,False,1.0,non_human_findings,-1,0
405.tiff,find_and_suppress,2500,5348.0,2266.0,0.5125622,0.0,False,1.0,non_human_findings,-1,0
405.tiff,find_and_suppress,2501,5928.0,4443.0,0.51254094,0.0,False,1.0,non_human_findings,-1,0
405.tiff,find_and_suppress,2502,1268.0,4238.0,0.512528,0.0,False,1.0,non_human_findings,-1,0
405.tiff,find_and_suppress,2503,4452.0,2388.0,0.51244646,0.0,False,1.0,non_human_findings,-1,0
405.tiff,find_and_suppress,2504,4467.0,2249.0,0.51238793,0.0,False,1.0,non_human_findings,-1,0
405.tiff,find_and_suppress,2505,6205.0,601.0,0.5123335,0.0,False,1.0,non_human_findings,-1,0
405.tiff,find_and_suppress,2506,3529.0,631.0,0.5123227,0.0,False,1.0,non_human_findings,-1,0
405.tiff,find_and_suppress,2507,4139.0,919.0,0.51231474,0.0,False,1.0,non_human_findings,-1,0
405.tiff,find_and_suppress,2508,866.0,2489.0,0.51229227,0.0,False,1.0,non_human_findings,-1,0
405.tiff,find_and_suppress,2509,301.0,880.0,0.51228154,0.0,False,1.0,non_human_findings,-1,0
405.tiff,find_and_suppress,2510,4699.0,3091.0,0.5122748,0.0,False,1.0,non_human_findings,-1,0
405.tiff,find_and_suppress,2511,2431.0,3241.0,0.5122676,0.0,False,1.0,non_human_findings,-1,0
405.tiff,find_and_suppress,2512,6337.0,4593.0,0.51222605,0.0,False,1.0,non_human_findings,-1,0
405.tiff,find_and_suppress,2513,613.0,1947.0,0.5121778,0.0,False,1.0,non_human_findings,-1,0
405.tiff,find_and_suppress,2514,5342.0,3889.0,0.5121726,0.0,False,1.0,non_human_findings,-1,0
405.tiff,find_and_suppress,2515,2941.0,4609.0,0.512157,0.0,False,1.0,non_human_findings,-1,0
405.tiff,find_and_suppress,2516,5307.0,4714.0,0.51214904,0.0,False,1.0,non_human_findings,-1,0
405.tiff,find_and_suppress,2517,1178.0,1322.0,0.5121471,0.0,False,1.0,non_human_findings,-1,0
405.tiff,find_and_suppress,2518,4005.0,4641.0,0.5121106,0.0,False,1.0,non_human_findings,-1,0
405.tiff,find_and_suppress,2519,5323.0,2058.0,0.5120715,0.0,False,1.0,non_human_findings,-1,0
405.tiff,find_and_suppress,2520,6476.0,914.0,0.51194733,0.0,False,1.0,non_human_findings,-1,0
405.tiff,find_and_suppress,2521,5171.0,91.0,0.5119175,0.0,False,1.0,non_human_findings,-1,0
405.tiff,find_and_suppress,2522,2633.0,3340.0,0.51188475,0.0,False,1.0,non_human_findings,-1,0
405.tiff,find_and_suppress,2523,5506.0,2581.0,0.5117935,0.0,False,1.0,non_human_findings,-1,0
405.tiff,find_and_suppress,2524,4465.0,4536.0,0.5117774,0.0,False,1.0,non_human_findings,-1,0
405.tiff,find_and_suppress,2525,3795.0,3467.0,0.51154894,0.0,False,1.0,non_human_findings,-1,0
405.tiff,find_and_suppress,2526,3000.0,1723.0,0.51153576,0.0,False,1.0,non_human_findings,-1,0
405.tiff,find_and_suppress,2527,5978.0,2077.0,0.51146835,0.0,False,1.0,non_human_findings,-1,0
405.tiff,find_and_suppress,2528,307.0,327.0,0.51141685,0.0,False,1.0,non_human_findings,-1,0
405.tiff,find_and_suppress,2529,301.0,3744.0,0.51139253,0.0,False,1.0,non_human_findings,-1,0
405.tiff,find_and_suppress,2530,3859.0,4209.0,0.5113028,0.0,False,1.0,non_human_findings,-1,0
405.tiff,find_and_suppress,2531,1236.0,1612.0,0.51129514,0.0,False,1.0,non_human_findings,-1,0
405.tiff,find_and_suppress,2532,4108.0,3796.0,0.511294,0.0,False,1.0,non_human_findings,-1,0
405.tiff,find_and_suppress,2533,4306.0,1089.0,0.51118606,0.0,False,1.0,non_human_findings,-1,0
405.tiff,find_and_suppress,2534,4190.0,2194.0,0.5111427,0.0,False,1.0,non_human_findings,-1,0
405.tiff,find_and_suppress,2535,5533.0,2675.0,0.5111129,0.0,False,1.0,non_human_findings,-1,0
405.tiff,find_and_suppress,2536,3824.0,606.0,0.51107115,0.0,False,1.0,non_human_findings,-1,0
405.tiff,find_and_suppress,2537,3333.0,828.0,0.5109894,0.0,False,1.0,non_human_findings,-1,0
405.tiff,find_and_suppress,2538,731.0,2925.0,0.51098055,0.0,False,1.0,non_human_findings,-1,0
405.tiff,find_and_suppress,2539,5732.0,1666.0,0.51092684,0.0,False,1.0,non_human_findings,-1,0
405.tiff,find_and_suppress,2540,5709.0,1872.0,0.51090646,0.0,False,1.0,non_human_findings,-1,0
405.tiff,find_and_suppress,2541,1312.0,3209.0,0.5108909,0.0,False,1.0,non_human_findings,-1,0
405.tiff,find_and_suppress,2542,3686.0,176.0,0.5108744,0.0,False,1.0,non_human_findings,-1,0
405.tiff,find_and_suppress,2543,450.0,331.0,0.51087135,0.0,False,1.0,non_human_findings,-1,0
405.tiff,find_and_suppress,2544,6349.0,480.0,0.5107388,0.0,False,1.0,non_human_findings,-1,0
405.tiff,find_and_suppress,2545,6270.0,928.0,0.5107326,0.0,False,1.0,non_human_findings,-1,0
405.tiff,find_and_suppress,2546,3265.0,3452.0,0.51068974,0.0,False,1.0,non_human_findings,-1,0
405.tiff,find_and_suppress,2547,3846.0,1053.0,0.5106809,0.0,False,1.0,non_human_findings,-1,0
405.tiff,find_and_suppress,2548,5852.0,2163.0,0.5106669,0.0,False,1.0,non_human_findings,-1,0
405.tiff,find_and_suppress,2549,4005.0,4032.0,0.5106099,0.0,False,1.0,non_human_findings,-1,0
405.tiff,find_and_suppress,2550,5554.0,251.0,0.51060283,0.0,False,1.0,non_human_findings,-1,0
405.tiff,find_and_suppress,2551,4387.0,1822.0,0.5105996,0.0,False,1.0,non_human_findings,-1,0
405.tiff,find_and_suppress,2552,5437.0,3967.0,0.510589,0.0,False,1.0,non_human_findings,-1,0
405.tiff,find_and_suppress,2553,3447.0,2977.0,0.5105422,0.0,False,1.0,non_human_findings,-1,0
405.tiff,find_and_suppress,2554,1142.0,2688.0,0.510467,0.0,False,1.0,non_human_findings,-1,0
405.tiff,find_and_suppress,2555,4708.0,1874.0,0.51046485,0.0,False,1.0,non_human_findings,-1,0
405.tiff,find_and_suppress,2556,67.0,2068.0,0.5104413,0.0,False,1.0,non_human_findings,-1,0
405.tiff,find_and_suppress,2557,1648.0,2346.0,0.51042736,0.0,False,1.0,non_human_findings,-1,0
405.tiff,find_and_suppress,2558,2032.0,4260.0,0.5104055,0.0,False,1.0,non_human_findings,-1,0
405.tiff,find_and_suppress,2559,792.0,161.0,0.5104022,0.0,False,1.0,non_human_findings,-1,0
405.tiff,find_and_suppress,2560,5363.0,2406.0,0.51038384,0.0,False,1.0,non_human_findings,-1,0
405.tiff,find_and_suppress,2561,4504.0,3744.0,0.5103755,0.0,False,1.0,non_human_findings,-1,0
405.tiff,find_and_suppress,2562,4140.0,1427.0,0.51030713,0.0,False,1.0,non_human_findings,-1,0
405.tiff,find_and_suppress,2563,4204.0,219.0,0.5102711,0.0,False,1.0,non_human_findings,-1,0
405.tiff,find_and_suppress,2564,1893.0,548.0,0.51023585,0.0,False,1.0,non_human_findings,-1,0
405.tiff,find_and_suppress,2565,1662.0,401.0,0.51018417,0.0,False,1.0,non_human_findings,-1,0
405.tiff,find_and_suppress,2566,58.0,787.0,0.5100811,0.0,False,1.0,non_human_findings,-1,0
405.tiff,find_and_suppress,2567,2006.0,3419.0,0.5100761,0.0,False,1.0,non_human_findings,-1,0
405.tiff,find_and_suppress,2568,725.0,3792.0,0.5100732,0.0,False,1.0,non_human_findings,-1,0
405.tiff,find_and_suppress,2569,6127.0,1621.0,0.50994325,0.0,False,1.0,non_human_findings,-1,0
405.tiff,find_and_suppress,2570,948.0,3920.0,0.5098626,0.0,False,1.0,non_human_findings,-1,0
405.tiff,find_and_suppress,2571,4204.0,695.0,0.50978607,0.0,False,1.0,non_human_findings,-1,0
405.tiff,find_and_suppress,2572,5711.0,3265.0,0.5097466,0.0,False,1.0,non_human_findings,-1,0
405.tiff,find_and_suppress,2573,1566.0,4200.0,0.5096156,0.0,False,1.0,non_human_findings,-1,0
405.tiff,find_and_suppress,2574,6026.0,4486.0,0.509504,0.0,False,1.0,non_human_findings,-1,0
405.tiff,find_and_suppress,2575,3144.0,4458.0,0.5094958,0.0,False,1.0,non_human_findings,-1,0
405.tiff,find_and_suppress,2576,1559.0,116.0,0.50942004,0.0,False,1.0,non_human_findings,-1,0
405.tiff,find_and_suppress,2577,6295.0,362.0,0.5094023,0.0,False,1.0,non_human_findings,-1,0
405.tiff,find_and_suppress,2578,4669.0,390.0,0.5093748,0.0,False,1.0,non_human_findings,-1,0
405.tiff,find_and_suppress,2579,4650.0,1414.0,0.5093559,0.0,False,1.0,non_human_findings,-1,0
405.tiff,find_and_suppress,2580,748.0,1211.0,0.50929254,0.0,False,1.0,non_human_findings,-1,0
405.tiff,find_and_suppress,2581,6420.0,2426.0,0.5092532,0.0,False,1.0,non_human_findings,-1,0
405.tiff,find_and_suppress,2582,4985.0,2598.0,0.5092014,0.0,False,1.0,non_human_findings,-1,0
405.tiff,find_and_suppress,2583,318.0,748.0,0.5091574,0.0,False,1.0,non_human_findings,-1,0
405.tiff,find_and_suppress,2584,113.0,1692.0,0.5091272,0.0,False,1.0,non_human_findings,-1,0
405.tiff,find_and_suppress,2585,5938.0,1915.0,0.50911486,0.0,False,1.0,non_human_findings,-1,0
405.tiff,find_and_suppress,2586,5223.0,837.0,0.5091037,0.0,False,1.0,non_human_findings,-1,0
405.tiff,find_and_suppress,2587,1329.0,945.0,0.50903696,0.0,False,1.0,non_human_findings,-1,0
405.tiff,find_and_suppress,2588,1248.0,3034.0,0.50898397,0.0,False,1.0,non_human_findings,-1,0
405.tiff,find_and_suppress,2589,5418.0,3761.0,0.50896096,0.0,False,1.0,non_human_findings,-1,0
405.tiff,find_and_suppress,2590,2460.0,1906.0,0.5089244,0.0,False,1.0,non_human_findings,-1,0
405.tiff,find_and_suppress,2591,4653.0,4423.0,0.50891817,0.0,False,1.0,non_human_findings,-1,0
405.tiff,find_and_suppress,2592,3440.0,1417.0,0.5089096,0.0,False,1.0,non_human_findings,-1,0
405.tiff,find_and_suppress,2593,6319.0,2784.0,0.5088218,0.0,False,1.0,non_human_findings,-1,0
405.tiff,find_and_suppress,2594,5500.0,1374.0,0.5088116,0.0,False,1.0,non_human_findings,-1,0
405.tiff,find_and_suppress,2595,636.0,3842.0,0.50879735,0.0,False,1.0,non_human_findings,-1,0
405.tiff,find_and_suppress,2596,2093.0,4657.0,0.5085055,0.0,False,1.0,non_human_findings,-1,0
405.tiff,find_and_suppress,2597,6213.0,3746.0,0.5084292,0.0,False,1.0,non_human_findings,-1,0
405.tiff,find_and_suppress,2598,5064.0,3493.0,0.5084099,0.0,False,1.0,non_human_findings,-1,0
405.tiff,find_and_suppress,2599,1806.0,1344.0,0.5083067,0.0,False,1.0,non_human_findings,-1,0
405.tiff,find_and_suppress,2600,1948.0,3236.0,0.5082796,0.0,False,1.0,non_human_findings,-1,0
405.tiff,find_and_suppress,2601,6405.0,3242.0,0.50826186,0.0,False,1.0,non_human_findings,-1,0
405.tiff,find_and_suppress,2602,767.0,4027.0,0.5082311,0.0,False,1.0,non_human_findings,-1,0
405.tiff,find_and_suppress,2603,4460.0,3520.0,0.5082232,0.0,False,1.0,non_human_findings,-1,0
405.tiff,find_and_suppress,2604,6166.0,3905.0,0.50817376,0.0,False,1.0,non_human_findings,-1,0
405.tiff,find_and_suppress,2605,2768.0,1120.0,0.5081402,0.0,False,1.0,non_human_findings,-1,0
405.tiff,find_and_suppress,2606,2927.0,1274.0,0.50810325,0.0,False,1.0,non_human_findings,-1,0
405.tiff,find_and_suppress,2607,3052.0,3010.0,0.5080792,0.0,False,1.0,non_human_findings,-1,0
405.tiff,find_and_suppress,2608,2618.0,1393.0,0.5079812,0.0,False,1.0,non_human_findings,-1,0
405.tiff,find_and_suppress,2609,4302.0,2552.0,0.5079184,0.0,False,1.0,non_human_findings,-1,0
405.tiff,find_and_suppress,2610,2587.0,885.0,0.50790906,0.0,False,1.0,non_human_findings,-1,0
405.tiff,find_and_suppress,2611,871.0,2317.0,0.5078802,0.0,False,1.0,non_human_findings,-1,0
405.tiff,find_and_suppress,2612,6348.0,857.0,0.5077683,0.0,False,1.0,non_human_findings,-1,0
405.tiff,find_and_suppress,2613,5891.0,1472.0,0.5077482,0.0,False,1.0,non_human_findings,-1,0
405.tiff,find_and_suppress,2614,590.0,865.0,0.50770456,0.0,False,1.0,non_human_findings,-1,0
405.tiff,find_and_suppress,2615,421.0,260.0,0.50759447,0.0,False,1.0,non_human_findings,-1,0
405.tiff,find_and_suppress,2616,6138.0,28.0,0.50754905,0.0,False,1.0,non_human_findings,-1,0
405.tiff,find_and_suppress,2617,4590.0,3546.0,0.5075466,0.0,False,1.0,non_human_findings,-1,0
405.tiff,find_and_suppress,2618,4758.0,4488.0,0.5075325,0.0,False,1.0,non_human_findings,-1,0
405.tiff,find_and_suppress,2619,152.0,3308.0,0.5074451,0.0,False,1.0,non_human_findings,-1,0
405.tiff,find_and_suppress,2620,5160.0,1313.0,0.50743985,0.0,False,1.0,non_human_findings,-1,0
405.tiff,find_and_suppress,2621,5921.0,1846.0,0.5073914,0.0,False,1.0,non_human_findings,-1,0
405.tiff,find_and_suppress,2622,3041.0,899.0,0.5073879,0.0,False,1.0,non_human_findings,-1,0
405.tiff,find_and_suppress,2623,1512.0,3705.0,0.5073641,0.0,False,1.0,non_human_findings,-1,0
405.tiff,find_and_suppress,2624,2351.0,2752.0,0.507344,0.0,False,1.0,non_human_findings,-1,0
405.tiff,find_and_suppress,2625,1306.0,1094.0,0.50730807,0.0,False,1.0,non_human_findings,-1,0
405.tiff,find_and_suppress,2626,3718.0,3379.0,0.50725764,0.0,False,1.0,non_human_findings,-1,0
405.tiff,find_and_suppress,2627,1760.0,4009.0,0.5071544,0.0,False,1.0,non_human_findings,-1,0
405.tiff,find_and_suppress,2628,6543.0,464.0,0.50704676,0.0,False,1.0,non_human_findings,-1,0
405.tiff,find_and_suppress,2629,5372.0,154.0,0.50703716,0.0,False,1.0,non_human_findings,-1,0
405.tiff,find_and_suppress,2630,3461.0,4395.0,0.5070359,0.0,False,1.0,non_human_findings,-1,0
405.tiff,find_and_suppress,2631,2995.0,2796.0,0.5069721,0.0,False,1.0,human_correct_label,20568,1
405.tiff,find_and_suppress,2632,3366.0,398.0,0.50695324,0.0,False,1.0,non_human_findings,-1,0
405.tiff,find_and_suppress,2633,3282.0,3056.0,0.5069266,0.0,False,1.0,non_human_findings,-1,0
405.tiff,find_and_suppress,2634,6288.0,1206.0,0.5069127,0.0,False,1.0,non_human_findings,-1,0
405.tiff,find_and_suppress,2635,1569.0,4670.0,0.506743,0.0,False,1.0,non_human_findings,-1,0
405.tiff,find_and_suppress,2636,5676.0,1569.0,0.50664574,0.0,False,1.0,non_human_findings,-1,0
405.tiff,find_and_suppress,2637,4497.0,2701.0,0.5066416,0.0,False,1.0,non_human_findings,-1,0
405.tiff,find_and_suppress,2638,6499.0,2572.0,0.5066294,0.0,False,1.0,non_human_findings,-1,0
405.tiff,find_and_suppress,2639,3802.0,3166.0,0.50661993,0.0,False,1.0,non_human_findings,-1,0
405.tiff,find_and_suppress,2640,5939.0,754.0,0.5066119,0.0,False,1.0,non_human_findings,-1,0
405.tiff,find_and_suppress,2641,5275.0,1522.0,0.5064653,0.0,False,1.0,non_human_findings,-1,0
405.tiff,find_and_suppress,2642,4110.0,1472.0,0.5064614,0.0,False,1.0,non_human_findings,-1,0
405.tiff,find_and_suppress,2643,748.0,284.0,0.5064372,0.0,False,1.0,non_human_findings,-1,0
405.tiff,find_and_suppress,2644,1925.0,408.0,0.506382,0.0,False,1.0,non_human_findings,-1,0
405.tiff,find_and_suppress,2645,4341.0,2971.0,0.5063154,0.0,False,1.0,non_human_findings,-1,0
405.tiff,find_and_suppress,2646,1596.0,1335.0,0.50625,0.0,False,1.0,non_human_findings,-1,0
405.tiff,find_and_suppress,2647,1164.0,4618.0,0.5062152,0.0,False,1.0,non_human_findings,-1,0
405.tiff,find_and_suppress,2648,6077.0,3220.0,0.50616294,0.0,False,1.0,non_human_findings,-1,0
405.tiff,find_and_suppress,2649,3321.0,3285.0,0.5060961,0.0,False,1.0,non_human_findings,-1,0
405.tiff,find_and_suppress,2650,3762.0,1278.0,0.5060117,0.0,False,1.0,non_human_findings,-1,0
405.tiff,find_and_suppress,2651,2022.0,3219.0,0.5059954,0.0,False,1.0,non_human_findings,-1,0
405.tiff,find_and_suppress,2652,6260.0,2556.0,0.50596195,0.0,False,1.0,non_human_findings,-1,0
405.tiff,find_and_suppress,2653,6023.0,231.0,0.50596005,0.0,False,1.0,non_human_findings,-1,0
405.tiff,find_and_suppress,2654,83.0,487.0,0.5059418,0.0,False,1.0,non_human_findings,-1,0
405.tiff,find_and_suppress,2655,2565.0,1051.0,0.5059279,0.0,False,1.0,non_human_findings,-1,0
405.tiff,find_and_suppress,2656,5259.0,784.0,0.50589293,0.0,False,1.0,non_human_findings,-1,0
405.tiff,find_and_suppress,2657,1020.0,3804.0,0.50582176,0.0,False,1.0,non_human_findings,-1,0
405.tiff,find_and_suppress,2658,4285.0,3491.0,0.50581497,0.0,False,1.0,non_human_findings,-1,0
405.tiff,find_and_suppress,2659,573.0,4025.0,0.5057923,0.0,False,1.0,non_human_findings,-1,0
405.tiff,find_and_suppress,2660,565.0,4222.0,0.50578314,0.0,False,1.0,non_human_findings,-1,0
405.tiff,find_and_suppress,2661,3660.0,2077.0,0.5057172,0.0,False,1.0,non_human_findings,-1,0
405.tiff,find_and_suppress,2662,3968.0,774.0,0.5056377,0.0,False,1.0,non_human_findings,-1,0
405.tiff,find_and_suppress,2663,6471.0,872.0,0.50563335,0.0,False,1.0,non_human_findings,-1,0
405.tiff,find_and_suppress,2664,2619.0,3793.0,0.5055878,0.0,False,1.0,non_human_findings,-1,0
405.tiff,find_and_suppress,2665,235.0,4619.0,0.5055809,0.0,False,1.0,non_human_findings,-1,0
405.tiff,find_and_suppress,2666,1640.0,4321.0,0.50557643,0.0,False,1.0,non_human_findings,-1,0
405.tiff,find_and_suppress,2667,5517.0,89.0,0.50556993,0.0,False,1.0,non_human_findings,-1,0
405.tiff,find_and_suppress,2668,1682.0,1769.0,0.5055427,0.0,False,1.0,non_human_findings,-1,0
405.tiff,find_and_suppress,2669,1528.0,1702.0,0.505535,0.0,False,1.0,non_human_findings,-1,0
405.tiff,find_and_suppress,2670,5334.0,4077.0,0.50548625,0.0,False,1.0,non_human_findings,-1,0
405.tiff,find_and_suppress,2671,558.0,1094.0,0.50547165,0.0,False,1.0,non_human_findings,-1,0
405.tiff,find_and_suppress,2672,4733.0,1571.0,0.5054606,0.0,False,1.0,non_human_findings,-1,0
405.tiff,find_and_suppress,2673,4048.0,765.0,0.50545466,0.0,False,1.0,non_human_findings,-1,0
405.tiff,find_and_suppress,2674,6048.0,4842.0,0.50542176,0.0,False,1.0,non_human_findings,-1,0
405.tiff,find_and_suppress,2675,5670.0,4561.0,0.50539345,0.0,False,1.0,non_human_findings,-1,0
405.tiff,find_and_suppress,2676,2022.0,1697.0,0.5053929,0.0,False,1.0,non_human_findings,-1,0
405.tiff,find_and_suppress,2677,1596.0,3177.0,0.5053702,0.0,False,1.0,non_human_findings,-1,0
405.tiff,find_and_suppress,2678,1380.0,1817.0,0.5053325,0.0,False,1.0,non_human_findings,-1,0
405.tiff,find_and_suppress,2679,2682.0,2809.0,0.5053305,0.0,False,1.0,non_human_findings,-1,0
405.tiff,find_and_suppress,2680,6299.0,964.0,0.50524604,0.0,False,1.0,non_human_findings,-1,0
405.tiff,find_and_suppress,2681,4508.0,3424.0,0.5051716,0.0,False,1.0,non_human_findings,-1,0
405.tiff,find_and_suppress,2682,1905.0,4471.0,0.5050653,0.0,False,1.0,non_human_findings,-1,0
405.tiff,find_and_suppress,2683,581.0,2116.0,0.50503224,0.0,False,1.0,non_human_findings,-1,0
405.tiff,find_and_suppress,2684,1901.0,3452.0,0.50502425,0.0,False,1.0,non_human_findings,-1,0
405.tiff,find_and_suppress,2685,3237.0,404.0,0.50500405,0.0,False,1.0,non_human_findings,-1,0
405.tiff,find_and_suppress,2686,5570.0,832.0,0.50499356,0.0,False,1.0,non_human_findings,-1,0
405.tiff,find_and_suppress,2687,5280.0,324.0,0.5049198,0.0,False,1.0,non_human_findings,-1,0
405.tiff,find_and_suppress,2688,1412.0,1411.0,0.50486386,0.0,False,1.0,non_human_findings,-1,0
405.tiff,find_and_suppress,2689,5081.0,4622.0,0.504853,0.0,False,1.0,non_human_findings,-1,0
405.tiff,find_and_suppress,2690,3195.0,1008.0,0.5047849,0.0,False,1.0,non_human_findings,-1,0
405.tiff,find_and_suppress,2691,6259.0,2622.0,0.50478446,0.0,False,1.0,non_human_findings,-1,0
405.tiff,find_and_suppress,2692,2053.0,3896.0,0.5047675,0.0,False,1.0,non_human_findings,-1,0
405.tiff,find_and_suppress,2693,6235.0,113.0,0.50473225,0.0,False,1.0,non_human_findings,-1,0
405.tiff,find_and_suppress,2694,85.0,4527.0,0.5047307,0.0,False,1.0,non_human_findings,-1,0
405.tiff,find_and_suppress,2695,1783.0,1028.0,0.5046865,0.0,False,1.0,non_human_findings,-1,0
405.tiff,find_and_suppress,2696,4349.0,3677.0,0.5046797,0.0,False,1.0,non_human_findings,-1,0
405.tiff,find_and_suppress,2697,2383.0,606.0,0.5046766,0.0,False,1.0,non_human_findings,-1,0
405.tiff,find_and_suppress,2698,5189.0,4406.0,0.50452554,0.0,False,1.0,non_human_findings,-1,0
405.tiff,find_and_suppress,2699,1717.0,1579.0,0.5043414,0.0,False,1.0,non_human_findings,-1,0
405.tiff,find_and_suppress,2700,2029.0,1876.0,0.504328,0.0,False,1.0,non_human_findings,-1,0
405.tiff,find_and_suppress,2701,1334.0,3156.0,0.5043056,0.0,False,1.0,non_human_findings,-1,0
405.tiff,find_and_suppress,2702,4078.0,97.0,0.5042852,0.0,False,1.0,non_human_findings,-1,0
405.tiff,find_and_suppress,2703,6481.0,1320.0,0.5042456,0.0,False,1.0,non_human_findings,-1,0
405.tiff,find_and_suppress,2704,3496.0,2535.0,0.5042055,0.0,False,1.0,non_human_findings,-1,0
405.tiff,find_and_suppress,2705,2482.0,2658.0,0.5042038,0.0,False,1.0,non_human_findings,-1,0
405.tiff,find_and_suppress,2706,4511.0,4806.0,0.50416744,0.0,False,1.0,non_human_findings,-1,0
405.tiff,find_and_suppress,2707,66.0,3270.0,0.5041534,0.0,False,1.0,non_human_findings,-1,0
405.tiff,find_and_suppress,2708,1627.0,118.0,0.50414366,0.0,False,1.0,non_human_findings,-1,0
405.tiff,find_and_suppress,2709,885.0,3917.0,0.50411004,0.0,False,1.0,non_human_findings,-1,0
405.tiff,find_and_suppress,2710,6530.0,2400.0,0.5041019,0.0,False,1.0,non_human_findings,-1,0
405.tiff,find_and_suppress,2711,4383.0,4500.0,0.5040818,0.0,False,1.0,non_human_findings,-1,0
405.tiff,find_and_suppress,2712,4855.0,4838.0,0.5040722,0.0,False,1.0,non_human_findings,-1,0
405.tiff,find_and_suppress,2713,4987.0,481.0,0.5040231,0.0,False,1.0,non_human_findings,-1,0
405.tiff,find_and_suppress,2714,2957.0,1409.0,0.50400364,0.0,False,1.0,non_human_findings,-1,0
405.tiff,find_and_suppress,2715,4449.0,1163.0,0.5039916,0.0,False,1.0,non_human_findings,-1,0
405.tiff,find_and_suppress,2716,443.0,2126.0,0.5039727,0.0,False,1.0,non_human_findings,-1,0
405.tiff,find_and_suppress,2717,548.0,1950.0,0.50393784,0.0,False,1.0,non_human_findings,-1,0
405.tiff,find_and_suppress,2718,944.0,1310.0,0.503893,0.0,False,1.0,non_human_findings,-1,0
405.tiff,find_and_suppress,2719,2058.0,841.0,0.5038783,0.0,False,1.0,non_human_findings,-1,0
405.tiff,find_and_suppress,2720,4561.0,306.0,0.50385255,0.0,False,1.0,non_human_findings,-1,0
405.tiff,find_and_suppress,2721,5353.0,1607.0,0.503764,0.0,False,1.0,non_human_findings,-1,0
405.tiff,find_and_suppress,2722,4738.0,3135.0,0.50368893,0.0,False,1.0,non_human_findings,-1,0
405.tiff,find_and_suppress,2723,4017.0,3567.0,0.5036118,0.0,False,1.0,non_human_findings,-1,0
405.tiff,find_and_suppress,2724,4423.0,3480.0,0.50354123,0.0,False,1.0,non_human_findings,-1,0
405.tiff,find_and_suppress,2725,5446.0,1923.0,0.5035032,0.0,False,1.0,non_human_findings,-1,0
405.tiff,find_and_suppress,2726,6407.0,536.0,0.5034426,0.0,False,1.0,non_human_findings,-1,0
405.tiff,find_and_suppress,2727,887.0,4147.0,0.5034199,0.0,False,1.0,non_human_findings,-1,0
405.tiff,find_and_suppress,2728,6515.0,735.0,0.5034042,0.0,False,1.0,non_human_findings,-1,0
405.tiff,find_and_suppress,2729,4865.0,3778.0,0.5033496,0.0,False,1.0,non_human_findings,-1,0
405.tiff,find_and_suppress,2730,6298.0,280.0,0.5032787,0.0,False,1.0,non_human_findings,-1,0
405.tiff,find_and_suppress,2731,5158.0,2921.0,0.50313026,0.0,False,1.0,non_human_findings,-1,0
405.tiff,find_and_suppress,2732,5650.0,4219.0,0.50310963,0.0,False,1.0,non_human_findings,-1,0
405.tiff,find_and_suppress,2733,3435.0,3081.0,0.50300527,0.0,False,1.0,non_human_findings,-1,0
405.tiff,find_and_suppress,2734,1327.0,1447.0,0.5030016,0.0,False,1.0,non_human_findings,-1,0
405.tiff,find_and_suppress,2735,3384.0,3856.0,0.5029738,0.0,False,1.0,non_human_findings,-1,0
405.tiff,find_and_suppress,2736,3469.0,407.0,0.5029637,0.0,False,1.0,non_human_findings,-1,0
405.tiff,find_and_suppress,2737,6018.0,4031.0,0.5029477,0.0,False,1.0,non_human_findings,-1,0
405.tiff,find_and_suppress,2738,3309.0,3352.0,0.50293875,0.0,False,1.0,non_human_findings,-1,0
405.tiff,find_and_suppress,2739,5492.0,4729.0,0.502919,0.0,False,1.0,non_human_findings,-1,0
405.tiff,find_and_suppress,2740,908.0,893.0,0.50291437,0.0,False,1.0,non_human_findings,-1,0
405.tiff,find_and_suppress,2741,1478.0,2542.0,0.50288755,0.0,False,1.0,non_human_findings,-1,0
405.tiff,find_and_suppress,2742,4099.0,4254.0,0.50281,0.0,False,1.0,non_human_findings,-1,0
405.tiff,find_and_suppress,2743,5300.0,3494.0,0.50277644,0.0,False,1.0,non_human_findings,-1,0
405.tiff,find_and_suppress,2744,1484.0,599.0,0.5027753,0.0,False,1.0,non_human_findings,-1,0
405.tiff,find_and_suppress,2745,2156.0,1521.0,0.5025917,0.0,False,1.0,non_human_findings,-1,0
405.tiff,find_and_suppress,2746,4068.0,4266.0,0.50259167,0.0,False,1.0,non_human_findings,-1,0
405.tiff,find_and_suppress,2747,2222.0,959.0,0.5025567,0.0,False,1.0,non_human_findings,-1,0
405.tiff,find_and_suppress,2748,2427.0,2327.0,0.5025276,0.0,False,1.0,non_human_findings,-1,0
405.tiff,find_and_suppress,2749,4972.0,2505.0,0.50248975,0.0,False,1.0,non_human_findings,-1,0
405.tiff,find_and_suppress,2750,1317.0,2232.0,0.50244206,0.0,False,1.0,non_human_findings,-1,0
405.tiff,find_and_suppress,2751,946.0,2959.0,0.50241333,0.0,False,1.0,non_human_findings,-1,0
405.tiff,find_and_suppress,2752,5787.0,1567.0,0.50239086,0.0,False,1.0,non_human_findings,-1,0
405.tiff,find_and_suppress,2753,752.0,4111.0,0.5023665,0.0,False,1.0,non_human_findings,-1,0
405.tiff,find_and_suppress,2754,1665.0,4508.0,0.50234663,0.0,False,1.0,non_human_findings,-1,0
405.tiff,find_and_suppress,2755,3480.0,4835.0,0.50229573,0.0,False,1.0,non_human_findings,-1,0
405.tiff,find_and_suppress,2756,365.0,2598.0,0.5022641,0.0,False,1.0,non_human_findings,-1,0
405.tiff,find_and_suppress,2757,2160.0,2599.0,0.5022594,0.0,False,1.0,non_human_findings,-1,0
405.tiff,find_and_suppress,2758,6049.0,3947.0,0.5021721,0.0,False,1.0,non_human_findings,-1,0
405.tiff,find_and_suppress,2759,584.0,761.0,0.5021637,0.0,False,1.0,non_human_findings,-1,0
405.tiff,find_and_suppress,2760,2415.0,3164.0,0.5020532,0.0,False,1.0,non_human_findings,-1,0
405.tiff,find_and_suppress,2761,6085.0,268.0,0.5020016,0.0,False,1.0,non_human_findings,-1,0
405.tiff,find_and_suppress,2762,6511.0,470.0,0.50192535,0.0,False,1.0,non_human_findings,-1,0
405.tiff,find_and_suppress,2763,680.0,3831.0,0.5019207,0.0,False,1.0,non_human_findings,-1,0
405.tiff,find_and_suppress,2764,2196.0,566.0,0.501881,0.0,False,1.0,non_human_findings,-1,0
405.tiff,find_and_suppress,2765,6529.0,3866.0,0.5018651,0.0,False,1.0,non_human_findings,-1,0
405.tiff,find_and_suppress,2766,2525.0,559.0,0.5017835,0.0,False,1.0,non_human_findings,-1,0
405.tiff,find_and_suppress,2767,5023.0,887.0,0.5017821,0.0,False,1.0,non_human_findings,-1,0
405.tiff,find_and_suppress,2768,5891.0,2583.0,0.50176156,0.0,False,1.0,non_human_findings,-1,0
405.tiff,find_and_suppress,2769,5778.0,3192.0,0.50174224,0.0,False,1.0,non_human_findings,-1,0
405.tiff,find_and_suppress,2770,5273.0,1073.0,0.50171584,0.0,False,1.0,non_human_findings,-1,0
405.tiff,find_and_suppress,2771,5570.0,1154.0,0.50170654,0.0,False,1.0,non_human_findings,-1,0
405.tiff,find_and_suppress,2772,1172.0,3782.0,0.5016658,0.0,False,1.0,non_human_findings,-1,0
405.tiff,find_and_suppress,2773,2412.0,2751.0,0.5014178,0.0,False,1.0,non_human_findings,-1,0
405.tiff,find_and_suppress,2774,6231.0,1548.0,0.50137097,0.0,False,1.0,non_human_findings,-1,0
405.tiff,find_and_suppress,2775,3418.0,2667.0,0.50134146,0.0,False,1.0,non_human_findings,-1,0
405.tiff,find_and_suppress,2776,5610.0,4481.0,0.50129604,0.0,False,1.0,non_human_findings,-1,0
405.tiff,find_and_suppress,2777,499.0,3913.0,0.50128806,0.0,False,1.0,non_human_findings,-1,0
405.tiff,find_and_suppress,2778,4210.0,2903.0,0.50124526,0.0,False,1.0,non_human_findings,-1,0
405.tiff,find_and_suppress,2779,4177.0,2380.0,0.50113195,0.0,False,1.0,non_human_findings,-1,0
405.tiff,find_and_suppress,2780,890.0,1120.0,0.5011121,0.0,False,1.0,non_human_findings,-1,0
405.tiff,find_and_suppress,2781,5255.0,3811.0,0.5011023,0.0,False,1.0,non_human_findings,-1,0
405.tiff,find_and_suppress,2782,4694.0,2330.0,0.50108063,0.0,False,1.0,non_human_findings,-1,0
405.tiff,find_and_suppress,2783,4061.0,4209.0,0.5010322,0.0,False,1.0,non_human_findings,-1,0
405.tiff,find_and_suppress,2784,1284.0,3424.0,0.50096846,0.0,False,1.0,non_human_findings,-1,0
405.tiff,find_and_suppress,2785,5668.0,49.0,0.50094867,0.0,False,1.0,non_human_findings,-1,0
405.tiff,find_and_suppress,2786,1893.0,3412.0,0.500926,0.0,False,1.0,non_human_findings,-1,0
405.tiff,find_and_suppress,2787,1348.0,754.0,0.50092435,0.0,False,1.0,non_human_findings,-1,0
405.tiff,find_and_suppress,2788,5690.0,438.0,0.5008793,0.0,False,1.0,non_human_findings,-1,0
405.tiff,find_and_suppress,2789,1416.0,3549.0,0.50078964,0.0,False,1.0,non_human_findings,-1,0
405.tiff,find_and_suppress,2790,1232.0,1278.0,0.50076944,0.0,False,1.0,non_human_findings,-1,0
405.tiff,find_and_suppress,2791,3989.0,3535.0,0.50075334,0.0,False,1.0,non_human_findings,-1,0
405.tiff,find_and_suppress,2792,5033.0,3690.0,0.5007393,0.0,False,1.0,non_human_findings,-1,0
405.tiff,find_and_suppress,2793,5548.0,857.0,0.5007342,0.0,False,1.0,non_human_findings,-1,0
405.tiff,find_and_suppress,2794,5210.0,2660.0,0.5006743,0.0,False,1.0,non_human_findings,-1,0
405.tiff,find_and_suppress,2795,5731.0,3096.0,0.50065315,0.0,False,1.0,non_human_findings,-1,0
405.tiff,find_and_suppress,2796,4624.0,1892.0,0.50061715,0.0,False,1.0,non_human_findings,-1,0
405.tiff,find_and_suppress,2797,2866.0,1740.0,0.50048685,0.0,False,1.0,non_human_findings,-1,0
405.tiff,find_and_suppress,2798,5161.0,3592.0,0.5004544,0.0,False,1.0,non_human_findings,-1,0
405.tiff,find_and_suppress,2799,2379.0,2932.0,0.5004419,0.0,False,1.0,non_human_findings,-1,0
405.tiff,find_and_suppress,2800,3741.0,4378.0,0.50035095,0.0,False,1.0,non_human_findings,-1,0
405.tiff,find_and_suppress,2801,756.0,1801.0,0.5002879,0.0,False,1.0,non_human_findings,-1,0
405.tiff,find_and_suppress,2802,2237.0,2450.0,0.50027335,0.0,False,1.0,non_human_findings,-1,0
405.tiff,find_and_suppress,2803,3816.0,1423.0,0.500271,0.0,False,1.0,non_human_findings,-1,0
405.tiff,find_and_suppress,2804,172.0,2936.0,0.50023013,0.0,False,1.0,non_human_findings,-1,0
405.tiff,find_and_suppress,2805,5320.0,2671.0,0.50021684,0.0,False,1.0,non_human_findings,-1,0
405.tiff,find_and_suppress,2806,5092.0,4563.0,0.50021344,0.0,False,1.0,non_human_findings,-1,0
405.tiff,find_and_suppress,2807,2159.0,61.0,0.50019395,0.0,False,1.0,non_human_findings,-1,0
405.tiff,find_and_suppress,2808,3768.0,1130.0,0.5001728,0.0,False,1.0,non_human_findings,-1,0
405.tiff,find_and_suppress,2809,219.0,552.0,0.5001708,0.0,False,1.0,non_human_findings,-1,0
405.tiff,find_and_suppress,2810,4896.0,4022.0,0.5001382,0.0,False,1.0,non_human_findings,-1,0
405.tiff,find_and_suppress,2811,6333.0,2939.0,0.5001255,0.0,False,1.0,non_human_findings,-1,0
405.tiff,find_and_suppress,2812,4135.0,4385.0,0.5000365,0.0,False,1.0,non_human_findings,-1,0
405.tiff,find_and_suppress,2813,6425.0,3633.0,0.5000324,0.0,False,1.0,non_human_findings,-1,0
405.tiff,find_and_suppress,2814,5259.0,1210.0,0.50001174,0.0,False,1.0,non_human_findings,-1,0
002.tiff,find_and_suppress,0,1334.0,4935.0,0.7920356,0.0,False,1.0,human_correct_label,14,1
002.tiff,find_and_suppress,1,6264.0,3214.0,0.76310056,0.0,False,1.0,human_correct_label,10,1
002.tiff,find_and_suppress,2,3876.0,5251.0,0.7480404,0.0,False,1.0,non_human_findings,-1,0
002.tiff,find_and_suppress,3,5084.0,1257.0,0.74328357,0.0,False,1.0,non_human_findings,-1,0
002.tiff,find_and_suppress,4,7069.0,2310.0,0.7348929,0.0,False,1.0,non_human_findings,-1,0
002.tiff,find_and_suppress,5,4049.0,4200.0,0.73336154,0.0,False,1.0,non_human_findings,-1,0
002.tiff,find_and_suppress,6,5778.0,4994.0,0.72953784,0.0,False,1.0,non_human_findings,-1,0
002.tiff,find_and_suppress,7,6452.0,4682.0,0.7272828,0.0,False,1.0,non_human_findings,-1,0
002.tiff,find_and_suppress,8,4261.0,4934.0,0.7271547,0.0,False,1.0,non_human_findings,-1,0
002.tiff,find_and_suppress,9,3914.0,626.0,0.7261858,0.0,False,1.0,non_human_findings,-1,0
002.tiff,find_and_suppress,10,173.0,920.0,0.7259051,0.0,False,1.0,non_human_findings,-1,0
002.tiff,find_and_suppress,11,3145.0,3170.0,0.7247235,0.0,False,1.0,non_human_findings,-1,0
002.tiff,find_and_suppress,12,6936.0,1965.0,0.7186324,0.0,False,1.0,non_human_findings,-1,0
002.tiff,find_and_suppress,13,883.0,425.0,0.71736157,0.0,False,1.0,non_human_findings,-1,0
002.tiff,find_and_suppress,14,898.0,1681.0,0.7157261,0.0,False,1.0,non_human_findings,-1,0
002.tiff,find_and_suppress,15,4643.0,4711.0,0.71496713,0.0,False,1.0,non_human_findings,-1,0
002.tiff,find_and_suppress,16,3761.0,4108.0,0.71326584,0.0,False,1.0,non_human_findings,-1,0
002.tiff,find_and_suppress,17,6571.0,2163.0,0.7121439,0.0,False,1.0,non_human_findings,-1,0
002.tiff,find_and_suppress,18,600.0,2041.0,0.70986,0.0,False,1.0,non_human_findings,-1,0
002.tiff,find_and_suppress,19,1510.0,5179.0,0.70966303,0.0,False,1.0,non_human_findings,-1,0
002.tiff,find_and_suppress,20,4657.0,4317.0,0.7081616,0.0,False,1.0,human_correct_label,13,1
002.tiff,find_and_suppress,21,3325.0,4325.0,0.7072148,0.0,False,1.0,non_human_findings,-1,0
002.tiff,find_and_suppress,22,50.0,1911.0,0.7033293,0.0,False,1.0,non_human_findings,-1,0
002.tiff,find_and_suppress,23,4718.0,1209.0,0.69929886,0.0,False,1.0,non_human_findings,-1,0
002.tiff,find_and_suppress,24,3399.0,4230.0,0.69790393,0.0,False,1.0,non_human_findings,-1,0
002.tiff,find_and_suppress,25,3724.0,3550.0,0.69775,0.0,False,1.0,non_human_findings,-1,0
002.tiff,find_and_suppress,26,7067.0,3816.0,0.69592345,0.0,False,1.0,human_rejected_label,11,2
002.tiff,find_and_suppress,27,3274.0,1475.0,0.69528675,0.0,False,1.0,non_human_findings,-1,0
002.tiff,find_and_suppress,28,876.0,2575.0,0.6943379,0.0,False,1.0,non_human_findings,-1,0
002.tiff,find_and_suppress,29,7000.0,558.0,0.69383496,0.0,False,1.0,non_human_findings,-1,0
002.tiff,find_and_suppress,30,2958.0,1331.0,0.6918441,0.0,False,1.0,non_human_findings,-1,0
002.tiff,find_and_suppress,31,3740.0,3843.0,0.6899698,0.0,False,1.0,non_human_findings,-1,0
002.tiff,find_and_suppress,32,764.0,2811.0,0.6897488,0.0,False,1.0,non_human_findings,-1,0
002.tiff,find_and_suppress,33,5687.0,5072.0,0.6886485,0.0,False,1.0,non_human_findings,-1,0
002.tiff,find_and_suppress,34,3996.0,4384.0,0.6884473,0.0,False,1.0,non_human_findings,-1,0
002.tiff,find_and_suppress,35,5857.0,3554.0,0.6883653,0.0,False,1.0,non_human_findings,-1,0
002.tiff,find_and_suppress,36,4115.0,4246.0,0.68712556,0.0,False,1.0,non_human_findings,-1,0
002.tiff,find_and_suppress,37,6952.0,4093.0,0.6869965,0.0,False,1.0,non_human_findings,-1,0
002.tiff,find_and_suppress,38,4740.0,1283.0,0.6866466,0.0,False,1.0,non_human_findings,-1,0
002.tiff,find_and_suppress,39,6873.0,1451.0,0.68602985,0.0,False,1.0,non_human_findings,-1,0
002.tiff,find_and_suppress,40,1929.0,1767.0,0.68563586,0.0,False,1.0,non_human_findings,-1,0
002.tiff,find_and_suppress,41,5661.0,4551.0,0.68542826,0.0,False,1.0,non_human_findings,-1,0
002.tiff,find_and_suppress,42,5130.0,3121.0,0.68529594,0.0,False,1.0,non_human_findings,-1,0
002.tiff,find_and_suppress,43,6188.0,4105.0,0.68217915,0.0,False,1.0,non_human_findings,-1,0
002.tiff,find_and_suppress,44,1651.0,4643.0,0.68206894,0.0,False,1.0,non_human_findings,-1,0
002.tiff,find_and_suppress,45,2534.0,3141.0,0.68179625,0.0,False,1.0,non_human_findings,-1,0
002.tiff,find_and_suppress,46,5100.0,3442.0,0.68148,0.0,False,1.0,non_human_findings,-1,0
002.tiff,find_and_suppress,47,1950.0,4812.0,0.6811249,0.0,False,1.0,non_human_findings,-1,0
002.tiff,find_and_suppress,48,3951.0,3399.0,0.681056,0.0,False,1.0,non_human_findings,-1,0
002.tiff,find_and_suppress,49,1543.0,1343.0,0.6809403,0.0,False,1.0,non_human_findings,-1,0
002.tiff,find_and_suppress,50,1178.0,3783.0,0.68026733,0.0,False,1.0,non_human_findings,-1,0
002.tiff,find_and_suppress,51,1897.0,4810.0,0.67912763,0.0,False,1.0,non_human_findings,-1,0
002.tiff,find_and_suppress,52,602.0,700.0,0.679088,0.0,False,1.0,non_human_findings,-1,0
002.tiff,find_and_suppress,53,5341.0,3274.0,0.6789422,0.0,False,1.0,human_correct_label,9,1
002.tiff,find_and_suppress,54,6308.0,5060.0,0.6785077,0.0,False,1.0,non_human_findings,-1,0
002.tiff,find_and_suppress,55,7045.0,3766.0,0.6779051,0.0,False,1.0,non_human_findings,-1,0
002.tiff,find_and_suppress,56,4676.0,3269.0,0.67583185,0.0,False,1.0,non_human_findings,-1,0
002.tiff,find_and_suppress,57,3229.0,677.0,0.67574465,0.0,False,1.0,non_human_findings,-1,0
002.tiff,find_and_suppress,58,6341.0,3356.0,0.6756066,0.0,False,1.0,non_human_findings,-1,0
002.tiff,find_and_suppress,59,6747.0,3868.0,0.6753584,0.0,False,1.0,non_human_findings,-1,0
002.tiff,find_and_suppress,60,4025.0,1398.0,0.67461514,0.0,False,1.0,non_human_findings,-1,0
002.tiff,find_and_suppress,61,5254.0,4631.0,0.6742149,0.0,False,1.0,non_human_findings,-1,0
002.tiff,find_and_suppress,62,3280.0,1649.0,0.6731601,0.0,False,1.0,non_human_findings,-1,0
002.tiff,find_and_suppress,63,3473.0,1867.0,0.67285234,0.0,False,1.0,non_human_findings,-1,0
002.tiff,find_and_suppress,64,2341.0,4225.0,0.67249686,0.0,False,1.0,non_human_findings,-1,0
002.tiff,find_and_suppress,65,6725.0,1615.0,0.67168325,0.0,False,1.0,non_human_findings,-1,0
002.tiff,find_and_suppress,66,1802.0,1614.0,0.67142254,0.0,False,1.0,non_human_findings,-1,0
002.tiff,find_and_suppress,67,6558.0,569.0,0.67025495,0.0,False,1.0,non_human_findings,-1,0
002.tiff,find_and_suppress,68,4806.0,4963.0,0.669413,0.0,False,1.0,non_human_findings,-1,0
002.tiff,find_and_suppress,69,6261.0,1863.0,0.66893166,0.0,False,1.0,non_human_findings,-1,0
002.tiff,find_and_suppress,70,4754.0,2442.0,0.66811293,0.0,False,1.0,non_human_findings,-1,0
002.tiff,find_and_suppress,71,5105.0,1073.0,0.66761947,0.0,False,1.0,non_human_findings,-1,0
002.tiff,find_and_suppress,72,2448.0,256.0,0.66743773,0.0,False,1.0,non_human_findings,-1,0
002.tiff,find_and_suppress,73,3013.0,3444.0,0.6674272,0.0,False,1.0,non_human_findings,-1,0
002.tiff,find_and_suppress,74,6122.0,2655.0,0.66674864,0.0,False,1.0,non_human_findings,-1,0
002.tiff,find_and_suppress,75,5343.0,4749.0,0.66501933,0.0,False,1.0,non_human_findings,-1,0
002.tiff,find_and_suppress,76,4189.0,670.0,0.66422695,0.0,False,1.0,non_human_findings,-1,0
002.tiff,find_and_suppress,77,5718.0,3738.0,0.66389215,0.0,False,1.0,non_human_findings,-1,0
002.tiff,find_and_suppress,78,5972.0,693.0,0.663887,0.0,False,1.0,non_human_findings,-1,0
002.tiff,find_and_suppress,79,4601.0,3287.0,0.66326135,0.0,False,1.0,non_human_findings,-1,0
002.tiff,find_and_suppress,80,3962.0,3095.0,0.6632069,0.0,False,1.0,non_human_findings,-1,0
002.tiff,find_and_suppress,81,5598.0,1813.0,0.6625441,0.0,False,1.0,non_human_findings,-1,0
002.tiff,find_and_suppress,82,6639.0,1643.0,0.66236216,0.0,False,1.0,non_human_findings,-1,0
002.tiff,find_and_suppress,83,625.0,602.0,0.662275,0.0,False,1.0,non_human_findings,-1,0
002.tiff,find_and_suppress,84,6976.0,2256.0,0.6612084,0.0,False,1.0,non_human_findings,-1,0
002.tiff,find_and_suppress,85,4060.0,4467.0,0.66100454,0.0,False,1.0,non_human_findings,-1,0
002.tiff,find_and_suppress,86,4702.0,5311.0,0.6609558,0.0,False,1.0,non_human_findings,-1,0
002.tiff,find_and_suppress,87,4051.0,4023.0,0.66094005,0.0,False,1.0,non_human_findings,-1,0
002.tiff,find_and_suppress,88,4479.0,4083.0,0.65965176,0.0,False,1.0,human_rejected_label,12,2
002.tiff,find_and_suppress,89,3632.0,3810.0,0.65945935,0.0,False,1.0,non_human_findings,-1,0
002.tiff,find_and_suppress,90,32.0,3180.0,0.6593878,0.0,False,1.0,non_human_findings,-1,0
002.tiff,find_and_suppress,91,929.0,3056.0,0.658878,0.0,False,1.0,non_human_findings,-1,0
002.tiff,find_and_suppress,92,3243.0,4713.0,0.6586864,0.0,False,1.0,non_human_findings,-1,0
002.tiff,find_and_suppress,93,2916.0,2835.0,0.65864986,0.0,False,1.0,non_human_findings,-1,0
002.tiff,find_and_suppress,94,6799.0,5069.0,0.6585602,0.0,False,1.0,non_human_findings,-1,0
002.tiff,find_and_suppress,95,5286.0,4303.0,0.6579837,0.0,False,1.0,non_human_findings,-1,0
002.tiff,find_and_suppress,96,5410.0,1015.0,0.65732455,0.0,False,1.0,non_human_findings,-1,0
002.tiff,find_and_suppress,97,251.0,3122.0,0.65577465,0.0,False,1.0,non_human_findings,-1,0
002.tiff,find_and_suppress,98,6422.0,1396.0,0.6549492,0.0,False,1.0,non_human_findings,-1,0
002.tiff,find_and_suppress,99,4837.0,1832.0,0.65489703,0.0,False,1.0,non_human_findings,-1,0
002.tiff,find_and_suppress,100,1201.0,2445.0,0.6548465,0.0,False,1.0,non_human_findings,-1,0
002.tiff,find_and_suppress,101,3936.0,2567.0,0.6546688,0.0,False,1.0,non_human_findings,-1,0
002.tiff,find_and_suppress,102,2967.0,811.0,0.65410954,0.0,False,1.0,non_human_findings,-1,0
002.tiff,find_and_suppress,103,6943.0,590.0,0.65404445,0.0,False,1.0,non_human_findings,-1,0
002.tiff,find_and_suppress,104,4956.0,878.0,0.65397376,0.0,False,1.0,non_human_findings,-1,0
002.tiff,find_and_suppress,105,2995.0,677.0,0.6539384,0.0,False,1.0,non_human_findings,-1,0
002.tiff,find_and_suppress,106,778.0,1750.0,0.6534717,0.0,False,1.0,non_human_findings,-1,0
002.tiff,find_and_suppress,107,3963.0,1077.0,0.65346485,0.0,False,1.0,non_human_findings,-1,0
002.tiff,find_and_suppress,108,1848.0,540.0,0.65341187,0.0,False,1.0,non_human_findings,-1,0
002.tiff,find_and_suppress,109,6163.0,1720.0,0.652826,0.0,False,1.0,non_human_findings,-1,0
002.tiff,find_and_suppress,110,7158.0,4667.0,0.6522337,0.0,False,1.0,non_human_findings,-1,0
002.tiff,find_and_suppress,111,4420.0,915.0,0.6519512,0.0,False,1.0,non_human_findings,-1,0
002.tiff,find_and_suppress,112,2495.0,1534.0,0.65145266,0.0,False,1.0,non_human_findings,-1,0
002.tiff,find_and_suppress,113,3608.0,2069.0,0.6493826,0.0,False,1.0,non_human_findings,-1,0
002.tiff,find_and_suppress,114,1162.0,4232.0,0.64926666,0.0,False,1.0,non_human_findings,-1,0
002.tiff,find_and_suppress,115,6155.0,2895.0,0.6491745,0.0,False,1.0,non_human_findings,-1,0
002.tiff,find_and_suppress,116,4606.0,1454.0,0.6490126,0.0,False,1.0,non_human_findings,-1,0
002.tiff,find_and_suppress,117,921.0,2290.0,0.64898753,0.0,False,1.0,non_human_findings,-1,0
002.tiff,find_and_suppress,118,4098.0,1431.0,0.64884746,0.0,False,1.0,non_human_findings,-1,0
002.tiff,find_and_suppress,119,1867.0,4018.0,0.6486256,0.0,False,1.0,non_human_findings,-1,0
002.tiff,find_and_suppress,120,919.0,323.0,0.6483223,0.0,False,1.0,non_human_findings,-1,0
002.tiff,find_and_suppress,121,3313.0,176.0,0.6476483,0.0,False,1.0,non_human_findings,-1,0
002.tiff,find_and_suppress,122,2874.0,628.0,0.64752537,0.0,False,1.0,non_human_findings,-1,0
002.tiff,find_and_suppress,123,4362.0,2905.0,0.64749575,0.0,False,1.0,non_human_findings,-1,0
002.tiff,find_and_suppress,124,369.0,5170.0,0.6469616,0.0,False,1.0,non_human_findings,-1,0
002.tiff,find_and_suppress,125,3707.0,5270.0,0.6466366,0.0,False,1.0,human_rejected_label,16,2
002.tiff,find_and_suppress,126,5150.0,3419.0,0.6466321,0.0,False,1.0,non_human_findings,-1,0
002.tiff,find_and_suppress,127,2061.0,3556.0,0.6465756,0.0,False,1.0,non_human_findings,-1,0
002.tiff,find_and_suppress,128,376.0,1518.0,0.64654106,0.0,False,1.0,non_human_findings,-1,0
002.tiff,find_and_suppress,129,4371.0,797.0,0.6464766,0.0,False,1.0,non_human_findings,-1,0
002.tiff,find_and_suppress,130,1287.0,3893.0,0.64640313,0.0,False,1.0,non_human_findings,-1,0
002.tiff,find_and_suppress,131,5202.0,2555.0,0.64615273,0.0,False,1.0,non_human_findings,-1,0
002.tiff,find_and_suppress,132,7061.0,913.0,0.6456488,0.0,False,1.0,non_human_findings,-1,0
002.tiff,find_and_suppress,133,4772.0,1107.0,0.6456065,0.0,False,1.0,non_human_findings,-1,0
002.tiff,find_and_suppress,134,3742.0,5366.0,0.64536047,0.0,False,1.0,non_human_findings,-1,0
002.tiff,find_and_suppress,135,6195.0,5091.0,0.6450452,0.0,False,1.0,non_human_findings,-1,0
002.tiff,find_and_suppress,136,5898.0,4374.0,0.6446354,0.0,False,1.0,non_human_findings,-1,0
002.tiff,find_and_suppress,137,5635.0,4151.0,0.6446105,0.0,False,1.0,non_human_findings,-1,0
002.tiff,find_and_suppress,138,4187.0,270.0,0.6440461,0.0,False,1.0,non_human_findings,-1,0
002.tiff,find_and_suppress,139,4454.0,3142.0,0.64404577,0.0,False,1.0,non_human_findings,-1,0
002.tiff,find_and_suppress,140,3493.0,4414.0,0.64399546,0.0,False,1.0,non_human_findings,-1,0
002.tiff,find_and_suppress,141,6399.0,555.0,0.6438409,0.0,False,1.0,non_human_findings,-1,0
002.tiff,find_and_suppress,142,6637.0,257.0,0.6437906,0.0,False,1.0,non_human_findings,-1,0
002.tiff,find_and_suppress,143,6631.0,4189.0,0.6436959,0.0,False,1.0,non_human_findings,-1,0
002.tiff,find_and_suppress,144,3323.0,3813.0,0.643601,0.0,False,1.0,non_human_findings,-1,0
002.tiff,find_and_suppress,145,537.0,186.0,0.64334786,0.0,False,1.0,non_human_findings,-1,0
002.tiff,find_and_suppress,146,3717.0,745.0,0.6429713,0.0,False,1.0,non_human_findings,-1,0
002.tiff,find_and_suppress,147,2212.0,2172.0,0.64215815,0.0,False,1.0,non_human_findings,-1,0
002.tiff,find_and_suppress,148,4561.0,1599.0,0.6418528,0.0,False,1.0,non_human_findings,-1,0
002.tiff,find_and_suppress,149,6820.0,3371.0,0.6410854,0.0,False,1.0,non_human_findings,-1,0
002.tiff,find_and_suppress,150,5105.0,3017.0,0.6405457,0.0,False,1.0,non_human_findings,-1,0
002.tiff,find_and_suppress,151,6261.0,5065.0,0.6395585,0.0,False,1.0,non_human_findings,-1,0
002.tiff,find_and_suppress,152,2706.0,2458.0,0.6393492,0.0,False,1.0,non_human_findings,-1,0
002.tiff,find_and_suppress,153,7117.0,2075.0,0.6391476,0.0,False,1.0,non_human_findings,-1,0
002.tiff,find_and_suppress,154,3375.0,1211.0,0.6391191,0.0,False,1.0,non_human_findings,-1,0
002.tiff,find_and_suppress,155,5953.0,2854.0,0.63901764,0.0,False,1.0,non_human_findings,-1,0
002.tiff,find_and_suppress,156,3776.0,964.0,0.6382735,0.0,False,1.0,non_human_findings,-1,0
002.tiff,find_and_suppress,157,5613.0,1351.0,0.6382104,0.0,False,1.0,non_human_findings,-1,0
002.tiff,find_and_suppress,158,1230.0,4789.0,0.63783246,0.0,False,1.0,non_human_findings,-1,0
002.tiff,find_and_suppress,159,1132.0,5220.0,0.63751036,0.0,False,1.0,non_human_findings,-1,0
002.tiff,find_and_suppress,160,3985.0,1770.0,0.6373141,0.0,False,1.0,non_human_findings,-1,0
002.tiff,find_and_suppress,161,2513.0,3088.0,0.6371007,0.0,False,1.0,non_human_findings,-1,0
002.tiff,find_and_suppress,162,3409.0,334.0,0.6370954,0.0,False,1.0,non_human_findings,-1,0
002.tiff,find_and_suppress,163,7182.0,410.0,0.6369976,0.0,False,1.0,non_human_findings,-1,0
002.tiff,find_and_suppress,164,6211.0,561.0,0.6365351,0.0,False,1.0,non_human_findings,-1,0
002.tiff,find_and_suppress,165,3483.0,3741.0,0.6364896,0.0,False,1.0,non_human_findings,-1,0
002.tiff,find_and_suppress,166,2907.0,187.0,0.63635117,0.0,False,1.0,non_human_findings,-1,0
002.tiff,find_and_suppress,167,3728.0,3195.0,0.63609797,0.0,False,1.0,non_human_findings,-1,0
002.tiff,find_and_suppress,168,2578.0,1486.0,0.63597995,0.0,False,1.0,non_human_findings,-1,0
002.tiff,find_and_suppress,169,4091.0,491.0,0.63578427,0.0,False,1.0,non_human_findings,-1,0
002.tiff,find_and_suppress,170,5854.0,3284.0,0.63517714,0.0,False,1.0,non_human_findings,-1,0
002.tiff,find_and_suppress,171,5674.0,2754.0,0.6346314,0.0,False,1.0,non_human_findings,-1,0
002.tiff,find_and_suppress,172,990.0,4189.0,0.63438123,0.0,False,1.0,non_human_findings,-1,0
002.tiff,find_and_suppress,173,4437.0,3614.0,0.63422066,0.0,False,1.0,non_human_findings,-1,0
002.tiff,find_and_suppress,174,4711.0,2098.0,0.6336043,0.0,False,1.0,non_human_findings,-1,0
002.tiff,find_and_suppress,175,5039.0,4978.0,0.63307077,0.0,False,1.0,non_human_findings,-1,0
002.tiff,find_and_suppress,176,3284.0,3559.0,0.6328408,0.0,False,1.0,non_human_findings,-1,0
002.tiff,find_and_suppress,177,4187.0,1041.0,0.63284063,0.0,False,1.0,non_human_findings,-1,0
002.tiff,find_and_suppress,178,1319.0,468.0,0.6324597,0.0,False,1.0,non_human_findings,-1,0
002.tiff,find_and_suppress,179,6988.0,2104.0,0.63180685,0.0,False,1.0,non_human_findings,-1,0
002.tiff,find_and_suppress,180,7056.0,4110.0,0.63173443,0.0,False,1.0,non_human_findings,-1,0
002.tiff,find_and_suppress,181,213.0,239.0,0.63109225,0.0,False,1.0,non_human_findings,-1,0
002.tiff,find_and_suppress,182,4487.0,4608.0,0.63072443,0.0,False,1.0,non_human_findings,-1,0
002.tiff,find_and_suppress,183,5182.0,3108.0,0.6301723,0.0,False,1.0,non_human_findings,-1,0
002.tiff,find_and_suppress,184,2940.0,448.0,0.6301273,0.0,False,1.0,non_human_findings,-1,0
002.tiff,find_and_suppress,185,244.0,638.0,0.6301093,0.0,False,1.0,non_human_findings,-1,0
002.tiff,find_and_suppress,186,932.0,3575.0,0.630059,0.0,False,1.0,non_human_findings,-1,0
002.tiff,find_and_suppress,187,6238.0,1643.0,0.63001704,0.0,False,1.0,non_human_findings,-1,0
002.tiff,find_and_suppress,188,1480.0,2631.0,0.63,0.0,False,1.0,non_human_findings,-1,0
002.tiff,find_and_suppress,189,5252.0,3003.0,0.6297977,0.0,False,1.0,non_human_findings,-1,0
002.tiff,find_and_suppress,190,2333.0,2755.0,0.6294937,0.0,False,1.0,non_human_findings,-1,0
002.tiff,find_and_suppress,191,2999.0,3840.0,0.62944824,0.0,False,1.0,non_human_findings,-1,0
002.tiff,find_and_suppress,192,1417.0,4037.0,0.62906456,0.0,False,1.0,non_human_findings,-1,0
002.tiff,find_and_suppress,193,3691.0,5351.0,0.6288019,0.0,False,1.0,non_human_findings,-1,0
002.tiff,find_and_suppress,194,6400.0,4540.0,0.6287529,0.0,False,1.0,non_human_findings,-1,0
002.tiff,find_and_suppress,195,87.0,1803.0,0.6284253,0.0,False,1.0,non_human_findings,-1,0
002.tiff,find_and_suppress,196,5815.0,862.0,0.62803376,0.0,False,1.0,non_human_findings,-1,0
002.tiff,find_and_suppress,197,5693.0,4919.0,0.6279008,0.0,False,1.0,non_human_findings,-1,0
002.tiff,find_and_suppress,198,7117.0,3825.0,0.6276146,0.0,False,1.0,non_human_findings,-1,0
002.tiff,find_and_suppress,199,3610.0,4269.0,0.6274894,0.0,False,1.0,non_human_findings,-1,0
002.tiff,find_and_suppress,200,6860.0,3630.0,0.62744796,0.0,False,1.0,non_human_findings,-1,0
002.tiff,find_and_suppress,201,4024.0,1455.0,0.62740886,0.0,False,1.0,non_human_findings,-1,0
002.tiff,find_and_suppress,202,3363.0,1952.0,0.6272924,0.0,False,1.0,non_human_findings,-1,0
002.tiff,find_and_suppress,203,3080.0,43.0,0.6272504,0.0,False,1.0,non_human_findings,-1,0
002.tiff,find_and_suppress,204,47.0,1067.0,0.6271868,0.0,False,1.0,non_human_findings,-1,0
002.tiff,find_and_suppress,205,3303.0,3072.0,0.6270111,0.0,False,1.0,non_human_findings,-1,0
002.tiff,find_and_suppress,206,3197.0,4436.0,0.6269255,0.0,False,1.0,non_human_findings,-1,0
002.tiff,find_and_suppress,207,531.0,2810.0,0.62678695,0.0,False,1.0,non_human_findings,-1,0
002.tiff,find_and_suppress,208,3449.0,3654.0,0.6265754,0.0,False,1.0,non_human_findings,-1,0
002.tiff,find_and_suppress,209,1959.0,4613.0,0.62618315,0.0,False,1.0,non_human_findings,-1,0
002.tiff,find_and_suppress,210,3900.0,975.0,0.6261208,0.0,False,1.0,non_human_findings,-1,0
002.tiff,find_and_suppress,211,2920.0,4071.0,0.62606996,0.0,False,1.0,non_human_findings,-1,0
002.tiff,find_and_suppress,212,4783.0,150.0,0.6258611,0.0,False,1.0,non_human_findings,-1,0
002.tiff,find_and_suppress,213,4740.0,2919.0,0.6254342,0.0,False,1.0,non_human_findings,-1,0
002.tiff,find_and_suppress,214,5109.0,4438.0,0.6252855,0.0,False,1.0,non_human_findings,-1,0
002.tiff,find_and_suppress,215,4365.0,5235.0,0.62525266,0.0,False,1.0,human_rejected_label,15,2
002.tiff,find_and_suppress,216,1501.0,140.0,0.62521124,0.0,False,1.0,non_human_findings,-1,0
002.tiff,find_and_suppress,217,5167.0,4923.0,0.6246565,0.0,False,1.0,non_human_findings,-1,0
002.tiff,find_and_suppress,218,5542.0,1824.0,0.62460655,0.0,False,1.0,non_human_findings,-1,0
002.tiff,find_and_suppress,219,1421.0,28.0,0.624442,0.0,False,1.0,non_human_findings,-1,0
002.tiff,find_and_suppress,220,6567.0,3089.0,0.62394553,0.0,False,1.0,non_human_findings,-1,0
002.tiff,find_and_suppress,221,4270.0,4105.0,0.6239294,0.0,False,1.0,non_human_findings,-1,0
002.tiff,find_and_suppress,222,6001.0,1203.0,0.6237533,0.0,False,1.0,non_human_findings,-1,0
002.tiff,find_and_suppress,223,4746.0,1639.0,0.62363195,0.0,False,1.0,non_human_findings,-1,0
002.tiff,find_and_suppress,224,5914.0,4692.0,0.6233274,0.0,False,1.0,non_human_findings,-1,0
002.tiff,find_and_suppress,225,420.0,3724.0,0.6231793,0.0,False,1.0,non_human_findings,-1,0
002.tiff,find_and_suppress,226,4039.0,3595.0,0.6229301,0.0,False,1.0,non_human_findings,-1,0
002.tiff,find_and_suppress,227,3829.0,5172.0,0.6229235,0.0,False,1.0,non_human_findings,-1,0
002.tiff,find_and_suppress,228,5962.0,5325.0,0.6225074,0.0,False,1.0,non_human_findings,-1,0
002.tiff,find_and_suppress,229,3946.0,3309.0,0.6222496,0.0,False,1.0,non_human_findings,-1,0
002.tiff,find_and_suppress,230,993.0,2683.0,0.62215126,0.0,False,1.0,non_human_findings,-1,0
002.tiff,find_and_suppress,231,4907.0,1013.0,0.62195134,0.0,False,1.0,non_human_findings,-1,0
002.tiff,find_and_suppress,232,1610.0,2383.0,0.62181664,0.0,False,1.0,non_human_findings,-1,0
002.tiff,find_and_suppress,233,6999.0,4264.0,0.6213945,0.0,False,1.0,non_human_findings,-1,0
002.tiff,find_and_suppress,234,5442.0,5025.0,0.6212938,0.0,False,1.0,non_human_findings,-1,0
002.tiff,find_and_suppress,235,2544.0,2398.0,0.6211061,0.0,False,1.0,non_human_findings,-1,0
002.tiff,find_and_suppress,236,4208.0,3195.0,0.6210879,0.0,False,1.0,non_human_findings,-1,0
002.tiff,find_and_suppress,237,2763.0,930.0,0.62085885,0.0,False,1.0,non_human_findings,-1,0
002.tiff,find_and_suppress,238,4501.0,140.0,0.6208433,0.0,False,1.0,non_human_findings,-1,0
002.tiff,find_and_suppress,239,3901.0,3975.0,0.62071043,0.0,False,1.0,non_human_findings,-1,0
002.tiff,find_and_suppress,240,5312.0,269.0,0.62064517,0.0,False,1.0,non_human_findings,-1,0
002.tiff,find_and_suppress,241,3186.0,4876.0,0.6206448,0.0,False,1.0,non_human_findings,-1,0
002.tiff,find_and_suppress,242,6817.0,5187.0,0.62061155,0.0,False,1.0,non_human_findings,-1,0
002.tiff,find_and_suppress,243,6026.0,3458.0,0.6203282,0.0,False,1.0,non_human_findings,-1,0
002.tiff,find_and_suppress,244,5117.0,3297.0,0.6201375,0.0,False,1.0,non_human_findings,-1,0
002.tiff,find_and_suppress,245,914.0,1323.0,0.62003005,0.0,False,1.0,non_human_findings,-1,0
002.tiff,find_and_suppress,246,5870.0,3475.0,0.6199408,0.0,False,1.0,non_human_findings,-1,0
002.tiff,find_and_suppress,247,4879.0,4381.0,0.6199165,0.0,False,1.0,non_human_findings,-1,0
002.tiff,find_and_suppress,248,4361.0,1666.0,0.61979336,0.0,False,1.0,non_human_findings,-1,0
002.tiff,find_and_suppress,249,195.0,1406.0,0.61956054,0.0,False,1.0,non_human_findings,-1,0
002.tiff,find_and_suppress,250,6280.0,4969.0,0.6191571,0.0,False,1.0,non_human_findings,-1,0
002.tiff,find_and_suppress,251,3586.0,3704.0,0.61905324,0.0,False,1.0,non_human_findings,-1,0
002.tiff,find_and_suppress,252,4454.0,744.0,0.6189349,0.0,False,1.0,non_human_findings,-1,0
002.tiff,find_and_suppress,253,3619.0,1413.0,0.6188969,0.0,False,1.0,non_human_findings,-1,0
002.tiff,find_and_suppress,254,4294.0,834.0,0.6188123,0.0,False,1.0,non_human_findings,-1,0
002.tiff,find_and_suppress,255,1699.0,1293.0,0.6187148,0.0,False,1.0,non_human_findings,-1,0
002.tiff,find_and_suppress,256,3670.0,1598.0,0.6186045,0.0,False,1.0,non_human_findings,-1,0
002.tiff,find_and_suppress,257,5691.0,4511.0,0.61859107,0.0,False,1.0,non_human_findings,-1,0
002.tiff,find_and_suppress,258,455.0,1218.0,0.6181024,0.0,False,1.0,non_human_findings,-1,0
002.tiff,find_and_suppress,259,2362.0,4932.0,0.6180943,0.0,False,1.0,non_human_findings,-1,0
002.tiff,find_and_suppress,260,6225.0,2169.0,0.618046,0.0,False,1.0,non_human_findings,-1,0
002.tiff,find_and_suppress,261,4912.0,1391.0,0.61733806,0.0,False,1.0,non_human_findings,-1,0
002.tiff,find_and_suppress,262,3878.0,2314.0,0.617321,0.0,False,1.0,non_human_findings,-1,0
002.tiff,find_and_suppress,263,5524.0,4365.0,0.6171011,0.0,False,1.0,non_human_findings,-1,0
002.tiff,find_and_suppress,264,5970.0,3033.0,0.6170238,0.0,False,1.0,non_human_findings,-1,0
002.tiff,find_and_suppress,265,3970.0,3589.0,0.61652124,0.0,False,1.0,non_human_findings,-1,0
002.tiff,find_and_suppress,266,5284.0,5115.0,0.616262,0.0,False,1.0,non_human_findings,-1,0
002.tiff,find_and_suppress,267,223.0,2362.0,0.61619246,0.0,False,1.0,non_human_findings,-1,0
002.tiff,find_and_suppress,268,5926.0,5267.0,0.6161791,0.0,False,1.0,non_human_findings,-1,0
002.tiff,find_and_suppress,269,5190.0,4126.0,0.61611414,0.0,False,1.0,non_human_findings,-1,0
002.tiff,find_and_suppress,270,4150.0,4383.0,0.61575776,0.0,False,1.0,non_human_findings,-1,0
002.tiff,find_and_suppress,271,5110.0,2178.0,0.61569107,0.0,False,1.0,non_human_findings,-1,0
002.tiff,find_and_suppress,272,1513.0,4005.0,0.6156742,0.0,False,1.0,non_human_findings,-1,0
002.tiff,find_and_suppress,273,3545.0,4140.0,0.61567223,0.0,False,1.0,non_human_findings,-1,0
002.tiff,find_and_suppress,274,3621.0,3225.0,0.6155579,0.0,False,1.0,non_human_findings,-1,0
002.tiff,find_and_suppress,275,7049.0,1164.0,0.6153449,0.0,False,1.0,non_human_findings,-1,0
002.tiff,find_and_suppress,276,5591.0,3129.0,0.61533594,0.0,False,1.0,non_human_findings,-1,0
002.tiff,find_and_suppress,277,2387.0,2119.0,0.61526394,0.0,False,1.0,non_human_findings,-1,0
002.tiff,find_and_suppress,278,5944.0,332.0,0.6151772,0.0,False,1.0,non_human_findings,-1,0
002.tiff,find_and_suppress,279,6600.0,4485.0,0.6150671,0.0,False,1.0,non_human_findings,-1,0
002.tiff,find_and_suppress,280,6287.0,5145.0,0.61476207,0.0,False,1.0,non_human_findings,-1,0
002.tiff,find_and_suppress,281,2815.0,1622.0,0.61473775,0.0,False,1.0,non_human_findings,-1,0
002.tiff,find_and_suppress,282,1110.0,1068.0,0.6146977,0.0,False,1.0,non_human_findings,-1,0
002.tiff,find_and_suppress,283,6013.0,5115.0,0.6146716,0.0,False,1.0,non_human_findings,-1,0
002.tiff,find_and_suppress,284,6939.0,933.0,0.6146565,0.0,False,1.0,non_human_findings,-1,0
002.tiff,find_and_suppress,285,4989.0,1988.0,0.614411,0.0,False,1.0,non_human_findings,-1,0
002.tiff,find_and_suppress,286,3499.0,2775.0,0.614374,0.0,False,1.0,non_human_findings,-1,0
002.tiff,find_and_suppress,287,6832.0,162.0,0.6142927,0.0,False,1.0,non_human_findings,-1,0
002.tiff,find_and_suppress,288,4374.0,4908.0,0.6142543,0.0,False,1.0,non_human_findings,-1,0
002.tiff,find_and_suppress,289,3750.0,4161.0,0.61370397,0.0,False,1.0,non_human_findings,-1,0
002.tiff,find_and_suppress,290,1754.0,3485.0,0.61368775,0.0,False,1.0,non_human_findings,-1,0
002.tiff,find_and_suppress,291,6738.0,1546.0,0.6134489,0.0,False,1.0,non_human_findings,-1,0
002.tiff,find_and_suppress,292,4834.0,4586.0,0.61336404,0.0,False,1.0,non_human_findings,-1,0
002.tiff,find_and_suppress,293,6315.0,2741.0,0.613313,0.0,False,1.0,non_human_findings,-1,0
002.tiff,find_and_suppress,294,2613.0,719.0,0.6132347,0.0,False,1.0,non_human_findings,-1,0
002.tiff,find_and_suppress,295,1706.0,4422.0,0.6132235,0.0,False,1.0,non_human_findings,-1,0
002.tiff,find_and_suppress,296,5016.0,1494.0,0.613132,0.0,False,1.0,non_human_findings,-1,0
002.tiff,find_and_suppress,297,6273.0,3709.0,0.6131073,0.0,False,1.0,non_human_findings,-1,0
002.tiff,find_and_suppress,298,2811.0,4414.0,0.6130703,0.0,False,1.0,non_human_findings,-1,0
002.tiff,find_and_suppress,299,6551.0,1350.0,0.6127446,0.0,False,1.0,non_human_findings,-1,0
002.tiff,find_and_suppress,300,7101.0,2351.0,0.61255646,0.0,False,1.0,non_human_findings,-1,0
002.tiff,find_and_suppress,301,3355.0,5211.0,0.61255616,0.0,False,1.0,non_human_findings,-1,0
002.tiff,find_and_suppress,302,1149.0,1885.0,0.61238515,0.0,False,1.0,non_human_findings,-1,0
002.tiff,find_and_suppress,303,5452.0,4655.0,0.6123601,0.0,False,1.0,non_human_findings,-1,0
002.tiff,find_and_suppress,304,7186.0,3905.0,0.6122325,0.0,False,1.0,non_human_findings,-1,0
002.tiff,find_and_suppress,305,282.0,3223.0,0.6121949,0.0,False,1.0,non_human_findings,-1,0
002.tiff,find_and_suppress,306,2815.0,1109.0,0.6120532,0.0,False,1.0,non_human_findings,-1,0
002.tiff,find_and_suppress,307,3578.0,2631.0,0.6120196,0.0,False,1.0,non_human_findings,-1,0
002.tiff,find_and_suppress,308,1012.0,4671.0,0.6117286,0.0,False,1.0,non_human_findings,-1,0
002.tiff,find_and_suppress,309,4971.0,3122.0,0.6116497,0.0,False,1.0,non_human_findings,-1,0
002.tiff,find_and_suppress,310,2183.0,189.0,0.6114862,0.0,False,1.0,non_human_findings,-1,0
002.tiff,find_and_suppress,311,5869.0,1664.0,0.6113959,0.0,False,1.0,non_human_findings,-1,0
002.tiff,find_and_suppress,312,6773.0,3406.0,0.61139435,0.0,False,1.0,non_human_findings,-1,0
002.tiff,find_and_suppress,313,475.0,3599.0,0.6113445,0.0,False,1.0,non_human_findings,-1,0
002.tiff,find_and_suppress,314,4107.0,591.0,0.61090523,0.0,False,1.0,non_human_findings,-1,0
002.tiff,find_and_suppress,315,1577.0,4145.0,0.61057544,0.0,False,1.0,non_human_findings,-1,0
002.tiff,find_and_suppress,316,730.0,2735.0,0.6105626,0.0,False,1.0,non_human_findings,-1,0
002.tiff,find_and_suppress,317,1146.0,2168.0,0.61040664,0.0,False,1.0,non_human_findings,-1,0
002.tiff,find_and_suppress,318,2323.0,712.0,0.61004275,0.0,False,1.0,non_human_findings,-1,0
002.tiff,find_and_suppress,319,6351.0,5131.0,0.60966986,0.0,False,1.0,non_human_findings,-1,0
002.tiff,find_and_suppress,320,4170.0,3729.0,0.60930645,0.0,False,1.0,non_human_findings,-1,0
002.tiff,find_and_suppress,321,3470.0,1606.0,0.60893714,0.0,False,1.0,non_human_findings,-1,0
002.tiff,find_and_suppress,322,6135.0,2780.0,0.60891324,0.0,False,1.0,non_human_findings,-1,0
002.tiff,find_and_suppress,323,412.0,4010.0,0.60883546,0.0,False,1.0,non_human_findings,-1,0
002.tiff,find_and_suppress,324,2375.0,537.0,0.60869753,0.0,False,1.0,non_human_findings,-1,0
002.tiff,find_and_suppress,325,5540.0,4292.0,0.6086645,0.0,False,1.0,non_human_findings,-1,0
002.tiff,find_and_suppress,326,5362.0,4861.0,0.60862404,0.0,False,1.0,non_human_findings,-1,0
002.tiff,find_and_suppress,327,5442.0,5142.0,0.608588,0.0,False,1.0,non_human_findings,-1,0
002.tiff,find_and_suppress,328,5424.0,1682.0,0.6085326,0.0,False,1.0,non_human_findings,-1,0
002.tiff,find_and_suppress,329,4751.0,4221.0,0.6082349,0.0,False,1.0,non_human_findings,-1,0
002.tiff,find_and_suppress,330,1569.0,4243.0,0.60803556,0.0,False,1.0,non_human_findings,-1,0
002.tiff,find_and_suppress,331,3445.0,4955.0,0.6076749,0.0,False,1.0,non_human_findings,-1,0
002.tiff,find_and_suppress,332,4871.0,761.0,0.6074236,0.0,False,1.0,non_human_findings,-1,0
002.tiff,find_and_suppress,333,526.0,66.0,0.6074138,0.0,False,1.0,non_human_findings,-1,0
002.tiff,find_and_suppress,334,4608.0,2362.0,0.6072872,0.0,False,1.0,human_rejected_label,19,2
002.tiff,find_and_suppress,335,6524.0,1906.0,0.6072321,0.0,False,1.0,non_human_findings,-1,0
002.tiff,find_and_suppress,336,1462.0,2561.0,0.60720533,0.0,False,1.0,non_human_findings,-1,0
002.tiff,find_and_suppress,337,3003.0,4029.0,0.60698724,0.0,False,1.0,non_human_findings,-1,0
002.tiff,find_and_suppress,338,3667.0,2573.0,0.6067666,0.0,False,1.0,non_human_findings,-1,0
002.tiff,find_and_suppress,339,6747.0,3655.0,0.6066671,0.0,False,1.0,non_human_findings,-1,0
002.tiff,find_and_suppress,340,5434.0,4140.0,0.6066539,0.0,False,1.0,non_human_findings,-1,0
002.tiff,find_and_suppress,341,2219.0,1476.0,0.60660493,0.0,False,1.0,non_human_findings,-1,0
002.tiff,find_and_suppress,342,2886.0,2282.0,0.6063546,0.0,False,1.0,non_human_findings,-1,0
002.tiff,find_and_suppress,343,6769.0,2309.0,0.60631293,0.0,False,1.0,non_human_findings,-1,0
002.tiff,find_and_suppress,344,6145.0,4826.0,0.6059087,0.0,False,1.0,non_human_findings,-1,0
002.tiff,find_and_suppress,345,249.0,1276.0,0.6058013,0.0,False,1.0,non_human_findings,-1,0
002.tiff,find_and_suppress,346,2220.0,1608.0,0.605535,0.0,False,1.0,non_human_findings,-1,0
002.tiff,find_and_suppress,347,5786.0,69.0,0.60540044,0.0,False,1.0,non_human_findings,-1,0
002.tiff,find_and_suppress,348,3319.0,1470.0,0.6053044,0.0,False,1.0,non_human_findings,-1,0
002.tiff,find_and_suppress,349,3344.0,4679.0,0.60484874,0.0,False,1.0,non_human_findings,-1,0
002.tiff,find_and_suppress,350,1782.0,2992.0,0.60467786,0.0,False,1.0,non_human_findings,-1,0
002.tiff,find_and_suppress,351,5096.0,762.0,0.6046279,0.0,False,1.0,non_human_findings,-1,0
002.tiff,find_and_suppress,352,2069.0,5385.0,0.60451776,0.0,False,1.0,non_human_findings,-1,0
002.tiff,find_and_suppress,353,5311.0,447.0,0.6043125,0.0,False,1.0,non_human_findings,-1,0
002.tiff,find_and_suppress,354,3675.0,4688.0,0.604173,0.0,False,1.0,non_human_findings,-1,0
002.tiff,find_and_suppress,355,2104.0,215.0,0.6038526,0.0,False,1.0,non_human_findings,-1,0
002.tiff,find_and_suppress,356,275.0,3424.0,0.60379535,0.0,False,1.0,non_human_findings,-1,0
002.tiff,find_and_suppress,357,6596.0,3982.0,0.60333794,0.0,False,1.0,non_human_findings,-1,0
002.tiff,find_and_suppress,358,309.0,1189.0,0.60324436,0.0,False,1.0,non_human_findings,-1,0
002.tiff,find_and_suppress,359,4451.0,1208.0,0.6030816,0.0,False,1.0,non_human_findings,-1,0
002.tiff,find_and_suppress,360,6209.0,1701.0,0.60280955,0.0,False,1.0,non_human_findings,-1,0
002.tiff,find_and_suppress,361,1446.0,4195.0,0.6024033,0.0,False,1.0,non_human_findings,-1,0
002.tiff,find_and_suppress,362,5791.0,3695.0,0.6020708,0.0,False,1.0,non_human_findings,-1,0
002.tiff,find_and_suppress,363,4390.0,3476.0,0.60196996,0.0,False,1.0,non_human_findings,-1,0
002.tiff,find_and_suppress,364,1991.0,3015.0,0.6018591,0.0,False,1.0,non_human_findings,-1,0
002.tiff,find_and_suppress,365,2343.0,3121.0,0.60157496,0.0,False,1.0,non_human_findings,-1,0
002.tiff,find_and_suppress,366,303.0,2863.0,0.6014122,0.0,False,1.0,non_human_findings,-1,0
002.tiff,find_and_suppress,367,1997.0,1642.0,0.60139084,0.0,False,1.0,non_human_findings,-1,0
002.tiff,find_and_suppress,368,2323.0,4400.0,0.60110646,0.0,False,1.0,non_human_findings,-1,0
002.tiff,find_and_suppress,369,5332.0,3603.0,0.60107464,0.0,False,1.0,non_human_findings,-1,0
002.tiff,find_and_suppress,370,4805.0,4392.0,0.60084194,0.0,False,1.0,non_human_findings,-1,0
002.tiff,find_and_suppress,371,6800.0,1307.0,0.6006053,0.0,False,1.0,non_human_findings,-1,0
002.tiff,find_and_suppress,372,7023.0,4373.0,0.60048157,0.0,False,1.0,non_human_findings,-1,0
002.tiff,find_and_suppress,373,5832.0,4311.0,0.60036355,0.0,False,1.0,non_human_findings,-1,0
002.tiff,find_and_suppress,374,5700.0,2101.0,0.6003162,0.0,False,1.0,non_human_findings,-1,0
002.tiff,find_and_suppress,375,1244.0,4313.0,0.6002813,0.0,False,1.0,non_human_findings,-1,0
002.tiff,find_and_suppress,376,7076.0,3072.0,0.60011035,0.0,False,1.0,non_human_findings,-1,0
002.tiff,find_and_suppress,377,513.0,4143.0,0.6000855,0.0,False,1.0,non_human_findings,-1,0
002.tiff,find_and_suppress,378,153.0,3025.0,0.59995383,0.0,False,1.0,non_human_findings,-1,0
002.tiff,find_and_suppress,379,4298.0,3322.0,0.59975445,0.0,False,1.0,non_human_findings,-1,0
002.tiff,find_and_suppress,380,38.0,1111.0,0.599629,0.0,False,1.0,non_human_findings,-1,0
002.tiff,find_and_suppress,381,5175.0,631.0,0.59952545,0.0,False,1.0,non_human_findings,-1,0
002.tiff,find_and_suppress,382,2285.0,3148.0,0.5995239,0.0,False,1.0,non_human_findings,-1,0
002.tiff,find_and_suppress,383,5419.0,3089.0,0.5995161,0.0,False,1.0,non_human_findings,-1,0
002.tiff,find_and_suppress,384,3333.0,3966.0,0.5994676,0.0,False,1.0,non_human_findings,-1,0
002.tiff,find_and_suppress,385,3623.0,1179.0,0.5994506,0.0,False,1.0,non_human_findings,-1,0
002.tiff,find_and_suppress,386,5800.0,3410.0,0.599417,0.0,False,1.0,non_human_findings,-1,0
002.tiff,find_and_suppress,387,4707.0,2033.0,0.5993704,0.0,False,1.0,non_human_findings,-1,0
002.tiff,find_and_suppress,388,6444.0,4454.0,0.5991761,0.0,False,1.0,non_human_findings,-1,0
002.tiff,find_and_suppress,389,2913.0,2700.0,0.5990229,0.0,False,1.0,non_human_findings,-1,0
002.tiff,find_and_suppress,390,489.0,2502.0,0.5984992,0.0,False,1.0,non_human_findings,-1,0
002.tiff,find_and_suppress,391,6648.0,3431.0,0.5984728,0.0,False,1.0,non_human_findings,-1,0
002.tiff,find_and_suppress,392,6672.0,1547.0,0.59819365,0.0,False,1.0,non_human_findings,-1,0
002.tiff,find_and_suppress,393,5904.0,4224.0,0.5980169,0.0,False,1.0,non_human_findings,-1,0
002.tiff,find_and_suppress,394,726.0,3822.0,0.59774995,0.0,False,1.0,non_human_findings,-1,0
002.tiff,find_and_suppress,395,6621.0,1907.0,0.5977277,0.0,False,1.0,non_human_findings,-1,0
002.tiff,find_and_suppress,396,6945.0,4728.0,0.59764135,0.0,False,1.0,non_human_findings,-1,0
002.tiff,find_and_suppress,397,7011.0,5164.0,0.59744185,0.0,False,1.0,non_human_findings,-1,0
002.tiff,find_and_suppress,398,153.0,3682.0,0.5972623,0.0,False,1.0,non_human_findings,-1,0
002.tiff,find_and_suppress,399,2252.0,4625.0,0.5972468,0.0,False,1.0,non_human_findings,-1,0
002.tiff,find_and_suppress,400,966.0,846.0,0.597195,0.0,False,1.0,non_human_findings,-1,0
002.tiff,find_and_suppress,401,5935.0,4447.0,0.5969416,0.0,False,1.0,non_human_findings,-1,0
002.tiff,find_and_suppress,402,2432.0,3279.0,0.5969356,0.0,False,1.0,non_human_findings,-1,0
002.tiff,find_and_suppress,403,7015.0,1136.0,0.59677577,0.0,False,1.0,non_human_findings,-1,0
002.tiff,find_and_suppress,404,2951.0,4404.0,0.5965396,0.0,False,1.0,non_human_findings,-1,0
002.tiff,find_and_suppress,405,2864.0,404.0,0.5963336,0.0,False,1.0,non_human_findings,-1,0
002.tiff,find_and_suppress,406,262.0,873.0,0.59601945,0.0,False,1.0,non_human_findings,-1,0
002.tiff,find_and_suppress,407,453.0,5138.0,0.59599054,0.0,False,1.0,non_human_findings,-1,0
002.tiff,find_and_suppress,408,4169.0,707.0,0.59540975,0.0,False,1.0,non_human_findings,-1,0
002.tiff,find_and_suppress,409,1949.0,2304.0,0.5953644,0.0,False,1.0,non_human_findings,-1,0
002.tiff,find_and_suppress,410,2888.0,4666.0,0.5953597,0.0,False,1.0,non_human_findings,-1,0
002.tiff,find_and_suppress,411,1308.0,3090.0,0.5952483,0.0,False,1.0,non_human_findings,-1,0
002.tiff,find_and_suppress,412,2386.0,3358.0,0.5952475,0.0,False,1.0,non_human_findings,-1,0
002.tiff,find_and_suppress,413,1382.0,2514.0,0.5950808,0.0,False,1.0,non_human_findings,-1,0
002.tiff,find_and_suppress,414,4755.0,4280.0,0.59480834,0.0,False,1.0,non_human_findings,-1,0
002.tiff,find_and_suppress,415,830.0,2333.0,0.59461427,0.0,False,1.0,non_human_findings,-1,0
002.tiff,find_and_suppress,416,1672.0,1980.0,0.5943959,0.0,False,1.0,non_human_findings,-1,0
002.tiff,find_and_suppress,417,6817.0,4625.0,0.59432083,0.0,False,1.0,non_human_findings,-1,0
002.tiff,find_and_suppress,418,4163.0,3582.0,0.5941131,0.0,False,1.0,non_human_findings,-1,0
002.tiff,find_and_suppress,419,5502.0,4067.0,0.5939733,0.0,False,1.0,non_human_findings,-1,0
002.tiff,find_and_suppress,420,108.0,5128.0,0.5939425,0.0,False,1.0,non_human_findings,-1,0
002.tiff,find_and_suppress,421,5026.0,3524.0,0.5938723,0.0,False,1.0,non_human_findings,-1,0
002.tiff,find_and_suppress,422,3875.0,3853.0,0.5938221,0.0,False,1.0,non_human_findings,-1,0
002.tiff,find_and_suppress,423,3395.0,4125.0,0.59369355,0.0,False,1.0,non_human_findings,-1,0
002.tiff,find_and_suppress,424,2866.0,1939.0,0.593678,0.0,False,1.0,non_human_findings,-1,0
002.tiff,find_and_suppress,425,6452.0,3159.0,0.5933856,0.0,False,1.0,non_human_findings,-1,0
002.tiff,find_and_suppress,426,6458.0,2026.0,0.59329224,0.0,False,1.0,non_human_findings,-1,0
002.tiff,find_and_suppress,427,3048.0,4363.0,0.5932788,0.0,False,1.0,non_human_findings,-1,0
002.tiff,find_and_suppress,428,5835.0,4563.0,0.59301734,0.0,False,1.0,non_human_findings,-1,0
002.tiff,find_and_suppress,429,5263.0,3635.0,0.5929973,0.0,False,1.0,non_human_findings,-1,0
002.tiff,find_and_suppress,430,5590.0,4254.0,0.5929072,0.0,False,1.0,non_human_findings,-1,0
002.tiff,find_and_suppress,431,557.0,3971.0,0.59286857,0.0,False,1.0,non_human_findings,-1,0
002.tiff,find_and_suppress,432,1663.0,1573.0,0.592852,0.0,False,1.0,non_human_findings,-1,0
002.tiff,find_and_suppress,433,4225.0,5204.0,0.5928279,0.0,False,1.0,non_human_findings,-1,0
002.tiff,find_and_suppress,434,6759.0,4990.0,0.592809,0.0,False,1.0,non_human_findings,-1,0
002.tiff,find_and_suppress,435,4036.0,3203.0,0.5927782,0.0,False,1.0,non_human_findings,-1,0
002.tiff,find_and_suppress,436,6040.0,5298.0,0.5926258,0.0,False,1.0,non_human_findings,-1,0
002.tiff,find_and_suppress,437,1391.0,820.0,0.59254116,0.0,False,1.0,non_human_findings,-1,0
002.tiff,find_and_suppress,438,3278.0,4169.0,0.59240896,0.0,False,1.0,non_human_findings,-1,0
002.tiff,find_and_suppress,439,2291.0,4349.0,0.5923692,0.0,False,1.0,non_human_findings,-1,0
002.tiff,find_and_suppress,440,6454.0,773.0,0.592235,0.0,False,1.0,non_human_findings,-1,0
002.tiff,find_and_suppress,441,6990.0,4303.0,0.5921902,0.0,False,1.0,non_human_findings,-1,0
002.tiff,find_and_suppress,442,4533.0,1443.0,0.5919231,0.0,False,1.0,non_human_findings,-1,0
002.tiff,find_and_suppress,443,4733.0,5276.0,0.5918939,0.0,False,1.0,non_human_findings,-1,0
002.tiff,find_and_suppress,444,6380.0,617.0,0.5918844,0.0,False,1.0,non_human_findings,-1,0
002.tiff,find_and_suppress,445,2874.0,1705.0,0.5917721,0.0,False,1.0,non_human_findings,-1,0
002.tiff,find_and_suppress,446,2677.0,1168.0,0.5917233,0.0,False,1.0,non_human_findings,-1,0
002.tiff,find_and_suppress,447,1291.0,1013.0,0.5914196,0.0,False,1.0,non_human_findings,-1,0
002.tiff,find_and_suppress,448,4655.0,2801.0,0.59089446,0.0,False,1.0,non_human_findings,-1,0
002.tiff,find_and_suppress,449,1761.0,1529.0,0.5908587,0.0,False,1.0,non_human_findings,-1,0
002.tiff,find_and_suppress,450,4650.0,2148.0,0.5906507,0.0,False,1.0,non_human_findings,-1,0
002.tiff,find_and_suppress,451,2670.0,4770.0,0.5906165,0.0,False,1.0,non_human_findings,-1,0
002.tiff,find_and_suppress,452,5181.0,5365.0,0.5905182,0.0,False,1.0,non_human_findings,-1,0
002.tiff,find_and_suppress,453,5541.0,1037.0,0.5903191,0.0,False,1.0,non_human_findings,-1,0
002.tiff,find_and_suppress,454,1052.0,3651.0,0.5902218,0.0,False,1.0,non_human_findings,-1,0
002.tiff,find_and_suppress,455,5826.0,1388.0,0.590144,0.0,False,1.0,non_human_findings,-1,0
002.tiff,find_and_suppress,456,2702.0,2100.0,0.5901295,0.0,False,1.0,non_human_findings,-1,0
002.tiff,find_and_suppress,457,6230.0,4995.0,0.589794,0.0,False,1.0,non_human_findings,-1,0
002.tiff,find_and_suppress,458,2777.0,1308.0,0.58968604,0.0,False,1.0,non_human_findings,-1,0
002.tiff,find_and_suppress,459,3001.0,3327.0,0.58957684,0.0,False,1.0,non_human_findings,-1,0
002.tiff,find_and_suppress,460,3932.0,3825.0,0.5895734,0.0,False,1.0,non_human_findings,-1,0
002.tiff,find_and_suppress,461,2043.0,648.0,0.5895282,0.0,False,1.0,non_human_findings,-1,0
002.tiff,find_and_suppress,462,718.0,270.0,0.5894942,0.0,False,1.0,non_human_findings,-1,0
002.tiff,find_and_suppress,463,6022.0,5255.0,0.5893798,0.0,False,1.0,non_human_findings,-1,0
002.tiff,find_and_suppress,464,1581.0,2655.0,0.5892968,0.0,False,1.0,non_human_findings,-1,0
002.tiff,find_and_suppress,465,7132.0,3754.0,0.58928275,0.0,False,1.0,non_human_findings,-1,0
002.tiff,find_and_suppress,466,2958.0,1295.0,0.5889993,0.0,False,1.0,non_human_findings,-1,0
002.tiff,find_and_suppress,467,4918.0,2009.0,0.5889654,0.0,False,1.0,non_human_findings,-1,0
002.tiff,find_and_suppress,468,6223.0,4056.0,0.5889519,0.0,False,1.0,non_human_findings,-1,0
002.tiff,find_and_suppress,469,1079.0,1389.0,0.5887473,0.0,False,1.0,non_human_findings,-1,0
002.tiff,find_and_suppress,470,1864.0,1583.0,0.58856463,0.0,False,1.0,human_correct_label,7,1
002.tiff,find_and_suppress,471,3206.0,3978.0,0.5885618,0.0,False,1.0,non_human_findings,-1,0
002.tiff,find_and_suppress,472,2735.0,3228.0,0.58845925,0.0,False,1.0,non_human_findings,-1,0
002.tiff,find_and_suppress,473,1187.0,3926.0,0.5884363,0.0,False,1.0,non_human_findings,-1,0
002.tiff,find_and_suppress,474,2664.0,4205.0,0.5883632,0.0,False,1.0,non_human_findings,-1,0
002.tiff,find_and_suppress,475,4501.0,1964.0,0.58817995,0.0,False,1.0,non_human_findings,-1,0
002.tiff,find_and_suppress,476,601.0,1197.0,0.5879495,0.0,False,1.0,non_human_findings,-1,0
002.tiff,find_and_suppress,477,3837.0,3882.0,0.58782494,0.0,False,1.0,non_human_findings,-1,0
002.tiff,find_and_suppress,478,3314.0,4649.0,0.587811,0.0,False,1.0,non_human_findings,-1,0
002.tiff,find_and_suppress,479,5393.0,4750.0,0.5875301,0.0,False,1.0,non_human_findings,-1,0
002.tiff,find_and_suppress,480,2450.0,3870.0,0.5874125,0.0,False,1.0,non_human_findings,-1,0
002.tiff,find_and_suppress,481,4832.0,2924.0,0.58723587,0.0,False,1.0,non_human_findings,-1,0
002.tiff,find_and_suppress,482,4277.0,4776.0,0.58710814,0.0,False,1.0,non_human_findings,-1,0
002.tiff,find_and_suppress,483,581.0,661.0,0.58703935,0.0,False,1.0,non_human_findings,-1,0
002.tiff,find_and_suppress,484,7094.0,5277.0,0.5870123,0.0,False,1.0,non_human_findings,-1,0
002.tiff,find_and_suppress,485,2161.0,3836.0,0.5869947,0.0,False,1.0,non_human_findings,-1,0
002.tiff,find_and_suppress,486,332.0,2225.0,0.58679736,0.0,False,1.0,non_human_findings,-1,0
002.tiff,find_and_suppress,487,3970.0,5089.0,0.5867949,0.0,False,1.0,non_human_findings,-1,0
002.tiff,find_and_suppress,488,1306.0,1423.0,0.5867736,0.0,False,1.0,non_human_findings,-1,0
002.tiff,find_and_suppress,489,2176.0,2023.0,0.5867596,0.0,False,1.0,non_human_findings,-1,0
002.tiff,find_and_suppress,490,5348.0,2394.0,0.5866655,0.0,False,1.0,non_human_findings,-1,0
002.tiff,find_and_suppress,491,4422.0,3299.0,0.58656555,0.0,False,1.0,non_human_findings,-1,0
002.tiff,find_and_suppress,492,6805.0,1570.0,0.5863073,0.0,False,1.0,non_human_findings,-1,0
002.tiff,find_and_suppress,493,6998.0,4538.0,0.58618027,0.0,False,1.0,non_human_findings,-1,0
002.tiff,find_and_suppress,494,501.0,3157.0,0.58602655,0.0,False,1.0,non_human_findings,-1,0
002.tiff,find_and_suppress,495,2181.0,4596.0,0.58596283,0.0,False,1.0,non_human_findings,-1,0
002.tiff,find_and_suppress,496,4481.0,5187.0,0.5859197,0.0,False,1.0,non_human_findings,-1,0
002.tiff,find_and_suppress,497,2302.0,2082.0,0.5858043,0.0,False,1.0,non_human_findings,-1,0
002.tiff,find_and_suppress,498,923.0,254.0,0.585628,0.0,False,1.0,non_human_findings,-1,0
002.tiff,find_and_suppress,499,6423.0,5204.0,0.585533,0.0,False,1.0,non_human_findings,-1,0
002.tiff,find_and_suppress,500,6693.0,394.0,0.5855123,0.0,False,1.0,non_human_findings,-1,0
002.tiff,find_and_suppress,501,6817.0,3084.0,0.58550364,0.0,False,1.0,non_human_findings,-1,0
002.tiff,find_and_suppress,502,6467.0,1721.0,0.58548135,0.0,False,1.0,non_human_findings,-1,0
002.tiff,find_and_suppress,503,4326.0,3664.0,0.5851301,0.0,False,1.0,non_human_findings,-1,0
002.tiff,find_and_suppress,504,3930.0,3747.0,0.58511955,0.0,False,1.0,non_human_findings,-1,0
002.tiff,find_and_suppress,505,1131.0,1453.0,0.58484143,0.0,False,1.0,non_human_findings,-1,0
002.tiff,find_and_suppress,506,1764.0,2524.0,0.58481133,0.0,False,1.0,non_human_findings,-1,0
002.tiff,find_and_suppress,507,4345.0,5320.0,0.58472246,0.0,False,1.0,non_human_findings,-1,0
002.tiff,find_and_suppress,508,1579.0,808.0,0.58471817,0.0,False,1.0,non_human_findings,-1,0
002.tiff,find_and_suppress,509,6650.0,5313.0,0.58468556,0.0,False,1.0,non_human_findings,-1,0
002.tiff,find_and_suppress,510,5620.0,4081.0,0.58466035,0.0,False,1.0,non_human_findings,-1,0
002.tiff,find_and_suppress,511,6659.0,5187.0,0.58462685,0.0,False,1.0,non_human_findings,-1,0
002.tiff,find_and_suppress,512,999.0,4752.0,0.5846024,0.0,False,1.0,non_human_findings,-1,0
002.tiff,find_and_suppress,513,2948.0,4180.0,0.58439267,0.0,False,1.0,non_human_findings,-1,0
002.tiff,find_and_suppress,514,356.0,1678.0,0.5843773,0.0,False,1.0,non_human_findings,-1,0
002.tiff,find_and_suppress,515,2069.0,4645.0,0.5842334,0.0,False,1.0,non_human_findings,-1,0
002.tiff,find_and_suppress,516,2244.0,4389.0,0.58410496,0.0,False,1.0,non_human_findings,-1,0
002.tiff,find_and_suppress,517,1751.0,374.0,0.584022,0.0,False,1.0,non_human_findings,-1,0
002.tiff,find_and_suppress,518,2406.0,3802.0,0.5839062,0.0,False,1.0,non_human_findings,-1,0
002.tiff,find_and_suppress,519,3738.0,55.0,0.5837501,0.0,False,1.0,non_human_findings,-1,0
002.tiff,find_and_suppress,520,6435.0,876.0,0.58363247,0.0,False,1.0,non_human_findings,-1,0
002.tiff,find_and_suppress,521,1304.0,4569.0,0.5833789,0.0,False,1.0,non_human_findings,-1,0
002.tiff,find_and_suppress,522,5017.0,2296.0,0.5832905,0.0,False,1.0,non_human_findings,-1,0
002.tiff,find_and_suppress,523,3986.0,3432.0,0.5832662,0.0,False,1.0,non_human_findings,-1,0
002.tiff,find_and_suppress,524,1611.0,3393.0,0.58312595,0.0,False,1.0,non_human_findings,-1,0
002.tiff,find_and_suppress,525,6518.0,609.0,0.5831146,0.0,False,1.0,non_human_findings,-1,0
002.tiff,find_and_suppress,526,4324.0,2785.0,0.58302295,0.0,False,1.0,non_human_findings,-1,0
002.tiff,find_and_suppress,527,1360.0,3799.0,0.5827035,0.0,False,1.0,non_human_findings,-1,0
002.tiff,find_and_suppress,528,6762.0,1297.0,0.5826972,0.0,False,1.0,non_human_findings,-1,0
002.tiff,find_and_suppress,529,1190.0,1460.0,0.582489,0.0,False,1.0,non_human_findings,-1,0
002.tiff,find_and_suppress,530,4280.0,1002.0,0.582272,0.0,False,1.0,non_human_findings,-1,0
002.tiff,find_and_suppress,531,1826.0,1417.0,0.58218354,0.0,False,1.0,non_human_findings,-1,0
002.tiff,find_and_suppress,532,5459.0,4760.0,0.5821759,0.0,False,1.0,non_human_findings,-1,0
002.tiff,find_and_suppress,533,919.0,2687.0,0.5819975,0.0,False,1.0,non_human_findings,-1,0
002.tiff,find_and_suppress,534,5424.0,2103.0,0.58192223,0.0,False,1.0,non_human_findings,-1,0
002.tiff,find_and_suppress,535,5915.0,722.0,0.581889,0.0,False,1.0,non_human_findings,-1,0
002.tiff,find_and_suppress,536,2109.0,3301.0,0.5818477,0.0,False,1.0,non_human_findings,-1,0
002.tiff,find_and_suppress,537,2169.0,4683.0,0.581651,0.0,False,1.0,non_human_findings,-1,0
002.tiff,find_and_suppress,538,1416.0,2661.0,0.5816161,0.0,False,1.0,non_human_findings,-1,0
002.tiff,find_and_suppress,539,5884.0,3251.0,0.581547,0.0,False,1.0,non_human_findings,-1,0
002.tiff,find_and_suppress,540,662.0,3084.0,0.5814775,0.0,False,1.0,non_human_findings,-1,0
002.tiff,find_and_suppress,541,991.0,4244.0,0.5813509,0.0,False,1.0,non_human_findings,-1,0
002.tiff,find_and_suppress,542,5438.0,5372.0,0.58132917,0.0,False,1.0,non_human_findings,-1,0
002.tiff,find_and_suppress,543,6892.0,4935.0,0.58129627,0.0,False,1.0,non_human_findings,-1,0
002.tiff,find_and_suppress,544,3816.0,3964.0,0.58116084,0.0,False,1.0,non_human_findings,-1,0
002.tiff,find_and_suppress,545,3893.0,3747.0,0.5811175,0.0,False,1.0,non_human_findings,-1,0
002.tiff,find_and_suppress,546,2008.0,110.0,0.58110064,0.0,False,1.0,non_human_findings,-1,0
002.tiff,find_and_suppress,547,3960.0,115.0,0.5810161,0.0,False,1.0,non_human_findings,-1,0
002.tiff,find_and_suppress,548,4266.0,2876.0,0.58093184,0.0,False,1.0,non_human_findings,-1,0
002.tiff,find_and_suppress,549,3314.0,3905.0,0.58092487,0.0,False,1.0,non_human_findings,-1,0
002.tiff,find_and_suppress,550,1047.0,607.0,0.58076704,0.0,False,1.0,non_human_findings,-1,0
002.tiff,find_and_suppress,551,5642.0,1793.0,0.5807358,0.0,False,1.0,non_human_findings,-1,0
002.tiff,find_and_suppress,552,794.0,748.0,0.58040625,0.0,False,1.0,non_human_findings,-1,0
002.tiff,find_and_suppress,553,154.0,1794.0,0.5803733,0.0,False,1.0,non_human_findings,-1,0
002.tiff,find_and_suppress,554,914.0,3456.0,0.5803104,0.0,False,1.0,non_human_findings,-1,0
002.tiff,find_and_suppress,555,6271.0,5255.0,0.57990974,0.0,False,1.0,non_human_findings,-1,0
002.tiff,find_and_suppress,556,3157.0,1438.0,0.57988906,0.0,False,1.0,non_human_findings,-1,0
002.tiff,find_and_suppress,557,3728.0,5197.0,0.57986695,0.0,False,1.0,non_human_findings,-1,0
002.tiff,find_and_suppress,558,7185.0,3994.0,0.5796692,0.0,False,1.0,non_human_findings,-1,0
002.tiff,find_and_suppress,559,2877.0,2829.0,0.5795398,0.0,False,1.0,non_human_findings,-1,0
002.tiff,find_and_suppress,560,4945.0,2479.0,0.5793051,0.0,False,1.0,non_human_findings,-1,0
002.tiff,find_and_suppress,561,1333.0,2472.0,0.57900053,0.0,False,1.0,non_human_findings,-1,0
002.tiff,find_and_suppress,562,6654.0,1686.0,0.57891494,0.0,False,1.0,non_human_findings,-1,0
002.tiff,find_and_suppress,563,5754.0,2630.0,0.57883453,0.0,False,1.0,non_human_findings,-1,0
002.tiff,find_and_suppress,564,5604.0,3838.0,0.5788013,0.0,False,1.0,non_human_findings,-1,0
002.tiff,find_and_suppress,565,1009.0,1993.0,0.578735,0.0,False,1.0,non_human_findings,-1,0
002.tiff,find_and_suppress,566,3522.0,1158.0,0.57870895,0.0,False,1.0,non_human_findings,-1,0
002.tiff,find_and_suppress,567,2606.0,4126.0,0.578674,0.0,False,1.0,non_human_findings,-1,0
002.tiff,find_and_suppress,568,34.0,202.0,0.5783517,0.0,False,1.0,non_human_findings,-1,0
002.tiff,find_and_suppress,569,5534.0,4869.0,0.578343,0.0,False,1.0,non_human_findings,-1,0
002.tiff,find_and_suppress,570,6865.0,2134.0,0.57818216,0.0,False,1.0,non_human_findings,-1,0
002.tiff,find_and_suppress,571,5860.0,3688.0,0.5781501,0.0,False,1.0,non_human_findings,-1,0
002.tiff,find_and_suppress,572,4102.0,1663.0,0.57807094,0.0,False,1.0,non_human_findings,-1,0
002.tiff,find_and_suppress,573,3715.0,2246.0,0.5779148,0.0,False,1.0,non_human_findings,-1,0
002.tiff,find_and_suppress,574,5968.0,3505.0,0.5779081,0.0,False,1.0,non_human_findings,-1,0
002.tiff,find_and_suppress,575,5859.0,4602.0,0.57756114,0.0,False,1.0,non_human_findings,-1,0
002.tiff,find_and_suppress,576,6827.0,883.0,0.5774309,0.0,False,1.0,non_human_findings,-1,0
002.tiff,find_and_suppress,577,5479.0,4146.0,0.57736546,0.0,False,1.0,non_human_findings,-1,0
002.tiff,find_and_suppress,578,3271.0,363.0,0.57713675,0.0,False,1.0,non_human_findings,-1,0
002.tiff,find_and_suppress,579,388.0,1939.0,0.5769981,0.0,False,1.0,non_human_findings,-1,0
002.tiff,find_and_suppress,580,5135.0,975.0,0.57699025,0.0,False,1.0,non_human_findings,-1,0
002.tiff,find_and_suppress,581,2778.0,2184.0,0.5768439,0.0,False,1.0,non_human_findings,-1,0
002.tiff,find_and_suppress,582,586.0,786.0,0.5768325,0.0,False,1.0,non_human_findings,-1,0
002.tiff,find_and_suppress,583,6071.0,1895.0,0.5767716,0.0,False,1.0,non_human_findings,-1,0
002.tiff,find_and_suppress,584,3910.0,189.0,0.57668823,0.0,False,1.0,non_human_findings,-1,0
002.tiff,find_and_suppress,585,2406.0,2262.0,0.57641935,0.0,False,1.0,non_human_findings,-1,0
002.tiff,find_and_suppress,586,3179.0,4333.0,0.5762019,0.0,False,1.0,non_human_findings,-1,0
002.tiff,find_and_suppress,587,7128.0,73.0,0.57615453,0.0,False,1.0,non_human_findings,-1,0
002.tiff,find_and_suppress,588,6565.0,1151.0,0.5761214,0.0,False,1.0,non_human_findings,-1,0
002.tiff,find_and_suppress,589,72.0,1845.0,0.5759002,0.0,False,1.0,non_human_findings,-1,0
002.tiff,find_and_suppress,590,4489.0,2970.0,0.57586324,0.0,False,1.0,non_human_findings,-1,0
002.tiff,find_and_suppress,591,3840.0,3759.0,0.5758555,0.0,False,1.0,non_human_findings,-1,0
002.tiff,find_and_suppress,592,2977.0,4999.0,0.5758319,0.0,False,1.0,non_human_findings,-1,0
002.tiff,find_and_suppress,593,613.0,4660.0,0.57581174,0.0,False,1.0,non_human_findings,-1,0
002.tiff,find_and_suppress,594,1525.0,1210.0,0.5757522,0.0,False,1.0,non_human_findings,-1,0
002.tiff,find_and_suppress,595,1744.0,1384.0,0.5757482,0.0,False,1.0,non_human_findings,-1,0
002.tiff,find_and_suppress,596,660.0,413.0,0.57567996,0.0,False,1.0,non_human_findings,-1,0
002.tiff,find_and_suppress,597,1306.0,5358.0,0.5755888,0.0,False,1.0,non_human_findings,-1,0
002.tiff,find_and_suppress,598,6809.0,4721.0,0.5755632,0.0,False,1.0,non_human_findings,-1,0
002.tiff,find_and_suppress,599,6599.0,1677.0,0.57555306,0.0,False,1.0,non_human_findings,-1,0
002.tiff,find_and_suppress,600,3248.0,1425.0,0.5754347,0.0,False,1.0,non_human_findings,-1,0
002.tiff,find_and_suppress,601,5276.0,4995.0,0.5754139,0.0,False,1.0,non_human_findings,-1,0
002.tiff,find_and_suppress,602,2161.0,4236.0,0.5753986,0.0,False,1.0,non_human_findings,-1,0
002.tiff,find_and_suppress,603,4611.0,729.0,0.57538193,0.0,False,1.0,non_human_findings,-1,0
002.tiff,find_and_suppress,604,873.0,728.0,0.5750977,0.0,False,1.0,non_human_findings,-1,0
002.tiff,find_and_suppress,605,5515.0,3510.0,0.57505906,0.0,False,1.0,non_human_findings,-1,0
002.tiff,find_and_suppress,606,3583.0,2808.0,0.574958,0.0,False,1.0,non_human_findings,-1,0
002.tiff,find_and_suppress,607,294.0,467.0,0.5749247,0.0,False,1.0,non_human_findings,-1,0
002.tiff,find_and_suppress,608,5145.0,2301.0,0.5747653,0.0,False,1.0,non_human_findings,-1,0
002.tiff,find_and_suppress,609,5830.0,4976.0,0.5747546,0.0,False,1.0,non_human_findings,-1,0
002.tiff,find_and_suppress,610,6063.0,646.0,0.5746878,0.0,False,1.0,non_human_findings,-1,0
002.tiff,find_and_suppress,611,4223.0,3286.0,0.57459563,0.0,False,1.0,non_human_findings,-1,0
002.tiff,find_and_suppress,612,783.0,328.0,0.57426834,0.0,False,1.0,non_human_findings,-1,0
002.tiff,find_and_suppress,613,1929.0,2231.0,0.5742214,0.0,False,1.0,non_human_findings,-1,0
002.tiff,find_and_suppress,614,5284.0,1133.0,0.57387304,0.0,False,1.0,non_human_findings,-1,0
002.tiff,find_and_suppress,615,655.0,3908.0,0.57373047,0.0,False,1.0,non_human_findings,-1,0
002.tiff,find_and_suppress,616,860.0,813.0,0.5736932,0.0,False,1.0,non_human_findings,-1,0
002.tiff,find_and_suppress,617,2136.0,1087.0,0.573691,0.0,False,1.0,non_human_findings,-1,0
002.tiff,find_and_suppress,618,1824.0,2037.0,0.573609,0.0,False,1.0,non_human_findings,-1,0
002.tiff,find_and_suppress,619,3187.0,419.0,0.57360274,0.0,False,1.0,non_human_findings,-1,0
002.tiff,find_and_suppress,620,1033.0,253.0,0.57357633,0.0,False,1.0,non_human_findings,-1,0
002.tiff,find_and_suppress,621,6837.0,4256.0,0.5732606,0.0,False,1.0,non_human_findings,-1,0
002.tiff,find_and_suppress,622,5259.0,4851.0,0.5731803,0.0,False,1.0,non_human_findings,-1,0
002.tiff,find_and_suppress,623,4985.0,294.0,0.57306063,0.0,False,1.0,non_human_findings,-1,0
002.tiff,find_and_suppress,624,2026.0,2275.0,0.5729719,0.0,False,1.0,non_human_findings,-1,0
002.tiff,find_and_suppress,625,4319.0,4762.0,0.57293767,0.0,False,1.0,non_human_findings,-1,0
002.tiff,find_and_suppress,626,976.0,4076.0,0.5728281,0.0,False,1.0,non_human_findings,-1,0
002.tiff,find_and_suppress,627,4758.0,1325.0,0.5727538,0.0,False,1.0,non_human_findings,-1,0
002.tiff,find_and_suppress,628,845.0,4910.0,0.57272387,0.0,False,1.0,non_human_findings,-1,0
002.tiff,find_and_suppress,629,3447.0,896.0,0.5726846,0.0,False,1.0,non_human_findings,-1,0
002.tiff,find_and_suppress,630,4600.0,3149.0,0.5726236,0.0,False,1.0,non_human_findings,-1,0
002.tiff,find_and_suppress,631,128.0,2804.0,0.5723474,0.0,False,1.0,non_human_findings,-1,0
002.tiff,find_and_suppress,632,2781.0,1111.0,0.5723264,0.0,False,1.0,non_human_findings,-1,0
002.tiff,find_and_suppress,633,4214.0,4014.0,0.57225275,0.0,False,1.0,non_human_findings,-1,0
002.tiff,find_and_suppress,634,3019.0,4145.0,0.57223827,0.0,False,1.0,non_human_findings,-1,0
002.tiff,find_and_suppress,635,4031.0,3305.0,0.5721499,0.0,False,1.0,non_human_findings,-1,0
002.tiff,find_and_suppress,636,5338.0,716.0,0.57214344,0.0,False,1.0,non_human_findings,-1,0
002.tiff,find_and_suppress,637,5919.0,4633.0,0.5718964,0.0,False,1.0,non_human_findings,-1,0
002.tiff,find_and_suppress,638,6474.0,1456.0,0.5718963,0.0,False,1.0,non_human_findings,-1,0
002.tiff,find_and_suppress,639,166.0,2812.0,0.5717771,0.0,False,1.0,non_human_findings,-1,0
002.tiff,find_and_suppress,640,2598.0,2702.0,0.57168514,0.0,False,1.0,non_human_findings,-1,0
002.tiff,find_and_suppress,641,848.0,342.0,0.57161254,0.0,False,1.0,non_human_findings,-1,0
002.tiff,find_and_suppress,642,5688.0,864.0,0.57160354,0.0,False,1.0,non_human_findings,-1,0
002.tiff,find_and_suppress,643,6654.0,3792.0,0.5711526,0.0,False,1.0,non_human_findings,-1,0
002.tiff,find_and_suppress,644,6151.0,1781.0,0.57099354,0.0,False,1.0,non_human_findings,-1,0
002.tiff,find_and_suppress,645,4037.0,1177.0,0.57095206,0.0,False,1.0,non_human_findings,-1,0
002.tiff,find_and_suppress,646,4408.0,1683.0,0.57092047,0.0,False,1.0,non_human_findings,-1,0
002.tiff,find_and_suppress,647,4275.0,170.0,0.5708942,0.0,False,1.0,non_human_findings,-1,0
002.tiff,find_and_suppress,648,5523.0,5316.0,0.5708576,0.0,False,1.0,non_human_findings,-1,0
002.tiff,find_and_suppress,649,214.0,1160.0,0.57085174,0.0,False,1.0,non_human_findings,-1,0
002.tiff,find_and_suppress,650,3107.0,385.0,0.57083684,0.0,False,1.0,non_human_findings,-1,0
002.tiff,find_and_suppress,651,165.0,836.0,0.57072914,0.0,False,1.0,non_human_findings,-1,0
002.tiff,find_and_suppress,652,3662.0,807.0,0.5706981,0.0,False,1.0,non_human_findings,-1,0
002.tiff,find_and_suppress,653,7047.0,2062.0,0.5706801,0.0,False,1.0,non_human_findings,-1,0
002.tiff,find_and_suppress,654,5693.0,899.0,0.5706698,0.0,False,1.0,non_human_findings,-1,0
002.tiff,find_and_suppress,655,1270.0,747.0,0.57059515,0.0,False,1.0,non_human_findings,-1,0
002.tiff,find_and_suppress,656,2481.0,1666.0,0.5704892,0.0,False,1.0,non_human_findings,-1,0
002.tiff,find_and_suppress,657,2920.0,3091.0,0.57038677,0.0,False,1.0,non_human_findings,-1,0
002.tiff,find_and_suppress,658,209.0,1275.0,0.57036024,0.0,False,1.0,non_human_findings,-1,0
002.tiff,find_and_suppress,659,3981.0,1651.0,0.5701399,0.0,False,1.0,non_human_findings,-1,0
002.tiff,find_and_suppress,660,5648.0,2157.0,0.56978095,0.0,False,1.0,non_human_findings,-1,0
002.tiff,find_and_suppress,661,7107.0,4225.0,0.56977135,0.0,False,1.0,non_human_findings,-1,0
002.tiff,find_and_suppress,662,5100.0,4668.0,0.569761,0.0,False,1.0,non_human_findings,-1,0
002.tiff,find_and_suppress,663,4429.0,1354.0,0.56966746,0.0,False,1.0,non_human_findings,-1,0
002.tiff,find_and_suppress,664,5096.0,3188.0,0.56960464,0.0,False,1.0,non_human_findings,-1,0
002.tiff,find_and_suppress,665,6207.0,4757.0,0.5692785,0.0,False,1.0,non_human_findings,-1,0
002.tiff,find_and_suppress,666,7177.0,1525.0,0.5691718,0.0,False,1.0,non_human_findings,-1,0
002.tiff,find_and_suppress,667,5120.0,5049.0,0.5691529,0.0,False,1.0,non_human_findings,-1,0
002.tiff,find_and_suppress,668,5785.0,501.0,0.56908464,0.0,False,1.0,non_human_findings,-1,0
002.tiff,find_and_suppress,669,5740.0,1616.0,0.56894165,0.0,False,1.0,non_human_findings,-1,0
002.tiff,find_and_suppress,670,4927.0,1536.0,0.5688596,0.0,False,1.0,non_human_findings,-1,0
002.tiff,find_and_suppress,671,1503.0,3763.0,0.56877005,0.0,False,1.0,non_human_findings,-1,0
002.tiff,find_and_suppress,672,2912.0,5122.0,0.5687316,0.0,False,1.0,non_human_findings,-1,0
002.tiff,find_and_suppress,673,2854.0,1321.0,0.56849456,0.0,False,1.0,non_human_findings,-1,0
002.tiff,find_and_suppress,674,6514.0,2431.0,0.56823164,0.0,False,1.0,non_human_findings,-1,0
002.tiff,find_and_suppress,675,3895.0,1359.0,0.56817544,0.0,False,1.0,non_human_findings,-1,0
002.tiff,find_and_suppress,676,5615.0,803.0,0.5681513,0.0,False,1.0,non_human_findings,-1,0
002.tiff,find_and_suppress,677,4419.0,5109.0,0.56808126,0.0,False,1.0,non_human_findings,-1,0
002.tiff,find_and_suppress,678,1432.0,3037.0,0.56804806,0.0,False,1.0,non_human_findings,-1,0
002.tiff,find_and_suppress,679,1045.0,3251.0,0.56792456,0.0,False,1.0,non_human_findings,-1,0
002.tiff,find_and_suppress,680,1537.0,2066.0,0.5678722,0.0,False,1.0,non_human_findings,-1,0
002.tiff,find_and_suppress,681,6875.0,872.0,0.5678109,0.0,False,1.0,non_human_findings,-1,0
002.tiff,find_and_suppress,682,7056.0,2178.0,0.56769246,0.0,False,1.0,non_human_findings,-1,0
002.tiff,find_and_suppress,683,2300.0,2119.0,0.56762725,0.0,False,1.0,non_human_findings,-1,0
002.tiff,find_and_suppress,684,4787.0,211.0,0.5675454,0.0,False,1.0,non_human_findings,-1,0
002.tiff,find_and_suppress,685,6209.0,156.0,0.567533,0.0,False,1.0,non_human_findings,-1,0
002.tiff,find_and_suppress,686,5445.0,4532.0,0.5674211,0.0,False,1.0,non_human_findings,-1,0
002.tiff,find_and_suppress,687,2839.0,1521.0,0.56717044,0.0,False,1.0,non_human_findings,-1,0
002.tiff,find_and_suppress,688,1843.0,4056.0,0.5668398,0.0,False,1.0,non_human_findings,-1,0
002.tiff,find_and_suppress,689,1089.0,715.0,0.5667771,0.0,False,1.0,non_human_findings,-1,0
002.tiff,find_and_suppress,690,6000.0,4836.0,0.5666322,0.0,False,1.0,non_human_findings,-1,0
002.tiff,find_and_suppress,691,6026.0,3175.0,0.5665638,0.0,False,1.0,non_human_findings,-1,0
002.tiff,find_and_suppress,692,6995.0,1380.0,0.5665308,0.0,False,1.0,non_human_findings,-1,0
002.tiff,find_and_suppress,693,6788.0,5265.0,0.56652236,0.0,False,1.0,non_human_findings,-1,0
002.tiff,find_and_suppress,694,6418.0,627.0,0.5664208,0.0,False,1.0,non_human_findings,-1,0
002.tiff,find_and_suppress,695,2931.0,4322.0,0.56633174,0.0,False,1.0,non_human_findings,-1,0
002.tiff,find_and_suppress,696,3935.0,941.0,0.5662041,0.0,False,1.0,non_human_findings,-1,0
002.tiff,find_and_suppress,697,1341.0,2627.0,0.5660835,0.0,False,1.0,non_human_findings,-1,0
002.tiff,find_and_suppress,698,5752.0,125.0,0.5660319,0.0,False,1.0,non_human_findings,-1,0
002.tiff,find_and_suppress,699,2551.0,4430.0,0.56593984,0.0,False,1.0,non_human_findings,-1,0
002.tiff,find_and_suppress,700,5636.0,1643.0,0.5659244,0.0,False,1.0,non_human_findings,-1,0
002.tiff,find_and_suppress,701,3735.0,4062.0,0.5656938,0.0,False,1.0,non_human_findings,-1,0
002.tiff,find_and_suppress,702,3083.0,2592.0,0.56565255,0.0,False,1.0,non_human_findings,-1,0
002.tiff,find_and_suppress,703,5352.0,5367.0,0.56552684,0.0,False,1.0,non_human_findings,-1,0
002.tiff,find_and_suppress,704,6459.0,42.0,0.56549513,0.0,False,1.0,non_human_findings,-1,0
002.tiff,find_and_suppress,705,5885.0,498.0,0.5654756,0.0,False,1.0,non_human_findings,-1,0
002.tiff,find_and_suppress,706,566.0,730.0,0.5654647,0.0,False,1.0,non_human_findings,-1,0
002.tiff,find_and_suppress,707,6886.0,410.0,0.5652695,0.0,False,1.0,non_human_findings,-1,0
002.tiff,find_and_suppress,708,3619.0,3033.0,0.5652357,0.0,False,1.0,non_human_findings,-1,0
002.tiff,find_and_suppress,709,3816.0,3140.0,0.5652284,0.0,False,1.0,non_human_findings,-1,0
002.tiff,find_and_suppress,710,4148.0,1431.0,0.565162,0.0,False,1.0,non_human_findings,-1,0
002.tiff,find_and_suppress,711,5462.0,1971.0,0.56505835,0.0,False,1.0,non_human_findings,-1,0
002.tiff,find_and_suppress,712,5838.0,4132.0,0.5649488,0.0,False,1.0,non_human_findings,-1,0
002.tiff,find_and_suppress,713,2689.0,885.0,0.5648546,0.0,False,1.0,non_human_findings,-1,0
002.tiff,find_and_suppress,714,4205.0,1834.0,0.5648378,0.0,False,1.0,non_human_findings,-1,0
002.tiff,find_and_suppress,715,1458.0,1889.0,0.5646571,0.0,False,1.0,non_human_findings,-1,0
002.tiff,find_and_suppress,716,2012.0,854.0,0.5646404,0.0,False,1.0,non_human_findings,-1,0
002.tiff,find_and_suppress,717,540.0,631.0,0.5645875,0.0,False,1.0,non_human_findings,-1,0
002.tiff,find_and_suppress,718,5759.0,4305.0,0.5645287,0.0,False,1.0,non_human_findings,-1,0
002.tiff,find_and_suppress,719,1770.0,1280.0,0.56451154,0.0,False,1.0,non_human_findings,-1,0
002.tiff,find_and_suppress,720,2823.0,3956.0,0.5644092,0.0,False,1.0,non_human_findings,-1,0
002.tiff,find_and_suppress,721,865.0,4035.0,0.56434226,0.0,False,1.0,non_human_findings,-1,0
002.tiff,find_and_suppress,722,7106.0,1061.0,0.5643054,0.0,False,1.0,non_human_findings,-1,0
002.tiff,find_and_suppress,723,515.0,3821.0,0.56425005,0.0,False,1.0,non_human_findings,-1,0
002.tiff,find_and_suppress,724,2659.0,3619.0,0.56418216,0.0,False,1.0,non_human_findings,-1,0
002.tiff,find_and_suppress,725,518.0,2293.0,0.5641275,0.0,False,1.0,non_human_findings,-1,0
002.tiff,find_and_suppress,726,5592.0,4688.0,0.56411713,0.0,False,1.0,non_human_findings,-1,0
002.tiff,find_and_suppress,727,1133.0,2942.0,0.5639875,0.0,False,1.0,non_human_findings,-1,0
002.tiff,find_and_suppress,728,374.0,457.0,0.5639553,0.0,False,1.0,non_human_findings,-1,0
002.tiff,find_and_suppress,729,2682.0,4076.0,0.5639497,0.0,False,1.0,non_human_findings,-1,0
002.tiff,find_and_suppress,730,2859.0,4160.0,0.56393707,0.0,False,1.0,non_human_findings,-1,0
002.tiff,find_and_suppress,731,3240.0,1302.0,0.56393075,0.0,False,1.0,non_human_findings,-1,0
002.tiff,find_and_suppress,732,6793.0,4512.0,0.56389827,0.0,False,1.0,non_human_findings,-1,0
002.tiff,find_and_suppress,733,6704.0,5044.0,0.5638677,0.0,False,1.0,non_human_findings,-1,0
002.tiff,find_and_suppress,734,3355.0,431.0,0.563782,0.0,False,1.0,non_human_findings,-1,0
002.tiff,find_and_suppress,735,4480.0,623.0,0.56372863,0.0,False,1.0,non_human_findings,-1,0
002.tiff,find_and_suppress,736,6992.0,4203.0,0.5637246,0.0,False,1.0,non_human_findings,-1,0
002.tiff,find_and_suppress,737,4663.0,193.0,0.5636587,0.0,False,1.0,non_human_findings,-1,0
002.tiff,find_and_suppress,738,2882.0,554.0,0.5635781,0.0,False,1.0,non_human_findings,-1,0
002.tiff,find_and_suppress,739,6270.0,1279.0,0.5635396,0.0,False,1.0,non_human_findings,-1,0
002.tiff,find_and_suppress,740,5412.0,4366.0,0.5634585,0.0,False,1.0,non_human_findings,-1,0
002.tiff,find_and_suppress,741,5067.0,3025.0,0.563445,0.0,False,1.0,non_human_findings,-1,0
002.tiff,find_and_suppress,742,5075.0,1834.0,0.56340826,0.0,False,1.0,non_human_findings,-1,0
002.tiff,find_and_suppress,743,4858.0,3569.0,0.56337386,0.0,False,1.0,non_human_findings,-1,0
002.tiff,find_and_suppress,744,6757.0,2227.0,0.5632243,0.0,False,1.0,non_human_findings,-1,0
002.tiff,find_and_suppress,745,6542.0,678.0,0.5630843,0.0,False,1.0,non_human_findings,-1,0
002.tiff,find_and_suppress,746,6842.0,2317.0,0.56307715,0.0,False,1.0,non_human_findings,-1,0
002.tiff,find_and_suppress,747,401.0,4058.0,0.56306666,0.0,False,1.0,non_human_findings,-1,0
002.tiff,find_and_suppress,748,5431.0,3211.0,0.56302667,0.0,False,1.0,non_human_findings,-1,0
002.tiff,find_and_suppress,749,5587.0,5005.0,0.56300306,0.0,False,1.0,non_human_findings,-1,0
002.tiff,find_and_suppress,750,105.0,3601.0,0.5627562,0.0,False,1.0,non_human_findings,-1,0
002.tiff,find_and_suppress,751,1055.0,1470.0,0.56262684,0.0,False,1.0,non_human_findings,-1,0
002.tiff,find_and_suppress,752,581.0,410.0,0.56261927,0.0,False,1.0,non_human_findings,-1,0
002.tiff,find_and_suppress,753,6087.0,392.0,0.56246215,0.0,False,1.0,non_human_findings,-1,0
002.tiff,find_and_suppress,754,4669.0,3411.0,0.5624322,0.0,False,1.0,non_human_findings,-1,0
002.tiff,find_and_suppress,755,663.0,3454.0,0.5623603,0.0,False,1.0,non_human_findings,-1,0
002.tiff,find_and_suppress,756,7036.0,1310.0,0.56232303,0.0,False,1.0,non_human_findings,-1,0
002.tiff,find_and_suppress,757,3079.0,272.0,0.5623191,0.0,False,1.0,non_human_findings,-1,0
002.tiff,find_and_suppress,758,2377.0,842.0,0.56227094,0.0,False,1.0,non_human_findings,-1,0
002.tiff,find_and_suppress,759,6945.0,2214.0,0.56225586,0.0,False,1.0,non_human_findings,-1,0
002.tiff,find_and_suppress,760,5231.0,4805.0,0.5621037,0.0,False,1.0,non_human_findings,-1,0
002.tiff,find_and_suppress,761,4222.0,1691.0,0.56180614,0.0,False,1.0,non_human_findings,-1,0
002.tiff,find_and_suppress,762,3365.0,149.0,0.561674,0.0,False,1.0,non_human_findings,-1,0
002.tiff,find_and_suppress,763,118.0,2940.0,0.561413,0.0,False,1.0,non_human_findings,-1,0
002.tiff,find_and_suppress,764,5335.0,3437.0,0.5613283,0.0,False,1.0,non_human_findings,-1,0
002.tiff,find_and_suppress,765,557.0,288.0,0.5613116,0.0,False,1.0,non_human_findings,-1,0
002.tiff,find_and_suppress,766,6096.0,3304.0,0.5612749,0.0,False,1.0,non_human_findings,-1,0
002.tiff,find_and_suppress,767,4035.0,5016.0,0.5612702,0.0,False,1.0,non_human_findings,-1,0
002.tiff,find_and_suppress,768,5534.0,4646.0,0.56119514,0.0,False,1.0,non_human_findings,-1,0
002.tiff,find_and_suppress,769,5590.0,222.0,0.56107813,0.0,False,1.0,non_human_findings,-1,0
002.tiff,find_and_suppress,770,4844.0,1267.0,0.5610628,0.0,False,1.0,non_human_findings,-1,0
002.tiff,find_and_suppress,771,703.0,5346.0,0.56080025,0.0,False,1.0,non_human_findings,-1,0
002.tiff,find_and_suppress,772,752.0,2129.0,0.5607872,0.0,False,1.0,non_human_findings,-1,0
002.tiff,find_and_suppress,773,5282.0,2302.0,0.560539,0.0,False,1.0,non_human_findings,-1,0
002.tiff,find_and_suppress,774,26.0,5191.0,0.5603663,0.0,False,1.0,non_human_findings,-1,0
002.tiff,find_and_suppress,775,5593.0,2060.0,0.5602965,0.0,False,1.0,non_human_findings,-1,0
002.tiff,find_and_suppress,776,1931.0,892.0,0.5601028,0.0,False,1.0,non_human_findings,-1,0
002.tiff,find_and_suppress,777,3000.0,2486.0,0.5599132,0.0,False,1.0,non_human_findings,-1,0
002.tiff,find_and_suppress,778,570.0,241.0,0.5597931,0.0,False,1.0,non_human_findings,-1,0
002.tiff,find_and_suppress,779,123.0,1335.0,0.55961716,0.0,False,1.0,non_human_findings,-1,0
002.tiff,find_and_suppress,780,801.0,3050.0,0.55959916,0.0,False,1.0,non_human_findings,-1,0
002.tiff,find_and_suppress,781,1206.0,720.0,0.5594008,0.0,False,1.0,non_human_findings,-1,0
002.tiff,find_and_suppress,782,4352.0,4436.0,0.55935085,0.0,False,1.0,non_human_findings,-1,0
002.tiff,find_and_suppress,783,2474.0,2160.0,0.5592997,0.0,False,1.0,non_human_findings,-1,0
002.tiff,find_and_suppress,784,7128.0,689.0,0.55921537,0.0,False,1.0,non_human_findings,-1,0
002.tiff,find_and_suppress,785,480.0,4171.0,0.55913556,0.0,False,1.0,non_human_findings,-1,0
002.tiff,find_and_suppress,786,4472.0,1018.0,0.55900985,0.0,False,1.0,non_human_findings,-1,0
002.tiff,find_and_suppress,787,7076.0,1328.0,0.55899376,0.0,False,1.0,non_human_findings,-1,0
002.tiff,find_and_suppress,788,3856.0,5363.0,0.5589799,0.0,False,1.0,non_human_findings,-1,0
002.tiff,find_and_suppress,789,4751.0,2031.0,0.5588006,0.0,False,1.0,non_human_findings,-1,0
002.tiff,find_and_suppress,790,472.0,2174.0,0.5587917,0.0,False,1.0,non_human_findings,-1,0
002.tiff,find_and_suppress,791,5412.0,2405.0,0.5586949,0.0,False,1.0,non_human_findings,-1,0
002.tiff,find_and_suppress,792,58.0,2712.0,0.55864185,0.0,False,1.0,non_human_findings,-1,0
002.tiff,find_and_suppress,793,80.0,1551.0,0.5586172,0.0,False,1.0,non_human_findings,-1,0
002.tiff,find_and_suppress,794,1783.0,3973.0,0.5585366,0.0,False,1.0,non_human_findings,-1,0
002.tiff,find_and_suppress,795,6111.0,74.0,0.55845,0.0,False,1.0,non_human_findings,-1,0
002.tiff,find_and_suppress,796,4562.0,1373.0,0.55830234,0.0,False,1.0,non_human_findings,-1,0
002.tiff,find_and_suppress,797,1319.0,2785.0,0.5582915,0.0,False,1.0,human_correct_label,17,1
002.tiff,find_and_suppress,798,4728.0,2527.0,0.55821955,0.0,False,1.0,non_human_findings,-1,0
002.tiff,find_and_suppress,799,1987.0,3273.0,0.55803764,0.0,False,1.0,non_human_findings,-1,0
002.tiff,find_and_suppress,800,4596.0,3407.0,0.55803305,0.0,False,1.0,non_human_findings,-1,0
002.tiff,find_and_suppress,801,195.0,3610.0,0.55795527,0.0,False,1.0,non_human_findings,-1,0
002.tiff,find_and_suppress,802,5638.0,3124.0,0.5579322,0.0,False,1.0,non_human_findings,-1,0
002.tiff,find_and_suppress,803,2801.0,772.0,0.5577469,0.0,False,1.0,non_human_findings,-1,0
002.tiff,find_and_suppress,804,6838.0,499.0,0.55771834,0.0,False,1.0,non_human_findings,-1,0
002.tiff,find_and_suppress,805,4366.0,4472.0,0.5576724,0.0,False,1.0,non_human_findings,-1,0
002.tiff,find_and_suppress,806,6761.0,787.0,0.5575154,0.0,False,1.0,non_human_findings,-1,0
002.tiff,find_and_suppress,807,1548.0,4104.0,0.55750453,0.0,False,1.0,non_human_findings,-1,0
002.tiff,find_and_suppress,808,556.0,5061.0,0.55743283,0.0,False,1.0,non_human_findings,-1,0
002.tiff,find_and_suppress,809,1673.0,2400.0,0.55740666,0.0,False,1.0,non_human_findings,-1,0
002.tiff,find_and_suppress,810,491.0,870.0,0.5573755,0.0,False,1.0,non_human_findings,-1,0
002.tiff,find_and_suppress,811,6741.0,3333.0,0.5573358,0.0,False,1.0,non_human_findings,-1,0
002.tiff,find_and_suppress,812,7018.0,4948.0,0.5573306,0.0,False,1.0,non_human_findings,-1,0
002.tiff,find_and_suppress,813,2836.0,4470.0,0.5572906,0.0,False,1.0,non_human_findings,-1,0
002.tiff,find_and_suppress,814,6069.0,2690.0,0.5572426,0.0,False,1.0,non_human_findings,-1,0
002.tiff,find_and_suppress,815,6104.0,3548.0,0.5572107,0.0,False,1.0,non_human_findings,-1,0
002.tiff,find_and_suppress,816,6887.0,2432.0,0.5571588,0.0,False,1.0,non_human_findings,-1,0
002.tiff,find_and_suppress,817,5202.0,4583.0,0.5571549,0.0,False,1.0,non_human_findings,-1,0
002.tiff,find_and_suppress,818,1327.0,2384.0,0.557092,0.0,False,1.0,non_human_findings,-1,0
002.tiff,find_and_suppress,819,5702.0,108.0,0.55699956,0.0,False,1.0,non_human_findings,-1,0
002.tiff,find_and_suppress,820,2239.0,4094.0,0.55697376,0.0,False,1.0,non_human_findings,-1,0
002.tiff,find_and_suppress,821,4661.0,1990.0,0.55694914,0.0,False,1.0,non_human_findings,-1,0
002.tiff,find_and_suppress,822,7145.0,3960.0,0.55687284,0.0,False,1.0,non_human_findings,-1,0
002.tiff,find_and_suppress,823,1540.0,3693.0,0.5568606,0.0,False,1.0,non_human_findings,-1,0
002.tiff,find_and_suppress,824,3131.0,198.0,0.5568368,0.0,False,1.0,non_human_findings,-1,0
002.tiff,find_and_suppress,825,6201.0,3525.0,0.55679756,0.0,False,1.0,non_human_findings,-1,0
002.tiff,find_and_suppress,826,782.0,3471.0,0.5567817,0.0,False,1.0,non_human_findings,-1,0
002.tiff,find_and_suppress,827,4289.0,4336.0,0.55665517,0.0,False,1.0,non_human_findings,-1,0
002.tiff,find_and_suppress,828,72.0,3648.0,0.5566148,0.0,False,1.0,non_human_findings,-1,0
002.tiff,find_and_suppress,829,4423.0,2348.0,0.5565749,0.0,False,1.0,non_human_findings,-1,0
002.tiff,find_and_suppress,830,1187.0,189.0,0.5565596,0.0,False,1.0,non_human_findings,-1,0
002.tiff,find_and_suppress,831,5531.0,1428.0,0.556434,0.0,False,1.0,non_human_findings,-1,0
002.tiff,find_and_suppress,832,974.0,317.0,0.5563696,0.0,False,1.0,non_human_findings,-1,0
002.tiff,find_and_suppress,833,4342.0,3172.0,0.5563337,0.0,False,1.0,non_human_findings,-1,0
002.tiff,find_and_suppress,834,4517.0,2116.0,0.5562709,0.0,False,1.0,non_human_findings,-1,0
002.tiff,find_and_suppress,835,5445.0,4091.0,0.5560481,0.0,False,1.0,non_human_findings,-1,0
002.tiff,find_and_suppress,836,2794.0,4952.0,0.5559811,0.0,False,1.0,non_human_findings,-1,0
002.tiff,find_and_suppress,837,3943.0,3922.0,0.5558931,0.0,False,1.0,non_human_findings,-1,0
002.tiff,find_and_suppress,838,4954.0,5128.0,0.5558573,0.0,False,1.0,non_human_findings,-1,0
002.tiff,find_and_suppress,839,94.0,3367.0,0.55578643,0.0,False,1.0,non_human_findings,-1,0
002.tiff,find_and_suppress,840,1315.0,2328.0,0.5557797,0.0,False,1.0,non_human_findings,-1,0
002.tiff,find_and_suppress,841,1637.0,1656.0,0.5556624,0.0,False,1.0,non_human_findings,-1,0
002.tiff,find_and_suppress,842,497.0,1625.0,0.55560994,0.0,False,1.0,non_human_findings,-1,0
002.tiff,find_and_suppress,843,1399.0,1650.0,0.5554368,0.0,False,1.0,non_human_findings,-1,0
002.tiff,find_and_suppress,844,1452.0,1605.0,0.5554167,0.0,False,1.0,non_human_findings,-1,0
002.tiff,find_and_suppress,845,4657.0,4243.0,0.5554164,0.0,False,1.0,non_human_findings,-1,0
002.tiff,find_and_suppress,846,4162.0,769.0,0.55536413,0.0,False,1.0,non_human_findings,-1,0
002.tiff,find_and_suppress,847,2709.0,387.0,0.55532944,0.0,False,1.0,non_human_findings,-1,0
002.tiff,find_and_suppress,848,1978.0,4928.0,0.55528295,0.0,False,1.0,non_human_findings,-1,0
002.tiff,find_and_suppress,849,3832.0,3833.0,0.55527365,0.0,False,1.0,non_human_findings,-1,0
002.tiff,find_and_suppress,850,6069.0,5253.0,0.55521494,0.0,False,1.0,non_human_findings,-1,0
002.tiff,find_and_suppress,851,4038.0,4708.0,0.55511266,0.0,False,1.0,non_human_findings,-1,0
002.tiff,find_and_suppress,852,920.0,3665.0,0.5550748,0.0,False,1.0,non_human_findings,-1,0
002.tiff,find_and_suppress,853,6891.0,2170.0,0.55506885,0.0,False,1.0,non_human_findings,-1,0
002.tiff,find_and_suppress,854,5199.0,1967.0,0.5550256,0.0,False,1.0,non_human_findings,-1,0
002.tiff,find_and_suppress,855,3283.0,3648.0,0.5550232,0.0,False,1.0,non_human_findings,-1,0
002.tiff,find_and_suppress,856,1097.0,2429.0,0.5549753,0.0,False,1.0,non_human_findings,-1,0
002.tiff,find_and_suppress,857,6786.0,3533.0,0.5549344,0.0,False,1.0,non_human_findings,-1,0
002.tiff,find_and_suppress,858,6220.0,4246.0,0.5548746,0.0,False,1.0,non_human_findings,-1,0
002.tiff,find_and_suppress,859,5898.0,1371.0,0.55481803,0.0,False,1.0,non_human_findings,-1,0
002.tiff,find_and_suppress,860,5395.0,2169.0,0.55481213,0.0,False,1.0,non_human_findings,-1,0
002.tiff,find_and_suppress,861,3330.0,633.0,0.5545841,0.0,False,1.0,non_human_findings,-1,0
002.tiff,find_and_suppress,862,2072.0,2359.0,0.5545342,0.0,False,1.0,non_human_findings,-1,0
002.tiff,find_and_suppress,863,6593.0,3217.0,0.5545196,0.0,False,1.0,non_human_findings,-1,0
002.tiff,find_and_suppress,864,1196.0,2406.0,0.5545168,0.0,False,1.0,non_human_findings,-1,0
002.tiff,find_and_suppress,865,6518.0,3662.0,0.554503,0.0,False,1.0,non_human_findings,-1,0
002.tiff,find_and_suppress,866,1490.0,2124.0,0.55447704,0.0,False,1.0,non_human_findings,-1,0
002.tiff,find_and_suppress,867,6764.0,5099.0,0.5544089,0.0,False,1.0,non_human_findings,-1,0
002.tiff,find_and_suppress,868,1342.0,4388.0,0.55439687,0.0,False,1.0,non_human_findings,-1,0
002.tiff,find_and_suppress,869,6707.0,5177.0,0.5543922,0.0,False,1.0,non_human_findings,-1,0
002.tiff,find_and_suppress,870,264.0,517.0,0.5542327,0.0,False,1.0,non_human_findings,-1,0
002.tiff,find_and_suppress,871,5466.0,5212.0,0.55420953,0.0,False,1.0,non_human_findings,-1,0
002.tiff,find_and_suppress,872,5565.0,2134.0,0.5541831,0.0,False,1.0,non_human_findings,-1,0
002.tiff,find_and_suppress,873,1692.0,1234.0,0.5541034,0.0,False,1.0,non_human_findings,-1,0
002.tiff,find_and_suppress,874,4364.0,4226.0,0.55393434,0.0,False,1.0,non_human_findings,-1,0
002.tiff,find_and_suppress,875,6927.0,4318.0,0.5539158,0.0,False,1.0,non_human_findings,-1,0
002.tiff,find_and_suppress,876,7058.0,815.0,0.55389816,0.0,False,1.0,non_human_findings,-1,0
002.tiff,find_and_suppress,877,4776.0,1383.0,0.5537952,0.0,False,1.0,non_human_findings,-1,0
002.tiff,find_and_suppress,878,326.0,832.0,0.5535985,0.0,False,1.0,non_human_findings,-1,0
002.tiff,find_and_suppress,879,2144.0,704.0,0.5535889,0.0,False,1.0,non_human_findings,-1,0
002.tiff,find_and_suppress,880,5670.0,1453.0,0.5535249,0.0,False,1.0,non_human_findings,-1,0
002.tiff,find_and_suppress,881,4909.0,2614.0,0.55351955,0.0,False,1.0,non_human_findings,-1,0
002.tiff,find_and_suppress,882,2116.0,3166.0,0.55346376,0.0,False,1.0,non_human_findings,-1,0
002.tiff,find_and_suppress,883,6201.0,3290.0,0.55345017,0.0,False,1.0,non_human_findings,-1,0
002.tiff,find_and_suppress,884,3865.0,3079.0,0.55311877,0.0,False,1.0,non_human_findings,-1,0
002.tiff,find_and_suppress,885,1853.0,3829.0,0.55311286,0.0,False,1.0,non_human_findings,-1,0
002.tiff,find_and_suppress,886,5653.0,3240.0,0.5529914,0.0,False,1.0,non_human_findings,-1,0
002.tiff,find_and_suppress,887,1294.0,2451.0,0.55297834,0.0,False,1.0,non_human_findings,-1,0
002.tiff,find_and_suppress,888,3514.0,4180.0,0.5529341,0.0,False,1.0,non_human_findings,-1,0
002.tiff,find_and_suppress,889,3042.0,1432.0,0.5529111,0.0,False,1.0,non_human_findings,-1,0
002.tiff,find_and_suppress,890,1634.0,3969.0,0.5528728,0.0,False,1.0,non_human_findings,-1,0
002.tiff,find_and_suppress,891,6181.0,1411.0,0.55282694,0.0,False,1.0,non_human_findings,-1,0
002.tiff,find_and_suppress,892,200.0,146.0,0.5527527,0.0,False,1.0,non_human_findings,-1,0
002.tiff,find_and_suppress,893,1832.0,1686.0,0.5526651,0.0,False,1.0,non_human_findings,-1,0
002.tiff,find_and_suppress,894,209.0,2586.0,0.5526377,0.0,False,1.0,non_human_findings,-1,0
002.tiff,find_and_suppress,895,5602.0,4461.0,0.55257064,0.0,False,1.0,non_human_findings,-1,0
002.tiff,find_and_suppress,896,769.0,1879.0,0.55237424,0.0,False,1.0,non_human_findings,-1,0
002.tiff,find_and_suppress,897,1082.0,4639.0,0.55229104,0.0,False,1.0,non_human_findings,-1,0
002.tiff,find_and_suppress,898,1919.0,2826.0,0.55211663,0.0,False,1.0,non_human_findings,-1,0
002.tiff,find_and_suppress,899,3596.0,977.0,0.5520897,0.0,False,1.0,non_human_findings,-1,0
002.tiff,find_and_suppress,900,790.0,3411.0,0.55204403,0.0,False,1.0,non_human_findings,-1,0
002.tiff,find_and_suppress,901,3001.0,1354.0,0.5520126,0.0,False,1.0,non_human_findings,-1,0
002.tiff,find_and_suppress,902,1241.0,4174.0,0.5518276,0.0,False,1.0,non_human_findings,-1,0
002.tiff,find_and_suppress,903,486.0,1101.0,0.5518109,0.0,False,1.0,non_human_findings,-1,0
002.tiff,find_and_suppress,904,4673.0,2182.0,0.5513276,0.0,False,1.0,non_human_findings,-1,0
002.tiff,find_and_suppress,905,3854.0,650.0,0.5512654,0.0,False,1.0,non_human_findings,-1,0
002.tiff,find_and_suppress,906,4418.0,4454.0,0.5512052,0.0,False,1.0,non_human_findings,-1,0
002.tiff,find_and_suppress,907,5335.0,104.0,0.5510901,0.0,False,1.0,non_human_findings,-1,0
002.tiff,find_and_suppress,908,6478.0,2067.0,0.5508356,0.0,False,1.0,non_human_findings,-1,0
002.tiff,find_and_suppress,909,2035.0,2485.0,0.55079705,0.0,False,1.0,non_human_findings,-1,0
002.tiff,find_and_suppress,910,1819.0,2565.0,0.5506887,0.0,False,1.0,non_human_findings,-1,0
002.tiff,find_and_suppress,911,3447.0,4049.0,0.5506233,0.0,False,1.0,non_human_findings,-1,0
002.tiff,find_and_suppress,912,2131.0,4609.0,0.55058634,0.0,False,1.0,non_human_findings,-1,0
002.tiff,find_and_suppress,913,517.0,2881.0,0.55043167,0.0,False,1.0,non_human_findings,-1,0
002.tiff,find_and_suppress,914,4153.0,2053.0,0.5503312,0.0,False,1.0,non_human_findings,-1,0
002.tiff,find_and_suppress,915,3813.0,2579.0,0.5502001,0.0,False,1.0,non_human_findings,-1,0
002.tiff,find_and_suppress,916,4975.0,3512.0,0.550036,0.0,False,1.0,non_human_findings,-1,0
002.tiff,find_and_suppress,917,3587.0,4166.0,0.5499705,0.0,False,1.0,non_human_findings,-1,0
002.tiff,find_and_suppress,918,6174.0,3039.0,0.5499247,0.0,False,1.0,non_human_findings,-1,0
002.tiff,find_and_suppress,919,2496.0,1235.0,0.5497715,0.0,False,1.0,non_human_findings,-1,0
002.tiff,find_and_suppress,920,6000.0,1011.0,0.5496512,0.0,False,1.0,non_human_findings,-1,0
002.tiff,find_and_suppress,921,3410.0,1746.0,0.54962957,0.0,False,1.0,non_human_findings,-1,0
002.tiff,find_and_suppress,922,3995.0,1352.0,0.54957795,0.0,False,1.0,non_human_findings,-1,0
002.tiff,find_and_suppress,923,4777.0,4826.0,0.5495596,0.0,False,1.0,non_human_findings,-1,0
002.tiff,find_and_suppress,924,3430.0,4646.0,0.5494971,0.0,False,1.0,non_human_findings,-1,0
002.tiff,find_and_suppress,925,315.0,217.0,0.5494054,0.0,False,1.0,non_human_findings,-1,0
002.tiff,find_and_suppress,926,695.0,3661.0,0.54934675,0.0,False,1.0,non_human_findings,-1,0
002.tiff,find_and_suppress,927,2160.0,4845.0,0.5493403,0.0,False,1.0,non_human_findings,-1,0
002.tiff,find_and_suppress,928,3712.0,4774.0,0.54929096,0.0,False,1.0,non_human_findings,-1,0
002.tiff,find_and_suppress,929,3497.0,4461.0,0.549277,0.0,False,1.0,non_human_findings,-1,0
002.tiff,find_and_suppress,930,6610.0,1219.0,0.5492435,0.0,False,1.0,non_human_findings,-1,0
002.tiff,find_and_suppress,931,592.0,5232.0,0.54924124,0.0,False,1.0,non_human_findings,-1,0
002.tiff,find_and_suppress,932,1134.0,360.0,0.549201,0.0,False,1.0,non_human_findings,-1,0
002.tiff,find_and_suppress,933,6270.0,5293.0,0.54918396,0.0,False,1.0,non_human_findings,-1,0
002.tiff,find_and_suppress,934,6277.0,3074.0,0.54916656,0.0,False,1.0,non_human_findings,-1,0
002.tiff,find_and_suppress,935,2496.0,4724.0,0.54902965,0.0,False,1.0,non_human_findings,-1,0
002.tiff,find_and_suppress,936,5102.0,915.0,0.548989,0.0,False,1.0,non_human_findings,-1,0
002.tiff,find_and_suppress,937,2904.0,5074.0,0.54898584,0.0,False,1.0,non_human_findings,-1,0
002.tiff,find_and_suppress,938,612.0,3687.0,0.5489811,0.0,False,1.0,non_human_findings,-1,0
002.tiff,find_and_suppress,939,6957.0,3519.0,0.5489256,0.0,False,1.0,non_human_findings,-1,0
002.tiff,find_and_suppress,940,27.0,3402.0,0.5488129,0.0,False,1.0,non_human_findings,-1,0
002.tiff,find_and_suppress,941,5362.0,4648.0,0.54879034,0.0,False,1.0,non_human_findings,-1,0
002.tiff,find_and_suppress,942,3211.0,248.0,0.54854786,0.0,False,1.0,non_human_findings,-1,0
002.tiff,find_and_suppress,943,3554.0,3183.0,0.5484742,0.0,False,1.0,non_human_findings,-1,0
002.tiff,find_and_suppress,944,5626.0,1250.0,0.54842794,0.0,False,1.0,non_human_findings,-1,0
002.tiff,find_and_suppress,945,1646.0,229.0,0.5481414,0.0,False,1.0,non_human_findings,-1,0
002.tiff,find_and_suppress,946,431.0,460.0,0.5481365,0.0,False,1.0,non_human_findings,-1,0
002.tiff,find_and_suppress,947,186.0,3000.0,0.5481338,0.0,False,1.0,non_human_findings,-1,0
002.tiff,find_and_suppress,948,1565.0,1777.0,0.54810333,0.0,False,1.0,non_human_findings,-1,0
002.tiff,find_and_suppress,949,6120.0,5137.0,0.5480792,0.0,False,1.0,non_human_findings,-1,0
002.tiff,find_and_suppress,950,5656.0,4054.0,0.5480467,0.0,False,1.0,non_human_findings,-1,0
002.tiff,find_and_suppress,951,4535.0,2019.0,0.54799503,0.0,False,1.0,non_human_findings,-1,0
002.tiff,find_and_suppress,952,2654.0,1896.0,0.54790366,0.0,False,1.0,non_human_findings,-1,0
002.tiff,find_and_suppress,953,1021.0,1799.0,0.5477268,0.0,False,1.0,non_human_findings,-1,0
002.tiff,find_and_suppress,954,141.0,2596.0,0.5476999,0.0,False,1.0,non_human_findings,-1,0
002.tiff,find_and_suppress,955,2605.0,666.0,0.54767084,0.0,False,1.0,non_human_findings,-1,0
002.tiff,find_and_suppress,956,3173.0,245.0,0.54755867,0.0,False,1.0,non_human_findings,-1,0
002.tiff,find_and_suppress,957,3148.0,3450.0,0.5475372,0.0,False,1.0,non_human_findings,-1,0
002.tiff,find_and_suppress,958,910.0,2234.0,0.5474077,0.0,False,1.0,non_human_findings,-1,0
002.tiff,find_and_suppress,959,2824.0,5069.0,0.5472446,0.0,False,1.0,non_human_findings,-1,0
002.tiff,find_and_suppress,960,432.0,4308.0,0.5472201,0.0,False,1.0,non_human_findings,-1,0
002.tiff,find_and_suppress,961,6070.0,4841.0,0.54706347,0.0,False,1.0,non_human_findings,-1,0
002.tiff,find_and_suppress,962,1400.0,3418.0,0.54701555,0.0,False,1.0,non_human_findings,-1,0
002.tiff,find_and_suppress,963,4799.0,2080.0,0.5469154,0.0,False,1.0,non_human_findings,-1,0
002.tiff,find_and_suppress,964,3018.0,1390.0,0.546828,0.0,False,1.0,non_human_findings,-1,0
002.tiff,find_and_suppress,965,6580.0,2035.0,0.54674727,0.0,False,1.0,non_human_findings,-1,0
002.tiff,find_and_suppress,966,263.0,2510.0,0.54662627,0.0,False,1.0,non_human_findings,-1,0
002.tiff,find_and_suppress,967,483.0,3945.0,0.5464866,0.0,False,1.0,non_human_findings,-1,0
002.tiff,find_and_suppress,968,6489.0,506.0,0.54643124,0.0,False,1.0,non_human_findings,-1,0
002.tiff,find_and_suppress,969,4155.0,4290.0,0.5464208,0.0,False,1.0,non_human_findings,-1,0
002.tiff,find_and_suppress,970,3306.0,4610.0,0.5463844,0.0,False,1.0,non_human_findings,-1,0
002.tiff,find_and_suppress,971,437.0,865.0,0.54637957,0.0,False,1.0,non_human_findings,-1,0
002.tiff,find_and_suppress,972,7062.0,1654.0,0.546336,0.0,False,1.0,non_human_findings,-1,0
002.tiff,find_and_suppress,973,4674.0,1927.0,0.54620886,0.0,False,1.0,non_human_findings,-1,0
002.tiff,find_and_suppress,974,6202.0,5348.0,0.54609853,0.0,False,1.0,non_human_findings,-1,0
002.tiff,find_and_suppress,975,2074.0,4243.0,0.5460886,0.0,False,1.0,non_human_findings,-1,0
002.tiff,find_and_suppress,976,2521.0,55.0,0.5460581,0.0,False,1.0,non_human_findings,-1,0
002.tiff,find_and_suppress,977,3236.0,1631.0,0.54600364,0.0,False,1.0,non_human_findings,-1,0
002.tiff,find_and_suppress,978,7044.0,4236.0,0.5458723,0.0,False,1.0,non_human_findings,-1,0
002.tiff,find_and_suppress,979,6863.0,254.0,0.5457437,0.0,False,1.0,non_human_findings,-1,0
002.tiff,find_and_suppress,980,4297.0,2931.0,0.5457112,0.0,False,1.0,non_human_findings,-1,0
002.tiff,find_and_suppress,981,364.0,3995.0,0.5457086,0.0,False,1.0,non_human_findings,-1,0
002.tiff,find_and_suppress,982,3795.0,4503.0,0.5455514,0.0,False,1.0,non_human_findings,-1,0
002.tiff,find_and_suppress,983,2099.0,888.0,0.54538494,0.0,False,1.0,non_human_findings,-1,0
002.tiff,find_and_suppress,984,6595.0,2948.0,0.54530215,0.0,False,1.0,non_human_findings,-1,0
002.tiff,find_and_suppress,985,4041.0,2709.0,0.54526556,0.0,False,1.0,non_human_findings,-1,0
002.tiff,find_and_suppress,986,935.0,3333.0,0.5452441,0.0,False,1.0,non_human_findings,-1,0
002.tiff,find_and_suppress,987,3866.0,4907.0,0.5451036,0.0,False,1.0,non_human_findings,-1,0
002.tiff,find_and_suppress,988,664.0,2582.0,0.54509825,0.0,False,1.0,non_human_findings,-1,0
002.tiff,find_and_suppress,989,893.0,4096.0,0.54508567,0.0,False,1.0,non_human_findings,-1,0
002.tiff,find_and_suppress,990,5787.0,2184.0,0.54505324,0.0,False,1.0,non_human_findings,-1,0
002.tiff,find_and_suppress,991,3904.0,1093.0,0.5449824,0.0,False,1.0,non_human_findings,-1,0
002.tiff,find_and_suppress,992,4485.0,3278.0,0.54488003,0.0,False,1.0,non_human_findings,-1,0
002.tiff,find_and_suppress,993,4279.0,4836.0,0.5448234,0.0,False,1.0,non_human_findings,-1,0
002.tiff,find_and_suppress,994,2979.0,1057.0,0.5448029,0.0,False,1.0,non_human_findings,-1,0
002.tiff,find_and_suppress,995,1444.0,5124.0,0.5447132,0.0,False,1.0,non_human_findings,-1,0
002.tiff,find_and_suppress,996,414.0,3206.0,0.54467237,0.0,False,1.0,non_human_findings,-1,0
002.tiff,find_and_suppress,997,1915.0,3609.0,0.5445754,0.0,False,1.0,non_human_findings,-1,0
002.tiff,find_and_suppress,998,382.0,2223.0,0.54456055,0.0,False,1.0,non_human_findings,-1,0
002.tiff,find_and_suppress,999,2898.0,3463.0,0.5445242,0.0,False,1.0,non_human_findings,-1,0
002.tiff,find_and_suppress,1000,5608.0,729.0,0.5443995,0.0,False,1.0,non_human_findings,-1,0
002.tiff,find_and_suppress,1001,5011.0,3182.0,0.5443683,0.0,False,1.0,non_human_findings,-1,0
002.tiff,find_and_suppress,1002,1640.0,1717.0,0.54430354,0.0,False,1.0,non_human_findings,-1,0
002.tiff,find_and_suppress,1003,2620.0,2783.0,0.54428977,0.0,False,1.0,non_human_findings,-1,0
002.tiff,find_and_suppress,1004,4542.0,462.0,0.54427207,0.0,False,1.0,non_human_findings,-1,0
002.tiff,find_and_suppress,1005,3005.0,5108.0,0.5442246,0.0,False,1.0,non_human_findings,-1,0
002.tiff,find_and_suppress,1006,5621.0,3420.0,0.5442233,0.0,False,1.0,non_human_findings,-1,0
002.tiff,find_and_suppress,1007,4218.0,2342.0,0.54419196,0.0,False,1.0,non_human_findings,-1,0
002.tiff,find_and_suppress,1008,6038.0,708.0,0.54418087,0.0,False,1.0,non_human_findings,-1,0
002.tiff,find_and_suppress,1009,1729.0,3171.0,0.5441103,0.0,False,1.0,non_human_findings,-1,0
002.tiff,find_and_suppress,1010,6736.0,105.0,0.5440871,0.0,False,1.0,non_human_findings,-1,0
002.tiff,find_and_suppress,1011,3387.0,4737.0,0.54396653,0.0,False,1.0,non_human_findings,-1,0
002.tiff,find_and_suppress,1012,6428.0,100.0,0.54393744,0.0,False,1.0,non_human_findings,-1,0
002.tiff,find_and_suppress,1013,5546.0,4684.0,0.5438689,0.0,False,1.0,non_human_findings,-1,0
002.tiff,find_and_suppress,1014,3565.0,1350.0,0.54384935,0.0,False,1.0,non_human_findings,-1,0
002.tiff,find_and_suppress,1015,2821.0,1829.0,0.5437177,0.0,False,1.0,non_human_findings,-1,0
002.tiff,find_and_suppress,1016,2639.0,3203.0,0.5436704,0.0,False,1.0,non_human_findings,-1,0
002.tiff,find_and_suppress,1017,4915.0,2709.0,0.54365057,0.0,False,1.0,non_human_findings,-1,0
002.tiff,find_and_suppress,1018,2175.0,1063.0,0.54359275,0.0,False,1.0,non_human_findings,-1,0
002.tiff,find_and_suppress,1019,2600.0,1294.0,0.54355687,0.0,False,1.0,non_human_findings,-1,0
002.tiff,find_and_suppress,1020,3110.0,4307.0,0.54328996,0.0,False,1.0,non_human_findings,-1,0
002.tiff,find_and_suppress,1021,6191.0,5199.0,0.5432527,0.0,False,1.0,non_human_findings,-1,0
002.tiff,find_and_suppress,1022,1884.0,2591.0,0.5432001,0.0,False,1.0,non_human_findings,-1,0
002.tiff,find_and_suppress,1023,6443.0,3628.0,0.5431605,0.0,False,1.0,non_human_findings,-1,0
002.tiff,find_and_suppress,1024,6580.0,1105.0,0.54313797,0.0,False,1.0,non_human_findings,-1,0
002.tiff,find_and_suppress,1025,3079.0,4113.0,0.5431028,0.0,False,1.0,non_human_findings,-1,0
002.tiff,find_and_suppress,1026,6814.0,461.0,0.54308724,0.0,False,1.0,non_human_findings,-1,0
002.tiff,find_and_suppress,1027,4782.0,1464.0,0.54306424,0.0,False,1.0,non_human_findings,-1,0
002.tiff,find_and_suppress,1028,3771.0,1554.0,0.5430531,0.0,False,1.0,non_human_findings,-1,0
002.tiff,find_and_suppress,1029,1034.0,538.0,0.5430262,0.0,False,1.0,non_human_findings,-1,0
002.tiff,find_and_suppress,1030,1739.0,1831.0,0.542886,0.0,False,1.0,non_human_findings,-1,0
002.tiff,find_and_suppress,1031,1389.0,4000.0,0.54276425,0.0,False,1.0,non_human_findings,-1,0
002.tiff,find_and_suppress,1032,4820.0,1888.0,0.54270434,0.0,False,1.0,non_human_findings,-1,0
002.tiff,find_and_suppress,1033,2835.0,1556.0,0.5426989,0.0,False,1.0,non_human_findings,-1,0
002.tiff,find_and_suppress,1034,1011.0,765.0,0.5426717,0.0,False,1.0,non_human_findings,-1,0
002.tiff,find_and_suppress,1035,3090.0,766.0,0.5426601,0.0,False,1.0,non_human_findings,-1,0
002.tiff,find_and_suppress,1036,4337.0,3064.0,0.5425753,0.0,False,1.0,non_human_findings,-1,0
002.tiff,find_and_suppress,1037,3796.0,149.0,0.5425094,0.0,False,1.0,non_human_findings,-1,0
002.tiff,find_and_suppress,1038,1363.0,4761.0,0.5424586,0.0,False,1.0,non_human_findings,-1,0
002.tiff,find_and_suppress,1039,6183.0,4934.0,0.5424367,0.0,False,1.0,non_human_findings,-1,0
002.tiff,find_and_suppress,1040,5233.0,3246.0,0.5423929,0.0,False,1.0,non_human_findings,-1,0
002.tiff,find_and_suppress,1041,2893.0,3406.0,0.542294,0.0,False,1.0,non_human_findings,-1,0
002.tiff,find_and_suppress,1042,6818.0,4866.0,0.542273,0.0,False,1.0,non_human_findings,-1,0
002.tiff,find_and_suppress,1043,6549.0,3947.0,0.54226947,0.0,False,1.0,non_human_findings,-1,0
002.tiff,find_and_suppress,1044,5535.0,3997.0,0.54225886,0.0,False,1.0,non_human_findings,-1,0
002.tiff,find_and_suppress,1045,6958.0,3301.0,0.5421934,0.0,False,1.0,non_human_findings,-1,0
002.tiff,find_and_suppress,1046,5049.0,4705.0,0.54219013,0.0,False,1.0,non_human_findings,-1,0
002.tiff,find_and_suppress,1047,2519.0,2148.0,0.54211915,0.0,False,1.0,non_human_findings,-1,0
002.tiff,find_and_suppress,1048,1042.0,2405.0,0.5420386,0.0,False,1.0,non_human_findings,-1,0
002.tiff,find_and_suppress,1049,7014.0,1652.0,0.5419371,0.0,False,1.0,non_human_findings,-1,0
002.tiff,find_and_suppress,1050,1192.0,2327.0,0.5418914,0.0,False,1.0,non_human_findings,-1,0
002.tiff,find_and_suppress,1051,217.0,1864.0,0.5417419,0.0,False,1.0,non_human_findings,-1,0
002.tiff,find_and_suppress,1052,4514.0,4255.0,0.541708,0.0,False,1.0,non_human_findings,-1,0
002.tiff,find_and_suppress,1053,3132.0,1752.0,0.54167646,0.0,False,1.0,non_human_findings,-1,0
002.tiff,find_and_suppress,1054,5603.0,345.0,0.54166096,0.0,False,1.0,non_human_findings,-1,0
002.tiff,find_and_suppress,1055,6638.0,3477.0,0.54160374,0.0,False,1.0,non_human_findings,-1,0
002.tiff,find_and_suppress,1056,2994.0,3487.0,0.54154617,0.0,False,1.0,non_human_findings,-1,0
002.tiff,find_and_suppress,1057,1238.0,1839.0,0.54153883,0.0,False,1.0,non_human_findings,-1,0
002.tiff,find_and_suppress,1058,4241.0,664.0,0.54141563,0.0,False,1.0,non_human_findings,-1,0
002.tiff,find_and_suppress,1059,2013.0,412.0,0.5413301,0.0,False,1.0,non_human_findings,-1,0
002.tiff,find_and_suppress,1060,3034.0,3973.0,0.5412976,0.0,False,1.0,non_human_findings,-1,0
002.tiff,find_and_suppress,1061,4977.0,2086.0,0.5412227,0.0,False,1.0,non_human_findings,-1,0
002.tiff,find_and_suppress,1062,1260.0,4242.0,0.541126,0.0,False,1.0,non_human_findings,-1,0
002.tiff,find_and_suppress,1063,3332.0,3203.0,0.54109716,0.0,False,1.0,non_human_findings,-1,0
002.tiff,find_and_suppress,1064,1044.0,138.0,0.5410642,0.0,False,1.0,non_human_findings,-1,0
002.tiff,find_and_suppress,1065,2595.0,1177.0,0.54105663,0.0,False,1.0,non_human_findings,-1,0
002.tiff,find_and_suppress,1066,5737.0,3046.0,0.5410258,0.0,False,1.0,non_human_findings,-1,0
002.tiff,find_and_suppress,1067,4060.0,3162.0,0.54091245,0.0,False,1.0,non_human_findings,-1,0
002.tiff,find_and_suppress,1068,6340.0,3657.0,0.54076195,0.0,False,1.0,non_human_findings,-1,0
002.tiff,find_and_suppress,1069,3338.0,3873.0,0.540605,0.0,False,1.0,non_human_findings,-1,0
002.tiff,find_and_suppress,1070,5982.0,1239.0,0.54050016,0.0,False,1.0,non_human_findings,-1,0
002.tiff,find_and_suppress,1071,1669.0,2710.0,0.54043776,0.0,False,1.0,non_human_findings,-1,0
002.tiff,find_and_suppress,1072,2360.0,5314.0,0.5403253,0.0,False,1.0,non_human_findings,-1,0
002.tiff,find_and_suppress,1073,362.0,4034.0,0.5403016,0.0,False,1.0,non_human_findings,-1,0
002.tiff,find_and_suppress,1074,3937.0,3543.0,0.54020804,0.0,False,1.0,non_human_findings,-1,0
002.tiff,find_and_suppress,1075,112.0,1658.0,0.5401706,0.0,False,1.0,non_human_findings,-1,0
002.tiff,find_and_suppress,1076,5337.0,2871.0,0.54000705,0.0,False,1.0,non_human_findings,-1,0
002.tiff,find_and_suppress,1077,3887.0,485.0,0.540007,0.0,False,1.0,non_human_findings,-1,0
002.tiff,find_and_suppress,1078,2818.0,420.0,0.53990835,0.0,False,1.0,non_human_findings,-1,0
002.tiff,find_and_suppress,1079,3000.0,859.0,0.5398779,0.0,False,1.0,non_human_findings,-1,0
002.tiff,find_and_suppress,1080,6905.0,3776.0,0.5398541,0.0,False,1.0,non_human_findings,-1,0
002.tiff,find_and_suppress,1081,5684.0,4741.0,0.5397957,0.0,False,1.0,non_human_findings,-1,0
002.tiff,find_and_suppress,1082,4189.0,4187.0,0.53978133,0.0,False,1.0,non_human_findings,-1,0
002.tiff,find_and_suppress,1083,6008.0,1981.0,0.5397467,0.0,False,1.0,non_human_findings,-1,0
002.tiff,find_and_suppress,1084,6867.0,915.0,0.5397314,0.0,False,1.0,non_human_findings,-1,0
002.tiff,find_and_suppress,1085,80.0,2640.0,0.53961927,0.0,False,1.0,non_human_findings,-1,0
002.tiff,find_and_suppress,1086,5086.0,537.0,0.5393627,0.0,False,1.0,non_human_findings,-1,0
002.tiff,find_and_suppress,1087,2104.0,1551.0,0.5393088,0.0,False,1.0,non_human_findings,-1,0
002.tiff,find_and_suppress,1088,3555.0,3849.0,0.5392555,0.0,False,1.0,non_human_findings,-1,0
002.tiff,find_and_suppress,1089,3662.0,194.0,0.5391754,0.0,False,1.0,non_human_findings,-1,0
002.tiff,find_and_suppress,1090,4302.0,961.0,0.53910655,0.0,False,1.0,non_human_findings,-1,0
002.tiff,find_and_suppress,1091,4707.0,1043.0,0.5390997,0.0,False,1.0,non_human_findings,-1,0
002.tiff,find_and_suppress,1092,1822.0,2698.0,0.53908545,0.0,False,1.0,non_human_findings,-1,0
002.tiff,find_and_suppress,1093,2316.0,4712.0,0.53887343,0.0,False,1.0,non_human_findings,-1,0
002.tiff,find_and_suppress,1094,1108.0,3341.0,0.5388248,0.0,False,1.0,non_human_findings,-1,0
002.tiff,find_and_suppress,1095,7023.0,850.0,0.538667,0.0,False,1.0,non_human_findings,-1,0
002.tiff,find_and_suppress,1096,5428.0,1529.0,0.538637,0.0,False,1.0,non_human_findings,-1,0
002.tiff,find_and_suppress,1097,637.0,3824.0,0.5386285,0.0,False,1.0,non_human_findings,-1,0
002.tiff,find_and_suppress,1098,6682.0,4568.0,0.53858554,0.0,False,1.0,non_human_findings,-1,0
002.tiff,find_and_suppress,1099,1552.0,1947.0,0.5385327,0.0,False,1.0,non_human_findings,-1,0
002.tiff,find_and_suppress,1100,3671.0,1363.0,0.5384734,0.0,False,1.0,non_human_findings,-1,0
002.tiff,find_and_suppress,1101,5557.0,4446.0,0.538368,0.0,False,1.0,non_human_findings,-1,0
002.tiff,find_and_suppress,1102,1154.0,5328.0,0.5383668,0.0,False,1.0,non_human_findings,-1,0
002.tiff,find_and_suppress,1103,3280.0,3374.0,0.53825516,0.0,False,1.0,non_human_findings,-1,0
002.tiff,find_and_suppress,1104,5346.0,4387.0,0.53824466,0.0,False,1.0,non_human_findings,-1,0
002.tiff,find_and_suppress,1105,5098.0,4894.0,0.5382217,0.0,False,1.0,non_human_findings,-1,0
002.tiff,find_and_suppress,1106,1693.0,3012.0,0.53820366,0.0,False,1.0,non_human_findings,-1,0
002.tiff,find_and_suppress,1107,511.0,791.0,0.5381441,0.0,False,1.0,non_human_findings,-1,0
002.tiff,find_and_suppress,1108,3386.0,3309.0,0.53811795,0.0,False,1.0,non_human_findings,-1,0
002.tiff,find_and_suppress,1109,4262.0,2701.0,0.5380821,0.0,False,1.0,non_human_findings,-1,0
002.tiff,find_and_suppress,1110,4971.0,1018.0,0.5380617,0.0,False,1.0,non_human_findings,-1,0
002.tiff,find_and_suppress,1111,794.0,4339.0,0.5379272,0.0,False,1.0,non_human_findings,-1,0
002.tiff,find_and_suppress,1112,1482.0,64.0,0.5378521,0.0,False,1.0,non_human_findings,-1,0
002.tiff,find_and_suppress,1113,4855.0,2354.0,0.5377741,0.0,False,1.0,non_human_findings,-1,0
002.tiff,find_and_suppress,1114,3209.0,1563.0,0.5377711,0.0,False,1.0,non_human_findings,-1,0
002.tiff,find_and_suppress,1115,128.0,1837.0,0.5377453,0.0,False,1.0,non_human_findings,-1,0
002.tiff,find_and_suppress,1116,5886.0,1580.0,0.5376678,0.0,False,1.0,non_human_findings,-1,0
002.tiff,find_and_suppress,1117,6526.0,731.0,0.5376635,0.0,False,1.0,non_human_findings,-1,0
002.tiff,find_and_suppress,1118,6157.0,4023.0,0.53760475,0.0,False,1.0,non_human_findings,-1,0
002.tiff,find_and_suppress,1119,1388.0,5354.0,0.537586,0.0,False,1.0,non_human_findings,-1,0
002.tiff,find_and_suppress,1120,5130.0,939.0,0.53753525,0.0,False,1.0,non_human_findings,-1,0
002.tiff,find_and_suppress,1121,3304.0,2268.0,0.5375016,0.0,False,1.0,non_human_findings,-1,0
002.tiff,find_and_suppress,1122,4173.0,1529.0,0.53739285,0.0,False,1.0,non_human_findings,-1,0
002.tiff,find_and_suppress,1123,2513.0,1739.0,0.5373484,0.0,False,1.0,non_human_findings,-1,0
002.tiff,find_and_suppress,1124,662.0,1735.0,0.53731483,0.0,False,1.0,non_human_findings,-1,0
002.tiff,find_and_suppress,1125,6532.0,1294.0,0.53726244,0.0,False,1.0,non_human_findings,-1,0
002.tiff,find_and_suppress,1126,821.0,4394.0,0.53714216,0.0,False,1.0,non_human_findings,-1,0
002.tiff,find_and_suppress,1127,3071.0,4673.0,0.53708816,0.0,False,1.0,non_human_findings,-1,0
002.tiff,find_and_suppress,1128,4634.0,3928.0,0.5370391,0.0,False,1.0,non_human_findings,-1,0
002.tiff,find_and_suppress,1129,4113.0,4476.0,0.5368909,0.0,False,1.0,non_human_findings,-1,0
002.tiff,find_and_suppress,1130,6710.0,3232.0,0.536566,0.0,False,1.0,non_human_findings,-1,0
002.tiff,find_and_suppress,1131,6733.0,594.0,0.5365431,0.0,False,1.0,non_human_findings,-1,0
002.tiff,find_and_suppress,1132,4688.0,296.0,0.5364554,0.0,False,1.0,non_human_findings,-1,0
002.tiff,find_and_suppress,1133,5592.0,3490.0,0.53642416,0.0,False,1.0,non_human_findings,-1,0
002.tiff,find_and_suppress,1134,3707.0,3496.0,0.5363581,0.0,False,1.0,non_human_findings,-1,0
002.tiff,find_and_suppress,1135,1898.0,2863.0,0.5363078,0.0,False,1.0,non_human_findings,-1,0
002.tiff,find_and_suppress,1136,839.0,1818.0,0.5361685,0.0,False,1.0,non_human_findings,-1,0
002.tiff,find_and_suppress,1137,6781.0,30.0,0.5361285,0.0,False,1.0,non_human_findings,-1,0
002.tiff,find_and_suppress,1138,6857.0,1762.0,0.53606004,0.0,False,1.0,non_human_findings,-1,0
002.tiff,find_and_suppress,1139,4731.0,1439.0,0.53592604,0.0,False,1.0,non_human_findings,-1,0
002.tiff,find_and_suppress,1140,781.0,2474.0,0.53585964,0.0,False,1.0,non_human_findings,-1,0
002.tiff,find_and_suppress,1141,5059.0,1878.0,0.5358248,0.0,False,1.0,non_human_findings,-1,0
002.tiff,find_and_suppress,1142,7064.0,4471.0,0.5357299,0.0,False,1.0,non_human_findings,-1,0
002.tiff,find_and_suppress,1143,6342.0,3912.0,0.53565913,0.0,False,1.0,non_human_findings,-1,0
002.tiff,find_and_suppress,1144,5650.0,2996.0,0.53565305,0.0,False,1.0,non_human_findings,-1,0
002.tiff,find_and_suppress,1145,2498.0,990.0,0.5356333,0.0,False,1.0,non_human_findings,-1,0
002.tiff,find_and_suppress,1146,3337.0,4465.0,0.5356212,0.0,False,1.0,non_human_findings,-1,0
002.tiff,find_and_suppress,1147,4127.0,3593.0,0.53558165,0.0,False,1.0,non_human_findings,-1,0
002.tiff,find_and_suppress,1148,277.0,799.0,0.5354941,0.0,False,1.0,non_human_findings,-1,0
002.tiff,find_and_suppress,1149,3923.0,2883.0,0.535487,0.0,False,1.0,non_human_findings,-1,0
002.tiff,find_and_suppress,1150,173.0,758.0,0.5353917,0.0,False,1.0,non_human_findings,-1,0
002.tiff,find_and_suppress,1151,1549.0,2548.0,0.53537834,0.0,False,1.0,non_human_findings,-1,0
002.tiff,find_and_suppress,1152,5582.0,2224.0,0.5353393,0.0,False,1.0,non_human_findings,-1,0
002.tiff,find_and_suppress,1153,3232.0,3719.0,0.5352635,0.0,False,1.0,non_human_findings,-1,0
002.tiff,find_and_suppress,1154,3569.0,3934.0,0.53518444,0.0,False,1.0,non_human_findings,-1,0
002.tiff,find_and_suppress,1155,5308.0,2462.0,0.53490674,0.0,False,1.0,non_human_findings,-1,0
002.tiff,find_and_suppress,1156,1995.0,766.0,0.5348802,0.0,False,1.0,non_human_findings,-1,0
002.tiff,find_and_suppress,1157,5964.0,5096.0,0.53486496,0.0,False,1.0,non_human_findings,-1,0
002.tiff,find_and_suppress,1158,4541.0,5099.0,0.53484386,0.0,False,1.0,non_human_findings,-1,0
002.tiff,find_and_suppress,1159,5723.0,4368.0,0.534748,0.0,False,1.0,non_human_findings,-1,0
002.tiff,find_and_suppress,1160,3321.0,1087.0,0.5347203,0.0,False,1.0,non_human_findings,-1,0
002.tiff,find_and_suppress,1161,5983.0,3101.0,0.5346753,0.0,False,1.0,non_human_findings,-1,0
002.tiff,find_and_suppress,1162,1726.0,1598.0,0.53467155,0.0,False,1.0,non_human_findings,-1,0
002.tiff,find_and_suppress,1163,4862.0,1410.0,0.5346648,0.0,False,1.0,non_human_findings,-1,0
002.tiff,find_and_suppress,1164,2218.0,5124.0,0.5346172,0.0,False,1.0,non_human_findings,-1,0
002.tiff,find_and_suppress,1165,4160.0,3300.0,0.5345393,0.0,False,1.0,non_human_findings,-1,0
002.tiff,find_and_suppress,1166,1106.0,4501.0,0.5345112,0.0,False,1.0,non_human_findings,-1,0
002.tiff,find_and_suppress,1167,2823.0,556.0,0.5345097,0.0,False,1.0,non_human_findings,-1,0
002.tiff,find_and_suppress,1168,6391.0,3906.0,0.53448474,0.0,False,1.0,non_human_findings,-1,0
002.tiff,find_and_suppress,1169,4949.0,4883.0,0.5344773,0.0,False,1.0,non_human_findings,-1,0
002.tiff,find_and_suppress,1170,3267.0,3928.0,0.5344044,0.0,False,1.0,non_human_findings,-1,0
002.tiff,find_and_suppress,1171,6405.0,4827.0,0.5343547,0.0,False,1.0,non_human_findings,-1,0
002.tiff,find_and_suppress,1172,154.0,3070.0,0.53419805,0.0,False,1.0,non_human_findings,-1,0
002.tiff,find_and_suppress,1173,695.0,981.0,0.53407437,0.0,False,1.0,non_human_findings,-1,0
002.tiff,find_and_suppress,1174,448.0,1647.0,0.5340098,0.0,False,1.0,non_human_findings,-1,0
002.tiff,find_and_suppress,1175,2322.0,1119.0,0.5339711,0.0,False,1.0,non_human_findings,-1,0
002.tiff,find_and_suppress,1176,409.0,816.0,0.53396577,0.0,False,1.0,non_human_findings,-1,0
002.tiff,find_and_suppress,1177,468.0,1769.0,0.5339451,0.0,False,1.0,non_human_findings,-1,0
002.tiff,find_and_suppress,1178,7113.0,1936.0,0.5339146,0.0,False,1.0,non_human_findings,-1,0
002.tiff,find_and_suppress,1179,1234.0,4461.0,0.5338899,0.0,False,1.0,non_human_findings,-1,0
002.tiff,find_and_suppress,1180,1015.0,692.0,0.53383917,0.0,False,1.0,non_human_findings,-1,0
002.tiff,find_and_suppress,1181,5407.0,5150.0,0.533803,0.0,False,1.0,non_human_findings,-1,0
002.tiff,find_and_suppress,1182,6974.0,1538.0,0.5337171,0.0,False,1.0,non_human_findings,-1,0
002.tiff,find_and_suppress,1183,1265.0,2016.0,0.5336529,0.0,False,1.0,non_human_findings,-1,0
002.tiff,find_and_suppress,1184,4760.0,1916.0,0.5334309,0.0,False,1.0,non_human_findings,-1,0
002.tiff,find_and_suppress,1185,6153.0,2733.0,0.53336,0.0,False,1.0,non_human_findings,-1,0
002.tiff,find_and_suppress,1186,4571.0,150.0,0.5333468,0.0,False,1.0,non_human_findings,-1,0
002.tiff,find_and_suppress,1187,6670.0,3122.0,0.53331465,0.0,False,1.0,non_human_findings,-1,0
002.tiff,find_and_suppress,1188,6778.0,5313.0,0.53322375,0.0,False,1.0,non_human_findings,-1,0
002.tiff,find_and_suppress,1189,1349.0,370.0,0.53318465,0.0,False,1.0,non_human_findings,-1,0
002.tiff,find_and_suppress,1190,2695.0,1792.0,0.53318423,0.0,False,1.0,non_human_findings,-1,0
002.tiff,find_and_suppress,1191,922.0,3384.0,0.53313404,0.0,False,1.0,non_human_findings,-1,0
002.tiff,find_and_suppress,1192,5661.0,634.0,0.5330405,0.0,False,1.0,non_human_findings,-1,0
002.tiff,find_and_suppress,1193,7117.0,2291.0,0.53289276,0.0,False,1.0,non_human_findings,-1,0
002.tiff,find_and_suppress,1194,2516.0,2057.0,0.5328864,0.0,False,1.0,non_human_findings,-1,0
002.tiff,find_and_suppress,1195,4182.0,2712.0,0.53283936,0.0,False,1.0,non_human_findings,-1,0
002.tiff,find_and_suppress,1196,3797.0,3435.0,0.5327975,0.0,False,1.0,non_human_findings,-1,0
002.tiff,find_and_suppress,1197,1484.0,1521.0,0.5327666,0.0,False,1.0,non_human_findings,-1,0
002.tiff,find_and_suppress,1198,169.0,2509.0,0.5327386,0.0,False,1.0,non_human_findings,-1,0
002.tiff,find_and_suppress,1199,4438.0,1504.0,0.5326929,0.0,False,1.0,non_human_findings,-1,0
002.tiff,find_and_suppress,1200,1350.0,5181.0,0.53266484,0.0,False,1.0,non_human_findings,-1,0
002.tiff,find_and_suppress,1201,5510.0,806.0,0.5325374,0.0,False,1.0,non_human_findings,-1,0
002.tiff,find_and_suppress,1202,774.0,2382.0,0.5325005,0.0,False,1.0,non_human_findings,-1,0
002.tiff,find_and_suppress,1203,1300.0,4245.0,0.53246534,0.0,False,1.0,non_human_findings,-1,0
002.tiff,find_and_suppress,1204,1319.0,4490.0,0.5324557,0.0,False,1.0,non_human_findings,-1,0
002.tiff,find_and_suppress,1205,1795.0,3874.0,0.53237087,0.0,False,1.0,non_human_findings,-1,0
002.tiff,find_and_suppress,1206,436.0,1174.0,0.5322961,0.0,False,1.0,non_human_findings,-1,0
002.tiff,find_and_suppress,1207,285.0,3080.0,0.53223467,0.0,False,1.0,non_human_findings,-1,0
002.tiff,find_and_suppress,1208,6061.0,4568.0,0.53222656,0.0,False,1.0,non_human_findings,-1,0
002.tiff,find_and_suppress,1209,3468.0,2251.0,0.5321864,0.0,False,1.0,non_human_findings,-1,0
002.tiff,find_and_suppress,1210,1523.0,234.0,0.5321367,0.0,False,1.0,non_human_findings,-1,0
002.tiff,find_and_suppress,1211,5304.0,4737.0,0.5321232,0.0,False,1.0,non_human_findings,-1,0
002.tiff,find_and_suppress,1212,1487.0,3619.0,0.5320598,0.0,False,1.0,non_human_findings,-1,0
002.tiff,find_and_suppress,1213,6601.0,4520.0,0.53204983,0.0,False,1.0,non_human_findings,-1,0
002.tiff,find_and_suppress,1214,1362.0,475.0,0.5320024,0.0,False,1.0,non_human_findings,-1,0
002.tiff,find_and_suppress,1215,3690.0,3807.0,0.5319751,0.0,False,1.0,non_human_findings,-1,0
002.tiff,find_and_suppress,1216,3680.0,35.0,0.5318885,0.0,False,1.0,non_human_findings,-1,0
002.tiff,find_and_suppress,1217,4014.0,3940.0,0.53184485,0.0,False,1.0,non_human_findings,-1,0
002.tiff,find_and_suppress,1218,5715.0,1379.0,0.5317696,0.0,False,1.0,non_human_findings,-1,0
002.tiff,find_and_suppress,1219,585.0,2890.0,0.53173274,0.0,False,1.0,non_human_findings,-1,0
002.tiff,find_and_suppress,1220,791.0,798.0,0.5317162,0.0,False,1.0,non_human_findings,-1,0
002.tiff,find_and_suppress,1221,3911.0,3150.0,0.5316712,0.0,False,1.0,non_human_findings,-1,0
002.tiff,find_and_suppress,1222,6639.0,637.0,0.53165805,0.0,False,1.0,non_human_findings,-1,0
002.tiff,find_and_suppress,1223,4422.0,215.0,0.53157616,0.0,False,1.0,human_correct_label,6,1
002.tiff,find_and_suppress,1224,4019.0,2497.0,0.53153396,0.0,False,1.0,non_human_findings,-1,0
002.tiff,find_and_suppress,1225,5942.0,4109.0,0.5315169,0.0,False,1.0,non_human_findings,-1,0
002.tiff,find_and_suppress,1226,4227.0,715.0,0.5314946,0.0,False,1.0,non_human_findings,-1,0
002.tiff,find_and_suppress,1227,3873.0,2014.0,0.5314925,0.0,False,1.0,non_human_findings,-1,0
002.tiff,find_and_suppress,1228,7088.0,1494.0,0.5314856,0.0,False,1.0,non_human_findings,-1,0
002.tiff,find_and_suppress,1229,2233.0,2600.0,0.53147954,0.0,False,1.0,non_human_findings,-1,0
002.tiff,find_and_suppress,1230,2175.0,2167.0,0.53142464,0.0,False,1.0,non_human_findings,-1,0
002.tiff,find_and_suppress,1231,6295.0,872.0,0.53137344,0.0,False,1.0,non_human_findings,-1,0
002.tiff,find_and_suppress,1232,6443.0,811.0,0.5313335,0.0,False,1.0,non_human_findings,-1,0
002.tiff,find_and_suppress,1233,2240.0,1416.0,0.5313179,0.0,False,1.0,non_human_findings,-1,0
002.tiff,find_and_suppress,1234,1567.0,4001.0,0.5312963,0.0,False,1.0,non_human_findings,-1,0
002.tiff,find_and_suppress,1235,6921.0,174.0,0.531215,0.0,False,1.0,non_human_findings,-1,0
002.tiff,find_and_suppress,1236,4915.0,3804.0,0.53119606,0.0,False,1.0,non_human_findings,-1,0
002.tiff,find_and_suppress,1237,1202.0,3672.0,0.531188,0.0,False,1.0,non_human_findings,-1,0
002.tiff,find_and_suppress,1238,1306.0,1705.0,0.5311834,0.0,False,1.0,non_human_findings,-1,0
002.tiff,find_and_suppress,1239,4707.0,3421.0,0.5310646,0.0,False,1.0,non_human_findings,-1,0
002.tiff,find_and_suppress,1240,851.0,3969.0,0.5309399,0.0,False,1.0,non_human_findings,-1,0
002.tiff,find_and_suppress,1241,2467.0,3789.0,0.5309172,0.0,False,1.0,non_human_findings,-1,0
002.tiff,find_and_suppress,1242,4452.0,2516.0,0.53091687,0.0,False,1.0,non_human_findings,-1,0
002.tiff,find_and_suppress,1243,5769.0,634.0,0.5308851,0.0,False,1.0,non_human_findings,-1,0
002.tiff,find_and_suppress,1244,1813.0,4770.0,0.53088075,0.0,False,1.0,non_human_findings,-1,0
002.tiff,find_and_suppress,1245,4954.0,3478.0,0.53086275,0.0,False,1.0,non_human_findings,-1,0
002.tiff,find_and_suppress,1246,51.0,1172.0,0.5307483,0.0,False,1.0,non_human_findings,-1,0
002.tiff,find_and_suppress,1247,6687.0,1489.0,0.53073347,0.0,False,1.0,non_human_findings,-1,0
002.tiff,find_and_suppress,1248,5207.0,811.0,0.53066474,0.0,False,1.0,non_human_findings,-1,0
002.tiff,find_and_suppress,1249,1277.0,2626.0,0.53060436,0.0,False,1.0,non_human_findings,-1,0
002.tiff,find_and_suppress,1250,828.0,2900.0,0.5305692,0.0,False,1.0,non_human_findings,-1,0
002.tiff,find_and_suppress,1251,870.0,3333.0,0.53045523,0.0,False,1.0,non_human_findings,-1,0
002.tiff,find_and_suppress,1252,7029.0,4436.0,0.5304157,0.0,False,1.0,non_human_findings,-1,0
002.tiff,find_and_suppress,1253,1975.0,2375.0,0.5303866,0.0,False,1.0,non_human_findings,-1,0
002.tiff,find_and_suppress,1254,1973.0,3853.0,0.5303783,0.0,False,1.0,non_human_findings,-1,0
002.tiff,find_and_suppress,1255,2995.0,2996.0,0.53031313,0.0,False,1.0,non_human_findings,-1,0
002.tiff,find_and_suppress,1256,3935.0,4362.0,0.5302721,0.0,False,1.0,non_human_findings,-1,0
002.tiff,find_and_suppress,1257,857.0,3252.0,0.5301881,0.0,False,1.0,non_human_findings,-1,0
002.tiff,find_and_suppress,1258,4834.0,2398.0,0.53014505,0.0,False,1.0,non_human_findings,-1,0
002.tiff,find_and_suppress,1259,4947.0,3282.0,0.5301223,0.0,False,1.0,non_human_findings,-1,0
002.tiff,find_and_suppress,1260,1694.0,1737.0,0.5300125,0.0,False,1.0,non_human_findings,-1,0
002.tiff,find_and_suppress,1261,4937.0,4384.0,0.52963257,0.0,False,1.0,non_human_findings,-1,0
002.tiff,find_and_suppress,1262,4169.0,3039.0,0.52959865,0.0,False,1.0,non_human_findings,-1,0
002.tiff,find_and_suppress,1263,2933.0,3518.0,0.5295719,0.0,False,1.0,non_human_findings,-1,0
002.tiff,find_and_suppress,1264,2781.0,5173.0,0.5295141,0.0,False,1.0,non_human_findings,-1,0
002.tiff,find_and_suppress,1265,4876.0,1498.0,0.52947795,0.0,False,1.0,non_human_findings,-1,0
002.tiff,find_and_suppress,1266,3492.0,214.0,0.5292887,0.0,False,1.0,non_human_findings,-1,0
002.tiff,find_and_suppress,1267,5326.0,4278.0,0.5292482,0.0,False,1.0,non_human_findings,-1,0
002.tiff,find_and_suppress,1268,4646.0,1128.0,0.5291615,0.0,False,1.0,non_human_findings,-1,0
002.tiff,find_and_suppress,1269,4015.0,1837.0,0.5291072,0.0,False,1.0,non_human_findings,-1,0
002.tiff,find_and_suppress,1270,2932.0,4028.0,0.52909106,0.0,False,1.0,non_human_findings,-1,0
002.tiff,find_and_suppress,1271,4848.0,3373.0,0.5290405,0.0,False,1.0,non_human_findings,-1,0
002.tiff,find_and_suppress,1272,5924.0,5350.0,0.5289624,0.0,False,1.0,non_human_findings,-1,0
002.tiff,find_and_suppress,1273,1785.0,2371.0,0.5288929,0.0,False,1.0,non_human_findings,-1,0
002.tiff,find_and_suppress,1274,3130.0,3957.0,0.52885836,0.0,False,1.0,non_human_findings,-1,0
002.tiff,find_and_suppress,1275,6455.0,4359.0,0.5288372,0.0,False,1.0,non_human_findings,-1,0
002.tiff,find_and_suppress,1276,2476.0,4141.0,0.52875227,0.0,False,1.0,non_human_findings,-1,0
002.tiff,find_and_suppress,1277,3631.0,2122.0,0.52872634,0.0,False,1.0,non_human_findings,-1,0
002.tiff,find_and_suppress,1278,6077.0,4085.0,0.5287015,0.0,False,1.0,non_human_findings,-1,0
002.tiff,find_and_suppress,1279,5602.0,659.0,0.5286879,0.0,False,1.0,non_human_findings,-1,0
002.tiff,find_and_suppress,1280,3669.0,5185.0,0.52868634,0.0,False,1.0,non_human_findings,-1,0
002.tiff,find_and_suppress,1281,487.0,158.0,0.52861404,0.0,False,1.0,non_human_findings,-1,0
002.tiff,find_and_suppress,1282,934.0,4273.0,0.52854955,0.0,False,1.0,non_human_findings,-1,0
002.tiff,find_and_suppress,1283,2942.0,3904.0,0.52834964,0.0,False,1.0,non_human_findings,-1,0
002.tiff,find_and_suppress,1284,3805.0,4045.0,0.52829707,0.0,False,1.0,non_human_findings,-1,0
002.tiff,find_and_suppress,1285,3131.0,1790.0,0.52817184,0.0,False,1.0,non_human_findings,-1,0
002.tiff,find_and_suppress,1286,3874.0,219.0,0.5281647,0.0,False,1.0,non_human_findings,-1,0
002.tiff,find_and_suppress,1287,2032.0,4645.0,0.52813804,0.0,False,1.0,non_human_findings,-1,0
002.tiff,find_and_suppress,1288,5190.0,1175.0,0.5281264,0.0,False,1.0,non_human_findings,-1,0
002.tiff,find_and_suppress,1289,4157.0,1614.0,0.5281009,0.0,False,1.0,non_human_findings,-1,0
002.tiff,find_and_suppress,1290,1092.0,543.0,0.52786523,0.0,False,1.0,non_human_findings,-1,0
002.tiff,find_and_suppress,1291,4149.0,405.0,0.52784646,0.0,False,1.0,non_human_findings,-1,0
002.tiff,find_and_suppress,1292,3776.0,3789.0,0.52774996,0.0,False,1.0,non_human_findings,-1,0
002.tiff,find_and_suppress,1293,525.0,339.0,0.52773875,0.0,False,1.0,non_human_findings,-1,0
002.tiff,find_and_suppress,1294,5585.0,4798.0,0.52761227,0.0,False,1.0,non_human_findings,-1,0
002.tiff,find_and_suppress,1295,3327.0,4088.0,0.5275939,0.0,False,1.0,non_human_findings,-1,0
002.tiff,find_and_suppress,1296,4077.0,3704.0,0.5275847,0.0,False,1.0,non_human_findings,-1,0
002.tiff,find_and_suppress,1297,5495.0,2630.0,0.5274533,0.0,False,1.0,non_human_findings,-1,0
002.tiff,find_and_suppress,1298,5826.0,1252.0,0.52742195,0.0,False,1.0,non_human_findings,-1,0
002.tiff,find_and_suppress,1299,3156.0,2645.0,0.5274038,0.0,False,1.0,non_human_findings,-1,0
002.tiff,find_and_suppress,1300,1053.0,4243.0,0.5272835,0.0,False,1.0,non_human_findings,-1,0
002.tiff,find_and_suppress,1301,5420.0,4033.0,0.52726644,0.0,False,1.0,non_human_findings,-1,0
002.tiff,find_and_suppress,1302,688.0,1444.0,0.5271845,0.0,False,1.0,non_human_findings,-1,0
002.tiff,find_and_suppress,1303,439.0,2998.0,0.5270941,0.0,False,1.0,non_human_findings,-1,0
002.tiff,find_and_suppress,1304,5994.0,1048.0,0.5270162,0.0,False,1.0,non_human_findings,-1,0
002.tiff,find_and_suppress,1305,125.0,5294.0,0.5270147,0.0,False,1.0,non_human_findings,-1,0
002.tiff,find_and_suppress,1306,2381.0,723.0,0.52697796,0.0,False,1.0,non_human_findings,-1,0
002.tiff,find_and_suppress,1307,2582.0,1853.0,0.52693486,0.0,False,1.0,non_human_findings,-1,0
002.tiff,find_and_suppress,1308,829.0,2369.0,0.5268891,0.0,False,1.0,non_human_findings,-1,0
002.tiff,find_and_suppress,1309,880.0,3560.0,0.52688044,0.0,False,1.0,non_human_findings,-1,0
002.tiff,find_and_suppress,1310,1512.0,2507.0,0.5267822,0.0,False,1.0,non_human_findings,-1,0
002.tiff,find_and_suppress,1311,1409.0,1573.0,0.526776,0.0,False,1.0,non_human_findings,-1,0
002.tiff,find_and_suppress,1312,5251.0,4930.0,0.52660155,0.0,False,1.0,non_human_findings,-1,0
002.tiff,find_and_suppress,1313,5838.0,4234.0,0.5265109,0.0,False,1.0,non_human_findings,-1,0
002.tiff,find_and_suppress,1314,6558.0,4991.0,0.5265078,0.0,False,1.0,non_human_findings,-1,0
002.tiff,find_and_suppress,1315,2252.0,2809.0,0.52650696,0.0,False,1.0,non_human_findings,-1,0
002.tiff,find_and_suppress,1316,1656.0,3632.0,0.52643657,0.0,False,1.0,non_human_findings,-1,0
002.tiff,find_and_suppress,1317,1960.0,710.0,0.526397,0.0,False,1.0,non_human_findings,-1,0
002.tiff,find_and_suppress,1318,5643.0,4369.0,0.52611756,0.0,False,1.0,non_human_findings,-1,0
002.tiff,find_and_suppress,1319,2275.0,2585.0,0.52605695,0.0,False,1.0,non_human_findings,-1,0
002.tiff,find_and_suppress,1320,1412.0,1276.0,0.5260173,0.0,False,1.0,non_human_findings,-1,0
002.tiff,find_and_suppress,1321,2755.0,472.0,0.5259625,0.0,False,1.0,non_human_findings,-1,0
002.tiff,find_and_suppress,1322,6985.0,950.0,0.52593374,0.0,False,1.0,non_human_findings,-1,0
002.tiff,find_and_suppress,1323,2423.0,918.0,0.525852,0.0,False,1.0,non_human_findings,-1,0
002.tiff,find_and_suppress,1324,441.0,1900.0,0.5257488,0.0,False,1.0,non_human_findings,-1,0
002.tiff,find_and_suppress,1325,2289.0,3092.0,0.5256332,0.0,False,1.0,non_human_findings,-1,0
002.tiff,find_and_suppress,1326,1926.0,1114.0,0.525609,0.0,False,1.0,non_human_findings,-1,0
002.tiff,find_and_suppress,1327,7011.0,4104.0,0.5255421,0.0,False,1.0,non_human_findings,-1,0
002.tiff,find_and_suppress,1328,533.0,2355.0,0.5255281,0.0,False,1.0,non_human_findings,-1,0
002.tiff,find_and_suppress,1329,4543.0,4622.0,0.5255162,0.0,False,1.0,non_human_findings,-1,0
002.tiff,find_and_suppress,1330,1679.0,1494.0,0.52550083,0.0,False,1.0,non_human_findings,-1,0
002.tiff,find_and_suppress,1331,4931.0,1151.0,0.5254288,0.0,False,1.0,non_human_findings,-1,0
002.tiff,find_and_suppress,1332,1975.0,2644.0,0.52540004,0.0,False,1.0,non_human_findings,-1,0
002.tiff,find_and_suppress,1333,6837.0,209.0,0.52534145,0.0,False,1.0,non_human_findings,-1,0
002.tiff,find_and_suppress,1334,395.0,858.0,0.5252837,0.0,False,1.0,non_human_findings,-1,0
002.tiff,find_and_suppress,1335,1339.0,3975.0,0.5252545,0.0,False,1.0,non_human_findings,-1,0
002.tiff,find_and_suppress,1336,2858.0,4117.0,0.5252477,0.0,False,1.0,non_human_findings,-1,0
002.tiff,find_and_suppress,1337,2306.0,806.0,0.525224,0.0,False,1.0,non_human_findings,-1,0
002.tiff,find_and_suppress,1338,5566.0,3267.0,0.52502394,0.0,False,1.0,non_human_findings,-1,0
002.tiff,find_and_suppress,1339,6195.0,5166.0,0.5250114,0.0,False,1.0,non_human_findings,-1,0
002.tiff,find_and_suppress,1340,2593.0,3795.0,0.5250032,0.0,False,1.0,non_human_findings,-1,0
002.tiff,find_and_suppress,1341,6321.0,5011.0,0.5249479,0.0,False,1.0,non_human_findings,-1,0
002.tiff,find_and_suppress,1342,4857.0,2576.0,0.52489525,0.0,False,1.0,non_human_findings,-1,0
002.tiff,find_and_suppress,1343,1661.0,4678.0,0.52480644,0.0,False,1.0,non_human_findings,-1,0
002.tiff,find_and_suppress,1344,2300.0,3925.0,0.5247917,0.0,False,1.0,non_human_findings,-1,0
002.tiff,find_and_suppress,1345,6688.0,528.0,0.52469546,0.0,False,1.0,non_human_findings,-1,0
002.tiff,find_and_suppress,1346,5022.0,629.0,0.52458984,0.0,False,1.0,non_human_findings,-1,0
002.tiff,find_and_suppress,1347,3585.0,444.0,0.5245718,0.0,False,1.0,non_human_findings,-1,0
002.tiff,find_and_suppress,1348,4412.0,3029.0,0.52454937,0.0,False,1.0,non_human_findings,-1,0
002.tiff,find_and_suppress,1349,7112.0,790.0,0.5244131,0.0,False,1.0,non_human_findings,-1,0
002.tiff,find_and_suppress,1350,4086.0,3566.0,0.5243501,0.0,False,1.0,non_human_findings,-1,0
002.tiff,find_and_suppress,1351,3801.0,2365.0,0.52434814,0.0,False,1.0,human_rejected_label,8,2
002.tiff,find_and_suppress,1352,4608.0,1803.0,0.52417904,0.0,False,1.0,non_human_findings,-1,0
002.tiff,find_and_suppress,1353,6445.0,218.0,0.52410364,0.0,False,1.0,non_human_findings,-1,0
002.tiff,find_and_suppress,1354,2030.0,2912.0,0.52400196,0.0,False,1.0,non_human_findings,-1,0
002.tiff,find_and_suppress,1355,4419.0,532.0,0.5239556,0.0,False,1.0,non_human_findings,-1,0
002.tiff,find_and_suppress,1356,1454.0,4032.0,0.5238845,0.0,False,1.0,non_human_findings,-1,0
002.tiff,find_and_suppress,1357,5442.0,778.0,0.52385,0.0,False,1.0,non_human_findings,-1,0
002.tiff,find_and_suppress,1358,3308.0,1819.0,0.52384835,0.0,False,1.0,non_human_findings,-1,0
002.tiff,find_and_suppress,1359,6153.0,5153.0,0.52376574,0.0,False,1.0,non_human_findings,-1,0
002.tiff,find_and_suppress,1360,5113.0,2707.0,0.5237395,0.0,False,1.0,non_human_findings,-1,0
002.tiff,find_and_suppress,1361,2787.0,5360.0,0.5237037,0.0,False,1.0,non_human_findings,-1,0
002.tiff,find_and_suppress,1362,1656.0,4112.0,0.5236531,0.0,False,1.0,non_human_findings,-1,0
002.tiff,find_and_suppress,1363,3326.0,775.0,0.52361166,0.0,False,1.0,non_human_findings,-1,0
002.tiff,find_and_suppress,1364,348.0,3753.0,0.52356017,0.0,False,1.0,non_human_findings,-1,0
002.tiff,find_and_suppress,1365,6097.0,4154.0,0.5235162,0.0,False,1.0,non_human_findings,-1,0
002.tiff,find_and_suppress,1366,4168.0,4228.0,0.5234781,0.0,False,1.0,non_human_findings,-1,0
002.tiff,find_and_suppress,1367,4800.0,3040.0,0.5234178,0.0,False,1.0,non_human_findings,-1,0
002.tiff,find_and_suppress,1368,1728.0,4874.0,0.52341336,0.0,False,1.0,non_human_findings,-1,0
002.tiff,find_and_suppress,1369,7073.0,3500.0,0.5233614,0.0,False,1.0,non_human_findings,-1,0
002.tiff,find_and_suppress,1370,2398.0,778.0,0.52323157,0.0,False,1.0,non_human_findings,-1,0
002.tiff,find_and_suppress,1371,1744.0,3874.0,0.523164,0.0,False,1.0,non_human_findings,-1,0
002.tiff,find_and_suppress,1372,3043.0,2482.0,0.52314234,0.0,False,1.0,non_human_findings,-1,0
002.tiff,find_and_suppress,1373,4996.0,4458.0,0.52310544,0.0,False,1.0,non_human_findings,-1,0
002.tiff,find_and_suppress,1374,1113.0,1776.0,0.52307284,0.0,False,1.0,non_human_findings,-1,0
002.tiff,find_and_suppress,1375,6564.0,771.0,0.52292603,0.0,False,1.0,non_human_findings,-1,0
002.tiff,find_and_suppress,1376,530.0,1041.0,0.5228673,0.0,False,1.0,non_human_findings,-1,0
002.tiff,find_and_suppress,1377,2338.0,5165.0,0.5228176,0.0,False,1.0,non_human_findings,-1,0
002.tiff,find_and_suppress,1378,6264.0,412.0,0.52278453,0.0,False,1.0,non_human_findings,-1,0
002.tiff,find_and_suppress,1379,4405.0,3214.0,0.5227437,0.0,False,1.0,non_human_findings,-1,0
002.tiff,find_and_suppress,1380,6749.0,2420.0,0.5226843,0.0,False,1.0,non_human_findings,-1,0
002.tiff,find_and_suppress,1381,4254.0,2065.0,0.5226484,0.0,False,1.0,non_human_findings,-1,0
002.tiff,find_and_suppress,1382,3715.0,145.0,0.5225056,0.0,False,1.0,non_human_findings,-1,0
002.tiff,find_and_suppress,1383,2498.0,204.0,0.52245086,0.0,False,1.0,non_human_findings,-1,0
002.tiff,find_and_suppress,1384,4962.0,380.0,0.52241737,0.0,False,1.0,non_human_findings,-1,0
002.tiff,find_and_suppress,1385,2421.0,1658.0,0.5223549,0.0,False,1.0,non_human_findings,-1,0
002.tiff,find_and_suppress,1386,5473.0,617.0,0.5222444,0.0,False,1.0,non_human_findings,-1,0
002.tiff,find_and_suppress,1387,7091.0,1203.0,0.52213275,0.0,False,1.0,non_human_findings,-1,0
002.tiff,find_and_suppress,1388,7072.0,5177.0,0.5221237,0.0,False,1.0,non_human_findings,-1,0
002.tiff,find_and_suppress,1389,847.0,4760.0,0.52207994,0.0,False,1.0,non_human_findings,-1,0
002.tiff,find_and_suppress,1390,1145.0,611.0,0.5219716,0.0,False,1.0,non_human_findings,-1,0
002.tiff,find_and_suppress,1391,3281.0,3476.0,0.5219481,0.0,False,1.0,non_human_findings,-1,0
002.tiff,find_and_suppress,1392,4745.0,5189.0,0.521772,0.0,False,1.0,non_human_findings,-1,0
002.tiff,find_and_suppress,1393,643.0,1098.0,0.5216168,0.0,False,1.0,non_human_findings,-1,0
002.tiff,find_and_suppress,1394,7092.0,4019.0,0.52161175,0.0,False,1.0,non_human_findings,-1,0
002.tiff,find_and_suppress,1395,3504.0,4090.0,0.521603,0.0,False,1.0,non_human_findings,-1,0
002.tiff,find_and_suppress,1396,5884.0,4019.0,0.52158993,0.0,False,1.0,non_human_findings,-1,0
002.tiff,find_and_suppress,1397,6666.0,927.0,0.5215587,0.0,False,1.0,non_human_findings,-1,0
002.tiff,find_and_suppress,1398,5387.0,318.0,0.5215359,0.0,False,1.0,non_human_findings,-1,0
002.tiff,find_and_suppress,1399,2591.0,1071.0,0.5215243,0.0,False,1.0,non_human_findings,-1,0
002.tiff,find_and_suppress,1400,3941.0,268.0,0.521476,0.0,False,1.0,non_human_findings,-1,0
002.tiff,find_and_suppress,1401,1409.0,3814.0,0.5213097,0.0,False,1.0,non_human_findings,-1,0
002.tiff,find_and_suppress,1402,6611.0,2633.0,0.5212738,0.0,False,1.0,non_human_findings,-1,0
002.tiff,find_and_suppress,1403,958.0,4959.0,0.5212733,0.0,False,1.0,non_human_findings,-1,0
002.tiff,find_and_suppress,1404,6508.0,862.0,0.52125937,0.0,False,1.0,non_human_findings,-1,0
002.tiff,find_and_suppress,1405,2328.0,1479.0,0.52122974,0.0,False,1.0,non_human_findings,-1,0
002.tiff,find_and_suppress,1406,5038.0,846.0,0.5212048,0.0,False,1.0,non_human_findings,-1,0
002.tiff,find_and_suppress,1407,1091.0,675.0,0.521107,0.0,False,1.0,non_human_findings,-1,0
002.tiff,find_and_suppress,1408,6678.0,677.0,0.52109295,0.0,False,1.0,non_human_findings,-1,0
002.tiff,find_and_suppress,1409,750.0,653.0,0.52099603,0.0,False,1.0,non_human_findings,-1,0
002.tiff,find_and_suppress,1410,4754.0,1244.0,0.52095944,0.0,False,1.0,non_human_findings,-1,0
002.tiff,find_and_suppress,1411,5252.0,2875.0,0.5209503,0.0,False,1.0,non_human_findings,-1,0
002.tiff,find_and_suppress,1412,4096.0,3881.0,0.52065444,0.0,False,1.0,non_human_findings,-1,0
002.tiff,find_and_suppress,1413,328.0,1811.0,0.52064276,0.0,False,1.0,non_human_findings,-1,0
002.tiff,find_and_suppress,1414,6206.0,2957.0,0.520641,0.0,False,1.0,non_human_findings,-1,0
002.tiff,find_and_suppress,1415,4687.0,1843.0,0.52048063,0.0,False,1.0,non_human_findings,-1,0
002.tiff,find_and_suppress,1416,6367.0,838.0,0.5201614,0.0,False,1.0,non_human_findings,-1,0
002.tiff,find_and_suppress,1417,4074.0,5386.0,0.5201497,0.0,False,1.0,non_human_findings,-1,0
002.tiff,find_and_suppress,1418,2448.0,701.0,0.5200885,0.0,False,1.0,non_human_findings,-1,0
002.tiff,find_and_suppress,1419,5800.0,1452.0,0.5200802,0.0,False,1.0,non_human_findings,-1,0
002.tiff,find_and_suppress,1420,3608.0,3534.0,0.5200532,0.0,False,1.0,non_human_findings,-1,0
002.tiff,find_and_suppress,1421,2388.0,4651.0,0.5200353,0.0,False,1.0,non_human_findings,-1,0
002.tiff,find_and_suppress,1422,6002.0,4244.0,0.51988435,0.0,False,1.0,non_human_findings,-1,0
002.tiff,find_and_suppress,1423,7078.0,3451.0,0.5198572,0.0,False,1.0,non_human_findings,-1,0
002.tiff,find_and_suppress,1424,4925.0,4682.0,0.5197616,0.0,False,1.0,non_human_findings,-1,0
002.tiff,find_and_suppress,1425,5055.0,2800.0,0.5197391,0.0,False,1.0,non_human_findings,-1,0
002.tiff,find_and_suppress,1426,3256.0,508.0,0.51952064,0.0,False,1.0,non_human_findings,-1,0
002.tiff,find_and_suppress,1427,4136.0,2760.0,0.5193761,0.0,False,1.0,non_human_findings,-1,0
002.tiff,find_and_suppress,1428,5763.0,921.0,0.51936376,0.0,False,1.0,non_human_findings,-1,0
002.tiff,find_and_suppress,1429,1619.0,2932.0,0.5193519,0.0,False,1.0,non_human_findings,-1,0
002.tiff,find_and_suppress,1430,2973.0,1225.0,0.5192959,0.0,False,1.0,non_human_findings,-1,0
002.tiff,find_and_suppress,1431,2639.0,195.0,0.5192489,0.0,False,1.0,non_human_findings,-1,0
002.tiff,find_and_suppress,1432,7143.0,4601.0,0.5192202,0.0,False,1.0,non_human_findings,-1,0
002.tiff,find_and_suppress,1433,978.0,2441.0,0.519213,0.0,False,1.0,non_human_findings,-1,0
002.tiff,find_and_suppress,1434,860.0,3685.0,0.51914924,0.0,False,1.0,non_human_findings,-1,0
002.tiff,find_and_suppress,1435,5532.0,2008.0,0.5191459,0.0,False,1.0,non_human_findings,-1,0
002.tiff,find_and_suppress,1436,6130.0,4719.0,0.5191386,0.0,False,1.0,non_human_findings,-1,0
002.tiff,find_and_suppress,1437,5201.0,4912.0,0.5191086,0.0,False,1.0,non_human_findings,-1,0
002.tiff,find_and_suppress,1438,3304.0,3261.0,0.51905274,0.0,False,1.0,non_human_findings,-1,0
002.tiff,find_and_suppress,1439,3619.0,939.0,0.51895756,0.0,False,1.0,non_human_findings,-1,0
002.tiff,find_and_suppress,1440,2232.0,2840.0,0.5188695,0.0,False,1.0,non_human_findings,-1,0
002.tiff,find_and_suppress,1441,5375.0,3028.0,0.51885307,0.0,False,1.0,non_human_findings,-1,0
002.tiff,find_and_suppress,1442,3204.0,4742.0,0.51884866,0.0,False,1.0,non_human_findings,-1,0
002.tiff,find_and_suppress,1443,3656.0,762.0,0.5188022,0.0,False,1.0,non_human_findings,-1,0
002.tiff,find_and_suppress,1444,2987.0,1144.0,0.51879597,0.0,False,1.0,non_human_findings,-1,0
002.tiff,find_and_suppress,1445,5944.0,1108.0,0.5186724,0.0,False,1.0,non_human_findings,-1,0
002.tiff,find_and_suppress,1446,5113.0,4607.0,0.5186596,0.0,False,1.0,non_human_findings,-1,0
002.tiff,find_and_suppress,1447,3745.0,3973.0,0.51863015,0.0,False,1.0,non_human_findings,-1,0
002.tiff,find_and_suppress,1448,35.0,4919.0,0.51844615,0.0,False,1.0,non_human_findings,-1,0
002.tiff,find_and_suppress,1449,4485.0,828.0,0.5184417,0.0,False,1.0,non_human_findings,-1,0
002.tiff,find_and_suppress,1450,6163.0,745.0,0.51838416,0.0,False,1.0,non_human_findings,-1,0
002.tiff,find_and_suppress,1451,1615.0,4139.0,0.518328,0.0,False,1.0,non_human_findings,-1,0
002.tiff,find_and_suppress,1452,2144.0,494.0,0.51830834,0.0,False,1.0,non_human_findings,-1,0
002.tiff,find_and_suppress,1453,4508.0,5222.0,0.5181525,0.0,False,1.0,non_human_findings,-1,0
002.tiff,find_and_suppress,1454,481.0,4885.0,0.5181108,0.0,False,1.0,non_human_findings,-1,0
002.tiff,find_and_suppress,1455,2203.0,3182.0,0.51809025,0.0,False,1.0,non_human_findings,-1,0
002.tiff,find_and_suppress,1456,4399.0,3859.0,0.518003,0.0,False,1.0,non_human_findings,-1,0
002.tiff,find_and_suppress,1457,999.0,1375.0,0.5179756,0.0,False,1.0,non_human_findings,-1,0
002.tiff,find_and_suppress,1458,6661.0,1051.0,0.5179118,0.0,False,1.0,non_human_findings,-1,0
002.tiff,find_and_suppress,1459,5960.0,4175.0,0.5178648,0.0,False,1.0,non_human_findings,-1,0
002.tiff,find_and_suppress,1460,604.0,3890.0,0.51785994,0.0,False,1.0,non_human_findings,-1,0
002.tiff,find_and_suppress,1461,3978.0,3987.0,0.51779807,0.0,False,1.0,non_human_findings,-1,0
002.tiff,find_and_suppress,1462,6066.0,3691.0,0.5177415,0.0,False,1.0,non_human_findings,-1,0
002.tiff,find_and_suppress,1463,4292.0,4289.0,0.517638,0.0,False,1.0,non_human_findings,-1,0
002.tiff,find_and_suppress,1464,1297.0,3230.0,0.51762104,0.0,False,1.0,non_human_findings,-1,0
002.tiff,find_and_suppress,1465,2179.0,2566.0,0.5175939,0.0,False,1.0,non_human_findings,-1,0
002.tiff,find_and_suppress,1466,4542.0,4571.0,0.517571,0.0,False,1.0,non_human_findings,-1,0
002.tiff,find_and_suppress,1467,5258.0,354.0,0.5175421,0.0,False,1.0,non_human_findings,-1,0
002.tiff,find_and_suppress,1468,1243.0,228.0,0.5175269,0.0,False,1.0,non_human_findings,-1,0
002.tiff,find_and_suppress,1469,6749.0,518.0,0.51745754,0.0,False,1.0,non_human_findings,-1,0
002.tiff,find_and_suppress,1470,2605.0,466.0,0.5173977,0.0,False,1.0,non_human_findings,-1,0
002.tiff,find_and_suppress,1471,129.0,2503.0,0.5173714,0.0,False,1.0,non_human_findings,-1,0
002.tiff,find_and_suppress,1472,3325.0,2778.0,0.51729184,0.0,False,1.0,non_human_findings,-1,0
002.tiff,find_and_suppress,1473,3693.0,2912.0,0.5172746,0.0,False,1.0,non_human_findings,-1,0
002.tiff,find_and_suppress,1474,3605.0,2528.0,0.5172479,0.0,False,1.0,non_human_findings,-1,0
002.tiff,find_and_suppress,1475,1526.0,2323.0,0.5172384,0.0,False,1.0,non_human_findings,-1,0
002.tiff,find_and_suppress,1476,2470.0,3752.0,0.5171477,0.0,False,1.0,non_human_findings,-1,0
002.tiff,find_and_suppress,1477,510.0,4070.0,0.51714635,0.0,False,1.0,non_human_findings,-1,0
002.tiff,find_and_suppress,1478,291.0,3152.0,0.51712996,0.0,False,1.0,non_human_findings,-1,0
002.tiff,find_and_suppress,1479,471.0,4013.0,0.5171236,0.0,False,1.0,non_human_findings,-1,0
002.tiff,find_and_suppress,1480,854.0,5026.0,0.51712006,0.0,False,1.0,non_human_findings,-1,0
002.tiff,find_and_suppress,1481,3360.0,101.0,0.51708764,0.0,False,1.0,non_human_findings,-1,0
002.tiff,find_and_suppress,1482,6289.0,4057.0,0.51707727,0.0,False,1.0,non_human_findings,-1,0
002.tiff,find_and_suppress,1483,6351.0,4021.0,0.5170597,0.0,False,1.0,non_human_findings,-1,0
002.tiff,find_and_suppress,1484,4855.0,390.0,0.51703054,0.0,False,1.0,non_human_findings,-1,0
002.tiff,find_and_suppress,1485,2098.0,5078.0,0.51699615,0.0,False,1.0,non_human_findings,-1,0
002.tiff,find_and_suppress,1486,5911.0,867.0,0.51695234,0.0,False,1.0,non_human_findings,-1,0
002.tiff,find_and_suppress,1487,3104.0,4203.0,0.5169416,0.0,False,1.0,non_human_findings,-1,0
002.tiff,find_and_suppress,1488,296.0,1006.0,0.5169355,0.0,False,1.0,non_human_findings,-1,0
002.tiff,find_and_suppress,1489,3267.0,4672.0,0.5168642,0.0,False,1.0,non_human_findings,-1,0
002.tiff,find_and_suppress,1490,3083.0,1780.0,0.51683813,0.0,False,1.0,non_human_findings,-1,0
002.tiff,find_and_suppress,1491,249.0,2889.0,0.51671386,0.0,False,1.0,non_human_findings,-1,0
002.tiff,find_and_suppress,1492,4474.0,3333.0,0.51666063,0.0,False,1.0,non_human_findings,-1,0
002.tiff,find_and_suppress,1493,2737.0,51.0,0.5166534,0.0,False,1.0,non_human_findings,-1,0
002.tiff,find_and_suppress,1494,4911.0,4871.0,0.5166004,0.0,False,1.0,non_human_findings,-1,0
002.tiff,find_and_suppress,1495,388.0,3917.0,0.5165338,0.0,False,1.0,non_human_findings,-1,0
002.tiff,find_and_suppress,1496,3274.0,642.0,0.5165311,0.0,False,1.0,non_human_findings,-1,0
002.tiff,find_and_suppress,1497,5056.0,4544.0,0.516504,0.0,False,1.0,non_human_findings,-1,0
002.tiff,find_and_suppress,1498,2772.0,4738.0,0.5164709,0.0,False,1.0,non_human_findings,-1,0
002.tiff,find_and_suppress,1499,4105.0,4940.0,0.5164234,0.0,False,1.0,non_human_findings,-1,0
002.tiff,find_and_suppress,1500,5957.0,5386.0,0.5163591,0.0,False,1.0,non_human_findings,-1,0
002.tiff,find_and_suppress,1501,486.0,4232.0,0.51633745,0.0,False,1.0,non_human_findings,-1,0
002.tiff,find_and_suppress,1502,1174.0,4739.0,0.5163071,0.0,False,1.0,non_human_findings,-1,0
002.tiff,find_and_suppress,1503,7135.0,927.0,0.5162995,0.0,False,1.0,non_human_findings,-1,0
002.tiff,find_and_suppress,1504,2969.0,1861.0,0.51628554,0.0,False,1.0,non_human_findings,-1,0
002.tiff,find_and_suppress,1505,5388.0,796.0,0.51626956,0.0,False,1.0,non_human_findings,-1,0
002.tiff,find_and_suppress,1506,3036.0,4058.0,0.51623565,0.0,False,1.0,non_human_findings,-1,0
002.tiff,find_and_suppress,1507,2968.0,4018.0,0.51622385,0.0,False,1.0,non_human_findings,-1,0
002.tiff,find_and_suppress,1508,7020.0,4799.0,0.5161986,0.0,False,1.0,non_human_findings,-1,0
002.tiff,find_and_suppress,1509,64.0,2580.0,0.5161689,0.0,False,1.0,non_human_findings,-1,0
002.tiff,find_and_suppress,1510,3737.0,1398.0,0.51616764,0.0,False,1.0,non_human_findings,-1,0
002.tiff,find_and_suppress,1511,2779.0,2236.0,0.5161044,0.0,False,1.0,non_human_findings,-1,0
002.tiff,find_and_suppress,1512,3515.0,170.0,0.5160004,0.0,False,1.0,non_human_findings,-1,0
002.tiff,find_and_suppress,1513,6227.0,4108.0,0.5159881,0.0,False,1.0,non_human_findings,-1,0
002.tiff,find_and_suppress,1514,1947.0,4144.0,0.5159603,0.0,False,1.0,non_human_findings,-1,0
002.tiff,find_and_suppress,1515,5087.0,3398.0,0.51594645,0.0,False,1.0,non_human_findings,-1,0
002.tiff,find_and_suppress,1516,7163.0,4939.0,0.51594144,0.0,False,1.0,non_human_findings,-1,0
002.tiff,find_and_suppress,1517,3908.0,572.0,0.5159363,0.0,False,1.0,non_human_findings,-1,0
002.tiff,find_and_suppress,1518,633.0,657.0,0.51593065,0.0,False,1.0,non_human_findings,-1,0
002.tiff,find_and_suppress,1519,4063.0,360.0,0.5159263,0.0,False,1.0,non_human_findings,-1,0
002.tiff,find_and_suppress,1520,762.0,4299.0,0.5157759,0.0,False,1.0,non_human_findings,-1,0
002.tiff,find_and_suppress,1521,1000.0,2177.0,0.5157505,0.0,False,1.0,non_human_findings,-1,0
002.tiff,find_and_suppress,1522,2052.0,3314.0,0.5157423,0.0,False,1.0,non_human_findings,-1,0
002.tiff,find_and_suppress,1523,1393.0,2295.0,0.51565284,0.0,False,1.0,non_human_findings,-1,0
002.tiff,find_and_suppress,1524,6212.0,521.0,0.5156233,0.0,False,1.0,non_human_findings,-1,0
002.tiff,find_and_suppress,1525,2497.0,4210.0,0.5156029,0.0,False,1.0,non_human_findings,-1,0
002.tiff,find_and_suppress,1526,5328.0,2769.0,0.5155048,0.0,False,1.0,non_human_findings,-1,0
002.tiff,find_and_suppress,1527,3663.0,1065.0,0.51547927,0.0,False,1.0,non_human_findings,-1,0
002.tiff,find_and_suppress,1528,6734.0,4426.0,0.515446,0.0,False,1.0,non_human_findings,-1,0
002.tiff,find_and_suppress,1529,6237.0,5385.0,0.51544464,0.0,False,1.0,non_human_findings,-1,0
002.tiff,find_and_suppress,1530,5524.0,2411.0,0.5154302,0.0,False,1.0,non_human_findings,-1,0
002.tiff,find_and_suppress,1531,437.0,3480.0,0.5153718,0.0,False,1.0,non_human_findings,-1,0
002.tiff,find_and_suppress,1532,3076.0,4260.0,0.515311,0.0,False,1.0,non_human_findings,-1,0
002.tiff,find_and_suppress,1533,1813.0,1213.0,0.51527727,0.0,False,1.0,non_human_findings,-1,0
002.tiff,find_and_suppress,1534,6086.0,5336.0,0.51506186,0.0,False,1.0,non_human_findings,-1,0
002.tiff,find_and_suppress,1535,3869.0,2827.0,0.5149961,0.0,False,1.0,non_human_findings,-1,0
002.tiff,find_and_suppress,1536,5329.0,924.0,0.5149313,0.0,False,1.0,non_human_findings,-1,0
002.tiff,find_and_suppress,1537,6009.0,599.0,0.51492953,0.0,False,1.0,non_human_findings,-1,0
002.tiff,find_and_suppress,1538,5128.0,1589.0,0.5148882,0.0,False,1.0,non_human_findings,-1,0
002.tiff,find_and_suppress,1539,3855.0,4624.0,0.51488155,0.0,False,1.0,non_human_findings,-1,0
002.tiff,find_and_suppress,1540,3330.0,3006.0,0.51487696,0.0,False,1.0,non_human_findings,-1,0
002.tiff,find_and_suppress,1541,1915.0,1067.0,0.51478744,0.0,False,1.0,non_human_findings,-1,0
002.tiff,find_and_suppress,1542,5064.0,914.0,0.51472867,0.0,False,1.0,non_human_findings,-1,0
002.tiff,find_and_suppress,1543,5750.0,3472.0,0.5147263,0.0,False,1.0,non_human_findings,-1,0
002.tiff,find_and_suppress,1544,2931.0,1638.0,0.51472265,0.0,False,1.0,non_human_findings,-1,0
002.tiff,find_and_suppress,1545,2312.0,4310.0,0.51467663,0.0,False,1.0,non_human_findings,-1,0
002.tiff,find_and_suppress,1546,1620.0,1949.0,0.5145917,0.0,False,1.0,non_human_findings,-1,0
002.tiff,find_and_suppress,1547,267.0,2343.0,0.5145827,0.0,False,1.0,non_human_findings,-1,0
002.tiff,find_and_suppress,1548,4288.0,3472.0,0.5145601,0.0,False,1.0,non_human_findings,-1,0
002.tiff,find_and_suppress,1549,3684.0,3382.0,0.5144448,0.0,False,1.0,non_human_findings,-1,0
002.tiff,find_and_suppress,1550,6087.0,529.0,0.5144401,0.0,False,1.0,non_human_findings,-1,0
002.tiff,find_and_suppress,1551,3743.0,1164.0,0.51440346,0.0,False,1.0,non_human_findings,-1,0
002.tiff,find_and_suppress,1552,5738.0,3833.0,0.51439303,0.0,False,1.0,non_human_findings,-1,0
002.tiff,find_and_suppress,1553,1842.0,2327.0,0.5143697,0.0,False,1.0,non_human_findings,-1,0
002.tiff,find_and_suppress,1554,49.0,2923.0,0.5143446,0.0,False,1.0,non_human_findings,-1,0
002.tiff,find_and_suppress,1555,4412.0,4296.0,0.5143198,0.0,False,1.0,non_human_findings,-1,0
002.tiff,find_and_suppress,1556,2948.0,932.0,0.5142379,0.0,False,1.0,non_human_findings,-1,0
002.tiff,find_and_suppress,1557,2409.0,3903.0,0.51418793,0.0,False,1.0,non_human_findings,-1,0
002.tiff,find_and_suppress,1558,2227.0,2087.0,0.5141855,0.0,False,1.0,non_human_findings,-1,0
002.tiff,find_and_suppress,1559,6916.0,3959.0,0.5139718,0.0,False,1.0,non_human_findings,-1,0
002.tiff,find_and_suppress,1560,3498.0,4946.0,0.5139301,0.0,False,1.0,non_human_findings,-1,0
002.tiff,find_and_suppress,1561,3336.0,5116.0,0.5139021,0.0,False,1.0,non_human_findings,-1,0
002.tiff,find_and_suppress,1562,218.0,2743.0,0.5138924,0.0,False,1.0,non_human_findings,-1,0
002.tiff,find_and_suppress,1563,4451.0,4274.0,0.5137503,0.0,False,1.0,non_human_findings,-1,0
002.tiff,find_and_suppress,1564,3824.0,3067.0,0.5137053,0.0,False,1.0,non_human_findings,-1,0
002.tiff,find_and_suppress,1565,6021.0,1161.0,0.51365906,0.0,False,1.0,non_human_findings,-1,0
002.tiff,find_and_suppress,1566,930.0,368.0,0.5134653,0.0,False,1.0,non_human_findings,-1,0
002.tiff,find_and_suppress,1567,893.0,3004.0,0.5133896,0.0,False,1.0,non_human_findings,-1,0
002.tiff,find_and_suppress,1568,929.0,3151.0,0.51338834,0.0,False,1.0,non_human_findings,-1,0
002.tiff,find_and_suppress,1569,6089.0,944.0,0.5133805,0.0,False,1.0,non_human_findings,-1,0
002.tiff,find_and_suppress,1570,6869.0,552.0,0.5133477,0.0,False,1.0,non_human_findings,-1,0
002.tiff,find_and_suppress,1571,6280.0,3566.0,0.51333827,0.0,False,1.0,non_human_findings,-1,0
002.tiff,find_and_suppress,1572,5829.0,3977.0,0.5133268,0.0,False,1.0,non_human_findings,-1,0
002.tiff,find_and_suppress,1573,2741.0,3044.0,0.513305,0.0,False,1.0,non_human_findings,-1,0
002.tiff,find_and_suppress,1574,3106.0,4418.0,0.5132941,0.0,False,1.0,non_human_findings,-1,0
002.tiff,find_and_suppress,1575,1546.0,4915.0,0.5132811,0.0,False,1.0,non_human_findings,-1,0
002.tiff,find_and_suppress,1576,1638.0,4957.0,0.513245,0.0,False,1.0,non_human_findings,-1,0
002.tiff,find_and_suppress,1577,1282.0,5204.0,0.5131836,0.0,False,1.0,non_human_findings,-1,0
002.tiff,find_and_suppress,1578,6059.0,2878.0,0.51312554,0.0,False,1.0,non_human_findings,-1,0
002.tiff,find_and_suppress,1579,27.0,687.0,0.5129812,0.0,False,1.0,non_human_findings,-1,0
002.tiff,find_and_suppress,1580,1146.0,291.0,0.5129172,0.0,False,1.0,non_human_findings,-1,0
002.tiff,find_and_suppress,1581,3903.0,1986.0,0.51286966,0.0,False,1.0,non_human_findings,-1,0
002.tiff,find_and_suppress,1582,1032.0,2463.0,0.51283425,0.0,False,1.0,non_human_findings,-1,0
002.tiff,find_and_suppress,1583,6357.0,886.0,0.51281935,0.0,False,1.0,non_human_findings,-1,0
002.tiff,find_and_suppress,1584,6712.0,1415.0,0.51279813,0.0,False,1.0,non_human_findings,-1,0
002.tiff,find_and_suppress,1585,249.0,346.0,0.5126189,0.0,False,1.0,non_human_findings,-1,0
002.tiff,find_and_suppress,1586,5705.0,993.0,0.5125551,0.0,False,1.0,non_human_findings,-1,0
002.tiff,find_and_suppress,1587,7147.0,484.0,0.5125457,0.0,False,1.0,non_human_findings,-1,0
002.tiff,find_and_suppress,1588,2987.0,1460.0,0.5125313,0.0,False,1.0,non_human_findings,-1,0
002.tiff,find_and_suppress,1589,6433.0,1540.0,0.51247823,0.0,False,1.0,non_human_findings,-1,0
002.tiff,find_and_suppress,1590,3559.0,1085.0,0.5124526,0.0,False,1.0,non_human_findings,-1,0
002.tiff,find_and_suppress,1591,4986.0,3563.0,0.5124317,0.0,False,1.0,non_human_findings,-1,0
002.tiff,find_and_suppress,1592,787.0,3817.0,0.5123709,0.0,False,1.0,non_human_findings,-1,0
002.tiff,find_and_suppress,1593,6881.0,776.0,0.5123507,0.0,False,1.0,non_human_findings,-1,0
002.tiff,find_and_suppress,1594,5476.0,2025.0,0.51231015,0.0,False,1.0,non_human_findings,-1,0
002.tiff,find_and_suppress,1595,4143.0,1209.0,0.51216984,0.0,False,1.0,non_human_findings,-1,0
002.tiff,find_and_suppress,1596,7048.0,2435.0,0.51209867,0.0,False,1.0,non_human_findings,-1,0
002.tiff,find_and_suppress,1597,5116.0,3615.0,0.51199394,0.0,False,1.0,non_human_findings,-1,0
002.tiff,find_and_suppress,1598,6691.0,4137.0,0.51195663,0.0,False,1.0,non_human_findings,-1,0
002.tiff,find_and_suppress,1599,3112.0,1155.0,0.51190954,0.0,False,1.0,non_human_findings,-1,0
002.tiff,find_and_suppress,1600,351.0,5075.0,0.5117392,0.0,False,1.0,non_human_findings,-1,0
002.tiff,find_and_suppress,1601,4717.0,1378.0,0.51162887,0.0,False,1.0,non_human_findings,-1,0
002.tiff,find_and_suppress,1602,4542.0,591.0,0.5115967,0.0,False,1.0,non_human_findings,-1,0
002.tiff,find_and_suppress,1603,5371.0,3353.0,0.5115841,0.0,False,1.0,non_human_findings,-1,0
002.tiff,find_and_suppress,1604,1383.0,201.0,0.5114727,0.0,False,1.0,non_human_findings,-1,0
002.tiff,find_and_suppress,1605,6446.0,4514.0,0.51143205,0.0,False,1.0,non_human_findings,-1,0
002.tiff,find_and_suppress,1606,4790.0,3763.0,0.51139796,0.0,False,1.0,non_human_findings,-1,0
002.tiff,find_and_suppress,1607,6016.0,4763.0,0.51138306,0.0,False,1.0,non_human_findings,-1,0
002.tiff,find_and_suppress,1608,6198.0,475.0,0.5113459,0.0,False,1.0,non_human_findings,-1,0
002.tiff,find_and_suppress,1609,5333.0,1004.0,0.51132995,0.0,False,1.0,non_human_findings,-1,0
002.tiff,find_and_suppress,1610,3190.0,4813.0,0.511303,0.0,False,1.0,non_human_findings,-1,0
002.tiff,find_and_suppress,1611,7148.0,2558.0,0.5113024,0.0,False,1.0,non_human_findings,-1,0
002.tiff,find_and_suppress,1612,1433.0,845.0,0.5113007,0.0,False,1.0,non_human_findings,-1,0
002.tiff,find_and_suppress,1613,7103.0,4631.0,0.5112777,0.0,False,1.0,non_human_findings,-1,0
002.tiff,find_and_suppress,1614,2419.0,4113.0,0.5112762,0.0,False,1.0,non_human_findings,-1,0
002.tiff,find_and_suppress,1615,3561.0,702.0,0.51127344,0.0,False,1.0,non_human_findings,-1,0
002.tiff,find_and_suppress,1616,5991.0,4350.0,0.511255,0.0,False,1.0,non_human_findings,-1,0
002.tiff,find_and_suppress,1617,127.0,3912.0,0.511216,0.0,False,1.0,non_human_findings,-1,0
002.tiff,find_and_suppress,1618,2611.0,822.0,0.5111578,0.0,False,1.0,non_human_findings,-1,0
002.tiff,find_and_suppress,1619,2079.0,2037.0,0.5111538,0.0,False,1.0,non_human_findings,-1,0
002.tiff,find_and_suppress,1620,3494.0,375.0,0.51113933,0.0,False,1.0,non_human_findings,-1,0
002.tiff,find_and_suppress,1621,3036.0,550.0,0.5111193,0.0,False,1.0,non_human_findings,-1,0
002.tiff,find_and_suppress,1622,3926.0,5075.0,0.511028,0.0,False,1.0,non_human_findings,-1,0
002.tiff,find_and_suppress,1623,1251.0,1174.0,0.5109637,0.0,False,1.0,non_human_findings,-1,0
002.tiff,find_and_suppress,1624,3897.0,3468.0,0.51091766,0.0,False,1.0,non_human_findings,-1,0
002.tiff,find_and_suppress,1625,4400.0,4352.0,0.5109171,0.0,False,1.0,non_human_findings,-1,0
002.tiff,find_and_suppress,1626,6868.0,4767.0,0.510899,0.0,False,1.0,non_human_findings,-1,0
002.tiff,find_and_suppress,1627,3196.0,2444.0,0.5108968,0.0,False,1.0,non_human_findings,-1,0
002.tiff,find_and_suppress,1628,2931.0,883.0,0.5108832,0.0,False,1.0,non_human_findings,-1,0
002.tiff,find_and_suppress,1629,7025.0,4310.0,0.51085347,0.0,False,1.0,non_human_findings,-1,0
002.tiff,find_and_suppress,1630,981.0,5215.0,0.5108466,0.0,False,1.0,non_human_findings,-1,0
002.tiff,find_and_suppress,1631,2345.0,3686.0,0.510794,0.0,False,1.0,non_human_findings,-1,0
002.tiff,find_and_suppress,1632,5226.0,561.0,0.51072377,0.0,False,1.0,non_human_findings,-1,0
002.tiff,find_and_suppress,1633,5065.0,385.0,0.5106173,0.0,False,1.0,non_human_findings,-1,0
002.tiff,find_and_suppress,1634,4301.0,1669.0,0.51058465,0.0,False,1.0,non_human_findings,-1,0
002.tiff,find_and_suppress,1635,2630.0,3872.0,0.5104199,0.0,False,1.0,non_human_findings,-1,0
002.tiff,find_and_suppress,1636,6501.0,2800.0,0.510301,0.0,False,1.0,non_human_findings,-1,0
002.tiff,find_and_suppress,1637,1768.0,4192.0,0.5102491,0.0,False,1.0,non_human_findings,-1,0
002.tiff,find_and_suppress,1638,5227.0,1714.0,0.51016146,0.0,False,1.0,non_human_findings,-1,0
002.tiff,find_and_suppress,1639,3773.0,1330.0,0.5101529,0.0,False,1.0,non_human_findings,-1,0
002.tiff,find_and_suppress,1640,4713.0,136.0,0.5101095,0.0,False,1.0,non_human_findings,-1,0
002.tiff,find_and_suppress,1641,1204.0,240.0,0.5100907,0.0,False,1.0,non_human_findings,-1,0
002.tiff,find_and_suppress,1642,5782.0,1416.0,0.51008666,0.0,False,1.0,non_human_findings,-1,0
002.tiff,find_and_suppress,1643,369.0,4318.0,0.5100842,0.0,False,1.0,non_human_findings,-1,0
002.tiff,find_and_suppress,1644,2929.0,2472.0,0.51007044,0.0,False,1.0,non_human_findings,-1,0
002.tiff,find_and_suppress,1645,1323.0,4535.0,0.50993776,0.0,False,1.0,non_human_findings,-1,0
002.tiff,find_and_suppress,1646,6408.0,3774.0,0.5098204,0.0,False,1.0,non_human_findings,-1,0
002.tiff,find_and_suppress,1647,6448.0,3837.0,0.50981766,0.0,False,1.0,non_human_findings,-1,0
002.tiff,find_and_suppress,1648,2927.0,4445.0,0.5097848,0.0,False,1.0,non_human_findings,-1,0
002.tiff,find_and_suppress,1649,1742.0,2020.0,0.50972265,0.0,False,1.0,non_human_findings,-1,0
002.tiff,find_and_suppress,1650,5056.0,3821.0,0.50959325,0.0,False,1.0,non_human_findings,-1,0
002.tiff,find_and_suppress,1651,4774.0,3235.0,0.50958294,0.0,False,1.0,non_human_findings,-1,0
002.tiff,find_and_suppress,1652,253.0,2964.0,0.5095602,0.0,False,1.0,non_human_findings,-1,0
002.tiff,find_and_suppress,1653,4941.0,1901.0,0.5095507,0.0,False,1.0,non_human_findings,-1,0
002.tiff,find_and_suppress,1654,4420.0,878.0,0.5094421,0.0,False,1.0,non_human_findings,-1,0
002.tiff,find_and_suppress,1655,1846.0,5084.0,0.5094229,0.0,False,1.0,non_human_findings,-1,0
002.tiff,find_and_suppress,1656,588.0,2369.0,0.5094134,0.0,False,1.0,non_human_findings,-1,0
002.tiff,find_and_suppress,1657,6252.0,3533.0,0.5093501,0.0,False,1.0,non_human_findings,-1,0
002.tiff,find_and_suppress,1658,6488.0,1796.0,0.5093144,0.0,False,1.0,non_human_findings,-1,0
002.tiff,find_and_suppress,1659,5665.0,2200.0,0.5092777,0.0,False,1.0,non_human_findings,-1,0
002.tiff,find_and_suppress,1660,5186.0,2299.0,0.5092556,0.0,False,1.0,non_human_findings,-1,0
002.tiff,find_and_suppress,1661,4095.0,2696.0,0.50924736,0.0,False,1.0,non_human_findings,-1,0
002.tiff,find_and_suppress,1662,4942.0,4325.0,0.5092398,0.0,False,1.0,non_human_findings,-1,0
002.tiff,find_and_suppress,1663,47.0,581.0,0.5091773,0.0,False,1.0,non_human_findings,-1,0
002.tiff,find_and_suppress,1664,1001.0,650.0,0.5091628,0.0,False,1.0,non_human_findings,-1,0
002.tiff,find_and_suppress,1665,4651.0,3859.0,0.50912976,0.0,False,1.0,non_human_findings,-1,0
002.tiff,find_and_suppress,1666,1104.0,1487.0,0.5090655,0.0,False,1.0,non_human_findings,-1,0
002.tiff,find_and_suppress,1667,6781.0,2033.0,0.50904423,0.0,False,1.0,non_human_findings,-1,0
002.tiff,find_and_suppress,1668,3405.0,412.0,0.5089691,0.0,False,1.0,non_human_findings,-1,0
002.tiff,find_and_suppress,1669,3664.0,2616.0,0.50888747,0.0,False,1.0,non_human_findings,-1,0
002.tiff,find_and_suppress,1670,727.0,3483.0,0.5088098,0.0,False,1.0,non_human_findings,-1,0
002.tiff,find_and_suppress,1671,3625.0,391.0,0.508807,0.0,False,1.0,non_human_findings,-1,0
002.tiff,find_and_suppress,1672,4753.0,1528.0,0.5087435,0.0,False,1.0,non_human_findings,-1,0
002.tiff,find_and_suppress,1673,5156.0,603.0,0.5086099,0.0,False,1.0,non_human_findings,-1,0
002.tiff,find_and_suppress,1674,6876.0,2650.0,0.50858533,0.0,False,1.0,non_human_findings,-1,0
002.tiff,find_and_suppress,1675,1844.0,4858.0,0.50858456,0.0,False,1.0,non_human_findings,-1,0
002.tiff,find_and_suppress,1676,1256.0,4650.0,0.50853354,0.0,False,1.0,non_human_findings,-1,0
002.tiff,find_and_suppress,1677,2913.0,619.0,0.5084023,0.0,False,1.0,non_human_findings,-1,0
002.tiff,find_and_suppress,1678,6718.0,807.0,0.5082121,0.0,False,1.0,non_human_findings,-1,0
002.tiff,find_and_suppress,1679,4203.0,3525.0,0.5081929,0.0,False,1.0,non_human_findings,-1,0
002.tiff,find_and_suppress,1680,1515.0,4176.0,0.5081748,0.0,False,1.0,non_human_findings,-1,0
002.tiff,find_and_suppress,1681,1560.0,1831.0,0.50815374,0.0,False,1.0,non_human_findings,-1,0
002.tiff,find_and_suppress,1682,6076.0,331.0,0.5081479,0.0,False,1.0,non_human_findings,-1,0
002.tiff,find_and_suppress,1683,4500.0,934.0,0.5081054,0.0,False,1.0,non_human_findings,-1,0
002.tiff,find_and_suppress,1684,1151.0,2291.0,0.5080914,0.0,False,1.0,non_human_findings,-1,0
002.tiff,find_and_suppress,1685,1789.0,50.0,0.5080691,0.0,False,1.0,non_human_findings,-1,0
002.tiff,find_and_suppress,1686,3415.0,2445.0,0.50800896,0.0,False,1.0,non_human_findings,-1,0
002.tiff,find_and_suppress,1687,2440.0,2064.0,0.50797075,0.0,False,1.0,non_human_findings,-1,0
002.tiff,find_and_suppress,1688,265.0,3502.0,0.5078671,0.0,False,1.0,non_human_findings,-1,0
002.tiff,find_and_suppress,1689,2917.0,3975.0,0.5078319,0.0,False,1.0,non_human_findings,-1,0
002.tiff,find_and_suppress,1690,803.0,3737.0,0.50772476,0.0,False,1.0,non_human_findings,-1,0
002.tiff,find_and_suppress,1691,755.0,4596.0,0.5076253,0.0,False,1.0,non_human_findings,-1,0
002.tiff,find_and_suppress,1692,5444.0,4176.0,0.50756246,0.0,False,1.0,non_human_findings,-1,0
002.tiff,find_and_suppress,1693,5050.0,4386.0,0.5075602,0.0,False,1.0,non_human_findings,-1,0
002.tiff,find_and_suppress,1694,5835.0,2110.0,0.50750947,0.0,False,1.0,non_human_findings,-1,0
002.tiff,find_and_suppress,1695,2653.0,1938.0,0.50749254,0.0,False,1.0,non_human_findings,-1,0
002.tiff,find_and_suppress,1696,2298.0,2199.0,0.50745606,0.0,False,1.0,non_human_findings,-1,0
002.tiff,find_and_suppress,1697,3835.0,4293.0,0.50740486,0.0,False,1.0,non_human_findings,-1,0
002.tiff,find_and_suppress,1698,3720.0,3303.0,0.5073379,0.0,False,1.0,non_human_findings,-1,0
002.tiff,find_and_suppress,1699,548.0,3186.0,0.50732374,0.0,False,1.0,non_human_findings,-1,0
002.tiff,find_and_suppress,1700,7189.0,523.0,0.5073175,0.0,False,1.0,non_human_findings,-1,0
002.tiff,find_and_suppress,1701,6875.0,3064.0,0.50722176,0.0,False,1.0,non_human_findings,-1,0
002.tiff,find_and_suppress,1702,2275.0,4735.0,0.5072152,0.0,False,1.0,non_human_findings,-1,0
002.tiff,find_and_suppress,1703,6646.0,3525.0,0.5071986,0.0,False,1.0,non_human_findings,-1,0
002.tiff,find_and_suppress,1704,3575.0,4218.0,0.5071871,0.0,False,1.0,non_human_findings,-1,0
002.tiff,find_and_suppress,1705,1985.0,1163.0,0.50715595,0.0,False,1.0,non_human_findings,-1,0
002.tiff,find_and_suppress,1706,3045.0,228.0,0.50709933,0.0,False,1.0,non_human_findings,-1,0
002.tiff,find_and_suppress,1707,1135.0,4882.0,0.5070888,0.0,False,1.0,non_human_findings,-1,0
002.tiff,find_and_suppress,1708,2134.0,3664.0,0.50701654,0.0,False,1.0,non_human_findings,-1,0
002.tiff,find_and_suppress,1709,4410.0,2467.0,0.5069604,0.0,False,1.0,non_human_findings,-1,0
002.tiff,find_and_suppress,1710,5125.0,4204.0,0.5069551,0.0,False,1.0,non_human_findings,-1,0
002.tiff,find_and_suppress,1711,6276.0,60.0,0.5068572,0.0,False,1.0,non_human_findings,-1,0
002.tiff,find_and_suppress,1712,5266.0,4560.0,0.50678724,0.0,False,1.0,non_human_findings,-1,0
002.tiff,find_and_suppress,1713,4090.0,5239.0,0.5067772,0.0,False,1.0,non_human_findings,-1,0
002.tiff,find_and_suppress,1714,3388.0,4058.0,0.5067577,0.0,False,1.0,non_human_findings,-1,0
002.tiff,find_and_suppress,1715,4715.0,4289.0,0.50675756,0.0,False,1.0,non_human_findings,-1,0
002.tiff,find_and_suppress,1716,5105.0,1769.0,0.5066994,0.0,False,1.0,non_human_findings,-1,0
002.tiff,find_and_suppress,1717,631.0,5102.0,0.5066416,0.0,False,1.0,non_human_findings,-1,0
002.tiff,find_and_suppress,1718,680.0,4113.0,0.50663185,0.0,False,1.0,non_human_findings,-1,0
002.tiff,find_and_suppress,1719,4112.0,2276.0,0.506584,0.0,False,1.0,non_human_findings,-1,0
002.tiff,find_and_suppress,1720,7006.0,125.0,0.5065125,0.0,False,1.0,non_human_findings,-1,0
002.tiff,find_and_suppress,1721,1092.0,2546.0,0.5064817,0.0,False,1.0,non_human_findings,-1,0
002.tiff,find_and_suppress,1722,6747.0,855.0,0.5064472,0.0,False,1.0,non_human_findings,-1,0
002.tiff,find_and_suppress,1723,1167.0,3053.0,0.50618434,0.0,False,1.0,non_human_findings,-1,0
002.tiff,find_and_suppress,1724,4194.0,2187.0,0.50615555,0.0,False,1.0,non_human_findings,-1,0
002.tiff,find_and_suppress,1725,3346.0,4720.0,0.506132,0.0,False,1.0,non_human_findings,-1,0
002.tiff,find_and_suppress,1726,6688.0,5003.0,0.50613064,0.0,False,1.0,non_human_findings,-1,0
002.tiff,find_and_suppress,1727,3964.0,521.0,0.50612795,0.0,False,1.0,non_human_findings,-1,0
002.tiff,find_and_suppress,1728,4937.0,3205.0,0.50607747,0.0,False,1.0,non_human_findings,-1,0
002.tiff,find_and_suppress,1729,1544.0,1583.0,0.5060297,0.0,False,1.0,non_human_findings,-1,0
002.tiff,find_and_suppress,1730,2428.0,2151.0,0.5059977,0.0,False,1.0,non_human_findings,-1,0
002.tiff,find_and_suppress,1731,3699.0,3110.0,0.5059705,0.0,False,1.0,non_human_findings,-1,0
002.tiff,find_and_suppress,1732,4257.0,2745.0,0.5058739,0.0,False,1.0,non_human_findings,-1,0
002.tiff,find_and_suppress,1733,1800.0,4117.0,0.5058044,0.0,False,1.0,non_human_findings,-1,0
002.tiff,find_and_suppress,1734,4415.0,2966.0,0.5058027,0.0,False,1.0,non_human_findings,-1,0
002.tiff,find_and_suppress,1735,6044.0,4236.0,0.50562626,0.0,False,1.0,non_human_findings,-1,0
002.tiff,find_and_suppress,1736,677.0,204.0,0.50549364,0.0,False,1.0,non_human_findings,-1,0
002.tiff,find_and_suppress,1737,1356.0,4819.0,0.5054737,0.0,False,1.0,non_human_findings,-1,0
002.tiff,find_and_suppress,1738,1818.0,1112.0,0.5053755,0.0,False,1.0,non_human_findings,-1,0
002.tiff,find_and_suppress,1739,6250.0,2992.0,0.50536007,0.0,False,1.0,non_human_findings,-1,0
002.tiff,find_and_suppress,1740,5914.0,1452.0,0.5053553,0.0,False,1.0,non_human_findings,-1,0
002.tiff,find_and_suppress,1741,4544.0,2368.0,0.505353,0.0,False,1.0,non_human_findings,-1,0
002.tiff,find_and_suppress,1742,3278.0,5216.0,0.5053189,0.0,False,1.0,non_human_findings,-1,0
002.tiff,find_and_suppress,1743,1056.0,5137.0,0.5052846,0.0,False,1.0,non_human_findings,-1,0
002.tiff,find_and_suppress,1744,798.0,509.0,0.5052655,0.0,False,1.0,non_human_findings,-1,0
002.tiff,find_and_suppress,1745,5742.0,463.0,0.5051971,0.0,False,1.0,non_human_findings,-1,0
002.tiff,find_and_suppress,1746,5005.0,2395.0,0.50516903,0.0,False,1.0,non_human_findings,-1,0
002.tiff,find_and_suppress,1747,1661.0,332.0,0.5051124,0.0,False,1.0,non_human_findings,-1,0
002.tiff,find_and_suppress,1748,2838.0,3884.0,0.50506437,0.0,False,1.0,non_human_findings,-1,0
002.tiff,find_and_suppress,1749,2165.0,5052.0,0.5048122,0.0,False,1.0,non_human_findings,-1,0
002.tiff,find_and_suppress,1750,6109.0,1786.0,0.5047824,0.0,False,1.0,non_human_findings,-1,0
002.tiff,find_and_suppress,1751,5571.0,5229.0,0.50475967,0.0,False,1.0,non_human_findings,-1,0
002.tiff,find_and_suppress,1752,4874.0,820.0,0.5045558,0.0,False,1.0,non_human_findings,-1,0
002.tiff,find_and_suppress,1753,1889.0,1692.0,0.5044821,0.0,False,1.0,non_human_findings,-1,0
002.tiff,find_and_suppress,1754,542.0,4984.0,0.5044398,0.0,False,1.0,non_human_findings,-1,0
002.tiff,find_and_suppress,1755,6589.0,4355.0,0.50436157,0.0,False,1.0,non_human_findings,-1,0
002.tiff,find_and_suppress,1756,4796.0,497.0,0.50431275,0.0,False,1.0,non_human_findings,-1,0
002.tiff,find_and_suppress,1757,6915.0,742.0,0.50426346,0.0,False,1.0,non_human_findings,-1,0
002.tiff,find_and_suppress,1758,3409.0,654.0,0.50418407,0.0,False,1.0,non_human_findings,-1,0
002.tiff,find_and_suppress,1759,3245.0,426.0,0.5041697,0.0,False,1.0,non_human_findings,-1,0
002.tiff,find_and_suppress,1760,2508.0,4279.0,0.50416,0.0,False,1.0,non_human_findings,-1,0
002.tiff,find_and_suppress,1761,1327.0,256.0,0.5041075,0.0,False,1.0,non_human_findings,-1,0
002.tiff,find_and_suppress,1762,1603.0,25.0,0.50406754,0.0,False,1.0,non_human_findings,-1,0
002.tiff,find_and_suppress,1763,315.0,308.0,0.5040567,0.0,False,1.0,non_human_findings,-1,0
002.tiff,find_and_suppress,1764,5516.0,3428.0,0.5040032,0.0,False,1.0,non_human_findings,-1,0
002.tiff,find_and_suppress,1765,932.0,477.0,0.50394434,0.0,False,1.0,non_human_findings,-1,0
002.tiff,find_and_suppress,1766,994.0,601.0,0.5039283,0.0,False,1.0,non_human_findings,-1,0
002.tiff,find_and_suppress,1767,7029.0,2252.0,0.50382274,0.0,False,1.0,non_human_findings,-1,0
002.tiff,find_and_suppress,1768,5594.0,5297.0,0.5037968,0.0,False,1.0,non_human_findings,-1,0
002.tiff,find_and_suppress,1769,1495.0,1653.0,0.50375146,0.0,False,1.0,non_human_findings,-1,0
002.tiff,find_and_suppress,1770,5776.0,2686.0,0.5037469,0.0,False,1.0,non_human_findings,-1,0
002.tiff,find_and_suppress,1771,5968.0,3919.0,0.50367653,0.0,False,1.0,non_human_findings,-1,0
002.tiff,find_and_suppress,1772,862.0,4323.0,0.5036518,0.0,False,1.0,non_human_findings,-1,0
002.tiff,find_and_suppress,1773,2620.0,389.0,0.5036407,0.0,False,1.0,non_human_findings,-1,0
002.tiff,find_and_suppress,1774,5034.0,1962.0,0.5035087,0.0,False,1.0,non_human_findings,-1,0
002.tiff,find_and_suppress,1775,4045.0,2911.0,0.5035071,0.0,False,1.0,non_human_findings,-1,0
002.tiff,find_and_suppress,1776,1023.0,2927.0,0.5034637,0.0,False,1.0,non_human_findings,-1,0
002.tiff,find_and_suppress,1777,2695.0,972.0,0.5034259,0.0,False,1.0,non_human_findings,-1,0
002.tiff,find_and_suppress,1778,152.0,532.0,0.5033379,0.0,False,1.0,non_human_findings,-1,0
002.tiff,find_and_suppress,1779,4423.0,4096.0,0.50330555,0.0,False,1.0,non_human_findings,-1,0
002.tiff,find_and_suppress,1780,1505.0,4050.0,0.5033028,0.0,False,1.0,non_human_findings,-1,0
002.tiff,find_and_suppress,1781,3521.0,3401.0,0.50328565,0.0,False,1.0,non_human_findings,-1,0
002.tiff,find_and_suppress,1782,2031.0,4931.0,0.5032171,0.0,False,1.0,non_human_findings,-1,0
002.tiff,find_and_suppress,1783,4590.0,785.0,0.5031918,0.0,False,1.0,non_human_findings,-1,0
002.tiff,find_and_suppress,1784,3721.0,3734.0,0.5031582,0.0,False,1.0,non_human_findings,-1,0
002.tiff,find_and_suppress,1785,4981.0,1276.0,0.5031574,0.0,False,1.0,non_human_findings,-1,0
002.tiff,find_and_suppress,1786,4304.0,4409.0,0.5031529,0.0,False,1.0,non_human_findings,-1,0
002.tiff,find_and_suppress,1787,6334.0,5246.0,0.50311357,0.0,False,1.0,non_human_findings,-1,0
002.tiff,find_and_suppress,1788,4504.0,1625.0,0.5031054,0.0,False,1.0,non_human_findings,-1,0
002.tiff,find_and_suppress,1789,6428.0,2898.0,0.50309193,0.0,False,1.0,non_human_findings,-1,0
002.tiff,find_and_suppress,1790,6883.0,3920.0,0.50302607,0.0,False,1.0,non_human_findings,-1,0
002.tiff,find_and_suppress,1791,6130.0,4758.0,0.5029379,0.0,False,1.0,non_human_findings,-1,0
002.tiff,find_and_suppress,1792,413.0,4839.0,0.50288373,0.0,False,1.0,non_human_findings,-1,0
002.tiff,find_and_suppress,1793,258.0,4803.0,0.50283986,0.0,False,1.0,non_human_findings,-1,0
002.tiff,find_and_suppress,1794,6238.0,3793.0,0.5028361,0.0,False,1.0,non_human_findings,-1,0
002.tiff,find_and_suppress,1795,437.0,345.0,0.50275546,0.0,False,1.0,non_human_findings,-1,0
002.tiff,find_and_suppress,1796,486.0,3040.0,0.50274235,0.0,False,1.0,non_human_findings,-1,0
002.tiff,find_and_suppress,1797,2914.0,1312.0,0.50273097,0.0,False,1.0,non_human_findings,-1,0
002.tiff,find_and_suppress,1798,7086.0,1124.0,0.50267094,0.0,False,1.0,non_human_findings,-1,0
002.tiff,find_and_suppress,1799,2248.0,4437.0,0.50264794,0.0,False,1.0,non_human_findings,-1,0
002.tiff,find_and_suppress,1800,4336.0,2046.0,0.5026407,0.0,False,1.0,non_human_findings,-1,0
002.tiff,find_and_suppress,1801,7180.0,1255.0,0.50260824,0.0,False,1.0,non_human_findings,-1,0
002.tiff,find_and_suppress,1802,2094.0,2578.0,0.50253654,0.0,False,1.0,non_human_findings,-1,0
002.tiff,find_and_suppress,1803,5495.0,741.0,0.50249046,0.0,False,1.0,non_human_findings,-1,0
002.tiff,find_and_suppress,1804,68.0,3541.0,0.5024807,0.0,False,1.0,non_human_findings,-1,0
002.tiff,find_and_suppress,1805,4063.0,5095.0,0.5024591,0.0,False,1.0,non_human_findings,-1,0
002.tiff,find_and_suppress,1806,5848.0,2915.0,0.5024117,0.0,False,1.0,non_human_findings,-1,0
002.tiff,find_and_suppress,1807,3693.0,2191.0,0.5023003,0.0,False,1.0,non_human_findings,-1,0
002.tiff,find_and_suppress,1808,7120.0,4498.0,0.50225246,0.0,False,1.0,non_human_findings,-1,0
002.tiff,find_and_suppress,1809,2472.0,1626.0,0.50222754,0.0,False,1.0,non_human_findings,-1,0
002.tiff,find_and_suppress,1810,4449.0,2316.0,0.5022189,0.0,False,1.0,non_human_findings,-1,0
002.tiff,find_and_suppress,1811,3363.0,1433.0,0.502154,0.0,False,1.0,non_human_findings,-1,0
002.tiff,find_and_suppress,1812,1839.0,2636.0,0.502139,0.0,False,1.0,non_human_findings,-1,0
002.tiff,find_and_suppress,1813,6476.0,917.0,0.5021031,0.0,False,1.0,non_human_findings,-1,0
002.tiff,find_and_suppress,1814,3984.0,1418.0,0.50200605,0.0,False,1.0,non_human_findings,-1,0
002.tiff,find_and_suppress,1815,4662.0,745.0,0.501869,0.0,False,1.0,non_human_findings,-1,0
002.tiff,find_and_suppress,1816,6032.0,1491.0,0.5018606,0.0,False,1.0,non_human_findings,-1,0
002.tiff,find_and_suppress,1817,4674.0,3191.0,0.5018513,0.0,False,1.0,non_human_findings,-1,0
002.tiff,find_and_suppress,1818,7120.0,3478.0,0.50182486,0.0,False,1.0,non_human_findings,-1,0
002.tiff,find_and_suppress,1819,3083.0,3879.0,0.5017417,0.0,False,1.0,non_human_findings,-1,0
002.tiff,find_and_suppress,1820,2254.0,4014.0,0.5016957,0.0,False,1.0,non_human_findings,-1,0
002.tiff,find_and_suppress,1821,2139.0,4463.0,0.50164306,0.0,False,1.0,non_human_findings,-1,0
002.tiff,find_and_suppress,1822,4444.0,1391.0,0.50162095,0.0,False,1.0,non_human_findings,-1,0
002.tiff,find_and_suppress,1823,6260.0,1064.0,0.501607,0.0,False,1.0,non_human_findings,-1,0
002.tiff,find_and_suppress,1824,4018.0,3135.0,0.50157475,0.0,False,1.0,non_human_findings,-1,0
002.tiff,find_and_suppress,1825,4100.0,3228.0,0.5015266,0.0,False,1.0,non_human_findings,-1,0
002.tiff,find_and_suppress,1826,4110.0,105.0,0.5015031,0.0,False,1.0,non_human_findings,-1,0
002.tiff,find_and_suppress,1827,5296.0,2570.0,0.501461,0.0,False,1.0,non_human_findings,-1,0
002.tiff,find_and_suppress,1828,5004.0,1373.0,0.50140285,0.0,False,1.0,non_human_findings,-1,0
002.tiff,find_and_suppress,1829,2743.0,886.0,0.5013838,0.0,False,1.0,non_human_findings,-1,0
002.tiff,find_and_suppress,1830,2847.0,4572.0,0.50136125,0.0,False,1.0,non_human_findings,-1,0
002.tiff,find_and_suppress,1831,141.0,4784.0,0.50128263,0.0,False,1.0,non_human_findings,-1,0
002.tiff,find_and_suppress,1832,4429.0,38.0,0.50126475,0.0,False,1.0,non_human_findings,-1,0
002.tiff,find_and_suppress,1833,4772.0,3342.0,0.50119895,0.0,False,1.0,non_human_findings,-1,0
002.tiff,find_and_suppress,1834,4637.0,3821.0,0.5011945,0.0,False,1.0,non_human_findings,-1,0
002.tiff,find_and_suppress,1835,1703.0,3816.0,0.50118417,0.0,False,1.0,non_human_findings,-1,0
002.tiff,find_and_suppress,1836,4357.0,1149.0,0.5011248,0.0,False,1.0,non_human_findings,-1,0
002.tiff,find_and_suppress,1837,752.0,3339.0,0.50111574,0.0,False,1.0,non_human_findings,-1,0
002.tiff,find_and_suppress,1838,3774.0,3587.0,0.5011113,0.0,False,1.0,non_human_findings,-1,0
002.tiff,find_and_suppress,1839,1725.0,2805.0,0.5010921,0.0,False,1.0,non_human_findings,-1,0
002.tiff,find_and_suppress,1840,6061.0,796.0,0.50106025,0.0,False,1.0,non_human_findings,-1,0
002.tiff,find_and_suppress,1841,4317.0,2866.0,0.50104684,0.0,False,1.0,non_human_findings,-1,0
002.tiff,find_and_suppress,1842,6265.0,3856.0,0.5009904,0.0,False,1.0,non_human_findings,-1,0
002.tiff,find_and_suppress,1843,5797.0,2972.0,0.500828,0.0,False,1.0,non_human_findings,-1,0
002.tiff,find_and_suppress,1844,6280.0,2343.0,0.5008038,0.0,False,1.0,non_human_findings,-1,0
002.tiff,find_and_suppress,1845,2473.0,3564.0,0.50078577,0.0,False,1.0,non_human_findings,-1,0
002.tiff,find_and_suppress,1846,3004.0,2366.0,0.50071216,0.0,False,1.0,non_human_findings,-1,0
002.tiff,find_and_suppress,1847,5656.0,1152.0,0.50068223,0.0,False,1.0,non_human_findings,-1,0
002.tiff,find_and_suppress,1848,5466.0,188.0,0.50065655,0.0,False,1.0,non_human_findings,-1,0
002.tiff,find_and_suppress,1849,4908.0,507.0,0.50062877,0.0,False,1.0,non_human_findings,-1,0
002.tiff,find_and_suppress,1850,5651.0,1849.0,0.5004578,0.0,False,1.0,non_human_findings,-1,0
002.tiff,find_and_suppress,1851,3068.0,4396.0,0.5004184,0.0,False,1.0,non_human_findings,-1,0
002.tiff,find_and_suppress,1852,5015.0,663.0,0.50038123,0.0,False,1.0,non_human_findings,-1,0
002.tiff,find_and_suppress,1853,6434.0,3251.0,0.5003593,0.0,False,1.0,non_human_findings,-1,0
002.tiff,find_and_suppress,1854,5223.0,2671.0,0.5003351,0.0,False,1.0,non_human_findings,-1,0
002.tiff,find_and_suppress,1855,4834.0,683.0,0.5003162,0.0,False,1.0,non_human_findings,-1,0
002.tiff,find_and_suppress,1856,7080.0,1438.0,0.5002137,0.0,False,1.0,non_human_findings,-1,0
002.tiff,find_and_suppress,1857,2825.0,2206.0,0.5000363,0.0,False,1.0,non_human_findings,-1,0
002.tiff,find_and_suppress,1858,6006.0,2995.0,0.50001717,0.0,False,1.0,non_human_findings,-1,0
002.tiff,find_and_suppress,1859,4892.0,3431.0,0.5000064,0.0,False,1.0,non_human_findings,-1,0
506.tiff,find_and_suppress,0,189.0,2577.0,0.68806237,0.0,False,1.0,non_human_findings,-1,0
506.tiff,find_and_suppress,1,2224.0,1935.0,0.68055767,0.0,False,1.0,non_human_findings,-1,0
506.tiff,find_and_suppress,2,1869.0,5095.0,0.6725995,0.0,False,1.0,non_human_findings,-1,0
506.tiff,find_and_suppress,3,337.0,1532.0,0.6611641,0.0,False,1.0,non_human_findings,-1,0
506.tiff,find_and_suppress,4,7137.0,4486.0,0.6600551,0.0,False,1.0,non_human_findings,-1,0
506.tiff,find_and_suppress,5,1390.0,1314.0,0.6587351,0.0,False,1.0,non_human_findings,-1,0
506.tiff,find_and_suppress,6,3545.0,2700.0,0.65731597,0.0,False,1.0,human_correct_label,24234,1
506.tiff,find_and_suppress,7,1112.0,125.0,0.6531583,0.0,False,1.0,non_human_findings,-1,0
506.tiff,find_and_suppress,8,5805.0,391.0,0.6499472,0.0,False,1.0,non_human_findings,-1,0
506.tiff,find_and_suppress,9,3507.0,1424.0,0.64855003,0.0,False,1.0,non_human_findings,-1,0
506.tiff,find_and_suppress,10,4976.0,4640.0,0.6451822,0.0,False,1.0,non_human_findings,-1,0
506.tiff,find_and_suppress,11,2437.0,5337.0,0.6451596,0.0,False,1.0,non_human_findings,-1,0
506.tiff,find_and_suppress,12,6280.0,1562.0,0.64198416,0.0,False,1.0,non_human_findings,-1,0
506.tiff,find_and_suppress,13,1127.0,1905.0,0.6417955,0.0,False,1.0,non_human_findings,-1,0
506.tiff,find_and_suppress,14,2758.0,1768.0,0.6396254,0.0,False,1.0,non_human_findings,-1,0
506.tiff,find_and_suppress,15,4006.0,1429.0,0.6379851,0.0,False,1.0,non_human_findings,-1,0
506.tiff,find_and_suppress,16,5997.0,537.0,0.63706785,0.0,False,1.0,human_rejected_label,24231,2
506.tiff,find_and_suppress,17,2201.0,934.0,0.6355858,0.0,False,1.0,non_human_findings,-1,0
506.tiff,find_and_suppress,18,567.0,61.0,0.63508075,0.0,False,1.0,non_human_findings,-1,0
506.tiff,find_and_suppress,19,2550.0,4951.0,0.63366866,0.0,False,1.0,non_human_findings,-1,0
506.tiff,find_and_suppress,20,3023.0,4937.0,0.62954336,0.0,False,1.0,non_human_findings,-1,0
506.tiff,find_and_suppress,21,677.0,507.0,0.6288415,0.0,False,1.0,non_human_findings,-1,0
506.tiff,find_and_suppress,22,550.0,2715.0,0.6281102,0.0,False,1.0,non_human_findings,-1,0
506.tiff,find_and_suppress,23,6348.0,1106.0,0.6281091,0.0,False,1.0,non_human_findings,-1,0
506.tiff,find_and_suppress,24,504.0,2829.0,0.6280529,0.0,False,1.0,non_human_findings,-1,0
506.tiff,find_and_suppress,25,5775.0,1597.0,0.6273707,0.0,False,1.0,non_human_findings,-1,0
506.tiff,find_and_suppress,26,2040.0,4994.0,0.6268007,0.0,False,1.0,non_human_findings,-1,0
506.tiff,find_and_suppress,27,1070.0,66.0,0.62525535,0.0,False,1.0,non_human_findings,-1,0
506.tiff,find_and_suppress,28,2792.0,1723.0,0.62515116,0.0,False,1.0,non_human_findings,-1,0
506.tiff,find_and_suppress,29,1235.0,2436.0,0.62321824,0.0,False,1.0,non_human_findings,-1,0
506.tiff,find_and_suppress,30,3950.0,2649.0,0.6229152,0.0,False,1.0,non_human_findings,-1,0
506.tiff,find_and_suppress,31,4611.0,5037.0,0.62245566,0.0,False,1.0,non_human_findings,-1,0
506.tiff,find_and_suppress,32,4046.0,1184.0,0.62158996,0.0,False,1.0,non_human_findings,-1,0
506.tiff,find_and_suppress,33,6016.0,82.0,0.6214658,0.0,False,1.0,non_human_findings,-1,0
506.tiff,find_and_suppress,34,5474.0,4933.0,0.6212434,0.0,False,1.0,non_human_findings,-1,0
506.tiff,find_and_suppress,35,4253.0,3096.0,0.61963016,0.0,False,1.0,non_human_findings,-1,0
506.tiff,find_and_suppress,36,4015.0,3830.0,0.619044,0.0,False,1.0,non_human_findings,-1,0
506.tiff,find_and_suppress,37,125.0,1494.0,0.6189068,0.0,False,1.0,non_human_findings,-1,0
506.tiff,find_and_suppress,38,3095.0,1466.0,0.6168815,0.0,False,1.0,non_human_findings,-1,0
506.tiff,find_and_suppress,39,4852.0,2310.0,0.61567324,0.0,False,1.0,non_human_findings,-1,0
506.tiff,find_and_suppress,40,138.0,738.0,0.61471015,0.0,False,1.0,non_human_findings,-1,0
506.tiff,find_and_suppress,41,2279.0,5239.0,0.61434394,0.0,False,1.0,non_human_findings,-1,0
506.tiff,find_and_suppress,42,3670.0,442.0,0.61412126,0.0,False,1.0,non_human_findings,-1,0
506.tiff,find_and_suppress,43,5324.0,246.0,0.61389107,0.0,False,1.0,non_human_findings,-1,0
506.tiff,find_and_suppress,44,3012.0,1822.0,0.6137855,0.0,False,1.0,non_human_findings,-1,0
506.tiff,find_and_suppress,45,3170.0,1733.0,0.6134744,0.0,False,1.0,non_human_findings,-1,0
506.tiff,find_and_suppress,46,1631.0,3989.0,0.6131416,0.0,False,1.0,non_human_findings,-1,0
506.tiff,find_and_suppress,47,4715.0,5147.0,0.6125466,0.0,False,1.0,non_human_findings,-1,0
506.tiff,find_and_suppress,48,6943.0,2917.0,0.6124104,0.0,False,1.0,non_human_findings,-1,0
506.tiff,find_and_suppress,49,1582.0,4069.0,0.61231416,0.0,False,1.0,non_human_findings,-1,0
506.tiff,find_and_suppress,50,2748.0,1695.0,0.6122216,0.0,False,1.0,non_human_findings,-1,0
506.tiff,find_and_suppress,51,4722.0,1506.0,0.6113917,0.0,False,1.0,non_human_findings,-1,0
506.tiff,find_and_suppress,52,6581.0,2042.0,0.60906756,0.0,False,1.0,non_human_findings,-1,0
506.tiff,find_and_suppress,53,421.0,2554.0,0.60867023,0.0,False,1.0,non_human_findings,-1,0
506.tiff,find_and_suppress,54,557.0,1104.0,0.60835826,0.0,False,1.0,non_human_findings,-1,0
506.tiff,find_and_suppress,55,1880.0,5385.0,0.60790545,0.0,False,1.0,non_human_findings,-1,0
506.tiff,find_and_suppress,56,2297.0,5164.0,0.6064859,0.0,False,1.0,non_human_findings,-1,0
506.tiff,find_and_suppress,57,3651.0,2969.0,0.6059874,0.0,False,1.0,non_human_findings,-1,0
506.tiff,find_and_suppress,58,4636.0,2873.0,0.6056616,0.0,False,1.0,non_human_findings,-1,0
506.tiff,find_and_suppress,59,2976.0,3877.0,0.6055878,0.0,False,1.0,non_human_findings,-1,0
506.tiff,find_and_suppress,60,7177.0,2175.0,0.60555685,0.0,False,1.0,non_human_findings,-1,0
506.tiff,find_and_suppress,61,6079.0,3097.0,0.60550153,0.0,False,1.0,non_human_findings,-1,0
506.tiff,find_and_suppress,62,1204.0,1112.0,0.6048248,0.0,False,1.0,non_human_findings,-1,0
506.tiff,find_and_suppress,63,243.0,2466.0,0.60460144,0.0,False,1.0,non_human_findings,-1,0
506.tiff,find_and_suppress,64,6793.0,5307.0,0.6044655,0.0,False,1.0,non_human_findings,-1,0
506.tiff,find_and_suppress,65,1817.0,5279.0,0.60431576,0.0,False,1.0,non_human_findings,-1,0
506.tiff,find_and_suppress,66,2500.0,4992.0,0.60421747,0.0,False,1.0,non_human_findings,-1,0
506.tiff,find_and_suppress,67,4630.0,4049.0,0.60316265,0.0,False,1.0,non_human_findings,-1,0
506.tiff,find_and_suppress,68,4238.0,5099.0,0.603063,0.0,False,1.0,non_human_findings,-1,0
506.tiff,find_and_suppress,69,3151.0,3845.0,0.6028837,0.0,False,1.0,non_human_findings,-1,0
506.tiff,find_and_suppress,70,3509.0,2614.0,0.60269254,0.0,False,1.0,non_human_findings,-1,0
506.tiff,find_and_suppress,71,2563.0,1422.0,0.6018807,0.0,False,1.0,non_human_findings,-1,0
506.tiff,find_and_suppress,72,40.0,1157.0,0.6018586,0.0,False,1.0,non_human_findings,-1,0
506.tiff,find_and_suppress,73,1812.0,5190.0,0.6018204,0.0,False,1.0,non_human_findings,-1,0
506.tiff,find_and_suppress,74,4781.0,4896.0,0.60140115,0.0,False,1.0,non_human_findings,-1,0
506.tiff,find_and_suppress,75,5274.0,1549.0,0.60060567,0.0,False,1.0,non_human_findings,-1,0
506.tiff,find_and_suppress,76,1049.0,1403.0,0.6005407,0.0,False,1.0,non_human_findings,-1,0
506.tiff,find_and_suppress,77,817.0,888.0,0.5998214,0.0,False,1.0,non_human_findings,-1,0
506.tiff,find_and_suppress,78,1131.0,2461.0,0.5982477,0.0,False,1.0,non_human_findings,-1,0
506.tiff,find_and_suppress,79,1253.0,148.0,0.59804,0.0,False,1.0,non_human_findings,-1,0
506.tiff,find_and_suppress,80,3725.0,2617.0,0.5974726,0.0,False,1.0,non_human_findings,-1,0
506.tiff,find_and_suppress,81,1800.0,3310.0,0.5972163,0.0,False,1.0,non_human_findings,-1,0
506.tiff,find_and_suppress,82,3636.0,1334.0,0.59690696,0.0,False,1.0,non_human_findings,-1,0
506.tiff,find_and_suppress,83,5733.0,1522.0,0.5961464,0.0,False,1.0,non_human_findings,-1,0
506.tiff,find_and_suppress,84,4179.0,1498.0,0.5961087,0.0,False,1.0,non_human_findings,-1,0
506.tiff,find_and_suppress,85,1044.0,1553.0,0.5960017,0.0,False,1.0,non_human_findings,-1,0
506.tiff,find_and_suppress,86,3983.0,1669.0,0.5959909,0.0,False,1.0,non_human_findings,-1,0
506.tiff,find_and_suppress,87,2333.0,3851.0,0.5951399,0.0,False,1.0,non_human_findings,-1,0
506.tiff,find_and_suppress,88,5448.0,2202.0,0.5949365,0.0,False,1.0,non_human_findings,-1,0
506.tiff,find_and_suppress,89,361.0,1742.0,0.59416354,0.0,False,1.0,non_human_findings,-1,0
506.tiff,find_and_suppress,90,2167.0,1632.0,0.59404516,0.0,False,1.0,non_human_findings,-1,0
506.tiff,find_and_suppress,91,6732.0,783.0,0.59370905,0.0,False,1.0,non_human_findings,-1,0
506.tiff,find_and_suppress,92,4165.0,2341.0,0.5934182,0.0,False,1.0,non_human_findings,-1,0
506.tiff,find_and_suppress,93,2549.0,5199.0,0.5933227,0.0,False,1.0,non_human_findings,-1,0
506.tiff,find_and_suppress,94,4212.0,4692.0,0.59267175,0.0,False,1.0,non_human_findings,-1,0
506.tiff,find_and_suppress,95,1585.0,4403.0,0.5924605,0.0,False,1.0,non_human_findings,-1,0
506.tiff,find_and_suppress,96,702.0,3160.0,0.59199584,0.0,False,1.0,non_human_findings,-1,0
506.tiff,find_and_suppress,97,5574.0,2113.0,0.5918483,0.0,False,1.0,non_human_findings,-1,0
506.tiff,find_and_suppress,98,5911.0,2083.0,0.59136945,0.0,False,1.0,non_human_findings,-1,0
506.tiff,find_and_suppress,99,6330.0,1519.0,0.59127146,0.0,False,1.0,non_human_findings,-1,0
506.tiff,find_and_suppress,100,3578.0,146.0,0.59118426,0.0,False,1.0,non_human_findings,-1,0
506.tiff,find_and_suppress,101,4815.0,2652.0,0.59108186,0.0,False,1.0,non_human_findings,-1,0
506.tiff,find_and_suppress,102,6680.0,5312.0,0.5905154,0.0,False,1.0,non_human_findings,-1,0
506.tiff,find_and_suppress,103,3306.0,5026.0,0.59043497,0.0,False,1.0,non_human_findings,-1,0
506.tiff,find_and_suppress,104,7134.0,1896.0,0.5900058,0.0,False,1.0,non_human_findings,-1,0
506.tiff,find_and_suppress,105,6472.0,3197.0,0.5897648,0.0,False,1.0,non_human_findings,-1,0
506.tiff,find_and_suppress,106,5348.0,4745.0,0.5892469,0.0,False,1.0,non_human_findings,-1,0
506.tiff,find_and_suppress,107,4546.0,1612.0,0.58865905,0.0,False,1.0,non_human_findings,-1,0
506.tiff,find_and_suppress,108,3314.0,3315.0,0.5879243,0.0,False,1.0,non_human_findings,-1,0
506.tiff,find_and_suppress,109,7030.0,3179.0,0.58787334,0.0,False,1.0,non_human_findings,-1,0
506.tiff,find_and_suppress,110,7121.0,213.0,0.58763695,0.0,False,1.0,non_human_findings,-1,0
506.tiff,find_and_suppress,111,1440.0,4757.0,0.5872883,0.0,False,1.0,non_human_findings,-1,0
506.tiff,find_and_suppress,112,365.0,3625.0,0.587064,0.0,False,1.0,non_human_findings,-1,0
506.tiff,find_and_suppress,113,4168.0,1827.0,0.58703095,0.0,False,1.0,non_human_findings,-1,0
506.tiff,find_and_suppress,114,6503.0,950.0,0.58699656,0.0,False,1.0,non_human_findings,-1,0
506.tiff,find_and_suppress,115,1142.0,2307.0,0.58684796,0.0,False,1.0,non_human_findings,-1,0
506.tiff,find_and_suppress,116,1130.0,228.0,0.5866416,0.0,False,1.0,non_human_findings,-1,0
506.tiff,find_and_suppress,117,2809.0,4501.0,0.5862488,0.0,False,1.0,non_human_findings,-1,0
506.tiff,find_and_suppress,118,299.0,1005.0,0.5861746,0.0,False,1.0,non_human_findings,-1,0
506.tiff,find_and_suppress,119,3570.0,2757.0,0.5859016,0.0,False,1.0,non_human_findings,-1,0
506.tiff,find_and_suppress,120,2656.0,1652.0,0.58583057,0.0,False,1.0,non_human_findings,-1,0
506.tiff,find_and_suppress,121,2953.0,2911.0,0.5857796,0.0,False,1.0,non_human_findings,-1,0
506.tiff,find_and_suppress,122,780.0,57.0,0.5854214,0.0,False,1.0,non_human_findings,-1,0
506.tiff,find_and_suppress,123,4672.0,2468.0,0.58539677,0.0,False,1.0,non_human_findings,-1,0
506.tiff,find_and_suppress,124,1507.0,4413.0,0.5853826,0.0,False,1.0,non_human_findings,-1,0
506.tiff,find_and_suppress,125,921.0,1668.0,0.5853059,0.0,False,1.0,non_human_findings,-1,0
506.tiff,find_and_suppress,126,2378.0,671.0,0.5851801,0.0,False,1.0,human_rejected_label,24226,2
506.tiff,find_and_suppress,127,2153.0,3766.0,0.58495396,0.0,False,1.0,non_human_findings,-1,0
506.tiff,find_and_suppress,128,1533.0,672.0,0.58453983,0.0,False,1.0,non_human_findings,-1,0
506.tiff,find_and_suppress,129,3505.0,1272.0,0.5845148,0.0,False,1.0,non_human_findings,-1,0
506.tiff,find_and_suppress,130,2425.0,1633.0,0.58436906,0.0,False,1.0,non_human_findings,-1,0
506.tiff,find_and_suppress,131,6366.0,895.0,0.58425444,0.0,False,1.0,non_human_findings,-1,0
506.tiff,find_and_suppress,132,1220.0,123.0,0.5842326,0.0,False,1.0,non_human_findings,-1,0
506.tiff,find_and_suppress,133,2713.0,4129.0,0.5842291,0.0,False,1.0,non_human_findings,-1,0
506.tiff,find_and_suppress,134,2385.0,5058.0,0.5839219,0.0,False,1.0,non_human_findings,-1,0
506.tiff,find_and_suppress,135,2770.0,2562.0,0.5839027,0.0,False,1.0,non_human_findings,-1,0
506.tiff,find_and_suppress,136,4997.0,3558.0,0.5838774,0.0,False,1.0,non_human_findings,-1,0
506.tiff,find_and_suppress,137,7091.0,5067.0,0.58339465,0.0,False,1.0,non_human_findings,-1,0
506.tiff,find_and_suppress,138,809.0,960.0,0.582869,0.0,False,1.0,non_human_findings,-1,0
506.tiff,find_and_suppress,139,5201.0,3946.0,0.58286643,0.0,False,1.0,non_human_findings,-1,0
506.tiff,find_and_suppress,140,2116.0,4636.0,0.5827811,0.0,False,1.0,non_human_findings,-1,0
506.tiff,find_and_suppress,141,5648.0,91.0,0.5825826,0.0,False,1.0,non_human_findings,-1,0
506.tiff,find_and_suppress,142,6842.0,4608.0,0.582493,0.0,False,1.0,non_human_findings,-1,0
506.tiff,find_and_suppress,143,5814.0,457.0,0.582423,0.0,False,1.0,non_human_findings,-1,0
506.tiff,find_and_suppress,144,4176.0,3208.0,0.5822151,0.0,False,1.0,non_human_findings,-1,0
506.tiff,find_and_suppress,145,2002.0,3813.0,0.58186525,0.0,False,1.0,non_human_findings,-1,0
506.tiff,find_and_suppress,146,4170.0,3692.0,0.5817072,0.0,False,1.0,non_human_findings,-1,0
506.tiff,find_and_suppress,147,2467.0,1669.0,0.58106285,0.0,False,1.0,non_human_findings,-1,0
506.tiff,find_and_suppress,148,3583.0,2669.0,0.58104914,0.0,False,1.0,non_human_findings,-1,0
506.tiff,find_and_suppress,149,5357.0,192.0,0.5809375,0.0,False,1.0,non_human_findings,-1,0
506.tiff,find_and_suppress,150,3537.0,2977.0,0.5807851,0.0,False,1.0,non_human_findings,-1,0
506.tiff,find_and_suppress,151,1808.0,1101.0,0.5804993,0.0,False,1.0,non_human_findings,-1,0
506.tiff,find_and_suppress,152,6572.0,778.0,0.58039564,0.0,False,1.0,non_human_findings,-1,0
506.tiff,find_and_suppress,153,6661.0,1731.0,0.57880586,0.0,False,1.0,non_human_findings,-1,0
506.tiff,find_and_suppress,154,4883.0,1751.0,0.57842594,0.0,False,1.0,non_human_findings,-1,0
506.tiff,find_and_suppress,155,3950.0,1892.0,0.5783412,0.0,False,1.0,non_human_findings,-1,0
506.tiff,find_and_suppress,156,793.0,3287.0,0.5782912,0.0,False,1.0,non_human_findings,-1,0
506.tiff,find_and_suppress,157,372.0,2268.0,0.5782635,0.0,False,1.0,non_human_findings,-1,0
506.tiff,find_and_suppress,158,1367.0,4436.0,0.57799727,0.0,False,1.0,non_human_findings,-1,0
506.tiff,find_and_suppress,159,5832.0,79.0,0.57777226,0.0,False,1.0,non_human_findings,-1,0
506.tiff,find_and_suppress,160,6512.0,3343.0,0.57772493,0.0,False,1.0,non_human_findings,-1,0
506.tiff,find_and_suppress,161,570.0,1689.0,0.5777149,0.0,False,1.0,non_human_findings,-1,0
506.tiff,find_and_suppress,162,5876.0,4609.0,0.57768416,0.0,False,1.0,non_human_findings,-1,0
506.tiff,find_and_suppress,163,3604.0,2194.0,0.57751185,0.0,False,1.0,non_human_findings,-1,0
506.tiff,find_and_suppress,164,3708.0,4624.0,0.5774021,0.0,False,1.0,non_human_findings,-1,0
506.tiff,find_and_suppress,165,6811.0,4059.0,0.5769969,0.0,False,1.0,non_human_findings,-1,0
506.tiff,find_and_suppress,166,4921.0,3679.0,0.576946,0.0,False,1.0,non_human_findings,-1,0
506.tiff,find_and_suppress,167,3959.0,3090.0,0.5763958,0.0,False,1.0,non_human_findings,-1,0
506.tiff,find_and_suppress,168,1459.0,3310.0,0.5762975,0.0,False,1.0,non_human_findings,-1,0
506.tiff,find_and_suppress,169,341.0,1474.0,0.5759465,0.0,False,1.0,non_human_findings,-1,0
506.tiff,find_and_suppress,170,986.0,3891.0,0.5758904,0.0,False,1.0,non_human_findings,-1,0
506.tiff,find_and_suppress,171,5444.0,3145.0,0.5757736,0.0,False,1.0,non_human_findings,-1,0
506.tiff,find_and_suppress,172,471.0,2227.0,0.5755519,0.0,False,1.0,non_human_findings,-1,0
506.tiff,find_and_suppress,173,2974.0,4965.0,0.5754689,0.0,False,1.0,non_human_findings,-1,0
506.tiff,find_and_suppress,174,6305.0,63.0,0.57524025,0.0,False,1.0,non_human_findings,-1,0
506.tiff,find_and_suppress,175,1704.0,3683.0,0.57489777,0.0,False,1.0,non_human_findings,-1,0
506.tiff,find_and_suppress,176,119.0,2470.0,0.57440156,0.0,False,1.0,non_human_findings,-1,0
506.tiff,find_and_suppress,177,821.0,2962.0,0.5743149,0.0,False,1.0,non_human_findings,-1,0
506.tiff,find_and_suppress,178,5609.0,1189.0,0.5741105,0.0,False,1.0,non_human_findings,-1,0
506.tiff,find_and_suppress,179,136.0,1755.0,0.5740001,0.0,False,1.0,non_human_findings,-1,0
506.tiff,find_and_suppress,180,6725.0,2273.0,0.57392806,0.0,False,1.0,non_human_findings,-1,0
506.tiff,find_and_suppress,181,2295.0,867.0,0.5736462,0.0,False,1.0,non_human_findings,-1,0
506.tiff,find_and_suppress,182,4083.0,1205.0,0.5734639,0.0,False,1.0,non_human_findings,-1,0
506.tiff,find_and_suppress,183,4399.0,1481.0,0.57337594,0.0,False,1.0,non_human_findings,-1,0
506.tiff,find_and_suppress,184,2546.0,3376.0,0.5731586,0.0,False,1.0,non_human_findings,-1,0
506.tiff,find_and_suppress,185,2020.0,1082.0,0.5728342,0.0,False,1.0,non_human_findings,-1,0
506.tiff,find_and_suppress,186,2402.0,1423.0,0.57253593,0.0,False,1.0,non_human_findings,-1,0
506.tiff,find_and_suppress,187,5432.0,173.0,0.57233745,0.0,False,1.0,non_human_findings,-1,0
506.tiff,find_and_suppress,188,3727.0,2911.0,0.5722105,0.0,False,1.0,non_human_findings,-1,0
506.tiff,find_and_suppress,189,505.0,2728.0,0.57190216,0.0,False,1.0,non_human_findings,-1,0
506.tiff,find_and_suppress,190,2425.0,5213.0,0.5718851,0.0,False,1.0,non_human_findings,-1,0
506.tiff,find_and_suppress,191,5598.0,1854.0,0.5713126,0.0,False,1.0,non_human_findings,-1,0
506.tiff,find_and_suppress,192,4720.0,4433.0,0.57125366,0.0,False,1.0,non_human_findings,-1,0
506.tiff,find_and_suppress,193,6486.0,3143.0,0.5707398,0.0,False,1.0,non_human_findings,-1,0
506.tiff,find_and_suppress,194,4101.0,1810.0,0.57013327,0.0,False,1.0,non_human_findings,-1,0
506.tiff,find_and_suppress,195,5961.0,1647.0,0.56998175,0.0,False,1.0,non_human_findings,-1,0
506.tiff,find_and_suppress,196,1553.0,3968.0,0.5697963,0.0,False,1.0,non_human_findings,-1,0
506.tiff,find_and_suppress,197,3628.0,334.0,0.56962097,0.0,False,1.0,non_human_findings,-1,0
506.tiff,find_and_suppress,198,4398.0,1229.0,0.5695958,0.0,False,1.0,non_human_findings,-1,0
506.tiff,find_and_suppress,199,5129.0,1124.0,0.569569,0.0,False,1.0,non_human_findings,-1,0
506.tiff,find_and_suppress,200,2884.0,2988.0,0.5694331,0.0,False,1.0,non_human_findings,-1,0
506.tiff,find_and_suppress,201,6287.0,4323.0,0.5692949,0.0,False,1.0,non_human_findings,-1,0
506.tiff,find_and_suppress,202,6387.0,981.0,0.5690961,0.0,False,1.0,non_human_findings,-1,0
506.tiff,find_and_suppress,203,1703.0,4810.0,0.56889963,0.0,False,1.0,non_human_findings,-1,0
506.tiff,find_and_suppress,204,4557.0,3220.0,0.5688989,0.0,False,1.0,non_human_findings,-1,0
506.tiff,find_and_suppress,205,5300.0,1192.0,0.5685928,0.0,False,1.0,non_human_findings,-1,0
506.tiff,find_and_suppress,206,1305.0,4299.0,0.56824744,0.0,False,1.0,non_human_findings,-1,0
506.tiff,find_and_suppress,207,778.0,3228.0,0.5680529,0.0,False,1.0,non_human_findings,-1,0
506.tiff,find_and_suppress,208,3251.0,5234.0,0.5679013,0.0,False,1.0,non_human_findings,-1,0
506.tiff,find_and_suppress,209,206.0,2694.0,0.5677999,0.0,False,1.0,non_human_findings,-1,0
506.tiff,find_and_suppress,210,1775.0,3360.0,0.5675701,0.0,False,1.0,non_human_findings,-1,0
506.tiff,find_and_suppress,211,3011.0,1350.0,0.56749386,0.0,False,1.0,non_human_findings,-1,0
506.tiff,find_and_suppress,212,2802.0,4335.0,0.5674824,0.0,False,1.0,non_human_findings,-1,0
506.tiff,find_and_suppress,213,668.0,3125.0,0.566856,0.0,False,1.0,non_human_findings,-1,0
506.tiff,find_and_suppress,214,2882.0,5292.0,0.56650114,0.0,False,1.0,non_human_findings,-1,0
506.tiff,find_and_suppress,215,868.0,2582.0,0.56642425,0.0,False,1.0,non_human_findings,-1,0
506.tiff,find_and_suppress,216,383.0,1692.0,0.56633425,0.0,False,1.0,non_human_findings,-1,0
506.tiff,find_and_suppress,217,3533.0,1101.0,0.5661236,0.0,False,1.0,non_human_findings,-1,0
506.tiff,find_and_suppress,218,6461.0,3245.0,0.566086,0.0,False,1.0,non_human_findings,-1,0
506.tiff,find_and_suppress,219,3772.0,5098.0,0.56599957,0.0,False,1.0,non_human_findings,-1,0
506.tiff,find_and_suppress,220,2451.0,5175.0,0.5658455,0.0,False,1.0,non_human_findings,-1,0
506.tiff,find_and_suppress,221,5911.0,511.0,0.5657906,0.0,False,1.0,non_human_findings,-1,0
506.tiff,find_and_suppress,222,4535.0,2641.0,0.5656782,0.0,False,1.0,non_human_findings,-1,0
506.tiff,find_and_suppress,223,4233.0,2748.0,0.5653969,0.0,False,1.0,non_human_findings,-1,0
506.tiff,find_and_suppress,224,2613.0,2137.0,0.5653312,0.0,False,1.0,non_human_findings,-1,0
506.tiff,find_and_suppress,225,5774.0,4903.0,0.56524295,0.0,False,1.0,non_human_findings,-1,0
506.tiff,find_and_suppress,226,3284.0,2861.0,0.56513834,0.0,False,1.0,non_human_findings,-1,0
506.tiff,find_and_suppress,227,6185.0,1515.0,0.5649634,0.0,False,1.0,non_human_findings,-1,0
506.tiff,find_and_suppress,228,1313.0,3346.0,0.56494695,0.0,False,1.0,non_human_findings,-1,0
506.tiff,find_and_suppress,229,6901.0,5355.0,0.56467134,0.0,False,1.0,non_human_findings,-1,0
506.tiff,find_and_suppress,230,3743.0,1514.0,0.5645752,0.0,False,1.0,non_human_findings,-1,0
506.tiff,find_and_suppress,231,1785.0,1327.0,0.5638957,0.0,False,1.0,non_human_findings,-1,0
506.tiff,find_and_suppress,232,6712.0,2737.0,0.5633258,0.0,False,1.0,non_human_findings,-1,0
506.tiff,find_and_suppress,233,4990.0,2360.0,0.56312215,0.0,False,1.0,non_human_findings,-1,0
506.tiff,find_and_suppress,234,5407.0,1260.0,0.5628522,0.0,False,1.0,non_human_findings,-1,0
506.tiff,find_and_suppress,235,1615.0,4181.0,0.5628482,0.0,False,1.0,non_human_findings,-1,0
506.tiff,find_and_suppress,236,4387.0,1656.0,0.56278163,0.0,False,1.0,non_human_findings,-1,0
506.tiff,find_and_suppress,237,4133.0,3908.0,0.56257653,0.0,False,1.0,non_human_findings,-1,0
506.tiff,find_and_suppress,238,1548.0,5257.0,0.56248796,0.0,False,1.0,non_human_findings,-1,0
506.tiff,find_and_suppress,239,2637.0,4947.0,0.56230414,0.0,False,1.0,non_human_findings,-1,0
506.tiff,find_and_suppress,240,3686.0,4964.0,0.5621605,0.0,False,1.0,non_human_findings,-1,0
506.tiff,find_and_suppress,241,2211.0,4720.0,0.56198615,0.0,False,1.0,non_human_findings,-1,0
506.tiff,find_and_suppress,242,3371.0,2773.0,0.5618155,0.0,False,1.0,non_human_findings,-1,0
506.tiff,find_and_suppress,243,3173.0,2718.0,0.5616615,0.0,False,1.0,non_human_findings,-1,0
506.tiff,find_and_suppress,244,3960.0,3981.0,0.5615175,0.0,False,1.0,non_human_findings,-1,0
506.tiff,find_and_suppress,245,3102.0,89.0,0.56132907,0.0,False,1.0,non_human_findings,-1,0
506.tiff,find_and_suppress,246,1700.0,3322.0,0.56108814,0.0,False,1.0,non_human_findings,-1,0
506.tiff,find_and_suppress,247,3723.0,5117.0,0.5609976,0.0,False,1.0,non_human_findings,-1,0
506.tiff,find_and_suppress,248,3017.0,1487.0,0.5609786,0.0,False,1.0,non_human_findings,-1,0
506.tiff,find_and_suppress,249,4581.0,637.0,0.56095856,0.0,False,1.0,human_correct_label,24227,1
506.tiff,find_and_suppress,250,545.0,2958.0,0.5607218,0.0,False,1.0,non_human_findings,-1,0
506.tiff,find_and_suppress,251,1943.0,5365.0,0.56038606,0.0,False,1.0,non_human_findings,-1,0
506.tiff,find_and_suppress,252,1288.0,2437.0,0.5603243,0.0,False,1.0,non_human_findings,-1,0
506.tiff,find_and_suppress,253,1312.0,2281.0,0.56029266,0.0,False,1.0,non_human_findings,-1,0
506.tiff,find_and_suppress,254,238.0,1309.0,0.5601917,0.0,False,1.0,non_human_findings,-1,0
506.tiff,find_and_suppress,255,2106.0,1727.0,0.56015474,0.0,False,1.0,non_human_findings,-1,0
506.tiff,find_and_suppress,256,6598.0,2129.0,0.56006825,0.0,False,1.0,non_human_findings,-1,0
506.tiff,find_and_suppress,257,1409.0,2200.0,0.559867,0.0,False,1.0,non_human_findings,-1,0
506.tiff,find_and_suppress,258,2641.0,1218.0,0.55975133,0.0,False,1.0,non_human_findings,-1,0
506.tiff,find_and_suppress,259,4029.0,2697.0,0.5597466,0.0,False,1.0,non_human_findings,-1,0
506.tiff,find_and_suppress,260,925.0,3885.0,0.5597364,0.0,False,1.0,non_human_findings,-1,0
506.tiff,find_and_suppress,261,6349.0,969.0,0.55966264,0.0,False,1.0,non_human_findings,-1,0
506.tiff,find_and_suppress,262,3841.0,1895.0,0.55953574,0.0,False,1.0,non_human_findings,-1,0
506.tiff,find_and_suppress,263,1650.0,1527.0,0.5594783,0.0,False,1.0,non_human_findings,-1,0
506.tiff,find_and_suppress,264,2234.0,1480.0,0.5594242,0.0,False,1.0,non_human_findings,-1,0
506.tiff,find_and_suppress,265,5137.0,5142.0,0.55929154,0.0,False,1.0,non_human_findings,-1,0
506.tiff,find_and_suppress,266,2364.0,3810.0,0.5591801,0.0,False,1.0,non_human_findings,-1,0
506.tiff,find_and_suppress,267,6437.0,4898.0,0.5591303,0.0,False,1.0,non_human_findings,-1,0
506.tiff,find_and_suppress,268,3822.0,2931.0,0.5590503,0.0,False,1.0,non_human_findings,-1,0
506.tiff,find_and_suppress,269,2536.0,5308.0,0.5588898,0.0,False,1.0,non_human_findings,-1,0
506.tiff,find_and_suppress,270,1442.0,2335.0,0.55888134,0.0,False,1.0,non_human_findings,-1,0
506.tiff,find_and_suppress,271,6621.0,428.0,0.5588465,0.0,False,1.0,non_human_findings,-1,0
506.tiff,find_and_suppress,272,6598.0,474.0,0.5586405,0.0,False,1.0,non_human_findings,-1,0
506.tiff,find_and_suppress,273,2721.0,4909.0,0.55811703,0.0,False,1.0,non_human_findings,-1,0
506.tiff,find_and_suppress,274,521.0,1702.0,0.55789876,0.0,False,1.0,non_human_findings,-1,0
506.tiff,find_and_suppress,275,4464.0,2822.0,0.5578481,0.0,False,1.0,non_human_findings,-1,0
506.tiff,find_and_suppress,276,2086.0,1479.0,0.55769104,0.0,False,1.0,non_human_findings,-1,0
506.tiff,find_and_suppress,277,1957.0,49.0,0.5576746,0.0,False,1.0,non_human_findings,-1,0
506.tiff,find_and_suppress,278,1407.0,3640.0,0.55759716,0.0,False,1.0,non_human_findings,-1,0
506.tiff,find_and_suppress,279,633.0,1514.0,0.5569994,0.0,False,1.0,non_human_findings,-1,0
506.tiff,find_and_suppress,280,2292.0,408.0,0.5568285,0.0,False,1.0,non_human_findings,-1,0
506.tiff,find_and_suppress,281,1390.0,719.0,0.55653197,0.0,False,1.0,non_human_findings,-1,0
506.tiff,find_and_suppress,282,2647.0,5024.0,0.55633235,0.0,False,1.0,non_human_findings,-1,0
506.tiff,find_and_suppress,283,2104.0,4975.0,0.5561892,0.0,False,1.0,non_human_findings,-1,0
506.tiff,find_and_suppress,284,1622.0,2947.0,0.5561323,0.0,False,1.0,non_human_findings,-1,0
506.tiff,find_and_suppress,285,6211.0,1131.0,0.5560586,0.0,False,1.0,non_human_findings,-1,0
506.tiff,find_and_suppress,286,5662.0,4792.0,0.5549441,0.0,False,1.0,non_human_findings,-1,0
506.tiff,find_and_suppress,287,7018.0,4349.0,0.5549102,0.0,False,1.0,non_human_findings,-1,0
506.tiff,find_and_suppress,288,2075.0,2782.0,0.5548768,0.0,False,1.0,non_human_findings,-1,0
506.tiff,find_and_suppress,289,1117.0,4179.0,0.5548224,0.0,False,1.0,non_human_findings,-1,0
506.tiff,find_and_suppress,290,1084.0,4300.0,0.5547588,0.0,False,1.0,non_human_findings,-1,0
506.tiff,find_and_suppress,291,367.0,1239.0,0.5547068,0.0,False,1.0,non_human_findings,-1,0
506.tiff,find_and_suppress,292,4401.0,2876.0,0.55470383,0.0,False,1.0,non_human_findings,-1,0
506.tiff,find_and_suppress,293,3296.0,733.0,0.5546294,0.0,False,1.0,non_human_findings,-1,0
506.tiff,find_and_suppress,294,2652.0,4165.0,0.5542794,0.0,False,1.0,non_human_findings,-1,0
506.tiff,find_and_suppress,295,2575.0,1673.0,0.5540909,0.0,False,1.0,non_human_findings,-1,0
506.tiff,find_and_suppress,296,1297.0,2762.0,0.55402607,0.0,False,1.0,non_human_findings,-1,0
506.tiff,find_and_suppress,297,6011.0,1301.0,0.553843,0.0,False,1.0,non_human_findings,-1,0
506.tiff,find_and_suppress,298,5763.0,1324.0,0.55359846,0.0,False,1.0,non_human_findings,-1,0
506.tiff,find_and_suppress,299,3865.0,1950.0,0.5534,0.0,False,1.0,non_human_findings,-1,0
506.tiff,find_and_suppress,300,2781.0,3554.0,0.5532776,0.0,False,1.0,non_human_findings,-1,0
506.tiff,find_and_suppress,301,4775.0,2730.0,0.552997,0.0,False,1.0,non_human_findings,-1,0
506.tiff,find_and_suppress,302,5585.0,2204.0,0.5528766,0.0,False,1.0,non_human_findings,-1,0
506.tiff,find_and_suppress,303,6797.0,3978.0,0.5528724,0.0,False,1.0,non_human_findings,-1,0
506.tiff,find_and_suppress,304,5101.0,1534.0,0.55254054,0.0,False,1.0,non_human_findings,-1,0
506.tiff,find_and_suppress,305,6474.0,3339.0,0.5524122,0.0,False,1.0,non_human_findings,-1,0
506.tiff,find_and_suppress,306,1106.0,1630.0,0.55240893,0.0,False,1.0,non_human_findings,-1,0
506.tiff,find_and_suppress,307,4265.0,1462.0,0.5523659,0.0,False,1.0,non_human_findings,-1,0
506.tiff,find_and_suppress,308,6550.0,969.0,0.5523115,0.0,False,1.0,non_human_findings,-1,0
506.tiff,find_and_suppress,309,1426.0,1563.0,0.55219567,0.0,False,1.0,non_human_findings,-1,0
506.tiff,find_and_suppress,310,3629.0,1661.0,0.5514267,0.0,False,1.0,non_human_findings,-1,0
506.tiff,find_and_suppress,311,1688.0,1624.0,0.5511803,0.0,False,1.0,non_human_findings,-1,0
506.tiff,find_and_suppress,312,232.0,1275.0,0.5509956,0.0,False,1.0,non_human_findings,-1,0
506.tiff,find_and_suppress,313,1203.0,4625.0,0.5507861,0.0,False,1.0,non_human_findings,-1,0
506.tiff,find_and_suppress,314,3893.0,4719.0,0.5504681,0.0,False,1.0,non_human_findings,-1,0
506.tiff,find_and_suppress,315,5925.0,3744.0,0.5504316,0.0,False,1.0,non_human_findings,-1,0
506.tiff,find_and_suppress,316,3091.0,1891.0,0.55035186,0.0,False,1.0,non_human_findings,-1,0
506.tiff,find_and_suppress,317,1013.0,3022.0,0.55013186,0.0,False,1.0,non_human_findings,-1,0
506.tiff,find_and_suppress,318,1664.0,612.0,0.54985416,0.0,False,1.0,non_human_findings,-1,0
506.tiff,find_and_suppress,319,1411.0,825.0,0.5496773,0.0,False,1.0,non_human_findings,-1,0
506.tiff,find_and_suppress,320,1855.0,4348.0,0.5494061,0.0,False,1.0,non_human_findings,-1,0
506.tiff,find_and_suppress,321,4098.0,1581.0,0.54938436,0.0,False,1.0,non_human_findings,-1,0
506.tiff,find_and_suppress,322,3780.0,1820.0,0.5487701,0.0,False,1.0,non_human_findings,-1,0
506.tiff,find_and_suppress,323,5565.0,1531.0,0.54861116,0.0,False,1.0,non_human_findings,-1,0
506.tiff,find_and_suppress,324,5395.0,3348.0,0.54851156,0.0,False,1.0,non_human_findings,-1,0
506.tiff,find_and_suppress,325,4102.0,3115.0,0.548365,0.0,False,1.0,non_human_findings,-1,0
506.tiff,find_and_suppress,326,6800.0,5153.0,0.5481902,0.0,False,1.0,non_human_findings,-1,0
506.tiff,find_and_suppress,327,6823.0,3843.0,0.548072,0.0,False,1.0,non_human_findings,-1,0
506.tiff,find_and_suppress,328,3230.0,1340.0,0.547988,0.0,False,1.0,non_human_findings,-1,0
506.tiff,find_and_suppress,329,985.0,1432.0,0.5478497,0.0,False,1.0,non_human_findings,-1,0
506.tiff,find_and_suppress,330,726.0,1002.0,0.54770094,0.0,False,1.0,non_human_findings,-1,0
506.tiff,find_and_suppress,331,6717.0,5310.0,0.54745257,0.0,False,1.0,non_human_findings,-1,0
506.tiff,find_and_suppress,332,4708.0,4691.0,0.5473866,0.0,False,1.0,non_human_findings,-1,0
506.tiff,find_and_suppress,333,3320.0,1778.0,0.54730374,0.0,False,1.0,non_human_findings,-1,0
506.tiff,find_and_suppress,334,2315.0,4530.0,0.54721296,0.0,False,1.0,non_human_findings,-1,0
506.tiff,find_and_suppress,335,2798.0,4948.0,0.5471931,0.0,False,1.0,non_human_findings,-1,0
506.tiff,find_and_suppress,336,1240.0,2246.0,0.54713535,0.0,False,1.0,non_human_findings,-1,0
506.tiff,find_and_suppress,337,5261.0,2934.0,0.547065,0.0,False,1.0,non_human_findings,-1,0
506.tiff,find_and_suppress,338,5046.0,5210.0,0.54694873,0.0,False,1.0,non_human_findings,-1,0
506.tiff,find_and_suppress,339,7084.0,480.0,0.5469145,0.0,False,1.0,non_human_findings,-1,0
506.tiff,find_and_suppress,340,234.0,1133.0,0.54688936,0.0,False,1.0,non_human_findings,-1,0
506.tiff,find_and_suppress,341,3877.0,196.0,0.54685456,0.0,False,1.0,non_human_findings,-1,0
506.tiff,find_and_suppress,342,2182.0,4631.0,0.54679316,0.0,False,1.0,non_human_findings,-1,0
506.tiff,find_and_suppress,343,432.0,2809.0,0.5467021,0.0,False,1.0,non_human_findings,-1,0
506.tiff,find_and_suppress,344,254.0,1727.0,0.5465773,0.0,False,1.0,non_human_findings,-1,0
506.tiff,find_and_suppress,345,3625.0,1438.0,0.5465653,0.0,False,1.0,non_human_findings,-1,0
506.tiff,find_and_suppress,346,1956.0,93.0,0.5465003,0.0,False,1.0,non_human_findings,-1,0
506.tiff,find_and_suppress,347,3822.0,349.0,0.5464358,0.0,False,1.0,non_human_findings,-1,0
506.tiff,find_and_suppress,348,4272.0,1298.0,0.5463043,0.0,False,1.0,non_human_findings,-1,0
506.tiff,find_and_suppress,349,3932.0,1285.0,0.5457685,0.0,False,1.0,non_human_findings,-1,0
506.tiff,find_and_suppress,350,6242.0,1464.0,0.5456961,0.0,False,1.0,non_human_findings,-1,0
506.tiff,find_and_suppress,351,2156.0,4479.0,0.54556525,0.0,False,1.0,non_human_findings,-1,0
506.tiff,find_and_suppress,352,6593.0,2610.0,0.54536176,0.0,False,1.0,non_human_findings,-1,0
506.tiff,find_and_suppress,353,6779.0,1875.0,0.54531044,0.0,False,1.0,non_human_findings,-1,0
506.tiff,find_and_suppress,354,2030.0,1048.0,0.54522663,0.0,False,1.0,non_human_findings,-1,0
506.tiff,find_and_suppress,355,1145.0,4416.0,0.54519343,0.0,False,1.0,non_human_findings,-1,0
506.tiff,find_and_suppress,356,378.0,1516.0,0.5450914,0.0,False,1.0,non_human_findings,-1,0
506.tiff,find_and_suppress,357,7027.0,476.0,0.54506814,0.0,False,1.0,non_human_findings,-1,0
506.tiff,find_and_suppress,358,5453.0,1371.0,0.5449453,0.0,False,1.0,non_human_findings,-1,0
506.tiff,find_and_suppress,359,3225.0,2110.0,0.5448566,0.0,False,1.0,non_human_findings,-1,0
506.tiff,find_and_suppress,360,4076.0,3167.0,0.5448559,0.0,False,1.0,non_human_findings,-1,0
506.tiff,find_and_suppress,361,303.0,2829.0,0.5442198,0.0,False,1.0,non_human_findings,-1,0
506.tiff,find_and_suppress,362,1331.0,2434.0,0.5441835,0.0,False,1.0,non_human_findings,-1,0
506.tiff,find_and_suppress,363,3719.0,979.0,0.544088,0.0,False,1.0,non_human_findings,-1,0
506.tiff,find_and_suppress,364,974.0,2124.0,0.54402155,0.0,False,1.0,non_human_findings,-1,0
506.tiff,find_and_suppress,365,5212.0,3725.0,0.54394615,0.0,False,1.0,non_human_findings,-1,0
506.tiff,find_and_suppress,366,548.0,129.0,0.54367274,0.0,False,1.0,non_human_findings,-1,0
506.tiff,find_and_suppress,367,7055.0,3373.0,0.54355997,0.0,False,1.0,non_human_findings,-1,0
506.tiff,find_and_suppress,368,6840.0,3445.0,0.54355973,0.0,False,1.0,non_human_findings,-1,0
506.tiff,find_and_suppress,369,4989.0,3236.0,0.543527,0.0,False,1.0,non_human_findings,-1,0
506.tiff,find_and_suppress,370,2137.0,1118.0,0.54345906,0.0,False,1.0,non_human_findings,-1,0
506.tiff,find_and_suppress,371,2481.0,3923.0,0.5431594,0.0,False,1.0,non_human_findings,-1,0
506.tiff,find_and_suppress,372,3977.0,2994.0,0.5430922,0.0,False,1.0,non_human_findings,-1,0
506.tiff,find_and_suppress,373,3970.0,4762.0,0.54301375,0.0,False,1.0,non_human_findings,-1,0
506.tiff,find_and_suppress,374,4303.0,1416.0,0.54284406,0.0,False,1.0,non_human_findings,-1,0
506.tiff,find_and_suppress,375,3060.0,3329.0,0.54262966,0.0,False,1.0,non_human_findings,-1,0
506.tiff,find_and_suppress,376,5024.0,3002.0,0.54257715,0.0,False,1.0,non_human_findings,-1,0
506.tiff,find_and_suppress,377,4638.0,3668.0,0.54242957,0.0,False,1.0,non_human_findings,-1,0
506.tiff,find_and_suppress,378,935.0,1992.0,0.54242545,0.0,False,1.0,non_human_findings,-1,0
506.tiff,find_and_suppress,379,3676.0,2626.0,0.5423636,0.0,False,1.0,non_human_findings,-1,0
506.tiff,find_and_suppress,380,4475.0,1266.0,0.542133,0.0,False,1.0,non_human_findings,-1,0
506.tiff,find_and_suppress,381,1285.0,252.0,0.5421237,0.0,False,1.0,non_human_findings,-1,0
506.tiff,find_and_suppress,382,4605.0,2720.0,0.5420654,0.0,False,1.0,non_human_findings,-1,0
506.tiff,find_and_suppress,383,6926.0,2652.0,0.5420326,0.0,False,1.0,non_human_findings,-1,0
506.tiff,find_and_suppress,384,4446.0,2269.0,0.5419527,0.0,False,1.0,non_human_findings,-1,0
506.tiff,find_and_suppress,385,5155.0,1401.0,0.54174626,0.0,False,1.0,non_human_findings,-1,0
506.tiff,find_and_suppress,386,2123.0,4551.0,0.5417037,0.0,False,1.0,non_human_findings,-1,0
506.tiff,find_and_suppress,387,3251.0,3662.0,0.5415407,0.0,False,1.0,non_human_findings,-1,0
506.tiff,find_and_suppress,388,7004.0,1692.0,0.54143757,0.0,False,1.0,non_human_findings,-1,0
506.tiff,find_and_suppress,389,514.0,2228.0,0.5414333,0.0,False,1.0,non_human_findings,-1,0
506.tiff,find_and_suppress,390,1460.0,1227.0,0.5412857,0.0,False,1.0,non_human_findings,-1,0
506.tiff,find_and_suppress,391,6060.0,4119.0,0.54113084,0.0,False,1.0,non_human_findings,-1,0
506.tiff,find_and_suppress,392,1740.0,2575.0,0.54107046,0.0,False,1.0,non_human_findings,-1,0
506.tiff,find_and_suppress,393,3746.0,4572.0,0.54092205,0.0,False,1.0,non_human_findings,-1,0
506.tiff,find_and_suppress,394,3685.0,2926.0,0.54086107,0.0,False,1.0,non_human_findings,-1,0
506.tiff,find_and_suppress,395,2522.0,5248.0,0.5407248,0.0,False,1.0,non_human_findings,-1,0
506.tiff,find_and_suppress,396,1250.0,4675.0,0.5407034,0.0,False,1.0,non_human_findings,-1,0
506.tiff,find_and_suppress,397,5675.0,1355.0,0.54059255,0.0,False,1.0,non_human_findings,-1,0
506.tiff,find_and_suppress,398,2334.0,933.0,0.5404882,0.0,False,1.0,non_human_findings,-1,0
506.tiff,find_and_suppress,399,4738.0,1152.0,0.54027784,0.0,False,1.0,non_human_findings,-1,0
506.tiff,find_and_suppress,400,3711.0,113.0,0.5400944,0.0,False,1.0,non_human_findings,-1,0
506.tiff,find_and_suppress,401,3744.0,2991.0,0.5399752,0.0,False,1.0,non_human_findings,-1,0
506.tiff,find_and_suppress,402,1549.0,1365.0,0.5399735,0.0,False,1.0,non_human_findings,-1,0
506.tiff,find_and_suppress,403,2496.0,4609.0,0.5399302,0.0,False,1.0,non_human_findings,-1,0
506.tiff,find_and_suppress,404,1221.0,1968.0,0.5397353,0.0,False,1.0,non_human_findings,-1,0
506.tiff,find_and_suppress,405,301.0,1137.0,0.539394,0.0,False,1.0,non_human_findings,-1,0
506.tiff,find_and_suppress,406,2732.0,3665.0,0.5393298,0.0,False,1.0,non_human_findings,-1,0
506.tiff,find_and_suppress,407,4598.0,3276.0,0.5392182,0.0,False,1.0,non_human_findings,-1,0
506.tiff,find_and_suppress,408,6619.0,4276.0,0.53913033,0.0,False,1.0,non_human_findings,-1,0
506.tiff,find_and_suppress,409,4703.0,1689.0,0.53910047,0.0,False,1.0,non_human_findings,-1,0
506.tiff,find_and_suppress,410,3781.0,3159.0,0.539039,0.0,False,1.0,non_human_findings,-1,0
506.tiff,find_and_suppress,411,4740.0,2577.0,0.53901637,0.0,False,1.0,non_human_findings,-1,0
506.tiff,find_and_suppress,412,4557.0,1387.0,0.5389299,0.0,False,1.0,non_human_findings,-1,0
506.tiff,find_and_suppress,413,3794.0,4478.0,0.53885365,0.0,False,1.0,non_human_findings,-1,0
506.tiff,find_and_suppress,414,1257.0,760.0,0.53878796,0.0,False,1.0,non_human_findings,-1,0
506.tiff,find_and_suppress,415,734.0,2135.0,0.5386618,0.0,False,1.0,non_human_findings,-1,0
506.tiff,find_and_suppress,416,4203.0,1675.0,0.53842646,0.0,False,1.0,non_human_findings,-1,0
506.tiff,find_and_suppress,417,3138.0,1278.0,0.5383881,0.0,False,1.0,non_human_findings,-1,0
506.tiff,find_and_suppress,418,5348.0,1680.0,0.5375763,0.0,False,1.0,non_human_findings,-1,0
506.tiff,find_and_suppress,419,4232.0,1258.0,0.5374552,0.0,False,1.0,non_human_findings,-1,0
506.tiff,find_and_suppress,420,770.0,4374.0,0.53738046,0.0,False,1.0,non_human_findings,-1,0
506.tiff,find_and_suppress,421,3274.0,4476.0,0.5373634,0.0,False,1.0,non_human_findings,-1,0
506.tiff,find_and_suppress,422,3436.0,1753.0,0.5372566,0.0,False,1.0,non_human_findings,-1,0
506.tiff,find_and_suppress,423,4276.0,1346.0,0.5372563,0.0,False,1.0,non_human_findings,-1,0
506.tiff,find_and_suppress,424,4246.0,2333.0,0.5371266,0.0,False,1.0,non_human_findings,-1,0
506.tiff,find_and_suppress,425,3821.0,4632.0,0.53702873,0.0,False,1.0,non_human_findings,-1,0
506.tiff,find_and_suppress,426,1303.0,4431.0,0.53695303,0.0,False,1.0,non_human_findings,-1,0
506.tiff,find_and_suppress,427,175.0,1460.0,0.53694564,0.0,False,1.0,non_human_findings,-1,0
506.tiff,find_and_suppress,428,4642.0,4899.0,0.53692466,0.0,False,1.0,non_human_findings,-1,0
506.tiff,find_and_suppress,429,3436.0,3912.0,0.53687716,0.0,False,1.0,non_human_findings,-1,0
506.tiff,find_and_suppress,430,1703.0,2771.0,0.5366558,0.0,False,1.0,non_human_findings,-1,0
506.tiff,find_and_suppress,431,3576.0,5072.0,0.5366364,0.0,False,1.0,non_human_findings,-1,0
506.tiff,find_and_suppress,432,4992.0,4362.0,0.53653985,0.0,False,1.0,non_human_findings,-1,0
506.tiff,find_and_suppress,433,2625.0,3775.0,0.5365267,0.0,False,1.0,non_human_findings,-1,0
506.tiff,find_and_suppress,434,3812.0,1754.0,0.5365233,0.0,False,1.0,non_human_findings,-1,0
506.tiff,find_and_suppress,435,6391.0,1446.0,0.53644735,0.0,False,1.0,non_human_findings,-1,0
506.tiff,find_and_suppress,436,3306.0,2788.0,0.5364171,0.0,False,1.0,non_human_findings,-1,0
506.tiff,find_and_suppress,437,5111.0,5179.0,0.53635895,0.0,False,1.0,non_human_findings,-1,0
506.tiff,find_and_suppress,438,1001.0,1711.0,0.5363075,0.0,False,1.0,non_human_findings,-1,0
506.tiff,find_and_suppress,439,899.0,486.0,0.53612804,0.0,False,1.0,non_human_findings,-1,0
506.tiff,find_and_suppress,440,823.0,2533.0,0.5359366,0.0,False,1.0,non_human_findings,-1,0
506.tiff,find_and_suppress,441,1373.0,3034.0,0.53590727,0.0,False,1.0,non_human_findings,-1,0
506.tiff,find_and_suppress,442,5385.0,4334.0,0.5358759,0.0,False,1.0,non_human_findings,-1,0
506.tiff,find_and_suppress,443,6037.0,1103.0,0.5358,0.0,False,1.0,non_human_findings,-1,0
506.tiff,find_and_suppress,444,436.0,1355.0,0.5357635,0.0,False,1.0,non_human_findings,-1,0
506.tiff,find_and_suppress,445,2848.0,3789.0,0.53571117,0.0,False,1.0,non_human_findings,-1,0
506.tiff,find_and_suppress,446,1462.0,4700.0,0.5356616,0.0,False,1.0,non_human_findings,-1,0
506.tiff,find_and_suppress,447,291.0,2941.0,0.53558314,0.0,False,1.0,non_human_findings,-1,0
506.tiff,find_and_suppress,448,3590.0,5144.0,0.5354955,0.0,False,1.0,non_human_findings,-1,0
506.tiff,find_and_suppress,449,117.0,1789.0,0.5353821,0.0,False,1.0,non_human_findings,-1,0
506.tiff,find_and_suppress,450,1156.0,3576.0,0.5353638,0.0,False,1.0,non_human_findings,-1,0
506.tiff,find_and_suppress,451,6315.0,907.0,0.53526604,0.0,False,1.0,non_human_findings,-1,0
506.tiff,find_and_suppress,452,3137.0,1899.0,0.5352294,0.0,False,1.0,non_human_findings,-1,0
506.tiff,find_and_suppress,453,1448.0,3950.0,0.5352016,0.0,False,1.0,non_human_findings,-1,0
506.tiff,find_and_suppress,454,1739.0,231.0,0.535148,0.0,False,1.0,non_human_findings,-1,0
506.tiff,find_and_suppress,455,4147.0,4727.0,0.5350967,0.0,False,1.0,non_human_findings,-1,0
506.tiff,find_and_suppress,456,6239.0,4731.0,0.534985,0.0,False,1.0,non_human_findings,-1,0
506.tiff,find_and_suppress,457,5200.0,174.0,0.53483856,0.0,False,1.0,non_human_findings,-1,0
506.tiff,find_and_suppress,458,4302.0,4312.0,0.53469366,0.0,False,1.0,non_human_findings,-1,0
506.tiff,find_and_suppress,459,3747.0,4519.0,0.5344611,0.0,False,1.0,non_human_findings,-1,0
506.tiff,find_and_suppress,460,2098.0,1663.0,0.5344495,0.0,False,1.0,non_human_findings,-1,0
506.tiff,find_and_suppress,461,468.0,1457.0,0.534378,0.0,False,1.0,non_human_findings,-1,0
506.tiff,find_and_suppress,462,4396.0,1440.0,0.53437006,0.0,False,1.0,non_human_findings,-1,0
506.tiff,find_and_suppress,463,1237.0,3027.0,0.53412825,0.0,False,1.0,non_human_findings,-1,0
506.tiff,find_and_suppress,464,454.0,1301.0,0.53408885,0.0,False,1.0,non_human_findings,-1,0
506.tiff,find_and_suppress,465,6371.0,3264.0,0.5339775,0.0,False,1.0,non_human_findings,-1,0
506.tiff,find_and_suppress,466,3702.0,4548.0,0.53376704,0.0,False,1.0,non_human_findings,-1,0
506.tiff,find_and_suppress,467,2202.0,1983.0,0.53374165,0.0,False,1.0,non_human_findings,-1,0
506.tiff,find_and_suppress,468,3035.0,4517.0,0.53361183,0.0,False,1.0,non_human_findings,-1,0
506.tiff,find_and_suppress,469,2231.0,4758.0,0.5335681,0.0,False,1.0,non_human_findings,-1,0
506.tiff,find_and_suppress,470,1934.0,4099.0,0.53355426,0.0,False,1.0,non_human_findings,-1,0
506.tiff,find_and_suppress,471,419.0,1184.0,0.5335368,0.0,False,1.0,non_human_findings,-1,0
506.tiff,find_and_suppress,472,2204.0,1730.0,0.53352475,0.0,False,1.0,non_human_findings,-1,0
506.tiff,find_and_suppress,473,6454.0,4298.0,0.5334547,0.0,False,1.0,non_human_findings,-1,0
506.tiff,find_and_suppress,474,2626.0,130.0,0.53310436,0.0,False,1.0,non_human_findings,-1,0
506.tiff,find_and_suppress,475,2003.0,4770.0,0.5330312,0.0,False,1.0,non_human_findings,-1,0
506.tiff,find_and_suppress,476,2854.0,5190.0,0.5328755,0.0,False,1.0,non_human_findings,-1,0
506.tiff,find_and_suppress,477,6603.0,5025.0,0.53287166,0.0,False,1.0,non_human_findings,-1,0
506.tiff,find_and_suppress,478,7125.0,2494.0,0.5327804,0.0,False,1.0,non_human_findings,-1,0
506.tiff,find_and_suppress,479,1371.0,3884.0,0.532777,0.0,False,1.0,non_human_findings,-1,0
506.tiff,find_and_suppress,480,3594.0,2990.0,0.5327311,0.0,False,1.0,non_human_findings,-1,0
506.tiff,find_and_suppress,481,1838.0,4637.0,0.532453,0.0,False,1.0,non_human_findings,-1,0
506.tiff,find_and_suppress,482,4507.0,1600.0,0.53243834,0.0,False,1.0,non_human_findings,-1,0
506.tiff,find_and_suppress,483,2925.0,1870.0,0.5323339,0.0,False,1.0,non_human_findings,-1,0
506.tiff,find_and_suppress,484,2617.0,3595.0,0.53225243,0.0,False,1.0,non_human_findings,-1,0
506.tiff,find_and_suppress,485,2274.0,2016.0,0.5321825,0.0,False,1.0,non_human_findings,-1,0
506.tiff,find_and_suppress,486,4813.0,1957.0,0.5319578,0.0,False,1.0,non_human_findings,-1,0
506.tiff,find_and_suppress,487,1425.0,3403.0,0.53188396,0.0,False,1.0,non_human_findings,-1,0
506.tiff,find_and_suppress,488,6013.0,5359.0,0.5318379,0.0,False,1.0,non_human_findings,-1,0
506.tiff,find_and_suppress,489,1361.0,2734.0,0.5318333,0.0,False,1.0,non_human_findings,-1,0
506.tiff,find_and_suppress,490,2247.0,5001.0,0.53164625,0.0,False,1.0,non_human_findings,-1,0
506.tiff,find_and_suppress,491,3919.0,1605.0,0.5313954,0.0,False,1.0,non_human_findings,-1,0
506.tiff,find_and_suppress,492,1205.0,3644.0,0.53137517,0.0,False,1.0,non_human_findings,-1,0
506.tiff,find_and_suppress,493,3764.0,1153.0,0.5312499,0.0,False,1.0,non_human_findings,-1,0
506.tiff,find_and_suppress,494,4120.0,4921.0,0.53114927,0.0,False,1.0,non_human_findings,-1,0
506.tiff,find_and_suppress,495,4226.0,2457.0,0.5309452,0.0,False,1.0,non_human_findings,-1,0
506.tiff,find_and_suppress,496,2218.0,5303.0,0.53083724,0.0,False,1.0,non_human_findings,-1,0
506.tiff,find_and_suppress,497,1053.0,1069.0,0.53074497,0.0,False,1.0,non_human_findings,-1,0
506.tiff,find_and_suppress,498,3074.0,815.0,0.53074276,0.0,False,1.0,non_human_findings,-1,0
506.tiff,find_and_suppress,499,6388.0,3380.0,0.53069216,0.0,False,1.0,non_human_findings,-1,0
506.tiff,find_and_suppress,500,6170.0,2839.0,0.53061897,0.0,False,1.0,non_human_findings,-1,0
506.tiff,find_and_suppress,501,6937.0,2430.0,0.53057504,0.0,False,1.0,non_human_findings,-1,0
506.tiff,find_and_suppress,502,5466.0,3456.0,0.53048205,0.0,False,1.0,non_human_findings,-1,0
506.tiff,find_and_suppress,503,1178.0,4704.0,0.53032446,0.0,False,1.0,non_human_findings,-1,0
506.tiff,find_and_suppress,504,6290.0,1092.0,0.53023976,0.0,False,1.0,non_human_findings,-1,0
506.tiff,find_and_suppress,505,6850.0,4894.0,0.5301443,0.0,False,1.0,non_human_findings,-1,0
506.tiff,find_and_suppress,506,1001.0,2624.0,0.5301101,0.0,False,1.0,non_human_findings,-1,0
506.tiff,find_and_suppress,507,1163.0,2430.0,0.5300857,0.0,False,1.0,non_human_findings,-1,0
506.tiff,find_and_suppress,508,3078.0,2795.0,0.5299678,0.0,False,1.0,non_human_findings,-1,0
506.tiff,find_and_suppress,509,616.0,1334.0,0.5299228,0.0,False,1.0,non_human_findings,-1,0
506.tiff,find_and_suppress,510,6689.0,598.0,0.5297627,0.0,False,1.0,non_human_findings,-1,0
506.tiff,find_and_suppress,511,1339.0,108.0,0.5296934,0.0,False,1.0,non_human_findings,-1,0
506.tiff,find_and_suppress,512,2842.0,5328.0,0.5296067,0.0,False,1.0,non_human_findings,-1,0
506.tiff,find_and_suppress,513,259.0,2683.0,0.5294789,0.0,False,1.0,non_human_findings,-1,0
506.tiff,find_and_suppress,514,315.0,1819.0,0.5294591,0.0,False,1.0,non_human_findings,-1,0
506.tiff,find_and_suppress,515,4333.0,1639.0,0.52944887,0.0,False,1.0,non_human_findings,-1,0
506.tiff,find_and_suppress,516,5598.0,3362.0,0.52943516,0.0,False,1.0,non_human_findings,-1,0
506.tiff,find_and_suppress,517,5160.0,5063.0,0.52915853,0.0,False,1.0,non_human_findings,-1,0
506.tiff,find_and_suppress,518,3127.0,5202.0,0.52914786,0.0,False,1.0,non_human_findings,-1,0
506.tiff,find_and_suppress,519,1038.0,2210.0,0.52892864,0.0,False,1.0,non_human_findings,-1,0
506.tiff,find_and_suppress,520,3464.0,2635.0,0.5289242,0.0,False,1.0,non_human_findings,-1,0
506.tiff,find_and_suppress,521,5335.0,153.0,0.5288674,0.0,False,1.0,non_human_findings,-1,0
506.tiff,find_and_suppress,522,5046.0,4134.0,0.52880406,0.0,False,1.0,non_human_findings,-1,0
506.tiff,find_and_suppress,523,1220.0,2784.0,0.5287284,0.0,False,1.0,non_human_findings,-1,0
506.tiff,find_and_suppress,524,3139.0,1552.0,0.52870756,0.0,False,1.0,non_human_findings,-1,0
506.tiff,find_and_suppress,525,6986.0,5342.0,0.5287032,0.0,False,1.0,non_human_findings,-1,0
506.tiff,find_and_suppress,526,2338.0,826.0,0.52866703,0.0,False,1.0,non_human_findings,-1,0
506.tiff,find_and_suppress,527,4824.0,2522.0,0.5285906,0.0,False,1.0,non_human_findings,-1,0
506.tiff,find_and_suppress,528,1652.0,2279.0,0.52846575,0.0,False,1.0,non_human_findings,-1,0
506.tiff,find_and_suppress,529,1850.0,5252.0,0.5284568,0.0,False,1.0,non_human_findings,-1,0
506.tiff,find_and_suppress,530,1634.0,3212.0,0.52821714,0.0,False,1.0,non_human_findings,-1,0
506.tiff,find_and_suppress,531,1307.0,2043.0,0.52820224,0.0,False,1.0,non_human_findings,-1,0
506.tiff,find_and_suppress,532,2590.0,1502.0,0.5282002,0.0,False,1.0,non_human_findings,-1,0
506.tiff,find_and_suppress,533,5678.0,1402.0,0.52816314,0.0,False,1.0,non_human_findings,-1,0
506.tiff,find_and_suppress,534,1866.0,2743.0,0.5281408,0.0,False,1.0,non_human_findings,-1,0
506.tiff,find_and_suppress,535,384.0,1302.0,0.52793175,0.0,False,1.0,non_human_findings,-1,0
506.tiff,find_and_suppress,536,5845.0,2392.0,0.527854,0.0,False,1.0,non_human_findings,-1,0
506.tiff,find_and_suppress,537,6836.0,2558.0,0.5278408,0.0,False,1.0,non_human_findings,-1,0
506.tiff,find_and_suppress,538,2662.0,5089.0,0.5276129,0.0,False,1.0,non_human_findings,-1,0
506.tiff,find_and_suppress,539,6637.0,343.0,0.5275736,0.0,False,1.0,non_human_findings,-1,0
506.tiff,find_and_suppress,540,1314.0,4480.0,0.52749145,0.0,False,1.0,non_human_findings,-1,0
506.tiff,find_and_suppress,541,6560.0,588.0,0.5274693,0.0,False,1.0,non_human_findings,-1,0
506.tiff,find_and_suppress,542,4654.0,4394.0,0.52727807,0.0,False,1.0,non_human_findings,-1,0
506.tiff,find_and_suppress,543,3630.0,3294.0,0.5269313,0.0,False,1.0,non_human_findings,-1,0
506.tiff,find_and_suppress,544,1964.0,5210.0,0.52687156,0.0,False,1.0,non_human_findings,-1,0
506.tiff,find_and_suppress,545,5607.0,4440.0,0.52676576,0.0,False,1.0,non_human_findings,-1,0
506.tiff,find_and_suppress,546,4439.0,3096.0,0.52662814,0.0,False,1.0,non_human_findings,-1,0
506.tiff,find_and_suppress,547,3462.0,2544.0,0.5265997,0.0,False,1.0,non_human_findings,-1,0
506.tiff,find_and_suppress,548,6247.0,123.0,0.5264979,0.0,False,1.0,non_human_findings,-1,0
506.tiff,find_and_suppress,549,2497.0,3821.0,0.526472,0.0,False,1.0,non_human_findings,-1,0
506.tiff,find_and_suppress,550,3888.0,2529.0,0.52644765,0.0,False,1.0,non_human_findings,-1,0
506.tiff,find_and_suppress,551,4562.0,2929.0,0.5263594,0.0,False,1.0,non_human_findings,-1,0
506.tiff,find_and_suppress,552,1735.0,1594.0,0.52625835,0.0,False,1.0,non_human_findings,-1,0
506.tiff,find_and_suppress,553,3709.0,1310.0,0.52623415,0.0,False,1.0,non_human_findings,-1,0
506.tiff,find_and_suppress,554,4000.0,4828.0,0.52613753,0.0,False,1.0,non_human_findings,-1,0
506.tiff,find_and_suppress,555,2533.0,2310.0,0.5260865,0.0,False,1.0,non_human_findings,-1,0
506.tiff,find_and_suppress,556,5387.0,276.0,0.5260128,0.0,False,1.0,non_human_findings,-1,0
506.tiff,find_and_suppress,557,97.0,1537.0,0.5259767,0.0,False,1.0,non_human_findings,-1,0
506.tiff,find_and_suppress,558,1993.0,2686.0,0.52597487,0.0,False,1.0,non_human_findings,-1,0
506.tiff,find_and_suppress,559,2706.0,3287.0,0.5259337,0.0,False,1.0,non_human_findings,-1,0
506.tiff,find_and_suppress,560,4925.0,4370.0,0.5259127,0.0,False,1.0,non_human_findings,-1,0
506.tiff,find_and_suppress,561,1359.0,1433.0,0.5258517,0.0,False,1.0,non_human_findings,-1,0
506.tiff,find_and_suppress,562,5463.0,1241.0,0.5257917,0.0,False,1.0,non_human_findings,-1,0
506.tiff,find_and_suppress,563,5251.0,5174.0,0.5256433,0.0,False,1.0,non_human_findings,-1,0
506.tiff,find_and_suppress,564,3902.0,4677.0,0.5255772,0.0,False,1.0,non_human_findings,-1,0
506.tiff,find_and_suppress,565,3202.0,962.0,0.5255445,0.0,False,1.0,non_human_findings,-1,0
506.tiff,find_and_suppress,566,6780.0,516.0,0.5255079,0.0,False,1.0,non_human_findings,-1,0
506.tiff,find_and_suppress,567,1026.0,3454.0,0.5254614,0.0,False,1.0,non_human_findings,-1,0
506.tiff,find_and_suppress,568,3345.0,1976.0,0.525113,0.0,False,1.0,non_human_findings,-1,0
506.tiff,find_and_suppress,569,6774.0,4421.0,0.52501935,0.0,False,1.0,non_human_findings,-1,0
506.tiff,find_and_suppress,570,875.0,1662.0,0.52498674,0.0,False,1.0,non_human_findings,-1,0
506.tiff,find_and_suppress,571,4310.0,1736.0,0.52497524,0.0,False,1.0,non_human_findings,-1,0
506.tiff,find_and_suppress,572,2668.0,2541.0,0.5249226,0.0,False,1.0,non_human_findings,-1,0
506.tiff,find_and_suppress,573,1337.0,1779.0,0.5246913,0.0,False,1.0,non_human_findings,-1,0
506.tiff,find_and_suppress,574,3170.0,472.0,0.524673,0.0,False,1.0,non_human_findings,-1,0
506.tiff,find_and_suppress,575,2894.0,3786.0,0.52461016,0.0,False,1.0,non_human_findings,-1,0
506.tiff,find_and_suppress,576,1282.0,3590.0,0.5245716,0.0,False,1.0,non_human_findings,-1,0
506.tiff,find_and_suppress,577,2108.0,5335.0,0.52455246,0.0,False,1.0,non_human_findings,-1,0
506.tiff,find_and_suppress,578,4858.0,884.0,0.5244878,0.0,False,1.0,non_human_findings,-1,0
506.tiff,find_and_suppress,579,1915.0,2105.0,0.5244823,0.0,False,1.0,non_human_findings,-1,0
506.tiff,find_and_suppress,580,2058.0,4472.0,0.5244727,0.0,False,1.0,non_human_findings,-1,0
506.tiff,find_and_suppress,581,3750.0,649.0,0.52442527,0.0,False,1.0,non_human_findings,-1,0
506.tiff,find_and_suppress,582,5670.0,2842.0,0.52441376,0.0,False,1.0,non_human_findings,-1,0
506.tiff,find_and_suppress,583,1356.0,2983.0,0.5243487,0.0,False,1.0,non_human_findings,-1,0
506.tiff,find_and_suppress,584,2044.0,1994.0,0.5243278,0.0,False,1.0,non_human_findings,-1,0
506.tiff,find_and_suppress,585,1218.0,3381.0,0.52421504,0.0,False,1.0,non_human_findings,-1,0
506.tiff,find_and_suppress,586,3275.0,5346.0,0.5241023,0.0,False,1.0,non_human_findings,-1,0
506.tiff,find_and_suppress,587,1294.0,1081.0,0.52409023,0.0,False,1.0,non_human_findings,-1,0
506.tiff,find_and_suppress,588,1440.0,1790.0,0.52408695,0.0,False,1.0,non_human_findings,-1,0
506.tiff,find_and_suppress,589,5169.0,414.0,0.5240041,0.0,False,1.0,non_human_findings,-1,0
506.tiff,find_and_suppress,590,2746.0,1842.0,0.52393574,0.0,False,1.0,non_human_findings,-1,0
506.tiff,find_and_suppress,591,1139.0,3141.0,0.5238386,0.0,False,1.0,non_human_findings,-1,0
506.tiff,find_and_suppress,592,7115.0,3075.0,0.52378255,0.0,False,1.0,non_human_findings,-1,0
506.tiff,find_and_suppress,593,4497.0,4000.0,0.52371925,0.0,False,1.0,non_human_findings,-1,0
506.tiff,find_and_suppress,594,5581.0,5369.0,0.52370304,0.0,False,1.0,non_human_findings,-1,0
506.tiff,find_and_suppress,595,1847.0,1655.0,0.52360404,0.0,False,1.0,non_human_findings,-1,0
506.tiff,find_and_suppress,596,7097.0,3544.0,0.5235702,0.0,False,1.0,non_human_findings,-1,0
506.tiff,find_and_suppress,597,877.0,392.0,0.52353704,0.0,False,1.0,non_human_findings,-1,0
506.tiff,find_and_suppress,598,1073.0,1653.0,0.5234805,0.0,False,1.0,non_human_findings,-1,0
506.tiff,find_and_suppress,599,3893.0,1444.0,0.52348036,0.0,False,1.0,non_human_findings,-1,0
506.tiff,find_and_suppress,600,2371.0,4921.0,0.5234458,0.0,False,1.0,non_human_findings,-1,0
506.tiff,find_and_suppress,601,947.0,709.0,0.52343947,0.0,False,1.0,non_human_findings,-1,0
506.tiff,find_and_suppress,602,5244.0,5102.0,0.5232293,0.0,False,1.0,non_human_findings,-1,0
506.tiff,find_and_suppress,603,1132.0,1109.0,0.5231795,0.0,False,1.0,non_human_findings,-1,0
506.tiff,find_and_suppress,604,3812.0,4377.0,0.52314204,0.0,False,1.0,non_human_findings,-1,0
506.tiff,find_and_suppress,605,4596.0,935.0,0.523116,0.0,False,1.0,non_human_findings,-1,0
506.tiff,find_and_suppress,606,1948.0,3694.0,0.52278143,0.0,False,1.0,non_human_findings,-1,0
506.tiff,find_and_suppress,607,6549.0,3327.0,0.5227288,0.0,False,1.0,non_human_findings,-1,0
506.tiff,find_and_suppress,608,3988.0,1278.0,0.52270126,0.0,False,1.0,non_human_findings,-1,0
506.tiff,find_and_suppress,609,4861.0,2996.0,0.52266085,0.0,False,1.0,non_human_findings,-1,0
506.tiff,find_and_suppress,610,1044.0,3364.0,0.52241915,0.0,False,1.0,non_human_findings,-1,0
506.tiff,find_and_suppress,611,5855.0,2192.0,0.5224154,0.0,False,1.0,non_human_findings,-1,0
506.tiff,find_and_suppress,612,1211.0,202.0,0.52238834,0.0,False,1.0,non_human_findings,-1,0
506.tiff,find_and_suppress,613,6702.0,2697.0,0.52237624,0.0,False,1.0,non_human_findings,-1,0
506.tiff,find_and_suppress,614,3933.0,4279.0,0.522324,0.0,False,1.0,non_human_findings,-1,0
506.tiff,find_and_suppress,615,5832.0,4488.0,0.5222552,0.0,False,1.0,non_human_findings,-1,0
506.tiff,find_and_suppress,616,4852.0,3592.0,0.5220431,0.0,False,1.0,non_human_findings,-1,0
506.tiff,find_and_suppress,617,4953.0,1382.0,0.5220092,0.0,False,1.0,non_human_findings,-1,0
506.tiff,find_and_suppress,618,5120.0,3166.0,0.5219489,0.0,False,1.0,non_human_findings,-1,0
506.tiff,find_and_suppress,619,2267.0,4421.0,0.521922,0.0,False,1.0,non_human_findings,-1,0
506.tiff,find_and_suppress,620,6120.0,1215.0,0.5216246,0.0,False,1.0,non_human_findings,-1,0
506.tiff,find_and_suppress,621,3736.0,1690.0,0.521545,0.0,False,1.0,non_human_findings,-1,0
506.tiff,find_and_suppress,622,5387.0,880.0,0.5214692,0.0,False,1.0,non_human_findings,-1,0
506.tiff,find_and_suppress,623,6005.0,5102.0,0.52146566,0.0,False,1.0,non_human_findings,-1,0
506.tiff,find_and_suppress,624,2931.0,5329.0,0.52146435,0.0,False,1.0,non_human_findings,-1,0
506.tiff,find_and_suppress,625,6935.0,4006.0,0.5213952,0.0,False,1.0,non_human_findings,-1,0
506.tiff,find_and_suppress,626,5348.0,1069.0,0.5213651,0.0,False,1.0,non_human_findings,-1,0
506.tiff,find_and_suppress,627,1715.0,359.0,0.5212835,0.0,False,1.0,non_human_findings,-1,0
506.tiff,find_and_suppress,628,2521.0,1951.0,0.5212057,0.0,False,1.0,non_human_findings,-1,0
506.tiff,find_and_suppress,629,2368.0,3938.0,0.5211941,0.0,False,1.0,non_human_findings,-1,0
506.tiff,find_and_suppress,630,2884.0,2908.0,0.5210765,0.0,False,1.0,non_human_findings,-1,0
506.tiff,find_and_suppress,631,3184.0,2061.0,0.5210618,0.0,False,1.0,non_human_findings,-1,0
506.tiff,find_and_suppress,632,3945.0,4410.0,0.52097636,0.0,False,1.0,non_human_findings,-1,0
506.tiff,find_and_suppress,633,1374.0,2852.0,0.5209064,0.0,False,1.0,non_human_findings,-1,0
506.tiff,find_and_suppress,634,4577.0,2968.0,0.5206861,0.0,False,1.0,non_human_findings,-1,0
506.tiff,find_and_suppress,635,1999.0,3541.0,0.5205918,0.0,False,1.0,non_human_findings,-1,0
506.tiff,find_and_suppress,636,2130.0,3215.0,0.52058274,0.0,False,1.0,non_human_findings,-1,0
506.tiff,find_and_suppress,637,1143.0,2386.0,0.52047133,0.0,False,1.0,non_human_findings,-1,0
506.tiff,find_and_suppress,638,4696.0,2297.0,0.5204503,0.0,False,1.0,non_human_findings,-1,0
506.tiff,find_and_suppress,639,1663.0,4503.0,0.5204392,0.0,False,1.0,non_human_findings,-1,0
506.tiff,find_and_suppress,640,6123.0,644.0,0.5203018,0.0,False,1.0,non_human_findings,-1,0
506.tiff,find_and_suppress,641,6401.0,4136.0,0.520294,0.0,False,1.0,non_human_findings,-1,0
506.tiff,find_and_suppress,642,2821.0,4666.0,0.5202729,0.0,False,1.0,non_human_findings,-1,0
506.tiff,find_and_suppress,643,2327.0,1648.0,0.5202703,0.0,False,1.0,non_human_findings,-1,0
506.tiff,find_and_suppress,644,5821.0,3352.0,0.52019846,0.0,False,1.0,non_human_findings,-1,0
506.tiff,find_and_suppress,645,2838.0,1788.0,0.5200547,0.0,False,1.0,non_human_findings,-1,0
506.tiff,find_and_suppress,646,2383.0,2143.0,0.52001727,0.0,False,1.0,non_human_findings,-1,0
506.tiff,find_and_suppress,647,2201.0,4900.0,0.5199886,0.0,False,1.0,non_human_findings,-1,0
506.tiff,find_and_suppress,648,541.0,1417.0,0.519874,0.0,False,1.0,non_human_findings,-1,0
506.tiff,find_and_suppress,649,5080.0,1677.0,0.51961887,0.0,False,1.0,non_human_findings,-1,0
506.tiff,find_and_suppress,650,6930.0,3465.0,0.51961404,0.0,False,1.0,non_human_findings,-1,0
506.tiff,find_and_suppress,651,462.0,385.0,0.5195525,0.0,False,1.0,non_human_findings,-1,0
506.tiff,find_and_suppress,652,2386.0,192.0,0.5195293,0.0,False,1.0,non_human_findings,-1,0
506.tiff,find_and_suppress,653,1586.0,2732.0,0.51940465,0.0,False,1.0,non_human_findings,-1,0
506.tiff,find_and_suppress,654,4116.0,2844.0,0.5192301,0.0,False,1.0,non_human_findings,-1,0
506.tiff,find_and_suppress,655,690.0,916.0,0.5190834,0.0,False,1.0,non_human_findings,-1,0
506.tiff,find_and_suppress,656,1051.0,175.0,0.5189042,0.0,False,1.0,non_human_findings,-1,0
506.tiff,find_and_suppress,657,6360.0,2665.0,0.518862,0.0,False,1.0,non_human_findings,-1,0
506.tiff,find_and_suppress,658,6275.0,4243.0,0.51882267,0.0,False,1.0,non_human_findings,-1,0
506.tiff,find_and_suppress,659,4727.0,2124.0,0.5187324,0.0,False,1.0,non_human_findings,-1,0
506.tiff,find_and_suppress,660,3736.0,4664.0,0.5187149,0.0,False,1.0,non_human_findings,-1,0
506.tiff,find_and_suppress,661,2405.0,1669.0,0.5186874,0.0,False,1.0,non_human_findings,-1,0
506.tiff,find_and_suppress,662,1115.0,3207.0,0.5186103,0.0,False,1.0,non_human_findings,-1,0
506.tiff,find_and_suppress,663,1745.0,1158.0,0.5185863,0.0,False,1.0,non_human_findings,-1,0
506.tiff,find_and_suppress,664,2969.0,1820.0,0.5185337,0.0,False,1.0,non_human_findings,-1,0
506.tiff,find_and_suppress,665,1593.0,1687.0,0.51850665,0.0,False,1.0,non_human_findings,-1,0
506.tiff,find_and_suppress,666,4869.0,2872.0,0.5183752,0.0,False,1.0,non_human_findings,-1,0
506.tiff,find_and_suppress,667,3016.0,5274.0,0.51830816,0.0,False,1.0,non_human_findings,-1,0
506.tiff,find_and_suppress,668,1238.0,1248.0,0.518203,0.0,False,1.0,non_human_findings,-1,0
506.tiff,find_and_suppress,669,1402.0,1538.0,0.5181925,0.0,False,1.0,non_human_findings,-1,0
506.tiff,find_and_suppress,670,6837.0,2839.0,0.51813793,0.0,False,1.0,non_human_findings,-1,0
506.tiff,find_and_suppress,671,1074.0,3335.0,0.5180992,0.0,False,1.0,non_human_findings,-1,0
506.tiff,find_and_suppress,672,2991.0,3296.0,0.5179758,0.0,False,1.0,non_human_findings,-1,0
506.tiff,find_and_suppress,673,1662.0,992.0,0.5179495,0.0,False,1.0,non_human_findings,-1,0
506.tiff,find_and_suppress,674,2075.0,5366.0,0.51793116,0.0,False,1.0,non_human_findings,-1,0
506.tiff,find_and_suppress,675,5628.0,1217.0,0.51781875,0.0,False,1.0,non_human_findings,-1,0
506.tiff,find_and_suppress,676,4490.0,4404.0,0.51759547,0.0,False,1.0,non_human_findings,-1,0
506.tiff,find_and_suppress,677,2111.0,3804.0,0.5175799,0.0,False,1.0,non_human_findings,-1,0
506.tiff,find_and_suppress,678,2786.0,901.0,0.5174694,0.0,False,1.0,non_human_findings,-1,0
506.tiff,find_and_suppress,679,1492.0,1538.0,0.51746726,0.0,False,1.0,non_human_findings,-1,0
506.tiff,find_and_suppress,680,4316.0,2475.0,0.5173714,0.0,False,1.0,non_human_findings,-1,0
506.tiff,find_and_suppress,681,1874.0,3860.0,0.5173686,0.0,False,1.0,non_human_findings,-1,0
506.tiff,find_and_suppress,682,2428.0,5003.0,0.5173648,0.0,False,1.0,non_human_findings,-1,0
506.tiff,find_and_suppress,683,1904.0,406.0,0.5173325,0.0,False,1.0,non_human_findings,-1,0
506.tiff,find_and_suppress,684,2152.0,2719.0,0.51732725,0.0,False,1.0,non_human_findings,-1,0
506.tiff,find_and_suppress,685,1911.0,2622.0,0.51731825,0.0,False,1.0,non_human_findings,-1,0
506.tiff,find_and_suppress,686,2694.0,2466.0,0.51727206,0.0,False,1.0,non_human_findings,-1,0
506.tiff,find_and_suppress,687,4263.0,576.0,0.5172485,0.0,False,1.0,human_correct_label,24230,1
506.tiff,find_and_suppress,688,5460.0,1541.0,0.51719004,0.0,False,1.0,non_human_findings,-1,0
506.tiff,find_and_suppress,689,1678.0,942.0,0.517043,0.0,False,1.0,non_human_findings,-1,0
506.tiff,find_and_suppress,690,1868.0,4678.0,0.5170284,0.0,False,1.0,non_human_findings,-1,0
506.tiff,find_and_suppress,691,2724.0,1639.0,0.5169909,0.0,False,1.0,non_human_findings,-1,0
506.tiff,find_and_suppress,692,384.0,1440.0,0.51698387,0.0,False,1.0,non_human_findings,-1,0
506.tiff,find_and_suppress,693,2008.0,2200.0,0.5169395,0.0,False,1.0,non_human_findings,-1,0
506.tiff,find_and_suppress,694,2440.0,211.0,0.51680076,0.0,False,1.0,non_human_findings,-1,0
506.tiff,find_and_suppress,695,5854.0,5011.0,0.5167095,0.0,False,1.0,non_human_findings,-1,0
506.tiff,find_and_suppress,696,5019.0,4581.0,0.51670295,0.0,False,1.0,non_human_findings,-1,0
506.tiff,find_and_suppress,697,4070.0,2978.0,0.51631,0.0,False,1.0,non_human_findings,-1,0
506.tiff,find_and_suppress,698,2123.0,1922.0,0.51627904,0.0,False,1.0,non_human_findings,-1,0
506.tiff,find_and_suppress,699,2978.0,2050.0,0.5161651,0.0,False,1.0,non_human_findings,-1,0
506.tiff,find_and_suppress,700,3349.0,2652.0,0.5161613,0.0,False,1.0,non_human_findings,-1,0
506.tiff,find_and_suppress,701,4421.0,2954.0,0.51615787,0.0,False,1.0,non_human_findings,-1,0
506.tiff,find_and_suppress,702,2094.0,4285.0,0.5161208,0.0,False,1.0,non_human_findings,-1,0
506.tiff,find_and_suppress,703,1677.0,4573.0,0.5160752,0.0,False,1.0,non_human_findings,-1,0
506.tiff,find_and_suppress,704,6615.0,4685.0,0.5160565,0.0,False,1.0,non_human_findings,-1,0
506.tiff,find_and_suppress,705,2994.0,4727.0,0.5160531,0.0,False,1.0,non_human_findings,-1,0
506.tiff,find_and_suppress,706,2178.0,536.0,0.51599866,0.0,False,1.0,non_human_findings,-1,0
506.tiff,find_and_suppress,707,1035.0,4271.0,0.51592535,0.0,False,1.0,non_human_findings,-1,0
506.tiff,find_and_suppress,708,6190.0,811.0,0.51590616,0.0,False,1.0,non_human_findings,-1,0
506.tiff,find_and_suppress,709,724.0,790.0,0.51575404,0.0,False,1.0,non_human_findings,-1,0
506.tiff,find_and_suppress,710,4254.0,3821.0,0.5156198,0.0,False,1.0,non_human_findings,-1,0
506.tiff,find_and_suppress,711,3897.0,2630.0,0.5154842,0.0,False,1.0,non_human_findings,-1,0
506.tiff,find_and_suppress,712,4500.0,3743.0,0.5154656,0.0,False,1.0,non_human_findings,-1,0
506.tiff,find_and_suppress,713,6638.0,1781.0,0.515409,0.0,False,1.0,non_human_findings,-1,0
506.tiff,find_and_suppress,714,6171.0,4577.0,0.5154057,0.0,False,1.0,non_human_findings,-1,0
506.tiff,find_and_suppress,715,4907.0,1526.0,0.51525956,0.0,False,1.0,non_human_findings,-1,0
506.tiff,find_and_suppress,716,1281.0,4002.0,0.515248,0.0,False,1.0,non_human_findings,-1,0
506.tiff,find_and_suppress,717,2291.0,1208.0,0.5152463,0.0,False,1.0,non_human_findings,-1,0
506.tiff,find_and_suppress,718,2369.0,1541.0,0.5152361,0.0,False,1.0,non_human_findings,-1,0
506.tiff,find_and_suppress,719,3072.0,3988.0,0.5150228,0.0,False,1.0,non_human_findings,-1,0
506.tiff,find_and_suppress,720,5778.0,1370.0,0.51481813,0.0,False,1.0,non_human_findings,-1,0
506.tiff,find_and_suppress,721,4376.0,3544.0,0.51478183,0.0,False,1.0,non_human_findings,-1,0
506.tiff,find_and_suppress,722,4090.0,2757.0,0.51470417,0.0,False,1.0,non_human_findings,-1,0
506.tiff,find_and_suppress,723,2665.0,5278.0,0.51407814,0.0,False,1.0,non_human_findings,-1,0
506.tiff,find_and_suppress,724,4833.0,3880.0,0.5140571,0.0,False,1.0,non_human_findings,-1,0
506.tiff,find_and_suppress,725,858.0,3823.0,0.5139409,0.0,False,1.0,non_human_findings,-1,0
506.tiff,find_and_suppress,726,690.0,2782.0,0.51392275,0.0,False,1.0,non_human_findings,-1,0
506.tiff,find_and_suppress,727,2106.0,3726.0,0.51389444,0.0,False,1.0,non_human_findings,-1,0
506.tiff,find_and_suppress,728,714.0,3320.0,0.513776,0.0,False,1.0,non_human_findings,-1,0
506.tiff,find_and_suppress,729,2510.0,3734.0,0.51373875,0.0,False,1.0,non_human_findings,-1,0
506.tiff,find_and_suppress,730,2954.0,4740.0,0.5136277,0.0,False,1.0,non_human_findings,-1,0
506.tiff,find_and_suppress,731,3194.0,3565.0,0.51353824,0.0,False,1.0,non_human_findings,-1,0
506.tiff,find_and_suppress,732,1246.0,1596.0,0.51352787,0.0,False,1.0,non_human_findings,-1,0
506.tiff,find_and_suppress,733,1076.0,1610.0,0.51341236,0.0,False,1.0,non_human_findings,-1,0
506.tiff,find_and_suppress,734,7156.0,5193.0,0.5133299,0.0,False,1.0,non_human_findings,-1,0
506.tiff,find_and_suppress,735,6786.0,888.0,0.51330346,0.0,False,1.0,non_human_findings,-1,0
506.tiff,find_and_suppress,736,458.0,615.0,0.5132892,0.0,False,1.0,non_human_findings,-1,0
506.tiff,find_and_suppress,737,6775.0,2504.0,0.51319325,0.0,False,1.0,non_human_findings,-1,0
506.tiff,find_and_suppress,738,2620.0,2499.0,0.51315284,0.0,False,1.0,non_human_findings,-1,0
506.tiff,find_and_suppress,739,3431.0,3768.0,0.513091,0.0,False,1.0,non_human_findings,-1,0
506.tiff,find_and_suppress,740,6836.0,5266.0,0.5130875,0.0,False,1.0,non_human_findings,-1,0
506.tiff,find_and_suppress,741,1441.0,764.0,0.51293343,0.0,False,1.0,non_human_findings,-1,0
506.tiff,find_and_suppress,742,3303.0,922.0,0.51274216,0.0,False,1.0,non_human_findings,-1,0
506.tiff,find_and_suppress,743,6508.0,2231.0,0.5126883,0.0,False,1.0,non_human_findings,-1,0
506.tiff,find_and_suppress,744,2323.0,5298.0,0.5126078,0.0,False,1.0,non_human_findings,-1,0
506.tiff,find_and_suppress,745,2662.0,4740.0,0.5125031,0.0,False,1.0,non_human_findings,-1,0
506.tiff,find_and_suppress,746,1511.0,2664.0,0.51247853,0.0,False,1.0,non_human_findings,-1,0
506.tiff,find_and_suppress,747,2827.0,1924.0,0.51247036,0.0,False,1.0,non_human_findings,-1,0
506.tiff,find_and_suppress,748,1392.0,1808.0,0.51234585,0.0,False,1.0,non_human_findings,-1,0
506.tiff,find_and_suppress,749,4698.0,5298.0,0.51210475,0.0,False,1.0,non_human_findings,-1,0
506.tiff,find_and_suppress,750,2371.0,5188.0,0.512022,0.0,False,1.0,non_human_findings,-1,0
506.tiff,find_and_suppress,751,2712.0,4663.0,0.5119725,0.0,False,1.0,non_human_findings,-1,0
506.tiff,find_and_suppress,752,4045.0,303.0,0.5119701,0.0,False,1.0,non_human_findings,-1,0
506.tiff,find_and_suppress,753,4133.0,3819.0,0.5119073,0.0,False,1.0,non_human_findings,-1,0
506.tiff,find_and_suppress,754,2155.0,2050.0,0.51186585,0.0,False,1.0,non_human_findings,-1,0
506.tiff,find_and_suppress,755,4164.0,2802.0,0.51176345,0.0,False,1.0,non_human_findings,-1,0
506.tiff,find_and_suppress,756,4484.0,3146.0,0.5115985,0.0,False,1.0,non_human_findings,-1,0
506.tiff,find_and_suppress,757,7051.0,5386.0,0.5115784,0.0,False,1.0,non_human_findings,-1,0
506.tiff,find_and_suppress,758,5176.0,4427.0,0.51154596,0.0,False,1.0,non_human_findings,-1,0
506.tiff,find_and_suppress,759,2304.0,3824.0,0.51140904,0.0,False,1.0,non_human_findings,-1,0
506.tiff,find_and_suppress,760,2054.0,2659.0,0.51138127,0.0,False,1.0,non_human_findings,-1,0
506.tiff,find_and_suppress,761,976.0,152.0,0.5113413,0.0,False,1.0,non_human_findings,-1,0
506.tiff,find_and_suppress,762,1440.0,1268.0,0.51133794,0.0,False,1.0,non_human_findings,-1,0
506.tiff,find_and_suppress,763,5232.0,4156.0,0.5111788,0.0,False,1.0,non_human_findings,-1,0
506.tiff,find_and_suppress,764,1824.0,3993.0,0.5111586,0.0,False,1.0,non_human_findings,-1,0
506.tiff,find_and_suppress,765,2626.0,4699.0,0.5109851,0.0,False,1.0,non_human_findings,-1,0
506.tiff,find_and_suppress,766,7101.0,390.0,0.51090693,0.0,False,1.0,non_human_findings,-1,0
506.tiff,find_and_suppress,767,3645.0,4906.0,0.5107308,0.0,False,1.0,non_human_findings,-1,0
506.tiff,find_and_suppress,768,4659.0,3940.0,0.51072395,0.0,False,1.0,non_human_findings,-1,0
506.tiff,find_and_suppress,769,1583.0,4720.0,0.51066864,0.0,False,1.0,non_human_findings,-1,0
506.tiff,find_and_suppress,770,4605.0,741.0,0.51060796,0.0,False,1.0,non_human_findings,-1,0
506.tiff,find_and_suppress,771,3018.0,1941.0,0.51054746,0.0,False,1.0,non_human_findings,-1,0
506.tiff,find_and_suppress,772,2792.0,4639.0,0.5105364,0.0,False,1.0,non_human_findings,-1,0
506.tiff,find_and_suppress,773,3962.0,1170.0,0.5104793,0.0,False,1.0,non_human_findings,-1,0
506.tiff,find_and_suppress,774,4746.0,2368.0,0.510453,0.0,False,1.0,non_human_findings,-1,0
506.tiff,find_and_suppress,775,3690.0,2529.0,0.5103399,0.0,False,1.0,non_human_findings,-1,0
506.tiff,find_and_suppress,776,7182.0,4632.0,0.51020956,0.0,False,1.0,non_human_findings,-1,0
506.tiff,find_and_suppress,777,2950.0,3228.0,0.51020575,0.0,False,1.0,non_human_findings,-1,0
506.tiff,find_and_suppress,778,5485.0,4323.0,0.5101233,0.0,False,1.0,non_human_findings,-1,0
506.tiff,find_and_suppress,779,4995.0,2861.0,0.5099676,0.0,False,1.0,non_human_findings,-1,0
506.tiff,find_and_suppress,780,1953.0,3102.0,0.50961167,0.0,False,1.0,non_human_findings,-1,0
506.tiff,find_and_suppress,781,4217.0,3131.0,0.50954753,0.0,False,1.0,non_human_findings,-1,0
506.tiff,find_and_suppress,782,4397.0,2502.0,0.5095442,0.0,False,1.0,non_human_findings,-1,0
506.tiff,find_and_suppress,783,5386.0,2404.0,0.5094056,0.0,False,1.0,non_human_findings,-1,0
506.tiff,find_and_suppress,784,4337.0,1252.0,0.50938994,0.0,False,1.0,non_human_findings,-1,0
506.tiff,find_and_suppress,785,4693.0,1303.0,0.5093751,0.0,False,1.0,non_human_findings,-1,0
506.tiff,find_and_suppress,786,4107.0,2653.0,0.5093405,0.0,False,1.0,non_human_findings,-1,0
506.tiff,find_and_suppress,787,1217.0,4350.0,0.5092039,0.0,False,1.0,non_human_findings,-1,0
506.tiff,find_and_suppress,788,4116.0,2003.0,0.50905824,0.0,False,1.0,non_human_findings,-1,0
506.tiff,find_and_suppress,789,2997.0,2534.0,0.5089812,0.0,False,1.0,non_human_findings,-1,0
506.tiff,find_and_suppress,790,7123.0,4750.0,0.50896204,0.0,False,1.0,non_human_findings,-1,0
506.tiff,find_and_suppress,791,2062.0,5111.0,0.5089568,0.0,False,1.0,non_human_findings,-1,0
506.tiff,find_and_suppress,792,6643.0,1958.0,0.5089409,0.0,False,1.0,non_human_findings,-1,0
506.tiff,find_and_suppress,793,6987.0,2655.0,0.5088009,0.0,False,1.0,non_human_findings,-1,0
506.tiff,find_and_suppress,794,4639.0,5382.0,0.50879025,0.0,False,1.0,non_human_findings,-1,0
506.tiff,find_and_suppress,795,4744.0,4534.0,0.50877196,0.0,False,1.0,non_human_findings,-1,0
506.tiff,find_and_suppress,796,5496.0,1212.0,0.5086942,0.0,False,1.0,non_human_findings,-1,0
506.tiff,find_and_suppress,797,6115.0,1680.0,0.50865,0.0,False,1.0,non_human_findings,-1,0
506.tiff,find_and_suppress,798,348.0,1282.0,0.50852495,0.0,False,1.0,non_human_findings,-1,0
506.tiff,find_and_suppress,799,3773.0,461.0,0.5083432,0.0,False,1.0,non_human_findings,-1,0
506.tiff,find_and_suppress,800,4863.0,1262.0,0.50830865,0.0,False,1.0,non_human_findings,-1,0
506.tiff,find_and_suppress,801,3549.0,2621.0,0.50821644,0.0,False,1.0,non_human_findings,-1,0
506.tiff,find_and_suppress,802,1603.0,3406.0,0.50812346,0.0,False,1.0,non_human_findings,-1,0
506.tiff,find_and_suppress,803,2757.0,4531.0,0.5081076,0.0,False,1.0,non_human_findings,-1,0
506.tiff,find_and_suppress,804,86.0,546.0,0.5080866,0.0,False,1.0,non_human_findings,-1,0
506.tiff,find_and_suppress,805,6317.0,2243.0,0.5080572,0.0,False,1.0,non_human_findings,-1,0
506.tiff,find_and_suppress,806,1489.0,4836.0,0.50804317,0.0,False,1.0,non_human_findings,-1,0
506.tiff,find_and_suppress,807,744.0,3093.0,0.5079596,0.0,False,1.0,non_human_findings,-1,0
506.tiff,find_and_suppress,808,4669.0,500.0,0.50790226,0.0,False,1.0,non_human_findings,-1,0
506.tiff,find_and_suppress,809,6180.0,2960.0,0.5078121,0.0,False,1.0,non_human_findings,-1,0
506.tiff,find_and_suppress,810,879.0,356.0,0.5077965,0.0,False,1.0,non_human_findings,-1,0
506.tiff,find_and_suppress,811,1099.0,2124.0,0.50776184,0.0,False,1.0,non_human_findings,-1,0
506.tiff,find_and_suppress,812,6076.0,523.0,0.5076249,0.0,False,1.0,non_human_findings,-1,0
506.tiff,find_and_suppress,813,2769.0,1151.0,0.50737286,0.0,False,1.0,non_human_findings,-1,0
506.tiff,find_and_suppress,814,4515.0,4526.0,0.5072655,0.0,False,1.0,non_human_findings,-1,0
506.tiff,find_and_suppress,815,3806.0,5018.0,0.5072353,0.0,False,1.0,non_human_findings,-1,0
506.tiff,find_and_suppress,816,4826.0,4261.0,0.50701404,0.0,False,1.0,non_human_findings,-1,0
506.tiff,find_and_suppress,817,1185.0,4577.0,0.50694096,0.0,False,1.0,non_human_findings,-1,0
506.tiff,find_and_suppress,818,4098.0,4639.0,0.50686944,0.0,False,1.0,non_human_findings,-1,0
506.tiff,find_and_suppress,819,6613.0,1934.0,0.50683993,0.0,False,1.0,non_human_findings,-1,0
506.tiff,find_and_suppress,820,5890.0,66.0,0.50663483,0.0,False,1.0,non_human_findings,-1,0
506.tiff,find_and_suppress,821,1475.0,723.0,0.5065607,0.0,False,1.0,non_human_findings,-1,0
506.tiff,find_and_suppress,822,5661.0,5182.0,0.5065467,0.0,False,1.0,non_human_findings,-1,0
506.tiff,find_and_suppress,823,2741.0,4371.0,0.50652283,0.0,False,1.0,non_human_findings,-1,0
506.tiff,find_and_suppress,824,6482.0,994.0,0.50633496,0.0,False,1.0,non_human_findings,-1,0
506.tiff,find_and_suppress,825,4615.0,2679.0,0.50628626,0.0,False,1.0,non_human_findings,-1,0
506.tiff,find_and_suppress,826,4132.0,558.0,0.5061655,0.0,False,1.0,non_human_findings,-1,0
506.tiff,find_and_suppress,827,996.0,2873.0,0.5061636,0.0,False,1.0,non_human_findings,-1,0
506.tiff,find_and_suppress,828,6872.0,1803.0,0.50599635,0.0,False,1.0,non_human_findings,-1,0
506.tiff,find_and_suppress,829,2735.0,1796.0,0.5059765,0.0,False,1.0,non_human_findings,-1,0
506.tiff,find_and_suppress,830,619.0,1625.0,0.5058567,0.0,False,1.0,non_human_findings,-1,0
506.tiff,find_and_suppress,831,5195.0,3190.0,0.50582844,0.0,False,1.0,non_human_findings,-1,0
506.tiff,find_and_suppress,832,5718.0,3532.0,0.5056343,0.0,False,1.0,non_human_findings,-1,0
506.tiff,find_and_suppress,833,5063.0,4199.0,0.50553757,0.0,False,1.0,non_human_findings,-1,0
506.tiff,find_and_suppress,834,196.0,2326.0,0.5055135,0.0,False,1.0,non_human_findings,-1,0
506.tiff,find_and_suppress,835,4051.0,5118.0,0.50549453,0.0,False,1.0,non_human_findings,-1,0
506.tiff,find_and_suppress,836,3048.0,3554.0,0.50538933,0.0,False,1.0,non_human_findings,-1,0
506.tiff,find_and_suppress,837,1967.0,4240.0,0.50533193,0.0,False,1.0,non_human_findings,-1,0
506.tiff,find_and_suppress,838,3180.0,1518.0,0.50526506,0.0,False,1.0,non_human_findings,-1,0
506.tiff,find_and_suppress,839,1311.0,4616.0,0.5052638,0.0,False,1.0,non_human_findings,-1,0
506.tiff,find_and_suppress,840,3776.0,2736.0,0.5052331,0.0,False,1.0,non_human_findings,-1,0
506.tiff,find_and_suppress,841,3915.0,108.0,0.5051645,0.0,False,1.0,non_human_findings,-1,0
506.tiff,find_and_suppress,842,1636.0,3499.0,0.50516367,0.0,False,1.0,non_human_findings,-1,0
506.tiff,find_and_suppress,843,5810.0,967.0,0.50514185,0.0,False,1.0,non_human_findings,-1,0
506.tiff,find_and_suppress,844,3257.0,2700.0,0.50511324,0.0,False,1.0,non_human_findings,-1,0
506.tiff,find_and_suppress,845,4650.0,2621.0,0.50496376,0.0,False,1.0,non_human_findings,-1,0
506.tiff,find_and_suppress,846,1547.0,1207.0,0.50481683,0.0,False,1.0,non_human_findings,-1,0
506.tiff,find_and_suppress,847,6549.0,4775.0,0.50477827,0.0,False,1.0,non_human_findings,-1,0
506.tiff,find_and_suppress,848,2344.0,2053.0,0.50471103,0.0,False,1.0,non_human_findings,-1,0
506.tiff,find_and_suppress,849,4877.0,657.0,0.50467104,0.0,False,1.0,non_human_findings,-1,0
506.tiff,find_and_suppress,850,4617.0,1490.0,0.5046076,0.0,False,1.0,non_human_findings,-1,0
506.tiff,find_and_suppress,851,315.0,1612.0,0.5044898,0.0,False,1.0,non_human_findings,-1,0
506.tiff,find_and_suppress,852,7100.0,265.0,0.5044817,0.0,False,1.0,non_human_findings,-1,0
506.tiff,find_and_suppress,853,2610.0,3500.0,0.5044258,0.0,False,1.0,non_human_findings,-1,0
506.tiff,find_and_suppress,854,6977.0,3068.0,0.50440717,0.0,False,1.0,non_human_findings,-1,0
506.tiff,find_and_suppress,855,6407.0,2461.0,0.5043824,0.0,False,1.0,non_human_findings,-1,0
506.tiff,find_and_suppress,856,2486.0,4868.0,0.5043647,0.0,False,1.0,non_human_findings,-1,0
506.tiff,find_and_suppress,857,1687.0,2228.0,0.50432354,0.0,False,1.0,non_human_findings,-1,0
506.tiff,find_and_suppress,858,5169.0,1752.0,0.504296,0.0,False,1.0,non_human_findings,-1,0
506.tiff,find_and_suppress,859,2198.0,1046.0,0.5042558,0.0,False,1.0,non_human_findings,-1,0
506.tiff,find_and_suppress,860,6113.0,5182.0,0.50425434,0.0,False,1.0,non_human_findings,-1,0
506.tiff,find_and_suppress,861,2529.0,907.0,0.50418943,0.0,False,1.0,non_human_findings,-1,0
506.tiff,find_and_suppress,862,1769.0,5153.0,0.50397617,0.0,False,1.0,non_human_findings,-1,0
506.tiff,find_and_suppress,863,6264.0,955.0,0.5038875,0.0,False,1.0,non_human_findings,-1,0
506.tiff,find_and_suppress,864,6708.0,5136.0,0.5037832,0.0,False,1.0,non_human_findings,-1,0
506.tiff,find_and_suppress,865,6914.0,2376.0,0.5037087,0.0,False,1.0,non_human_findings,-1,0
506.tiff,find_and_suppress,866,312.0,582.0,0.5035372,0.0,False,1.0,non_human_findings,-1,0
506.tiff,find_and_suppress,867,519.0,1326.0,0.503501,0.0,False,1.0,non_human_findings,-1,0
506.tiff,find_and_suppress,868,1218.0,4258.0,0.5033315,0.0,False,1.0,non_human_findings,-1,0
506.tiff,find_and_suppress,869,3058.0,5168.0,0.5033042,0.0,False,1.0,non_human_findings,-1,0
506.tiff,find_and_suppress,870,6646.0,3330.0,0.5031828,0.0,False,1.0,non_human_findings,-1,0
506.tiff,find_and_suppress,871,6376.0,2149.0,0.50307786,0.0,False,1.0,non_human_findings,-1,0
506.tiff,find_and_suppress,872,721.0,2844.0,0.5030322,0.0,False,1.0,non_human_findings,-1,0
506.tiff,find_and_suppress,873,1527.0,1701.0,0.50296885,0.0,False,1.0,non_human_findings,-1,0
506.tiff,find_and_suppress,874,887.0,1593.0,0.5028791,0.0,False,1.0,non_human_findings,-1,0
506.tiff,find_and_suppress,875,2274.0,1138.0,0.50282663,0.0,False,1.0,non_human_findings,-1,0
506.tiff,find_and_suppress,876,1103.0,2284.0,0.50278753,0.0,False,1.0,non_human_findings,-1,0
506.tiff,find_and_suppress,877,2309.0,2078.0,0.5026961,0.0,False,1.0,non_human_findings,-1,0
506.tiff,find_and_suppress,878,2370.0,1579.0,0.5026724,0.0,False,1.0,non_human_findings,-1,0
506.tiff,find_and_suppress,879,5920.0,5024.0,0.5026181,0.0,False,1.0,non_human_findings,-1,0
506.tiff,find_and_suppress,880,4009.0,1939.0,0.50243056,0.0,False,1.0,non_human_findings,-1,0
506.tiff,find_and_suppress,881,5046.0,1343.0,0.5024254,0.0,False,1.0,non_human_findings,-1,0
506.tiff,find_and_suppress,882,3236.0,2167.0,0.5024037,0.0,False,1.0,non_human_findings,-1,0
506.tiff,find_and_suppress,883,5501.0,127.0,0.50238097,0.0,False,1.0,non_human_findings,-1,0
506.tiff,find_and_suppress,884,3457.0,3089.0,0.5022098,0.0,False,1.0,non_human_findings,-1,0
506.tiff,find_and_suppress,885,1272.0,1001.0,0.5021914,0.0,False,1.0,non_human_findings,-1,0
506.tiff,find_and_suppress,886,4073.0,428.0,0.50211245,0.0,False,1.0,non_human_findings,-1,0
506.tiff,find_and_suppress,887,1828.0,5063.0,0.5020417,0.0,False,1.0,non_human_findings,-1,0
506.tiff,find_and_suppress,888,736.0,126.0,0.5019881,0.0,False,1.0,non_human_findings,-1,0
506.tiff,find_and_suppress,889,4578.0,529.0,0.50193334,0.0,False,1.0,non_human_findings,-1,0
506.tiff,find_and_suppress,890,60.0,1433.0,0.5018553,0.0,False,1.0,non_human_findings,-1,0
506.tiff,find_and_suppress,891,1179.0,3204.0,0.50179285,0.0,False,1.0,non_human_findings,-1,0
506.tiff,find_and_suppress,892,2437.0,4956.0,0.5017694,0.0,False,1.0,non_human_findings,-1,0
506.tiff,find_and_suppress,893,1624.0,4592.0,0.5016571,0.0,False,1.0,non_human_findings,-1,0
506.tiff,find_and_suppress,894,7141.0,3296.0,0.5016507,0.0,False,1.0,non_human_findings,-1,0
506.tiff,find_and_suppress,895,3805.0,2987.0,0.50159013,0.0,False,1.0,non_human_findings,-1,0
506.tiff,find_and_suppress,896,2414.0,3697.0,0.5014139,0.0,False,1.0,non_human_findings,-1,0
506.tiff,find_and_suppress,897,3323.0,1642.0,0.5013669,0.0,False,1.0,non_human_findings,-1,0
506.tiff,find_and_suppress,898,3913.0,545.0,0.50132245,0.0,False,1.0,non_human_findings,-1,0
506.tiff,find_and_suppress,899,4516.0,4950.0,0.50130755,0.0,False,1.0,non_human_findings,-1,0
506.tiff,find_and_suppress,900,1620.0,5319.0,0.5012662,0.0,False,1.0,non_human_findings,-1,0
506.tiff,find_and_suppress,901,2259.0,4528.0,0.50111043,0.0,False,1.0,non_human_findings,-1,0
506.tiff,find_and_suppress,902,1816.0,1377.0,0.50101274,0.0,False,1.0,non_human_findings,-1,0
506.tiff,find_and_suppress,903,3657.0,797.0,0.500887,0.0,False,1.0,non_human_findings,-1,0
506.tiff,find_and_suppress,904,6083.0,3286.0,0.5005672,0.0,False,1.0,non_human_findings,-1,0
506.tiff,find_and_suppress,905,2053.0,4660.0,0.50056154,0.0,False,1.0,non_human_findings,-1,0
506.tiff,find_and_suppress,906,3878.0,3587.0,0.5005534,0.0,False,1.0,non_human_findings,-1,0
506.tiff,find_and_suppress,907,1570.0,4216.0,0.5005073,0.0,False,1.0,non_human_findings,-1,0
506.tiff,find_and_suppress,908,1397.0,3677.0,0.5004028,0.0,False,1.0,non_human_findings,-1,0
506.tiff,find_and_suppress,909,4442.0,3252.0,0.50039506,0.0,False,1.0,non_human_findings,-1,0
506.tiff,find_and_suppress,910,489.0,897.0,0.5002722,0.0,False,1.0,non_human_findings,-1,0
506.tiff,find_and_suppress,911,6407.0,3613.0,0.50012654,0.0,False,1.0,non_human_findings,-1,0
506.tiff,find_and_suppress,912,1790.0,2581.0,0.5000789,0.0,False,1.0,non_human_findings,-1,0
506.tiff,find_and_suppress,913,6209.0,1043.0,0.5000047,0.0,False,1.0,non_human_findings,-1,0
350.tiff,find_and_suppress,0,4065.0,671.0,0.7241684,0.0,False,1.0,non_human_findings,-1,0
350.tiff,find_and_suppress,1,935.0,5154.0,0.71810687,0.0,False,1.0,non_human_findings,-1,0
350.tiff,find_and_suppress,2,3572.0,4867.0,0.71747994,0.0,False,1.0,non_human_findings,-1,0
350.tiff,find_and_suppress,3,5758.0,1627.0,0.70188856,0.0,False,1.0,non_human_findings,-1,0
350.tiff,find_and_suppress,4,6071.0,1222.0,0.69855255,0.0,False,1.0,non_human_findings,-1,0
350.tiff,find_and_suppress,5,1693.0,4839.0,0.6950813,0.0,False,1.0,non_human_findings,-1,0
350.tiff,find_and_suppress,6,1561.0,5344.0,0.69043475,0.0,False,1.0,non_human_findings,-1,0
350.tiff,find_and_suppress,7,945.0,5306.0,0.6904056,0.0,False,1.0,non_human_findings,-1,0
350.tiff,find_and_suppress,8,2902.0,764.0,0.6888242,0.0,False,1.0,non_human_findings,-1,0
350.tiff,find_and_suppress,9,1104.0,2106.0,0.683262,0.0,False,1.0,non_human_findings,-1,0
350.tiff,find_and_suppress,10,6944.0,1165.0,0.68179774,0.0,False,1.0,non_human_findings,-1,0
350.tiff,find_and_suppress,11,3104.0,4330.0,0.6804365,0.0,False,1.0,non_human_findings,-1,0
350.tiff,find_and_suppress,12,3616.0,1781.0,0.6792637,0.0,False,1.0,non_human_findings,-1,0
350.tiff,find_and_suppress,13,1596.0,3558.0,0.6763861,0.0,False,1.0,non_human_findings,-1,0
350.tiff,find_and_suppress,14,295.0,5065.0,0.67424124,0.0,False,1.0,non_human_findings,-1,0
350.tiff,find_and_suppress,15,3383.0,506.0,0.66784215,0.0,False,1.0,non_human_findings,-1,0
350.tiff,find_and_suppress,16,210.0,2173.0,0.66478306,0.0,False,1.0,non_human_findings,-1,0
350.tiff,find_and_suppress,17,2658.0,3498.0,0.6630469,0.0,False,1.0,non_human_findings,-1,0
350.tiff,find_and_suppress,18,4378.0,5321.0,0.6622901,0.0,False,1.0,non_human_findings,-1,0
350.tiff,find_and_suppress,19,1563.0,5154.0,0.65823424,0.0,False,1.0,non_human_findings,-1,0
350.tiff,find_and_suppress,20,2188.0,3437.0,0.65769976,0.0,False,1.0,non_human_findings,-1,0
350.tiff,find_and_suppress,21,2811.0,2784.0,0.65667355,0.0,False,1.0,non_human_findings,-1,0
350.tiff,find_and_suppress,22,4526.0,3969.0,0.656377,0.0,False,1.0,non_human_findings,-1,0
350.tiff,find_and_suppress,23,5940.0,3523.0,0.65536106,0.0,False,1.0,non_human_findings,-1,0
350.tiff,find_and_suppress,24,2444.0,1703.0,0.652538,0.0,False,1.0,non_human_findings,-1,0
350.tiff,find_and_suppress,25,3010.0,220.0,0.6515204,0.0,False,1.0,non_human_findings,-1,0
350.tiff,find_and_suppress,26,6108.0,4127.0,0.6514434,0.0,False,1.0,non_human_findings,-1,0
350.tiff,find_and_suppress,27,4965.0,647.0,0.6507412,0.0,False,1.0,non_human_findings,-1,0
350.tiff,find_and_suppress,28,983.0,4584.0,0.6498579,0.0,False,1.0,non_human_findings,-1,0
350.tiff,find_and_suppress,29,6963.0,2645.0,0.64934474,0.0,False,1.0,non_human_findings,-1,0
350.tiff,find_and_suppress,30,1116.0,3377.0,0.64788026,0.0,False,1.0,non_human_findings,-1,0
350.tiff,find_and_suppress,31,4160.0,2871.0,0.64461845,0.0,False,1.0,non_human_findings,-1,0
350.tiff,find_and_suppress,32,6124.0,3048.0,0.6434831,0.0,False,1.0,non_human_findings,-1,0
350.tiff,find_and_suppress,33,5461.0,88.0,0.64260393,0.0,False,1.0,non_human_findings,-1,0
350.tiff,find_and_suppress,34,3500.0,4923.0,0.64224213,0.0,False,1.0,non_human_findings,-1,0
350.tiff,find_and_suppress,35,1285.0,896.0,0.64100903,0.0,False,1.0,non_human_findings,-1,0
350.tiff,find_and_suppress,36,3574.0,2129.0,0.6402703,0.0,False,1.0,non_human_findings,-1,0
350.tiff,find_and_suppress,37,3466.0,1109.0,0.6400366,0.0,False,1.0,non_human_findings,-1,0
350.tiff,find_and_suppress,38,2975.0,216.0,0.6395361,0.0,False,1.0,non_human_findings,-1,0
350.tiff,find_and_suppress,39,3651.0,1368.0,0.63935053,0.0,False,1.0,non_human_findings,-1,0
350.tiff,find_and_suppress,40,1015.0,3921.0,0.63751346,0.0,False,1.0,non_human_findings,-1,0
350.tiff,find_and_suppress,41,3574.0,1388.0,0.6368021,0.0,False,1.0,non_human_findings,-1,0
350.tiff,find_and_suppress,42,5953.0,2653.0,0.6350293,0.0,False,1.0,non_human_findings,-1,0
350.tiff,find_and_suppress,43,524.0,3551.0,0.6342812,0.0,False,1.0,non_human_findings,-1,0
350.tiff,find_and_suppress,44,2864.0,354.0,0.63426816,0.0,False,1.0,non_human_findings,-1,0
350.tiff,find_and_suppress,45,7108.0,3420.0,0.6333766,0.0,False,1.0,non_human_findings,-1,0
350.tiff,find_and_suppress,46,3580.0,867.0,0.6324502,0.0,False,1.0,non_human_findings,-1,0
350.tiff,find_and_suppress,47,5527.0,4205.0,0.63087934,0.0,False,1.0,non_human_findings,-1,0
350.tiff,find_and_suppress,48,2637.0,3908.0,0.6307283,0.0,False,1.0,non_human_findings,-1,0
350.tiff,find_and_suppress,49,4553.0,2629.0,0.63056463,0.0,False,1.0,non_human_findings,-1,0
350.tiff,find_and_suppress,50,5822.0,2760.0,0.6305628,0.0,False,1.0,non_human_findings,-1,0
350.tiff,find_and_suppress,51,2279.0,1047.0,0.62967104,0.0,False,1.0,non_human_findings,-1,0
350.tiff,find_and_suppress,52,168.0,5008.0,0.62938946,0.0,False,1.0,non_human_findings,-1,0
350.tiff,find_and_suppress,53,6351.0,1470.0,0.6285177,0.0,False,1.0,non_human_findings,-1,0
350.tiff,find_and_suppress,54,5483.0,3021.0,0.6284533,0.0,False,1.0,non_human_findings,-1,0
350.tiff,find_and_suppress,55,7168.0,3418.0,0.624728,0.0,False,1.0,non_human_findings,-1,0
350.tiff,find_and_suppress,56,1744.0,3658.0,0.62366897,0.0,False,1.0,non_human_findings,-1,0
350.tiff,find_and_suppress,57,7098.0,5084.0,0.6217584,0.0,False,1.0,non_human_findings,-1,0
350.tiff,find_and_suppress,58,4676.0,4184.0,0.6206545,0.0,False,1.0,non_human_findings,-1,0
350.tiff,find_and_suppress,59,5667.0,3946.0,0.61967677,0.0,False,1.0,non_human_findings,-1,0
350.tiff,find_and_suppress,60,6990.0,2782.0,0.61937225,0.0,False,1.0,non_human_findings,-1,0
350.tiff,find_and_suppress,61,979.0,2839.0,0.6192371,0.0,False,1.0,non_human_findings,-1,0
350.tiff,find_and_suppress,62,4533.0,5138.0,0.61886543,0.0,False,1.0,non_human_findings,-1,0
350.tiff,find_and_suppress,63,3074.0,3990.0,0.61877066,0.0,False,1.0,non_human_findings,-1,0
350.tiff,find_and_suppress,64,2760.0,2712.0,0.61826956,0.0,False,1.0,non_human_findings,-1,0
350.tiff,find_and_suppress,65,273.0,4025.0,0.61748797,0.0,False,1.0,non_human_findings,-1,0
350.tiff,find_and_suppress,66,5567.0,1620.0,0.6171419,0.0,False,1.0,non_human_findings,-1,0
350.tiff,find_and_suppress,67,2384.0,4504.0,0.61707574,0.0,False,1.0,non_human_findings,-1,0
350.tiff,find_and_suppress,68,2718.0,40.0,0.6168689,0.0,False,1.0,non_human_findings,-1,0
350.tiff,find_and_suppress,69,761.0,1453.0,0.6165653,0.0,False,1.0,non_human_findings,-1,0
350.tiff,find_and_suppress,70,68.0,2485.0,0.61553603,0.0,False,1.0,non_human_findings,-1,0
350.tiff,find_and_suppress,71,6104.0,817.0,0.61443174,0.0,False,1.0,non_human_findings,-1,0
350.tiff,find_and_suppress,72,527.0,5314.0,0.613226,0.0,False,1.0,non_human_findings,-1,0
350.tiff,find_and_suppress,73,5123.0,2944.0,0.6119439,0.0,False,1.0,non_human_findings,-1,0
350.tiff,find_and_suppress,74,2246.0,1420.0,0.6114462,0.0,False,1.0,non_human_findings,-1,0
350.tiff,find_and_suppress,75,3281.0,306.0,0.6106439,0.0,False,1.0,non_human_findings,-1,0
350.tiff,find_and_suppress,76,4649.0,3468.0,0.610316,0.0,False,1.0,non_human_findings,-1,0
350.tiff,find_and_suppress,77,6076.0,895.0,0.6099662,0.0,False,1.0,non_human_findings,-1,0
350.tiff,find_and_suppress,78,3207.0,627.0,0.6098048,0.0,False,1.0,non_human_findings,-1,0
350.tiff,find_and_suppress,79,3431.0,1101.0,0.6095934,0.0,False,1.0,non_human_findings,-1,0
350.tiff,find_and_suppress,80,1350.0,77.0,0.6080571,0.0,False,1.0,non_human_findings,-1,0
350.tiff,find_and_suppress,81,6432.0,2112.0,0.6077289,0.0,False,1.0,non_human_findings,-1,0
350.tiff,find_and_suppress,82,6797.0,919.0,0.6074896,0.0,False,1.0,non_human_findings,-1,0
350.tiff,find_and_suppress,83,162.0,2379.0,0.6072751,0.0,False,1.0,non_human_findings,-1,0
350.tiff,find_and_suppress,84,2949.0,4630.0,0.6072594,0.0,False,1.0,non_human_findings,-1,0
350.tiff,find_and_suppress,85,4111.0,2381.0,0.6070576,0.0,False,1.0,non_human_findings,-1,0
350.tiff,find_and_suppress,86,3420.0,792.0,0.6070375,0.0,False,1.0,non_human_findings,-1,0
350.tiff,find_and_suppress,87,841.0,4927.0,0.60649896,0.0,False,1.0,non_human_findings,-1,0
350.tiff,find_and_suppress,88,6203.0,157.0,0.6059546,0.0,False,1.0,non_human_findings,-1,0
350.tiff,find_and_suppress,89,7165.0,120.0,0.60590994,0.0,False,1.0,non_human_findings,-1,0
350.tiff,find_and_suppress,90,1297.0,3614.0,0.6056577,0.0,False,1.0,non_human_findings,-1,0
350.tiff,find_and_suppress,91,3395.0,899.0,0.605653,0.0,False,1.0,non_human_findings,-1,0
350.tiff,find_and_suppress,92,4471.0,564.0,0.60559183,0.0,False,1.0,non_human_findings,-1,0
350.tiff,find_and_suppress,93,1877.0,4455.0,0.6053963,0.0,False,1.0,non_human_findings,-1,0
350.tiff,find_and_suppress,94,3764.0,585.0,0.6047896,0.0,False,1.0,non_human_findings,-1,0
350.tiff,find_and_suppress,95,5191.0,2862.0,0.60403645,0.0,False,1.0,non_human_findings,-1,0
350.tiff,find_and_suppress,96,824.0,1952.0,0.6034002,0.0,False,1.0,non_human_findings,-1,0
350.tiff,find_and_suppress,97,1056.0,5354.0,0.60304356,0.0,False,1.0,non_human_findings,-1,0
350.tiff,find_and_suppress,98,3293.0,877.0,0.60264987,0.0,False,1.0,non_human_findings,-1,0
350.tiff,find_and_suppress,99,6251.0,2566.0,0.6024456,0.0,False,1.0,non_human_findings,-1,0
350.tiff,find_and_suppress,100,5523.0,2734.0,0.60205626,0.0,False,1.0,non_human_findings,-1,0
350.tiff,find_and_suppress,101,615.0,2783.0,0.6017362,0.0,False,1.0,non_human_findings,-1,0
350.tiff,find_and_suppress,102,60.0,2723.0,0.60080016,0.0,False,1.0,non_human_findings,-1,0
350.tiff,find_and_suppress,103,1890.0,2525.0,0.6001929,0.0,False,1.0,non_human_findings,-1,0
350.tiff,find_and_suppress,104,6806.0,5275.0,0.6001604,0.0,False,1.0,non_human_findings,-1,0
350.tiff,find_and_suppress,105,3203.0,5305.0,0.59999615,0.0,False,1.0,non_human_findings,-1,0
350.tiff,find_and_suppress,106,586.0,2163.0,0.59996176,0.0,False,1.0,non_human_findings,-1,0
350.tiff,find_and_suppress,107,3243.0,3126.0,0.59916294,0.0,False,1.0,non_human_findings,-1,0
350.tiff,find_and_suppress,108,167.0,2590.0,0.59855723,0.0,False,1.0,non_human_findings,-1,0
350.tiff,find_and_suppress,109,1139.0,520.0,0.598477,0.0,False,1.0,non_human_findings,-1,0
350.tiff,find_and_suppress,110,3034.0,812.0,0.5974899,0.0,False,1.0,non_human_findings,-1,0
350.tiff,find_and_suppress,111,6563.0,5036.0,0.5959745,0.0,False,1.0,non_human_findings,-1,0
350.tiff,find_and_suppress,112,2133.0,1466.0,0.59578586,0.0,False,1.0,non_human_findings,-1,0
350.tiff,find_and_suppress,113,4795.0,988.0,0.5956975,0.0,False,1.0,non_human_findings,-1,0
350.tiff,find_and_suppress,114,2698.0,5224.0,0.59558463,0.0,False,1.0,non_human_findings,-1,0
350.tiff,find_and_suppress,115,2483.0,1708.0,0.59550583,0.0,False,1.0,non_human_findings,-1,0
350.tiff,find_and_suppress,116,6549.0,4755.0,0.5953325,0.0,False,1.0,non_human_findings,-1,0
350.tiff,find_and_suppress,117,5291.0,1512.0,0.5951969,0.0,False,1.0,non_human_findings,-1,0
350.tiff,find_and_suppress,118,3803.0,2633.0,0.59477293,0.0,False,1.0,non_human_findings,-1,0
350.tiff,find_and_suppress,119,5037.0,3088.0,0.5942295,0.0,False,1.0,non_human_findings,-1,0
350.tiff,find_and_suppress,120,5177.0,2291.0,0.5940536,0.0,False,1.0,non_human_findings,-1,0
350.tiff,find_and_suppress,121,5533.0,874.0,0.5923408,0.0,False,1.0,non_human_findings,-1,0
350.tiff,find_and_suppress,122,543.0,3437.0,0.59226745,0.0,False,1.0,non_human_findings,-1,0
350.tiff,find_and_suppress,123,5524.0,3002.0,0.59195614,0.0,False,1.0,non_human_findings,-1,0
350.tiff,find_and_suppress,124,2723.0,3304.0,0.5918508,0.0,False,1.0,non_human_findings,-1,0
350.tiff,find_and_suppress,125,436.0,3500.0,0.5918107,0.0,False,1.0,non_human_findings,-1,0
350.tiff,find_and_suppress,126,4972.0,4730.0,0.59107125,0.0,False,1.0,non_human_findings,-1,0
350.tiff,find_and_suppress,127,6484.0,2971.0,0.59037274,0.0,False,1.0,non_human_findings,-1,0
350.tiff,find_and_suppress,128,2531.0,453.0,0.59011745,0.0,False,1.0,non_human_findings,-1,0
350.tiff,find_and_suppress,129,6428.0,4204.0,0.5900352,0.0,False,1.0,non_human_findings,-1,0
350.tiff,find_and_suppress,130,2489.0,3612.0,0.5898774,0.0,False,1.0,non_human_findings,-1,0
350.tiff,find_and_suppress,131,6097.0,2558.0,0.5895449,0.0,False,1.0,non_human_findings,-1,0
350.tiff,find_and_suppress,132,5798.0,3833.0,0.5894404,0.0,False,1.0,non_human_findings,-1,0
350.tiff,find_and_suppress,133,5451.0,1213.0,0.5893805,0.0,False,1.0,non_human_findings,-1,0
350.tiff,find_and_suppress,134,2217.0,4064.0,0.58916146,0.0,False,1.0,non_human_findings,-1,0
350.tiff,find_and_suppress,135,4307.0,3865.0,0.5886703,0.0,False,1.0,non_human_findings,-1,0
350.tiff,find_and_suppress,136,6715.0,1250.0,0.5886462,0.0,False,1.0,non_human_findings,-1,0
350.tiff,find_and_suppress,137,6311.0,3255.0,0.588582,0.0,False,1.0,non_human_findings,-1,0
350.tiff,find_and_suppress,138,6571.0,906.0,0.588508,0.0,False,1.0,non_human_findings,-1,0
350.tiff,find_and_suppress,139,1516.0,4349.0,0.58847845,0.0,False,1.0,non_human_findings,-1,0
350.tiff,find_and_suppress,140,2403.0,615.0,0.58757025,0.0,False,1.0,non_human_findings,-1,0
350.tiff,find_and_suppress,141,5664.0,343.0,0.5875262,0.0,False,1.0,non_human_findings,-1,0
350.tiff,find_and_suppress,142,2081.0,1777.0,0.58737856,0.0,False,1.0,non_human_findings,-1,0
350.tiff,find_and_suppress,143,3064.0,2370.0,0.5871431,0.0,False,1.0,non_human_findings,-1,0
350.tiff,find_and_suppress,144,818.0,1846.0,0.58679026,0.0,False,1.0,non_human_findings,-1,0
350.tiff,find_and_suppress,145,3280.0,4992.0,0.5862855,0.0,False,1.0,non_human_findings,-1,0
350.tiff,find_and_suppress,146,2159.0,616.0,0.5857347,0.0,False,1.0,non_human_findings,-1,0
350.tiff,find_and_suppress,147,123.0,2370.0,0.58501375,0.0,False,1.0,non_human_findings,-1,0
350.tiff,find_and_suppress,148,6478.0,1087.0,0.58496845,0.0,False,1.0,non_human_findings,-1,0
350.tiff,find_and_suppress,149,6821.0,2245.0,0.58435875,0.0,False,1.0,non_human_findings,-1,0
350.tiff,find_and_suppress,150,549.0,1524.0,0.58416903,0.0,False,1.0,non_human_findings,-1,0
350.tiff,find_and_suppress,151,2561.0,3147.0,0.5836177,0.0,False,1.0,non_human_findings,-1,0
350.tiff,find_and_suppress,152,5939.0,4494.0,0.58361644,0.0,False,1.0,non_human_findings,-1,0
350.tiff,find_and_suppress,153,3038.0,1584.0,0.5835842,0.0,False,1.0,non_human_findings,-1,0
350.tiff,find_and_suppress,154,6945.0,4066.0,0.5832212,0.0,False,1.0,non_human_findings,-1,0
350.tiff,find_and_suppress,155,5523.0,1324.0,0.58298343,0.0,False,1.0,non_human_findings,-1,0
350.tiff,find_and_suppress,156,2106.0,180.0,0.58295554,0.0,False,1.0,non_human_findings,-1,0
350.tiff,find_and_suppress,157,3185.0,1199.0,0.5826837,0.0,False,1.0,non_human_findings,-1,0
350.tiff,find_and_suppress,158,4524.0,4102.0,0.5820532,0.0,False,1.0,non_human_findings,-1,0
350.tiff,find_and_suppress,159,1101.0,507.0,0.58195287,0.0,False,1.0,non_human_findings,-1,0
350.tiff,find_and_suppress,160,6639.0,2988.0,0.58140206,0.0,False,1.0,non_human_findings,-1,0
350.tiff,find_and_suppress,161,740.0,696.0,0.58119684,0.0,False,1.0,non_human_findings,-1,0
350.tiff,find_and_suppress,162,538.0,1479.0,0.5800991,0.0,False,1.0,non_human_findings,-1,0
350.tiff,find_and_suppress,163,4930.0,5285.0,0.5799354,0.0,False,1.0,non_human_findings,-1,0
350.tiff,find_and_suppress,164,2960.0,3490.0,0.5799201,0.0,False,1.0,non_human_findings,-1,0
350.tiff,find_and_suppress,165,4344.0,3745.0,0.5788771,0.0,False,1.0,non_human_findings,-1,0
350.tiff,find_and_suppress,166,3077.0,814.0,0.5783331,0.0,False,1.0,non_human_findings,-1,0
350.tiff,find_and_suppress,167,7183.0,5353.0,0.5780604,0.0,False,1.0,non_human_findings,-1,0
350.tiff,find_and_suppress,168,6634.0,4649.0,0.57766795,0.0,False,1.0,non_human_findings,-1,0
350.tiff,find_and_suppress,169,2092.0,1545.0,0.57691944,0.0,False,1.0,non_human_findings,-1,0
350.tiff,find_and_suppress,170,3080.0,2641.0,0.5765389,0.0,False,1.0,non_human_findings,-1,0
350.tiff,find_and_suppress,171,3475.0,4687.0,0.5760116,0.0,False,1.0,non_human_findings,-1,0
350.tiff,find_and_suppress,172,856.0,4861.0,0.5758685,0.0,False,1.0,non_human_findings,-1,0
350.tiff,find_and_suppress,173,806.0,3639.0,0.57577354,0.0,False,1.0,non_human_findings,-1,0
350.tiff,find_and_suppress,174,271.0,2583.0,0.57562244,0.0,False,1.0,non_human_findings,-1,0
350.tiff,find_and_suppress,175,1130.0,5120.0,0.57528627,0.0,False,1.0,non_human_findings,-1,0
350.tiff,find_and_suppress,176,581.0,3891.0,0.57510626,0.0,False,1.0,non_human_findings,-1,0
350.tiff,find_and_suppress,177,252.0,4941.0,0.57505083,0.0,False,1.0,non_human_findings,-1,0
350.tiff,find_and_suppress,178,1767.0,3493.0,0.5749818,0.0,False,1.0,non_human_findings,-1,0
350.tiff,find_and_suppress,179,3804.0,822.0,0.5746838,0.0,False,1.0,non_human_findings,-1,0
350.tiff,find_and_suppress,180,596.0,5124.0,0.57436913,0.0,False,1.0,non_human_findings,-1,0
350.tiff,find_and_suppress,181,3675.0,5343.0,0.57430047,0.0,False,1.0,non_human_findings,-1,0
350.tiff,find_and_suppress,182,3092.0,5357.0,0.5742575,0.0,False,1.0,non_human_findings,-1,0
350.tiff,find_and_suppress,183,3875.0,3082.0,0.5740597,0.0,False,1.0,non_human_findings,-1,0
350.tiff,find_and_suppress,184,277.0,1770.0,0.5740163,0.0,False,1.0,non_human_findings,-1,0
350.tiff,find_and_suppress,185,6563.0,4801.0,0.5735871,0.0,False,1.0,non_human_findings,-1,0
350.tiff,find_and_suppress,186,4989.0,3088.0,0.5732532,0.0,False,1.0,non_human_findings,-1,0
350.tiff,find_and_suppress,187,5039.0,4565.0,0.572651,0.0,False,1.0,non_human_findings,-1,0
350.tiff,find_and_suppress,188,2522.0,964.0,0.57255805,0.0,False,1.0,non_human_findings,-1,0
350.tiff,find_and_suppress,189,4423.0,2333.0,0.5725499,0.0,False,1.0,non_human_findings,-1,0
350.tiff,find_and_suppress,190,2386.0,997.0,0.5723413,0.0,False,1.0,non_human_findings,-1,0
350.tiff,find_and_suppress,191,3832.0,3257.0,0.5712327,0.0,False,1.0,non_human_findings,-1,0
350.tiff,find_and_suppress,192,3563.0,1208.0,0.5710485,0.0,False,1.0,non_human_findings,-1,0
350.tiff,find_and_suppress,193,1187.0,3547.0,0.57088965,0.0,False,1.0,non_human_findings,-1,0
350.tiff,find_and_suppress,194,6144.0,3839.0,0.5707935,0.0,False,1.0,non_human_findings,-1,0
350.tiff,find_and_suppress,195,3885.0,3040.0,0.5707241,0.0,False,1.0,non_human_findings,-1,0
350.tiff,find_and_suppress,196,3219.0,2650.0,0.5702142,0.0,False,1.0,non_human_findings,-1,0
350.tiff,find_and_suppress,197,4502.0,1142.0,0.56973726,0.0,False,1.0,non_human_findings,-1,0
350.tiff,find_and_suppress,198,4096.0,1020.0,0.5696865,0.0,False,1.0,non_human_findings,-1,0
350.tiff,find_and_suppress,199,2437.0,628.0,0.5694747,0.0,False,1.0,non_human_findings,-1,0
350.tiff,find_and_suppress,200,2330.0,3388.0,0.56931144,0.0,False,1.0,non_human_findings,-1,0
350.tiff,find_and_suppress,201,4105.0,3078.0,0.5690327,0.0,False,1.0,non_human_findings,-1,0
350.tiff,find_and_suppress,202,5237.0,678.0,0.5688634,0.0,False,1.0,non_human_findings,-1,0
350.tiff,find_and_suppress,203,4578.0,871.0,0.56878984,0.0,False,1.0,non_human_findings,-1,0
350.tiff,find_and_suppress,204,2082.0,1690.0,0.5686621,0.0,False,1.0,non_human_findings,-1,0
350.tiff,find_and_suppress,205,1069.0,92.0,0.5684335,0.0,False,1.0,non_human_findings,-1,0
350.tiff,find_and_suppress,206,6314.0,3198.0,0.56839067,0.0,False,1.0,non_human_findings,-1,0
350.tiff,find_and_suppress,207,2697.0,595.0,0.5681701,0.0,False,1.0,non_human_findings,-1,0
350.tiff,find_and_suppress,208,3090.0,1049.0,0.56802493,0.0,False,1.0,non_human_findings,-1,0
350.tiff,find_and_suppress,209,6606.0,1180.0,0.5675282,0.0,False,1.0,non_human_findings,-1,0
350.tiff,find_and_suppress,210,2477.0,2221.0,0.5673424,0.0,False,1.0,non_human_findings,-1,0
350.tiff,find_and_suppress,211,3861.0,2551.0,0.56725234,0.0,False,1.0,non_human_findings,-1,0
350.tiff,find_and_suppress,212,3942.0,791.0,0.5672269,0.0,False,1.0,non_human_findings,-1,0
350.tiff,find_and_suppress,213,7027.0,4741.0,0.5667359,0.0,False,1.0,non_human_findings,-1,0
350.tiff,find_and_suppress,214,5794.0,1627.0,0.5664099,0.0,False,1.0,non_human_findings,-1,0
350.tiff,find_and_suppress,215,6233.0,3285.0,0.56637645,0.0,False,1.0,non_human_findings,-1,0
350.tiff,find_and_suppress,216,3048.0,5174.0,0.56611276,0.0,False,1.0,non_human_findings,-1,0
350.tiff,find_and_suppress,217,6705.0,4008.0,0.56583905,0.0,False,1.0,non_human_findings,-1,0
350.tiff,find_and_suppress,218,5783.0,1454.0,0.56582236,0.0,False,1.0,non_human_findings,-1,0
350.tiff,find_and_suppress,219,5102.0,2357.0,0.5655776,0.0,False,1.0,non_human_findings,-1,0
350.tiff,find_and_suppress,220,740.0,3346.0,0.56505466,0.0,False,1.0,non_human_findings,-1,0
350.tiff,find_and_suppress,221,256.0,43.0,0.56500757,0.0,False,1.0,non_human_findings,-1,0
350.tiff,find_and_suppress,222,398.0,3379.0,0.5649904,0.0,False,1.0,non_human_findings,-1,0
350.tiff,find_and_suppress,223,5248.0,3288.0,0.56495374,0.0,False,1.0,non_human_findings,-1,0
350.tiff,find_and_suppress,224,1335.0,3456.0,0.5648699,0.0,False,1.0,non_human_findings,-1,0
350.tiff,find_and_suppress,225,4807.0,1306.0,0.56478745,0.0,False,1.0,non_human_findings,-1,0
350.tiff,find_and_suppress,226,5830.0,4927.0,0.56475335,0.0,False,1.0,non_human_findings,-1,0
350.tiff,find_and_suppress,227,3322.0,1570.0,0.5647124,0.0,False,1.0,non_human_findings,-1,0
350.tiff,find_and_suppress,228,1942.0,3283.0,0.56447965,0.0,False,1.0,non_human_findings,-1,0
350.tiff,find_and_suppress,229,4173.0,2824.0,0.5642996,0.0,False,1.0,non_human_findings,-1,0
350.tiff,find_and_suppress,230,2214.0,4907.0,0.5641209,0.0,False,1.0,non_human_findings,-1,0
350.tiff,find_and_suppress,231,3577.0,210.0,0.56304574,0.0,False,1.0,non_human_findings,-1,0
350.tiff,find_and_suppress,232,1534.0,4396.0,0.56287634,0.0,False,1.0,non_human_findings,-1,0
350.tiff,find_and_suppress,233,3798.0,353.0,0.5627724,0.0,False,1.0,non_human_findings,-1,0
350.tiff,find_and_suppress,234,314.0,4898.0,0.5627671,0.0,False,1.0,non_human_findings,-1,0
350.tiff,find_and_suppress,235,1542.0,1809.0,0.5625681,0.0,False,1.0,non_human_findings,-1,0
350.tiff,find_and_suppress,236,77.0,5202.0,0.56255746,0.0,False,1.0,non_human_findings,-1,0
350.tiff,find_and_suppress,237,704.0,753.0,0.56241757,0.0,False,1.0,non_human_findings,-1,0
350.tiff,find_and_suppress,238,3408.0,1614.0,0.5622818,0.0,False,1.0,non_human_findings,-1,0
350.tiff,find_and_suppress,239,3344.0,1319.0,0.5621692,0.0,False,1.0,non_human_findings,-1,0
350.tiff,find_and_suppress,240,2421.0,4714.0,0.5620535,0.0,False,1.0,non_human_findings,-1,0
350.tiff,find_and_suppress,241,1373.0,2047.0,0.56177896,0.0,False,1.0,non_human_findings,-1,0
350.tiff,find_and_suppress,242,1533.0,2972.0,0.56116486,0.0,False,1.0,non_human_findings,-1,0
350.tiff,find_and_suppress,243,3806.0,2085.0,0.56109536,0.0,False,1.0,non_human_findings,-1,0
350.tiff,find_and_suppress,244,1117.0,1052.0,0.5610475,0.0,False,1.0,non_human_findings,-1,0
350.tiff,find_and_suppress,245,2907.0,3760.0,0.56086314,0.0,False,1.0,non_human_findings,-1,0
350.tiff,find_and_suppress,246,5202.0,421.0,0.5607949,0.0,False,1.0,non_human_findings,-1,0
350.tiff,find_and_suppress,247,3231.0,2158.0,0.5607015,0.0,False,1.0,non_human_findings,-1,0
350.tiff,find_and_suppress,248,1234.0,662.0,0.56023484,0.0,False,1.0,non_human_findings,-1,0
350.tiff,find_and_suppress,249,4927.0,2833.0,0.55996174,0.0,False,1.0,non_human_findings,-1,0
350.tiff,find_and_suppress,250,6804.0,4871.0,0.55979466,0.0,False,1.0,non_human_findings,-1,0
350.tiff,find_and_suppress,251,2888.0,47.0,0.5597566,0.0,False,1.0,non_human_findings,-1,0
350.tiff,find_and_suppress,252,5348.0,4113.0,0.55971366,0.0,False,1.0,non_human_findings,-1,0
350.tiff,find_and_suppress,253,3186.0,2902.0,0.55952847,0.0,False,1.0,non_human_findings,-1,0
350.tiff,find_and_suppress,254,2091.0,120.0,0.55927545,0.0,False,1.0,non_human_findings,-1,0
350.tiff,find_and_suppress,255,3126.0,652.0,0.55902815,0.0,False,1.0,non_human_findings,-1,0
350.tiff,find_and_suppress,256,1919.0,3353.0,0.55873394,0.0,False,1.0,non_human_findings,-1,0
350.tiff,find_and_suppress,257,3804.0,2176.0,0.5587139,0.0,False,1.0,non_human_findings,-1,0
350.tiff,find_and_suppress,258,5614.0,652.0,0.55789644,0.0,False,1.0,non_human_findings,-1,0
350.tiff,find_and_suppress,259,4412.0,3486.0,0.55784625,0.0,False,1.0,non_human_findings,-1,0
350.tiff,find_and_suppress,260,2916.0,2996.0,0.557671,0.0,False,1.0,non_human_findings,-1,0
350.tiff,find_and_suppress,261,5548.0,454.0,0.5576523,0.0,False,1.0,non_human_findings,-1,0
350.tiff,find_and_suppress,262,885.0,5052.0,0.55756956,0.0,False,1.0,non_human_findings,-1,0
350.tiff,find_and_suppress,263,7144.0,2116.0,0.5574139,0.0,False,1.0,non_human_findings,-1,0
350.tiff,find_and_suppress,264,5233.0,2064.0,0.55732006,0.0,False,1.0,non_human_findings,-1,0
350.tiff,find_and_suppress,265,1008.0,4160.0,0.55731404,0.0,False,1.0,non_human_findings,-1,0
350.tiff,find_and_suppress,266,1035.0,5121.0,0.5572804,0.0,False,1.0,non_human_findings,-1,0
350.tiff,find_and_suppress,267,4158.0,1730.0,0.5572059,0.0,False,1.0,non_human_findings,-1,0
350.tiff,find_and_suppress,268,2616.0,1839.0,0.556903,0.0,False,1.0,non_human_findings,-1,0
350.tiff,find_and_suppress,269,2249.0,5199.0,0.5568159,0.0,False,1.0,non_human_findings,-1,0
350.tiff,find_and_suppress,270,7177.0,370.0,0.5567896,0.0,False,1.0,non_human_findings,-1,0
350.tiff,find_and_suppress,271,4890.0,4737.0,0.55677485,0.0,False,1.0,non_human_findings,-1,0
350.tiff,find_and_suppress,272,511.0,1241.0,0.55676264,0.0,False,1.0,non_human_findings,-1,0
350.tiff,find_and_suppress,273,6898.0,1311.0,0.55671614,0.0,False,1.0,non_human_findings,-1,0
350.tiff,find_and_suppress,274,1612.0,951.0,0.5566831,0.0,False,1.0,non_human_findings,-1,0
350.tiff,find_and_suppress,275,3446.0,1479.0,0.55664796,0.0,False,1.0,non_human_findings,-1,0
350.tiff,find_and_suppress,276,3467.0,4430.0,0.5566149,0.0,False,1.0,non_human_findings,-1,0
350.tiff,find_and_suppress,277,526.0,4249.0,0.5564917,0.0,False,1.0,non_human_findings,-1,0
350.tiff,find_and_suppress,278,265.0,3477.0,0.55641586,0.0,False,1.0,non_human_findings,-1,0
350.tiff,find_and_suppress,279,3995.0,507.0,0.556399,0.0,False,1.0,non_human_findings,-1,0
350.tiff,find_and_suppress,280,4647.0,5173.0,0.5563485,0.0,False,1.0,non_human_findings,-1,0
350.tiff,find_and_suppress,281,603.0,561.0,0.55634093,0.0,False,1.0,non_human_findings,-1,0
350.tiff,find_and_suppress,282,6082.0,3938.0,0.55623305,0.0,False,1.0,non_human_findings,-1,0
350.tiff,find_and_suppress,283,3388.0,3432.0,0.556077,0.0,False,1.0,non_human_findings,-1,0
350.tiff,find_and_suppress,284,312.0,3594.0,0.556071,0.0,False,1.0,non_human_findings,-1,0
350.tiff,find_and_suppress,285,6464.0,537.0,0.5559502,0.0,False,1.0,non_human_findings,-1,0
350.tiff,find_and_suppress,286,5253.0,2796.0,0.55594945,0.0,False,1.0,non_human_findings,-1,0
350.tiff,find_and_suppress,287,4385.0,2333.0,0.5559303,0.0,False,1.0,non_human_findings,-1,0
350.tiff,find_and_suppress,288,1874.0,2578.0,0.55592304,0.0,False,1.0,non_human_findings,-1,0
350.tiff,find_and_suppress,289,5119.0,1261.0,0.5555887,0.0,False,1.0,non_human_findings,-1,0
350.tiff,find_and_suppress,290,1318.0,1885.0,0.5555839,0.0,False,1.0,non_human_findings,-1,0
350.tiff,find_and_suppress,291,4772.0,4431.0,0.55545026,0.0,False,1.0,non_human_findings,-1,0
350.tiff,find_and_suppress,292,4132.0,906.0,0.55521524,0.0,False,1.0,non_human_findings,-1,0
350.tiff,find_and_suppress,293,6189.0,4274.0,0.55521446,0.0,False,1.0,non_human_findings,-1,0
350.tiff,find_and_suppress,294,2111.0,917.0,0.55515814,0.0,False,1.0,non_human_findings,-1,0
350.tiff,find_and_suppress,295,5101.0,504.0,0.5549359,0.0,False,1.0,non_human_findings,-1,0
350.tiff,find_and_suppress,296,892.0,2894.0,0.5549033,0.0,False,1.0,non_human_findings,-1,0
350.tiff,find_and_suppress,297,5276.0,533.0,0.5548959,0.0,False,1.0,non_human_findings,-1,0
350.tiff,find_and_suppress,298,6492.0,3281.0,0.5547471,0.0,False,1.0,non_human_findings,-1,0
350.tiff,find_and_suppress,299,498.0,3290.0,0.5546749,0.0,False,1.0,non_human_findings,-1,0
350.tiff,find_and_suppress,300,2316.0,3151.0,0.5546216,0.0,False,1.0,non_human_findings,-1,0
350.tiff,find_and_suppress,301,5099.0,5307.0,0.55432475,0.0,False,1.0,non_human_findings,-1,0
350.tiff,find_and_suppress,302,1754.0,2126.0,0.5542695,0.0,False,1.0,non_human_findings,-1,0
350.tiff,find_and_suppress,303,69.0,3773.0,0.554021,0.0,False,1.0,non_human_findings,-1,0
350.tiff,find_and_suppress,304,1028.0,3345.0,0.55399656,0.0,False,1.0,non_human_findings,-1,0
350.tiff,find_and_suppress,305,4539.0,4316.0,0.55392736,0.0,False,1.0,non_human_findings,-1,0
350.tiff,find_and_suppress,306,484.0,4538.0,0.55381054,0.0,False,1.0,non_human_findings,-1,0
350.tiff,find_and_suppress,307,3447.0,1393.0,0.55362356,0.0,False,1.0,non_human_findings,-1,0
350.tiff,find_and_suppress,308,749.0,3116.0,0.553588,0.0,False,1.0,non_human_findings,-1,0
350.tiff,find_and_suppress,309,1680.0,461.0,0.5535847,0.0,False,1.0,non_human_findings,-1,0
350.tiff,find_and_suppress,310,2798.0,5119.0,0.5534563,0.0,False,1.0,non_human_findings,-1,0
350.tiff,find_and_suppress,311,4815.0,2334.0,0.5532791,0.0,False,1.0,non_human_findings,-1,0
350.tiff,find_and_suppress,312,6714.0,1367.0,0.5528555,0.0,False,1.0,non_human_findings,-1,0
350.tiff,find_and_suppress,313,5416.0,3889.0,0.5521141,0.0,False,1.0,non_human_findings,-1,0
350.tiff,find_and_suppress,314,4399.0,560.0,0.5520428,0.0,False,1.0,non_human_findings,-1,0
350.tiff,find_and_suppress,315,5655.0,1876.0,0.55200213,0.0,False,1.0,non_human_findings,-1,0
350.tiff,find_and_suppress,316,6872.0,4776.0,0.5519946,0.0,False,1.0,non_human_findings,-1,0
350.tiff,find_and_suppress,317,2489.0,1020.0,0.551938,0.0,False,1.0,non_human_findings,-1,0
350.tiff,find_and_suppress,318,4809.0,2234.0,0.5518762,0.0,False,1.0,non_human_findings,-1,0
350.tiff,find_and_suppress,319,990.0,4405.0,0.551745,0.0,False,1.0,non_human_findings,-1,0
350.tiff,find_and_suppress,320,1356.0,3829.0,0.55172014,0.0,False,1.0,non_human_findings,-1,0
350.tiff,find_and_suppress,321,1264.0,4990.0,0.5513378,0.0,False,1.0,non_human_findings,-1,0
350.tiff,find_and_suppress,322,1238.0,1317.0,0.55124205,0.0,False,1.0,non_human_findings,-1,0
350.tiff,find_and_suppress,323,3906.0,313.0,0.55107754,0.0,False,1.0,non_human_findings,-1,0
350.tiff,find_and_suppress,324,5226.0,813.0,0.55085725,0.0,False,1.0,non_human_findings,-1,0
350.tiff,find_and_suppress,325,2827.0,1061.0,0.55063576,0.0,False,1.0,non_human_findings,-1,0
350.tiff,find_and_suppress,326,257.0,3738.0,0.5502951,0.0,False,1.0,non_human_findings,-1,0
350.tiff,find_and_suppress,327,2544.0,338.0,0.55022264,0.0,False,1.0,non_human_findings,-1,0
350.tiff,find_and_suppress,328,768.0,800.0,0.5497962,0.0,False,1.0,non_human_findings,-1,0
350.tiff,find_and_suppress,329,2484.0,2493.0,0.5496899,0.0,False,1.0,non_human_findings,-1,0
350.tiff,find_and_suppress,330,3573.0,1782.0,0.5492989,0.0,False,1.0,non_human_findings,-1,0
350.tiff,find_and_suppress,331,1694.0,3805.0,0.54907966,0.0,False,1.0,non_human_findings,-1,0
350.tiff,find_and_suppress,332,1509.0,3343.0,0.54906243,0.0,False,1.0,non_human_findings,-1,0
350.tiff,find_and_suppress,333,6237.0,5064.0,0.5490481,0.0,False,1.0,non_human_findings,-1,0
350.tiff,find_and_suppress,334,3998.0,1969.0,0.54888135,0.0,False,1.0,human_rejected_label,18162,2
350.tiff,find_and_suppress,335,1937.0,1733.0,0.5487442,0.0,False,1.0,non_human_findings,-1,0
350.tiff,find_and_suppress,336,621.0,515.0,0.5484751,0.0,False,1.0,non_human_findings,-1,0
350.tiff,find_and_suppress,337,482.0,1143.0,0.54839224,0.0,False,1.0,non_human_findings,-1,0
350.tiff,find_and_suppress,338,6702.0,2761.0,0.54824746,0.0,False,1.0,non_human_findings,-1,0
350.tiff,find_and_suppress,339,1115.0,2347.0,0.5482296,0.0,False,1.0,non_human_findings,-1,0
350.tiff,find_and_suppress,340,3354.0,889.0,0.54818714,0.0,False,1.0,non_human_findings,-1,0
350.tiff,find_and_suppress,341,5414.0,3474.0,0.5481713,0.0,False,1.0,non_human_findings,-1,0
350.tiff,find_and_suppress,342,345.0,451.0,0.5480146,0.0,False,1.0,non_human_findings,-1,0
350.tiff,find_and_suppress,343,7081.0,2630.0,0.54793584,0.0,False,1.0,non_human_findings,-1,0
350.tiff,find_and_suppress,344,2683.0,2908.0,0.5478937,0.0,False,1.0,non_human_findings,-1,0
350.tiff,find_and_suppress,345,4846.0,41.0,0.54781014,0.0,False,1.0,non_human_findings,-1,0
350.tiff,find_and_suppress,346,975.0,5057.0,0.54764366,0.0,False,1.0,non_human_findings,-1,0
350.tiff,find_and_suppress,347,3189.0,4359.0,0.5475959,0.0,False,1.0,non_human_findings,-1,0
350.tiff,find_and_suppress,348,1089.0,4840.0,0.5475665,0.0,False,1.0,non_human_findings,-1,0
350.tiff,find_and_suppress,349,708.0,5098.0,0.547432,0.0,False,1.0,non_human_findings,-1,0
350.tiff,find_and_suppress,350,4399.0,2015.0,0.5474302,0.0,False,1.0,non_human_findings,-1,0
350.tiff,find_and_suppress,351,2762.0,2385.0,0.54736984,0.0,False,1.0,non_human_findings,-1,0
350.tiff,find_and_suppress,352,1043.0,723.0,0.54728204,0.0,False,1.0,non_human_findings,-1,0
350.tiff,find_and_suppress,353,5960.0,5260.0,0.54699564,0.0,False,1.0,non_human_findings,-1,0
350.tiff,find_and_suppress,354,1555.0,4736.0,0.54685104,0.0,False,1.0,non_human_findings,-1,0
350.tiff,find_and_suppress,355,1558.0,3262.0,0.54676896,0.0,False,1.0,non_human_findings,-1,0
350.tiff,find_and_suppress,356,3074.0,611.0,0.54669833,0.0,False,1.0,non_human_findings,-1,0
350.tiff,find_and_suppress,357,2140.0,5124.0,0.54628766,0.0,False,1.0,non_human_findings,-1,0
350.tiff,find_and_suppress,358,4488.0,2781.0,0.546253,0.0,False,1.0,non_human_findings,-1,0
350.tiff,find_and_suppress,359,6336.0,156.0,0.54559445,0.0,False,1.0,non_human_findings,-1,0
350.tiff,find_and_suppress,360,6524.0,4430.0,0.5455899,0.0,False,1.0,non_human_findings,-1,0
350.tiff,find_and_suppress,361,3716.0,1588.0,0.54546255,0.0,False,1.0,non_human_findings,-1,0
350.tiff,find_and_suppress,362,6660.0,5231.0,0.5454622,0.0,False,1.0,non_human_findings,-1,0
350.tiff,find_and_suppress,363,5261.0,180.0,0.54531926,0.0,False,1.0,non_human_findings,-1,0
350.tiff,find_and_suppress,364,5391.0,1935.0,0.5447378,0.0,False,1.0,non_human_findings,-1,0
350.tiff,find_and_suppress,365,3573.0,2290.0,0.54470986,0.0,False,1.0,non_human_findings,-1,0
350.tiff,find_and_suppress,366,2062.0,4032.0,0.54468715,0.0,False,1.0,non_human_findings,-1,0
350.tiff,find_and_suppress,367,5568.0,2274.0,0.54462105,0.0,False,1.0,non_human_findings,-1,0
350.tiff,find_and_suppress,368,5602.0,3088.0,0.54449654,0.0,False,1.0,non_human_findings,-1,0
350.tiff,find_and_suppress,369,1933.0,653.0,0.54446054,0.0,False,1.0,non_human_findings,-1,0
350.tiff,find_and_suppress,370,7089.0,4043.0,0.5440927,0.0,False,1.0,non_human_findings,-1,0
350.tiff,find_and_suppress,371,1145.0,2697.0,0.5439049,0.0,False,1.0,non_human_findings,-1,0
350.tiff,find_and_suppress,372,2994.0,5291.0,0.54376554,0.0,False,1.0,non_human_findings,-1,0
350.tiff,find_and_suppress,373,2388.0,4851.0,0.54355735,0.0,False,1.0,non_human_findings,-1,0
350.tiff,find_and_suppress,374,1096.0,5343.0,0.5435473,0.0,False,1.0,non_human_findings,-1,0
350.tiff,find_and_suppress,375,5511.0,4840.0,0.5431586,0.0,False,1.0,non_human_findings,-1,0
350.tiff,find_and_suppress,376,2157.0,4347.0,0.54308605,0.0,False,1.0,non_human_findings,-1,0
350.tiff,find_and_suppress,377,2364.0,1098.0,0.543063,0.0,False,1.0,non_human_findings,-1,0
350.tiff,find_and_suppress,378,2125.0,3774.0,0.5430455,0.0,False,1.0,non_human_findings,-1,0
350.tiff,find_and_suppress,379,2007.0,1229.0,0.5429069,0.0,False,1.0,non_human_findings,-1,0
350.tiff,find_and_suppress,380,481.0,1560.0,0.54281235,0.0,False,1.0,non_human_findings,-1,0
350.tiff,find_and_suppress,381,4421.0,4757.0,0.5427611,0.0,False,1.0,non_human_findings,-1,0
350.tiff,find_and_suppress,382,4353.0,4084.0,0.5425438,0.0,False,1.0,non_human_findings,-1,0
350.tiff,find_and_suppress,383,3992.0,371.0,0.542488,0.0,False,1.0,non_human_findings,-1,0
350.tiff,find_and_suppress,384,558.0,1947.0,0.54227704,0.0,False,1.0,non_human_findings,-1,0
350.tiff,find_and_suppress,385,2046.0,3642.0,0.54222286,0.0,False,1.0,non_human_findings,-1,0
350.tiff,find_and_suppress,386,6892.0,4822.0,0.5422212,0.0,False,1.0,non_human_findings,-1,0
350.tiff,find_and_suppress,387,2196.0,2165.0,0.54182315,0.0,False,1.0,non_human_findings,-1,0
350.tiff,find_and_suppress,388,1717.0,694.0,0.5414028,0.0,False,1.0,non_human_findings,-1,0
350.tiff,find_and_suppress,389,5138.0,1192.0,0.5411613,0.0,False,1.0,non_human_findings,-1,0
350.tiff,find_and_suppress,390,3872.0,749.0,0.5411272,0.0,False,1.0,non_human_findings,-1,0
350.tiff,find_and_suppress,391,4866.0,952.0,0.5410578,0.0,False,1.0,non_human_findings,-1,0
350.tiff,find_and_suppress,392,3242.0,3988.0,0.54095125,0.0,False,1.0,non_human_findings,-1,0
350.tiff,find_and_suppress,393,2877.0,2846.0,0.54082835,0.0,False,1.0,non_human_findings,-1,0
350.tiff,find_and_suppress,394,6155.0,5153.0,0.5406,0.0,False,1.0,non_human_findings,-1,0
350.tiff,find_and_suppress,395,6272.0,1299.0,0.5405294,0.0,False,1.0,non_human_findings,-1,0
350.tiff,find_and_suppress,396,5196.0,3113.0,0.5405074,0.0,False,1.0,non_human_findings,-1,0
350.tiff,find_and_suppress,397,5972.0,697.0,0.54037064,0.0,False,1.0,non_human_findings,-1,0
350.tiff,find_and_suppress,398,4464.0,2207.0,0.5402672,0.0,False,1.0,non_human_findings,-1,0
350.tiff,find_and_suppress,399,1237.0,805.0,0.54026675,0.0,False,1.0,non_human_findings,-1,0
350.tiff,find_and_suppress,400,3915.0,2098.0,0.5400076,0.0,False,1.0,non_human_findings,-1,0
350.tiff,find_and_suppress,401,3161.0,532.0,0.5397554,0.0,False,1.0,human_rejected_label,18152,2
350.tiff,find_and_suppress,402,1277.0,802.0,0.539527,0.0,False,1.0,non_human_findings,-1,0
350.tiff,find_and_suppress,403,3892.0,2418.0,0.5394751,0.0,False,1.0,non_human_findings,-1,0
350.tiff,find_and_suppress,404,7116.0,2907.0,0.53941613,0.0,False,1.0,non_human_findings,-1,0
350.tiff,find_and_suppress,405,6755.0,1425.0,0.5394115,0.0,False,1.0,non_human_findings,-1,0
350.tiff,find_and_suppress,406,3029.0,4235.0,0.5393352,0.0,False,1.0,non_human_findings,-1,0
350.tiff,find_and_suppress,407,2287.0,3027.0,0.5388512,0.0,False,1.0,non_human_findings,-1,0
350.tiff,find_and_suppress,408,5200.0,4126.0,0.53865355,0.0,False,1.0,non_human_findings,-1,0
350.tiff,find_and_suppress,409,274.0,3317.0,0.5383621,0.0,False,1.0,non_human_findings,-1,0
350.tiff,find_and_suppress,410,1810.0,5032.0,0.53832006,0.0,False,1.0,non_human_findings,-1,0
350.tiff,find_and_suppress,411,2805.0,2493.0,0.53822774,0.0,False,1.0,non_human_findings,-1,0
350.tiff,find_and_suppress,412,1047.0,336.0,0.53821206,0.0,False,1.0,non_human_findings,-1,0
350.tiff,find_and_suppress,413,4807.0,2619.0,0.538193,0.0,False,1.0,non_human_findings,-1,0
350.tiff,find_and_suppress,414,6970.0,326.0,0.53784907,0.0,False,1.0,non_human_findings,-1,0
350.tiff,find_and_suppress,415,1441.0,672.0,0.53758883,0.0,False,1.0,non_human_findings,-1,0
350.tiff,find_and_suppress,416,4862.0,1682.0,0.53731245,0.0,False,1.0,non_human_findings,-1,0
350.tiff,find_and_suppress,417,232.0,3252.0,0.53727275,0.0,False,1.0,non_human_findings,-1,0
350.tiff,find_and_suppress,418,2125.0,3834.0,0.5370628,0.0,False,1.0,non_human_findings,-1,0
350.tiff,find_and_suppress,419,4448.0,3475.0,0.5369421,0.0,False,1.0,non_human_findings,-1,0
350.tiff,find_and_suppress,420,1850.0,5153.0,0.5368137,0.0,False,1.0,non_human_findings,-1,0
350.tiff,find_and_suppress,421,6435.0,4067.0,0.5367979,0.0,False,1.0,non_human_findings,-1,0
350.tiff,find_and_suppress,422,2956.0,2392.0,0.53679734,0.0,False,1.0,non_human_findings,-1,0
350.tiff,find_and_suppress,423,6497.0,2930.0,0.53678423,0.0,False,1.0,non_human_findings,-1,0
350.tiff,find_and_suppress,424,899.0,4660.0,0.53674555,0.0,False,1.0,non_human_findings,-1,0
350.tiff,find_and_suppress,425,4211.0,2421.0,0.53670394,0.0,False,1.0,non_human_findings,-1,0
350.tiff,find_and_suppress,426,1815.0,1743.0,0.5366561,0.0,False,1.0,non_human_findings,-1,0
350.tiff,find_and_suppress,427,2724.0,193.0,0.53660387,0.0,False,1.0,non_human_findings,-1,0
350.tiff,find_and_suppress,428,5946.0,2360.0,0.5364837,0.0,False,1.0,non_human_findings,-1,0
350.tiff,find_and_suppress,429,7151.0,1627.0,0.5364707,0.0,False,1.0,non_human_findings,-1,0
350.tiff,find_and_suppress,430,702.0,3586.0,0.536403,0.0,False,1.0,non_human_findings,-1,0
350.tiff,find_and_suppress,431,1393.0,4285.0,0.53635186,0.0,False,1.0,non_human_findings,-1,0
350.tiff,find_and_suppress,432,4379.0,1467.0,0.5363174,0.0,False,1.0,non_human_findings,-1,0
350.tiff,find_and_suppress,433,6573.0,4031.0,0.5362775,0.0,False,1.0,non_human_findings,-1,0
350.tiff,find_and_suppress,434,388.0,3246.0,0.53619796,0.0,False,1.0,non_human_findings,-1,0
350.tiff,find_and_suppress,435,1417.0,3294.0,0.5361641,0.0,False,1.0,non_human_findings,-1,0
350.tiff,find_and_suppress,436,5078.0,3648.0,0.5360469,0.0,False,1.0,non_human_findings,-1,0
350.tiff,find_and_suppress,437,1744.0,3133.0,0.5360363,0.0,False,1.0,non_human_findings,-1,0
350.tiff,find_and_suppress,438,6651.0,2788.0,0.53599715,0.0,False,1.0,non_human_findings,-1,0
350.tiff,find_and_suppress,439,5593.0,1558.0,0.5359808,0.0,False,1.0,non_human_findings,-1,0
350.tiff,find_and_suppress,440,1063.0,2857.0,0.5359149,0.0,False,1.0,non_human_findings,-1,0
350.tiff,find_and_suppress,441,4337.0,845.0,0.5358981,0.0,False,1.0,non_human_findings,-1,0
350.tiff,find_and_suppress,442,2892.0,478.0,0.5357196,0.0,False,1.0,non_human_findings,-1,0
350.tiff,find_and_suppress,443,2741.0,4755.0,0.5355627,0.0,False,1.0,non_human_findings,-1,0
350.tiff,find_and_suppress,444,4328.0,3193.0,0.5354706,0.0,False,1.0,non_human_findings,-1,0
350.tiff,find_and_suppress,445,1400.0,1113.0,0.5354395,0.0,False,1.0,non_human_findings,-1,0
350.tiff,find_and_suppress,446,5352.0,3551.0,0.53525877,0.0,False,1.0,non_human_findings,-1,0
350.tiff,find_and_suppress,447,5552.0,5090.0,0.53514,0.0,False,1.0,non_human_findings,-1,0
350.tiff,find_and_suppress,448,4347.0,4698.0,0.5351282,0.0,False,1.0,non_human_findings,-1,0
350.tiff,find_and_suppress,449,1746.0,1071.0,0.5351075,0.0,False,1.0,non_human_findings,-1,0
350.tiff,find_and_suppress,450,2434.0,3057.0,0.5349241,0.0,False,1.0,non_human_findings,-1,0
350.tiff,find_and_suppress,451,991.0,1078.0,0.534899,0.0,False,1.0,non_human_findings,-1,0
350.tiff,find_and_suppress,452,5718.0,3937.0,0.53481823,0.0,False,1.0,non_human_findings,-1,0
350.tiff,find_and_suppress,453,4970.0,3619.0,0.5347882,0.0,False,1.0,non_human_findings,-1,0
350.tiff,find_and_suppress,454,2535.0,5249.0,0.53478044,0.0,False,1.0,non_human_findings,-1,0
350.tiff,find_and_suppress,455,5620.0,4207.0,0.53445023,0.0,False,1.0,non_human_findings,-1,0
350.tiff,find_and_suppress,456,7130.0,3114.0,0.53441185,0.0,False,1.0,non_human_findings,-1,0
350.tiff,find_and_suppress,457,4445.0,4480.0,0.53439516,0.0,False,1.0,non_human_findings,-1,0
350.tiff,find_and_suppress,458,5174.0,4392.0,0.5343715,0.0,False,1.0,non_human_findings,-1,0
350.tiff,find_and_suppress,459,6501.0,1862.0,0.53434765,0.0,False,1.0,non_human_findings,-1,0
350.tiff,find_and_suppress,460,5428.0,443.0,0.5343172,0.0,False,1.0,non_human_findings,-1,0
350.tiff,find_and_suppress,461,4913.0,1522.0,0.53385645,0.0,False,1.0,non_human_findings,-1,0
350.tiff,find_and_suppress,462,5472.0,5234.0,0.5338194,0.0,False,1.0,non_human_findings,-1,0
350.tiff,find_and_suppress,463,2581.0,1184.0,0.5337526,0.0,False,1.0,non_human_findings,-1,0
350.tiff,find_and_suppress,464,1054.0,3987.0,0.53346276,0.0,False,1.0,non_human_findings,-1,0
350.tiff,find_and_suppress,465,5106.0,586.0,0.53334683,0.0,False,1.0,non_human_findings,-1,0
350.tiff,find_and_suppress,466,3886.0,1706.0,0.5332828,0.0,False,1.0,non_human_findings,-1,0
350.tiff,find_and_suppress,467,3611.0,2442.0,0.5329984,0.0,False,1.0,non_human_findings,-1,0
350.tiff,find_and_suppress,468,582.0,426.0,0.53284985,0.0,False,1.0,non_human_findings,-1,0
350.tiff,find_and_suppress,469,6259.0,2878.0,0.5328261,0.0,False,1.0,non_human_findings,-1,0
350.tiff,find_and_suppress,470,2571.0,471.0,0.53221846,0.0,False,1.0,non_human_findings,-1,0
350.tiff,find_and_suppress,471,2993.0,4770.0,0.53201014,0.0,False,1.0,non_human_findings,-1,0
350.tiff,find_and_suppress,472,3752.0,5212.0,0.5319537,0.0,False,1.0,non_human_findings,-1,0
350.tiff,find_and_suppress,473,301.0,2271.0,0.53193027,0.0,False,1.0,non_human_findings,-1,0
350.tiff,find_and_suppress,474,5184.0,4084.0,0.531882,0.0,False,1.0,non_human_findings,-1,0
350.tiff,find_and_suppress,475,1676.0,4093.0,0.5317469,0.0,False,1.0,non_human_findings,-1,0
350.tiff,find_and_suppress,476,229.0,3863.0,0.5316895,0.0,False,1.0,non_human_findings,-1,0
350.tiff,find_and_suppress,477,1088.0,4664.0,0.53166145,0.0,False,1.0,non_human_findings,-1,0
350.tiff,find_and_suppress,478,5376.0,2612.0,0.53158224,0.0,False,1.0,non_human_findings,-1,0
350.tiff,find_and_suppress,479,4045.0,2592.0,0.5315778,0.0,False,1.0,non_human_findings,-1,0
350.tiff,find_and_suppress,480,465.0,1289.0,0.5315558,0.0,False,1.0,non_human_findings,-1,0
350.tiff,find_and_suppress,481,1082.0,3116.0,0.531552,0.0,False,1.0,non_human_findings,-1,0
350.tiff,find_and_suppress,482,7102.0,503.0,0.53149885,0.0,False,1.0,non_human_findings,-1,0
350.tiff,find_and_suppress,483,6792.0,3249.0,0.5314288,0.0,False,1.0,non_human_findings,-1,0
350.tiff,find_and_suppress,484,4657.0,2820.0,0.5314247,0.0,False,1.0,non_human_findings,-1,0
350.tiff,find_and_suppress,485,5628.0,514.0,0.53116155,0.0,False,1.0,non_human_findings,-1,0
350.tiff,find_and_suppress,486,4501.0,4019.0,0.53108835,0.0,False,1.0,non_human_findings,-1,0
350.tiff,find_and_suppress,487,3357.0,4757.0,0.5309581,0.0,False,1.0,non_human_findings,-1,0
350.tiff,find_and_suppress,488,277.0,3015.0,0.5308735,0.0,False,1.0,non_human_findings,-1,0
350.tiff,find_and_suppress,489,1726.0,1171.0,0.53063273,0.0,False,1.0,non_human_findings,-1,0
350.tiff,find_and_suppress,490,2510.0,4921.0,0.5305358,0.0,False,1.0,non_human_findings,-1,0
350.tiff,find_and_suppress,491,3037.0,3512.0,0.53048307,0.0,False,1.0,non_human_findings,-1,0
350.tiff,find_and_suppress,492,6265.0,3773.0,0.5302985,0.0,False,1.0,non_human_findings,-1,0
350.tiff,find_and_suppress,493,2063.0,1941.0,0.5302575,0.0,False,1.0,non_human_findings,-1,0
350.tiff,find_and_suppress,494,4228.0,2835.0,0.5302399,0.0,False,1.0,non_human_findings,-1,0
350.tiff,find_and_suppress,495,6592.0,5336.0,0.52999365,0.0,False,1.0,non_human_findings,-1,0
350.tiff,find_and_suppress,496,1875.0,4913.0,0.52993447,0.0,False,1.0,non_human_findings,-1,0
350.tiff,find_and_suppress,497,53.0,5115.0,0.5299243,0.0,False,1.0,non_human_findings,-1,0
350.tiff,find_and_suppress,498,341.0,4324.0,0.5297072,0.0,False,1.0,non_human_findings,-1,0
350.tiff,find_and_suppress,499,998.0,1842.0,0.52962035,0.0,False,1.0,non_human_findings,-1,0
350.tiff,find_and_suppress,500,33.0,4280.0,0.5296174,0.0,False,1.0,non_human_findings,-1,0
350.tiff,find_and_suppress,501,6332.0,475.0,0.529616,0.0,False,1.0,non_human_findings,-1,0
350.tiff,find_and_suppress,502,5236.0,4241.0,0.52960247,0.0,False,1.0,non_human_findings,-1,0
350.tiff,find_and_suppress,503,3178.0,3261.0,0.5295906,0.0,False,1.0,non_human_findings,-1,0
350.tiff,find_and_suppress,504,3181.0,4319.0,0.52957547,0.0,False,1.0,non_human_findings,-1,0
350.tiff,find_and_suppress,505,4165.0,5140.0,0.5294742,0.0,False,1.0,non_human_findings,-1,0
350.tiff,find_and_suppress,506,3685.0,383.0,0.52939373,0.0,False,1.0,non_human_findings,-1,0
350.tiff,find_and_suppress,507,2728.0,530.0,0.5290986,0.0,False,1.0,non_human_findings,-1,0
350.tiff,find_and_suppress,508,2385.0,233.0,0.5290784,0.0,False,1.0,non_human_findings,-1,0
350.tiff,find_and_suppress,509,5260.0,4977.0,0.5287161,0.0,False,1.0,non_human_findings,-1,0
350.tiff,find_and_suppress,510,1018.0,2775.0,0.52855253,0.0,False,1.0,non_human_findings,-1,0
350.tiff,find_and_suppress,511,2957.0,91.0,0.5285069,0.0,False,1.0,non_human_findings,-1,0
350.tiff,find_and_suppress,512,4262.0,2070.0,0.52846724,0.0,False,1.0,non_human_findings,-1,0
350.tiff,find_and_suppress,513,5210.0,3827.0,0.528451,0.0,False,1.0,non_human_findings,-1,0
350.tiff,find_and_suppress,514,1703.0,3127.0,0.5284488,0.0,False,1.0,non_human_findings,-1,0
350.tiff,find_and_suppress,515,5128.0,4080.0,0.52835035,0.0,False,1.0,non_human_findings,-1,0
350.tiff,find_and_suppress,516,7162.0,4856.0,0.52824885,0.0,False,1.0,non_human_findings,-1,0
350.tiff,find_and_suppress,517,4753.0,2183.0,0.5281197,0.0,False,1.0,non_human_findings,-1,0
350.tiff,find_and_suppress,518,4314.0,4414.0,0.528032,0.0,False,1.0,non_human_findings,-1,0
350.tiff,find_and_suppress,519,6992.0,3586.0,0.5279563,0.0,False,1.0,non_human_findings,-1,0
350.tiff,find_and_suppress,520,6438.0,3324.0,0.52795106,0.0,False,1.0,non_human_findings,-1,0
350.tiff,find_and_suppress,521,6713.0,5108.0,0.52791345,0.0,False,1.0,non_human_findings,-1,0
350.tiff,find_and_suppress,522,6484.0,2787.0,0.5278994,0.0,False,1.0,non_human_findings,-1,0
350.tiff,find_and_suppress,523,6149.0,1460.0,0.5276963,0.0,False,1.0,non_human_findings,-1,0
350.tiff,find_and_suppress,524,5486.0,4897.0,0.52759445,0.0,False,1.0,non_human_findings,-1,0
350.tiff,find_and_suppress,525,6867.0,2176.0,0.5275408,0.0,False,1.0,non_human_findings,-1,0
350.tiff,find_and_suppress,526,3512.0,2730.0,0.5275008,0.0,False,1.0,non_human_findings,-1,0
350.tiff,find_and_suppress,527,164.0,384.0,0.52736074,0.0,False,1.0,non_human_findings,-1,0
350.tiff,find_and_suppress,528,3914.0,3090.0,0.52728677,0.0,False,1.0,non_human_findings,-1,0
350.tiff,find_and_suppress,529,5034.0,1442.0,0.5272212,0.0,False,1.0,non_human_findings,-1,0
350.tiff,find_and_suppress,530,7008.0,2203.0,0.5271002,0.0,False,1.0,non_human_findings,-1,0
350.tiff,find_and_suppress,531,3008.0,4469.0,0.5266417,0.0,False,1.0,non_human_findings,-1,0
350.tiff,find_and_suppress,532,2993.0,807.0,0.52657825,0.0,False,1.0,non_human_findings,-1,0
350.tiff,find_and_suppress,533,4578.0,522.0,0.5265175,0.0,False,1.0,non_human_findings,-1,0
350.tiff,find_and_suppress,534,3291.0,3464.0,0.52640986,0.0,False,1.0,non_human_findings,-1,0
350.tiff,find_and_suppress,535,182.0,2126.0,0.5263397,0.0,False,1.0,human_rejected_label,18158,2
350.tiff,find_and_suppress,536,5918.0,4888.0,0.52628374,0.0,False,1.0,non_human_findings,-1,0
350.tiff,find_and_suppress,537,3737.0,3747.0,0.526208,0.0,False,1.0,non_human_findings,-1,0
350.tiff,find_and_suppress,538,1035.0,565.0,0.5261817,0.0,False,1.0,non_human_findings,-1,0
350.tiff,find_and_suppress,539,1588.0,726.0,0.526179,0.0,False,1.0,non_human_findings,-1,0
350.tiff,find_and_suppress,540,7104.0,60.0,0.5261503,0.0,False,1.0,non_human_findings,-1,0
350.tiff,find_and_suppress,541,4487.0,2071.0,0.52613574,0.0,False,1.0,non_human_findings,-1,0
350.tiff,find_and_suppress,542,5797.0,538.0,0.5260623,0.0,False,1.0,non_human_findings,-1,0
350.tiff,find_and_suppress,543,7086.0,2390.0,0.5260519,0.0,False,1.0,non_human_findings,-1,0
350.tiff,find_and_suppress,544,6104.0,3998.0,0.5259082,0.0,False,1.0,non_human_findings,-1,0
350.tiff,find_and_suppress,545,7062.0,4744.0,0.52549505,0.0,False,1.0,non_human_findings,-1,0
350.tiff,find_and_suppress,546,2552.0,2775.0,0.52546966,0.0,False,1.0,non_human_findings,-1,0
350.tiff,find_and_suppress,547,1067.0,3539.0,0.52545005,0.0,False,1.0,non_human_findings,-1,0
350.tiff,find_and_suppress,548,4184.0,3998.0,0.5253717,0.0,False,1.0,non_human_findings,-1,0
350.tiff,find_and_suppress,549,4214.0,3653.0,0.52533734,0.0,False,1.0,non_human_findings,-1,0
350.tiff,find_and_suppress,550,5047.0,95.0,0.52528137,0.0,False,1.0,non_human_findings,-1,0
350.tiff,find_and_suppress,551,5261.0,4329.0,0.5252299,0.0,False,1.0,non_human_findings,-1,0
350.tiff,find_and_suppress,552,6973.0,788.0,0.5250956,0.0,False,1.0,non_human_findings,-1,0
350.tiff,find_and_suppress,553,2710.0,669.0,0.5250355,0.0,False,1.0,non_human_findings,-1,0
350.tiff,find_and_suppress,554,2107.0,963.0,0.5250091,0.0,False,1.0,non_human_findings,-1,0
350.tiff,find_and_suppress,555,6267.0,3213.0,0.52474815,0.0,False,1.0,non_human_findings,-1,0
350.tiff,find_and_suppress,556,6222.0,3775.0,0.5245662,0.0,False,1.0,non_human_findings,-1,0
350.tiff,find_and_suppress,557,5806.0,1508.0,0.52432966,0.0,False,1.0,non_human_findings,-1,0
350.tiff,find_and_suppress,558,2838.0,4255.0,0.5242144,0.0,False,1.0,non_human_findings,-1,0
350.tiff,find_and_suppress,559,1158.0,2007.0,0.5240415,0.0,False,1.0,non_human_findings,-1,0
350.tiff,find_and_suppress,560,517.0,4734.0,0.52397245,0.0,False,1.0,non_human_findings,-1,0
350.tiff,find_and_suppress,561,4819.0,3907.0,0.52395815,0.0,False,1.0,non_human_findings,-1,0
350.tiff,find_and_suppress,562,86.0,757.0,0.5238486,0.0,False,1.0,non_human_findings,-1,0
350.tiff,find_and_suppress,563,5146.0,4851.0,0.5237951,0.0,False,1.0,non_human_findings,-1,0
350.tiff,find_and_suppress,564,3466.0,3693.0,0.52379394,0.0,False,1.0,non_human_findings,-1,0
350.tiff,find_and_suppress,565,7121.0,2528.0,0.52365,0.0,False,1.0,non_human_findings,-1,0
350.tiff,find_and_suppress,566,419.0,2419.0,0.5235982,0.0,False,1.0,non_human_findings,-1,0
350.tiff,find_and_suppress,567,738.0,32.0,0.5235726,0.0,False,1.0,non_human_findings,-1,0
350.tiff,find_and_suppress,568,2938.0,1269.0,0.5235453,0.0,False,1.0,non_human_findings,-1,0
350.tiff,find_and_suppress,569,7187.0,1742.0,0.5234542,0.0,False,1.0,non_human_findings,-1,0
350.tiff,find_and_suppress,570,4789.0,614.0,0.52341783,0.0,False,1.0,non_human_findings,-1,0
350.tiff,find_and_suppress,571,4779.0,3088.0,0.5234067,0.0,False,1.0,non_human_findings,-1,0
350.tiff,find_and_suppress,572,3421.0,2008.0,0.52328956,0.0,False,1.0,non_human_findings,-1,0
350.tiff,find_and_suppress,573,6562.0,3386.0,0.52327955,0.0,False,1.0,non_human_findings,-1,0
350.tiff,find_and_suppress,574,5462.0,1583.0,0.5232002,0.0,False,1.0,non_human_findings,-1,0
350.tiff,find_and_suppress,575,3020.0,4984.0,0.5231041,0.0,False,1.0,non_human_findings,-1,0
350.tiff,find_and_suppress,576,1624.0,2742.0,0.5229016,0.0,False,1.0,non_human_findings,-1,0
350.tiff,find_and_suppress,577,7010.0,4413.0,0.52289945,0.0,False,1.0,non_human_findings,-1,0
350.tiff,find_and_suppress,578,6813.0,4079.0,0.5226102,0.0,False,1.0,non_human_findings,-1,0
350.tiff,find_and_suppress,579,180.0,4803.0,0.52257144,0.0,False,1.0,non_human_findings,-1,0
350.tiff,find_and_suppress,580,6424.0,3113.0,0.52253205,0.0,False,1.0,non_human_findings,-1,0
350.tiff,find_and_suppress,581,1700.0,1488.0,0.52236974,0.0,False,1.0,non_human_findings,-1,0
350.tiff,find_and_suppress,582,1489.0,2343.0,0.52236545,0.0,False,1.0,non_human_findings,-1,0
350.tiff,find_and_suppress,583,3662.0,2387.0,0.52231467,0.0,False,1.0,non_human_findings,-1,0
350.tiff,find_and_suppress,584,3522.0,1082.0,0.52225286,0.0,False,1.0,non_human_findings,-1,0
350.tiff,find_and_suppress,585,6915.0,3535.0,0.5222418,0.0,False,1.0,non_human_findings,-1,0
350.tiff,find_and_suppress,586,4632.0,3039.0,0.52221626,0.0,False,1.0,non_human_findings,-1,0
350.tiff,find_and_suppress,587,2467.0,4403.0,0.5221601,0.0,False,1.0,non_human_findings,-1,0
350.tiff,find_and_suppress,588,4976.0,3747.0,0.5221284,0.0,False,1.0,non_human_findings,-1,0
350.tiff,find_and_suppress,589,6803.0,1970.0,0.5220802,0.0,False,1.0,non_human_findings,-1,0
350.tiff,find_and_suppress,590,4395.0,304.0,0.52202284,0.0,False,1.0,non_human_findings,-1,0
350.tiff,find_and_suppress,591,887.0,2471.0,0.5220018,0.0,False,1.0,non_human_findings,-1,0
350.tiff,find_and_suppress,592,1746.0,3247.0,0.521991,0.0,False,1.0,non_human_findings,-1,0
350.tiff,find_and_suppress,593,2464.0,1462.0,0.52184165,0.0,False,1.0,non_human_findings,-1,0
350.tiff,find_and_suppress,594,6470.0,4499.0,0.5217286,0.0,False,1.0,non_human_findings,-1,0
350.tiff,find_and_suppress,595,5801.0,2158.0,0.52170545,0.0,False,1.0,non_human_findings,-1,0
350.tiff,find_and_suppress,596,2196.0,4586.0,0.5216068,0.0,False,1.0,non_human_findings,-1,0
350.tiff,find_and_suppress,597,3778.0,952.0,0.5215344,0.0,False,1.0,non_human_findings,-1,0
350.tiff,find_and_suppress,598,950.0,1079.0,0.5214424,0.0,False,1.0,non_human_findings,-1,0
350.tiff,find_and_suppress,599,684.0,1396.0,0.52142495,0.0,False,1.0,non_human_findings,-1,0
350.tiff,find_and_suppress,600,2389.0,4390.0,0.52136505,0.0,False,1.0,non_human_findings,-1,0
350.tiff,find_and_suppress,601,830.0,2212.0,0.52128065,0.0,False,1.0,non_human_findings,-1,0
350.tiff,find_and_suppress,602,1040.0,647.0,0.52126616,0.0,False,1.0,non_human_findings,-1,0
350.tiff,find_and_suppress,603,5711.0,2677.0,0.5211867,0.0,False,1.0,non_human_findings,-1,0
350.tiff,find_and_suppress,604,133.0,3723.0,0.5211798,0.0,False,1.0,non_human_findings,-1,0
350.tiff,find_and_suppress,605,4143.0,1979.0,0.5210246,0.0,False,1.0,non_human_findings,-1,0
350.tiff,find_and_suppress,606,2019.0,1912.0,0.52071697,0.0,False,1.0,non_human_findings,-1,0
350.tiff,find_and_suppress,607,5492.0,3425.0,0.52068335,0.0,False,1.0,non_human_findings,-1,0
350.tiff,find_and_suppress,608,1956.0,2420.0,0.520563,0.0,False,1.0,non_human_findings,-1,0
350.tiff,find_and_suppress,609,6698.0,3915.0,0.5205387,0.0,False,1.0,non_human_findings,-1,0
350.tiff,find_and_suppress,610,5383.0,2903.0,0.5205034,0.0,False,1.0,non_human_findings,-1,0
350.tiff,find_and_suppress,611,6463.0,3813.0,0.520284,0.0,False,1.0,non_human_findings,-1,0
350.tiff,find_and_suppress,612,148.0,2538.0,0.5202775,0.0,False,1.0,non_human_findings,-1,0
350.tiff,find_and_suppress,613,7112.0,2982.0,0.520143,0.0,False,1.0,non_human_findings,-1,0
350.tiff,find_and_suppress,614,3553.0,4962.0,0.52003753,0.0,False,1.0,non_human_findings,-1,0
350.tiff,find_and_suppress,615,1678.0,4488.0,0.5200141,0.0,False,1.0,non_human_findings,-1,0
350.tiff,find_and_suppress,616,6234.0,4415.0,0.51984066,0.0,False,1.0,non_human_findings,-1,0
350.tiff,find_and_suppress,617,4541.0,1251.0,0.5198145,0.0,False,1.0,non_human_findings,-1,0
350.tiff,find_and_suppress,618,2861.0,4633.0,0.5197928,0.0,False,1.0,non_human_findings,-1,0
350.tiff,find_and_suppress,619,6134.0,1507.0,0.5197053,0.0,False,1.0,non_human_findings,-1,0
350.tiff,find_and_suppress,620,522.0,656.0,0.51954836,0.0,False,1.0,non_human_findings,-1,0
350.tiff,find_and_suppress,621,1524.0,5341.0,0.51950413,0.0,False,1.0,non_human_findings,-1,0
350.tiff,find_and_suppress,622,1059.0,1877.0,0.519498,0.0,False,1.0,non_human_findings,-1,0
350.tiff,find_and_suppress,623,5698.0,2149.0,0.519478,0.0,False,1.0,non_human_findings,-1,0
350.tiff,find_and_suppress,624,4193.0,1798.0,0.5194498,0.0,False,1.0,non_human_findings,-1,0
350.tiff,find_and_suppress,625,2784.0,56.0,0.5194143,0.0,False,1.0,non_human_findings,-1,0
350.tiff,find_and_suppress,626,6987.0,555.0,0.5193694,0.0,False,1.0,non_human_findings,-1,0
350.tiff,find_and_suppress,627,6861.0,1720.0,0.5191866,0.0,False,1.0,non_human_findings,-1,0
350.tiff,find_and_suppress,628,1282.0,683.0,0.5191527,0.0,False,1.0,non_human_findings,-1,0
350.tiff,find_and_suppress,629,4112.0,3531.0,0.5191307,0.0,False,1.0,non_human_findings,-1,0
350.tiff,find_and_suppress,630,4595.0,3190.0,0.5189955,0.0,False,1.0,non_human_findings,-1,0
350.tiff,find_and_suppress,631,3248.0,2485.0,0.51894695,0.0,False,1.0,non_human_findings,-1,0
350.tiff,find_and_suppress,632,849.0,5051.0,0.5189052,0.0,False,1.0,non_human_findings,-1,0
350.tiff,find_and_suppress,633,4299.0,5036.0,0.51887816,0.0,False,1.0,non_human_findings,-1,0
350.tiff,find_and_suppress,634,753.0,1163.0,0.518709,0.0,False,1.0,non_human_findings,-1,0
350.tiff,find_and_suppress,635,1359.0,1879.0,0.5185206,0.0,False,1.0,non_human_findings,-1,0
350.tiff,find_and_suppress,636,4513.0,4530.0,0.5185187,0.0,False,1.0,non_human_findings,-1,0
350.tiff,find_and_suppress,637,6610.0,3402.0,0.51832235,0.0,False,1.0,non_human_findings,-1,0
350.tiff,find_and_suppress,638,7080.0,601.0,0.51812524,0.0,False,1.0,non_human_findings,-1,0
350.tiff,find_and_suppress,639,4558.0,1935.0,0.5180614,0.0,False,1.0,non_human_findings,-1,0
350.tiff,find_and_suppress,640,1173.0,1561.0,0.51805514,0.0,False,1.0,non_human_findings,-1,0
350.tiff,find_and_suppress,641,2012.0,2839.0,0.5180094,0.0,False,1.0,non_human_findings,-1,0
350.tiff,find_and_suppress,642,4450.0,435.0,0.5179892,0.0,False,1.0,non_human_findings,-1,0
350.tiff,find_and_suppress,643,916.0,1225.0,0.5179338,0.0,False,1.0,non_human_findings,-1,0
350.tiff,find_and_suppress,644,4647.0,1285.0,0.5178753,0.0,False,1.0,non_human_findings,-1,0
350.tiff,find_and_suppress,645,2488.0,5211.0,0.5174206,0.0,False,1.0,non_human_findings,-1,0
350.tiff,find_and_suppress,646,4048.0,5228.0,0.5173891,0.0,False,1.0,non_human_findings,-1,0
350.tiff,find_and_suppress,647,1453.0,2626.0,0.5173156,0.0,False,1.0,non_human_findings,-1,0
350.tiff,find_and_suppress,648,2392.0,2674.0,0.51729995,0.0,False,1.0,non_human_findings,-1,0
350.tiff,find_and_suppress,649,3313.0,4939.0,0.51724714,0.0,False,1.0,non_human_findings,-1,0
350.tiff,find_and_suppress,650,4489.0,4096.0,0.517238,0.0,False,1.0,non_human_findings,-1,0
350.tiff,find_and_suppress,651,1893.0,4815.0,0.5170933,0.0,False,1.0,non_human_findings,-1,0
350.tiff,find_and_suppress,652,6875.0,1866.0,0.5170759,0.0,False,1.0,non_human_findings,-1,0
350.tiff,find_and_suppress,653,4072.0,1434.0,0.5170577,0.0,False,1.0,non_human_findings,-1,0
350.tiff,find_and_suppress,654,326.0,5187.0,0.51704913,0.0,False,1.0,non_human_findings,-1,0
350.tiff,find_and_suppress,655,4770.0,4121.0,0.5168765,0.0,False,1.0,non_human_findings,-1,0
350.tiff,find_and_suppress,656,1144.0,1873.0,0.51685834,0.0,False,1.0,non_human_findings,-1,0
350.tiff,find_and_suppress,657,2023.0,5111.0,0.5167718,0.0,False,1.0,non_human_findings,-1,0
350.tiff,find_and_suppress,658,3601.0,3562.0,0.51676923,0.0,False,1.0,non_human_findings,-1,0
350.tiff,find_and_suppress,659,4823.0,169.0,0.5167081,0.0,False,1.0,non_human_findings,-1,0
350.tiff,find_and_suppress,660,747.0,1303.0,0.51650536,0.0,False,1.0,non_human_findings,-1,0
350.tiff,find_and_suppress,661,2322.0,1139.0,0.516374,0.0,False,1.0,non_human_findings,-1,0
350.tiff,find_and_suppress,662,6683.0,1050.0,0.5162627,0.0,False,1.0,non_human_findings,-1,0
350.tiff,find_and_suppress,663,4511.0,2363.0,0.5162485,0.0,False,1.0,non_human_findings,-1,0
350.tiff,find_and_suppress,664,236.0,5274.0,0.51615274,0.0,False,1.0,non_human_findings,-1,0
350.tiff,find_and_suppress,665,2294.0,3384.0,0.5161165,0.0,False,1.0,non_human_findings,-1,0
350.tiff,find_and_suppress,666,3055.0,1101.0,0.5160741,0.0,False,1.0,non_human_findings,-1,0
350.tiff,find_and_suppress,667,6828.0,944.0,0.5159542,0.0,False,1.0,non_human_findings,-1,0
350.tiff,find_and_suppress,668,7155.0,2611.0,0.5159445,0.0,False,1.0,non_human_findings,-1,0
350.tiff,find_and_suppress,669,5290.0,3796.0,0.51590073,0.0,False,1.0,non_human_findings,-1,0
350.tiff,find_and_suppress,670,2903.0,3895.0,0.5158635,0.0,False,1.0,non_human_findings,-1,0
350.tiff,find_and_suppress,671,511.0,5099.0,0.5158229,0.0,False,1.0,non_human_findings,-1,0
350.tiff,find_and_suppress,672,3156.0,4370.0,0.5157289,0.0,False,1.0,non_human_findings,-1,0
350.tiff,find_and_suppress,673,2447.0,78.0,0.5156268,0.0,False,1.0,non_human_findings,-1,0
350.tiff,find_and_suppress,674,2063.0,3317.0,0.51549053,0.0,False,1.0,non_human_findings,-1,0
350.tiff,find_and_suppress,675,2178.0,2833.0,0.5154735,0.0,False,1.0,non_human_findings,-1,0
350.tiff,find_and_suppress,676,1594.0,5380.0,0.51534337,0.0,False,1.0,non_human_findings,-1,0
350.tiff,find_and_suppress,677,6882.0,1564.0,0.51529884,0.0,False,1.0,non_human_findings,-1,0
350.tiff,find_and_suppress,678,2072.0,1990.0,0.515276,0.0,False,1.0,non_human_findings,-1,0
350.tiff,find_and_suppress,679,970.0,136.0,0.5152254,0.0,False,1.0,non_human_findings,-1,0
350.tiff,find_and_suppress,680,4732.0,4532.0,0.51518303,0.0,False,1.0,non_human_findings,-1,0
350.tiff,find_and_suppress,681,5632.0,4693.0,0.5151795,0.0,False,1.0,non_human_findings,-1,0
350.tiff,find_and_suppress,682,2361.0,700.0,0.5149996,0.0,False,1.0,non_human_findings,-1,0
350.tiff,find_and_suppress,683,495.0,355.0,0.5149641,0.0,False,1.0,non_human_findings,-1,0
350.tiff,find_and_suppress,684,3871.0,176.0,0.51475215,0.0,False,1.0,non_human_findings,-1,0
350.tiff,find_and_suppress,685,5477.0,3637.0,0.5147135,0.0,False,1.0,non_human_findings,-1,0
350.tiff,find_and_suppress,686,6113.0,5137.0,0.5146853,0.0,False,1.0,non_human_findings,-1,0
350.tiff,find_and_suppress,687,3190.0,1590.0,0.51467115,0.0,False,1.0,non_human_findings,-1,0
350.tiff,find_and_suppress,688,1540.0,1430.0,0.51461786,0.0,False,1.0,non_human_findings,-1,0
350.tiff,find_and_suppress,689,1365.0,4878.0,0.51459455,0.0,False,1.0,non_human_findings,-1,0
350.tiff,find_and_suppress,690,1391.0,5237.0,0.5145714,0.0,False,1.0,non_human_findings,-1,0
350.tiff,find_and_suppress,691,2258.0,3009.0,0.5145518,0.0,False,1.0,non_human_findings,-1,0
350.tiff,find_and_suppress,692,3411.0,107.0,0.5145281,0.0,False,1.0,non_human_findings,-1,0
350.tiff,find_and_suppress,693,2036.0,1726.0,0.51450664,0.0,False,1.0,non_human_findings,-1,0
350.tiff,find_and_suppress,694,793.0,1778.0,0.5144896,0.0,False,1.0,non_human_findings,-1,0
350.tiff,find_and_suppress,695,1743.0,4870.0,0.51445657,0.0,False,1.0,non_human_findings,-1,0
350.tiff,find_and_suppress,696,507.0,875.0,0.5143987,0.0,False,1.0,non_human_findings,-1,0
350.tiff,find_and_suppress,697,5345.0,5019.0,0.51437044,0.0,False,1.0,non_human_findings,-1,0
350.tiff,find_and_suppress,698,1111.0,162.0,0.5142552,0.0,False,1.0,non_human_findings,-1,0
350.tiff,find_and_suppress,699,3150.0,5149.0,0.51424235,0.0,False,1.0,non_human_findings,-1,0
350.tiff,find_and_suppress,700,1370.0,1490.0,0.5139017,0.0,False,1.0,non_human_findings,-1,0
350.tiff,find_and_suppress,701,6452.0,4635.0,0.5137927,0.0,False,1.0,non_human_findings,-1,0
350.tiff,find_and_suppress,702,5661.0,897.0,0.5137317,0.0,False,1.0,non_human_findings,-1,0
350.tiff,find_and_suppress,703,3594.0,4013.0,0.5136688,0.0,False,1.0,non_human_findings,-1,0
350.tiff,find_and_suppress,704,5522.0,662.0,0.51366836,0.0,False,1.0,non_human_findings,-1,0
350.tiff,find_and_suppress,705,6326.0,4619.0,0.5136188,0.0,False,1.0,non_human_findings,-1,0
350.tiff,find_and_suppress,706,2322.0,4497.0,0.51354104,0.0,False,1.0,non_human_findings,-1,0
350.tiff,find_and_suppress,707,1392.0,80.0,0.513488,0.0,False,1.0,non_human_findings,-1,0
350.tiff,find_and_suppress,708,2078.0,588.0,0.5133512,0.0,False,1.0,non_human_findings,-1,0
350.tiff,find_and_suppress,709,3829.0,191.0,0.51332676,0.0,False,1.0,non_human_findings,-1,0
350.tiff,find_and_suppress,710,2385.0,2809.0,0.5132257,0.0,False,1.0,non_human_findings,-1,0
350.tiff,find_and_suppress,711,6832.0,2302.0,0.51321524,0.0,False,1.0,non_human_findings,-1,0
350.tiff,find_and_suppress,712,60.0,4495.0,0.51319677,0.0,False,1.0,non_human_findings,-1,0
350.tiff,find_and_suppress,713,2220.0,1467.0,0.5131176,0.0,False,1.0,non_human_findings,-1,0
350.tiff,find_and_suppress,714,5974.0,3086.0,0.5131047,0.0,False,1.0,non_human_findings,-1,0
350.tiff,find_and_suppress,715,931.0,3927.0,0.51304543,0.0,False,1.0,non_human_findings,-1,0
350.tiff,find_and_suppress,716,6187.0,2299.0,0.51301247,0.0,False,1.0,non_human_findings,-1,0
350.tiff,find_and_suppress,717,6984.0,3226.0,0.5129841,0.0,False,1.0,non_human_findings,-1,0
350.tiff,find_and_suppress,718,5542.0,4000.0,0.5129181,0.0,False,1.0,non_human_findings,-1,0
350.tiff,find_and_suppress,719,7071.0,3337.0,0.51280504,0.0,False,1.0,non_human_findings,-1,0
350.tiff,find_and_suppress,720,937.0,237.0,0.51277494,0.0,False,1.0,non_human_findings,-1,0
350.tiff,find_and_suppress,721,2574.0,80.0,0.5127402,0.0,False,1.0,non_human_findings,-1,0
350.tiff,find_and_suppress,722,5149.0,4329.0,0.51272106,0.0,False,1.0,non_human_findings,-1,0
350.tiff,find_and_suppress,723,1559.0,457.0,0.512601,0.0,False,1.0,non_human_findings,-1,0
350.tiff,find_and_suppress,724,5337.0,2570.0,0.5125993,0.0,False,1.0,non_human_findings,-1,0
350.tiff,find_and_suppress,725,4498.0,4143.0,0.51244086,0.0,False,1.0,non_human_findings,-1,0
350.tiff,find_and_suppress,726,3466.0,5268.0,0.5123812,0.0,False,1.0,non_human_findings,-1,0
350.tiff,find_and_suppress,727,1523.0,4838.0,0.5123467,0.0,False,1.0,non_human_findings,-1,0
350.tiff,find_and_suppress,728,3470.0,3993.0,0.51232296,0.0,False,1.0,non_human_findings,-1,0
350.tiff,find_and_suppress,729,3506.0,174.0,0.5122699,0.0,False,1.0,non_human_findings,-1,0
350.tiff,find_and_suppress,730,1238.0,31.0,0.51222456,0.0,False,1.0,non_human_findings,-1,0
350.tiff,find_and_suppress,731,278.0,5180.0,0.5122168,0.0,False,1.0,non_human_findings,-1,0
350.tiff,find_and_suppress,732,358.0,5089.0,0.51215255,0.0,False,1.0,non_human_findings,-1,0
350.tiff,find_and_suppress,733,4941.0,2999.0,0.51203203,0.0,False,1.0,non_human_findings,-1,0
350.tiff,find_and_suppress,734,1602.0,4587.0,0.512002,0.0,False,1.0,non_human_findings,-1,0
350.tiff,find_and_suppress,735,4477.0,1806.0,0.51197916,0.0,False,1.0,non_human_findings,-1,0
350.tiff,find_and_suppress,736,4236.0,3930.0,0.511979,0.0,False,1.0,non_human_findings,-1,0
350.tiff,find_and_suppress,737,596.0,3363.0,0.51196396,0.0,False,1.0,non_human_findings,-1,0
350.tiff,find_and_suppress,738,5162.0,438.0,0.51184577,0.0,False,1.0,non_human_findings,-1,0
350.tiff,find_and_suppress,739,1216.0,1556.0,0.51178205,0.0,False,1.0,non_human_findings,-1,0
350.tiff,find_and_suppress,740,2673.0,388.0,0.51176584,0.0,False,1.0,non_human_findings,-1,0
350.tiff,find_and_suppress,741,1913.0,1423.0,0.5116944,0.0,False,1.0,human_correct_label,18156,1
350.tiff,find_and_suppress,742,936.0,3330.0,0.5116202,0.0,False,1.0,non_human_findings,-1,0
350.tiff,find_and_suppress,743,4255.0,3653.0,0.51161397,0.0,False,1.0,non_human_findings,-1,0
350.tiff,find_and_suppress,744,5819.0,4063.0,0.51153076,0.0,False,1.0,non_human_findings,-1,0
350.tiff,find_and_suppress,745,2435.0,1884.0,0.5113672,0.0,False,1.0,non_human_findings,-1,0
350.tiff,find_and_suppress,746,448.0,3241.0,0.5113259,0.0,False,1.0,non_human_findings,-1,0
350.tiff,find_and_suppress,747,2413.0,1609.0,0.51124805,0.0,False,1.0,non_human_findings,-1,0
350.tiff,find_and_suppress,748,1352.0,719.0,0.51120585,0.0,False,1.0,non_human_findings,-1,0
350.tiff,find_and_suppress,749,6946.0,450.0,0.5112057,0.0,False,1.0,non_human_findings,-1,0
350.tiff,find_and_suppress,750,1505.0,2833.0,0.51116246,0.0,False,1.0,non_human_findings,-1,0
350.tiff,find_and_suppress,751,3574.0,2884.0,0.5111179,0.0,False,1.0,non_human_findings,-1,0
350.tiff,find_and_suppress,752,3060.0,4983.0,0.51107967,0.0,False,1.0,non_human_findings,-1,0
350.tiff,find_and_suppress,753,1965.0,4342.0,0.5110729,0.0,False,1.0,non_human_findings,-1,0
350.tiff,find_and_suppress,754,1521.0,2056.0,0.511056,0.0,False,1.0,non_human_findings,-1,0
350.tiff,find_and_suppress,755,900.0,1928.0,0.51095724,0.0,False,1.0,non_human_findings,-1,0
350.tiff,find_and_suppress,756,4538.0,2572.0,0.510957,0.0,False,1.0,non_human_findings,-1,0
350.tiff,find_and_suppress,757,6236.0,2980.0,0.51090163,0.0,False,1.0,non_human_findings,-1,0
350.tiff,find_and_suppress,758,141.0,896.0,0.5108969,0.0,False,1.0,non_human_findings,-1,0
350.tiff,find_and_suppress,759,1949.0,4400.0,0.5108358,0.0,False,1.0,non_human_findings,-1,0
350.tiff,find_and_suppress,760,7052.0,3516.0,0.510824,0.0,False,1.0,non_human_findings,-1,0
350.tiff,find_and_suppress,761,657.0,135.0,0.51082236,0.0,False,1.0,non_human_findings,-1,0
350.tiff,find_and_suppress,762,844.0,1207.0,0.5108182,0.0,False,1.0,non_human_findings,-1,0
350.tiff,find_and_suppress,763,4669.0,931.0,0.5107852,0.0,False,1.0,non_human_findings,-1,0
350.tiff,find_and_suppress,764,2893.0,4588.0,0.5107326,0.0,False,1.0,non_human_findings,-1,0
350.tiff,find_and_suppress,765,3741.0,3595.0,0.51072514,0.0,False,1.0,non_human_findings,-1,0
350.tiff,find_and_suppress,766,2128.0,3508.0,0.51070106,0.0,False,1.0,non_human_findings,-1,0
350.tiff,find_and_suppress,767,4649.0,5320.0,0.5106999,0.0,False,1.0,non_human_findings,-1,0
350.tiff,find_and_suppress,768,2276.0,888.0,0.5106887,0.0,False,1.0,non_human_findings,-1,0
350.tiff,find_and_suppress,769,4286.0,3747.0,0.5106733,0.0,False,1.0,non_human_findings,-1,0
350.tiff,find_and_suppress,770,1801.0,2665.0,0.5106449,0.0,False,1.0,non_human_findings,-1,0
350.tiff,find_and_suppress,771,6764.0,1378.0,0.51056826,0.0,False,1.0,non_human_findings,-1,0
350.tiff,find_and_suppress,772,2690.0,3142.0,0.51055443,0.0,False,1.0,non_human_findings,-1,0
350.tiff,find_and_suppress,773,1532.0,250.0,0.51054764,0.0,False,1.0,non_human_findings,-1,0
350.tiff,find_and_suppress,774,1269.0,3565.0,0.51047033,0.0,False,1.0,non_human_findings,-1,0
350.tiff,find_and_suppress,775,5743.0,1666.0,0.51013607,0.0,False,1.0,non_human_findings,-1,0
350.tiff,find_and_suppress,776,2051.0,3028.0,0.51006424,0.0,False,1.0,non_human_findings,-1,0
350.tiff,find_and_suppress,777,3444.0,1615.0,0.5100539,0.0,False,1.0,non_human_findings,-1,0
350.tiff,find_and_suppress,778,5283.0,3719.0,0.5099278,0.0,False,1.0,non_human_findings,-1,0
350.tiff,find_and_suppress,779,6080.0,436.0,0.50974834,0.0,False,1.0,non_human_findings,-1,0
350.tiff,find_and_suppress,780,6256.0,3042.0,0.5096776,0.0,False,1.0,non_human_findings,-1,0
350.tiff,find_and_suppress,781,1149.0,196.0,0.5096373,0.0,False,1.0,non_human_findings,-1,0
350.tiff,find_and_suppress,782,872.0,627.0,0.50953925,0.0,False,1.0,non_human_findings,-1,0
350.tiff,find_and_suppress,783,55.0,2030.0,0.50950116,0.0,False,1.0,non_human_findings,-1,0
350.tiff,find_and_suppress,784,2097.0,2067.0,0.50937647,0.0,False,1.0,non_human_findings,-1,0
350.tiff,find_and_suppress,785,2001.0,3947.0,0.5093147,0.0,False,1.0,non_human_findings,-1,0
350.tiff,find_and_suppress,786,4616.0,2309.0,0.50926626,0.0,False,1.0,non_human_findings,-1,0
350.tiff,find_and_suppress,787,5763.0,3163.0,0.50917375,0.0,False,1.0,non_human_findings,-1,0
350.tiff,find_and_suppress,788,7135.0,505.0,0.50905436,0.0,False,1.0,non_human_findings,-1,0
350.tiff,find_and_suppress,789,418.0,3866.0,0.5089661,0.0,False,1.0,non_human_findings,-1,0
350.tiff,find_and_suppress,790,1104.0,1417.0,0.50871986,0.0,False,1.0,non_human_findings,-1,0
350.tiff,find_and_suppress,791,5261.0,4479.0,0.508697,0.0,False,1.0,non_human_findings,-1,0
350.tiff,find_and_suppress,792,5445.0,3304.0,0.508666,0.0,False,1.0,non_human_findings,-1,0
350.tiff,find_and_suppress,793,6643.0,2318.0,0.5086565,0.0,False,1.0,non_human_findings,-1,0
350.tiff,find_and_suppress,794,2760.0,1581.0,0.5086118,0.0,False,1.0,non_human_findings,-1,0
350.tiff,find_and_suppress,795,1029.0,4120.0,0.5085906,0.0,False,1.0,non_human_findings,-1,0
350.tiff,find_and_suppress,796,5863.0,4052.0,0.5085739,0.0,False,1.0,non_human_findings,-1,0
350.tiff,find_and_suppress,797,6045.0,4282.0,0.50854844,0.0,False,1.0,non_human_findings,-1,0
350.tiff,find_and_suppress,798,3804.0,4864.0,0.5084353,0.0,False,1.0,non_human_findings,-1,0
350.tiff,find_and_suppress,799,6186.0,291.0,0.50840294,0.0,False,1.0,non_human_findings,-1,0
350.tiff,find_and_suppress,800,712.0,1291.0,0.508399,0.0,False,1.0,non_human_findings,-1,0
350.tiff,find_and_suppress,801,972.0,1239.0,0.5083049,0.0,False,1.0,non_human_findings,-1,0
350.tiff,find_and_suppress,802,4980.0,2777.0,0.5082769,0.0,False,1.0,non_human_findings,-1,0
350.tiff,find_and_suppress,803,1172.0,4327.0,0.50827,0.0,False,1.0,non_human_findings,-1,0
350.tiff,find_and_suppress,804,51.0,535.0,0.50822854,0.0,False,1.0,non_human_findings,-1,0
350.tiff,find_and_suppress,805,5857.0,1711.0,0.50822765,0.0,False,1.0,non_human_findings,-1,0
350.tiff,find_and_suppress,806,4462.0,2627.0,0.5081736,0.0,False,1.0,non_human_findings,-1,0
350.tiff,find_and_suppress,807,721.0,2755.0,0.5081422,0.0,False,1.0,non_human_findings,-1,0
350.tiff,find_and_suppress,808,5831.0,2291.0,0.5081345,0.0,False,1.0,non_human_findings,-1,0
350.tiff,find_and_suppress,809,7025.0,2772.0,0.5081097,0.0,False,1.0,non_human_findings,-1,0
350.tiff,find_and_suppress,810,2783.0,2654.0,0.5079812,0.0,False,1.0,non_human_findings,-1,0
350.tiff,find_and_suppress,811,4766.0,4621.0,0.5078228,0.0,False,1.0,non_human_findings,-1,0
350.tiff,find_and_suppress,812,7141.0,3890.0,0.50757885,0.0,False,1.0,non_human_findings,-1,0
350.tiff,find_and_suppress,813,5480.0,1693.0,0.5074953,0.0,False,1.0,non_human_findings,-1,0
350.tiff,find_and_suppress,814,224.0,3178.0,0.50744,0.0,False,1.0,non_human_findings,-1,0
350.tiff,find_and_suppress,815,2751.0,3647.0,0.5074341,0.0,False,1.0,non_human_findings,-1,0
350.tiff,find_and_suppress,816,743.0,4564.0,0.50740945,0.0,False,1.0,non_human_findings,-1,0
350.tiff,find_and_suppress,817,4932.0,1924.0,0.5074066,0.0,False,1.0,non_human_findings,-1,0
350.tiff,find_and_suppress,818,4946.0,3173.0,0.50730103,0.0,False,1.0,non_human_findings,-1,0
350.tiff,find_and_suppress,819,4659.0,602.0,0.50721884,0.0,False,1.0,non_human_findings,-1,0
350.tiff,find_and_suppress,820,1246.0,1272.0,0.50721306,0.0,False,1.0,non_human_findings,-1,0
350.tiff,find_and_suppress,821,6982.0,1911.0,0.5072028,0.0,False,1.0,non_human_findings,-1,0
350.tiff,find_and_suppress,822,7048.0,2911.0,0.50717574,0.0,False,1.0,non_human_findings,-1,0
350.tiff,find_and_suppress,823,2174.0,4872.0,0.50706685,0.0,False,1.0,non_human_findings,-1,0
350.tiff,find_and_suppress,824,3211.0,3104.0,0.5070576,0.0,False,1.0,non_human_findings,-1,0
350.tiff,find_and_suppress,825,648.0,1737.0,0.50690824,0.0,False,1.0,human_rejected_label,18155,2
350.tiff,find_and_suppress,826,3955.0,3489.0,0.5068671,0.0,False,1.0,non_human_findings,-1,0
350.tiff,find_and_suppress,827,6028.0,4344.0,0.5068431,0.0,False,1.0,non_human_findings,-1,0
350.tiff,find_and_suppress,828,2274.0,4686.0,0.50683165,0.0,False,1.0,non_human_findings,-1,0
350.tiff,find_and_suppress,829,928.0,87.0,0.5067833,0.0,False,1.0,non_human_findings,-1,0
350.tiff,find_and_suppress,830,7189.0,3126.0,0.5067714,0.0,False,1.0,non_human_findings,-1,0
350.tiff,find_and_suppress,831,5696.0,4305.0,0.50667745,0.0,False,1.0,non_human_findings,-1,0
350.tiff,find_and_suppress,832,5795.0,4283.0,0.506641,0.0,False,1.0,non_human_findings,-1,0
350.tiff,find_and_suppress,833,2315.0,4810.0,0.5064691,0.0,False,1.0,non_human_findings,-1,0
350.tiff,find_and_suppress,834,4677.0,2065.0,0.5064384,0.0,False,1.0,non_human_findings,-1,0
350.tiff,find_and_suppress,835,2649.0,4087.0,0.50630695,0.0,False,1.0,non_human_findings,-1,0
350.tiff,find_and_suppress,836,1804.0,3501.0,0.5062846,0.0,False,1.0,non_human_findings,-1,0
350.tiff,find_and_suppress,837,907.0,656.0,0.5062569,0.0,False,1.0,non_human_findings,-1,0
350.tiff,find_and_suppress,838,3946.0,2146.0,0.5060647,0.0,False,1.0,non_human_findings,-1,0
350.tiff,find_and_suppress,839,2809.0,2337.0,0.50604177,0.0,False,1.0,non_human_findings,-1,0
350.tiff,find_and_suppress,840,2279.0,4598.0,0.5060305,0.0,False,1.0,non_human_findings,-1,0
350.tiff,find_and_suppress,841,1297.0,4492.0,0.5059915,0.0,False,1.0,non_human_findings,-1,0
350.tiff,find_and_suppress,842,1586.0,504.0,0.50596684,0.0,False,1.0,non_human_findings,-1,0
350.tiff,find_and_suppress,843,4743.0,1343.0,0.50591934,0.0,False,1.0,non_human_findings,-1,0
350.tiff,find_and_suppress,844,3883.0,1625.0,0.5058612,0.0,False,1.0,non_human_findings,-1,0
350.tiff,find_and_suppress,845,6143.0,4588.0,0.50564927,0.0,False,1.0,non_human_findings,-1,0
350.tiff,find_and_suppress,846,2226.0,5106.0,0.50560004,0.0,False,1.0,non_human_findings,-1,0
350.tiff,find_and_suppress,847,2741.0,2566.0,0.50558174,0.0,False,1.0,non_human_findings,-1,0
350.tiff,find_and_suppress,848,931.0,4535.0,0.5055498,0.0,False,1.0,non_human_findings,-1,0
350.tiff,find_and_suppress,849,4141.0,5028.0,0.50554883,0.0,False,1.0,non_human_findings,-1,0
350.tiff,find_and_suppress,850,871.0,2320.0,0.5055092,0.0,False,1.0,non_human_findings,-1,0
350.tiff,find_and_suppress,851,2649.0,3545.0,0.50550354,0.0,False,1.0,non_human_findings,-1,0
350.tiff,find_and_suppress,852,7160.0,1935.0,0.50546026,0.0,False,1.0,non_human_findings,-1,0
350.tiff,find_and_suppress,853,1490.0,61.0,0.50526226,0.0,False,1.0,non_human_findings,-1,0
350.tiff,find_and_suppress,854,3904.0,3333.0,0.5052579,0.0,False,1.0,non_human_findings,-1,0
350.tiff,find_and_suppress,855,3130.0,3431.0,0.50525445,0.0,False,1.0,non_human_findings,-1,0
350.tiff,find_and_suppress,856,6746.0,4312.0,0.5052484,0.0,False,1.0,non_human_findings,-1,0
350.tiff,find_and_suppress,857,2862.0,1799.0,0.5052465,0.0,False,1.0,non_human_findings,-1,0
350.tiff,find_and_suppress,858,1811.0,1430.0,0.50514346,0.0,False,1.0,non_human_findings,-1,0
350.tiff,find_and_suppress,859,6152.0,589.0,0.50502086,0.0,False,1.0,non_human_findings,-1,0
350.tiff,find_and_suppress,860,305.0,3346.0,0.5049573,0.0,False,1.0,non_human_findings,-1,0
350.tiff,find_and_suppress,861,1846.0,1434.0,0.50495327,0.0,False,1.0,non_human_findings,-1,0
350.tiff,find_and_suppress,862,2766.0,4409.0,0.5049336,0.0,False,1.0,non_human_findings,-1,0
350.tiff,find_and_suppress,863,5861.0,1907.0,0.50486016,0.0,False,1.0,non_human_findings,-1,0
350.tiff,find_and_suppress,864,4393.0,5206.0,0.50485575,0.0,False,1.0,non_human_findings,-1,0
350.tiff,find_and_suppress,865,4037.0,2859.0,0.5048331,0.0,False,1.0,non_human_findings,-1,0
350.tiff,find_and_suppress,866,569.0,3549.0,0.5047853,0.0,False,1.0,non_human_findings,-1,0
350.tiff,find_and_suppress,867,4565.0,579.0,0.50470656,0.0,False,1.0,non_human_findings,-1,0
350.tiff,find_and_suppress,868,2276.0,330.0,0.5046666,0.0,False,1.0,non_human_findings,-1,0
350.tiff,find_and_suppress,869,1275.0,2313.0,0.5046474,0.0,False,1.0,non_human_findings,-1,0
350.tiff,find_and_suppress,870,5964.0,3651.0,0.5045943,0.0,False,1.0,non_human_findings,-1,0
350.tiff,find_and_suppress,871,346.0,3353.0,0.5045444,0.0,False,1.0,non_human_findings,-1,0
350.tiff,find_and_suppress,872,5280.0,1003.0,0.5044594,0.0,False,1.0,non_human_findings,-1,0
350.tiff,find_and_suppress,873,3701.0,2707.0,0.50445145,0.0,False,1.0,non_human_findings,-1,0
350.tiff,find_and_suppress,874,1278.0,4372.0,0.5044445,0.0,False,1.0,non_human_findings,-1,0
350.tiff,find_and_suppress,875,5621.0,1077.0,0.50435275,0.0,False,1.0,non_human_findings,-1,0
350.tiff,find_and_suppress,876,4365.0,3173.0,0.5043391,0.0,False,1.0,non_human_findings,-1,0
350.tiff,find_and_suppress,877,236.0,99.0,0.5042955,0.0,False,1.0,non_human_findings,-1,0
350.tiff,find_and_suppress,878,3433.0,4597.0,0.50428706,0.0,False,1.0,non_human_findings,-1,0
350.tiff,find_and_suppress,879,5906.0,2232.0,0.5042585,0.0,False,1.0,non_human_findings,-1,0
350.tiff,find_and_suppress,880,1367.0,3409.0,0.5042172,0.0,False,1.0,non_human_findings,-1,0
350.tiff,find_and_suppress,881,2739.0,3713.0,0.504181,0.0,False,1.0,non_human_findings,-1,0
350.tiff,find_and_suppress,882,3038.0,1882.0,0.5040932,0.0,False,1.0,non_human_findings,-1,0
350.tiff,find_and_suppress,883,5777.0,3643.0,0.5040777,0.0,False,1.0,non_human_findings,-1,0
350.tiff,find_and_suppress,884,4378.0,3054.0,0.5039745,0.0,False,1.0,non_human_findings,-1,0
350.tiff,find_and_suppress,885,2891.0,3366.0,0.50394,0.0,False,1.0,non_human_findings,-1,0
350.tiff,find_and_suppress,886,5498.0,45.0,0.50372785,0.0,False,1.0,non_human_findings,-1,0
350.tiff,find_and_suppress,887,983.0,58.0,0.50354713,0.0,False,1.0,non_human_findings,-1,0
350.tiff,find_and_suppress,888,5059.0,3701.0,0.50332516,0.0,False,1.0,non_human_findings,-1,0
350.tiff,find_and_suppress,889,6936.0,2756.0,0.5033233,0.0,False,1.0,non_human_findings,-1,0
350.tiff,find_and_suppress,890,1863.0,5217.0,0.5033018,0.0,False,1.0,non_human_findings,-1,0
350.tiff,find_and_suppress,891,3558.0,4912.0,0.5032268,0.0,False,1.0,non_human_findings,-1,0
350.tiff,find_and_suppress,892,3775.0,779.0,0.50314796,0.0,False,1.0,non_human_findings,-1,0
350.tiff,find_and_suppress,893,3240.0,4524.0,0.503103,0.0,False,1.0,non_human_findings,-1,0
350.tiff,find_and_suppress,894,4183.0,1930.0,0.50308216,0.0,False,1.0,non_human_findings,-1,0
350.tiff,find_and_suppress,895,1144.0,3576.0,0.50299066,0.0,False,1.0,non_human_findings,-1,0
350.tiff,find_and_suppress,896,4594.0,1329.0,0.50299066,0.0,False,1.0,non_human_findings,-1,0
350.tiff,find_and_suppress,897,1702.0,3569.0,0.50279653,0.0,False,1.0,non_human_findings,-1,0
350.tiff,find_and_suppress,898,3200.0,2219.0,0.50272495,0.0,False,1.0,non_human_findings,-1,0
350.tiff,find_and_suppress,899,5565.0,4737.0,0.5026959,0.0,False,1.0,non_human_findings,-1,0
350.tiff,find_and_suppress,900,2650.0,654.0,0.50259924,0.0,False,1.0,non_human_findings,-1,0
350.tiff,find_and_suppress,901,5838.0,3566.0,0.5025674,0.0,False,1.0,non_human_findings,-1,0
350.tiff,find_and_suppress,902,6711.0,3513.0,0.5025572,0.0,False,1.0,non_human_findings,-1,0
350.tiff,find_and_suppress,903,3898.0,2487.0,0.5025323,0.0,False,1.0,non_human_findings,-1,0
350.tiff,find_and_suppress,904,2369.0,3390.0,0.5025152,0.0,False,1.0,non_human_findings,-1,0
350.tiff,find_and_suppress,905,5434.0,1682.0,0.5024512,0.0,False,1.0,non_human_findings,-1,0
350.tiff,find_and_suppress,906,4969.0,1166.0,0.5024455,0.0,False,1.0,non_human_findings,-1,0
350.tiff,find_and_suppress,907,3414.0,1929.0,0.502331,0.0,False,1.0,non_human_findings,-1,0
350.tiff,find_and_suppress,908,2481.0,222.0,0.5022493,0.0,False,1.0,non_human_findings,-1,0
350.tiff,find_and_suppress,909,5191.0,2963.0,0.50219417,0.0,False,1.0,non_human_findings,-1,0
350.tiff,find_and_suppress,910,2827.0,1514.0,0.5020966,0.0,False,1.0,non_human_findings,-1,0
350.tiff,find_and_suppress,911,6921.0,4018.0,0.5020325,0.0,False,1.0,non_human_findings,-1,0
350.tiff,find_and_suppress,912,2397.0,3461.0,0.5019242,0.0,False,1.0,non_human_findings,-1,0
350.tiff,find_and_suppress,913,339.0,4450.0,0.5019039,0.0,False,1.0,non_human_findings,-1,0
350.tiff,find_and_suppress,914,544.0,5028.0,0.5018663,0.0,False,1.0,non_human_findings,-1,0
350.tiff,find_and_suppress,915,4689.0,1650.0,0.5016868,0.0,False,1.0,non_human_findings,-1,0
350.tiff,find_and_suppress,916,4483.0,3808.0,0.50163907,0.0,False,1.0,non_human_findings,-1,0
350.tiff,find_and_suppress,917,5845.0,844.0,0.5016226,0.0,False,1.0,non_human_findings,-1,0
350.tiff,find_and_suppress,918,5320.0,3605.0,0.5015557,0.0,False,1.0,non_human_findings,-1,0
350.tiff,find_and_suppress,919,2983.0,4237.0,0.5015367,0.0,False,1.0,non_human_findings,-1,0
350.tiff,find_and_suppress,920,4780.0,3870.0,0.50140977,0.0,False,1.0,non_human_findings,-1,0
350.tiff,find_and_suppress,921,6137.0,1663.0,0.5013827,0.0,False,1.0,non_human_findings,-1,0
350.tiff,find_and_suppress,922,1611.0,673.0,0.5013733,0.0,False,1.0,non_human_findings,-1,0
350.tiff,find_and_suppress,923,2072.0,1590.0,0.50137156,0.0,False,1.0,non_human_findings,-1,0
350.tiff,find_and_suppress,924,1628.0,1827.0,0.5012887,0.0,False,1.0,non_human_findings,-1,0
350.tiff,find_and_suppress,925,6538.0,27.0,0.501222,0.0,False,1.0,non_human_findings,-1,0
350.tiff,find_and_suppress,926,5732.0,2074.0,0.5012179,0.0,False,1.0,non_human_findings,-1,0
350.tiff,find_and_suppress,927,6577.0,3890.0,0.50117207,0.0,False,1.0,non_human_findings,-1,0
350.tiff,find_and_suppress,928,308.0,3486.0,0.5011323,0.0,False,1.0,non_human_findings,-1,0
350.tiff,find_and_suppress,929,4280.0,3149.0,0.5011032,0.0,False,1.0,non_human_findings,-1,0
350.tiff,find_and_suppress,930,6897.0,1467.0,0.5010077,0.0,False,1.0,non_human_findings,-1,0
350.tiff,find_and_suppress,931,1871.0,191.0,0.50093096,0.0,False,1.0,non_human_findings,-1,0
350.tiff,find_and_suppress,932,4590.0,5331.0,0.50091314,0.0,False,1.0,non_human_findings,-1,0
350.tiff,find_and_suppress,933,5430.0,1619.0,0.500903,0.0,False,1.0,non_human_findings,-1,0
350.tiff,find_and_suppress,934,6830.0,4479.0,0.5008962,0.0,False,1.0,non_human_findings,-1,0
350.tiff,find_and_suppress,935,3975.0,3333.0,0.5007382,0.0,False,1.0,non_human_findings,-1,0
350.tiff,find_and_suppress,936,6185.0,1630.0,0.5007283,0.0,False,1.0,human_rejected_label,18157,2
350.tiff,find_and_suppress,937,744.0,4381.0,0.5007224,0.0,False,1.0,non_human_findings,-1,0
350.tiff,find_and_suppress,938,5292.0,919.0,0.50070155,0.0,False,1.0,non_human_findings,-1,0
350.tiff,find_and_suppress,939,4312.0,1534.0,0.50068766,0.0,False,1.0,non_human_findings,-1,0
350.tiff,find_and_suppress,940,6651.0,2905.0,0.50065655,0.0,False,1.0,non_human_findings,-1,0
350.tiff,find_and_suppress,941,1279.0,564.0,0.5006306,0.0,False,1.0,non_human_findings,-1,0
350.tiff,find_and_suppress,942,6429.0,3876.0,0.5005919,0.0,False,1.0,non_human_findings,-1,0
350.tiff,find_and_suppress,943,3295.0,3693.0,0.5004951,0.0,False,1.0,non_human_findings,-1,0
350.tiff,find_and_suppress,944,4705.0,5278.0,0.50048655,0.0,False,1.0,non_human_findings,-1,0
350.tiff,find_and_suppress,945,5689.0,4414.0,0.50045955,0.0,False,1.0,non_human_findings,-1,0
350.tiff,find_and_suppress,946,3583.0,5317.0,0.5004591,0.0,False,1.0,non_human_findings,-1,0
350.tiff,find_and_suppress,947,1483.0,2467.0,0.500261,0.0,False,1.0,non_human_findings,-1,0
350.tiff,find_and_suppress,948,3241.0,1599.0,0.5002601,0.0,False,1.0,non_human_findings,-1,0
350.tiff,find_and_suppress,949,4338.0,683.0,0.5002357,0.0,False,1.0,non_human_findings,-1,0
350.tiff,find_and_suppress,950,5418.0,3702.0,0.50020725,0.0,False,1.0,non_human_findings,-1,0
350.tiff,find_and_suppress,951,6513.0,1796.0,0.5001719,0.0,False,1.0,non_human_findings,-1,0
350.tiff,find_and_suppress,952,2582.0,1053.0,0.50014716,0.0,False,1.0,non_human_findings,-1,0
350.tiff,find_and_suppress,953,7182.0,4044.0,0.50012463,0.0,False,1.0,non_human_findings,-1,0
350.tiff,find_and_suppress,954,4387.0,1267.0,0.50003594,0.0,False,1.0,non_human_findings,-1,0
350.tiff,find_and_suppress,955,4001.0,1070.0,0.5000207,0.0,False,1.0,non_human_findings,-1,0
