file_name,method,rank,cx,cy,score,angle,flip,scale,bucket,matched_ann_id,matched_category
301.tiff,find_and_suppress,0,4502.0,3736.0,0.9122717,0.0,0.0,1.0,human_correct_label,14956.0,1.0
301.tiff,find_and_suppress,1,2857.0,3210.0,0.9052351,0.0,0.0,1.0,human_correct_label,14942.0,1.0
301.tiff,find_and_suppress,2,2465.0,3553.0,0.90515494,0.0,0.0,1.0,human_correct_label,14937.0,1.0
301.tiff,find_and_suppress,3,5547.0,3366.0,0.9048753,0.0,0.0,1.0,human_rejected_label,14965.0,2.0
301.tiff,find_and_suppress,4,4168.0,4480.0,0.90182143,0.0,0.0,1.0,human_correct_label,14997.0,1.0
301.tiff,find_and_suppress,5,4798.0,4432.0,0.8987375,0.0,0.0,1.0,human_rejected_label,15009.0,2.0
301.tiff,find_and_suppress,6,961.0,361.0,0.8923815,0.0,0.0,1.0,non_human_findings,-1.0,0.0
301.tiff,find_and_suppress,7,95.0,1359.0,0.88813543,0.0,0.0,1.0,non_human_findings,-1.0,0.0
301.tiff,find_and_suppress,8,2931.0,2735.0,0.8873932,0.0,0.0,1.0,human_correct_label,14897.0,1.0
301.tiff,find_and_suppress,9,4906.0,208.0,0.8871325,0.0,0.0,1.0,human_correct_label,14762.0,1.0
301.tiff,find_and_suppress,10,743.0,1894.0,0.87973374,0.0,0.0,1.0,human_correct_label,14831.0,1.0
301.tiff,find_and_suppress,11,486.0,1469.0,0.879652,0.0,0.0,1.0,human_correct_label,14785.0,1.0
301.tiff,find_and_suppress,12,3259.0,2907.0,0.8783414,0.0,0.0,1.0,human_correct_label,14903.0,1.0
301.tiff,find_and_suppress,13,3261.0,3045.0,0.8771274,0.0,0.0,1.0,human_correct_label,15034.0,1.0
301.tiff,find_and_suppress,14,2661.0,2454.0,0.8760935,0.0,0.0,1.0,human_correct_label,14849.0,1.0
301.tiff,find_and_suppress,15,3871.0,4202.0,0.87499136,0.0,0.0,1.0,human_correct_label,15003.0,1.0
301.tiff,find_and_suppress,16,414.0,3533.0,0.8742976,0.0,0.0,1.0,human_correct_label,14923.0,1.0
301.tiff,find_and_suppress,17,5235.0,642.0,0.8736048,0.0,0.0,1.0,human_correct_label,14770.0,1.0
301.tiff,find_and_suppress,18,3343.0,3267.0,0.8726266,0.0,0.0,1.0,human_correct_label,14945.0,1.0
301.tiff,find_and_suppress,19,929.0,315.0,0.8715995,0.0,0.0,1.0,non_human_findings,-1.0,0.0
301.tiff,find_and_suppress,20,5490.0,3027.0,0.8709085,0.0,0.0,1.0,human_correct_label,14917.0,1.0
301.tiff,find_and_suppress,21,942.0,484.0,0.86969477,0.0,0.0,1.0,non_human_findings,-1.0,0.0
301.tiff,find_and_suppress,22,21.0,1251.0,0.8693356,0.0,0.0,1.0,non_human_findings,-1.0,0.0
301.tiff,find_and_suppress,23,5433.0,1933.0,0.8682284,0.0,0.0,1.0,non_human_findings,-1.0,0.0
301.tiff,find_and_suppress,24,1018.0,238.0,0.8679751,0.0,0.0,1.0,non_human_findings,-1.0,0.0
301.tiff,find_and_suppress,25,38.0,1314.0,0.86788607,0.0,0.0,1.0,non_human_findings,-1.0,0.0
301.tiff,find_and_suppress,26,2770.0,4518.0,0.8675312,0.0,0.0,1.0,human_correct_label,14988.0,1.0
301.tiff,find_and_suppress,27,2062.0,3171.0,0.8672429,0.0,0.0,1.0,human_correct_label,14891.0,1.0
301.tiff,find_and_suppress,28,5567.0,266.0,0.8667223,0.0,0.0,1.0,human_correct_label,14772.0,1.0
301.tiff,find_and_suppress,29,1113.0,202.0,0.8662753,0.0,0.0,1.0,non_human_findings,-1.0,0.0
301.tiff,find_and_suppress,30,265.0,1112.0,0.86597925,0.0,0.0,1.0,non_human_findings,-1.0,0.0
301.tiff,find_and_suppress,31,3061.0,3307.0,0.86553466,0.0,0.0,1.0,human_correct_label,14947.0,1.0
301.tiff,find_and_suppress,32,1794.0,3063.0,0.8652584,0.0,0.0,1.0,human_correct_label,14890.0,1.0
301.tiff,find_and_suppress,33,6166.0,1304.0,0.86485225,0.0,0.0,1.0,human_correct_label,14825.0,1.0
301.tiff,find_and_suppress,34,1246.0,203.0,0.8644654,0.0,0.0,1.0,non_human_findings,-1.0,0.0
301.tiff,find_and_suppress,35,4446.0,2644.0,0.8636837,0.0,0.0,1.0,human_correct_label,14912.0,1.0
301.tiff,find_and_suppress,36,5517.0,1235.0,0.86338925,0.0,0.0,1.0,human_rejected_label,14821.0,2.0
301.tiff,find_and_suppress,37,1229.0,139.0,0.86286944,0.0,0.0,1.0,non_human_findings,-1.0,0.0
301.tiff,find_and_suppress,38,3429.0,3144.0,0.8627142,0.0,0.0,1.0,human_rejected_label,14909.0,2.0
301.tiff,find_and_suppress,39,570.0,790.0,0.8612128,0.0,0.0,1.0,non_human_findings,-1.0,0.0
301.tiff,find_and_suppress,40,129.0,1339.0,0.8600694,0.0,0.0,1.0,non_human_findings,-1.0,0.0
301.tiff,find_and_suppress,41,6292.0,3997.0,0.8576973,0.0,0.0,1.0,non_human_findings,-1.0,0.0
301.tiff,find_and_suppress,42,2999.0,1015.0,0.8575278,0.0,0.0,1.0,non_human_findings,-1.0,0.0
301.tiff,find_and_suppress,43,6322.0,3878.0,0.857495,0.0,0.0,1.0,non_human_findings,-1.0,0.0
301.tiff,find_and_suppress,44,635.0,544.0,0.8560875,0.0,0.0,1.0,non_human_findings,-1.0,0.0
301.tiff,find_and_suppress,45,3143.0,2799.0,0.85549635,0.0,0.0,1.0,human_correct_label,14904.0,1.0
301.tiff,find_and_suppress,46,369.0,271.0,0.85531974,0.0,0.0,1.0,human_correct_label,14726.0,1.0
301.tiff,find_and_suppress,47,6217.0,322.0,0.85515964,0.0,0.0,1.0,non_human_findings,-1.0,0.0
301.tiff,find_and_suppress,48,864.0,480.0,0.8549877,0.0,0.0,1.0,non_human_findings,-1.0,0.0
301.tiff,find_and_suppress,49,1571.0,141.0,0.8544966,0.0,0.0,1.0,non_human_findings,-1.0,0.0
301.tiff,find_and_suppress,50,4639.0,3066.0,0.8529739,0.0,0.0,1.0,non_human_findings,-1.0,0.0
301.tiff,find_and_suppress,51,287.0,1225.0,0.8516033,0.0,0.0,1.0,non_human_findings,-1.0,0.0
301.tiff,find_and_suppress,52,3153.0,2242.0,0.85102195,0.0,0.0,1.0,non_human_findings,-1.0,0.0
301.tiff,find_and_suppress,53,3273.0,864.0,0.8492907,0.0,0.0,1.0,human_correct_label,14750.0,1.0
301.tiff,find_and_suppress,54,2386.0,4170.0,0.84904736,0.0,0.0,1.0,human_correct_label,14989.0,1.0
301.tiff,find_and_suppress,55,6014.0,596.0,0.84885377,0.0,0.0,1.0,non_human_findings,-1.0,0.0
301.tiff,find_and_suppress,56,5659.0,2489.0,0.84769034,0.0,0.0,1.0,non_human_findings,-1.0,0.0
301.tiff,find_and_suppress,57,292.0,1477.0,0.84746563,0.0,0.0,1.0,non_human_findings,-1.0,0.0
301.tiff,find_and_suppress,58,3151.0,1260.0,0.84655744,0.0,0.0,1.0,non_human_findings,-1.0,0.0
301.tiff,find_and_suppress,59,69.0,1092.0,0.8464144,0.0,0.0,1.0,non_human_findings,-1.0,0.0
301.tiff,find_and_suppress,60,4324.0,3284.0,0.84579736,0.0,0.0,1.0,non_human_findings,-1.0,0.0
301.tiff,find_and_suppress,61,423.0,706.0,0.8456137,0.0,0.0,1.0,non_human_findings,-1.0,0.0
301.tiff,find_and_suppress,62,4906.0,1251.0,0.8451596,0.0,0.0,1.0,human_correct_label,14815.0,1.0
301.tiff,find_and_suppress,63,1106.0,258.0,0.8442886,0.0,0.0,1.0,non_human_findings,-1.0,0.0
301.tiff,find_and_suppress,64,6257.0,4164.0,0.8441356,0.0,0.0,1.0,non_human_findings,-1.0,0.0
301.tiff,find_and_suppress,65,365.0,946.0,0.8435072,0.0,0.0,1.0,non_human_findings,-1.0,0.0
301.tiff,find_and_suppress,66,245.0,1153.0,0.8432104,0.0,0.0,1.0,non_human_findings,-1.0,0.0
301.tiff,find_and_suppress,67,2747.0,3721.0,0.84319466,0.0,0.0,1.0,non_human_findings,-1.0,0.0
301.tiff,find_and_suppress,68,791.0,1516.0,0.8426122,0.0,0.0,1.0,non_human_findings,-1.0,0.0
301.tiff,find_and_suppress,69,781.0,401.0,0.8425495,0.0,0.0,1.0,non_human_findings,-1.0,0.0
301.tiff,find_and_suppress,70,2921.0,2562.0,0.8421781,0.0,0.0,1.0,non_human_findings,-1.0,0.0
301.tiff,find_and_suppress,71,127.0,937.0,0.84162706,0.0,0.0,1.0,non_human_findings,-1.0,0.0
301.tiff,find_and_suppress,72,551.0,2403.0,0.8414851,0.0,0.0,1.0,human_rejected_label,14886.0,2.0
301.tiff,find_and_suppress,73,4947.0,190.0,0.8404375,0.0,0.0,1.0,non_human_findings,-1.0,0.0
301.tiff,find_and_suppress,74,2820.0,2599.0,0.8399051,0.0,0.0,1.0,non_human_findings,-1.0,0.0
301.tiff,find_and_suppress,75,3713.0,3632.0,0.8396219,0.0,0.0,1.0,human_correct_label,15025.0,1.0
301.tiff,find_and_suppress,76,5613.0,4203.0,0.83928007,0.0,0.0,1.0,non_human_findings,-1.0,0.0
301.tiff,find_and_suppress,77,6083.0,4267.0,0.83910984,0.0,0.0,1.0,non_human_findings,-1.0,0.0
301.tiff,find_and_suppress,78,3013.0,227.0,0.8383826,0.0,0.0,1.0,human_rejected_label,15048.0,2.0
301.tiff,find_and_suppress,79,4494.0,601.0,0.8380392,0.0,0.0,1.0,human_correct_label,14766.0,1.0
301.tiff,find_and_suppress,80,6023.0,3792.0,0.8379583,0.0,0.0,1.0,non_human_findings,-1.0,0.0
301.tiff,find_and_suppress,81,6359.0,2383.0,0.83793575,0.0,0.0,1.0,non_human_findings,-1.0,0.0
301.tiff,find_and_suppress,82,2455.0,4057.0,0.83775663,0.0,0.0,1.0,non_human_findings,-1.0,0.0
301.tiff,find_and_suppress,83,478.0,949.0,0.8361968,0.0,0.0,1.0,non_human_findings,-1.0,0.0
301.tiff,find_and_suppress,84,143.0,1405.0,0.8359387,0.0,0.0,1.0,non_human_findings,-1.0,0.0
301.tiff,find_and_suppress,85,3615.0,248.0,0.8356086,0.0,0.0,1.0,human_correct_label,14757.0,1.0
301.tiff,find_and_suppress,86,2418.0,3550.0,0.8351027,0.0,0.0,1.0,human_correct_label,14938.0,1.0
301.tiff,find_and_suppress,87,634.0,863.0,0.83482003,0.0,0.0,1.0,non_human_findings,-1.0,0.0
301.tiff,find_and_suppress,88,386.0,1207.0,0.8347856,0.0,0.0,1.0,non_human_findings,-1.0,0.0
301.tiff,find_and_suppress,89,3742.0,1907.0,0.8347823,0.0,0.0,1.0,human_correct_label,14857.0,1.0
301.tiff,find_and_suppress,90,247.0,3456.0,0.83466536,0.0,0.0,1.0,human_correct_label,14924.0,1.0
301.tiff,find_and_suppress,91,1240.0,1449.0,0.83434045,0.0,0.0,1.0,non_human_findings,-1.0,0.0
301.tiff,find_and_suppress,92,1769.0,3592.0,0.8342827,0.0,0.0,1.0,non_human_findings,-1.0,0.0
301.tiff,find_and_suppress,93,403.0,4521.0,0.83419186,0.0,0.0,1.0,human_correct_label,14977.0,1.0
301.tiff,find_and_suppress,94,6287.0,131.0,0.83362573,0.0,0.0,1.0,non_human_findings,-1.0,0.0
301.tiff,find_and_suppress,95,2897.0,3200.0,0.83362067,0.0,0.0,1.0,non_human_findings,-1.0,0.0
301.tiff,find_and_suppress,96,3339.0,1097.0,0.8331814,0.0,0.0,1.0,non_human_findings,-1.0,0.0
301.tiff,find_and_suppress,97,4598.0,4485.0,0.8327632,0.0,0.0,1.0,non_human_findings,-1.0,0.0
301.tiff,find_and_suppress,98,4724.0,1207.0,0.8324107,0.0,0.0,1.0,human_correct_label,14814.0,1.0
301.tiff,find_and_suppress,99,4833.0,3151.0,0.8323143,0.0,0.0,1.0,human_correct_label,14910.0,1.0
301.tiff,find_and_suppress,100,339.0,1795.0,0.8318781,0.0,0.0,1.0,non_human_findings,-1.0,0.0
301.tiff,find_and_suppress,101,1868.0,1147.0,0.83156604,0.0,0.0,1.0,non_human_findings,-1.0,0.0
301.tiff,find_and_suppress,102,5513.0,2713.0,0.8310311,0.0,0.0,1.0,non_human_findings,-1.0,0.0
301.tiff,find_and_suppress,103,6093.0,1363.0,0.8309612,0.0,0.0,1.0,non_human_findings,-1.0,0.0
301.tiff,find_and_suppress,104,1113.0,298.0,0.8301283,0.0,0.0,1.0,non_human_findings,-1.0,0.0
301.tiff,find_and_suppress,105,6228.0,3797.0,0.8300615,0.0,0.0,1.0,non_human_findings,-1.0,0.0
301.tiff,find_and_suppress,106,4499.0,302.0,0.82995677,0.0,0.0,1.0,non_human_findings,-1.0,0.0
301.tiff,find_and_suppress,107,5412.0,3538.0,0.8295201,0.0,0.0,1.0,human_correct_label,14963.0,1.0
301.tiff,find_and_suppress,108,6190.0,874.0,0.82944894,0.0,0.0,1.0,human_rejected_label,14828.0,2.0
301.tiff,find_and_suppress,109,4863.0,3376.0,0.82867473,0.0,0.0,1.0,human_rejected_label,14959.0,2.0
301.tiff,find_and_suppress,110,6219.0,1327.0,0.8286686,0.0,0.0,1.0,human_correct_label,14826.0,1.0
301.tiff,find_and_suppress,111,338.0,1176.0,0.82813907,0.0,0.0,1.0,non_human_findings,-1.0,0.0
301.tiff,find_and_suppress,112,2844.0,2786.0,0.82791346,0.0,0.0,1.0,non_human_findings,-1.0,0.0
301.tiff,find_and_suppress,113,3113.0,2645.0,0.8278221,0.0,0.0,1.0,human_correct_label,14905.0,1.0
301.tiff,find_and_suppress,114,3379.0,1917.0,0.82777107,0.0,0.0,1.0,human_correct_label,14852.0,1.0
301.tiff,find_and_suppress,115,1345.0,862.0,0.8276867,0.0,0.0,1.0,non_human_findings,-1.0,0.0
301.tiff,find_and_suppress,116,1448.0,26.0,0.82707626,0.0,0.0,1.0,non_human_findings,-1.0,0.0
301.tiff,find_and_suppress,117,3741.0,3381.0,0.82633406,0.0,0.0,1.0,human_correct_label,14952.0,1.0
301.tiff,find_and_suppress,118,6259.0,3912.0,0.8261587,0.0,0.0,1.0,human_rejected_label,14971.0,2.0
301.tiff,find_and_suppress,119,2516.0,747.0,0.82584745,0.0,0.0,1.0,human_correct_label,14737.0,1.0
301.tiff,find_and_suppress,120,3911.0,2131.0,0.82568717,0.0,0.0,1.0,non_human_findings,-1.0,0.0
301.tiff,find_and_suppress,121,5237.0,214.0,0.8256131,0.0,0.0,1.0,non_human_findings,-1.0,0.0
301.tiff,find_and_suppress,122,990.0,497.0,0.8246647,0.0,0.0,1.0,non_human_findings,-1.0,0.0
301.tiff,find_and_suppress,123,5818.0,2598.0,0.8245135,0.0,0.0,1.0,non_human_findings,-1.0,0.0
301.tiff,find_and_suppress,124,146.0,751.0,0.82450145,0.0,0.0,1.0,non_human_findings,-1.0,0.0
301.tiff,find_and_suppress,125,317.0,4567.0,0.8239907,0.0,0.0,1.0,human_correct_label,14975.0,1.0
301.tiff,find_and_suppress,126,537.0,446.0,0.8239246,0.0,0.0,1.0,non_human_findings,-1.0,0.0
301.tiff,find_and_suppress,127,6242.0,4021.0,0.82382035,0.0,0.0,1.0,non_human_findings,-1.0,0.0
301.tiff,find_and_suppress,128,5273.0,1918.0,0.8232107,0.0,0.0,1.0,non_human_findings,-1.0,0.0
301.tiff,find_and_suppress,129,4380.0,3523.0,0.8232011,0.0,0.0,1.0,non_human_findings,-1.0,0.0
301.tiff,find_and_suppress,130,871.0,383.0,0.82298756,0.0,0.0,1.0,non_human_findings,-1.0,0.0
301.tiff,find_and_suppress,131,571.0,1288.0,0.8228026,0.0,0.0,1.0,human_rejected_label,14792.0,2.0
301.tiff,find_and_suppress,132,4573.0,1589.0,0.82270885,0.0,0.0,1.0,human_correct_label,14813.0,1.0
301.tiff,find_and_suppress,133,588.0,251.0,0.8225819,0.0,0.0,1.0,non_human_findings,-1.0,0.0
301.tiff,find_and_suppress,134,1165.0,2134.0,0.8222559,0.0,0.0,1.0,non_human_findings,-1.0,0.0
301.tiff,find_and_suppress,135,5545.0,130.0,0.8222059,0.0,0.0,1.0,human_correct_label,14773.0,1.0
301.tiff,find_and_suppress,136,1271.0,53.0,0.8220653,0.0,0.0,1.0,non_human_findings,-1.0,0.0
301.tiff,find_and_suppress,137,242.0,1960.0,0.8214373,0.0,0.0,1.0,non_human_findings,-1.0,0.0
301.tiff,find_and_suppress,138,333.0,1105.0,0.8213114,0.0,0.0,1.0,non_human_findings,-1.0,0.0
301.tiff,find_and_suppress,139,4206.0,2158.0,0.8211959,0.0,0.0,1.0,non_human_findings,-1.0,0.0
301.tiff,find_and_suppress,140,4204.0,4410.0,0.8211057,0.0,0.0,1.0,non_human_findings,-1.0,0.0
301.tiff,find_and_suppress,141,1222.0,4460.0,0.8209278,0.0,0.0,1.0,human_correct_label,14982.0,1.0
301.tiff,find_and_suppress,142,6398.0,4183.0,0.82086635,0.0,0.0,1.0,human_correct_label,15017.0,1.0
301.tiff,find_and_suppress,143,6380.0,2783.0,0.82075226,0.0,0.0,1.0,human_correct_label,14921.0,1.0
301.tiff,find_and_suppress,144,1296.0,207.0,0.82038075,0.0,0.0,1.0,non_human_findings,-1.0,0.0
301.tiff,find_and_suppress,145,2366.0,1390.0,0.82028955,0.0,0.0,1.0,non_human_findings,-1.0,0.0
301.tiff,find_and_suppress,146,115.0,496.0,0.82025903,0.0,0.0,1.0,non_human_findings,-1.0,0.0
301.tiff,find_and_suppress,147,4071.0,1474.0,0.8198299,0.0,0.0,1.0,non_human_findings,-1.0,0.0
301.tiff,find_and_suppress,148,5903.0,1079.0,0.8196884,0.0,0.0,1.0,non_human_findings,-1.0,0.0
301.tiff,find_and_suppress,149,5472.0,3562.0,0.819374,0.0,0.0,1.0,non_human_findings,-1.0,0.0
301.tiff,find_and_suppress,150,1750.0,3656.0,0.81924117,0.0,0.0,1.0,non_human_findings,-1.0,0.0
301.tiff,find_and_suppress,151,420.0,1077.0,0.81879175,0.0,0.0,1.0,non_human_findings,-1.0,0.0
301.tiff,find_and_suppress,152,6420.0,877.0,0.8184713,0.0,0.0,1.0,non_human_findings,-1.0,0.0
301.tiff,find_and_suppress,153,3733.0,1596.0,0.8183998,0.0,0.0,1.0,non_human_findings,-1.0,0.0
301.tiff,find_and_suppress,154,3588.0,1630.0,0.81818086,0.0,0.0,1.0,human_correct_label,14856.0,1.0
301.tiff,find_and_suppress,155,48.0,1218.0,0.81812584,0.0,0.0,1.0,non_human_findings,-1.0,0.0
301.tiff,find_and_suppress,156,2431.0,2884.0,0.81796294,0.0,0.0,1.0,human_correct_label,14888.0,1.0
301.tiff,find_and_suppress,157,4121.0,2346.0,0.81787103,0.0,0.0,1.0,non_human_findings,-1.0,0.0
301.tiff,find_and_suppress,158,348.0,857.0,0.8176502,0.0,0.0,1.0,non_human_findings,-1.0,0.0
301.tiff,find_and_suppress,159,3222.0,3364.0,0.8175223,0.0,0.0,1.0,non_human_findings,-1.0,0.0
301.tiff,find_and_suppress,160,6405.0,2848.0,0.8173637,0.0,0.0,1.0,non_human_findings,-1.0,0.0
301.tiff,find_and_suppress,161,5012.0,2440.0,0.81728274,0.0,0.0,1.0,non_human_findings,-1.0,0.0
301.tiff,find_and_suppress,162,5024.0,3153.0,0.8172634,0.0,0.0,1.0,non_human_findings,-1.0,0.0
301.tiff,find_and_suppress,163,6381.0,1297.0,0.8172612,0.0,0.0,1.0,non_human_findings,-1.0,0.0
301.tiff,find_and_suppress,164,18.0,1082.0,0.8172179,0.0,0.0,1.0,non_human_findings,-1.0,0.0
301.tiff,find_and_suppress,165,2670.0,3967.0,0.8171529,0.0,0.0,1.0,non_human_findings,-1.0,0.0
301.tiff,find_and_suppress,166,4132.0,3009.0,0.81663567,0.0,0.0,1.0,human_correct_label,14907.0,1.0
301.tiff,find_and_suppress,167,281.0,744.0,0.8162724,0.0,0.0,1.0,non_human_findings,-1.0,0.0
301.tiff,find_and_suppress,168,3655.0,732.0,0.8160428,0.0,0.0,1.0,non_human_findings,-1.0,0.0
301.tiff,find_and_suppress,169,370.0,1171.0,0.8159519,0.0,0.0,1.0,non_human_findings,-1.0,0.0
301.tiff,find_and_suppress,170,254.0,876.0,0.81577796,0.0,0.0,1.0,non_human_findings,-1.0,0.0
301.tiff,find_and_suppress,171,3396.0,4444.0,0.8150908,0.0,0.0,1.0,non_human_findings,-1.0,0.0
301.tiff,find_and_suppress,172,3026.0,2232.0,0.81479555,0.0,0.0,1.0,non_human_findings,-1.0,0.0
301.tiff,find_and_suppress,173,4618.0,82.0,0.8147346,0.0,0.0,1.0,non_human_findings,-1.0,0.0
301.tiff,find_and_suppress,174,952.0,563.0,0.8146751,0.0,0.0,1.0,non_human_findings,-1.0,0.0
301.tiff,find_and_suppress,175,1840.0,928.0,0.81459296,0.0,0.0,1.0,non_human_findings,-1.0,0.0
301.tiff,find_and_suppress,176,6346.0,4513.0,0.814335,0.0,0.0,1.0,non_human_findings,-1.0,0.0
301.tiff,find_and_suppress,177,6134.0,221.0,0.8142409,0.0,0.0,1.0,non_human_findings,-1.0,0.0
301.tiff,find_and_suppress,178,1678.0,4025.0,0.814228,0.0,0.0,1.0,non_human_findings,-1.0,0.0
301.tiff,find_and_suppress,179,5492.0,3786.0,0.8141141,0.0,0.0,1.0,human_correct_label,14962.0,1.0
301.tiff,find_and_suppress,180,1257.0,259.0,0.8138921,0.0,0.0,1.0,non_human_findings,-1.0,0.0
301.tiff,find_and_suppress,181,4265.0,254.0,0.81317073,0.0,0.0,1.0,human_correct_label,14752.0,1.0
301.tiff,find_and_suppress,182,3462.0,1576.0,0.8131587,0.0,0.0,1.0,human_correct_label,14807.0,1.0
301.tiff,find_and_suppress,183,5674.0,4057.0,0.81314844,0.0,0.0,1.0,non_human_findings,-1.0,0.0
301.tiff,find_and_suppress,184,1985.0,3987.0,0.813008,0.0,0.0,1.0,non_human_findings,-1.0,0.0
301.tiff,find_and_suppress,185,699.0,651.0,0.81283796,0.0,0.0,1.0,non_human_findings,-1.0,0.0
301.tiff,find_and_suppress,186,4245.0,3825.0,0.8127696,0.0,0.0,1.0,non_human_findings,-1.0,0.0
301.tiff,find_and_suppress,187,6145.0,4283.0,0.81273603,0.0,0.0,1.0,non_human_findings,-1.0,0.0
301.tiff,find_and_suppress,188,2270.0,3482.0,0.8127287,0.0,0.0,1.0,non_human_findings,-1.0,0.0
301.tiff,find_and_suppress,189,6334.0,2292.0,0.812727,0.0,0.0,1.0,non_human_findings,-1.0,0.0
301.tiff,find_and_suppress,190,4643.0,1158.0,0.8123124,0.0,0.0,1.0,non_human_findings,-1.0,0.0
301.tiff,find_and_suppress,191,4608.0,428.0,0.81219256,0.0,0.0,1.0,human_correct_label,14764.0,1.0
301.tiff,find_and_suppress,192,5113.0,3673.0,0.81208766,0.0,0.0,1.0,non_human_findings,-1.0,0.0
301.tiff,find_and_suppress,193,2389.0,108.0,0.8119823,0.0,0.0,1.0,human_rejected_label,14745.0,2.0
301.tiff,find_and_suppress,194,4845.0,2050.0,0.8117871,0.0,0.0,1.0,non_human_findings,-1.0,0.0
301.tiff,find_and_suppress,195,659.0,404.0,0.8116313,0.0,0.0,1.0,non_human_findings,-1.0,0.0
301.tiff,find_and_suppress,196,3896.0,2030.0,0.81153023,0.0,0.0,1.0,human_correct_label,14858.0,1.0
301.tiff,find_and_suppress,197,5273.0,3922.0,0.8110977,0.0,0.0,1.0,human_correct_label,14961.0,1.0
301.tiff,find_and_suppress,198,168.0,3658.0,0.8110433,0.0,0.0,1.0,non_human_findings,-1.0,0.0
301.tiff,find_and_suppress,199,3688.0,3087.0,0.81099874,0.0,0.0,1.0,non_human_findings,-1.0,0.0
301.tiff,find_and_suppress,200,3897.0,2345.0,0.81069785,0.0,0.0,1.0,non_human_findings,-1.0,0.0
301.tiff,find_and_suppress,201,5053.0,474.0,0.8104095,0.0,0.0,1.0,non_human_findings,-1.0,0.0
301.tiff,find_and_suppress,202,1045.0,205.0,0.81021595,0.0,0.0,1.0,non_human_findings,-1.0,0.0
301.tiff,find_and_suppress,203,6194.0,3969.0,0.8101512,0.0,0.0,1.0,non_human_findings,-1.0,0.0
301.tiff,find_and_suppress,204,359.0,898.0,0.8098985,0.0,0.0,1.0,non_human_findings,-1.0,0.0
301.tiff,find_and_suppress,205,734.0,852.0,0.8096403,0.0,0.0,1.0,non_human_findings,-1.0,0.0
301.tiff,find_and_suppress,206,139.0,4681.0,0.8096164,0.0,0.0,1.0,non_human_findings,-1.0,0.0
301.tiff,find_and_suppress,207,620.0,921.0,0.8096089,0.0,0.0,1.0,non_human_findings,-1.0,0.0
301.tiff,find_and_suppress,208,1004.0,436.0,0.8095052,0.0,0.0,1.0,non_human_findings,-1.0,0.0
301.tiff,find_and_suppress,209,217.0,2718.0,0.8091675,0.0,0.0,1.0,non_human_findings,-1.0,0.0
301.tiff,find_and_suppress,210,1128.0,2342.0,0.8090935,0.0,0.0,1.0,non_human_findings,-1.0,0.0
301.tiff,find_and_suppress,211,3659.0,4410.0,0.8090038,0.0,0.0,1.0,human_rejected_label,15006.0,2.0
301.tiff,find_and_suppress,212,4481.0,1021.0,0.80874795,0.0,0.0,1.0,non_human_findings,-1.0,0.0
301.tiff,find_and_suppress,213,4048.0,1975.0,0.8083522,0.0,0.0,1.0,non_human_findings,-1.0,0.0
301.tiff,find_and_suppress,214,6222.0,2269.0,0.8083253,0.0,0.0,1.0,non_human_findings,-1.0,0.0
301.tiff,find_and_suppress,215,2445.0,250.0,0.8082691,0.0,0.0,1.0,non_human_findings,-1.0,0.0
301.tiff,find_and_suppress,216,2980.0,2552.0,0.8076362,0.0,0.0,1.0,non_human_findings,-1.0,0.0
301.tiff,find_and_suppress,217,4571.0,1908.0,0.80763537,0.0,0.0,1.0,non_human_findings,-1.0,0.0
301.tiff,find_and_suppress,218,1814.0,4616.0,0.8075968,0.0,0.0,1.0,non_human_findings,-1.0,0.0
301.tiff,find_and_suppress,219,290.0,1029.0,0.807491,0.0,0.0,1.0,non_human_findings,-1.0,0.0
301.tiff,find_and_suppress,220,4521.0,1014.0,0.807339,0.0,0.0,1.0,human_correct_label,14812.0,1.0
301.tiff,find_and_suppress,221,2948.0,2641.0,0.8071968,0.0,0.0,1.0,non_human_findings,-1.0,0.0
301.tiff,find_and_suppress,222,555.0,979.0,0.80711806,0.0,0.0,1.0,non_human_findings,-1.0,0.0
301.tiff,find_and_suppress,223,455.0,488.0,0.8068305,0.0,0.0,1.0,non_human_findings,-1.0,0.0
301.tiff,find_and_suppress,224,78.0,918.0,0.806696,0.0,0.0,1.0,non_human_findings,-1.0,0.0
301.tiff,find_and_suppress,225,913.0,2809.0,0.80636567,0.0,0.0,1.0,non_human_findings,-1.0,0.0
301.tiff,find_and_suppress,226,4879.0,4314.0,0.80626005,0.0,0.0,1.0,human_correct_label,15008.0,1.0
301.tiff,find_and_suppress,227,765.0,210.0,0.8062175,0.0,0.0,1.0,non_human_findings,-1.0,0.0
301.tiff,find_and_suppress,228,791.0,17.0,0.8062006,0.0,0.0,1.0,non_human_findings,-1.0,0.0
301.tiff,find_and_suppress,229,4772.0,591.0,0.8061584,0.0,0.0,1.0,non_human_findings,-1.0,0.0
301.tiff,find_and_suppress,230,5087.0,3751.0,0.8061528,0.0,0.0,1.0,human_correct_label,14960.0,1.0
301.tiff,find_and_suppress,231,2183.0,3544.0,0.80555964,0.0,0.0,1.0,non_human_findings,-1.0,0.0
301.tiff,find_and_suppress,232,5687.0,2580.0,0.80553526,0.0,0.0,1.0,non_human_findings,-1.0,0.0
301.tiff,find_and_suppress,233,2886.0,175.0,0.80543387,0.0,0.0,1.0,non_human_findings,-1.0,0.0
301.tiff,find_and_suppress,234,1209.0,1812.0,0.80542576,0.0,0.0,1.0,non_human_findings,-1.0,0.0
301.tiff,find_and_suppress,235,22.0,1045.0,0.80519474,0.0,0.0,1.0,non_human_findings,-1.0,0.0
301.tiff,find_and_suppress,236,2280.0,1185.0,0.8051749,0.0,0.0,1.0,human_rejected_label,14801.0,2.0
301.tiff,find_and_suppress,237,3328.0,732.0,0.80514234,0.0,0.0,1.0,non_human_findings,-1.0,0.0
301.tiff,find_and_suppress,238,4645.0,1728.0,0.8050927,0.0,0.0,1.0,non_human_findings,-1.0,0.0
301.tiff,find_and_suppress,239,923.0,3043.0,0.8049994,0.0,0.0,1.0,non_human_findings,-1.0,0.0
301.tiff,find_and_suppress,240,3223.0,3408.0,0.8049789,0.0,0.0,1.0,non_human_findings,-1.0,0.0
301.tiff,find_and_suppress,241,1269.0,4808.0,0.8048122,0.0,0.0,1.0,non_human_findings,-1.0,0.0
301.tiff,find_and_suppress,242,4942.0,3254.0,0.80459064,0.0,0.0,1.0,non_human_findings,-1.0,0.0
301.tiff,find_and_suppress,243,1825.0,2068.0,0.80444324,0.0,0.0,1.0,non_human_findings,-1.0,0.0
301.tiff,find_and_suppress,244,501.0,1896.0,0.80441386,0.0,0.0,1.0,non_human_findings,-1.0,0.0
301.tiff,find_and_suppress,245,1669.0,3282.0,0.80432045,0.0,0.0,1.0,non_human_findings,-1.0,0.0
301.tiff,find_and_suppress,246,1009.0,384.0,0.8040811,0.0,0.0,1.0,non_human_findings,-1.0,0.0
301.tiff,find_and_suppress,247,1046.0,418.0,0.8040002,0.0,0.0,1.0,non_human_findings,-1.0,0.0
301.tiff,find_and_suppress,248,6282.0,1299.0,0.80392325,0.0,0.0,1.0,non_human_findings,-1.0,0.0
301.tiff,find_and_suppress,249,35.0,1446.0,0.8038731,0.0,0.0,1.0,non_human_findings,-1.0,0.0
301.tiff,find_and_suppress,250,731.0,290.0,0.80384713,0.0,0.0,1.0,non_human_findings,-1.0,0.0
301.tiff,find_and_suppress,251,5646.0,2841.0,0.80384153,0.0,0.0,1.0,non_human_findings,-1.0,0.0
301.tiff,find_and_suppress,252,1911.0,4392.0,0.8035926,0.0,0.0,1.0,human_rejected_label,14994.0,2.0
301.tiff,find_and_suppress,253,3010.0,2434.0,0.8034152,0.0,0.0,1.0,non_human_findings,-1.0,0.0
301.tiff,find_and_suppress,254,2181.0,1681.0,0.80290943,0.0,0.0,1.0,human_correct_label,14842.0,1.0
301.tiff,find_and_suppress,255,5629.0,4445.0,0.8028768,0.0,0.0,1.0,human_correct_label,15011.0,1.0
301.tiff,find_and_suppress,256,5594.0,811.0,0.802872,0.0,0.0,1.0,non_human_findings,-1.0,0.0
301.tiff,find_and_suppress,257,2601.0,2051.0,0.8028419,0.0,0.0,1.0,non_human_findings,-1.0,0.0
301.tiff,find_and_suppress,258,981.0,208.0,0.8027853,0.0,0.0,1.0,non_human_findings,-1.0,0.0
301.tiff,find_and_suppress,259,4501.0,3582.0,0.8026843,0.0,0.0,1.0,non_human_findings,-1.0,0.0
301.tiff,find_and_suppress,260,112.0,2958.0,0.80260146,0.0,0.0,1.0,non_human_findings,-1.0,0.0
301.tiff,find_and_suppress,261,5876.0,507.0,0.80253345,0.0,0.0,1.0,non_human_findings,-1.0,0.0
301.tiff,find_and_suppress,262,6127.0,4148.0,0.80253196,0.0,0.0,1.0,non_human_findings,-1.0,0.0
301.tiff,find_and_suppress,263,3222.0,2391.0,0.8025058,0.0,0.0,1.0,non_human_findings,-1.0,0.0
301.tiff,find_and_suppress,264,4861.0,1351.0,0.8024133,0.0,0.0,1.0,non_human_findings,-1.0,0.0
301.tiff,find_and_suppress,265,5126.0,1882.0,0.8023487,0.0,0.0,1.0,non_human_findings,-1.0,0.0
301.tiff,find_and_suppress,266,785.0,514.0,0.8021575,0.0,0.0,1.0,non_human_findings,-1.0,0.0
301.tiff,find_and_suppress,267,6329.0,3193.0,0.8021075,0.0,0.0,1.0,non_human_findings,-1.0,0.0
301.tiff,find_and_suppress,268,773.0,1920.0,0.8020512,0.0,0.0,1.0,non_human_findings,-1.0,0.0
301.tiff,find_and_suppress,269,5569.0,3762.0,0.8020433,0.0,0.0,1.0,non_human_findings,-1.0,0.0
301.tiff,find_and_suppress,270,3350.0,2247.0,0.8019322,0.0,0.0,1.0,non_human_findings,-1.0,0.0
301.tiff,find_and_suppress,271,1279.0,1571.0,0.8019101,0.0,0.0,1.0,human_correct_label,14788.0,1.0
301.tiff,find_and_suppress,272,2676.0,1998.0,0.8018548,0.0,0.0,1.0,non_human_findings,-1.0,0.0
301.tiff,find_and_suppress,273,2609.0,400.0,0.80167776,0.0,0.0,1.0,human_rejected_label,15042.0,2.0
301.tiff,find_and_suppress,274,693.0,1768.0,0.80158675,0.0,0.0,1.0,non_human_findings,-1.0,0.0
301.tiff,find_and_suppress,275,1856.0,1492.0,0.8015045,0.0,0.0,1.0,human_correct_label,14798.0,1.0
301.tiff,find_and_suppress,276,1224.0,3586.0,0.80137736,0.0,0.0,1.0,non_human_findings,-1.0,0.0
301.tiff,find_and_suppress,277,5632.0,2431.0,0.80136013,0.0,0.0,1.0,human_correct_label,14918.0,1.0
301.tiff,find_and_suppress,278,6184.0,1383.0,0.80097,0.0,0.0,1.0,human_correct_label,14824.0,1.0
301.tiff,find_and_suppress,279,3049.0,1482.0,0.8008811,0.0,0.0,1.0,non_human_findings,-1.0,0.0
301.tiff,find_and_suppress,280,1522.0,4421.0,0.80076027,0.0,0.0,1.0,non_human_findings,-1.0,0.0
301.tiff,find_and_suppress,281,643.0,514.0,0.80059403,0.0,0.0,1.0,non_human_findings,-1.0,0.0
301.tiff,find_and_suppress,282,5595.0,3635.0,0.80055004,0.0,0.0,1.0,non_human_findings,-1.0,0.0
301.tiff,find_and_suppress,283,1477.0,1379.0,0.8004517,0.0,0.0,1.0,non_human_findings,-1.0,0.0
301.tiff,find_and_suppress,284,139.0,2092.0,0.80038375,0.0,0.0,1.0,non_human_findings,-1.0,0.0
301.tiff,find_and_suppress,285,516.0,1006.0,0.8002077,0.0,0.0,1.0,non_human_findings,-1.0,0.0
301.tiff,find_and_suppress,286,462.0,890.0,0.80018204,0.0,0.0,1.0,non_human_findings,-1.0,0.0
301.tiff,find_and_suppress,287,1212.0,174.0,0.8001349,0.0,0.0,1.0,non_human_findings,-1.0,0.0
301.tiff,find_and_suppress,288,5759.0,3101.0,0.8000099,0.0,0.0,1.0,non_human_findings,-1.0,0.0
301.tiff,find_and_suppress,289,114.0,1441.0,0.7999131,0.0,0.0,1.0,non_human_findings,-1.0,0.0
301.tiff,find_and_suppress,290,188.0,2391.0,0.7997208,0.0,0.0,1.0,non_human_findings,-1.0,0.0
301.tiff,find_and_suppress,291,3771.0,3535.0,0.7996478,0.0,0.0,1.0,non_human_findings,-1.0,0.0
301.tiff,find_and_suppress,292,4576.0,1813.0,0.79949653,0.0,0.0,1.0,non_human_findings,-1.0,0.0
301.tiff,find_and_suppress,293,3324.0,2150.0,0.7994174,0.0,0.0,1.0,non_human_findings,-1.0,0.0
301.tiff,find_and_suppress,294,6399.0,3513.0,0.7993711,0.0,0.0,1.0,non_human_findings,-1.0,0.0
301.tiff,find_and_suppress,295,6415.0,498.0,0.79933894,0.0,0.0,1.0,non_human_findings,-1.0,0.0
301.tiff,find_and_suppress,296,5289.0,2143.0,0.79933,0.0,0.0,1.0,non_human_findings,-1.0,0.0
301.tiff,find_and_suppress,297,2713.0,2021.0,0.7991444,0.0,0.0,1.0,non_human_findings,-1.0,0.0
301.tiff,find_and_suppress,298,1275.0,117.0,0.79885936,0.0,0.0,1.0,non_human_findings,-1.0,0.0
301.tiff,find_and_suppress,299,1018.0,2317.0,0.7988439,0.0,0.0,1.0,non_human_findings,-1.0,0.0
301.tiff,find_and_suppress,300,5508.0,2280.0,0.79875124,0.0,0.0,1.0,non_human_findings,-1.0,0.0
301.tiff,find_and_suppress,301,530.0,780.0,0.7987399,0.0,0.0,1.0,non_human_findings,-1.0,0.0
301.tiff,find_and_suppress,302,3335.0,1134.0,0.7986891,0.0,0.0,1.0,non_human_findings,-1.0,0.0
301.tiff,find_and_suppress,303,838.0,2013.0,0.79853207,0.0,0.0,1.0,non_human_findings,-1.0,0.0
301.tiff,find_and_suppress,304,587.0,2657.0,0.7983966,0.0,0.0,1.0,non_human_findings,-1.0,0.0
301.tiff,find_and_suppress,305,1130.0,25.0,0.79807,0.0,0.0,1.0,non_human_findings,-1.0,0.0
301.tiff,find_and_suppress,306,1455.0,546.0,0.79799956,0.0,0.0,1.0,human_correct_label,14731.0,1.0
301.tiff,find_and_suppress,307,3469.0,3329.0,0.79796326,0.0,0.0,1.0,non_human_findings,-1.0,0.0
301.tiff,find_and_suppress,308,4871.0,4411.0,0.79760706,0.0,0.0,1.0,non_human_findings,-1.0,0.0
301.tiff,find_and_suppress,309,5903.0,1973.0,0.797536,0.0,0.0,1.0,non_human_findings,-1.0,0.0
301.tiff,find_and_suppress,310,1414.0,1591.0,0.79748046,0.0,0.0,1.0,non_human_findings,-1.0,0.0
301.tiff,find_and_suppress,311,5983.0,1404.0,0.79742074,0.0,0.0,1.0,non_human_findings,-1.0,0.0
301.tiff,find_and_suppress,312,3052.0,3805.0,0.7973368,0.0,0.0,1.0,non_human_findings,-1.0,0.0
301.tiff,find_and_suppress,313,5876.0,2723.0,0.7972802,0.0,0.0,1.0,non_human_findings,-1.0,0.0
301.tiff,find_and_suppress,314,1041.0,2710.0,0.79725575,0.0,0.0,1.0,non_human_findings,-1.0,0.0
301.tiff,find_and_suppress,315,565.0,4384.0,0.79710525,0.0,0.0,1.0,non_human_findings,-1.0,0.0
301.tiff,find_and_suppress,316,3994.0,4325.0,0.7971036,0.0,0.0,1.0,human_correct_label,14999.0,1.0
301.tiff,find_and_suppress,317,1293.0,1425.0,0.79691297,0.0,0.0,1.0,non_human_findings,-1.0,0.0
301.tiff,find_and_suppress,318,4109.0,1178.0,0.7967929,0.0,0.0,1.0,non_human_findings,-1.0,0.0
301.tiff,find_and_suppress,319,489.0,2147.0,0.79661167,0.0,0.0,1.0,non_human_findings,-1.0,0.0
301.tiff,find_and_suppress,320,2573.0,2441.0,0.7964921,0.0,0.0,1.0,non_human_findings,-1.0,0.0
301.tiff,find_and_suppress,321,5824.0,2380.0,0.79636717,0.0,0.0,1.0,non_human_findings,-1.0,0.0
301.tiff,find_and_suppress,322,3862.0,4553.0,0.7963561,0.0,0.0,1.0,non_human_findings,-1.0,0.0
301.tiff,find_and_suppress,323,197.0,1581.0,0.7962685,0.0,0.0,1.0,human_correct_label,14784.0,1.0
301.tiff,find_and_suppress,324,6091.0,1261.0,0.79617953,0.0,0.0,1.0,non_human_findings,-1.0,0.0
301.tiff,find_and_suppress,325,2615.0,1799.0,0.7960207,0.0,0.0,1.0,non_human_findings,-1.0,0.0
301.tiff,find_and_suppress,326,6355.0,2062.0,0.79599935,0.0,0.0,1.0,non_human_findings,-1.0,0.0
301.tiff,find_and_suppress,327,1168.0,439.0,0.7958504,0.0,0.0,1.0,non_human_findings,-1.0,0.0
301.tiff,find_and_suppress,328,674.0,453.0,0.79580414,0.0,0.0,1.0,non_human_findings,-1.0,0.0
301.tiff,find_and_suppress,329,2968.0,3281.0,0.7957832,0.0,0.0,1.0,non_human_findings,-1.0,0.0
301.tiff,find_and_suppress,330,578.0,913.0,0.7956275,0.0,0.0,1.0,non_human_findings,-1.0,0.0
301.tiff,find_and_suppress,331,3423.0,3687.0,0.795622,0.0,0.0,1.0,non_human_findings,-1.0,0.0
301.tiff,find_and_suppress,332,5887.0,2648.0,0.79561675,0.0,0.0,1.0,non_human_findings,-1.0,0.0
301.tiff,find_and_suppress,333,5928.0,2632.0,0.7956092,0.0,0.0,1.0,non_human_findings,-1.0,0.0
301.tiff,find_and_suppress,334,5754.0,2752.0,0.795429,0.0,0.0,1.0,non_human_findings,-1.0,0.0
301.tiff,find_and_suppress,335,6222.0,2820.0,0.7953681,0.0,0.0,1.0,non_human_findings,-1.0,0.0
301.tiff,find_and_suppress,336,949.0,2611.0,0.7952607,0.0,0.0,1.0,non_human_findings,-1.0,0.0
301.tiff,find_and_suppress,337,1164.0,160.0,0.79517627,0.0,0.0,1.0,non_human_findings,-1.0,0.0
301.tiff,find_and_suppress,338,4377.0,4627.0,0.795127,0.0,0.0,1.0,non_human_findings,-1.0,0.0
301.tiff,find_and_suppress,339,1833.0,2104.0,0.79510677,0.0,0.0,1.0,non_human_findings,-1.0,0.0
301.tiff,find_and_suppress,340,255.0,4781.0,0.7950647,0.0,0.0,1.0,non_human_findings,-1.0,0.0
301.tiff,find_and_suppress,341,1479.0,4391.0,0.7948805,0.0,0.0,1.0,human_correct_label,14983.0,1.0
301.tiff,find_and_suppress,342,2329.0,3672.0,0.79487777,0.0,0.0,1.0,non_human_findings,-1.0,0.0
301.tiff,find_and_suppress,343,4913.0,1331.0,0.7947958,0.0,0.0,1.0,human_correct_label,14816.0,1.0
301.tiff,find_and_suppress,344,273.0,4753.0,0.7947562,0.0,0.0,1.0,non_human_findings,-1.0,0.0
301.tiff,find_and_suppress,345,863.0,150.0,0.7947473,0.0,0.0,1.0,non_human_findings,-1.0,0.0
301.tiff,find_and_suppress,346,1261.0,1620.0,0.7947197,0.0,0.0,1.0,non_human_findings,-1.0,0.0
301.tiff,find_and_suppress,347,44.0,4284.0,0.7946673,0.0,0.0,1.0,non_human_findings,-1.0,0.0
301.tiff,find_and_suppress,348,1749.0,2637.0,0.79466265,0.0,0.0,1.0,non_human_findings,-1.0,0.0
301.tiff,find_and_suppress,349,6258.0,3791.0,0.7945393,0.0,0.0,1.0,non_human_findings,-1.0,0.0
301.tiff,find_and_suppress,350,2309.0,3170.0,0.7944717,0.0,0.0,1.0,non_human_findings,-1.0,0.0
301.tiff,find_and_suppress,351,108.0,4360.0,0.7941741,0.0,0.0,1.0,non_human_findings,-1.0,0.0
301.tiff,find_and_suppress,352,5561.0,2006.0,0.79407185,0.0,0.0,1.0,non_human_findings,-1.0,0.0
301.tiff,find_and_suppress,353,3150.0,1119.0,0.79406446,0.0,0.0,1.0,non_human_findings,-1.0,0.0
301.tiff,find_and_suppress,354,428.0,3307.0,0.7940225,0.0,0.0,1.0,non_human_findings,-1.0,0.0
301.tiff,find_and_suppress,355,717.0,586.0,0.7937719,0.0,0.0,1.0,non_human_findings,-1.0,0.0
301.tiff,find_and_suppress,356,4417.0,1220.0,0.7937622,0.0,0.0,1.0,non_human_findings,-1.0,0.0
301.tiff,find_and_suppress,357,3536.0,2454.0,0.79361695,0.0,0.0,1.0,non_human_findings,-1.0,0.0
301.tiff,find_and_suppress,358,3475.0,3366.0,0.79357105,0.0,0.0,1.0,non_human_findings,-1.0,0.0
301.tiff,find_and_suppress,359,5328.0,2257.0,0.7933099,0.0,0.0,1.0,non_human_findings,-1.0,0.0
301.tiff,find_and_suppress,360,1476.0,2343.0,0.79322946,0.0,0.0,1.0,human_correct_label,14833.0,1.0
301.tiff,find_and_suppress,361,5571.0,4640.0,0.7931837,0.0,0.0,1.0,non_human_findings,-1.0,0.0
301.tiff,find_and_suppress,362,837.0,4592.0,0.79308754,0.0,0.0,1.0,non_human_findings,-1.0,0.0
301.tiff,find_and_suppress,363,6338.0,643.0,0.7930823,0.0,0.0,1.0,non_human_findings,-1.0,0.0
301.tiff,find_and_suppress,364,3152.0,4597.0,0.79292285,0.0,0.0,1.0,non_human_findings,-1.0,0.0
301.tiff,find_and_suppress,365,3014.0,3381.0,0.7928067,0.0,0.0,1.0,non_human_findings,-1.0,0.0
301.tiff,find_and_suppress,366,5176.0,2095.0,0.79268223,0.0,0.0,1.0,human_correct_label,14866.0,1.0
301.tiff,find_and_suppress,367,4141.0,2871.0,0.79265434,0.0,0.0,1.0,non_human_findings,-1.0,0.0
301.tiff,find_and_suppress,368,4664.0,4152.0,0.79261076,0.0,0.0,1.0,non_human_findings,-1.0,0.0
301.tiff,find_and_suppress,369,26.0,3864.0,0.79236317,0.0,0.0,1.0,non_human_findings,-1.0,0.0
301.tiff,find_and_suppress,370,6224.0,3670.0,0.7922673,0.0,0.0,1.0,non_human_findings,-1.0,0.0
301.tiff,find_and_suppress,371,6114.0,3454.0,0.79224366,0.0,0.0,1.0,non_human_findings,-1.0,0.0
301.tiff,find_and_suppress,372,310.0,1770.0,0.7921285,0.0,0.0,1.0,non_human_findings,-1.0,0.0
301.tiff,find_and_suppress,373,1659.0,2097.0,0.7919899,0.0,0.0,1.0,human_correct_label,14839.0,1.0
301.tiff,find_and_suppress,374,1352.0,2927.0,0.7919766,0.0,0.0,1.0,non_human_findings,-1.0,0.0
301.tiff,find_and_suppress,375,5199.0,2259.0,0.7916175,0.0,0.0,1.0,non_human_findings,-1.0,0.0
301.tiff,find_and_suppress,376,1995.0,289.0,0.7916006,0.0,0.0,1.0,non_human_findings,-1.0,0.0
301.tiff,find_and_suppress,377,4344.0,684.0,0.7915621,0.0,0.0,1.0,human_correct_label,14755.0,1.0
301.tiff,find_and_suppress,378,2622.0,4697.0,0.7915557,0.0,0.0,1.0,non_human_findings,-1.0,0.0
301.tiff,find_and_suppress,379,5110.0,4232.0,0.7915204,0.0,0.0,1.0,non_human_findings,-1.0,0.0
301.tiff,find_and_suppress,380,415.0,3163.0,0.791461,0.0,0.0,1.0,non_human_findings,-1.0,0.0
301.tiff,find_and_suppress,381,491.0,2190.0,0.79144174,0.0,0.0,1.0,human_correct_label,14837.0,1.0
301.tiff,find_and_suppress,382,880.0,1039.0,0.79128385,0.0,0.0,1.0,non_human_findings,-1.0,0.0
301.tiff,find_and_suppress,383,4341.0,4055.0,0.7910624,0.0,0.0,1.0,non_human_findings,-1.0,0.0
301.tiff,find_and_suppress,384,1181.0,322.0,0.7909306,0.0,0.0,1.0,non_human_findings,-1.0,0.0
301.tiff,find_and_suppress,385,5438.0,2619.0,0.7909031,0.0,0.0,1.0,human_rejected_label,14919.0,2.0
301.tiff,find_and_suppress,386,5716.0,791.0,0.7908298,0.0,0.0,1.0,non_human_findings,-1.0,0.0
301.tiff,find_and_suppress,387,953.0,3173.0,0.79075795,0.0,0.0,1.0,non_human_findings,-1.0,0.0
301.tiff,find_and_suppress,388,6399.0,4619.0,0.7906622,0.0,0.0,1.0,non_human_findings,-1.0,0.0
301.tiff,find_and_suppress,389,654.0,1744.0,0.79064053,0.0,0.0,1.0,non_human_findings,-1.0,0.0
301.tiff,find_and_suppress,390,4448.0,1572.0,0.79061234,0.0,0.0,1.0,non_human_findings,-1.0,0.0
301.tiff,find_and_suppress,391,4060.0,2731.0,0.7905751,0.0,0.0,1.0,non_human_findings,-1.0,0.0
301.tiff,find_and_suppress,392,6062.0,711.0,0.790525,0.0,0.0,1.0,non_human_findings,-1.0,0.0
301.tiff,find_and_suppress,393,3662.0,1199.0,0.790422,0.0,0.0,1.0,non_human_findings,-1.0,0.0
301.tiff,find_and_suppress,394,4085.0,3190.0,0.79026073,0.0,0.0,1.0,non_human_findings,-1.0,0.0
301.tiff,find_and_suppress,395,5028.0,3371.0,0.79025215,0.0,0.0,1.0,non_human_findings,-1.0,0.0
301.tiff,find_and_suppress,396,834.0,60.0,0.790238,0.0,0.0,1.0,non_human_findings,-1.0,0.0
301.tiff,find_and_suppress,397,959.0,260.0,0.79020333,0.0,0.0,1.0,non_human_findings,-1.0,0.0
301.tiff,find_and_suppress,398,687.0,2348.0,0.7900911,0.0,0.0,1.0,non_human_findings,-1.0,0.0
301.tiff,find_and_suppress,399,4946.0,223.0,0.79005235,0.0,0.0,1.0,non_human_findings,-1.0,0.0
301.tiff,find_and_suppress,400,994.0,3974.0,0.7900195,0.0,0.0,1.0,human_correct_label,14985.0,1.0
301.tiff,find_and_suppress,401,4719.0,2586.0,0.790006,0.0,0.0,1.0,non_human_findings,-1.0,0.0
301.tiff,find_and_suppress,402,6098.0,3853.0,0.7899425,0.0,0.0,1.0,human_correct_label,14970.0,1.0
301.tiff,find_and_suppress,403,6178.0,2878.0,0.78990334,0.0,0.0,1.0,non_human_findings,-1.0,0.0
301.tiff,find_and_suppress,404,2220.0,538.0,0.7898878,0.0,0.0,1.0,non_human_findings,-1.0,0.0
301.tiff,find_and_suppress,405,6117.0,2909.0,0.789773,0.0,0.0,1.0,non_human_findings,-1.0,0.0
301.tiff,find_and_suppress,406,4293.0,1023.0,0.78942084,0.0,0.0,1.0,non_human_findings,-1.0,0.0
301.tiff,find_and_suppress,407,6415.0,436.0,0.7893589,0.0,0.0,1.0,non_human_findings,-1.0,0.0
301.tiff,find_and_suppress,408,3956.0,1713.0,0.78922015,0.0,0.0,1.0,non_human_findings,-1.0,0.0
301.tiff,find_and_suppress,409,1532.0,2587.0,0.78918266,0.0,0.0,1.0,non_human_findings,-1.0,0.0
301.tiff,find_and_suppress,410,1777.0,3212.0,0.7890068,0.0,0.0,1.0,non_human_findings,-1.0,0.0
301.tiff,find_and_suppress,411,5252.0,3061.0,0.7889057,0.0,0.0,1.0,human_correct_label,14916.0,1.0
301.tiff,find_and_suppress,412,1517.0,1674.0,0.7888161,0.0,0.0,1.0,non_human_findings,-1.0,0.0
301.tiff,find_and_suppress,413,3071.0,3687.0,0.7887922,0.0,0.0,1.0,non_human_findings,-1.0,0.0
301.tiff,find_and_suppress,414,545.0,598.0,0.7886818,0.0,0.0,1.0,non_human_findings,-1.0,0.0
301.tiff,find_and_suppress,415,630.0,2590.0,0.788633,0.0,0.0,1.0,non_human_findings,-1.0,0.0
301.tiff,find_and_suppress,416,5693.0,3662.0,0.78846425,0.0,0.0,1.0,non_human_findings,-1.0,0.0
301.tiff,find_and_suppress,417,1578.0,4726.0,0.7884042,0.0,0.0,1.0,non_human_findings,-1.0,0.0
301.tiff,find_and_suppress,418,3742.0,3083.0,0.78839,0.0,0.0,1.0,non_human_findings,-1.0,0.0
301.tiff,find_and_suppress,419,2205.0,3412.0,0.7883296,0.0,0.0,1.0,non_human_findings,-1.0,0.0
301.tiff,find_and_suppress,420,3635.0,4816.0,0.78829753,0.0,0.0,1.0,non_human_findings,-1.0,0.0
301.tiff,find_and_suppress,421,6261.0,4761.0,0.7882779,0.0,0.0,1.0,non_human_findings,-1.0,0.0
301.tiff,find_and_suppress,422,1764.0,1723.0,0.7881555,0.0,0.0,1.0,non_human_findings,-1.0,0.0
301.tiff,find_and_suppress,423,649.0,1711.0,0.78786343,0.0,0.0,1.0,non_human_findings,-1.0,0.0
301.tiff,find_and_suppress,424,3013.0,2664.0,0.78775877,0.0,0.0,1.0,non_human_findings,-1.0,0.0
301.tiff,find_and_suppress,425,4930.0,3450.0,0.7877179,0.0,0.0,1.0,human_correct_label,14958.0,1.0
301.tiff,find_and_suppress,426,3871.0,2776.0,0.7877092,0.0,0.0,1.0,non_human_findings,-1.0,0.0
301.tiff,find_and_suppress,427,5598.0,1299.0,0.7876448,0.0,0.0,1.0,non_human_findings,-1.0,0.0
301.tiff,find_and_suppress,428,3784.0,3723.0,0.78761905,0.0,0.0,1.0,non_human_findings,-1.0,0.0
301.tiff,find_and_suppress,429,885.0,519.0,0.78757715,0.0,0.0,1.0,non_human_findings,-1.0,0.0
301.tiff,find_and_suppress,430,3273.0,2801.0,0.78756195,0.0,0.0,1.0,non_human_findings,-1.0,0.0
301.tiff,find_and_suppress,431,2756.0,4741.0,0.7872854,0.0,0.0,1.0,non_human_findings,-1.0,0.0
301.tiff,find_and_suppress,432,5540.0,4794.0,0.7872532,0.0,0.0,1.0,non_human_findings,-1.0,0.0
301.tiff,find_and_suppress,433,5556.0,2925.0,0.7871711,0.0,0.0,1.0,non_human_findings,-1.0,0.0
301.tiff,find_and_suppress,434,491.0,1974.0,0.7870527,0.0,0.0,1.0,non_human_findings,-1.0,0.0
301.tiff,find_and_suppress,435,693.0,617.0,0.7869109,0.0,0.0,1.0,non_human_findings,-1.0,0.0
301.tiff,find_and_suppress,436,2102.0,1691.0,0.7868646,0.0,0.0,1.0,non_human_findings,-1.0,0.0
301.tiff,find_and_suppress,437,3066.0,1080.0,0.786786,0.0,0.0,1.0,non_human_findings,-1.0,0.0
301.tiff,find_and_suppress,438,986.0,2469.0,0.7867529,0.0,0.0,1.0,non_human_findings,-1.0,0.0
301.tiff,find_and_suppress,439,4270.0,3112.0,0.78668743,0.0,0.0,1.0,non_human_findings,-1.0,0.0
301.tiff,find_and_suppress,440,1118.0,428.0,0.7866355,0.0,0.0,1.0,non_human_findings,-1.0,0.0
301.tiff,find_and_suppress,441,4185.0,2410.0,0.78660005,0.0,0.0,1.0,non_human_findings,-1.0,0.0
301.tiff,find_and_suppress,442,6416.0,2325.0,0.7865472,0.0,0.0,1.0,non_human_findings,-1.0,0.0
301.tiff,find_and_suppress,443,6225.0,409.0,0.7865074,0.0,0.0,1.0,non_human_findings,-1.0,0.0
301.tiff,find_and_suppress,444,4161.0,2210.0,0.7864985,0.0,0.0,1.0,non_human_findings,-1.0,0.0
301.tiff,find_and_suppress,445,1107.0,1382.0,0.7861572,0.0,0.0,1.0,non_human_findings,-1.0,0.0
301.tiff,find_and_suppress,446,1278.0,235.0,0.7861461,0.0,0.0,1.0,non_human_findings,-1.0,0.0
301.tiff,find_and_suppress,447,6152.0,2816.0,0.786019,0.0,0.0,1.0,non_human_findings,-1.0,0.0
301.tiff,find_and_suppress,448,254.0,778.0,0.78583163,0.0,0.0,1.0,non_human_findings,-1.0,0.0
301.tiff,find_and_suppress,449,4642.0,2261.0,0.785825,0.0,0.0,1.0,non_human_findings,-1.0,0.0
301.tiff,find_and_suppress,450,93.0,4083.0,0.7858187,0.0,0.0,1.0,non_human_findings,-1.0,0.0
301.tiff,find_and_suppress,451,5198.0,2289.0,0.7857956,0.0,0.0,1.0,non_human_findings,-1.0,0.0
301.tiff,find_and_suppress,452,3331.0,1838.0,0.78579,0.0,0.0,1.0,non_human_findings,-1.0,0.0
301.tiff,find_and_suppress,453,3098.0,2744.0,0.78562033,0.0,0.0,1.0,non_human_findings,-1.0,0.0
301.tiff,find_and_suppress,454,2845.0,1282.0,0.7855236,0.0,0.0,1.0,non_human_findings,-1.0,0.0
301.tiff,find_and_suppress,455,706.0,491.0,0.7855225,0.0,0.0,1.0,non_human_findings,-1.0,0.0
301.tiff,find_and_suppress,456,3316.0,2240.0,0.7854209,0.0,0.0,1.0,non_human_findings,-1.0,0.0
301.tiff,find_and_suppress,457,2819.0,628.0,0.78540254,0.0,0.0,1.0,non_human_findings,-1.0,0.0
301.tiff,find_and_suppress,458,395.0,1032.0,0.78524697,0.0,0.0,1.0,non_human_findings,-1.0,0.0
301.tiff,find_and_suppress,459,5744.0,2787.0,0.78508246,0.0,0.0,1.0,non_human_findings,-1.0,0.0
301.tiff,find_and_suppress,460,1076.0,460.0,0.78507084,0.0,0.0,1.0,non_human_findings,-1.0,0.0
301.tiff,find_and_suppress,461,6088.0,3724.0,0.7850166,0.0,0.0,1.0,non_human_findings,-1.0,0.0
301.tiff,find_and_suppress,462,3255.0,3765.0,0.7848695,0.0,0.0,1.0,non_human_findings,-1.0,0.0
301.tiff,find_and_suppress,463,2094.0,4748.0,0.78480583,0.0,0.0,1.0,non_human_findings,-1.0,0.0
301.tiff,find_and_suppress,464,1851.0,372.0,0.78457403,0.0,0.0,1.0,non_human_findings,-1.0,0.0
301.tiff,find_and_suppress,465,819.0,517.0,0.78450704,0.0,0.0,1.0,non_human_findings,-1.0,0.0
301.tiff,find_and_suppress,466,4921.0,2966.0,0.78444254,0.0,0.0,1.0,non_human_findings,-1.0,0.0
301.tiff,find_and_suppress,467,4651.0,61.0,0.78444064,0.0,0.0,1.0,non_human_findings,-1.0,0.0
301.tiff,find_and_suppress,468,5504.0,1172.0,0.7842602,0.0,0.0,1.0,non_human_findings,-1.0,0.0
301.tiff,find_and_suppress,469,1705.0,615.0,0.78409946,0.0,0.0,1.0,non_human_findings,-1.0,0.0
301.tiff,find_and_suppress,470,6034.0,2403.0,0.78408587,0.0,0.0,1.0,non_human_findings,-1.0,0.0
301.tiff,find_and_suppress,471,1285.0,3642.0,0.7840054,0.0,0.0,1.0,non_human_findings,-1.0,0.0
301.tiff,find_and_suppress,472,2170.0,2887.0,0.7839593,0.0,0.0,1.0,non_human_findings,-1.0,0.0
301.tiff,find_and_suppress,473,2109.0,3597.0,0.7839019,0.0,0.0,1.0,non_human_findings,-1.0,0.0
301.tiff,find_and_suppress,474,4556.0,2197.0,0.7838842,0.0,0.0,1.0,non_human_findings,-1.0,0.0
301.tiff,find_and_suppress,475,5821.0,3488.0,0.7837629,0.0,0.0,1.0,non_human_findings,-1.0,0.0
301.tiff,find_and_suppress,476,6161.0,678.0,0.78371686,0.0,0.0,1.0,non_human_findings,-1.0,0.0
301.tiff,find_and_suppress,477,1570.0,1452.0,0.7836698,0.0,0.0,1.0,non_human_findings,-1.0,0.0
301.tiff,find_and_suppress,478,1940.0,2773.0,0.7836,0.0,0.0,1.0,non_human_findings,-1.0,0.0
301.tiff,find_and_suppress,479,1746.0,1799.0,0.78358024,0.0,0.0,1.0,non_human_findings,-1.0,0.0
301.tiff,find_and_suppress,480,763.0,1318.0,0.78354067,0.0,0.0,1.0,non_human_findings,-1.0,0.0
301.tiff,find_and_suppress,481,622.0,4758.0,0.7835306,0.0,0.0,1.0,non_human_findings,-1.0,0.0
301.tiff,find_and_suppress,482,2279.0,715.0,0.78351647,0.0,0.0,1.0,non_human_findings,-1.0,0.0
301.tiff,find_and_suppress,483,168.0,3324.0,0.78351605,0.0,0.0,1.0,non_human_findings,-1.0,0.0
301.tiff,find_and_suppress,484,6420.0,2777.0,0.7834726,0.0,0.0,1.0,non_human_findings,-1.0,0.0
301.tiff,find_and_suppress,485,5008.0,2663.0,0.7833519,0.0,0.0,1.0,non_human_findings,-1.0,0.0
301.tiff,find_and_suppress,486,2269.0,2954.0,0.7832608,0.0,0.0,1.0,non_human_findings,-1.0,0.0
301.tiff,find_and_suppress,487,1672.0,3911.0,0.7831198,0.0,0.0,1.0,non_human_findings,-1.0,0.0
301.tiff,find_and_suppress,488,5415.0,4444.0,0.7829104,0.0,0.0,1.0,human_correct_label,15014.0,1.0
301.tiff,find_and_suppress,489,1014.0,4777.0,0.78279847,0.0,0.0,1.0,non_human_findings,-1.0,0.0
301.tiff,find_and_suppress,490,6228.0,746.0,0.7826927,0.0,0.0,1.0,non_human_findings,-1.0,0.0
301.tiff,find_and_suppress,491,1544.0,1657.0,0.7826682,0.0,0.0,1.0,non_human_findings,-1.0,0.0
301.tiff,find_and_suppress,492,2216.0,1680.0,0.78256714,0.0,0.0,1.0,non_human_findings,-1.0,0.0
301.tiff,find_and_suppress,493,777.0,1796.0,0.7825391,0.0,0.0,1.0,non_human_findings,-1.0,0.0
301.tiff,find_and_suppress,494,3724.0,2438.0,0.7825138,0.0,0.0,1.0,non_human_findings,-1.0,0.0
301.tiff,find_and_suppress,495,5993.0,1238.0,0.7825093,0.0,0.0,1.0,non_human_findings,-1.0,0.0
301.tiff,find_and_suppress,496,4225.0,2838.0,0.7824078,0.0,0.0,1.0,non_human_findings,-1.0,0.0
301.tiff,find_and_suppress,497,6263.0,2721.0,0.7821035,0.0,0.0,1.0,non_human_findings,-1.0,0.0
301.tiff,find_and_suppress,498,5037.0,3304.0,0.7820707,0.0,0.0,1.0,non_human_findings,-1.0,0.0
301.tiff,find_and_suppress,499,2515.0,3971.0,0.7820255,0.0,0.0,1.0,non_human_findings,-1.0,0.0
301.tiff,find_and_suppress,500,5922.0,2207.0,0.78188676,0.0,0.0,1.0,non_human_findings,-1.0,0.0
301.tiff,find_and_suppress,501,3132.0,1454.0,0.7818598,0.0,0.0,1.0,non_human_findings,-1.0,0.0
301.tiff,find_and_suppress,502,170.0,1370.0,0.7818577,0.0,0.0,1.0,non_human_findings,-1.0,0.0
301.tiff,find_and_suppress,503,6011.0,241.0,0.78177387,0.0,0.0,1.0,non_human_findings,-1.0,0.0
301.tiff,find_and_suppress,504,61.0,1383.0,0.7816921,0.0,0.0,1.0,non_human_findings,-1.0,0.0
301.tiff,find_and_suppress,505,4812.0,385.0,0.78164834,0.0,0.0,1.0,human_rejected_label,14774.0,2.0
301.tiff,find_and_suppress,506,5029.0,2387.0,0.7816226,0.0,0.0,1.0,non_human_findings,-1.0,0.0
301.tiff,find_and_suppress,507,4105.0,1497.0,0.78151727,0.0,0.0,1.0,non_human_findings,-1.0,0.0
301.tiff,find_and_suppress,508,4481.0,4790.0,0.7814624,0.0,0.0,1.0,non_human_findings,-1.0,0.0
301.tiff,find_and_suppress,509,982.0,4319.0,0.78144425,0.0,0.0,1.0,non_human_findings,-1.0,0.0
301.tiff,find_and_suppress,510,4951.0,2128.0,0.7812924,0.0,0.0,1.0,non_human_findings,-1.0,0.0
301.tiff,find_and_suppress,511,201.0,3598.0,0.7812301,0.0,0.0,1.0,non_human_findings,-1.0,0.0
301.tiff,find_and_suppress,512,1732.0,2846.0,0.7812295,0.0,0.0,1.0,non_human_findings,-1.0,0.0
301.tiff,find_and_suppress,513,495.0,2598.0,0.7812245,0.0,0.0,1.0,human_correct_label,14878.0,1.0
301.tiff,find_and_suppress,514,913.0,912.0,0.78120536,0.0,0.0,1.0,non_human_findings,-1.0,0.0
301.tiff,find_and_suppress,515,2065.0,2891.0,0.78115785,0.0,0.0,1.0,human_correct_label,14893.0,1.0
301.tiff,find_and_suppress,516,1435.0,4438.0,0.78110194,0.0,0.0,1.0,non_human_findings,-1.0,0.0
301.tiff,find_and_suppress,517,133.0,1605.0,0.7810898,0.0,0.0,1.0,non_human_findings,-1.0,0.0
301.tiff,find_and_suppress,518,943.0,185.0,0.7809905,0.0,0.0,1.0,non_human_findings,-1.0,0.0
301.tiff,find_and_suppress,519,4914.0,1968.0,0.78094906,0.0,0.0,1.0,non_human_findings,-1.0,0.0
301.tiff,find_and_suppress,520,2392.0,3060.0,0.7809261,0.0,0.0,1.0,non_human_findings,-1.0,0.0
301.tiff,find_and_suppress,521,2328.0,3706.0,0.7808889,0.0,0.0,1.0,non_human_findings,-1.0,0.0
301.tiff,find_and_suppress,522,2492.0,365.0,0.78084534,0.0,0.0,1.0,non_human_findings,-1.0,0.0
301.tiff,find_and_suppress,523,5635.0,2311.0,0.7807352,0.0,0.0,1.0,non_human_findings,-1.0,0.0
301.tiff,find_and_suppress,524,5019.0,2844.0,0.78071517,0.0,0.0,1.0,non_human_findings,-1.0,0.0
301.tiff,find_and_suppress,525,934.0,1354.0,0.78068006,0.0,0.0,1.0,non_human_findings,-1.0,0.0
301.tiff,find_and_suppress,526,6394.0,1157.0,0.780679,0.0,0.0,1.0,non_human_findings,-1.0,0.0
301.tiff,find_and_suppress,527,2430.0,381.0,0.78059036,0.0,0.0,1.0,non_human_findings,-1.0,0.0
301.tiff,find_and_suppress,528,6258.0,2623.0,0.78054243,0.0,0.0,1.0,non_human_findings,-1.0,0.0
301.tiff,find_and_suppress,529,4027.0,2284.0,0.78049326,0.0,0.0,1.0,non_human_findings,-1.0,0.0
301.tiff,find_and_suppress,530,6084.0,4157.0,0.78042126,0.0,0.0,1.0,non_human_findings,-1.0,0.0
301.tiff,find_and_suppress,531,2374.0,3512.0,0.7803076,0.0,0.0,1.0,human_correct_label,14939.0,1.0
301.tiff,find_and_suppress,532,3301.0,3328.0,0.7802556,0.0,0.0,1.0,non_human_findings,-1.0,0.0
301.tiff,find_and_suppress,533,3041.0,2802.0,0.7800686,0.0,0.0,1.0,non_human_findings,-1.0,0.0
301.tiff,find_and_suppress,534,4932.0,2264.0,0.77988905,0.0,0.0,1.0,non_human_findings,-1.0,0.0
301.tiff,find_and_suppress,535,321.0,2645.0,0.77987874,0.0,0.0,1.0,non_human_findings,-1.0,0.0
301.tiff,find_and_suppress,536,5126.0,3327.0,0.7798503,0.0,0.0,1.0,non_human_findings,-1.0,0.0
301.tiff,find_and_suppress,537,4759.0,2829.0,0.7798402,0.0,0.0,1.0,non_human_findings,-1.0,0.0
301.tiff,find_and_suppress,538,2476.0,2484.0,0.77983165,0.0,0.0,1.0,non_human_findings,-1.0,0.0
301.tiff,find_and_suppress,539,6326.0,2663.0,0.7797495,0.0,0.0,1.0,non_human_findings,-1.0,0.0
301.tiff,find_and_suppress,540,2170.0,3364.0,0.77964544,0.0,0.0,1.0,non_human_findings,-1.0,0.0
301.tiff,find_and_suppress,541,5228.0,4004.0,0.77964264,0.0,0.0,1.0,non_human_findings,-1.0,0.0
301.tiff,find_and_suppress,542,896.0,642.0,0.7796421,0.0,0.0,1.0,non_human_findings,-1.0,0.0
301.tiff,find_and_suppress,543,734.0,810.0,0.7796202,0.0,0.0,1.0,non_human_findings,-1.0,0.0
301.tiff,find_and_suppress,544,6384.0,2344.0,0.77961975,0.0,0.0,1.0,non_human_findings,-1.0,0.0
301.tiff,find_and_suppress,545,4754.0,3355.0,0.77956814,0.0,0.0,1.0,non_human_findings,-1.0,0.0
301.tiff,find_and_suppress,546,2550.0,3960.0,0.77955246,0.0,0.0,1.0,non_human_findings,-1.0,0.0
301.tiff,find_and_suppress,547,2045.0,3259.0,0.77953917,0.0,0.0,1.0,non_human_findings,-1.0,0.0
301.tiff,find_and_suppress,548,632.0,2631.0,0.7793659,0.0,0.0,1.0,human_correct_label,14879.0,1.0
301.tiff,find_and_suppress,549,5068.0,4190.0,0.77936393,0.0,0.0,1.0,non_human_findings,-1.0,0.0
301.tiff,find_and_suppress,550,6192.0,3050.0,0.77929544,0.0,0.0,1.0,non_human_findings,-1.0,0.0
301.tiff,find_and_suppress,551,4854.0,4439.0,0.7792878,0.0,0.0,1.0,non_human_findings,-1.0,0.0
301.tiff,find_and_suppress,552,1555.0,3193.0,0.779277,0.0,0.0,1.0,non_human_findings,-1.0,0.0
301.tiff,find_and_suppress,553,5048.0,3596.0,0.7792478,0.0,0.0,1.0,non_human_findings,-1.0,0.0
301.tiff,find_and_suppress,554,1133.0,2768.0,0.7791633,0.0,0.0,1.0,human_rejected_label,14883.0,2.0
301.tiff,find_and_suppress,555,4402.0,3016.0,0.77913743,0.0,0.0,1.0,non_human_findings,-1.0,0.0
301.tiff,find_and_suppress,556,6026.0,2514.0,0.7791011,0.0,0.0,1.0,human_rejected_label,15038.0,2.0
301.tiff,find_and_suppress,557,5752.0,1845.0,0.7790483,0.0,0.0,1.0,non_human_findings,-1.0,0.0
301.tiff,find_and_suppress,558,2500.0,975.0,0.7787927,0.0,0.0,1.0,non_human_findings,-1.0,0.0
301.tiff,find_and_suppress,559,2865.0,2723.0,0.77873546,0.0,0.0,1.0,non_human_findings,-1.0,0.0
301.tiff,find_and_suppress,560,6049.0,2110.0,0.778611,0.0,0.0,1.0,non_human_findings,-1.0,0.0
301.tiff,find_and_suppress,561,5651.0,3983.0,0.7784959,0.0,0.0,1.0,non_human_findings,-1.0,0.0
301.tiff,find_and_suppress,562,3111.0,801.0,0.7783961,0.0,0.0,1.0,non_human_findings,-1.0,0.0
301.tiff,find_and_suppress,563,6073.0,2078.0,0.77830327,0.0,0.0,1.0,non_human_findings,-1.0,0.0
301.tiff,find_and_suppress,564,6309.0,3621.0,0.77827615,0.0,0.0,1.0,non_human_findings,-1.0,0.0
301.tiff,find_and_suppress,565,2560.0,4479.0,0.77818793,0.0,0.0,1.0,non_human_findings,-1.0,0.0
301.tiff,find_and_suppress,566,5156.0,2016.0,0.7781501,0.0,0.0,1.0,human_correct_label,14867.0,1.0
301.tiff,find_and_suppress,567,3386.0,3245.0,0.77806336,0.0,0.0,1.0,non_human_findings,-1.0,0.0
301.tiff,find_and_suppress,568,1094.0,1477.0,0.778026,0.0,0.0,1.0,non_human_findings,-1.0,0.0
301.tiff,find_and_suppress,569,4339.0,1080.0,0.77799726,0.0,0.0,1.0,non_human_findings,-1.0,0.0
301.tiff,find_and_suppress,570,2589.0,4137.0,0.77799666,0.0,0.0,1.0,non_human_findings,-1.0,0.0
301.tiff,find_and_suppress,571,154.0,899.0,0.7779552,0.0,0.0,1.0,non_human_findings,-1.0,0.0
301.tiff,find_and_suppress,572,2760.0,840.0,0.77787274,0.0,0.0,1.0,non_human_findings,-1.0,0.0
301.tiff,find_and_suppress,573,178.0,2646.0,0.77771115,0.0,0.0,1.0,non_human_findings,-1.0,0.0
301.tiff,find_and_suppress,574,154.0,1312.0,0.7777005,0.0,0.0,1.0,non_human_findings,-1.0,0.0
301.tiff,find_and_suppress,575,3607.0,2706.0,0.7776471,0.0,0.0,1.0,non_human_findings,-1.0,0.0
301.tiff,find_and_suppress,576,1778.0,1686.0,0.7776147,0.0,0.0,1.0,non_human_findings,-1.0,0.0
301.tiff,find_and_suppress,577,4671.0,2354.0,0.77760524,0.0,0.0,1.0,non_human_findings,-1.0,0.0
301.tiff,find_and_suppress,578,1883.0,2333.0,0.7775847,0.0,0.0,1.0,non_human_findings,-1.0,0.0
301.tiff,find_and_suppress,579,4848.0,2854.0,0.7775821,0.0,0.0,1.0,non_human_findings,-1.0,0.0
301.tiff,find_and_suppress,580,5689.0,3921.0,0.777519,0.0,0.0,1.0,non_human_findings,-1.0,0.0
301.tiff,find_and_suppress,581,2455.0,1363.0,0.77741694,0.0,0.0,1.0,human_correct_label,14796.0,1.0
301.tiff,find_and_suppress,582,210.0,1990.0,0.77740747,0.0,0.0,1.0,non_human_findings,-1.0,0.0
301.tiff,find_and_suppress,583,2565.0,3890.0,0.77740484,0.0,0.0,1.0,non_human_findings,-1.0,0.0
301.tiff,find_and_suppress,584,407.0,954.0,0.7774033,0.0,0.0,1.0,non_human_findings,-1.0,0.0
301.tiff,find_and_suppress,585,1920.0,4355.0,0.7772904,0.0,0.0,1.0,non_human_findings,-1.0,0.0
301.tiff,find_and_suppress,586,297.0,2706.0,0.7772799,0.0,0.0,1.0,non_human_findings,-1.0,0.0
301.tiff,find_and_suppress,587,6250.0,2204.0,0.7772645,0.0,0.0,1.0,non_human_findings,-1.0,0.0
301.tiff,find_and_suppress,588,1313.0,173.0,0.7772423,0.0,0.0,1.0,non_human_findings,-1.0,0.0
301.tiff,find_and_suppress,589,6131.0,2240.0,0.7772263,0.0,0.0,1.0,non_human_findings,-1.0,0.0
301.tiff,find_and_suppress,590,5959.0,29.0,0.7771935,0.0,0.0,1.0,non_human_findings,-1.0,0.0
301.tiff,find_and_suppress,591,482.0,2853.0,0.7771501,0.0,0.0,1.0,non_human_findings,-1.0,0.0
301.tiff,find_and_suppress,592,4726.0,4179.0,0.77697027,0.0,0.0,1.0,non_human_findings,-1.0,0.0
301.tiff,find_and_suppress,593,3663.0,591.0,0.7768807,0.0,0.0,1.0,non_human_findings,-1.0,0.0
301.tiff,find_and_suppress,594,4394.0,215.0,0.77679753,0.0,0.0,1.0,human_correct_label,14754.0,1.0
301.tiff,find_and_suppress,595,2303.0,3511.0,0.7767061,0.0,0.0,1.0,non_human_findings,-1.0,0.0
301.tiff,find_and_suppress,596,838.0,1469.0,0.7766275,0.0,0.0,1.0,non_human_findings,-1.0,0.0
301.tiff,find_and_suppress,597,387.0,696.0,0.7766027,0.0,0.0,1.0,non_human_findings,-1.0,0.0
301.tiff,find_and_suppress,598,1971.0,628.0,0.7763145,0.0,0.0,1.0,non_human_findings,-1.0,0.0
301.tiff,find_and_suppress,599,5429.0,3064.0,0.7762568,0.0,0.0,1.0,non_human_findings,-1.0,0.0
301.tiff,find_and_suppress,600,1474.0,1411.0,0.77618027,0.0,0.0,1.0,non_human_findings,-1.0,0.0
301.tiff,find_and_suppress,601,2894.0,3448.0,0.7760763,0.0,0.0,1.0,non_human_findings,-1.0,0.0
301.tiff,find_and_suppress,602,4609.0,2445.0,0.7759408,0.0,0.0,1.0,human_correct_label,14914.0,1.0
301.tiff,find_and_suppress,603,6147.0,1829.0,0.7759368,0.0,0.0,1.0,non_human_findings,-1.0,0.0
301.tiff,find_and_suppress,604,5730.0,1410.0,0.77584666,0.0,0.0,1.0,non_human_findings,-1.0,0.0
301.tiff,find_and_suppress,605,2236.0,2556.0,0.7758461,0.0,0.0,1.0,non_human_findings,-1.0,0.0
301.tiff,find_and_suppress,606,602.0,857.0,0.775838,0.0,0.0,1.0,non_human_findings,-1.0,0.0
301.tiff,find_and_suppress,607,4920.0,4324.0,0.7758242,0.0,0.0,1.0,non_human_findings,-1.0,0.0
301.tiff,find_and_suppress,608,536.0,2305.0,0.77581847,0.0,0.0,1.0,non_human_findings,-1.0,0.0
301.tiff,find_and_suppress,609,4914.0,4488.0,0.77567893,0.0,0.0,1.0,non_human_findings,-1.0,0.0
301.tiff,find_and_suppress,610,890.0,1502.0,0.77534527,0.0,0.0,1.0,non_human_findings,-1.0,0.0
301.tiff,find_and_suppress,611,2369.0,737.0,0.77533656,0.0,0.0,1.0,non_human_findings,-1.0,0.0
301.tiff,find_and_suppress,612,1377.0,1491.0,0.7753219,0.0,0.0,1.0,non_human_findings,-1.0,0.0
301.tiff,find_and_suppress,613,5774.0,1386.0,0.7752279,0.0,0.0,1.0,non_human_findings,-1.0,0.0
301.tiff,find_and_suppress,614,2583.0,3509.0,0.77511764,0.0,0.0,1.0,non_human_findings,-1.0,0.0
301.tiff,find_and_suppress,615,460.0,3273.0,0.7750885,0.0,0.0,1.0,non_human_findings,-1.0,0.0
301.tiff,find_and_suppress,616,3827.0,4146.0,0.7749814,0.0,0.0,1.0,non_human_findings,-1.0,0.0
301.tiff,find_and_suppress,617,1144.0,2465.0,0.77490133,0.0,0.0,1.0,non_human_findings,-1.0,0.0
301.tiff,find_and_suppress,618,3381.0,4021.0,0.7746488,0.0,0.0,1.0,non_human_findings,-1.0,0.0
301.tiff,find_and_suppress,619,843.0,872.0,0.7745838,0.0,0.0,1.0,non_human_findings,-1.0,0.0
301.tiff,find_and_suppress,620,845.0,280.0,0.7745614,0.0,0.0,1.0,non_human_findings,-1.0,0.0
301.tiff,find_and_suppress,621,272.0,3118.0,0.7745612,0.0,0.0,1.0,non_human_findings,-1.0,0.0
301.tiff,find_and_suppress,622,2645.0,3921.0,0.7745473,0.0,0.0,1.0,non_human_findings,-1.0,0.0
301.tiff,find_and_suppress,623,1213.0,4617.0,0.7745231,0.0,0.0,1.0,non_human_findings,-1.0,0.0
301.tiff,find_and_suppress,624,1107.0,558.0,0.77450895,0.0,0.0,1.0,human_correct_label,14730.0,1.0
301.tiff,find_and_suppress,625,4442.0,2336.0,0.77450246,0.0,0.0,1.0,non_human_findings,-1.0,0.0
301.tiff,find_and_suppress,626,2241.0,4736.0,0.7744996,0.0,0.0,1.0,non_human_findings,-1.0,0.0
301.tiff,find_and_suppress,627,2054.0,1960.0,0.77443963,0.0,0.0,1.0,non_human_findings,-1.0,0.0
301.tiff,find_and_suppress,628,2648.0,413.0,0.7744194,0.0,0.0,1.0,non_human_findings,-1.0,0.0
301.tiff,find_and_suppress,629,3830.0,118.0,0.7744068,0.0,0.0,1.0,non_human_findings,-1.0,0.0
301.tiff,find_and_suppress,630,1280.0,673.0,0.7743272,0.0,0.0,1.0,non_human_findings,-1.0,0.0
301.tiff,find_and_suppress,631,1677.0,4325.0,0.7742755,0.0,0.0,1.0,non_human_findings,-1.0,0.0
301.tiff,find_and_suppress,632,1624.0,2896.0,0.774137,0.0,0.0,1.0,non_human_findings,-1.0,0.0
301.tiff,find_and_suppress,633,6369.0,3605.0,0.7741321,0.0,0.0,1.0,non_human_findings,-1.0,0.0
301.tiff,find_and_suppress,634,3826.0,2529.0,0.7740945,0.0,0.0,1.0,non_human_findings,-1.0,0.0
301.tiff,find_and_suppress,635,3795.0,4104.0,0.7740202,0.0,0.0,1.0,non_human_findings,-1.0,0.0
301.tiff,find_and_suppress,636,5376.0,1740.0,0.77398306,0.0,0.0,1.0,non_human_findings,-1.0,0.0
301.tiff,find_and_suppress,637,4927.0,4157.0,0.7739547,0.0,0.0,1.0,non_human_findings,-1.0,0.0
301.tiff,find_and_suppress,638,2863.0,2754.0,0.7739382,0.0,0.0,1.0,non_human_findings,-1.0,0.0
301.tiff,find_and_suppress,639,4417.0,3278.0,0.7739186,0.0,0.0,1.0,non_human_findings,-1.0,0.0
301.tiff,find_and_suppress,640,375.0,1061.0,0.77362484,0.0,0.0,1.0,non_human_findings,-1.0,0.0
301.tiff,find_and_suppress,641,6125.0,282.0,0.7735802,0.0,0.0,1.0,non_human_findings,-1.0,0.0
301.tiff,find_and_suppress,642,4794.0,3674.0,0.77353776,0.0,0.0,1.0,non_human_findings,-1.0,0.0
301.tiff,find_and_suppress,643,6326.0,4126.0,0.7733537,0.0,0.0,1.0,non_human_findings,-1.0,0.0
301.tiff,find_and_suppress,644,990.0,3524.0,0.77323204,0.0,0.0,1.0,non_human_findings,-1.0,0.0
301.tiff,find_and_suppress,645,369.0,386.0,0.7732107,0.0,0.0,1.0,human_rejected_label,15030.0,2.0
301.tiff,find_and_suppress,646,3430.0,1365.0,0.7731612,0.0,0.0,1.0,non_human_findings,-1.0,0.0
301.tiff,find_and_suppress,647,6360.0,77.0,0.77298266,0.0,0.0,1.0,non_human_findings,-1.0,0.0
301.tiff,find_and_suppress,648,1119.0,328.0,0.77296364,0.0,0.0,1.0,non_human_findings,-1.0,0.0
301.tiff,find_and_suppress,649,1653.0,3397.0,0.7729548,0.0,0.0,1.0,human_correct_label,14933.0,1.0
301.tiff,find_and_suppress,650,3709.0,1056.0,0.7729293,0.0,0.0,1.0,non_human_findings,-1.0,0.0
301.tiff,find_and_suppress,651,2522.0,4803.0,0.7727971,0.0,0.0,1.0,non_human_findings,-1.0,0.0
301.tiff,find_and_suppress,652,5255.0,4810.0,0.77279174,0.0,0.0,1.0,non_human_findings,-1.0,0.0
301.tiff,find_and_suppress,653,5983.0,3376.0,0.7727842,0.0,0.0,1.0,non_human_findings,-1.0,0.0
301.tiff,find_and_suppress,654,5794.0,2824.0,0.7727196,0.0,0.0,1.0,non_human_findings,-1.0,0.0
301.tiff,find_and_suppress,655,2387.0,2988.0,0.7725663,0.0,0.0,1.0,human_correct_label,14889.0,1.0
301.tiff,find_and_suppress,656,6215.0,2933.0,0.7725583,0.0,0.0,1.0,non_human_findings,-1.0,0.0
301.tiff,find_and_suppress,657,47.0,961.0,0.772479,0.0,0.0,1.0,non_human_findings,-1.0,0.0
301.tiff,find_and_suppress,658,5133.0,2263.0,0.77247876,0.0,0.0,1.0,non_human_findings,-1.0,0.0
301.tiff,find_and_suppress,659,5476.0,2061.0,0.7724625,0.0,0.0,1.0,non_human_findings,-1.0,0.0
301.tiff,find_and_suppress,660,905.0,686.0,0.77243495,0.0,0.0,1.0,non_human_findings,-1.0,0.0
301.tiff,find_and_suppress,661,3882.0,751.0,0.7723921,0.0,0.0,1.0,non_human_findings,-1.0,0.0
301.tiff,find_and_suppress,662,2426.0,4104.0,0.77230924,0.0,0.0,1.0,non_human_findings,-1.0,0.0
301.tiff,find_and_suppress,663,1384.0,2007.0,0.77224976,0.0,0.0,1.0,non_human_findings,-1.0,0.0
301.tiff,find_and_suppress,664,4784.0,3812.0,0.7722095,0.0,0.0,1.0,non_human_findings,-1.0,0.0
301.tiff,find_and_suppress,665,431.0,4400.0,0.77217215,0.0,0.0,1.0,non_human_findings,-1.0,0.0
301.tiff,find_and_suppress,666,3535.0,4807.0,0.77217036,0.0,0.0,1.0,non_human_findings,-1.0,0.0
301.tiff,find_and_suppress,667,519.0,3927.0,0.77213466,0.0,0.0,1.0,non_human_findings,-1.0,0.0
301.tiff,find_and_suppress,668,3523.0,389.0,0.77204704,0.0,0.0,1.0,human_correct_label,14759.0,1.0
301.tiff,find_and_suppress,669,619.0,3564.0,0.772017,0.0,0.0,1.0,non_human_findings,-1.0,0.0
301.tiff,find_and_suppress,670,5990.0,4740.0,0.7720137,0.0,0.0,1.0,non_human_findings,-1.0,0.0
301.tiff,find_and_suppress,671,1006.0,4251.0,0.7719256,0.0,0.0,1.0,non_human_findings,-1.0,0.0
301.tiff,find_and_suppress,672,190.0,3124.0,0.77189904,0.0,0.0,1.0,non_human_findings,-1.0,0.0
301.tiff,find_and_suppress,673,2409.0,3270.0,0.77187914,0.0,0.0,1.0,non_human_findings,-1.0,0.0
301.tiff,find_and_suppress,674,6101.0,4060.0,0.771865,0.0,0.0,1.0,non_human_findings,-1.0,0.0
301.tiff,find_and_suppress,675,3125.0,3082.0,0.7717802,0.0,0.0,1.0,non_human_findings,-1.0,0.0
301.tiff,find_and_suppress,676,4625.0,4739.0,0.77169925,0.0,0.0,1.0,non_human_findings,-1.0,0.0
301.tiff,find_and_suppress,677,1054.0,1083.0,0.7716684,0.0,0.0,1.0,non_human_findings,-1.0,0.0
301.tiff,find_and_suppress,678,5999.0,344.0,0.77166706,0.0,0.0,1.0,non_human_findings,-1.0,0.0
301.tiff,find_and_suppress,679,1935.0,169.0,0.7716327,0.0,0.0,1.0,non_human_findings,-1.0,0.0
301.tiff,find_and_suppress,680,5947.0,2374.0,0.7715993,0.0,0.0,1.0,non_human_findings,-1.0,0.0
301.tiff,find_and_suppress,681,2421.0,2642.0,0.77158684,0.0,0.0,1.0,non_human_findings,-1.0,0.0
301.tiff,find_and_suppress,682,4611.0,2961.0,0.77143383,0.0,0.0,1.0,non_human_findings,-1.0,0.0
301.tiff,find_and_suppress,683,5337.0,103.0,0.7714288,0.0,0.0,1.0,non_human_findings,-1.0,0.0
301.tiff,find_and_suppress,684,5651.0,2386.0,0.7713993,0.0,0.0,1.0,non_human_findings,-1.0,0.0
301.tiff,find_and_suppress,685,569.0,2249.0,0.77128696,0.0,0.0,1.0,non_human_findings,-1.0,0.0
301.tiff,find_and_suppress,686,2539.0,2173.0,0.771213,0.0,0.0,1.0,non_human_findings,-1.0,0.0
301.tiff,find_and_suppress,687,412.0,2322.0,0.77120084,0.0,0.0,1.0,non_human_findings,-1.0,0.0
301.tiff,find_and_suppress,688,2271.0,3548.0,0.77119416,0.0,0.0,1.0,non_human_findings,-1.0,0.0
301.tiff,find_and_suppress,689,3900.0,1847.0,0.77112705,0.0,0.0,1.0,non_human_findings,-1.0,0.0
301.tiff,find_and_suppress,690,1938.0,3117.0,0.77108234,0.0,0.0,1.0,non_human_findings,-1.0,0.0
301.tiff,find_and_suppress,691,695.0,892.0,0.7710724,0.0,0.0,1.0,non_human_findings,-1.0,0.0
301.tiff,find_and_suppress,692,4343.0,4617.0,0.77104515,0.0,0.0,1.0,human_correct_label,15000.0,1.0
301.tiff,find_and_suppress,693,6098.0,1115.0,0.77100015,0.0,0.0,1.0,non_human_findings,-1.0,0.0
301.tiff,find_and_suppress,694,6282.0,2498.0,0.77087355,0.0,0.0,1.0,non_human_findings,-1.0,0.0
301.tiff,find_and_suppress,695,4893.0,2185.0,0.7708278,0.0,0.0,1.0,non_human_findings,-1.0,0.0
301.tiff,find_and_suppress,696,3196.0,3188.0,0.7706915,0.0,0.0,1.0,non_human_findings,-1.0,0.0
301.tiff,find_and_suppress,697,3395.0,4110.0,0.7706794,0.0,0.0,1.0,non_human_findings,-1.0,0.0
301.tiff,find_and_suppress,698,398.0,4099.0,0.77064896,0.0,0.0,1.0,non_human_findings,-1.0,0.0
301.tiff,find_and_suppress,699,4385.0,3665.0,0.7704812,0.0,0.0,1.0,non_human_findings,-1.0,0.0
301.tiff,find_and_suppress,700,2060.0,2326.0,0.7704066,0.0,0.0,1.0,non_human_findings,-1.0,0.0
301.tiff,find_and_suppress,701,5792.0,4138.0,0.7704003,0.0,0.0,1.0,non_human_findings,-1.0,0.0
301.tiff,find_and_suppress,702,3932.0,2022.0,0.7703121,0.0,0.0,1.0,non_human_findings,-1.0,0.0
301.tiff,find_and_suppress,703,4825.0,1280.0,0.77029765,0.0,0.0,1.0,non_human_findings,-1.0,0.0
301.tiff,find_and_suppress,704,6095.0,3234.0,0.7702755,0.0,0.0,1.0,non_human_findings,-1.0,0.0
301.tiff,find_and_suppress,705,3763.0,3018.0,0.7702219,0.0,0.0,1.0,non_human_findings,-1.0,0.0
301.tiff,find_and_suppress,706,2891.0,4236.0,0.7702056,0.0,0.0,1.0,non_human_findings,-1.0,0.0
301.tiff,find_and_suppress,707,4785.0,3157.0,0.7701607,0.0,0.0,1.0,non_human_findings,-1.0,0.0
301.tiff,find_and_suppress,708,3228.0,1241.0,0.77012295,0.0,0.0,1.0,non_human_findings,-1.0,0.0
301.tiff,find_and_suppress,709,136.0,3270.0,0.77011555,0.0,0.0,1.0,non_human_findings,-1.0,0.0
301.tiff,find_and_suppress,710,753.0,685.0,0.7701016,0.0,0.0,1.0,non_human_findings,-1.0,0.0
301.tiff,find_and_suppress,711,2203.0,2172.0,0.77006847,0.0,0.0,1.0,non_human_findings,-1.0,0.0
301.tiff,find_and_suppress,712,2100.0,1818.0,0.7700293,0.0,0.0,1.0,non_human_findings,-1.0,0.0
301.tiff,find_and_suppress,713,2387.0,1828.0,0.769975,0.0,0.0,1.0,non_human_findings,-1.0,0.0
301.tiff,find_and_suppress,714,4752.0,3678.0,0.7698922,0.0,0.0,1.0,non_human_findings,-1.0,0.0
301.tiff,find_and_suppress,715,6060.0,118.0,0.769836,0.0,0.0,1.0,non_human_findings,-1.0,0.0
301.tiff,find_and_suppress,716,3194.0,580.0,0.7698107,0.0,0.0,1.0,non_human_findings,-1.0,0.0
301.tiff,find_and_suppress,717,5848.0,4807.0,0.7697506,0.0,0.0,1.0,non_human_findings,-1.0,0.0
301.tiff,find_and_suppress,718,6223.0,1426.0,0.7697396,0.0,0.0,1.0,non_human_findings,-1.0,0.0
301.tiff,find_and_suppress,719,5551.0,681.0,0.7696898,0.0,0.0,1.0,non_human_findings,-1.0,0.0
301.tiff,find_and_suppress,720,4959.0,24.0,0.76967543,0.0,0.0,1.0,non_human_findings,-1.0,0.0
301.tiff,find_and_suppress,721,3311.0,1473.0,0.76964563,0.0,0.0,1.0,non_human_findings,-1.0,0.0
301.tiff,find_and_suppress,722,2538.0,2679.0,0.76964515,0.0,0.0,1.0,non_human_findings,-1.0,0.0
301.tiff,find_and_suppress,723,830.0,1832.0,0.7696231,0.0,0.0,1.0,non_human_findings,-1.0,0.0
301.tiff,find_and_suppress,724,1712.0,479.0,0.7694548,0.0,0.0,1.0,non_human_findings,-1.0,0.0
301.tiff,find_and_suppress,725,3257.0,4325.0,0.76941305,0.0,0.0,1.0,non_human_findings,-1.0,0.0
301.tiff,find_and_suppress,726,4250.0,1285.0,0.76928324,0.0,0.0,1.0,non_human_findings,-1.0,0.0
301.tiff,find_and_suppress,727,319.0,1850.0,0.76919806,0.0,0.0,1.0,non_human_findings,-1.0,0.0
301.tiff,find_and_suppress,728,5706.0,4024.0,0.76916474,0.0,0.0,1.0,non_human_findings,-1.0,0.0
301.tiff,find_and_suppress,729,6154.0,309.0,0.7689961,0.0,0.0,1.0,human_correct_label,14781.0,1.0
301.tiff,find_and_suppress,730,1928.0,4427.0,0.7689265,0.0,0.0,1.0,human_correct_label,15051.0,1.0
301.tiff,find_and_suppress,731,3032.0,3730.0,0.76887697,0.0,0.0,1.0,non_human_findings,-1.0,0.0
301.tiff,find_and_suppress,732,1161.0,1460.0,0.7688689,0.0,0.0,1.0,non_human_findings,-1.0,0.0
301.tiff,find_and_suppress,733,410.0,126.0,0.7688042,0.0,0.0,1.0,non_human_findings,-1.0,0.0
301.tiff,find_and_suppress,734,2797.0,2698.0,0.76877254,0.0,0.0,1.0,non_human_findings,-1.0,0.0
301.tiff,find_and_suppress,735,2963.0,1499.0,0.7687276,0.0,0.0,1.0,non_human_findings,-1.0,0.0
301.tiff,find_and_suppress,736,6252.0,1834.0,0.7686969,0.0,0.0,1.0,non_human_findings,-1.0,0.0
301.tiff,find_and_suppress,737,1869.0,3339.0,0.7686203,0.0,0.0,1.0,non_human_findings,-1.0,0.0
301.tiff,find_and_suppress,738,2893.0,3973.0,0.7685374,0.0,0.0,1.0,non_human_findings,-1.0,0.0
301.tiff,find_and_suppress,739,822.0,2938.0,0.7685182,0.0,0.0,1.0,non_human_findings,-1.0,0.0
301.tiff,find_and_suppress,740,5178.0,4595.0,0.76844907,0.0,0.0,1.0,non_human_findings,-1.0,0.0
301.tiff,find_and_suppress,741,1087.0,764.0,0.76843476,0.0,0.0,1.0,non_human_findings,-1.0,0.0
301.tiff,find_and_suppress,742,1667.0,707.0,0.7683788,0.0,0.0,1.0,non_human_findings,-1.0,0.0
301.tiff,find_and_suppress,743,711.0,4524.0,0.76837593,0.0,0.0,1.0,non_human_findings,-1.0,0.0
301.tiff,find_and_suppress,744,5836.0,3433.0,0.7683713,0.0,0.0,1.0,non_human_findings,-1.0,0.0
301.tiff,find_and_suppress,745,2002.0,2359.0,0.7682555,0.0,0.0,1.0,non_human_findings,-1.0,0.0
301.tiff,find_and_suppress,746,3580.0,4152.0,0.7682205,0.0,0.0,1.0,non_human_findings,-1.0,0.0
301.tiff,find_and_suppress,747,4280.0,3370.0,0.7681218,0.0,0.0,1.0,non_human_findings,-1.0,0.0
301.tiff,find_and_suppress,748,1098.0,4545.0,0.76805884,0.0,0.0,1.0,non_human_findings,-1.0,0.0
301.tiff,find_and_suppress,749,4933.0,3671.0,0.76804733,0.0,0.0,1.0,non_human_findings,-1.0,0.0
301.tiff,find_and_suppress,750,5064.0,3274.0,0.76800674,0.0,0.0,1.0,non_human_findings,-1.0,0.0
301.tiff,find_and_suppress,751,6114.0,3064.0,0.76799905,0.0,0.0,1.0,non_human_findings,-1.0,0.0
301.tiff,find_and_suppress,752,4906.0,2147.0,0.76797825,0.0,0.0,1.0,non_human_findings,-1.0,0.0
301.tiff,find_and_suppress,753,1310.0,83.0,0.76797026,0.0,0.0,1.0,non_human_findings,-1.0,0.0
301.tiff,find_and_suppress,754,2564.0,4367.0,0.767941,0.0,0.0,1.0,non_human_findings,-1.0,0.0
301.tiff,find_and_suppress,755,702.0,404.0,0.7678763,0.0,0.0,1.0,non_human_findings,-1.0,0.0
301.tiff,find_and_suppress,756,2016.0,2113.0,0.76780117,0.0,0.0,1.0,non_human_findings,-1.0,0.0
301.tiff,find_and_suppress,757,4651.0,1126.0,0.7677672,0.0,0.0,1.0,non_human_findings,-1.0,0.0
301.tiff,find_and_suppress,758,4284.0,665.0,0.76776534,0.0,0.0,1.0,non_human_findings,-1.0,0.0
301.tiff,find_and_suppress,759,2453.0,4175.0,0.7677274,0.0,0.0,1.0,human_rejected_label,14990.0,2.0
301.tiff,find_and_suppress,760,3171.0,3691.0,0.76762617,0.0,0.0,1.0,non_human_findings,-1.0,0.0
301.tiff,find_and_suppress,761,5520.0,1693.0,0.7675986,0.0,0.0,1.0,non_human_findings,-1.0,0.0
301.tiff,find_and_suppress,762,2266.0,4095.0,0.7675646,0.0,0.0,1.0,non_human_findings,-1.0,0.0
301.tiff,find_and_suppress,763,2074.0,3446.0,0.7675595,0.0,0.0,1.0,human_rejected_label,14941.0,2.0
301.tiff,find_and_suppress,764,5937.0,1069.0,0.7675579,0.0,0.0,1.0,non_human_findings,-1.0,0.0
301.tiff,find_and_suppress,765,5494.0,2193.0,0.76751333,0.0,0.0,1.0,non_human_findings,-1.0,0.0
301.tiff,find_and_suppress,766,116.0,115.0,0.7674904,0.0,0.0,1.0,non_human_findings,-1.0,0.0
301.tiff,find_and_suppress,767,5901.0,2905.0,0.76745373,0.0,0.0,1.0,non_human_findings,-1.0,0.0
301.tiff,find_and_suppress,768,6297.0,423.0,0.767427,0.0,0.0,1.0,non_human_findings,-1.0,0.0
301.tiff,find_and_suppress,769,3845.0,1281.0,0.7674225,0.0,0.0,1.0,non_human_findings,-1.0,0.0
301.tiff,find_and_suppress,770,4393.0,563.0,0.7673076,0.0,0.0,1.0,non_human_findings,-1.0,0.0
301.tiff,find_and_suppress,771,6087.0,3326.0,0.7672708,0.0,0.0,1.0,non_human_findings,-1.0,0.0
301.tiff,find_and_suppress,772,2574.0,3293.0,0.76723737,0.0,0.0,1.0,non_human_findings,-1.0,0.0
301.tiff,find_and_suppress,773,3001.0,1365.0,0.76713014,0.0,0.0,1.0,human_correct_label,14803.0,1.0
301.tiff,find_and_suppress,774,6276.0,2581.0,0.76695627,0.0,0.0,1.0,non_human_findings,-1.0,0.0
301.tiff,find_and_suppress,775,2159.0,3682.0,0.76695156,0.0,0.0,1.0,non_human_findings,-1.0,0.0
301.tiff,find_and_suppress,776,993.0,2511.0,0.76678264,0.0,0.0,1.0,non_human_findings,-1.0,0.0
301.tiff,find_and_suppress,777,5930.0,4774.0,0.7667381,0.0,0.0,1.0,non_human_findings,-1.0,0.0
301.tiff,find_and_suppress,778,3990.0,913.0,0.766729,0.0,0.0,1.0,non_human_findings,-1.0,0.0
301.tiff,find_and_suppress,779,2891.0,3930.0,0.76669157,0.0,0.0,1.0,non_human_findings,-1.0,0.0
301.tiff,find_and_suppress,780,6137.0,4224.0,0.76658803,0.0,0.0,1.0,human_correct_label,15018.0,1.0
301.tiff,find_and_suppress,781,6391.0,201.0,0.7665342,0.0,0.0,1.0,non_human_findings,-1.0,0.0
301.tiff,find_and_suppress,782,4075.0,3136.0,0.76647145,0.0,0.0,1.0,non_human_findings,-1.0,0.0
301.tiff,find_and_suppress,783,4761.0,4749.0,0.76645124,0.0,0.0,1.0,non_human_findings,-1.0,0.0
301.tiff,find_and_suppress,784,1268.0,3034.0,0.7664026,0.0,0.0,1.0,non_human_findings,-1.0,0.0
301.tiff,find_and_suppress,785,144.0,2323.0,0.7663646,0.0,0.0,1.0,non_human_findings,-1.0,0.0
301.tiff,find_and_suppress,786,6272.0,1628.0,0.76630044,0.0,0.0,1.0,non_human_findings,-1.0,0.0
301.tiff,find_and_suppress,787,2959.0,4308.0,0.7662602,0.0,0.0,1.0,non_human_findings,-1.0,0.0
301.tiff,find_and_suppress,788,1400.0,1342.0,0.7662418,0.0,0.0,1.0,non_human_findings,-1.0,0.0
301.tiff,find_and_suppress,789,2161.0,2256.0,0.76623297,0.0,0.0,1.0,non_human_findings,-1.0,0.0
301.tiff,find_and_suppress,790,270.0,503.0,0.76621866,0.0,0.0,1.0,non_human_findings,-1.0,0.0
301.tiff,find_and_suppress,791,5701.0,3546.0,0.7662177,0.0,0.0,1.0,non_human_findings,-1.0,0.0
301.tiff,find_and_suppress,792,3274.0,2835.0,0.76618105,0.0,0.0,1.0,non_human_findings,-1.0,0.0
301.tiff,find_and_suppress,793,3331.0,1001.0,0.7661575,0.0,0.0,1.0,non_human_findings,-1.0,0.0
301.tiff,find_and_suppress,794,572.0,1691.0,0.7661446,0.0,0.0,1.0,non_human_findings,-1.0,0.0
301.tiff,find_and_suppress,795,1130.0,2733.0,0.7661441,0.0,0.0,1.0,non_human_findings,-1.0,0.0
301.tiff,find_and_suppress,796,2133.0,3514.0,0.7661395,0.0,0.0,1.0,non_human_findings,-1.0,0.0
301.tiff,find_and_suppress,797,3765.0,4436.0,0.7660898,0.0,0.0,1.0,human_correct_label,14995.0,1.0
301.tiff,find_and_suppress,798,132.0,3825.0,0.7660271,0.0,0.0,1.0,non_human_findings,-1.0,0.0
301.tiff,find_and_suppress,799,1025.0,106.0,0.76596993,0.0,0.0,1.0,non_human_findings,-1.0,0.0
301.tiff,find_and_suppress,800,2378.0,4606.0,0.765949,0.0,0.0,1.0,non_human_findings,-1.0,0.0
301.tiff,find_and_suppress,801,4310.0,3799.0,0.76593995,0.0,0.0,1.0,non_human_findings,-1.0,0.0
301.tiff,find_and_suppress,802,6147.0,2958.0,0.765923,0.0,0.0,1.0,non_human_findings,-1.0,0.0
301.tiff,find_and_suppress,803,4300.0,601.0,0.76582265,0.0,0.0,1.0,non_human_findings,-1.0,0.0
301.tiff,find_and_suppress,804,2804.0,3830.0,0.76580733,0.0,0.0,1.0,non_human_findings,-1.0,0.0
301.tiff,find_and_suppress,805,4305.0,4405.0,0.7657897,0.0,0.0,1.0,non_human_findings,-1.0,0.0
301.tiff,find_and_suppress,806,3725.0,4668.0,0.7657559,0.0,0.0,1.0,non_human_findings,-1.0,0.0
301.tiff,find_and_suppress,807,4502.0,2641.0,0.7657203,0.0,0.0,1.0,non_human_findings,-1.0,0.0
301.tiff,find_and_suppress,808,4248.0,2192.0,0.7656579,0.0,0.0,1.0,non_human_findings,-1.0,0.0
301.tiff,find_and_suppress,809,2914.0,1432.0,0.7655838,0.0,0.0,1.0,non_human_findings,-1.0,0.0
301.tiff,find_and_suppress,810,5149.0,650.0,0.765523,0.0,0.0,1.0,non_human_findings,-1.0,0.0
301.tiff,find_and_suppress,811,3558.0,3156.0,0.76550496,0.0,0.0,1.0,non_human_findings,-1.0,0.0
301.tiff,find_and_suppress,812,5250.0,2342.0,0.76542145,0.0,0.0,1.0,non_human_findings,-1.0,0.0
301.tiff,find_and_suppress,813,6074.0,4328.0,0.7654144,0.0,0.0,1.0,non_human_findings,-1.0,0.0
301.tiff,find_and_suppress,814,2737.0,1302.0,0.7653439,0.0,0.0,1.0,non_human_findings,-1.0,0.0
301.tiff,find_and_suppress,815,1783.0,215.0,0.7653389,0.0,0.0,1.0,non_human_findings,-1.0,0.0
301.tiff,find_and_suppress,816,4552.0,3766.0,0.7653028,0.0,0.0,1.0,non_human_findings,-1.0,0.0
301.tiff,find_and_suppress,817,4528.0,154.0,0.7652902,0.0,0.0,1.0,non_human_findings,-1.0,0.0
301.tiff,find_and_suppress,818,2619.0,606.0,0.76527554,0.0,0.0,1.0,non_human_findings,-1.0,0.0
301.tiff,find_and_suppress,819,5691.0,964.0,0.76525766,0.0,0.0,1.0,non_human_findings,-1.0,0.0
301.tiff,find_and_suppress,820,4490.0,3508.0,0.76515555,0.0,0.0,1.0,non_human_findings,-1.0,0.0
301.tiff,find_and_suppress,821,1924.0,3636.0,0.76514614,0.0,0.0,1.0,human_correct_label,14934.0,1.0
301.tiff,find_and_suppress,822,797.0,2471.0,0.765119,0.0,0.0,1.0,non_human_findings,-1.0,0.0
301.tiff,find_and_suppress,823,5859.0,344.0,0.765058,0.0,0.0,1.0,non_human_findings,-1.0,0.0
301.tiff,find_and_suppress,824,6213.0,4150.0,0.765055,0.0,0.0,1.0,non_human_findings,-1.0,0.0
301.tiff,find_and_suppress,825,4034.0,1896.0,0.76498723,0.0,0.0,1.0,non_human_findings,-1.0,0.0
301.tiff,find_and_suppress,826,6058.0,2519.0,0.7649765,0.0,0.0,1.0,non_human_findings,-1.0,0.0
301.tiff,find_and_suppress,827,2144.0,3645.0,0.7649102,0.0,0.0,1.0,non_human_findings,-1.0,0.0
301.tiff,find_and_suppress,828,4166.0,2254.0,0.76489264,0.0,0.0,1.0,non_human_findings,-1.0,0.0
301.tiff,find_and_suppress,829,1204.0,2134.0,0.764881,0.0,0.0,1.0,non_human_findings,-1.0,0.0
301.tiff,find_and_suppress,830,3820.0,3764.0,0.7648708,0.0,0.0,1.0,non_human_findings,-1.0,0.0
301.tiff,find_and_suppress,831,5317.0,4434.0,0.76476234,0.0,0.0,1.0,non_human_findings,-1.0,0.0
301.tiff,find_and_suppress,832,4000.0,2132.0,0.76476055,0.0,0.0,1.0,non_human_findings,-1.0,0.0
301.tiff,find_and_suppress,833,5278.0,2246.0,0.76470035,0.0,0.0,1.0,non_human_findings,-1.0,0.0
301.tiff,find_and_suppress,834,329.0,1048.0,0.7646483,0.0,0.0,1.0,non_human_findings,-1.0,0.0
301.tiff,find_and_suppress,835,3967.0,440.0,0.7646438,0.0,0.0,1.0,non_human_findings,-1.0,0.0
301.tiff,find_and_suppress,836,1486.0,106.0,0.7646117,0.0,0.0,1.0,non_human_findings,-1.0,0.0
301.tiff,find_and_suppress,837,2959.0,3604.0,0.7644355,0.0,0.0,1.0,non_human_findings,-1.0,0.0
301.tiff,find_and_suppress,838,6307.0,3913.0,0.76442873,0.0,0.0,1.0,non_human_findings,-1.0,0.0
301.tiff,find_and_suppress,839,159.0,3712.0,0.76440215,0.0,0.0,1.0,non_human_findings,-1.0,0.0
301.tiff,find_and_suppress,840,5781.0,4389.0,0.7643211,0.0,0.0,1.0,non_human_findings,-1.0,0.0
301.tiff,find_and_suppress,841,4424.0,236.0,0.76429594,0.0,0.0,1.0,non_human_findings,-1.0,0.0
301.tiff,find_and_suppress,842,2755.0,110.0,0.764293,0.0,0.0,1.0,non_human_findings,-1.0,0.0
301.tiff,find_and_suppress,843,1447.0,110.0,0.7642791,0.0,0.0,1.0,non_human_findings,-1.0,0.0
301.tiff,find_and_suppress,844,3875.0,2847.0,0.7642386,0.0,0.0,1.0,non_human_findings,-1.0,0.0
301.tiff,find_and_suppress,845,2373.0,1862.0,0.7642055,0.0,0.0,1.0,non_human_findings,-1.0,0.0
301.tiff,find_and_suppress,846,1788.0,354.0,0.7641427,0.0,0.0,1.0,human_correct_label,14735.0,1.0
301.tiff,find_and_suppress,847,4661.0,1767.0,0.76412183,0.0,0.0,1.0,non_human_findings,-1.0,0.0
301.tiff,find_and_suppress,848,1202.0,99.0,0.7640278,0.0,0.0,1.0,non_human_findings,-1.0,0.0
301.tiff,find_and_suppress,849,1966.0,2923.0,0.76402086,0.0,0.0,1.0,non_human_findings,-1.0,0.0
301.tiff,find_and_suppress,850,5274.0,2935.0,0.7640033,0.0,0.0,1.0,non_human_findings,-1.0,0.0
301.tiff,find_and_suppress,851,4736.0,3317.0,0.76394534,0.0,0.0,1.0,non_human_findings,-1.0,0.0
301.tiff,find_and_suppress,852,2882.0,1247.0,0.763867,0.0,0.0,1.0,human_rejected_label,14804.0,2.0
301.tiff,find_and_suppress,853,4809.0,3261.0,0.7638498,0.0,0.0,1.0,non_human_findings,-1.0,0.0
301.tiff,find_and_suppress,854,489.0,2758.0,0.763841,0.0,0.0,1.0,non_human_findings,-1.0,0.0
301.tiff,find_and_suppress,855,2343.0,3056.0,0.76383793,0.0,0.0,1.0,non_human_findings,-1.0,0.0
301.tiff,find_and_suppress,856,289.0,707.0,0.7638181,0.0,0.0,1.0,non_human_findings,-1.0,0.0
301.tiff,find_and_suppress,857,2749.0,3247.0,0.7637869,0.0,0.0,1.0,non_human_findings,-1.0,0.0
301.tiff,find_and_suppress,858,2256.0,529.0,0.7636981,0.0,0.0,1.0,human_rejected_label,15033.0,2.0
301.tiff,find_and_suppress,859,6295.0,911.0,0.76361966,0.0,0.0,1.0,non_human_findings,-1.0,0.0
301.tiff,find_and_suppress,860,3489.0,1274.0,0.76357794,0.0,0.0,1.0,non_human_findings,-1.0,0.0
301.tiff,find_and_suppress,861,3472.0,1495.0,0.7634957,0.0,0.0,1.0,human_correct_label,14809.0,1.0
301.tiff,find_and_suppress,862,5840.0,2530.0,0.7634917,0.0,0.0,1.0,non_human_findings,-1.0,0.0
301.tiff,find_and_suppress,863,355.0,3165.0,0.76346934,0.0,0.0,1.0,non_human_findings,-1.0,0.0
301.tiff,find_and_suppress,864,2201.0,4259.0,0.7634337,0.0,0.0,1.0,non_human_findings,-1.0,0.0
301.tiff,find_and_suppress,865,3347.0,3401.0,0.76333493,0.0,0.0,1.0,non_human_findings,-1.0,0.0
301.tiff,find_and_suppress,866,3837.0,874.0,0.76332533,0.0,0.0,1.0,non_human_findings,-1.0,0.0
301.tiff,find_and_suppress,867,5960.0,3846.0,0.7632049,0.0,0.0,1.0,non_human_findings,-1.0,0.0
301.tiff,find_and_suppress,868,3107.0,1305.0,0.7631171,0.0,0.0,1.0,non_human_findings,-1.0,0.0
301.tiff,find_and_suppress,869,1014.0,1095.0,0.7630901,0.0,0.0,1.0,human_correct_label,14790.0,1.0
301.tiff,find_and_suppress,870,6144.0,3931.0,0.7630858,0.0,0.0,1.0,non_human_findings,-1.0,0.0
301.tiff,find_and_suppress,871,2756.0,3894.0,0.7630552,0.0,0.0,1.0,non_human_findings,-1.0,0.0
301.tiff,find_and_suppress,872,4382.0,2871.0,0.76303065,0.0,0.0,1.0,non_human_findings,-1.0,0.0
301.tiff,find_and_suppress,873,5439.0,3245.0,0.7629708,0.0,0.0,1.0,non_human_findings,-1.0,0.0
301.tiff,find_and_suppress,874,3150.0,2313.0,0.76292133,0.0,0.0,1.0,human_rejected_label,14851.0,2.0
301.tiff,find_and_suppress,875,3676.0,4460.0,0.7629089,0.0,0.0,1.0,non_human_findings,-1.0,0.0
301.tiff,find_and_suppress,876,262.0,1589.0,0.76286453,0.0,0.0,1.0,non_human_findings,-1.0,0.0
301.tiff,find_and_suppress,877,5526.0,1970.0,0.7628548,0.0,0.0,1.0,non_human_findings,-1.0,0.0
301.tiff,find_and_suppress,878,1230.0,2945.0,0.7628222,0.0,0.0,1.0,non_human_findings,-1.0,0.0
301.tiff,find_and_suppress,879,90.0,2538.0,0.7628121,0.0,0.0,1.0,non_human_findings,-1.0,0.0
301.tiff,find_and_suppress,880,1125.0,156.0,0.7628119,0.0,0.0,1.0,non_human_findings,-1.0,0.0
301.tiff,find_and_suppress,881,2440.0,1200.0,0.7627667,0.0,0.0,1.0,non_human_findings,-1.0,0.0
301.tiff,find_and_suppress,882,5961.0,4130.0,0.7627514,0.0,0.0,1.0,non_human_findings,-1.0,0.0
301.tiff,find_and_suppress,883,3252.0,1771.0,0.76271117,0.0,0.0,1.0,non_human_findings,-1.0,0.0
301.tiff,find_and_suppress,884,480.0,3238.0,0.76269984,0.0,0.0,1.0,non_human_findings,-1.0,0.0
301.tiff,find_and_suppress,885,6227.0,821.0,0.7626905,0.0,0.0,1.0,non_human_findings,-1.0,0.0
301.tiff,find_and_suppress,886,4295.0,482.0,0.76267284,0.0,0.0,1.0,non_human_findings,-1.0,0.0
301.tiff,find_and_suppress,887,3200.0,402.0,0.7626721,0.0,0.0,1.0,non_human_findings,-1.0,0.0
301.tiff,find_and_suppress,888,6306.0,1524.0,0.7626201,0.0,0.0,1.0,non_human_findings,-1.0,0.0
301.tiff,find_and_suppress,889,3769.0,3315.0,0.7625247,0.0,0.0,1.0,non_human_findings,-1.0,0.0
301.tiff,find_and_suppress,890,2248.0,1188.0,0.7625246,0.0,0.0,1.0,non_human_findings,-1.0,0.0
301.tiff,find_and_suppress,891,2996.0,1626.0,0.7625195,0.0,0.0,1.0,non_human_findings,-1.0,0.0
301.tiff,find_and_suppress,892,5289.0,732.0,0.76249,0.0,0.0,1.0,non_human_findings,-1.0,0.0
301.tiff,find_and_suppress,893,3658.0,4753.0,0.7624144,0.0,0.0,1.0,non_human_findings,-1.0,0.0
301.tiff,find_and_suppress,894,2168.0,2927.0,0.76241124,0.0,0.0,1.0,non_human_findings,-1.0,0.0
301.tiff,find_and_suppress,895,2703.0,2984.0,0.76226,0.0,0.0,1.0,non_human_findings,-1.0,0.0
301.tiff,find_and_suppress,896,2111.0,1946.0,0.76224226,0.0,0.0,1.0,non_human_findings,-1.0,0.0
301.tiff,find_and_suppress,897,5506.0,3380.0,0.76223993,0.0,0.0,1.0,non_human_findings,-1.0,0.0
301.tiff,find_and_suppress,898,4489.0,3923.0,0.7622313,0.0,0.0,1.0,human_correct_label,14955.0,1.0
301.tiff,find_and_suppress,899,2194.0,1004.0,0.76216793,0.0,0.0,1.0,non_human_findings,-1.0,0.0
301.tiff,find_and_suppress,900,3611.0,1932.0,0.7621553,0.0,0.0,1.0,non_human_findings,-1.0,0.0
301.tiff,find_and_suppress,901,2771.0,3324.0,0.7620868,0.0,0.0,1.0,non_human_findings,-1.0,0.0
301.tiff,find_and_suppress,902,3322.0,1559.0,0.7620801,0.0,0.0,1.0,non_human_findings,-1.0,0.0
301.tiff,find_and_suppress,903,4975.0,974.0,0.7620594,0.0,0.0,1.0,human_correct_label,14810.0,1.0
301.tiff,find_and_suppress,904,5975.0,2633.0,0.76197547,0.0,0.0,1.0,non_human_findings,-1.0,0.0
301.tiff,find_and_suppress,905,2854.0,815.0,0.7619413,0.0,0.0,1.0,non_human_findings,-1.0,0.0
301.tiff,find_and_suppress,906,4784.0,121.0,0.76192147,0.0,0.0,1.0,non_human_findings,-1.0,0.0
301.tiff,find_and_suppress,907,3287.0,1416.0,0.76188743,0.0,0.0,1.0,non_human_findings,-1.0,0.0
301.tiff,find_and_suppress,908,6296.0,2702.0,0.7618099,0.0,0.0,1.0,non_human_findings,-1.0,0.0
301.tiff,find_and_suppress,909,5822.0,4328.0,0.7617956,0.0,0.0,1.0,non_human_findings,-1.0,0.0
301.tiff,find_and_suppress,910,4893.0,2441.0,0.76178414,0.0,0.0,1.0,non_human_findings,-1.0,0.0
301.tiff,find_and_suppress,911,757.0,2093.0,0.76175237,0.0,0.0,1.0,non_human_findings,-1.0,0.0
301.tiff,find_and_suppress,912,3378.0,1540.0,0.7617436,0.0,0.0,1.0,non_human_findings,-1.0,0.0
301.tiff,find_and_suppress,913,2424.0,3759.0,0.761698,0.0,0.0,1.0,non_human_findings,-1.0,0.0
301.tiff,find_and_suppress,914,5156.0,557.0,0.76160806,0.0,0.0,1.0,non_human_findings,-1.0,0.0
301.tiff,find_and_suppress,915,212.0,3280.0,0.7616019,0.0,0.0,1.0,non_human_findings,-1.0,0.0
301.tiff,find_and_suppress,916,5209.0,2078.0,0.7615675,0.0,0.0,1.0,non_human_findings,-1.0,0.0
301.tiff,find_and_suppress,917,21.0,986.0,0.76154894,0.0,0.0,1.0,non_human_findings,-1.0,0.0
301.tiff,find_and_suppress,918,476.0,534.0,0.76154304,0.0,0.0,1.0,non_human_findings,-1.0,0.0
301.tiff,find_and_suppress,919,5489.0,2654.0,0.7615125,0.0,0.0,1.0,non_human_findings,-1.0,0.0
301.tiff,find_and_suppress,920,2609.0,2723.0,0.76146895,0.0,0.0,1.0,non_human_findings,-1.0,0.0
301.tiff,find_and_suppress,921,4298.0,45.0,0.7614555,0.0,0.0,1.0,non_human_findings,-1.0,0.0
301.tiff,find_and_suppress,922,6356.0,926.0,0.76142746,0.0,0.0,1.0,non_human_findings,-1.0,0.0
301.tiff,find_and_suppress,923,6332.0,1474.0,0.76142335,0.0,0.0,1.0,non_human_findings,-1.0,0.0
301.tiff,find_and_suppress,924,5951.0,1303.0,0.7614177,0.0,0.0,1.0,non_human_findings,-1.0,0.0
301.tiff,find_and_suppress,925,3182.0,3724.0,0.76141113,0.0,0.0,1.0,non_human_findings,-1.0,0.0
301.tiff,find_and_suppress,926,2535.0,959.0,0.7613803,0.0,0.0,1.0,non_human_findings,-1.0,0.0
301.tiff,find_and_suppress,927,608.0,828.0,0.7613303,0.0,0.0,1.0,non_human_findings,-1.0,0.0
301.tiff,find_and_suppress,928,5263.0,828.0,0.76129913,0.0,0.0,1.0,non_human_findings,-1.0,0.0
301.tiff,find_and_suppress,929,858.0,4413.0,0.76129425,0.0,0.0,1.0,non_human_findings,-1.0,0.0
301.tiff,find_and_suppress,930,3988.0,2809.0,0.7612825,0.0,0.0,1.0,non_human_findings,-1.0,0.0
301.tiff,find_and_suppress,931,884.0,192.0,0.7611276,0.0,0.0,1.0,non_human_findings,-1.0,0.0
301.tiff,find_and_suppress,932,2181.0,199.0,0.761085,0.0,0.0,1.0,non_human_findings,-1.0,0.0
301.tiff,find_and_suppress,933,4903.0,4355.0,0.7610747,0.0,0.0,1.0,non_human_findings,-1.0,0.0
301.tiff,find_and_suppress,934,2931.0,1806.0,0.76104337,0.0,0.0,1.0,non_human_findings,-1.0,0.0
301.tiff,find_and_suppress,935,1680.0,450.0,0.76101464,0.0,0.0,1.0,non_human_findings,-1.0,0.0
301.tiff,find_and_suppress,936,675.0,539.0,0.7609706,0.0,0.0,1.0,non_human_findings,-1.0,0.0
301.tiff,find_and_suppress,937,568.0,4527.0,0.7609617,0.0,0.0,1.0,non_human_findings,-1.0,0.0
301.tiff,find_and_suppress,938,1805.0,4528.0,0.76092315,0.0,0.0,1.0,non_human_findings,-1.0,0.0
301.tiff,find_and_suppress,939,5381.0,927.0,0.7608632,0.0,0.0,1.0,non_human_findings,-1.0,0.0
301.tiff,find_and_suppress,940,4029.0,3286.0,0.7608208,0.0,0.0,1.0,non_human_findings,-1.0,0.0
301.tiff,find_and_suppress,941,5356.0,1429.0,0.7607981,0.0,0.0,1.0,non_human_findings,-1.0,0.0
301.tiff,find_and_suppress,942,5109.0,3935.0,0.7607889,0.0,0.0,1.0,non_human_findings,-1.0,0.0
301.tiff,find_and_suppress,943,3125.0,1207.0,0.7606982,0.0,0.0,1.0,non_human_findings,-1.0,0.0
301.tiff,find_and_suppress,944,1585.0,4643.0,0.760653,0.0,0.0,1.0,non_human_findings,-1.0,0.0
301.tiff,find_and_suppress,945,211.0,1116.0,0.7605926,0.0,0.0,1.0,non_human_findings,-1.0,0.0
301.tiff,find_and_suppress,946,4097.0,3062.0,0.7605889,0.0,0.0,1.0,non_human_findings,-1.0,0.0
301.tiff,find_and_suppress,947,5642.0,3453.0,0.7605838,0.0,0.0,1.0,non_human_findings,-1.0,0.0
301.tiff,find_and_suppress,948,1138.0,1486.0,0.7605779,0.0,0.0,1.0,non_human_findings,-1.0,0.0
301.tiff,find_and_suppress,949,3668.0,3689.0,0.76057744,0.0,0.0,1.0,non_human_findings,-1.0,0.0
301.tiff,find_and_suppress,950,4874.0,3031.0,0.7605446,0.0,0.0,1.0,non_human_findings,-1.0,0.0
301.tiff,find_and_suppress,951,2228.0,3795.0,0.7605247,0.0,0.0,1.0,non_human_findings,-1.0,0.0
301.tiff,find_and_suppress,952,2083.0,2194.0,0.7603904,0.0,0.0,1.0,non_human_findings,-1.0,0.0
301.tiff,find_and_suppress,953,2093.0,4286.0,0.76038086,0.0,0.0,1.0,non_human_findings,-1.0,0.0
301.tiff,find_and_suppress,954,2620.0,2096.0,0.7603736,0.0,0.0,1.0,human_rejected_label,14845.0,2.0
301.tiff,find_and_suppress,955,999.0,2420.0,0.760277,0.0,0.0,1.0,non_human_findings,-1.0,0.0
301.tiff,find_and_suppress,956,2782.0,3734.0,0.7602417,0.0,0.0,1.0,non_human_findings,-1.0,0.0
301.tiff,find_and_suppress,957,1116.0,4258.0,0.7602393,0.0,0.0,1.0,non_human_findings,-1.0,0.0
301.tiff,find_and_suppress,958,968.0,3424.0,0.7602364,0.0,0.0,1.0,non_human_findings,-1.0,0.0
301.tiff,find_and_suppress,959,3561.0,2482.0,0.7602128,0.0,0.0,1.0,non_human_findings,-1.0,0.0
301.tiff,find_and_suppress,960,1137.0,3198.0,0.76021016,0.0,0.0,1.0,non_human_findings,-1.0,0.0
301.tiff,find_and_suppress,961,4481.0,4171.0,0.7601572,0.0,0.0,1.0,non_human_findings,-1.0,0.0
301.tiff,find_and_suppress,962,2474.0,2718.0,0.7601535,0.0,0.0,1.0,non_human_findings,-1.0,0.0
301.tiff,find_and_suppress,963,3269.0,2638.0,0.7601226,0.0,0.0,1.0,non_human_findings,-1.0,0.0
301.tiff,find_and_suppress,964,6373.0,1047.0,0.76008296,0.0,0.0,1.0,non_human_findings,-1.0,0.0
301.tiff,find_and_suppress,965,150.0,695.0,0.76003283,0.0,0.0,1.0,non_human_findings,-1.0,0.0
301.tiff,find_and_suppress,966,3206.0,1073.0,0.7599955,0.0,0.0,1.0,non_human_findings,-1.0,0.0
301.tiff,find_and_suppress,967,4743.0,1881.0,0.7599865,0.0,0.0,1.0,non_human_findings,-1.0,0.0
301.tiff,find_and_suppress,968,469.0,3642.0,0.7599645,0.0,0.0,1.0,non_human_findings,-1.0,0.0
301.tiff,find_and_suppress,969,1915.0,617.0,0.7598783,0.0,0.0,1.0,non_human_findings,-1.0,0.0
301.tiff,find_and_suppress,970,2964.0,2946.0,0.7598453,0.0,0.0,1.0,non_human_findings,-1.0,0.0
301.tiff,find_and_suppress,971,4627.0,2071.0,0.75977945,0.0,0.0,1.0,non_human_findings,-1.0,0.0
301.tiff,find_and_suppress,972,711.0,1930.0,0.7597726,0.0,0.0,1.0,non_human_findings,-1.0,0.0
301.tiff,find_and_suppress,973,5721.0,2013.0,0.7596655,0.0,0.0,1.0,non_human_findings,-1.0,0.0
301.tiff,find_and_suppress,974,4506.0,1681.0,0.75965184,0.0,0.0,1.0,non_human_findings,-1.0,0.0
301.tiff,find_and_suppress,975,243.0,2683.0,0.7596004,0.0,0.0,1.0,non_human_findings,-1.0,0.0
301.tiff,find_and_suppress,976,2046.0,4590.0,0.7595434,0.0,0.0,1.0,non_human_findings,-1.0,0.0
301.tiff,find_and_suppress,977,4180.0,4246.0,0.75952995,0.0,0.0,1.0,non_human_findings,-1.0,0.0
301.tiff,find_and_suppress,978,4415.0,960.0,0.75950986,0.0,0.0,1.0,non_human_findings,-1.0,0.0
301.tiff,find_and_suppress,979,3311.0,3579.0,0.75950414,0.0,0.0,1.0,non_human_findings,-1.0,0.0
301.tiff,find_and_suppress,980,1628.0,3512.0,0.759466,0.0,0.0,1.0,non_human_findings,-1.0,0.0
301.tiff,find_and_suppress,981,3766.0,2625.0,0.759434,0.0,0.0,1.0,non_human_findings,-1.0,0.0
301.tiff,find_and_suppress,982,2304.0,4290.0,0.75940543,0.0,0.0,1.0,non_human_findings,-1.0,0.0
301.tiff,find_and_suppress,983,142.0,4643.0,0.75939816,0.0,0.0,1.0,non_human_findings,-1.0,0.0
301.tiff,find_and_suppress,984,403.0,3228.0,0.75936663,0.0,0.0,1.0,non_human_findings,-1.0,0.0
301.tiff,find_and_suppress,985,1188.0,1700.0,0.7593556,0.0,0.0,1.0,non_human_findings,-1.0,0.0
301.tiff,find_and_suppress,986,2417.0,3881.0,0.759343,0.0,0.0,1.0,non_human_findings,-1.0,0.0
301.tiff,find_and_suppress,987,380.0,3716.0,0.7592876,0.0,0.0,1.0,non_human_findings,-1.0,0.0
301.tiff,find_and_suppress,988,2570.0,446.0,0.7592643,0.0,0.0,1.0,non_human_findings,-1.0,0.0
301.tiff,find_and_suppress,989,2295.0,3658.0,0.7592357,0.0,0.0,1.0,human_correct_label,14935.0,1.0
301.tiff,find_and_suppress,990,3032.0,2158.0,0.7592148,0.0,0.0,1.0,non_human_findings,-1.0,0.0
301.tiff,find_and_suppress,991,6163.0,3458.0,0.75916076,0.0,0.0,1.0,human_correct_label,14968.0,1.0
301.tiff,find_and_suppress,992,4531.0,4183.0,0.7591229,0.0,0.0,1.0,non_human_findings,-1.0,0.0
301.tiff,find_and_suppress,993,257.0,2581.0,0.7590117,0.0,0.0,1.0,non_human_findings,-1.0,0.0
301.tiff,find_and_suppress,994,3419.0,4806.0,0.7590069,0.0,0.0,1.0,non_human_findings,-1.0,0.0
301.tiff,find_and_suppress,995,2213.0,3375.0,0.7589606,0.0,0.0,1.0,non_human_findings,-1.0,0.0
301.tiff,find_and_suppress,996,6164.0,462.0,0.7589437,0.0,0.0,1.0,non_human_findings,-1.0,0.0
301.tiff,find_and_suppress,997,2934.0,1325.0,0.75887996,0.0,0.0,1.0,non_human_findings,-1.0,0.0
301.tiff,find_and_suppress,998,3399.0,715.0,0.75875515,0.0,0.0,1.0,non_human_findings,-1.0,0.0
301.tiff,find_and_suppress,999,3518.0,2918.0,0.7587244,0.0,0.0,1.0,non_human_findings,-1.0,0.0
301.tiff,find_and_suppress,1000,1314.0,649.0,0.7586902,0.0,0.0,1.0,non_human_findings,-1.0,0.0
301.tiff,find_and_suppress,1001,3195.0,4487.0,0.7586462,0.0,0.0,1.0,non_human_findings,-1.0,0.0
301.tiff,find_and_suppress,1002,5534.0,3409.0,0.7586446,0.0,0.0,1.0,non_human_findings,-1.0,0.0
301.tiff,find_and_suppress,1003,5963.0,3622.0,0.75863874,0.0,0.0,1.0,non_human_findings,-1.0,0.0
301.tiff,find_and_suppress,1004,2825.0,475.0,0.75860095,0.0,0.0,1.0,non_human_findings,-1.0,0.0
301.tiff,find_and_suppress,1005,5402.0,2538.0,0.75854355,0.0,0.0,1.0,non_human_findings,-1.0,0.0
301.tiff,find_and_suppress,1006,6070.0,2951.0,0.7585089,0.0,0.0,1.0,non_human_findings,-1.0,0.0
301.tiff,find_and_suppress,1007,3772.0,1504.0,0.75833577,0.0,0.0,1.0,non_human_findings,-1.0,0.0
301.tiff,find_and_suppress,1008,2938.0,3775.0,0.75832635,0.0,0.0,1.0,non_human_findings,-1.0,0.0
301.tiff,find_and_suppress,1009,485.0,829.0,0.7581625,0.0,0.0,1.0,non_human_findings,-1.0,0.0
301.tiff,find_and_suppress,1010,2031.0,2645.0,0.75805295,0.0,0.0,1.0,non_human_findings,-1.0,0.0
301.tiff,find_and_suppress,1011,3465.0,3107.0,0.7580438,0.0,0.0,1.0,non_human_findings,-1.0,0.0
301.tiff,find_and_suppress,1012,3865.0,3680.0,0.75801605,0.0,0.0,1.0,non_human_findings,-1.0,0.0
301.tiff,find_and_suppress,1013,2240.0,4054.0,0.75799865,0.0,0.0,1.0,non_human_findings,-1.0,0.0
301.tiff,find_and_suppress,1014,6097.0,4595.0,0.7579837,0.0,0.0,1.0,non_human_findings,-1.0,0.0
301.tiff,find_and_suppress,1015,1376.0,3184.0,0.7579773,0.0,0.0,1.0,non_human_findings,-1.0,0.0
301.tiff,find_and_suppress,1016,1971.0,2857.0,0.7579768,0.0,0.0,1.0,non_human_findings,-1.0,0.0
301.tiff,find_and_suppress,1017,3380.0,380.0,0.7578082,0.0,0.0,1.0,non_human_findings,-1.0,0.0
301.tiff,find_and_suppress,1018,1609.0,3070.0,0.7577699,0.0,0.0,1.0,non_human_findings,-1.0,0.0
301.tiff,find_and_suppress,1019,1223.0,290.0,0.7577106,0.0,0.0,1.0,non_human_findings,-1.0,0.0
301.tiff,find_and_suppress,1020,797.0,3668.0,0.7575984,0.0,0.0,1.0,non_human_findings,-1.0,0.0
301.tiff,find_and_suppress,1021,5007.0,965.0,0.7575425,0.0,0.0,1.0,non_human_findings,-1.0,0.0
301.tiff,find_and_suppress,1022,2256.0,3253.0,0.75750065,0.0,0.0,1.0,non_human_findings,-1.0,0.0
301.tiff,find_and_suppress,1023,5917.0,2590.0,0.7573963,0.0,0.0,1.0,non_human_findings,-1.0,0.0
301.tiff,find_and_suppress,1024,4308.0,2854.0,0.7573763,0.0,0.0,1.0,non_human_findings,-1.0,0.0
301.tiff,find_and_suppress,1025,4907.0,3482.0,0.7572813,0.0,0.0,1.0,non_human_findings,-1.0,0.0
301.tiff,find_and_suppress,1026,2887.0,2004.0,0.75725496,0.0,0.0,1.0,non_human_findings,-1.0,0.0
301.tiff,find_and_suppress,1027,5578.0,2995.0,0.75719124,0.0,0.0,1.0,non_human_findings,-1.0,0.0
301.tiff,find_and_suppress,1028,1497.0,141.0,0.7571883,0.0,0.0,1.0,human_correct_label,14733.0,1.0
301.tiff,find_and_suppress,1029,2983.0,3231.0,0.7571874,0.0,0.0,1.0,non_human_findings,-1.0,0.0
301.tiff,find_and_suppress,1030,4561.0,4482.0,0.7571783,0.0,0.0,1.0,non_human_findings,-1.0,0.0
301.tiff,find_and_suppress,1031,3049.0,2273.0,0.75717777,0.0,0.0,1.0,non_human_findings,-1.0,0.0
301.tiff,find_and_suppress,1032,316.0,923.0,0.7571393,0.0,0.0,1.0,non_human_findings,-1.0,0.0
301.tiff,find_and_suppress,1033,5522.0,3513.0,0.75712883,0.0,0.0,1.0,non_human_findings,-1.0,0.0
301.tiff,find_and_suppress,1034,6216.0,3863.0,0.7571007,0.0,0.0,1.0,non_human_findings,-1.0,0.0
301.tiff,find_and_suppress,1035,5879.0,1705.0,0.757095,0.0,0.0,1.0,non_human_findings,-1.0,0.0
301.tiff,find_and_suppress,1036,2347.0,4511.0,0.757086,0.0,0.0,1.0,non_human_findings,-1.0,0.0
301.tiff,find_and_suppress,1037,6425.0,1865.0,0.7570574,0.0,0.0,1.0,non_human_findings,-1.0,0.0
301.tiff,find_and_suppress,1038,6225.0,3962.0,0.757025,0.0,0.0,1.0,non_human_findings,-1.0,0.0
301.tiff,find_and_suppress,1039,1356.0,965.0,0.7570112,0.0,0.0,1.0,non_human_findings,-1.0,0.0
301.tiff,find_and_suppress,1040,2804.0,263.0,0.75698423,0.0,0.0,1.0,non_human_findings,-1.0,0.0
301.tiff,find_and_suppress,1041,4027.0,2714.0,0.75691265,0.0,0.0,1.0,non_human_findings,-1.0,0.0
301.tiff,find_and_suppress,1042,3666.0,4240.0,0.75680065,0.0,0.0,1.0,non_human_findings,-1.0,0.0
301.tiff,find_and_suppress,1043,2749.0,2175.0,0.75672626,0.0,0.0,1.0,non_human_findings,-1.0,0.0
301.tiff,find_and_suppress,1044,3478.0,2933.0,0.75672126,0.0,0.0,1.0,non_human_findings,-1.0,0.0
301.tiff,find_and_suppress,1045,5861.0,1857.0,0.7567181,0.0,0.0,1.0,human_rejected_label,15035.0,2.0
301.tiff,find_and_suppress,1046,5275.0,4064.0,0.7566973,0.0,0.0,1.0,non_human_findings,-1.0,0.0
301.tiff,find_and_suppress,1047,2006.0,2466.0,0.75663537,0.0,0.0,1.0,human_rejected_label,14848.0,2.0
301.tiff,find_and_suppress,1048,2576.0,4280.0,0.7566324,0.0,0.0,1.0,non_human_findings,-1.0,0.0
301.tiff,find_and_suppress,1049,5716.0,3723.0,0.7566226,0.0,0.0,1.0,non_human_findings,-1.0,0.0
301.tiff,find_and_suppress,1050,2655.0,3739.0,0.75661397,0.0,0.0,1.0,non_human_findings,-1.0,0.0
301.tiff,find_and_suppress,1051,2799.0,3355.0,0.7565832,0.0,0.0,1.0,non_human_findings,-1.0,0.0
301.tiff,find_and_suppress,1052,4800.0,4093.0,0.75658184,0.0,0.0,1.0,non_human_findings,-1.0,0.0
301.tiff,find_and_suppress,1053,4319.0,997.0,0.75655323,0.0,0.0,1.0,non_human_findings,-1.0,0.0
301.tiff,find_and_suppress,1054,1252.0,1873.0,0.75652784,0.0,0.0,1.0,human_correct_label,14836.0,1.0
301.tiff,find_and_suppress,1055,4272.0,3615.0,0.7563667,0.0,0.0,1.0,non_human_findings,-1.0,0.0
301.tiff,find_and_suppress,1056,2181.0,4306.0,0.7563495,0.0,0.0,1.0,non_human_findings,-1.0,0.0
301.tiff,find_and_suppress,1057,5000.0,4472.0,0.7562474,0.0,0.0,1.0,non_human_findings,-1.0,0.0
301.tiff,find_and_suppress,1058,5190.0,2997.0,0.756117,0.0,0.0,1.0,non_human_findings,-1.0,0.0
301.tiff,find_and_suppress,1059,3045.0,4685.0,0.7560341,0.0,0.0,1.0,non_human_findings,-1.0,0.0
301.tiff,find_and_suppress,1060,1401.0,3527.0,0.7560137,0.0,0.0,1.0,non_human_findings,-1.0,0.0
301.tiff,find_and_suppress,1061,2921.0,2470.0,0.7559789,0.0,0.0,1.0,non_human_findings,-1.0,0.0
301.tiff,find_and_suppress,1062,4940.0,3851.0,0.75594497,0.0,0.0,1.0,non_human_findings,-1.0,0.0
301.tiff,find_and_suppress,1063,1932.0,1282.0,0.75594306,0.0,0.0,1.0,non_human_findings,-1.0,0.0
301.tiff,find_and_suppress,1064,5049.0,4414.0,0.7559397,0.0,0.0,1.0,non_human_findings,-1.0,0.0
301.tiff,find_and_suppress,1065,516.0,1550.0,0.7559351,0.0,0.0,1.0,non_human_findings,-1.0,0.0
301.tiff,find_and_suppress,1066,690.0,176.0,0.7559317,0.0,0.0,1.0,non_human_findings,-1.0,0.0
301.tiff,find_and_suppress,1067,3735.0,2876.0,0.75592244,0.0,0.0,1.0,non_human_findings,-1.0,0.0
301.tiff,find_and_suppress,1068,56.0,4414.0,0.7558678,0.0,0.0,1.0,human_correct_label,14973.0,1.0
301.tiff,find_and_suppress,1069,619.0,3123.0,0.75584626,0.0,0.0,1.0,non_human_findings,-1.0,0.0
301.tiff,find_and_suppress,1070,4998.0,4008.0,0.7558303,0.0,0.0,1.0,non_human_findings,-1.0,0.0
301.tiff,find_and_suppress,1071,2252.0,2671.0,0.755707,0.0,0.0,1.0,non_human_findings,-1.0,0.0
301.tiff,find_and_suppress,1072,5397.0,893.0,0.75569165,0.0,0.0,1.0,non_human_findings,-1.0,0.0
301.tiff,find_and_suppress,1073,3762.0,996.0,0.75567967,0.0,0.0,1.0,non_human_findings,-1.0,0.0
301.tiff,find_and_suppress,1074,5764.0,1785.0,0.75567347,0.0,0.0,1.0,non_human_findings,-1.0,0.0
301.tiff,find_and_suppress,1075,4416.0,4037.0,0.75566447,0.0,0.0,1.0,non_human_findings,-1.0,0.0
301.tiff,find_and_suppress,1076,3105.0,2779.0,0.75566226,0.0,0.0,1.0,non_human_findings,-1.0,0.0
301.tiff,find_and_suppress,1077,3152.0,2660.0,0.75564605,0.0,0.0,1.0,non_human_findings,-1.0,0.0
301.tiff,find_and_suppress,1078,3047.0,1718.0,0.75556755,0.0,0.0,1.0,non_human_findings,-1.0,0.0
301.tiff,find_and_suppress,1079,4041.0,665.0,0.7555056,0.0,0.0,1.0,non_human_findings,-1.0,0.0
301.tiff,find_and_suppress,1080,1169.0,294.0,0.7554846,0.0,0.0,1.0,non_human_findings,-1.0,0.0
301.tiff,find_and_suppress,1081,4699.0,3598.0,0.75546616,0.0,0.0,1.0,non_human_findings,-1.0,0.0
301.tiff,find_and_suppress,1082,1113.0,2114.0,0.7554541,0.0,0.0,1.0,non_human_findings,-1.0,0.0
301.tiff,find_and_suppress,1083,4421.0,103.0,0.7553794,0.0,0.0,1.0,non_human_findings,-1.0,0.0
301.tiff,find_and_suppress,1084,5308.0,1960.0,0.75537163,0.0,0.0,1.0,non_human_findings,-1.0,0.0
301.tiff,find_and_suppress,1085,975.0,1671.0,0.7552901,0.0,0.0,1.0,non_human_findings,-1.0,0.0
301.tiff,find_and_suppress,1086,2231.0,1077.0,0.755277,0.0,0.0,1.0,human_rejected_label,14793.0,2.0
301.tiff,find_and_suppress,1087,4874.0,133.0,0.75526077,0.0,0.0,1.0,non_human_findings,-1.0,0.0
301.tiff,find_and_suppress,1088,3784.0,4804.0,0.7552298,0.0,0.0,1.0,non_human_findings,-1.0,0.0
301.tiff,find_and_suppress,1089,603.0,1806.0,0.7551997,0.0,0.0,1.0,non_human_findings,-1.0,0.0
301.tiff,find_and_suppress,1090,4783.0,4546.0,0.7551959,0.0,0.0,1.0,non_human_findings,-1.0,0.0
301.tiff,find_and_suppress,1091,6008.0,4631.0,0.7551219,0.0,0.0,1.0,non_human_findings,-1.0,0.0
301.tiff,find_and_suppress,1092,1500.0,3928.0,0.7550948,0.0,0.0,1.0,non_human_findings,-1.0,0.0
301.tiff,find_and_suppress,1093,1827.0,3712.0,0.75508946,0.0,0.0,1.0,non_human_findings,-1.0,0.0
301.tiff,find_and_suppress,1094,5193.0,3172.0,0.75508326,0.0,0.0,1.0,non_human_findings,-1.0,0.0
301.tiff,find_and_suppress,1095,5622.0,2057.0,0.75508016,0.0,0.0,1.0,non_human_findings,-1.0,0.0
301.tiff,find_and_suppress,1096,5849.0,2900.0,0.7550757,0.0,0.0,1.0,non_human_findings,-1.0,0.0
301.tiff,find_and_suppress,1097,1898.0,1155.0,0.7550631,0.0,0.0,1.0,non_human_findings,-1.0,0.0
301.tiff,find_and_suppress,1098,367.0,791.0,0.7550239,0.0,0.0,1.0,non_human_findings,-1.0,0.0
301.tiff,find_and_suppress,1099,773.0,2946.0,0.75499976,0.0,0.0,1.0,non_human_findings,-1.0,0.0
301.tiff,find_and_suppress,1100,1272.0,4326.0,0.7549896,0.0,0.0,1.0,non_human_findings,-1.0,0.0
301.tiff,find_and_suppress,1101,1433.0,1175.0,0.7549466,0.0,0.0,1.0,non_human_findings,-1.0,0.0
301.tiff,find_and_suppress,1102,6147.0,4361.0,0.7549221,0.0,0.0,1.0,non_human_findings,-1.0,0.0
301.tiff,find_and_suppress,1103,3402.0,3489.0,0.75488234,0.0,0.0,1.0,non_human_findings,-1.0,0.0
301.tiff,find_and_suppress,1104,6287.0,1191.0,0.7548739,0.0,0.0,1.0,non_human_findings,-1.0,0.0
301.tiff,find_and_suppress,1105,5056.0,2639.0,0.7548655,0.0,0.0,1.0,non_human_findings,-1.0,0.0
301.tiff,find_and_suppress,1106,2119.0,4251.0,0.754862,0.0,0.0,1.0,non_human_findings,-1.0,0.0
301.tiff,find_and_suppress,1107,5518.0,1723.0,0.7548468,0.0,0.0,1.0,non_human_findings,-1.0,0.0
301.tiff,find_and_suppress,1108,872.0,1232.0,0.7548297,0.0,0.0,1.0,non_human_findings,-1.0,0.0
301.tiff,find_and_suppress,1109,4483.0,4107.0,0.7548196,0.0,0.0,1.0,non_human_findings,-1.0,0.0
301.tiff,find_and_suppress,1110,5153.0,4058.0,0.7547661,0.0,0.0,1.0,non_human_findings,-1.0,0.0
301.tiff,find_and_suppress,1111,5698.0,3605.0,0.75475967,0.0,0.0,1.0,non_human_findings,-1.0,0.0
301.tiff,find_and_suppress,1112,1183.0,1871.0,0.7547561,0.0,0.0,1.0,non_human_findings,-1.0,0.0
301.tiff,find_and_suppress,1113,5609.0,3097.0,0.75474685,0.0,0.0,1.0,non_human_findings,-1.0,0.0
301.tiff,find_and_suppress,1114,227.0,1586.0,0.7547369,0.0,0.0,1.0,non_human_findings,-1.0,0.0
301.tiff,find_and_suppress,1115,2743.0,378.0,0.7546717,0.0,0.0,1.0,non_human_findings,-1.0,0.0
301.tiff,find_and_suppress,1116,1939.0,4675.0,0.75455976,0.0,0.0,1.0,non_human_findings,-1.0,0.0
301.tiff,find_and_suppress,1117,546.0,2874.0,0.7545188,0.0,0.0,1.0,non_human_findings,-1.0,0.0
301.tiff,find_and_suppress,1118,1946.0,4470.0,0.75436807,0.0,0.0,1.0,non_human_findings,-1.0,0.0
301.tiff,find_and_suppress,1119,1542.0,4761.0,0.75420374,0.0,0.0,1.0,non_human_findings,-1.0,0.0
301.tiff,find_and_suppress,1120,3291.0,535.0,0.75417525,0.0,0.0,1.0,non_human_findings,-1.0,0.0
301.tiff,find_and_suppress,1121,3072.0,214.0,0.7541673,0.0,0.0,1.0,non_human_findings,-1.0,0.0
301.tiff,find_and_suppress,1122,342.0,586.0,0.75415945,0.0,0.0,1.0,non_human_findings,-1.0,0.0
301.tiff,find_and_suppress,1123,590.0,1109.0,0.7541545,0.0,0.0,1.0,non_human_findings,-1.0,0.0
301.tiff,find_and_suppress,1124,4126.0,3340.0,0.7541386,0.0,0.0,1.0,non_human_findings,-1.0,0.0
301.tiff,find_and_suppress,1125,2526.0,374.0,0.75409555,0.0,0.0,1.0,non_human_findings,-1.0,0.0
301.tiff,find_and_suppress,1126,6386.0,3092.0,0.75405604,0.0,0.0,1.0,non_human_findings,-1.0,0.0
301.tiff,find_and_suppress,1127,3494.0,2153.0,0.75404507,0.0,0.0,1.0,non_human_findings,-1.0,0.0
301.tiff,find_and_suppress,1128,5219.0,4463.0,0.7540237,0.0,0.0,1.0,non_human_findings,-1.0,0.0
301.tiff,find_and_suppress,1129,4108.0,42.0,0.7539352,0.0,0.0,1.0,non_human_findings,-1.0,0.0
301.tiff,find_and_suppress,1130,3334.0,2722.0,0.7539113,0.0,0.0,1.0,non_human_findings,-1.0,0.0
301.tiff,find_and_suppress,1131,6180.0,1611.0,0.75385904,0.0,0.0,1.0,non_human_findings,-1.0,0.0
301.tiff,find_and_suppress,1132,1767.0,3114.0,0.7538536,0.0,0.0,1.0,non_human_findings,-1.0,0.0
301.tiff,find_and_suppress,1133,1782.0,1368.0,0.75382,0.0,0.0,1.0,non_human_findings,-1.0,0.0
301.tiff,find_and_suppress,1134,253.0,3581.0,0.7538136,0.0,0.0,1.0,non_human_findings,-1.0,0.0
301.tiff,find_and_suppress,1135,3892.0,3423.0,0.7538074,0.0,0.0,1.0,non_human_findings,-1.0,0.0
301.tiff,find_and_suppress,1136,3041.0,2947.0,0.75378525,0.0,0.0,1.0,non_human_findings,-1.0,0.0
301.tiff,find_and_suppress,1137,1859.0,1301.0,0.75378245,0.0,0.0,1.0,non_human_findings,-1.0,0.0
301.tiff,find_and_suppress,1138,269.0,3407.0,0.75376236,0.0,0.0,1.0,non_human_findings,-1.0,0.0
301.tiff,find_and_suppress,1139,3756.0,4121.0,0.7536565,0.0,0.0,1.0,non_human_findings,-1.0,0.0
301.tiff,find_and_suppress,1140,3474.0,723.0,0.75363815,0.0,0.0,1.0,non_human_findings,-1.0,0.0
301.tiff,find_and_suppress,1141,2035.0,928.0,0.7535997,0.0,0.0,1.0,non_human_findings,-1.0,0.0
301.tiff,find_and_suppress,1142,3777.0,2963.0,0.7534351,0.0,0.0,1.0,non_human_findings,-1.0,0.0
301.tiff,find_and_suppress,1143,5164.0,1440.0,0.7533626,0.0,0.0,1.0,non_human_findings,-1.0,0.0
301.tiff,find_and_suppress,1144,3541.0,2379.0,0.753343,0.0,0.0,1.0,non_human_findings,-1.0,0.0
301.tiff,find_and_suppress,1145,5533.0,3772.0,0.75333935,0.0,0.0,1.0,non_human_findings,-1.0,0.0
301.tiff,find_and_suppress,1146,3389.0,2827.0,0.7533258,0.0,0.0,1.0,non_human_findings,-1.0,0.0
301.tiff,find_and_suppress,1147,3646.0,3489.0,0.7533237,0.0,0.0,1.0,non_human_findings,-1.0,0.0
301.tiff,find_and_suppress,1148,3257.0,1909.0,0.75329894,0.0,0.0,1.0,non_human_findings,-1.0,0.0
301.tiff,find_and_suppress,1149,1312.0,2964.0,0.7532922,0.0,0.0,1.0,non_human_findings,-1.0,0.0
301.tiff,find_and_suppress,1150,2892.0,2360.0,0.7532877,0.0,0.0,1.0,non_human_findings,-1.0,0.0
301.tiff,find_and_suppress,1151,3081.0,2669.0,0.75322735,0.0,0.0,1.0,non_human_findings,-1.0,0.0
301.tiff,find_and_suppress,1152,949.0,3272.0,0.7531312,0.0,0.0,1.0,non_human_findings,-1.0,0.0
301.tiff,find_and_suppress,1153,397.0,3989.0,0.75312525,0.0,0.0,1.0,non_human_findings,-1.0,0.0
301.tiff,find_and_suppress,1154,2655.0,1043.0,0.75305283,0.0,0.0,1.0,non_human_findings,-1.0,0.0
301.tiff,find_and_suppress,1155,5004.0,749.0,0.7530436,0.0,0.0,1.0,non_human_findings,-1.0,0.0
301.tiff,find_and_suppress,1156,1538.0,496.0,0.75303394,0.0,0.0,1.0,non_human_findings,-1.0,0.0
301.tiff,find_and_suppress,1157,4737.0,2991.0,0.7530333,0.0,0.0,1.0,non_human_findings,-1.0,0.0
301.tiff,find_and_suppress,1158,3902.0,1359.0,0.7530287,0.0,0.0,1.0,non_human_findings,-1.0,0.0
301.tiff,find_and_suppress,1159,3279.0,782.0,0.7530281,0.0,0.0,1.0,non_human_findings,-1.0,0.0
301.tiff,find_and_suppress,1160,6183.0,4520.0,0.75300735,0.0,0.0,1.0,non_human_findings,-1.0,0.0
301.tiff,find_and_suppress,1161,6297.0,2287.0,0.75294507,0.0,0.0,1.0,human_correct_label,14874.0,1.0
301.tiff,find_and_suppress,1162,638.0,679.0,0.7529368,0.0,0.0,1.0,non_human_findings,-1.0,0.0
301.tiff,find_and_suppress,1163,1362.0,1825.0,0.7528794,0.0,0.0,1.0,non_human_findings,-1.0,0.0
301.tiff,find_and_suppress,1164,853.0,1948.0,0.75283605,0.0,0.0,1.0,non_human_findings,-1.0,0.0
301.tiff,find_and_suppress,1165,5968.0,2516.0,0.75275576,0.0,0.0,1.0,non_human_findings,-1.0,0.0
301.tiff,find_and_suppress,1166,844.0,3344.0,0.75275403,0.0,0.0,1.0,non_human_findings,-1.0,0.0
301.tiff,find_and_suppress,1167,4692.0,2979.0,0.7527535,0.0,0.0,1.0,non_human_findings,-1.0,0.0
301.tiff,find_and_suppress,1168,6429.0,4619.0,0.75272197,0.0,0.0,1.0,non_human_findings,-1.0,0.0
301.tiff,find_and_suppress,1169,6183.0,4136.0,0.7526719,0.0,0.0,1.0,non_human_findings,-1.0,0.0
301.tiff,find_and_suppress,1170,3332.0,1878.0,0.7526028,0.0,0.0,1.0,non_human_findings,-1.0,0.0
301.tiff,find_and_suppress,1171,3787.0,4150.0,0.7525846,0.0,0.0,1.0,non_human_findings,-1.0,0.0
301.tiff,find_and_suppress,1172,206.0,1682.0,0.7525687,0.0,0.0,1.0,non_human_findings,-1.0,0.0
301.tiff,find_and_suppress,1173,4665.0,1560.0,0.75253725,0.0,0.0,1.0,non_human_findings,-1.0,0.0
301.tiff,find_and_suppress,1174,947.0,3972.0,0.7525141,0.0,0.0,1.0,non_human_findings,-1.0,0.0
301.tiff,find_and_suppress,1175,268.0,840.0,0.7524287,0.0,0.0,1.0,non_human_findings,-1.0,0.0
301.tiff,find_and_suppress,1176,4261.0,554.0,0.75234,0.0,0.0,1.0,non_human_findings,-1.0,0.0
301.tiff,find_and_suppress,1177,4064.0,3388.0,0.7523304,0.0,0.0,1.0,non_human_findings,-1.0,0.0
301.tiff,find_and_suppress,1178,2704.0,2267.0,0.7522843,0.0,0.0,1.0,non_human_findings,-1.0,0.0
301.tiff,find_and_suppress,1179,4297.0,2786.0,0.7522662,0.0,0.0,1.0,non_human_findings,-1.0,0.0
301.tiff,find_and_suppress,1180,2976.0,4417.0,0.75223327,0.0,0.0,1.0,non_human_findings,-1.0,0.0
301.tiff,find_and_suppress,1181,678.0,1822.0,0.75219995,0.0,0.0,1.0,non_human_findings,-1.0,0.0
301.tiff,find_and_suppress,1182,2496.0,223.0,0.7521513,0.0,0.0,1.0,non_human_findings,-1.0,0.0
301.tiff,find_and_suppress,1183,2177.0,1757.0,0.7520766,0.0,0.0,1.0,non_human_findings,-1.0,0.0
301.tiff,find_and_suppress,1184,192.0,1809.0,0.7520512,0.0,0.0,1.0,non_human_findings,-1.0,0.0
301.tiff,find_and_suppress,1185,5201.0,1949.0,0.75202423,0.0,0.0,1.0,non_human_findings,-1.0,0.0
301.tiff,find_and_suppress,1186,1397.0,89.0,0.7519857,0.0,0.0,1.0,non_human_findings,-1.0,0.0
301.tiff,find_and_suppress,1187,1930.0,3158.0,0.7519788,0.0,0.0,1.0,non_human_findings,-1.0,0.0
301.tiff,find_and_suppress,1188,1433.0,1655.0,0.75194865,0.0,0.0,1.0,non_human_findings,-1.0,0.0
301.tiff,find_and_suppress,1189,2556.0,3263.0,0.7519348,0.0,0.0,1.0,non_human_findings,-1.0,0.0
301.tiff,find_and_suppress,1190,4116.0,3554.0,0.75188637,0.0,0.0,1.0,non_human_findings,-1.0,0.0
301.tiff,find_and_suppress,1191,3609.0,4191.0,0.75188047,0.0,0.0,1.0,non_human_findings,-1.0,0.0
301.tiff,find_and_suppress,1192,2052.0,1828.0,0.75181973,0.0,0.0,1.0,non_human_findings,-1.0,0.0
301.tiff,find_and_suppress,1193,3971.0,2571.0,0.75172657,0.0,0.0,1.0,non_human_findings,-1.0,0.0
301.tiff,find_and_suppress,1194,354.0,690.0,0.7517247,0.0,0.0,1.0,non_human_findings,-1.0,0.0
301.tiff,find_and_suppress,1195,5948.0,627.0,0.7517183,0.0,0.0,1.0,non_human_findings,-1.0,0.0
301.tiff,find_and_suppress,1196,3559.0,3729.0,0.7517112,0.0,0.0,1.0,non_human_findings,-1.0,0.0
301.tiff,find_and_suppress,1197,2208.0,4025.0,0.7516924,0.0,0.0,1.0,non_human_findings,-1.0,0.0
301.tiff,find_and_suppress,1198,2310.0,1679.0,0.75168383,0.0,0.0,1.0,non_human_findings,-1.0,0.0
301.tiff,find_and_suppress,1199,1279.0,640.0,0.7516407,0.0,0.0,1.0,non_human_findings,-1.0,0.0
301.tiff,find_and_suppress,1200,5049.0,2878.0,0.751605,0.0,0.0,1.0,non_human_findings,-1.0,0.0
301.tiff,find_and_suppress,1201,5995.0,3212.0,0.7515839,0.0,0.0,1.0,non_human_findings,-1.0,0.0
301.tiff,find_and_suppress,1202,6244.0,2135.0,0.7515141,0.0,0.0,1.0,non_human_findings,-1.0,0.0
301.tiff,find_and_suppress,1203,2375.0,3679.0,0.751416,0.0,0.0,1.0,non_human_findings,-1.0,0.0
301.tiff,find_and_suppress,1204,5039.0,2426.0,0.75138927,0.0,0.0,1.0,non_human_findings,-1.0,0.0
301.tiff,find_and_suppress,1205,3573.0,1049.0,0.7513849,0.0,0.0,1.0,non_human_findings,-1.0,0.0
301.tiff,find_and_suppress,1206,4375.0,270.0,0.7513802,0.0,0.0,1.0,non_human_findings,-1.0,0.0
301.tiff,find_and_suppress,1207,543.0,2924.0,0.7513319,0.0,0.0,1.0,non_human_findings,-1.0,0.0
301.tiff,find_and_suppress,1208,2323.0,4331.0,0.7512785,0.0,0.0,1.0,non_human_findings,-1.0,0.0
301.tiff,find_and_suppress,1209,4877.0,1923.0,0.75125676,0.0,0.0,1.0,non_human_findings,-1.0,0.0
301.tiff,find_and_suppress,1210,2868.0,1364.0,0.7512217,0.0,0.0,1.0,non_human_findings,-1.0,0.0
301.tiff,find_and_suppress,1211,3508.0,1237.0,0.75120294,0.0,0.0,1.0,non_human_findings,-1.0,0.0
301.tiff,find_and_suppress,1212,4165.0,1992.0,0.75119114,0.0,0.0,1.0,non_human_findings,-1.0,0.0
301.tiff,find_and_suppress,1213,3189.0,4086.0,0.7511832,0.0,0.0,1.0,non_human_findings,-1.0,0.0
301.tiff,find_and_suppress,1214,2670.0,4815.0,0.75116885,0.0,0.0,1.0,non_human_findings,-1.0,0.0
301.tiff,find_and_suppress,1215,1466.0,305.0,0.7511629,0.0,0.0,1.0,non_human_findings,-1.0,0.0
301.tiff,find_and_suppress,1216,5747.0,1534.0,0.7511501,0.0,0.0,1.0,non_human_findings,-1.0,0.0
301.tiff,find_and_suppress,1217,5977.0,4796.0,0.7511164,0.0,0.0,1.0,non_human_findings,-1.0,0.0
301.tiff,find_and_suppress,1218,4009.0,2456.0,0.7511072,0.0,0.0,1.0,non_human_findings,-1.0,0.0
301.tiff,find_and_suppress,1219,2116.0,4705.0,0.7510822,0.0,0.0,1.0,non_human_findings,-1.0,0.0
301.tiff,find_and_suppress,1220,3897.0,2536.0,0.7510614,0.0,0.0,1.0,non_human_findings,-1.0,0.0
301.tiff,find_and_suppress,1221,3027.0,3423.0,0.7509743,0.0,0.0,1.0,non_human_findings,-1.0,0.0
301.tiff,find_and_suppress,1222,1979.0,678.0,0.7508916,0.0,0.0,1.0,non_human_findings,-1.0,0.0
301.tiff,find_and_suppress,1223,1401.0,2518.0,0.7508737,0.0,0.0,1.0,non_human_findings,-1.0,0.0
301.tiff,find_and_suppress,1224,2411.0,3515.0,0.750828,0.0,0.0,1.0,non_human_findings,-1.0,0.0
301.tiff,find_and_suppress,1225,5167.0,1640.0,0.75079674,0.0,0.0,1.0,non_human_findings,-1.0,0.0
301.tiff,find_and_suppress,1226,4977.0,3382.0,0.7507417,0.0,0.0,1.0,non_human_findings,-1.0,0.0
301.tiff,find_and_suppress,1227,834.0,1050.0,0.7507395,0.0,0.0,1.0,non_human_findings,-1.0,0.0
301.tiff,find_and_suppress,1228,499.0,2517.0,0.7506738,0.0,0.0,1.0,non_human_findings,-1.0,0.0
301.tiff,find_and_suppress,1229,6047.0,259.0,0.75062877,0.0,0.0,1.0,human_correct_label,14778.0,1.0
301.tiff,find_and_suppress,1230,2941.0,3128.0,0.75060856,0.0,0.0,1.0,non_human_findings,-1.0,0.0
301.tiff,find_and_suppress,1231,1031.0,2873.0,0.75057286,0.0,0.0,1.0,non_human_findings,-1.0,0.0
301.tiff,find_and_suppress,1232,2212.0,3250.0,0.75049144,0.0,0.0,1.0,non_human_findings,-1.0,0.0
301.tiff,find_and_suppress,1233,6050.0,673.0,0.7504285,0.0,0.0,1.0,non_human_findings,-1.0,0.0
301.tiff,find_and_suppress,1234,1981.0,3444.0,0.75042456,0.0,0.0,1.0,non_human_findings,-1.0,0.0
301.tiff,find_and_suppress,1235,4234.0,2428.0,0.75041604,0.0,0.0,1.0,non_human_findings,-1.0,0.0
301.tiff,find_and_suppress,1236,5988.0,1701.0,0.7503648,0.0,0.0,1.0,non_human_findings,-1.0,0.0
301.tiff,find_and_suppress,1237,3995.0,2377.0,0.75029105,0.0,0.0,1.0,non_human_findings,-1.0,0.0
301.tiff,find_and_suppress,1238,5058.0,2994.0,0.7502853,0.0,0.0,1.0,non_human_findings,-1.0,0.0
301.tiff,find_and_suppress,1239,3022.0,4401.0,0.75023115,0.0,0.0,1.0,non_human_findings,-1.0,0.0
301.tiff,find_and_suppress,1240,5246.0,1456.0,0.7502311,0.0,0.0,1.0,non_human_findings,-1.0,0.0
301.tiff,find_and_suppress,1241,4150.0,4513.0,0.75021285,0.0,0.0,1.0,human_correct_label,14998.0,1.0
301.tiff,find_and_suppress,1242,6096.0,3766.0,0.7501046,0.0,0.0,1.0,non_human_findings,-1.0,0.0
301.tiff,find_and_suppress,1243,2116.0,4344.0,0.75008625,0.0,0.0,1.0,non_human_findings,-1.0,0.0
405.tiff,find_and_suppress,0,3339.0,4868.0,0.84043205,0.0,0.0,1.0,non_human_findings,-1.0,0.0
405.tiff,find_and_suppress,1,3640.0,3865.0,0.8291149,0.0,0.0,1.0,non_human_findings,-1.0,0.0
405.tiff,find_and_suppress,2,6041.0,3703.0,0.8282808,0.0,0.0,1.0,non_human_findings,-1.0,0.0
405.tiff,find_and_suppress,3,4497.0,3067.0,0.819181,0.0,0.0,1.0,non_human_findings,-1.0,0.0
405.tiff,find_and_suppress,4,4504.0,594.0,0.8156127,0.0,0.0,1.0,non_human_findings,-1.0,0.0
405.tiff,find_and_suppress,5,2743.0,2849.0,0.81416786,0.0,0.0,1.0,non_human_findings,-1.0,0.0
405.tiff,find_and_suppress,6,3953.0,3200.0,0.8134726,0.0,0.0,1.0,non_human_findings,-1.0,0.0
405.tiff,find_and_suppress,7,1735.0,904.0,0.8125496,0.0,0.0,1.0,non_human_findings,-1.0,0.0
405.tiff,find_and_suppress,8,276.0,1544.0,0.81204724,0.0,0.0,1.0,non_human_findings,-1.0,0.0
405.tiff,find_and_suppress,9,3057.0,3005.0,0.8034495,0.0,0.0,1.0,non_human_findings,-1.0,0.0
405.tiff,find_and_suppress,10,4900.0,1832.0,0.8005159,0.0,0.0,1.0,non_human_findings,-1.0,0.0
405.tiff,find_and_suppress,11,6104.0,2324.0,0.7999159,0.0,0.0,1.0,non_human_findings,-1.0,0.0
405.tiff,find_and_suppress,12,1099.0,499.0,0.7976897,0.0,0.0,1.0,non_human_findings,-1.0,0.0
405.tiff,find_and_suppress,13,1914.0,2701.0,0.79736924,0.0,0.0,1.0,non_human_findings,-1.0,0.0
405.tiff,find_and_suppress,14,1170.0,2040.0,0.7972797,0.0,0.0,1.0,human_rejected_label,20582.0,2.0
405.tiff,find_and_suppress,15,1527.0,3065.0,0.7968428,0.0,0.0,1.0,non_human_findings,-1.0,0.0
405.tiff,find_and_suppress,16,236.0,3001.0,0.7956943,0.0,0.0,1.0,non_human_findings,-1.0,0.0
405.tiff,find_and_suppress,17,3711.0,3722.0,0.795053,0.0,0.0,1.0,non_human_findings,-1.0,0.0
405.tiff,find_and_suppress,18,3456.0,3162.0,0.79352736,0.0,0.0,1.0,non_human_findings,-1.0,0.0
405.tiff,find_and_suppress,19,1464.0,454.0,0.79317445,0.0,0.0,1.0,non_human_findings,-1.0,0.0
405.tiff,find_and_suppress,20,3578.0,3025.0,0.7930972,0.0,0.0,1.0,non_human_findings,-1.0,0.0
405.tiff,find_and_suppress,21,4925.0,4294.0,0.79193527,0.0,0.0,1.0,non_human_findings,-1.0,0.0
405.tiff,find_and_suppress,22,5107.0,2981.0,0.7906951,0.0,0.0,1.0,non_human_findings,-1.0,0.0
405.tiff,find_and_suppress,23,3610.0,3473.0,0.7904589,0.0,0.0,1.0,non_human_findings,-1.0,0.0
405.tiff,find_and_suppress,24,5813.0,2798.0,0.78944916,0.0,0.0,1.0,non_human_findings,-1.0,0.0
405.tiff,find_and_suppress,25,4909.0,1720.0,0.7887836,0.0,0.0,1.0,non_human_findings,-1.0,0.0
405.tiff,find_and_suppress,26,3985.0,3435.0,0.787619,0.0,0.0,1.0,human_correct_label,20577.0,1.0
405.tiff,find_and_suppress,27,278.0,3930.0,0.7862051,0.0,0.0,1.0,non_human_findings,-1.0,0.0
405.tiff,find_and_suppress,28,4801.0,994.0,0.78571725,0.0,0.0,1.0,non_human_findings,-1.0,0.0
405.tiff,find_and_suppress,29,3721.0,3490.0,0.78308105,0.0,0.0,1.0,non_human_findings,-1.0,0.0
405.tiff,find_and_suppress,30,4285.0,1541.0,0.7825409,0.0,0.0,1.0,non_human_findings,-1.0,0.0
405.tiff,find_and_suppress,31,1530.0,4282.0,0.7818854,0.0,0.0,1.0,non_human_findings,-1.0,0.0
405.tiff,find_and_suppress,32,5145.0,3537.0,0.78054833,0.0,0.0,1.0,non_human_findings,-1.0,0.0
405.tiff,find_and_suppress,33,4701.0,3207.0,0.77758026,0.0,0.0,1.0,non_human_findings,-1.0,0.0
405.tiff,find_and_suppress,34,2523.0,510.0,0.7769944,0.0,0.0,1.0,non_human_findings,-1.0,0.0
405.tiff,find_and_suppress,35,2945.0,479.0,0.77619725,0.0,0.0,1.0,non_human_findings,-1.0,0.0
405.tiff,find_and_suppress,36,2111.0,2290.0,0.776163,0.0,0.0,1.0,non_human_findings,-1.0,0.0
405.tiff,find_and_suppress,37,4968.0,1270.0,0.77549714,0.0,0.0,1.0,non_human_findings,-1.0,0.0
405.tiff,find_and_suppress,38,4474.0,4882.0,0.7741655,0.0,0.0,1.0,non_human_findings,-1.0,0.0
405.tiff,find_and_suppress,39,4304.0,1141.0,0.7732498,0.0,0.0,1.0,non_human_findings,-1.0,0.0
405.tiff,find_and_suppress,40,3178.0,713.0,0.7724784,0.0,0.0,1.0,non_human_findings,-1.0,0.0
405.tiff,find_and_suppress,41,6419.0,2984.0,0.7723642,0.0,0.0,1.0,non_human_findings,-1.0,0.0
405.tiff,find_and_suppress,42,4265.0,4351.0,0.7720901,0.0,0.0,1.0,non_human_findings,-1.0,0.0
405.tiff,find_and_suppress,43,1927.0,4586.0,0.7714838,0.0,0.0,1.0,non_human_findings,-1.0,0.0
405.tiff,find_and_suppress,44,363.0,3402.0,0.7714157,0.0,0.0,1.0,non_human_findings,-1.0,0.0
405.tiff,find_and_suppress,45,5092.0,1748.0,0.77086043,0.0,0.0,1.0,non_human_findings,-1.0,0.0
405.tiff,find_and_suppress,46,5142.0,137.0,0.77081484,0.0,0.0,1.0,non_human_findings,-1.0,0.0
405.tiff,find_and_suppress,47,5010.0,2357.0,0.76993454,0.0,0.0,1.0,non_human_findings,-1.0,0.0
405.tiff,find_and_suppress,48,2148.0,3734.0,0.7693122,0.0,0.0,1.0,non_human_findings,-1.0,0.0
405.tiff,find_and_suppress,49,3651.0,2650.0,0.7685487,0.0,0.0,1.0,non_human_findings,-1.0,0.0
405.tiff,find_and_suppress,50,1114.0,3186.0,0.76779723,0.0,0.0,1.0,human_rejected_label,20576.0,2.0
405.tiff,find_and_suppress,51,1311.0,3698.0,0.76705426,0.0,0.0,1.0,non_human_findings,-1.0,0.0
405.tiff,find_and_suppress,52,6270.0,368.0,0.7662563,0.0,0.0,1.0,non_human_findings,-1.0,0.0
405.tiff,find_and_suppress,53,1707.0,30.0,0.7648326,0.0,0.0,1.0,non_human_findings,-1.0,0.0
405.tiff,find_and_suppress,54,634.0,848.0,0.76466274,0.0,0.0,1.0,non_human_findings,-1.0,0.0
405.tiff,find_and_suppress,55,4338.0,3738.0,0.7642685,0.0,0.0,1.0,non_human_findings,-1.0,0.0
405.tiff,find_and_suppress,56,135.0,4360.0,0.7635908,0.0,0.0,1.0,non_human_findings,-1.0,0.0
405.tiff,find_and_suppress,57,5102.0,1333.0,0.7632824,0.0,0.0,1.0,non_human_findings,-1.0,0.0
405.tiff,find_and_suppress,58,681.0,4786.0,0.76311576,0.0,0.0,1.0,non_human_findings,-1.0,0.0
405.tiff,find_and_suppress,59,1604.0,4274.0,0.76309717,0.0,0.0,1.0,non_human_findings,-1.0,0.0
405.tiff,find_and_suppress,60,4737.0,1847.0,0.762627,0.0,0.0,1.0,non_human_findings,-1.0,0.0
405.tiff,find_and_suppress,61,5081.0,2422.0,0.7624715,0.0,0.0,1.0,non_human_findings,-1.0,0.0
405.tiff,find_and_suppress,62,44.0,4548.0,0.7616295,0.0,0.0,1.0,non_human_findings,-1.0,0.0
405.tiff,find_and_suppress,63,4346.0,3237.0,0.7615178,0.0,0.0,1.0,non_human_findings,-1.0,0.0
405.tiff,find_and_suppress,64,3026.0,3981.0,0.76134706,0.0,0.0,1.0,non_human_findings,-1.0,0.0
405.tiff,find_and_suppress,65,4059.0,854.0,0.7606199,0.0,0.0,1.0,non_human_findings,-1.0,0.0
405.tiff,find_and_suppress,66,4735.0,4617.0,0.7604884,0.0,0.0,1.0,non_human_findings,-1.0,0.0
405.tiff,find_and_suppress,67,5443.0,3684.0,0.7603455,0.0,0.0,1.0,non_human_findings,-1.0,0.0
405.tiff,find_and_suppress,68,1864.0,2732.0,0.7600218,0.0,0.0,1.0,non_human_findings,-1.0,0.0
405.tiff,find_and_suppress,69,2868.0,3836.0,0.7598826,0.0,0.0,1.0,non_human_findings,-1.0,0.0
405.tiff,find_and_suppress,70,2655.0,1930.0,0.7592055,0.0,0.0,1.0,non_human_findings,-1.0,0.0
405.tiff,find_and_suppress,71,888.0,4787.0,0.7583185,0.0,0.0,1.0,non_human_findings,-1.0,0.0
405.tiff,find_and_suppress,72,557.0,4614.0,0.75827,0.0,0.0,1.0,non_human_findings,-1.0,0.0
405.tiff,find_and_suppress,73,4802.0,1634.0,0.7580023,0.0,0.0,1.0,non_human_findings,-1.0,0.0
405.tiff,find_and_suppress,74,2955.0,4663.0,0.7572623,0.0,0.0,1.0,non_human_findings,-1.0,0.0
405.tiff,find_and_suppress,75,5491.0,3838.0,0.7571054,0.0,0.0,1.0,non_human_findings,-1.0,0.0
405.tiff,find_and_suppress,76,5215.0,4200.0,0.75707686,0.0,0.0,1.0,non_human_findings,-1.0,0.0
405.tiff,find_and_suppress,77,2054.0,710.0,0.75700444,0.0,0.0,1.0,non_human_findings,-1.0,0.0
405.tiff,find_and_suppress,78,6415.0,4437.0,0.7557328,0.0,0.0,1.0,non_human_findings,-1.0,0.0
405.tiff,find_and_suppress,79,1831.0,4232.0,0.75473803,0.0,0.0,1.0,non_human_findings,-1.0,0.0
405.tiff,find_and_suppress,80,4991.0,2278.0,0.7539459,0.0,0.0,1.0,non_human_findings,-1.0,0.0
405.tiff,find_and_suppress,81,3005.0,3270.0,0.75385827,0.0,0.0,1.0,human_correct_label,20585.0,1.0
405.tiff,find_and_suppress,82,2120.0,361.0,0.7536212,0.0,0.0,1.0,non_human_findings,-1.0,0.0
405.tiff,find_and_suppress,83,4565.0,268.0,0.7534579,0.0,0.0,1.0,non_human_findings,-1.0,0.0
405.tiff,find_and_suppress,84,4578.0,1296.0,0.7531722,0.0,0.0,1.0,non_human_findings,-1.0,0.0
405.tiff,find_and_suppress,85,2911.0,4124.0,0.7530484,0.0,0.0,1.0,non_human_findings,-1.0,0.0
405.tiff,find_and_suppress,86,1677.0,3878.0,0.7529804,0.0,0.0,1.0,non_human_findings,-1.0,0.0
405.tiff,find_and_suppress,87,2763.0,4450.0,0.75265694,0.0,0.0,1.0,non_human_findings,-1.0,0.0
405.tiff,find_and_suppress,88,5359.0,2770.0,0.752638,0.0,0.0,1.0,non_human_findings,-1.0,0.0
405.tiff,find_and_suppress,89,2392.0,3655.0,0.7519301,0.0,0.0,1.0,non_human_findings,-1.0,0.0
405.tiff,find_and_suppress,90,3243.0,2405.0,0.75122505,0.0,0.0,1.0,non_human_findings,-1.0,0.0
405.tiff,find_and_suppress,91,1897.0,3265.0,0.7509299,0.0,0.0,1.0,non_human_findings,-1.0,0.0
002.tiff,find_and_suppress,0,4260.0,4933.0,0.83025557,0.0,0.0,1.0,non_human_findings,-1.0,0.0
002.tiff,find_and_suppress,1,3609.0,2069.0,0.82144576,0.0,0.0,1.0,non_human_findings,-1.0,0.0
002.tiff,find_and_suppress,2,1866.0,4020.0,0.8202089,0.0,0.0,1.0,non_human_findings,-1.0,0.0
002.tiff,find_and_suppress,3,5971.0,693.0,0.81395376,0.0,0.0,1.0,non_human_findings,-1.0,0.0
002.tiff,find_and_suppress,4,5777.0,4994.0,0.8134024,0.0,0.0,1.0,non_human_findings,-1.0,0.0
002.tiff,find_and_suppress,5,1333.0,4935.0,0.811999,0.0,0.0,1.0,human_correct_label,14.0,1.0
002.tiff,find_and_suppress,6,6952.0,4093.0,0.8106943,0.0,0.0,1.0,non_human_findings,-1.0,0.0
002.tiff,find_and_suppress,7,5083.0,1257.0,0.80816334,0.0,0.0,1.0,non_human_findings,-1.0,0.0
002.tiff,find_and_suppress,8,5674.0,2754.0,0.8033767,0.0,0.0,1.0,non_human_findings,-1.0,0.0
002.tiff,find_and_suppress,9,3315.0,3904.0,0.80089766,0.0,0.0,1.0,non_human_findings,-1.0,0.0
002.tiff,find_and_suppress,10,1896.0,4810.0,0.79668254,0.0,0.0,1.0,non_human_findings,-1.0,0.0
002.tiff,find_and_suppress,11,3874.0,5252.0,0.7946988,0.0,0.0,1.0,non_human_findings,-1.0,0.0
002.tiff,find_and_suppress,12,6263.0,3214.0,0.79385376,0.0,0.0,1.0,human_correct_label,10.0,1.0
002.tiff,find_and_suppress,13,6189.0,4105.0,0.79373235,0.0,0.0,1.0,non_human_findings,-1.0,0.0
002.tiff,find_and_suppress,14,6936.0,1965.0,0.79268235,0.0,0.0,1.0,non_human_findings,-1.0,0.0
002.tiff,find_and_suppress,15,2875.0,627.0,0.79183304,0.0,0.0,1.0,non_human_findings,-1.0,0.0
002.tiff,find_and_suppress,16,3914.0,626.0,0.79071045,0.0,0.0,1.0,non_human_findings,-1.0,0.0
002.tiff,find_and_suppress,17,5106.0,1072.0,0.7905853,0.0,0.0,1.0,non_human_findings,-1.0,0.0
002.tiff,find_and_suppress,18,874.0,728.0,0.7900708,0.0,0.0,1.0,non_human_findings,-1.0,0.0
002.tiff,find_and_suppress,19,6639.0,1643.0,0.7890894,0.0,0.0,1.0,non_human_findings,-1.0,0.0
002.tiff,find_and_suppress,20,3284.0,3559.0,0.7854243,0.0,0.0,1.0,non_human_findings,-1.0,0.0
002.tiff,find_and_suppress,21,5942.0,333.0,0.7847511,0.0,0.0,1.0,non_human_findings,-1.0,0.0
002.tiff,find_and_suppress,22,4025.0,1398.0,0.7839778,0.0,0.0,1.0,non_human_findings,-1.0,0.0
002.tiff,find_and_suppress,23,1698.0,1294.0,0.78378874,0.0,0.0,1.0,non_human_findings,-1.0,0.0
002.tiff,find_and_suppress,24,1510.0,5179.0,0.7834519,0.0,0.0,1.0,non_human_findings,-1.0,0.0
002.tiff,find_and_suppress,25,4049.0,4201.0,0.78173757,0.0,0.0,1.0,non_human_findings,-1.0,0.0
002.tiff,find_and_suppress,26,4754.0,2443.0,0.7808109,0.0,0.0,1.0,non_human_findings,-1.0,0.0
002.tiff,find_and_suppress,27,4650.0,2148.0,0.78004193,0.0,0.0,1.0,non_human_findings,-1.0,0.0
002.tiff,find_and_suppress,28,5686.0,5072.0,0.77993697,0.0,0.0,1.0,non_human_findings,-1.0,0.0
002.tiff,find_and_suppress,29,899.0,1680.0,0.7794542,0.0,0.0,1.0,non_human_findings,-1.0,0.0
002.tiff,find_and_suppress,30,5102.0,3018.0,0.77922726,0.0,0.0,1.0,non_human_findings,-1.0,0.0
002.tiff,find_and_suppress,31,5255.0,4630.0,0.7788953,0.0,0.0,1.0,non_human_findings,-1.0,0.0
002.tiff,find_and_suppress,32,3274.0,1474.0,0.77837074,0.0,0.0,1.0,non_human_findings,-1.0,0.0
002.tiff,find_and_suppress,33,6041.0,5298.0,0.7782816,0.0,0.0,1.0,non_human_findings,-1.0,0.0
002.tiff,find_and_suppress,34,6196.0,5091.0,0.77700466,0.0,0.0,1.0,non_human_findings,-1.0,0.0
002.tiff,find_and_suppress,35,7069.0,3815.0,0.7757022,0.0,0.0,1.0,human_rejected_label,11.0,2.0
002.tiff,find_and_suppress,36,6999.0,558.0,0.7754697,0.0,0.0,1.0,non_human_findings,-1.0,0.0
002.tiff,find_and_suppress,37,884.0,425.0,0.7752624,0.0,0.0,1.0,non_human_findings,-1.0,0.0
002.tiff,find_and_suppress,38,1390.0,4000.0,0.7751792,0.0,0.0,1.0,non_human_findings,-1.0,0.0
002.tiff,find_and_suppress,39,7045.0,3765.0,0.7747736,0.0,0.0,1.0,non_human_findings,-1.0,0.0
002.tiff,find_and_suppress,40,4372.0,797.0,0.77258956,0.0,0.0,1.0,non_human_findings,-1.0,0.0
002.tiff,find_and_suppress,41,1132.0,5219.0,0.771485,0.0,0.0,1.0,non_human_findings,-1.0,0.0
002.tiff,find_and_suppress,42,3728.0,3195.0,0.7688659,0.0,0.0,1.0,non_human_findings,-1.0,0.0
002.tiff,find_and_suppress,43,5117.0,1364.0,0.7687391,0.0,0.0,1.0,non_human_findings,-1.0,0.0
002.tiff,find_and_suppress,44,6225.0,4108.0,0.7679608,0.0,0.0,1.0,non_human_findings,-1.0,0.0
002.tiff,find_and_suppress,45,2677.0,1168.0,0.767926,0.0,0.0,1.0,non_human_findings,-1.0,0.0
002.tiff,find_and_suppress,46,876.0,2575.0,0.76682395,0.0,0.0,1.0,non_human_findings,-1.0,0.0
002.tiff,find_and_suppress,47,4701.0,5311.0,0.765713,0.0,0.0,1.0,non_human_findings,-1.0,0.0
002.tiff,find_and_suppress,48,1949.0,4813.0,0.7656316,0.0,0.0,1.0,non_human_findings,-1.0,0.0
002.tiff,find_and_suppress,49,6198.0,5165.0,0.765308,0.0,0.0,1.0,non_human_findings,-1.0,0.0
002.tiff,find_and_suppress,50,50.0,1910.0,0.76521933,0.0,0.0,1.0,non_human_findings,-1.0,0.0
002.tiff,find_and_suppress,51,3724.0,3550.0,0.764913,0.0,0.0,1.0,non_human_findings,-1.0,0.0
002.tiff,find_and_suppress,52,6747.0,3869.0,0.76375043,0.0,0.0,1.0,non_human_findings,-1.0,0.0
002.tiff,find_and_suppress,53,5202.0,2554.0,0.76369625,0.0,0.0,1.0,non_human_findings,-1.0,0.0
002.tiff,find_and_suppress,54,3313.0,4650.0,0.7634849,0.0,0.0,1.0,non_human_findings,-1.0,0.0
002.tiff,find_and_suppress,55,4024.0,1455.0,0.7626715,0.0,0.0,1.0,non_human_findings,-1.0,0.0
002.tiff,find_and_suppress,56,3230.0,677.0,0.7623591,0.0,0.0,1.0,non_human_findings,-1.0,0.0
002.tiff,find_and_suppress,57,3146.0,3170.0,0.76225567,0.0,0.0,1.0,non_human_findings,-1.0,0.0
002.tiff,find_and_suppress,58,6822.0,3371.0,0.76214385,0.0,0.0,1.0,non_human_findings,-1.0,0.0
002.tiff,find_and_suppress,59,4740.0,1282.0,0.761564,0.0,0.0,1.0,non_human_findings,-1.0,0.0
002.tiff,find_and_suppress,60,4907.0,1013.0,0.75973606,0.0,0.0,1.0,non_human_findings,-1.0,0.0
002.tiff,find_and_suppress,61,5613.0,1351.0,0.7596871,0.0,0.0,1.0,non_human_findings,-1.0,0.0
002.tiff,find_and_suppress,62,3776.0,964.0,0.7596786,0.0,0.0,1.0,non_human_findings,-1.0,0.0
002.tiff,find_and_suppress,63,172.0,920.0,0.75926954,0.0,0.0,1.0,non_human_findings,-1.0,0.0
002.tiff,find_and_suppress,64,4643.0,4710.0,0.7592447,0.0,0.0,1.0,non_human_findings,-1.0,0.0
002.tiff,find_and_suppress,65,6452.0,4682.0,0.7591167,0.0,0.0,1.0,non_human_findings,-1.0,0.0
002.tiff,find_and_suppress,66,4675.0,3269.0,0.7577985,0.0,0.0,1.0,non_human_findings,-1.0,0.0
002.tiff,find_and_suppress,67,5182.0,5366.0,0.7577026,0.0,0.0,1.0,non_human_findings,-1.0,0.0
002.tiff,find_and_suppress,68,5541.0,1824.0,0.7570035,0.0,0.0,1.0,non_human_findings,-1.0,0.0
002.tiff,find_and_suppress,69,2307.0,806.0,0.75683105,0.0,0.0,1.0,non_human_findings,-1.0,0.0
002.tiff,find_and_suppress,70,6195.0,5198.0,0.75678515,0.0,0.0,1.0,non_human_findings,-1.0,0.0
002.tiff,find_and_suppress,71,3707.0,5270.0,0.756121,0.0,0.0,1.0,human_rejected_label,16.0,2.0
002.tiff,find_and_suppress,72,4097.0,1431.0,0.75561124,0.0,0.0,1.0,non_human_findings,-1.0,0.0
002.tiff,find_and_suppress,73,7187.0,3904.0,0.75522965,0.0,0.0,1.0,non_human_findings,-1.0,0.0
002.tiff,find_and_suppress,74,5598.0,1813.0,0.75518477,0.0,0.0,1.0,non_human_findings,-1.0,0.0
002.tiff,find_and_suppress,75,1512.0,4006.0,0.7534677,0.0,0.0,1.0,non_human_findings,-1.0,0.0
002.tiff,find_and_suppress,76,4771.0,1107.0,0.7532442,0.0,0.0,1.0,non_human_findings,-1.0,0.0
002.tiff,find_and_suppress,77,5343.0,4750.0,0.7526844,0.0,0.0,1.0,non_human_findings,-1.0,0.0
002.tiff,find_and_suppress,78,3327.0,4323.0,0.7525593,0.0,0.0,1.0,non_human_findings,-1.0,0.0
002.tiff,find_and_suppress,79,3533.0,214.0,0.7524759,0.0,0.0,1.0,non_human_findings,-1.0,0.0
002.tiff,find_and_suppress,80,2998.0,3840.0,0.7508407,0.0,0.0,1.0,non_human_findings,-1.0,0.0
002.tiff,find_and_suppress,81,6741.0,3333.0,0.75081116,0.0,0.0,1.0,non_human_findings,-1.0,0.0
002.tiff,find_and_suppress,82,2060.0,3556.0,0.750751,0.0,0.0,1.0,non_human_findings,-1.0,0.0
002.tiff,find_and_suppress,83,1230.0,4789.0,0.75074774,0.0,0.0,1.0,non_human_findings,-1.0,0.0
002.tiff,find_and_suppress,84,6572.0,2162.0,0.7506993,0.0,0.0,1.0,non_human_findings,-1.0,0.0
002.tiff,find_and_suppress,85,7069.0,2310.0,0.75029486,0.0,0.0,1.0,non_human_findings,-1.0,0.0
002.tiff,find_and_suppress,86,3499.0,2774.0,0.7500221,0.0,0.0,1.0,non_human_findings,-1.0,0.0
506.tiff,find_and_suppress,0,2224.0,1935.0,0.7548457,0.0,0.0,1.0,non_human_findings,-1.0,0.0
506.tiff,find_and_suppress,1,5774.0,1596.0,0.7532524,0.0,0.0,1.0,non_human_findings,-1.0,0.0
506.tiff,find_and_suppress,2,1869.0,5095.0,0.75136775,0.0,0.0,1.0,non_human_findings,-1.0,0.0
350.tiff,find_and_suppress,0,3500.0,4922.0,0.7948483,0.0,0.0,1.0,non_human_findings,-1.0,0.0
350.tiff,find_and_suppress,1,6071.0,1221.0,0.7946186,0.0,0.0,1.0,non_human_findings,-1.0,0.0
350.tiff,find_and_suppress,2,4065.0,671.0,0.78652865,0.0,0.0,1.0,non_human_findings,-1.0,0.0
350.tiff,find_and_suppress,3,527.0,5313.0,0.7798604,0.0,0.0,1.0,non_human_findings,-1.0,0.0
350.tiff,find_and_suppress,4,1694.0,4837.0,0.7794635,0.0,0.0,1.0,non_human_findings,-1.0,0.0
350.tiff,find_and_suppress,5,2902.0,764.0,0.774351,0.0,0.0,1.0,non_human_findings,-1.0,0.0
350.tiff,find_and_suppress,6,945.0,5305.0,0.7593518,0.0,0.0,1.0,non_human_findings,-1.0,0.0
350.tiff,find_and_suppress,7,296.0,5064.0,0.75883526,0.0,0.0,1.0,non_human_findings,-1.0,0.0
350.tiff,find_and_suppress,8,3573.0,4866.0,0.7560233,0.0,0.0,1.0,non_human_findings,-1.0,0.0
350.tiff,find_and_suppress,9,1561.0,5344.0,0.75551736,0.0,0.0,1.0,non_human_findings,-1.0,0.0
350.tiff,find_and_suppress,10,5953.0,2653.0,0.751317,0.0,0.0,1.0,non_human_findings,-1.0,0.0
350.tiff,find_and_suppress,11,6108.0,4127.0,0.75011545,0.0,0.0,1.0,non_human_findings,-1.0,0.0
