table,key,column,notebook,audit,match,note
RAW,013.tiff/hem_bbox/tm_score/K10,precision_at_budget,0.6,0.6,True,
RAW,013.tiff/hem_bbox/tm_score/K10,recall_at_budget,0.3529411764705882,0.35294117647058826,True,
RAW,013.tiff/hem_bbox/tm_score/K10,budget_delivered,10,10,True,
RAW,013.tiff/hem_bbox/tm_score/K10,tp_at_budget <= budget_delivered,True,True,True,
RAW,013.tiff/hem_bbox/tm_score/K20,precision_at_budget,0.3,0.3,True,
RAW,013.tiff/hem_bbox/tm_score/K20,recall_at_budget,0.3529411764705882,0.35294117647058826,True,
RAW,013.tiff/hem_bbox/tm_score/K20,budget_delivered,20,20,True,
RAW,013.tiff/hem_bbox/tm_score/K20,tp_at_budget <= budget_delivered,True,True,True,
RAW,013.tiff/hem_bbox/tm_score/K30,precision_at_budget,0.2333333333333333,0.23333333333333334,True,
RAW,013.tiff/hem_bbox/tm_score/K30,recall_at_budget,0.4117647058823529,0.4117647058823529,True,
RAW,013.tiff/hem_bbox/tm_score/K30,budget_delivered,30,30,True,
RAW,013.tiff/hem_bbox/tm_score/K30,tp_at_budget <= budget_delivered,True,True,True,
RAW,013.tiff/hem_bbox/tm_score/K50,precision_at_budget,0.14,0.14,True,
RAW,013.tiff/hem_bbox/tm_score/K50,recall_at_budget,0.4117647058823529,0.4117647058823529,True,
RAW,013.tiff/hem_bbox/tm_score/K50,budget_delivered,50,50,True,
RAW,013.tiff/hem_bbox/tm_score/K50,tp_at_budget <= budget_delivered,True,True,True,
RAW,013.tiff/hem_bbox/chromatin_od/K10,precision_at_budget,0.6,0.6,True,
RAW,013.tiff/hem_bbox/chromatin_od/K10,recall_at_budget,0.3529411764705882,0.35294117647058826,True,
RAW,013.tiff/hem_bbox/chromatin_od/K10,budget_delivered,10,10,True,
RAW,013.tiff/hem_bbox/chromatin_od/K10,tp_at_budget <= budget_delivered,True,True,True,
RAW,013.tiff/hem_bbox/chromatin_od/K20,precision_at_budget,0.45,0.45,True,
RAW,013.tiff/hem_bbox/chromatin_od/K20,recall_at_budget,0.5294117647058824,0.5294117647058824,True,
RAW,013.tiff/hem_bbox/chromatin_od/K20,budget_delivered,20,20,True,
RAW,013.tiff/hem_bbox/chromatin_od/K20,tp_at_budget <= budget_delivered,True,True,True,
RAW,013.tiff/hem_bbox/chromatin_od/K30,precision_at_budget,0.3333333333333333,0.3333333333333333,True,
RAW,013.tiff/hem_bbox/chromatin_od/K30,recall_at_budget,0.5882352941176471,0.5882352941176471,True,
RAW,013.tiff/hem_bbox/chromatin_od/K30,budget_delivered,30,30,True,
RAW,013.tiff/hem_bbox/chromatin_od/K30,tp_at_budget <= budget_delivered,True,True,True,
RAW,013.tiff/hem_bbox/chromatin_od/K50,precision_at_budget,0.2,0.2,True,
RAW,013.tiff/hem_bbox/chromatin_od/K50,recall_at_budget,0.5882352941176471,0.5882352941176471,True,
RAW,013.tiff/hem_bbox/chromatin_od/K50,budget_delivered,50,50,True,
RAW,013.tiff/hem_bbox/chromatin_od/K50,tp_at_budget <= budget_delivered,True,True,True,
RAW,013.tiff/hem_bbox/od_contrast/K10,precision_at_budget,0.5,0.5,True,
RAW,013.tiff/hem_bbox/od_contrast/K10,recall_at_budget,0.2941176470588235,0.29411764705882354,True,
RAW,013.tiff/hem_bbox/od_contrast/K10,budget_delivered,10,10,True,
RAW,013.tiff/hem_bbox/od_contrast/K10,tp_at_budget <= budget_delivered,True,True,True,
RAW,013.tiff/hem_bbox/od_contrast/K20,precision_at_budget,0.45,0.45,True,
RAW,013.tiff/hem_bbox/od_contrast/K20,recall_at_budget,0.5294117647058824,0.5294117647058824,True,
RAW,013.tiff/hem_bbox/od_contrast/K20,budget_delivered,20,20,True,
RAW,013.tiff/hem_bbox/od_contrast/K20,tp_at_budget <= budget_delivered,True,True,True,
RAW,013.tiff/hem_bbox/od_contrast/K30,precision_at_budget,0.3,0.3,True,
RAW,013.tiff/hem_bbox/od_contrast/K30,recall_at_budget,0.5294117647058824,0.5294117647058824,True,
RAW,013.tiff/hem_bbox/od_contrast/K30,budget_delivered,30,30,True,
RAW,013.tiff/hem_bbox/od_contrast/K30,tp_at_budget <= budget_delivered,True,True,True,
RAW,013.tiff/hem_bbox/od_contrast/K50,precision_at_budget,0.2,0.2,True,
RAW,013.tiff/hem_bbox/od_contrast/K50,recall_at_budget,0.5882352941176471,0.5882352941176471,True,
RAW,013.tiff/hem_bbox/od_contrast/K50,budget_delivered,50,50,True,
RAW,013.tiff/hem_bbox/od_contrast/K50,tp_at_budget <= budget_delivered,True,True,True,
RAW,013.tiff/gray_bbox/tm_score/K10,precision_at_budget,0.6,0.6,True,
RAW,013.tiff/gray_bbox/tm_score/K10,recall_at_budget,0.3529411764705882,0.35294117647058826,True,
RAW,013.tiff/gray_bbox/tm_score/K10,budget_delivered,10,10,True,
RAW,013.tiff/gray_bbox/tm_score/K10,tp_at_budget <= budget_delivered,True,True,True,
RAW,013.tiff/gray_bbox/tm_score/K20,precision_at_budget,0.3,0.3,True,
RAW,013.tiff/gray_bbox/tm_score/K20,recall_at_budget,0.3529411764705882,0.35294117647058826,True,
RAW,013.tiff/gray_bbox/tm_score/K20,budget_delivered,20,20,True,
RAW,013.tiff/gray_bbox/tm_score/K20,tp_at_budget <= budget_delivered,True,True,True,
RAW,013.tiff/gray_bbox/tm_score/K30,precision_at_budget,0.2333333333333333,0.23333333333333334,True,
RAW,013.tiff/gray_bbox/tm_score/K30,recall_at_budget,0.4117647058823529,0.4117647058823529,True,
RAW,013.tiff/gray_bbox/tm_score/K30,budget_delivered,30,30,True,
RAW,013.tiff/gray_bbox/tm_score/K30,tp_at_budget <= budget_delivered,True,True,True,
RAW,013.tiff/gray_bbox/tm_score/K50,precision_at_budget,0.14,0.14,True,
RAW,013.tiff/gray_bbox/tm_score/K50,recall_at_budget,0.4117647058823529,0.4117647058823529,True,
RAW,013.tiff/gray_bbox/tm_score/K50,budget_delivered,50,50,True,
RAW,013.tiff/gray_bbox/tm_score/K50,tp_at_budget <= budget_delivered,True,True,True,
RAW,013.tiff/gray_bbox/chromatin_od/K10,precision_at_budget,0.6,0.6,True,
RAW,013.tiff/gray_bbox/chromatin_od/K10,recall_at_budget,0.3529411764705882,0.35294117647058826,True,
RAW,013.tiff/gray_bbox/chromatin_od/K10,budget_delivered,10,10,True,
RAW,013.tiff/gray_bbox/chromatin_od/K10,tp_at_budget <= budget_delivered,True,True,True,
RAW,013.tiff/gray_bbox/chromatin_od/K20,precision_at_budget,0.4,0.4,True,
RAW,013.tiff/gray_bbox/chromatin_od/K20,recall_at_budget,0.4705882352941176,0.47058823529411764,True,
RAW,013.tiff/gray_bbox/chromatin_od/K20,budget_delivered,20,20,True,
RAW,013.tiff/gray_bbox/chromatin_od/K20,tp_at_budget <= budget_delivered,True,True,True,
RAW,013.tiff/gray_bbox/chromatin_od/K30,precision_at_budget,0.3,0.3,True,
RAW,013.tiff/gray_bbox/chromatin_od/K30,recall_at_budget,0.5294117647058824,0.5294117647058824,True,
RAW,013.tiff/gray_bbox/chromatin_od/K30,budget_delivered,30,30,True,
RAW,013.tiff/gray_bbox/chromatin_od/K30,tp_at_budget <= budget_delivered,True,True,True,
RAW,013.tiff/gray_bbox/chromatin_od/K50,precision_at_budget,0.18,0.18,True,
RAW,013.tiff/gray_bbox/chromatin_od/K50,recall_at_budget,0.5294117647058824,0.5294117647058824,True,
RAW,013.tiff/gray_bbox/chromatin_od/K50,budget_delivered,50,50,True,
RAW,013.tiff/gray_bbox/chromatin_od/K50,tp_at_budget <= budget_delivered,True,True,True,
RAW,013.tiff/gray_bbox/od_contrast/K10,precision_at_budget,0.5,0.5,True,
RAW,013.tiff/gray_bbox/od_contrast/K10,recall_at_budget,0.2941176470588235,0.29411764705882354,True,
RAW,013.tiff/gray_bbox/od_contrast/K10,budget_delivered,10,10,True,
RAW,013.tiff/gray_bbox/od_contrast/K10,tp_at_budget <= budget_delivered,True,True,True,
RAW,013.tiff/gray_bbox/od_contrast/K20,precision_at_budget,0.4,0.4,True,
RAW,013.tiff/gray_bbox/od_contrast/K20,recall_at_budget,0.4705882352941176,0.47058823529411764,True,
RAW,013.tiff/gray_bbox/od_contrast/K20,budget_delivered,20,20,True,
RAW,013.tiff/gray_bbox/od_contrast/K20,tp_at_budget <= budget_delivered,True,True,True,
RAW,013.tiff/gray_bbox/od_contrast/K30,precision_at_budget,0.2666666666666666,0.26666666666666666,True,
RAW,013.tiff/gray_bbox/od_contrast/K30,recall_at_budget,0.4705882352941176,0.47058823529411764,True,
RAW,013.tiff/gray_bbox/od_contrast/K30,budget_delivered,30,30,True,
RAW,013.tiff/gray_bbox/od_contrast/K30,tp_at_budget <= budget_delivered,True,True,True,
RAW,013.tiff/gray_bbox/od_contrast/K50,precision_at_budget,0.18,0.18,True,
RAW,013.tiff/gray_bbox/od_contrast/K50,recall_at_budget,0.5294117647058824,0.5294117647058824,True,
RAW,013.tiff/gray_bbox/od_contrast/K50,budget_delivered,50,50,True,
RAW,013.tiff/gray_bbox/od_contrast/K50,tp_at_budget <= budget_delivered,True,True,True,
RAW,094.tiff/hem_bbox/tm_score/K10,precision_at_budget,0.5,0.5,True,
RAW,094.tiff/hem_bbox/tm_score/K10,recall_at_budget,0.0617283950617283,0.06172839506172839,True,
RAW,094.tiff/hem_bbox/tm_score/K10,budget_delivered,10,10,True,
RAW,094.tiff/hem_bbox/tm_score/K10,tp_at_budget <= budget_delivered,True,True,True,
RAW,094.tiff/hem_bbox/tm_score/K20,precision_at_budget,0.45,0.45,True,
RAW,094.tiff/hem_bbox/tm_score/K20,recall_at_budget,0.1111111111111111,0.1111111111111111,True,
RAW,094.tiff/hem_bbox/tm_score/K20,budget_delivered,20,20,True,
RAW,094.tiff/hem_bbox/tm_score/K20,tp_at_budget <= budget_delivered,True,True,True,
RAW,094.tiff/hem_bbox/tm_score/K30,precision_at_budget,0.5,0.5,True,
RAW,094.tiff/hem_bbox/tm_score/K30,recall_at_budget,0.1851851851851851,0.18518518518518517,True,
RAW,094.tiff/hem_bbox/tm_score/K30,budget_delivered,30,30,True,
RAW,094.tiff/hem_bbox/tm_score/K30,tp_at_budget <= budget_delivered,True,True,True,
RAW,094.tiff/hem_bbox/tm_score/K50,precision_at_budget,0.42,0.42,True,
RAW,094.tiff/hem_bbox/tm_score/K50,recall_at_budget,0.2592592592592592,0.25925925925925924,True,
RAW,094.tiff/hem_bbox/tm_score/K50,budget_delivered,50,50,True,
RAW,094.tiff/hem_bbox/tm_score/K50,tp_at_budget <= budget_delivered,True,True,True,
RAW,094.tiff/hem_bbox/chromatin_od/K10,precision_at_budget,0.5,0.5,True,
RAW,094.tiff/hem_bbox/chromatin_od/K10,recall_at_budget,0.0617283950617283,0.06172839506172839,True,
RAW,094.tiff/hem_bbox/chromatin_od/K10,budget_delivered,10,10,True,
RAW,094.tiff/hem_bbox/chromatin_od/K10,tp_at_budget <= budget_delivered,True,True,True,
RAW,094.tiff/hem_bbox/chromatin_od/K20,precision_at_budget,0.7,0.7,True,
RAW,094.tiff/hem_bbox/chromatin_od/K20,recall_at_budget,0.1728395061728395,0.1728395061728395,True,
RAW,094.tiff/hem_bbox/chromatin_od/K20,budget_delivered,20,20,True,
RAW,094.tiff/hem_bbox/chromatin_od/K20,tp_at_budget <= budget_delivered,True,True,True,
RAW,094.tiff/hem_bbox/chromatin_od/K30,precision_at_budget,0.6666666666666666,0.6666666666666666,True,
RAW,094.tiff/hem_bbox/chromatin_od/K30,recall_at_budget,0.2469135802469135,0.24691358024691357,True,
RAW,094.tiff/hem_bbox/chromatin_od/K30,budget_delivered,30,30,True,
RAW,094.tiff/hem_bbox/chromatin_od/K30,tp_at_budget <= budget_delivered,True,True,True,
RAW,094.tiff/hem_bbox/chromatin_od/K50,precision_at_budget,0.48,0.48,True,
RAW,094.tiff/hem_bbox/chromatin_od/K50,recall_at_budget,0.2962962962962963,0.2962962962962963,True,
RAW,094.tiff/hem_bbox/chromatin_od/K50,budget_delivered,50,50,True,
RAW,094.tiff/hem_bbox/chromatin_od/K50,tp_at_budget <= budget_delivered,True,True,True,
RAW,094.tiff/hem_bbox/od_contrast/K10,precision_at_budget,0.6,0.6,True,
RAW,094.tiff/hem_bbox/od_contrast/K10,recall_at_budget,0.074074074074074,0.07407407407407407,True,
RAW,094.tiff/hem_bbox/od_contrast/K10,budget_delivered,10,10,True,
RAW,094.tiff/hem_bbox/od_contrast/K10,tp_at_budget <= budget_delivered,True,True,True,
RAW,094.tiff/hem_bbox/od_contrast/K20,precision_at_budget,0.75,0.75,True,
RAW,094.tiff/hem_bbox/od_contrast/K20,recall_at_budget,0.1851851851851851,0.18518518518518517,True,
RAW,094.tiff/hem_bbox/od_contrast/K20,budget_delivered,20,20,True,
RAW,094.tiff/hem_bbox/od_contrast/K20,tp_at_budget <= budget_delivered,True,True,True,
RAW,094.tiff/hem_bbox/od_contrast/K30,precision_at_budget,0.6333333333333333,0.6333333333333333,True,
RAW,094.tiff/hem_bbox/od_contrast/K30,recall_at_budget,0.2345679012345679,0.2345679012345679,True,
RAW,094.tiff/hem_bbox/od_contrast/K30,budget_delivered,30,30,True,
RAW,094.tiff/hem_bbox/od_contrast/K30,tp_at_budget <= budget_delivered,True,True,True,
RAW,094.tiff/hem_bbox/od_contrast/K50,precision_at_budget,0.44,0.44,True,
RAW,094.tiff/hem_bbox/od_contrast/K50,recall_at_budget,0.2716049382716049,0.2716049382716049,True,
RAW,094.tiff/hem_bbox/od_contrast/K50,budget_delivered,50,50,True,
RAW,094.tiff/hem_bbox/od_contrast/K50,tp_at_budget <= budget_delivered,True,True,True,
RAW,094.tiff/gray_bbox/tm_score/K10,precision_at_budget,0.4,0.4,True,
RAW,094.tiff/gray_bbox/tm_score/K10,recall_at_budget,0.0493827160493827,0.04938271604938271,True,
RAW,094.tiff/gray_bbox/tm_score/K10,budget_delivered,10,10,True,
RAW,094.tiff/gray_bbox/tm_score/K10,tp_at_budget <= budget_delivered,True,True,True,
RAW,094.tiff/gray_bbox/tm_score/K20,precision_at_budget,0.5,0.5,True,
RAW,094.tiff/gray_bbox/tm_score/K20,recall_at_budget,0.1234567901234567,0.12345679012345678,True,
RAW,094.tiff/gray_bbox/tm_score/K20,budget_delivered,20,20,True,
RAW,094.tiff/gray_bbox/tm_score/K20,tp_at_budget <= budget_delivered,True,True,True,
RAW,094.tiff/gray_bbox/tm_score/K30,precision_at_budget,0.5333333333333333,0.5333333333333333,True,
RAW,094.tiff/gray_bbox/tm_score/K30,recall_at_budget,0.1975308641975308,0.19753086419753085,True,
RAW,094.tiff/gray_bbox/tm_score/K30,budget_delivered,30,30,True,
RAW,094.tiff/gray_bbox/tm_score/K30,tp_at_budget <= budget_delivered,True,True,True,
RAW,094.tiff/gray_bbox/tm_score/K50,precision_at_budget,0.44,0.44,True,
RAW,094.tiff/gray_bbox/tm_score/K50,recall_at_budget,0.2716049382716049,0.2716049382716049,True,
RAW,094.tiff/gray_bbox/tm_score/K50,budget_delivered,50,50,True,
RAW,094.tiff/gray_bbox/tm_score/K50,tp_at_budget <= budget_delivered,True,True,True,
RAW,094.tiff/gray_bbox/chromatin_od/K10,precision_at_budget,0.5,0.5,True,
RAW,094.tiff/gray_bbox/chromatin_od/K10,recall_at_budget,0.0617283950617283,0.06172839506172839,True,
RAW,094.tiff/gray_bbox/chromatin_od/K10,budget_delivered,10,10,True,
RAW,094.tiff/gray_bbox/chromatin_od/K10,tp_at_budget <= budget_delivered,True,True,True,
RAW,094.tiff/gray_bbox/chromatin_od/K20,precision_at_budget,0.75,0.75,True,
RAW,094.tiff/gray_bbox/chromatin_od/K20,recall_at_budget,0.1851851851851851,0.18518518518518517,True,
RAW,094.tiff/gray_bbox/chromatin_od/K20,budget_delivered,20,20,True,
RAW,094.tiff/gray_bbox/chromatin_od/K20,tp_at_budget <= budget_delivered,True,True,True,
RAW,094.tiff/gray_bbox/chromatin_od/K30,precision_at_budget,0.7333333333333333,0.7333333333333333,True,
RAW,094.tiff/gray_bbox/chromatin_od/K30,recall_at_budget,0.2716049382716049,0.2716049382716049,True,
RAW,094.tiff/gray_bbox/chromatin_od/K30,budget_delivered,30,30,True,
RAW,094.tiff/gray_bbox/chromatin_od/K30,tp_at_budget <= budget_delivered,True,True,True,
RAW,094.tiff/gray_bbox/chromatin_od/K50,precision_at_budget,0.54,0.54,True,
RAW,094.tiff/gray_bbox/chromatin_od/K50,recall_at_budget,0.3333333333333333,0.3333333333333333,True,
RAW,094.tiff/gray_bbox/chromatin_od/K50,budget_delivered,50,50,True,
RAW,094.tiff/gray_bbox/chromatin_od/K50,tp_at_budget <= budget_delivered,True,True,True,
RAW,094.tiff/gray_bbox/od_contrast/K10,precision_at_budget,0.5,0.5,True,
RAW,094.tiff/gray_bbox/od_contrast/K10,recall_at_budget,0.0617283950617283,0.06172839506172839,True,
RAW,094.tiff/gray_bbox/od_contrast/K10,budget_delivered,10,10,True,
RAW,094.tiff/gray_bbox/od_contrast/K10,tp_at_budget <= budget_delivered,True,True,True,
RAW,094.tiff/gray_bbox/od_contrast/K20,precision_at_budget,0.75,0.75,True,
RAW,094.tiff/gray_bbox/od_contrast/K20,recall_at_budget,0.1851851851851851,0.18518518518518517,True,
RAW,094.tiff/gray_bbox/od_contrast/K20,budget_delivered,20,20,True,
RAW,094.tiff/gray_bbox/od_contrast/K20,tp_at_budget <= budget_delivered,True,True,True,
RAW,094.tiff/gray_bbox/od_contrast/K30,precision_at_budget,0.7,0.7,True,
RAW,094.tiff/gray_bbox/od_contrast/K30,recall_at_budget,0.2592592592592592,0.25925925925925924,True,
RAW,094.tiff/gray_bbox/od_contrast/K30,budget_delivered,30,30,True,
RAW,094.tiff/gray_bbox/od_contrast/K30,tp_at_budget <= budget_delivered,True,True,True,
RAW,094.tiff/gray_bbox/od_contrast/K50,precision_at_budget,0.5,0.5,True,
RAW,094.tiff/gray_bbox/od_contrast/K50,recall_at_budget,0.3086419753086419,0.30864197530864196,True,
RAW,094.tiff/gray_bbox/od_contrast/K50,budget_delivered,50,50,True,
RAW,094.tiff/gray_bbox/od_contrast/K50,tp_at_budget <= budget_delivered,True,True,True,
RAW,201.tiff/hem_bbox/tm_score/K10,precision_at_budget,0.4,0.4,True,
RAW,201.tiff/hem_bbox/tm_score/K10,recall_at_budget,0.2352941176470588,0.23529411764705882,True,
RAW,201.tiff/hem_bbox/tm_score/K10,budget_delivered,10,10,True,
RAW,201.tiff/hem_bbox/tm_score/K10,tp_at_budget <= budget_delivered,True,True,True,
RAW,201.tiff/hem_bbox/tm_score/K20,precision_at_budget,0.25,0.25,True,
RAW,201.tiff/hem_bbox/tm_score/K20,recall_at_budget,0.2941176470588235,0.29411764705882354,True,
RAW,201.tiff/hem_bbox/tm_score/K20,budget_delivered,20,20,True,
RAW,201.tiff/hem_bbox/tm_score/K20,tp_at_budget <= budget_delivered,True,True,True,
RAW,201.tiff/hem_bbox/tm_score/K30,precision_at_budget,0.1666666666666666,0.16666666666666666,True,
RAW,201.tiff/hem_bbox/tm_score/K30,recall_at_budget,0.2941176470588235,0.29411764705882354,True,
RAW,201.tiff/hem_bbox/tm_score/K30,budget_delivered,30,30,True,
RAW,201.tiff/hem_bbox/tm_score/K30,tp_at_budget <= budget_delivered,True,True,True,
RAW,201.tiff/hem_bbox/tm_score/K50,precision_at_budget,0.12,0.12,True,
RAW,201.tiff/hem_bbox/tm_score/K50,recall_at_budget,0.3529411764705882,0.35294117647058826,True,
RAW,201.tiff/hem_bbox/tm_score/K50,budget_delivered,50,50,True,
RAW,201.tiff/hem_bbox/tm_score/K50,tp_at_budget <= budget_delivered,True,True,True,
RAW,201.tiff/hem_bbox/chromatin_od/K10,precision_at_budget,0.4,0.4,True,
RAW,201.tiff/hem_bbox/chromatin_od/K10,recall_at_budget,0.2352941176470588,0.23529411764705882,True,
RAW,201.tiff/hem_bbox/chromatin_od/K10,budget_delivered,10,10,True,
RAW,201.tiff/hem_bbox/chromatin_od/K10,tp_at_budget <= budget_delivered,True,True,True,
RAW,201.tiff/hem_bbox/chromatin_od/K20,precision_at_budget,0.3,0.3,True,
RAW,201.tiff/hem_bbox/chromatin_od/K20,recall_at_budget,0.3529411764705882,0.35294117647058826,True,
RAW,201.tiff/hem_bbox/chromatin_od/K20,budget_delivered,20,20,True,
RAW,201.tiff/hem_bbox/chromatin_od/K20,tp_at_budget <= budget_delivered,True,True,True,
RAW,201.tiff/hem_bbox/chromatin_od/K30,precision_at_budget,0.2333333333333333,0.23333333333333334,True,
RAW,201.tiff/hem_bbox/chromatin_od/K30,recall_at_budget,0.4117647058823529,0.4117647058823529,True,
RAW,201.tiff/hem_bbox/chromatin_od/K30,budget_delivered,30,30,True,
RAW,201.tiff/hem_bbox/chromatin_od/K30,tp_at_budget <= budget_delivered,True,True,True,
RAW,201.tiff/hem_bbox/chromatin_od/K50,precision_at_budget,0.14,0.14,True,
RAW,201.tiff/hem_bbox/chromatin_od/K50,recall_at_budget,0.4117647058823529,0.4117647058823529,True,
RAW,201.tiff/hem_bbox/chromatin_od/K50,budget_delivered,50,50,True,
RAW,201.tiff/hem_bbox/chromatin_od/K50,tp_at_budget <= budget_delivered,True,True,True,
RAW,201.tiff/hem_bbox/od_contrast/K10,precision_at_budget,0.4,0.4,True,
RAW,201.tiff/hem_bbox/od_contrast/K10,recall_at_budget,0.2352941176470588,0.23529411764705882,True,
RAW,201.tiff/hem_bbox/od_contrast/K10,budget_delivered,10,10,True,
RAW,201.tiff/hem_bbox/od_contrast/K10,tp_at_budget <= budget_delivered,True,True,True,
RAW,201.tiff/hem_bbox/od_contrast/K20,precision_at_budget,0.3,0.3,True,
RAW,201.tiff/hem_bbox/od_contrast/K20,recall_at_budget,0.3529411764705882,0.35294117647058826,True,
RAW,201.tiff/hem_bbox/od_contrast/K20,budget_delivered,20,20,True,
RAW,201.tiff/hem_bbox/od_contrast/K20,tp_at_budget <= budget_delivered,True,True,True,
RAW,201.tiff/hem_bbox/od_contrast/K30,precision_at_budget,0.2,0.2,True,
RAW,201.tiff/hem_bbox/od_contrast/K30,recall_at_budget,0.3529411764705882,0.35294117647058826,True,
RAW,201.tiff/hem_bbox/od_contrast/K30,budget_delivered,30,30,True,
RAW,201.tiff/hem_bbox/od_contrast/K30,tp_at_budget <= budget_delivered,True,True,True,
RAW,201.tiff/hem_bbox/od_contrast/K50,precision_at_budget,0.16,0.16,True,
RAW,201.tiff/hem_bbox/od_contrast/K50,recall_at_budget,0.4705882352941176,0.47058823529411764,True,
RAW,201.tiff/hem_bbox/od_contrast/K50,budget_delivered,50,50,True,
RAW,201.tiff/hem_bbox/od_contrast/K50,tp_at_budget <= budget_delivered,True,True,True,
RAW,201.tiff/gray_bbox/tm_score/K10,precision_at_budget,0.3,0.3,True,
RAW,201.tiff/gray_bbox/tm_score/K10,recall_at_budget,0.1764705882352941,0.17647058823529413,True,
RAW,201.tiff/gray_bbox/tm_score/K10,budget_delivered,10,10,True,
RAW,201.tiff/gray_bbox/tm_score/K10,tp_at_budget <= budget_delivered,True,True,True,
RAW,201.tiff/gray_bbox/tm_score/K20,precision_at_budget,0.25,0.25,True,
RAW,201.tiff/gray_bbox/tm_score/K20,recall_at_budget,0.2941176470588235,0.29411764705882354,True,
RAW,201.tiff/gray_bbox/tm_score/K20,budget_delivered,20,20,True,
RAW,201.tiff/gray_bbox/tm_score/K20,tp_at_budget <= budget_delivered,True,True,True,
RAW,201.tiff/gray_bbox/tm_score/K30,precision_at_budget,0.2,0.2,True,
RAW,201.tiff/gray_bbox/tm_score/K30,recall_at_budget,0.3529411764705882,0.35294117647058826,True,
RAW,201.tiff/gray_bbox/tm_score/K30,budget_delivered,30,30,True,
RAW,201.tiff/gray_bbox/tm_score/K30,tp_at_budget <= budget_delivered,True,True,True,
RAW,201.tiff/gray_bbox/tm_score/K50,precision_at_budget,0.22,0.22,True,
RAW,201.tiff/gray_bbox/tm_score/K50,recall_at_budget,0.6470588235294118,0.6470588235294118,True,
RAW,201.tiff/gray_bbox/tm_score/K50,budget_delivered,50,50,True,
RAW,201.tiff/gray_bbox/tm_score/K50,tp_at_budget <= budget_delivered,True,True,True,
RAW,201.tiff/gray_bbox/chromatin_od/K10,precision_at_budget,0.4,0.4,True,
RAW,201.tiff/gray_bbox/chromatin_od/K10,recall_at_budget,0.2352941176470588,0.23529411764705882,True,
RAW,201.tiff/gray_bbox/chromatin_od/K10,budget_delivered,10,10,True,
RAW,201.tiff/gray_bbox/chromatin_od/K10,tp_at_budget <= budget_delivered,True,True,True,
RAW,201.tiff/gray_bbox/chromatin_od/K20,precision_at_budget,0.4,0.4,True,
RAW,201.tiff/gray_bbox/chromatin_od/K20,recall_at_budget,0.4705882352941176,0.47058823529411764,True,
RAW,201.tiff/gray_bbox/chromatin_od/K20,budget_delivered,20,20,True,
RAW,201.tiff/gray_bbox/chromatin_od/K20,tp_at_budget <= budget_delivered,True,True,True,
RAW,201.tiff/gray_bbox/chromatin_od/K30,precision_at_budget,0.3,0.3,True,
RAW,201.tiff/gray_bbox/chromatin_od/K30,recall_at_budget,0.5294117647058824,0.5294117647058824,True,
RAW,201.tiff/gray_bbox/chromatin_od/K30,budget_delivered,30,30,True,
RAW,201.tiff/gray_bbox/chromatin_od/K30,tp_at_budget <= budget_delivered,True,True,True,
RAW,201.tiff/gray_bbox/chromatin_od/K50,precision_at_budget,0.22,0.22,True,
RAW,201.tiff/gray_bbox/chromatin_od/K50,recall_at_budget,0.6470588235294118,0.6470588235294118,True,
RAW,201.tiff/gray_bbox/chromatin_od/K50,budget_delivered,50,50,True,
RAW,201.tiff/gray_bbox/chromatin_od/K50,tp_at_budget <= budget_delivered,True,True,True,
RAW,201.tiff/gray_bbox/od_contrast/K10,precision_at_budget,0.4,0.4,True,
RAW,201.tiff/gray_bbox/od_contrast/K10,recall_at_budget,0.2352941176470588,0.23529411764705882,True,
RAW,201.tiff/gray_bbox/od_contrast/K10,budget_delivered,10,10,True,
RAW,201.tiff/gray_bbox/od_contrast/K10,tp_at_budget <= budget_delivered,True,True,True,
RAW,201.tiff/gray_bbox/od_contrast/K20,precision_at_budget,0.35,0.35,True,
RAW,201.tiff/gray_bbox/od_contrast/K20,recall_at_budget,0.4117647058823529,0.4117647058823529,True,
RAW,201.tiff/gray_bbox/od_contrast/K20,budget_delivered,20,20,True,
RAW,201.tiff/gray_bbox/od_contrast/K20,tp_at_budget <= budget_delivered,True,True,True,
RAW,201.tiff/gray_bbox/od_contrast/K30,precision_at_budget,0.2666666666666666,0.26666666666666666,True,
RAW,201.tiff/gray_bbox/od_contrast/K30,recall_at_budget,0.4705882352941176,0.47058823529411764,True,
RAW,201.tiff/gray_bbox/od_contrast/K30,budget_delivered,30,30,True,
RAW,201.tiff/gray_bbox/od_contrast/K30,tp_at_budget <= budget_delivered,True,True,True,
RAW,201.tiff/gray_bbox/od_contrast/K50,precision_at_budget,0.22,0.22,True,
RAW,201.tiff/gray_bbox/od_contrast/K50,recall_at_budget,0.6470588235294118,0.6470588235294118,True,
RAW,201.tiff/gray_bbox/od_contrast/K50,budget_delivered,50,50,True,
RAW,201.tiff/gray_bbox/od_contrast/K50,tp_at_budget <= budget_delivered,True,True,True,
RAW,233.tiff/hem_bbox/tm_score/K10,precision_at_budget,0.4,0.4,True,
RAW,233.tiff/hem_bbox/tm_score/K10,recall_at_budget,0.2352941176470588,0.23529411764705882,True,
RAW,233.tiff/hem_bbox/tm_score/K10,budget_delivered,10,10,True,
RAW,233.tiff/hem_bbox/tm_score/K10,tp_at_budget <= budget_delivered,True,True,True,
RAW,233.tiff/hem_bbox/tm_score/K20,precision_at_budget,0.3,0.3,True,
RAW,233.tiff/hem_bbox/tm_score/K20,recall_at_budget,0.3529411764705882,0.35294117647058826,True,
RAW,233.tiff/hem_bbox/tm_score/K20,budget_delivered,20,20,True,
RAW,233.tiff/hem_bbox/tm_score/K20,tp_at_budget <= budget_delivered,True,True,True,
RAW,233.tiff/hem_bbox/tm_score/K30,precision_at_budget,0.2333333333333333,0.23333333333333334,True,
RAW,233.tiff/hem_bbox/tm_score/K30,recall_at_budget,0.4117647058823529,0.4117647058823529,True,
RAW,233.tiff/hem_bbox/tm_score/K30,budget_delivered,30,30,True,
RAW,233.tiff/hem_bbox/tm_score/K30,tp_at_budget <= budget_delivered,True,True,True,
RAW,233.tiff/hem_bbox/tm_score/K50,precision_at_budget,0.14,0.14,True,
RAW,233.tiff/hem_bbox/tm_score/K50,recall_at_budget,0.4117647058823529,0.4117647058823529,True,
RAW,233.tiff/hem_bbox/tm_score/K50,budget_delivered,50,50,True,
RAW,233.tiff/hem_bbox/tm_score/K50,tp_at_budget <= budget_delivered,True,True,True,
RAW,233.tiff/hem_bbox/chromatin_od/K10,precision_at_budget,0.6,0.6,True,
RAW,233.tiff/hem_bbox/chromatin_od/K10,recall_at_budget,0.3529411764705882,0.35294117647058826,True,
RAW,233.tiff/hem_bbox/chromatin_od/K10,budget_delivered,10,10,True,
RAW,233.tiff/hem_bbox/chromatin_od/K10,tp_at_budget <= budget_delivered,True,True,True,
RAW,233.tiff/hem_bbox/chromatin_od/K20,precision_at_budget,0.35,0.35,True,
RAW,233.tiff/hem_bbox/chromatin_od/K20,recall_at_budget,0.4117647058823529,0.4117647058823529,True,
RAW,233.tiff/hem_bbox/chromatin_od/K20,budget_delivered,20,20,True,
RAW,233.tiff/hem_bbox/chromatin_od/K20,tp_at_budget <= budget_delivered,True,True,True,
RAW,233.tiff/hem_bbox/chromatin_od/K30,precision_at_budget,0.3,0.3,True,
RAW,233.tiff/hem_bbox/chromatin_od/K30,recall_at_budget,0.5294117647058824,0.5294117647058824,True,
RAW,233.tiff/hem_bbox/chromatin_od/K30,budget_delivered,30,30,True,
RAW,233.tiff/hem_bbox/chromatin_od/K30,tp_at_budget <= budget_delivered,True,True,True,
RAW,233.tiff/hem_bbox/chromatin_od/K50,precision_at_budget,0.18,0.18,True,
RAW,233.tiff/hem_bbox/chromatin_od/K50,recall_at_budget,0.5294117647058824,0.5294117647058824,True,
RAW,233.tiff/hem_bbox/chromatin_od/K50,budget_delivered,50,50,True,
RAW,233.tiff/hem_bbox/chromatin_od/K50,tp_at_budget <= budget_delivered,True,True,True,
RAW,233.tiff/hem_bbox/od_contrast/K10,precision_at_budget,0.7,0.7,True,
RAW,233.tiff/hem_bbox/od_contrast/K10,recall_at_budget,0.4117647058823529,0.4117647058823529,True,
RAW,233.tiff/hem_bbox/od_contrast/K10,budget_delivered,10,10,True,
RAW,233.tiff/hem_bbox/od_contrast/K10,tp_at_budget <= budget_delivered,True,True,True,
RAW,233.tiff/hem_bbox/od_contrast/K20,precision_at_budget,0.35,0.35,True,
RAW,233.tiff/hem_bbox/od_contrast/K20,recall_at_budget,0.4117647058823529,0.4117647058823529,True,
RAW,233.tiff/hem_bbox/od_contrast/K20,budget_delivered,20,20,True,
RAW,233.tiff/hem_bbox/od_contrast/K20,tp_at_budget <= budget_delivered,True,True,True,
RAW,233.tiff/hem_bbox/od_contrast/K30,precision_at_budget,0.3,0.3,True,
RAW,233.tiff/hem_bbox/od_contrast/K30,recall_at_budget,0.5294117647058824,0.5294117647058824,True,
RAW,233.tiff/hem_bbox/od_contrast/K30,budget_delivered,30,30,True,
RAW,233.tiff/hem_bbox/od_contrast/K30,tp_at_budget <= budget_delivered,True,True,True,
RAW,233.tiff/hem_bbox/od_contrast/K50,precision_at_budget,0.2,0.2,True,
RAW,233.tiff/hem_bbox/od_contrast/K50,recall_at_budget,0.5882352941176471,0.5882352941176471,True,
RAW,233.tiff/hem_bbox/od_contrast/K50,budget_delivered,50,50,True,
RAW,233.tiff/hem_bbox/od_contrast/K50,tp_at_budget <= budget_delivered,True,True,True,
RAW,233.tiff/gray_bbox/tm_score/K10,precision_at_budget,0.3,0.3,True,
RAW,233.tiff/gray_bbox/tm_score/K10,recall_at_budget,0.1764705882352941,0.17647058823529413,True,
RAW,233.tiff/gray_bbox/tm_score/K10,budget_delivered,10,10,True,
RAW,233.tiff/gray_bbox/tm_score/K10,tp_at_budget <= budget_delivered,True,True,True,
RAW,233.tiff/gray_bbox/tm_score/K20,precision_at_budget,0.25,0.25,True,
RAW,233.tiff/gray_bbox/tm_score/K20,recall_at_budget,0.2941176470588235,0.29411764705882354,True,
RAW,233.tiff/gray_bbox/tm_score/K20,budget_delivered,20,20,True,
RAW,233.tiff/gray_bbox/tm_score/K20,tp_at_budget <= budget_delivered,True,True,True,
RAW,233.tiff/gray_bbox/tm_score/K30,precision_at_budget,0.2666666666666666,0.26666666666666666,True,
RAW,233.tiff/gray_bbox/tm_score/K30,recall_at_budget,0.4705882352941176,0.47058823529411764,True,
RAW,233.tiff/gray_bbox/tm_score/K30,budget_delivered,30,30,True,
RAW,233.tiff/gray_bbox/tm_score/K30,tp_at_budget <= budget_delivered,True,True,True,
RAW,233.tiff/gray_bbox/tm_score/K50,precision_at_budget,0.16,0.16,True,
RAW,233.tiff/gray_bbox/tm_score/K50,recall_at_budget,0.4705882352941176,0.47058823529411764,True,
RAW,233.tiff/gray_bbox/tm_score/K50,budget_delivered,50,50,True,
RAW,233.tiff/gray_bbox/tm_score/K50,tp_at_budget <= budget_delivered,True,True,True,
RAW,233.tiff/gray_bbox/chromatin_od/K10,precision_at_budget,0.7,0.7,True,
RAW,233.tiff/gray_bbox/chromatin_od/K10,recall_at_budget,0.4117647058823529,0.4117647058823529,True,
RAW,233.tiff/gray_bbox/chromatin_od/K10,budget_delivered,10,10,True,
RAW,233.tiff/gray_bbox/chromatin_od/K10,tp_at_budget <= budget_delivered,True,True,True,
RAW,233.tiff/gray_bbox/chromatin_od/K20,precision_at_budget,0.4,0.4,True,
RAW,233.tiff/gray_bbox/chromatin_od/K20,recall_at_budget,0.4705882352941176,0.47058823529411764,True,
RAW,233.tiff/gray_bbox/chromatin_od/K20,budget_delivered,20,20,True,
RAW,233.tiff/gray_bbox/chromatin_od/K20,tp_at_budget <= budget_delivered,True,True,True,
RAW,233.tiff/gray_bbox/chromatin_od/K30,precision_at_budget,0.3333333333333333,0.3333333333333333,True,
RAW,233.tiff/gray_bbox/chromatin_od/K30,recall_at_budget,0.5882352941176471,0.5882352941176471,True,
RAW,233.tiff/gray_bbox/chromatin_od/K30,budget_delivered,30,30,True,
RAW,233.tiff/gray_bbox/chromatin_od/K30,tp_at_budget <= budget_delivered,True,True,True,
RAW,233.tiff/gray_bbox/chromatin_od/K50,precision_at_budget,0.2,0.2,True,
RAW,233.tiff/gray_bbox/chromatin_od/K50,recall_at_budget,0.5882352941176471,0.5882352941176471,True,
RAW,233.tiff/gray_bbox/chromatin_od/K50,budget_delivered,50,50,True,
RAW,233.tiff/gray_bbox/chromatin_od/K50,tp_at_budget <= budget_delivered,True,True,True,
RAW,233.tiff/gray_bbox/od_contrast/K10,precision_at_budget,0.8,0.8,True,
RAW,233.tiff/gray_bbox/od_contrast/K10,recall_at_budget,0.4705882352941176,0.47058823529411764,True,
RAW,233.tiff/gray_bbox/od_contrast/K10,budget_delivered,10,10,True,
RAW,233.tiff/gray_bbox/od_contrast/K10,tp_at_budget <= budget_delivered,True,True,True,
RAW,233.tiff/gray_bbox/od_contrast/K20,precision_at_budget,0.4,0.4,True,
RAW,233.tiff/gray_bbox/od_contrast/K20,recall_at_budget,0.4705882352941176,0.47058823529411764,True,
RAW,233.tiff/gray_bbox/od_contrast/K20,budget_delivered,20,20,True,
RAW,233.tiff/gray_bbox/od_contrast/K20,tp_at_budget <= budget_delivered,True,True,True,
RAW,233.tiff/gray_bbox/od_contrast/K30,precision_at_budget,0.3333333333333333,0.3333333333333333,True,
RAW,233.tiff/gray_bbox/od_contrast/K30,recall_at_budget,0.5882352941176471,0.5882352941176471,True,
RAW,233.tiff/gray_bbox/od_contrast/K30,budget_delivered,30,30,True,
RAW,233.tiff/gray_bbox/od_contrast/K30,tp_at_budget <= budget_delivered,True,True,True,
RAW,233.tiff/gray_bbox/od_contrast/K50,precision_at_budget,0.2,0.2,True,
RAW,233.tiff/gray_bbox/od_contrast/K50,recall_at_budget,0.5882352941176471,0.5882352941176471,True,
RAW,233.tiff/gray_bbox/od_contrast/K50,budget_delivered,50,50,True,
RAW,233.tiff/gray_bbox/od_contrast/K50,tp_at_budget <= budget_delivered,True,True,True,
RAW,245.tiff/hem_bbox/tm_score/K10,precision_at_budget,0.3,0.3,True,
RAW,245.tiff/hem_bbox/tm_score/K10,recall_at_budget,0.0337078651685393,0.033707865168539325,True,
RAW,245.tiff/hem_bbox/tm_score/K10,budget_delivered,10,10,True,
RAW,245.tiff/hem_bbox/tm_score/K10,tp_at_budget <= budget_delivered,True,True,True,
RAW,245.tiff/hem_bbox/tm_score/K20,precision_at_budget,0.35,0.35,True,
RAW,245.tiff/hem_bbox/tm_score/K20,recall_at_budget,0.0786516853932584,0.07865168539325842,True,
RAW,245.tiff/hem_bbox/tm_score/K20,budget_delivered,20,20,True,
RAW,245.tiff/hem_bbox/tm_score/K20,tp_at_budget <= budget_delivered,True,True,True,
RAW,245.tiff/hem_bbox/tm_score/K30,precision_at_budget,0.3,0.3,True,
RAW,245.tiff/hem_bbox/tm_score/K30,recall_at_budget,0.1011235955056179,0.10112359550561797,True,
RAW,245.tiff/hem_bbox/tm_score/K30,budget_delivered,30,30,True,
RAW,245.tiff/hem_bbox/tm_score/K30,tp_at_budget <= budget_delivered,True,True,True,
RAW,245.tiff/hem_bbox/tm_score/K50,precision_at_budget,0.24,0.24,True,
RAW,245.tiff/hem_bbox/tm_score/K50,recall_at_budget,0.1348314606741573,0.1348314606741573,True,
RAW,245.tiff/hem_bbox/tm_score/K50,budget_delivered,50,50,True,
RAW,245.tiff/hem_bbox/tm_score/K50,tp_at_budget <= budget_delivered,True,True,True,
RAW,245.tiff/hem_bbox/chromatin_od/K10,precision_at_budget,0.1,0.1,True,
RAW,245.tiff/hem_bbox/chromatin_od/K10,recall_at_budget,0.0112359550561797,0.011235955056179775,True,
RAW,245.tiff/hem_bbox/chromatin_od/K10,budget_delivered,10,10,True,
RAW,245.tiff/hem_bbox/chromatin_od/K10,tp_at_budget <= budget_delivered,True,True,True,
RAW,245.tiff/hem_bbox/chromatin_od/K20,precision_at_budget,0.1,0.1,True,
RAW,245.tiff/hem_bbox/chromatin_od/K20,recall_at_budget,0.0224719101123595,0.02247191011235955,True,
RAW,245.tiff/hem_bbox/chromatin_od/K20,budget_delivered,20,20,True,
RAW,245.tiff/hem_bbox/chromatin_od/K20,tp_at_budget <= budget_delivered,True,True,True,
RAW,245.tiff/hem_bbox/chromatin_od/K30,precision_at_budget,0.1666666666666666,0.16666666666666666,True,
RAW,245.tiff/hem_bbox/chromatin_od/K30,recall_at_budget,0.0561797752808988,0.056179775280898875,True,
RAW,245.tiff/hem_bbox/chromatin_od/K30,budget_delivered,30,30,True,
RAW,245.tiff/hem_bbox/chromatin_od/K30,tp_at_budget <= budget_delivered,True,True,True,
RAW,245.tiff/hem_bbox/chromatin_od/K50,precision_at_budget,0.24,0.24,True,
RAW,245.tiff/hem_bbox/chromatin_od/K50,recall_at_budget,0.1348314606741573,0.1348314606741573,True,
RAW,245.tiff/hem_bbox/chromatin_od/K50,budget_delivered,50,50,True,
RAW,245.tiff/hem_bbox/chromatin_od/K50,tp_at_budget <= budget_delivered,True,True,True,
RAW,245.tiff/hem_bbox/od_contrast/K10,precision_at_budget,0.1,0.1,True,
RAW,245.tiff/hem_bbox/od_contrast/K10,recall_at_budget,0.0112359550561797,0.011235955056179775,True,
RAW,245.tiff/hem_bbox/od_contrast/K10,budget_delivered,10,10,True,
RAW,245.tiff/hem_bbox/od_contrast/K10,tp_at_budget <= budget_delivered,True,True,True,
RAW,245.tiff/hem_bbox/od_contrast/K20,precision_at_budget,0.1,0.1,True,
RAW,245.tiff/hem_bbox/od_contrast/K20,recall_at_budget,0.0224719101123595,0.02247191011235955,True,
RAW,245.tiff/hem_bbox/od_contrast/K20,budget_delivered,20,20,True,
RAW,245.tiff/hem_bbox/od_contrast/K20,tp_at_budget <= budget_delivered,True,True,True,
RAW,245.tiff/hem_bbox/od_contrast/K30,precision_at_budget,0.1333333333333333,0.13333333333333333,True,
RAW,245.tiff/hem_bbox/od_contrast/K30,recall_at_budget,0.0449438202247191,0.0449438202247191,True,
RAW,245.tiff/hem_bbox/od_contrast/K30,budget_delivered,30,30,True,
RAW,245.tiff/hem_bbox/od_contrast/K30,tp_at_budget <= budget_delivered,True,True,True,
RAW,245.tiff/hem_bbox/od_contrast/K50,precision_at_budget,0.24,0.24,True,
RAW,245.tiff/hem_bbox/od_contrast/K50,recall_at_budget,0.1348314606741573,0.1348314606741573,True,
RAW,245.tiff/hem_bbox/od_contrast/K50,budget_delivered,50,50,True,
RAW,245.tiff/hem_bbox/od_contrast/K50,tp_at_budget <= budget_delivered,True,True,True,
RAW,245.tiff/gray_bbox/tm_score/K10,precision_at_budget,0.1,0.1,True,
RAW,245.tiff/gray_bbox/tm_score/K10,recall_at_budget,0.0112359550561797,0.011235955056179775,True,
RAW,245.tiff/gray_bbox/tm_score/K10,budget_delivered,10,10,True,
RAW,245.tiff/gray_bbox/tm_score/K10,tp_at_budget <= budget_delivered,True,True,True,
RAW,245.tiff/gray_bbox/tm_score/K20,precision_at_budget,0.1,0.1,True,
RAW,245.tiff/gray_bbox/tm_score/K20,recall_at_budget,0.0224719101123595,0.02247191011235955,True,
RAW,245.tiff/gray_bbox/tm_score/K20,budget_delivered,20,20,True,
RAW,245.tiff/gray_bbox/tm_score/K20,tp_at_budget <= budget_delivered,True,True,True,
RAW,245.tiff/gray_bbox/tm_score/K30,precision_at_budget,0.1,0.1,True,
RAW,245.tiff/gray_bbox/tm_score/K30,recall_at_budget,0.0337078651685393,0.033707865168539325,True,
RAW,245.tiff/gray_bbox/tm_score/K30,budget_delivered,30,30,True,
RAW,245.tiff/gray_bbox/tm_score/K30,tp_at_budget <= budget_delivered,True,True,True,
RAW,245.tiff/gray_bbox/tm_score/K50,precision_at_budget,0.12,0.12,True,
RAW,245.tiff/gray_bbox/tm_score/K50,recall_at_budget,0.0674157303370786,0.06741573033707865,True,
RAW,245.tiff/gray_bbox/tm_score/K50,budget_delivered,50,50,True,
RAW,245.tiff/gray_bbox/tm_score/K50,tp_at_budget <= budget_delivered,True,True,True,
RAW,245.tiff/gray_bbox/chromatin_od/K10,precision_at_budget,0.1,0.1,True,
RAW,245.tiff/gray_bbox/chromatin_od/K10,recall_at_budget,0.0112359550561797,0.011235955056179775,True,
RAW,245.tiff/gray_bbox/chromatin_od/K10,budget_delivered,10,10,True,
RAW,245.tiff/gray_bbox/chromatin_od/K10,tp_at_budget <= budget_delivered,True,True,True,
RAW,245.tiff/gray_bbox/chromatin_od/K20,precision_at_budget,0.2,0.2,True,
RAW,245.tiff/gray_bbox/chromatin_od/K20,recall_at_budget,0.0449438202247191,0.0449438202247191,True,
RAW,245.tiff/gray_bbox/chromatin_od/K20,budget_delivered,20,20,True,
RAW,245.tiff/gray_bbox/chromatin_od/K20,tp_at_budget <= budget_delivered,True,True,True,
RAW,245.tiff/gray_bbox/chromatin_od/K30,precision_at_budget,0.2333333333333333,0.23333333333333334,True,
RAW,245.tiff/gray_bbox/chromatin_od/K30,recall_at_budget,0.0786516853932584,0.07865168539325842,True,
RAW,245.tiff/gray_bbox/chromatin_od/K30,budget_delivered,30,30,True,
RAW,245.tiff/gray_bbox/chromatin_od/K30,tp_at_budget <= budget_delivered,True,True,True,
RAW,245.tiff/gray_bbox/chromatin_od/K50,precision_at_budget,0.16,0.16,True,
RAW,245.tiff/gray_bbox/chromatin_od/K50,recall_at_budget,0.0898876404494382,0.0898876404494382,True,
RAW,245.tiff/gray_bbox/chromatin_od/K50,budget_delivered,50,50,True,
RAW,245.tiff/gray_bbox/chromatin_od/K50,tp_at_budget <= budget_delivered,True,True,True,
RAW,245.tiff/gray_bbox/od_contrast/K10,precision_at_budget,0.1,0.1,True,
RAW,245.tiff/gray_bbox/od_contrast/K10,recall_at_budget,0.0112359550561797,0.011235955056179775,True,
RAW,245.tiff/gray_bbox/od_contrast/K10,budget_delivered,10,10,True,
RAW,245.tiff/gray_bbox/od_contrast/K10,tp_at_budget <= budget_delivered,True,True,True,
RAW,245.tiff/gray_bbox/od_contrast/K20,precision_at_budget,0.25,0.25,True,
RAW,245.tiff/gray_bbox/od_contrast/K20,recall_at_budget,0.0561797752808988,0.056179775280898875,True,
RAW,245.tiff/gray_bbox/od_contrast/K20,budget_delivered,20,20,True,
RAW,245.tiff/gray_bbox/od_contrast/K20,tp_at_budget <= budget_delivered,True,True,True,
RAW,245.tiff/gray_bbox/od_contrast/K30,precision_at_budget,0.2,0.2,True,
RAW,245.tiff/gray_bbox/od_contrast/K30,recall_at_budget,0.0674157303370786,0.06741573033707865,True,
RAW,245.tiff/gray_bbox/od_contrast/K30,budget_delivered,30,30,True,
RAW,245.tiff/gray_bbox/od_contrast/K30,tp_at_budget <= budget_delivered,True,True,True,
RAW,245.tiff/gray_bbox/od_contrast/K50,precision_at_budget,0.16,0.16,True,
RAW,245.tiff/gray_bbox/od_contrast/K50,recall_at_budget,0.0898876404494382,0.0898876404494382,True,
RAW,245.tiff/gray_bbox/od_contrast/K50,budget_delivered,50,50,True,
RAW,245.tiff/gray_bbox/od_contrast/K50,tp_at_budget <= budget_delivered,True,True,True,
RAW,246.tiff/hem_bbox/tm_score/K10,precision_at_budget,0.8,0.8,True,
RAW,246.tiff/hem_bbox/tm_score/K10,recall_at_budget,0.0695652173913043,0.06956521739130435,True,
RAW,246.tiff/hem_bbox/tm_score/K10,budget_delivered,10,10,True,
RAW,246.tiff/hem_bbox/tm_score/K10,tp_at_budget <= budget_delivered,True,True,True,
RAW,246.tiff/hem_bbox/tm_score/K20,precision_at_budget,0.7,0.7,True,
RAW,246.tiff/hem_bbox/tm_score/K20,recall_at_budget,0.1217391304347826,0.12173913043478261,True,
RAW,246.tiff/hem_bbox/tm_score/K20,budget_delivered,20,20,True,
RAW,246.tiff/hem_bbox/tm_score/K20,tp_at_budget <= budget_delivered,True,True,True,
RAW,246.tiff/hem_bbox/tm_score/K30,precision_at_budget,0.5333333333333333,0.5333333333333333,True,
RAW,246.tiff/hem_bbox/tm_score/K30,recall_at_budget,0.1391304347826087,0.1391304347826087,True,
RAW,246.tiff/hem_bbox/tm_score/K30,budget_delivered,30,30,True,
RAW,246.tiff/hem_bbox/tm_score/K30,tp_at_budget <= budget_delivered,True,True,True,
RAW,246.tiff/hem_bbox/tm_score/K50,precision_at_budget,0.44,0.44,True,
RAW,246.tiff/hem_bbox/tm_score/K50,recall_at_budget,0.1913043478260869,0.19130434782608696,True,
RAW,246.tiff/hem_bbox/tm_score/K50,budget_delivered,50,50,True,
RAW,246.tiff/hem_bbox/tm_score/K50,tp_at_budget <= budget_delivered,True,True,True,
RAW,246.tiff/hem_bbox/chromatin_od/K10,precision_at_budget,1.0,1.0,True,
RAW,246.tiff/hem_bbox/chromatin_od/K10,recall_at_budget,0.0869565217391304,0.08695652173913043,True,
RAW,246.tiff/hem_bbox/chromatin_od/K10,budget_delivered,10,10,True,
RAW,246.tiff/hem_bbox/chromatin_od/K10,tp_at_budget <= budget_delivered,True,True,True,
RAW,246.tiff/hem_bbox/chromatin_od/K20,precision_at_budget,0.8,0.8,True,
RAW,246.tiff/hem_bbox/chromatin_od/K20,recall_at_budget,0.1391304347826087,0.1391304347826087,True,
RAW,246.tiff/hem_bbox/chromatin_od/K20,budget_delivered,20,20,True,
RAW,246.tiff/hem_bbox/chromatin_od/K20,tp_at_budget <= budget_delivered,True,True,True,
RAW,246.tiff/hem_bbox/chromatin_od/K30,precision_at_budget,0.7333333333333333,0.7333333333333333,True,
RAW,246.tiff/hem_bbox/chromatin_od/K30,recall_at_budget,0.1913043478260869,0.19130434782608696,True,
RAW,246.tiff/hem_bbox/chromatin_od/K30,budget_delivered,30,30,True,
RAW,246.tiff/hem_bbox/chromatin_od/K30,tp_at_budget <= budget_delivered,True,True,True,
RAW,246.tiff/hem_bbox/chromatin_od/K50,precision_at_budget,0.58,0.58,True,
RAW,246.tiff/hem_bbox/chromatin_od/K50,recall_at_budget,0.2521739130434782,0.25217391304347825,True,
RAW,246.tiff/hem_bbox/chromatin_od/K50,budget_delivered,50,50,True,
RAW,246.tiff/hem_bbox/chromatin_od/K50,tp_at_budget <= budget_delivered,True,True,True,
RAW,246.tiff/hem_bbox/od_contrast/K10,precision_at_budget,1.0,1.0,True,
RAW,246.tiff/hem_bbox/od_contrast/K10,recall_at_budget,0.0869565217391304,0.08695652173913043,True,
RAW,246.tiff/hem_bbox/od_contrast/K10,budget_delivered,10,10,True,
RAW,246.tiff/hem_bbox/od_contrast/K10,tp_at_budget <= budget_delivered,True,True,True,
RAW,246.tiff/hem_bbox/od_contrast/K20,precision_at_budget,0.85,0.85,True,
RAW,246.tiff/hem_bbox/od_contrast/K20,recall_at_budget,0.1478260869565217,0.14782608695652175,True,
RAW,246.tiff/hem_bbox/od_contrast/K20,budget_delivered,20,20,True,
RAW,246.tiff/hem_bbox/od_contrast/K20,tp_at_budget <= budget_delivered,True,True,True,
RAW,246.tiff/hem_bbox/od_contrast/K30,precision_at_budget,0.6666666666666666,0.6666666666666666,True,
RAW,246.tiff/hem_bbox/od_contrast/K30,recall_at_budget,0.1739130434782608,0.17391304347826086,True,
RAW,246.tiff/hem_bbox/od_contrast/K30,budget_delivered,30,30,True,
RAW,246.tiff/hem_bbox/od_contrast/K30,tp_at_budget <= budget_delivered,True,True,True,
RAW,246.tiff/hem_bbox/od_contrast/K50,precision_at_budget,0.56,0.56,True,
RAW,246.tiff/hem_bbox/od_contrast/K50,recall_at_budget,0.2434782608695652,0.24347826086956523,True,
RAW,246.tiff/hem_bbox/od_contrast/K50,budget_delivered,50,50,True,
RAW,246.tiff/hem_bbox/od_contrast/K50,tp_at_budget <= budget_delivered,True,True,True,
RAW,246.tiff/gray_bbox/tm_score/K10,precision_at_budget,1.0,1.0,True,
RAW,246.tiff/gray_bbox/tm_score/K10,recall_at_budget,0.0869565217391304,0.08695652173913043,True,
RAW,246.tiff/gray_bbox/tm_score/K10,budget_delivered,10,10,True,
RAW,246.tiff/gray_bbox/tm_score/K10,tp_at_budget <= budget_delivered,True,True,True,
RAW,246.tiff/gray_bbox/tm_score/K20,precision_at_budget,0.9,0.9,True,
RAW,246.tiff/gray_bbox/tm_score/K20,recall_at_budget,0.1565217391304348,0.1565217391304348,True,
RAW,246.tiff/gray_bbox/tm_score/K20,budget_delivered,20,20,True,
RAW,246.tiff/gray_bbox/tm_score/K20,tp_at_budget <= budget_delivered,True,True,True,
RAW,246.tiff/gray_bbox/tm_score/K30,precision_at_budget,0.8,0.8,True,
RAW,246.tiff/gray_bbox/tm_score/K30,recall_at_budget,0.208695652173913,0.20869565217391303,True,
RAW,246.tiff/gray_bbox/tm_score/K30,budget_delivered,30,30,True,
RAW,246.tiff/gray_bbox/tm_score/K30,tp_at_budget <= budget_delivered,True,True,True,
RAW,246.tiff/gray_bbox/tm_score/K50,precision_at_budget,0.62,0.62,True,
RAW,246.tiff/gray_bbox/tm_score/K50,recall_at_budget,0.2695652173913043,0.26956521739130435,True,
RAW,246.tiff/gray_bbox/tm_score/K50,budget_delivered,50,50,True,
RAW,246.tiff/gray_bbox/tm_score/K50,tp_at_budget <= budget_delivered,True,True,True,
RAW,246.tiff/gray_bbox/chromatin_od/K10,precision_at_budget,1.0,1.0,True,
RAW,246.tiff/gray_bbox/chromatin_od/K10,recall_at_budget,0.0869565217391304,0.08695652173913043,True,
RAW,246.tiff/gray_bbox/chromatin_od/K10,budget_delivered,10,10,True,
RAW,246.tiff/gray_bbox/chromatin_od/K10,tp_at_budget <= budget_delivered,True,True,True,
RAW,246.tiff/gray_bbox/chromatin_od/K20,precision_at_budget,0.7,0.7,True,
RAW,246.tiff/gray_bbox/chromatin_od/K20,recall_at_budget,0.1217391304347826,0.12173913043478261,True,
RAW,246.tiff/gray_bbox/chromatin_od/K20,budget_delivered,20,20,True,
RAW,246.tiff/gray_bbox/chromatin_od/K20,tp_at_budget <= budget_delivered,True,True,True,
RAW,246.tiff/gray_bbox/chromatin_od/K30,precision_at_budget,0.7,0.7,True,
RAW,246.tiff/gray_bbox/chromatin_od/K30,recall_at_budget,0.1826086956521739,0.1826086956521739,True,
RAW,246.tiff/gray_bbox/chromatin_od/K30,budget_delivered,30,30,True,
RAW,246.tiff/gray_bbox/chromatin_od/K30,tp_at_budget <= budget_delivered,True,True,True,
RAW,246.tiff/gray_bbox/chromatin_od/K50,precision_at_budget,0.66,0.66,True,
RAW,246.tiff/gray_bbox/chromatin_od/K50,recall_at_budget,0.2869565217391304,0.28695652173913044,True,
RAW,246.tiff/gray_bbox/chromatin_od/K50,budget_delivered,50,50,True,
RAW,246.tiff/gray_bbox/chromatin_od/K50,tp_at_budget <= budget_delivered,True,True,True,
RAW,246.tiff/gray_bbox/od_contrast/K10,precision_at_budget,1.0,1.0,True,
RAW,246.tiff/gray_bbox/od_contrast/K10,recall_at_budget,0.0869565217391304,0.08695652173913043,True,
RAW,246.tiff/gray_bbox/od_contrast/K10,budget_delivered,10,10,True,
RAW,246.tiff/gray_bbox/od_contrast/K10,tp_at_budget <= budget_delivered,True,True,True,
RAW,246.tiff/gray_bbox/od_contrast/K20,precision_at_budget,0.75,0.75,True,
RAW,246.tiff/gray_bbox/od_contrast/K20,recall_at_budget,0.1304347826086956,0.13043478260869565,True,
RAW,246.tiff/gray_bbox/od_contrast/K20,budget_delivered,20,20,True,
RAW,246.tiff/gray_bbox/od_contrast/K20,tp_at_budget <= budget_delivered,True,True,True,
RAW,246.tiff/gray_bbox/od_contrast/K30,precision_at_budget,0.7,0.7,True,
RAW,246.tiff/gray_bbox/od_contrast/K30,recall_at_budget,0.1826086956521739,0.1826086956521739,True,
RAW,246.tiff/gray_bbox/od_contrast/K30,budget_delivered,30,30,True,
RAW,246.tiff/gray_bbox/od_contrast/K30,tp_at_budget <= budget_delivered,True,True,True,
RAW,246.tiff/gray_bbox/od_contrast/K50,precision_at_budget,0.68,0.68,True,
RAW,246.tiff/gray_bbox/od_contrast/K50,recall_at_budget,0.2956521739130435,0.2956521739130435,True,
RAW,246.tiff/gray_bbox/od_contrast/K50,budget_delivered,50,50,True,
RAW,246.tiff/gray_bbox/od_contrast/K50,tp_at_budget <= budget_delivered,True,True,True,
RAW,300.tiff/hem_bbox/tm_score/K10,precision_at_budget,1.0,1.0,True,
RAW,300.tiff/hem_bbox/tm_score/K10,recall_at_budget,0.0555555555555555,0.05555555555555555,True,
RAW,300.tiff/hem_bbox/tm_score/K10,budget_delivered,10,10,True,
RAW,300.tiff/hem_bbox/tm_score/K10,tp_at_budget <= budget_delivered,True,True,True,
RAW,300.tiff/hem_bbox/tm_score/K20,precision_at_budget,0.8,0.8,True,
RAW,300.tiff/hem_bbox/tm_score/K20,recall_at_budget,0.0888888888888888,0.08888888888888889,True,
RAW,300.tiff/hem_bbox/tm_score/K20,budget_delivered,20,20,True,
RAW,300.tiff/hem_bbox/tm_score/K20,tp_at_budget <= budget_delivered,True,True,True,
RAW,300.tiff/hem_bbox/tm_score/K30,precision_at_budget,0.7666666666666667,0.7666666666666667,True,
RAW,300.tiff/hem_bbox/tm_score/K30,recall_at_budget,0.1277777777777777,0.12777777777777777,True,
RAW,300.tiff/hem_bbox/tm_score/K30,budget_delivered,30,30,True,
RAW,300.tiff/hem_bbox/tm_score/K30,tp_at_budget <= budget_delivered,True,True,True,
RAW,300.tiff/hem_bbox/tm_score/K50,precision_at_budget,0.68,0.68,True,
RAW,300.tiff/hem_bbox/tm_score/K50,recall_at_budget,0.1888888888888888,0.18888888888888888,True,
RAW,300.tiff/hem_bbox/tm_score/K50,budget_delivered,50,50,True,
RAW,300.tiff/hem_bbox/tm_score/K50,tp_at_budget <= budget_delivered,True,True,True,
RAW,300.tiff/hem_bbox/chromatin_od/K10,precision_at_budget,0.8,0.8,True,
RAW,300.tiff/hem_bbox/chromatin_od/K10,recall_at_budget,0.0444444444444444,0.044444444444444446,True,
RAW,300.tiff/hem_bbox/chromatin_od/K10,budget_delivered,10,10,True,
RAW,300.tiff/hem_bbox/chromatin_od/K10,tp_at_budget <= budget_delivered,True,True,True,
RAW,300.tiff/hem_bbox/chromatin_od/K20,precision_at_budget,0.85,0.85,True,
RAW,300.tiff/hem_bbox/chromatin_od/K20,recall_at_budget,0.0944444444444444,0.09444444444444444,True,
RAW,300.tiff/hem_bbox/chromatin_od/K20,budget_delivered,20,20,True,
RAW,300.tiff/hem_bbox/chromatin_od/K20,tp_at_budget <= budget_delivered,True,True,True,
RAW,300.tiff/hem_bbox/chromatin_od/K30,precision_at_budget,0.9,0.9,True,
RAW,300.tiff/hem_bbox/chromatin_od/K30,recall_at_budget,0.15,0.15,True,
RAW,300.tiff/hem_bbox/chromatin_od/K30,budget_delivered,30,30,True,
RAW,300.tiff/hem_bbox/chromatin_od/K30,tp_at_budget <= budget_delivered,True,True,True,
RAW,300.tiff/hem_bbox/chromatin_od/K50,precision_at_budget,0.8,0.8,True,
RAW,300.tiff/hem_bbox/chromatin_od/K50,recall_at_budget,0.2222222222222222,0.2222222222222222,True,
RAW,300.tiff/hem_bbox/chromatin_od/K50,budget_delivered,50,50,True,
RAW,300.tiff/hem_bbox/chromatin_od/K50,tp_at_budget <= budget_delivered,True,True,True,
RAW,300.tiff/hem_bbox/od_contrast/K10,precision_at_budget,0.8,0.8,True,
RAW,300.tiff/hem_bbox/od_contrast/K10,recall_at_budget,0.0444444444444444,0.044444444444444446,True,
RAW,300.tiff/hem_bbox/od_contrast/K10,budget_delivered,10,10,True,
RAW,300.tiff/hem_bbox/od_contrast/K10,tp_at_budget <= budget_delivered,True,True,True,
RAW,300.tiff/hem_bbox/od_contrast/K20,precision_at_budget,0.85,0.85,True,
RAW,300.tiff/hem_bbox/od_contrast/K20,recall_at_budget,0.0944444444444444,0.09444444444444444,True,
RAW,300.tiff/hem_bbox/od_contrast/K20,budget_delivered,20,20,True,
RAW,300.tiff/hem_bbox/od_contrast/K20,tp_at_budget <= budget_delivered,True,True,True,
RAW,300.tiff/hem_bbox/od_contrast/K30,precision_at_budget,0.8666666666666667,0.8666666666666667,True,
RAW,300.tiff/hem_bbox/od_contrast/K30,recall_at_budget,0.1444444444444444,0.14444444444444443,True,
RAW,300.tiff/hem_bbox/od_contrast/K30,budget_delivered,30,30,True,
RAW,300.tiff/hem_bbox/od_contrast/K30,tp_at_budget <= budget_delivered,True,True,True,
RAW,300.tiff/hem_bbox/od_contrast/K50,precision_at_budget,0.78,0.78,True,
RAW,300.tiff/hem_bbox/od_contrast/K50,recall_at_budget,0.2166666666666666,0.21666666666666667,True,
RAW,300.tiff/hem_bbox/od_contrast/K50,budget_delivered,50,50,True,
RAW,300.tiff/hem_bbox/od_contrast/K50,tp_at_budget <= budget_delivered,True,True,True,
RAW,300.tiff/gray_bbox/tm_score/K10,precision_at_budget,0.9,0.9,True,
RAW,300.tiff/gray_bbox/tm_score/K10,recall_at_budget,0.05,0.05,True,
RAW,300.tiff/gray_bbox/tm_score/K10,budget_delivered,10,10,True,
RAW,300.tiff/gray_bbox/tm_score/K10,tp_at_budget <= budget_delivered,True,True,True,
RAW,300.tiff/gray_bbox/tm_score/K20,precision_at_budget,0.85,0.85,True,
RAW,300.tiff/gray_bbox/tm_score/K20,recall_at_budget,0.0944444444444444,0.09444444444444444,True,
RAW,300.tiff/gray_bbox/tm_score/K20,budget_delivered,20,20,True,
RAW,300.tiff/gray_bbox/tm_score/K20,tp_at_budget <= budget_delivered,True,True,True,
RAW,300.tiff/gray_bbox/tm_score/K30,precision_at_budget,0.8333333333333334,0.8333333333333334,True,
RAW,300.tiff/gray_bbox/tm_score/K30,recall_at_budget,0.1388888888888889,0.1388888888888889,True,
RAW,300.tiff/gray_bbox/tm_score/K30,budget_delivered,30,30,True,
RAW,300.tiff/gray_bbox/tm_score/K30,tp_at_budget <= budget_delivered,True,True,True,
RAW,300.tiff/gray_bbox/tm_score/K50,precision_at_budget,0.86,0.86,True,
RAW,300.tiff/gray_bbox/tm_score/K50,recall_at_budget,0.2388888888888889,0.2388888888888889,True,
RAW,300.tiff/gray_bbox/tm_score/K50,budget_delivered,50,50,True,
RAW,300.tiff/gray_bbox/tm_score/K50,tp_at_budget <= budget_delivered,True,True,True,
RAW,300.tiff/gray_bbox/chromatin_od/K10,precision_at_budget,0.9,0.9,True,
RAW,300.tiff/gray_bbox/chromatin_od/K10,recall_at_budget,0.05,0.05,True,
RAW,300.tiff/gray_bbox/chromatin_od/K10,budget_delivered,10,10,True,
RAW,300.tiff/gray_bbox/chromatin_od/K10,tp_at_budget <= budget_delivered,True,True,True,
RAW,300.tiff/gray_bbox/chromatin_od/K20,precision_at_budget,0.95,0.95,True,
RAW,300.tiff/gray_bbox/chromatin_od/K20,recall_at_budget,0.1055555555555555,0.10555555555555556,True,
RAW,300.tiff/gray_bbox/chromatin_od/K20,budget_delivered,20,20,True,
RAW,300.tiff/gray_bbox/chromatin_od/K20,tp_at_budget <= budget_delivered,True,True,True,
RAW,300.tiff/gray_bbox/chromatin_od/K30,precision_at_budget,0.9,0.9,True,
RAW,300.tiff/gray_bbox/chromatin_od/K30,recall_at_budget,0.15,0.15,True,
RAW,300.tiff/gray_bbox/chromatin_od/K30,budget_delivered,30,30,True,
RAW,300.tiff/gray_bbox/chromatin_od/K30,tp_at_budget <= budget_delivered,True,True,True,
RAW,300.tiff/gray_bbox/chromatin_od/K50,precision_at_budget,0.92,0.92,True,
RAW,300.tiff/gray_bbox/chromatin_od/K50,recall_at_budget,0.2555555555555555,0.25555555555555554,True,
RAW,300.tiff/gray_bbox/chromatin_od/K50,budget_delivered,50,50,True,
RAW,300.tiff/gray_bbox/chromatin_od/K50,tp_at_budget <= budget_delivered,True,True,True,
RAW,300.tiff/gray_bbox/od_contrast/K10,precision_at_budget,0.8,0.8,True,
RAW,300.tiff/gray_bbox/od_contrast/K10,recall_at_budget,0.0444444444444444,0.044444444444444446,True,
RAW,300.tiff/gray_bbox/od_contrast/K10,budget_delivered,10,10,True,
RAW,300.tiff/gray_bbox/od_contrast/K10,tp_at_budget <= budget_delivered,True,True,True,
RAW,300.tiff/gray_bbox/od_contrast/K20,precision_at_budget,0.9,0.9,True,
RAW,300.tiff/gray_bbox/od_contrast/K20,recall_at_budget,0.1,0.1,True,
RAW,300.tiff/gray_bbox/od_contrast/K20,budget_delivered,20,20,True,
RAW,300.tiff/gray_bbox/od_contrast/K20,tp_at_budget <= budget_delivered,True,True,True,
RAW,300.tiff/gray_bbox/od_contrast/K30,precision_at_budget,0.9333333333333332,0.9333333333333333,True,
RAW,300.tiff/gray_bbox/od_contrast/K30,recall_at_budget,0.1555555555555555,0.15555555555555556,True,
RAW,300.tiff/gray_bbox/od_contrast/K30,budget_delivered,30,30,True,
RAW,300.tiff/gray_bbox/od_contrast/K30,tp_at_budget <= budget_delivered,True,True,True,
RAW,300.tiff/gray_bbox/od_contrast/K50,precision_at_budget,0.9,0.9,True,
RAW,300.tiff/gray_bbox/od_contrast/K50,recall_at_budget,0.25,0.25,True,
RAW,300.tiff/gray_bbox/od_contrast/K50,budget_delivered,50,50,True,
RAW,300.tiff/gray_bbox/od_contrast/K50,tp_at_budget <= budget_delivered,True,True,True,
RAW,301.tiff/hem_bbox/tm_score/K10,precision_at_budget,0.9,0.9,True,
RAW,301.tiff/hem_bbox/tm_score/K10,recall_at_budget,0.0414746543778801,0.041474654377880185,True,
RAW,301.tiff/hem_bbox/tm_score/K10,budget_delivered,10,10,True,
RAW,301.tiff/hem_bbox/tm_score/K10,tp_at_budget <= budget_delivered,True,True,True,
RAW,301.tiff/hem_bbox/tm_score/K20,precision_at_budget,0.9,0.9,True,
RAW,301.tiff/hem_bbox/tm_score/K20,recall_at_budget,0.0829493087557603,0.08294930875576037,True,
RAW,301.tiff/hem_bbox/tm_score/K20,budget_delivered,20,20,True,
RAW,301.tiff/hem_bbox/tm_score/K20,tp_at_budget <= budget_delivered,True,True,True,
RAW,301.tiff/hem_bbox/tm_score/K30,precision_at_budget,0.8666666666666667,0.8666666666666667,True,
RAW,301.tiff/hem_bbox/tm_score/K30,recall_at_budget,0.1198156682027649,0.11981566820276497,True,
RAW,301.tiff/hem_bbox/tm_score/K30,budget_delivered,30,30,True,
RAW,301.tiff/hem_bbox/tm_score/K30,tp_at_budget <= budget_delivered,True,True,True,
RAW,301.tiff/hem_bbox/tm_score/K50,precision_at_budget,0.82,0.82,True,
RAW,301.tiff/hem_bbox/tm_score/K50,recall_at_budget,0.1889400921658986,0.1889400921658986,True,
RAW,301.tiff/hem_bbox/tm_score/K50,budget_delivered,50,50,True,
RAW,301.tiff/hem_bbox/tm_score/K50,tp_at_budget <= budget_delivered,True,True,True,
RAW,301.tiff/hem_bbox/chromatin_od/K10,precision_at_budget,0.8,0.8,True,
RAW,301.tiff/hem_bbox/chromatin_od/K10,recall_at_budget,0.0368663594470046,0.03686635944700461,True,
RAW,301.tiff/hem_bbox/chromatin_od/K10,budget_delivered,10,10,True,
RAW,301.tiff/hem_bbox/chromatin_od/K10,tp_at_budget <= budget_delivered,True,True,True,
RAW,301.tiff/hem_bbox/chromatin_od/K20,precision_at_budget,0.85,0.85,True,
RAW,301.tiff/hem_bbox/chromatin_od/K20,recall_at_budget,0.0783410138248847,0.07834101382488479,True,
RAW,301.tiff/hem_bbox/chromatin_od/K20,budget_delivered,20,20,True,
RAW,301.tiff/hem_bbox/chromatin_od/K20,tp_at_budget <= budget_delivered,True,True,True,
RAW,301.tiff/hem_bbox/chromatin_od/K30,precision_at_budget,0.8666666666666667,0.8666666666666667,True,
RAW,301.tiff/hem_bbox/chromatin_od/K30,recall_at_budget,0.1198156682027649,0.11981566820276497,True,
RAW,301.tiff/hem_bbox/chromatin_od/K30,budget_delivered,30,30,True,
RAW,301.tiff/hem_bbox/chromatin_od/K30,tp_at_budget <= budget_delivered,True,True,True,
RAW,301.tiff/hem_bbox/chromatin_od/K50,precision_at_budget,0.82,0.82,True,
RAW,301.tiff/hem_bbox/chromatin_od/K50,recall_at_budget,0.1889400921658986,0.1889400921658986,True,
RAW,301.tiff/hem_bbox/chromatin_od/K50,budget_delivered,50,50,True,
RAW,301.tiff/hem_bbox/chromatin_od/K50,tp_at_budget <= budget_delivered,True,True,True,
RAW,301.tiff/hem_bbox/od_contrast/K10,precision_at_budget,0.7,0.7,True,
RAW,301.tiff/hem_bbox/od_contrast/K10,recall_at_budget,0.032258064516129,0.03225806451612903,True,
RAW,301.tiff/hem_bbox/od_contrast/K10,budget_delivered,10,10,True,
RAW,301.tiff/hem_bbox/od_contrast/K10,tp_at_budget <= budget_delivered,True,True,True,
RAW,301.tiff/hem_bbox/od_contrast/K20,precision_at_budget,0.8,0.8,True,
RAW,301.tiff/hem_bbox/od_contrast/K20,recall_at_budget,0.0737327188940092,0.07373271889400922,True,
RAW,301.tiff/hem_bbox/od_contrast/K20,budget_delivered,20,20,True,
RAW,301.tiff/hem_bbox/od_contrast/K20,tp_at_budget <= budget_delivered,True,True,True,
RAW,301.tiff/hem_bbox/od_contrast/K30,precision_at_budget,0.8333333333333334,0.8333333333333334,True,
RAW,301.tiff/hem_bbox/od_contrast/K30,recall_at_budget,0.1152073732718894,0.1152073732718894,True,
RAW,301.tiff/hem_bbox/od_contrast/K30,budget_delivered,30,30,True,
RAW,301.tiff/hem_bbox/od_contrast/K30,tp_at_budget <= budget_delivered,True,True,True,
RAW,301.tiff/hem_bbox/od_contrast/K50,precision_at_budget,0.84,0.84,True,
RAW,301.tiff/hem_bbox/od_contrast/K50,recall_at_budget,0.1935483870967742,0.1935483870967742,True,
RAW,301.tiff/hem_bbox/od_contrast/K50,budget_delivered,50,50,True,
RAW,301.tiff/hem_bbox/od_contrast/K50,tp_at_budget <= budget_delivered,True,True,True,
RAW,301.tiff/gray_bbox/tm_score/K10,precision_at_budget,0.9,0.9,True,
RAW,301.tiff/gray_bbox/tm_score/K10,recall_at_budget,0.0414746543778801,0.041474654377880185,True,
RAW,301.tiff/gray_bbox/tm_score/K10,budget_delivered,10,10,True,
RAW,301.tiff/gray_bbox/tm_score/K10,tp_at_budget <= budget_delivered,True,True,True,
RAW,301.tiff/gray_bbox/tm_score/K20,precision_at_budget,0.9,0.9,True,
RAW,301.tiff/gray_bbox/tm_score/K20,recall_at_budget,0.0829493087557603,0.08294930875576037,True,
RAW,301.tiff/gray_bbox/tm_score/K20,budget_delivered,20,20,True,
RAW,301.tiff/gray_bbox/tm_score/K20,tp_at_budget <= budget_delivered,True,True,True,
RAW,301.tiff/gray_bbox/tm_score/K30,precision_at_budget,0.8,0.8,True,
RAW,301.tiff/gray_bbox/tm_score/K30,recall_at_budget,0.1105990783410138,0.11059907834101383,True,
RAW,301.tiff/gray_bbox/tm_score/K30,budget_delivered,30,30,True,
RAW,301.tiff/gray_bbox/tm_score/K30,tp_at_budget <= budget_delivered,True,True,True,
RAW,301.tiff/gray_bbox/tm_score/K50,precision_at_budget,0.74,0.74,True,
RAW,301.tiff/gray_bbox/tm_score/K50,recall_at_budget,0.1705069124423963,0.17050691244239632,True,
RAW,301.tiff/gray_bbox/tm_score/K50,budget_delivered,50,50,True,
RAW,301.tiff/gray_bbox/tm_score/K50,tp_at_budget <= budget_delivered,True,True,True,
RAW,301.tiff/gray_bbox/chromatin_od/K10,precision_at_budget,0.8,0.8,True,
RAW,301.tiff/gray_bbox/chromatin_od/K10,recall_at_budget,0.0368663594470046,0.03686635944700461,True,
RAW,301.tiff/gray_bbox/chromatin_od/K10,budget_delivered,10,10,True,
RAW,301.tiff/gray_bbox/chromatin_od/K10,tp_at_budget <= budget_delivered,True,True,True,
RAW,301.tiff/gray_bbox/chromatin_od/K20,precision_at_budget,0.9,0.9,True,
RAW,301.tiff/gray_bbox/chromatin_od/K20,recall_at_budget,0.0829493087557603,0.08294930875576037,True,
RAW,301.tiff/gray_bbox/chromatin_od/K20,budget_delivered,20,20,True,
RAW,301.tiff/gray_bbox/chromatin_od/K20,tp_at_budget <= budget_delivered,True,True,True,
RAW,301.tiff/gray_bbox/chromatin_od/K30,precision_at_budget,0.9,0.9,True,
RAW,301.tiff/gray_bbox/chromatin_od/K30,recall_at_budget,0.1244239631336405,0.12442396313364056,True,
RAW,301.tiff/gray_bbox/chromatin_od/K30,budget_delivered,30,30,True,
RAW,301.tiff/gray_bbox/chromatin_od/K30,tp_at_budget <= budget_delivered,True,True,True,
RAW,301.tiff/gray_bbox/chromatin_od/K50,precision_at_budget,0.82,0.82,True,
RAW,301.tiff/gray_bbox/chromatin_od/K50,recall_at_budget,0.1889400921658986,0.1889400921658986,True,
RAW,301.tiff/gray_bbox/chromatin_od/K50,budget_delivered,50,50,True,
RAW,301.tiff/gray_bbox/chromatin_od/K50,tp_at_budget <= budget_delivered,True,True,True,
RAW,301.tiff/gray_bbox/od_contrast/K10,precision_at_budget,0.8,0.8,True,
RAW,301.tiff/gray_bbox/od_contrast/K10,recall_at_budget,0.0368663594470046,0.03686635944700461,True,
RAW,301.tiff/gray_bbox/od_contrast/K10,budget_delivered,10,10,True,
RAW,301.tiff/gray_bbox/od_contrast/K10,tp_at_budget <= budget_delivered,True,True,True,
RAW,301.tiff/gray_bbox/od_contrast/K20,precision_at_budget,0.9,0.9,True,
RAW,301.tiff/gray_bbox/od_contrast/K20,recall_at_budget,0.0829493087557603,0.08294930875576037,True,
RAW,301.tiff/gray_bbox/od_contrast/K20,budget_delivered,20,20,True,
RAW,301.tiff/gray_bbox/od_contrast/K20,tp_at_budget <= budget_delivered,True,True,True,
RAW,301.tiff/gray_bbox/od_contrast/K30,precision_at_budget,0.9,0.9,True,
RAW,301.tiff/gray_bbox/od_contrast/K30,recall_at_budget,0.1244239631336405,0.12442396313364056,True,
RAW,301.tiff/gray_bbox/od_contrast/K30,budget_delivered,30,30,True,
RAW,301.tiff/gray_bbox/od_contrast/K30,tp_at_budget <= budget_delivered,True,True,True,
RAW,301.tiff/gray_bbox/od_contrast/K50,precision_at_budget,0.82,0.82,True,
RAW,301.tiff/gray_bbox/od_contrast/K50,recall_at_budget,0.1889400921658986,0.1889400921658986,True,
RAW,301.tiff/gray_bbox/od_contrast/K50,budget_delivered,50,50,True,
RAW,301.tiff/gray_bbox/od_contrast/K50,tp_at_budget <= budget_delivered,True,True,True,
RAW,402.tiff/hem_bbox/tm_score/K10,precision_at_budget,0.3,0.3,True,
RAW,402.tiff/hem_bbox/tm_score/K10,recall_at_budget,0.0288461538461538,0.028846153846153848,True,
RAW,402.tiff/hem_bbox/tm_score/K10,budget_delivered,10,10,True,
RAW,402.tiff/hem_bbox/tm_score/K10,tp_at_budget <= budget_delivered,True,True,True,
RAW,402.tiff/hem_bbox/tm_score/K20,precision_at_budget,0.35,0.35,True,
RAW,402.tiff/hem_bbox/tm_score/K20,recall_at_budget,0.0673076923076923,0.0673076923076923,True,
RAW,402.tiff/hem_bbox/tm_score/K20,budget_delivered,20,20,True,
RAW,402.tiff/hem_bbox/tm_score/K20,tp_at_budget <= budget_delivered,True,True,True,
RAW,402.tiff/hem_bbox/tm_score/K30,precision_at_budget,0.3,0.3,True,
RAW,402.tiff/hem_bbox/tm_score/K30,recall_at_budget,0.0865384615384615,0.08653846153846154,True,
RAW,402.tiff/hem_bbox/tm_score/K30,budget_delivered,30,30,True,
RAW,402.tiff/hem_bbox/tm_score/K30,tp_at_budget <= budget_delivered,True,True,True,
RAW,402.tiff/hem_bbox/tm_score/K50,precision_at_budget,0.36,0.36,True,
RAW,402.tiff/hem_bbox/tm_score/K50,recall_at_budget,0.173076923076923,0.17307692307692307,True,
RAW,402.tiff/hem_bbox/tm_score/K50,budget_delivered,50,50,True,
RAW,402.tiff/hem_bbox/tm_score/K50,tp_at_budget <= budget_delivered,True,True,True,
RAW,402.tiff/hem_bbox/chromatin_od/K10,precision_at_budget,0.7,0.7,True,
RAW,402.tiff/hem_bbox/chromatin_od/K10,recall_at_budget,0.0673076923076923,0.0673076923076923,True,
RAW,402.tiff/hem_bbox/chromatin_od/K10,budget_delivered,10,10,True,
RAW,402.tiff/hem_bbox/chromatin_od/K10,tp_at_budget <= budget_delivered,True,True,True,
RAW,402.tiff/hem_bbox/chromatin_od/K20,precision_at_budget,0.55,0.55,True,
RAW,402.tiff/hem_bbox/chromatin_od/K20,recall_at_budget,0.1057692307692307,0.10576923076923077,True,
RAW,402.tiff/hem_bbox/chromatin_od/K20,budget_delivered,20,20,True,
RAW,402.tiff/hem_bbox/chromatin_od/K20,tp_at_budget <= budget_delivered,True,True,True,
RAW,402.tiff/hem_bbox/chromatin_od/K30,precision_at_budget,0.5,0.5,True,
RAW,402.tiff/hem_bbox/chromatin_od/K30,recall_at_budget,0.1442307692307692,0.14423076923076922,True,
RAW,402.tiff/hem_bbox/chromatin_od/K30,budget_delivered,30,30,True,
RAW,402.tiff/hem_bbox/chromatin_od/K30,tp_at_budget <= budget_delivered,True,True,True,
RAW,402.tiff/hem_bbox/chromatin_od/K50,precision_at_budget,0.54,0.54,True,
RAW,402.tiff/hem_bbox/chromatin_od/K50,recall_at_budget,0.2596153846153846,0.25961538461538464,True,
RAW,402.tiff/hem_bbox/chromatin_od/K50,budget_delivered,50,50,True,
RAW,402.tiff/hem_bbox/chromatin_od/K50,tp_at_budget <= budget_delivered,True,True,True,
RAW,402.tiff/hem_bbox/od_contrast/K10,precision_at_budget,0.4,0.4,True,
RAW,402.tiff/hem_bbox/od_contrast/K10,recall_at_budget,0.0384615384615384,0.038461538461538464,True,
RAW,402.tiff/hem_bbox/od_contrast/K10,budget_delivered,10,10,True,
RAW,402.tiff/hem_bbox/od_contrast/K10,tp_at_budget <= budget_delivered,True,True,True,
RAW,402.tiff/hem_bbox/od_contrast/K20,precision_at_budget,0.55,0.55,True,
RAW,402.tiff/hem_bbox/od_contrast/K20,recall_at_budget,0.1057692307692307,0.10576923076923077,True,
RAW,402.tiff/hem_bbox/od_contrast/K20,budget_delivered,20,20,True,
RAW,402.tiff/hem_bbox/od_contrast/K20,tp_at_budget <= budget_delivered,True,True,True,
RAW,402.tiff/hem_bbox/od_contrast/K30,precision_at_budget,0.5666666666666667,0.5666666666666667,True,
RAW,402.tiff/hem_bbox/od_contrast/K30,recall_at_budget,0.1634615384615384,0.16346153846153846,True,
RAW,402.tiff/hem_bbox/od_contrast/K30,budget_delivered,30,30,True,
RAW,402.tiff/hem_bbox/od_contrast/K30,tp_at_budget <= budget_delivered,True,True,True,
RAW,402.tiff/hem_bbox/od_contrast/K50,precision_at_budget,0.52,0.52,True,
RAW,402.tiff/hem_bbox/od_contrast/K50,recall_at_budget,0.25,0.25,True,
RAW,402.tiff/hem_bbox/od_contrast/K50,budget_delivered,50,50,True,
RAW,402.tiff/hem_bbox/od_contrast/K50,tp_at_budget <= budget_delivered,True,True,True,
RAW,402.tiff/gray_bbox/tm_score/K10,precision_at_budget,0.4,0.4,True,
RAW,402.tiff/gray_bbox/tm_score/K10,recall_at_budget,0.0384615384615384,0.038461538461538464,True,
RAW,402.tiff/gray_bbox/tm_score/K10,budget_delivered,10,10,True,
RAW,402.tiff/gray_bbox/tm_score/K10,tp_at_budget <= budget_delivered,True,True,True,
RAW,402.tiff/gray_bbox/tm_score/K20,precision_at_budget,0.45,0.45,True,
RAW,402.tiff/gray_bbox/tm_score/K20,recall_at_budget,0.0865384615384615,0.08653846153846154,True,
RAW,402.tiff/gray_bbox/tm_score/K20,budget_delivered,20,20,True,
RAW,402.tiff/gray_bbox/tm_score/K20,tp_at_budget <= budget_delivered,True,True,True,
RAW,402.tiff/gray_bbox/tm_score/K30,precision_at_budget,0.4666666666666667,0.4666666666666667,True,
RAW,402.tiff/gray_bbox/tm_score/K30,recall_at_budget,0.1346153846153846,0.1346153846153846,True,
RAW,402.tiff/gray_bbox/tm_score/K30,budget_delivered,30,30,True,
RAW,402.tiff/gray_bbox/tm_score/K30,tp_at_budget <= budget_delivered,True,True,True,
RAW,402.tiff/gray_bbox/tm_score/K50,precision_at_budget,0.44,0.44,True,
RAW,402.tiff/gray_bbox/tm_score/K50,recall_at_budget,0.2115384615384615,0.21153846153846154,True,
RAW,402.tiff/gray_bbox/tm_score/K50,budget_delivered,50,50,True,
RAW,402.tiff/gray_bbox/tm_score/K50,tp_at_budget <= budget_delivered,True,True,True,
RAW,402.tiff/gray_bbox/chromatin_od/K10,precision_at_budget,0.7,0.7,True,
RAW,402.tiff/gray_bbox/chromatin_od/K10,recall_at_budget,0.0673076923076923,0.0673076923076923,True,
RAW,402.tiff/gray_bbox/chromatin_od/K10,budget_delivered,10,10,True,
RAW,402.tiff/gray_bbox/chromatin_od/K10,tp_at_budget <= budget_delivered,True,True,True,
RAW,402.tiff/gray_bbox/chromatin_od/K20,precision_at_budget,0.6,0.6,True,
RAW,402.tiff/gray_bbox/chromatin_od/K20,recall_at_budget,0.1153846153846153,0.11538461538461539,True,
RAW,402.tiff/gray_bbox/chromatin_od/K20,budget_delivered,20,20,True,
RAW,402.tiff/gray_bbox/chromatin_od/K20,tp_at_budget <= budget_delivered,True,True,True,
RAW,402.tiff/gray_bbox/chromatin_od/K30,precision_at_budget,0.5,0.5,True,
RAW,402.tiff/gray_bbox/chromatin_od/K30,recall_at_budget,0.1442307692307692,0.14423076923076922,True,
RAW,402.tiff/gray_bbox/chromatin_od/K30,budget_delivered,30,30,True,
RAW,402.tiff/gray_bbox/chromatin_od/K30,tp_at_budget <= budget_delivered,True,True,True,
RAW,402.tiff/gray_bbox/chromatin_od/K50,precision_at_budget,0.5,0.5,True,
RAW,402.tiff/gray_bbox/chromatin_od/K50,recall_at_budget,0.2403846153846154,0.2403846153846154,True,
RAW,402.tiff/gray_bbox/chromatin_od/K50,budget_delivered,50,50,True,
RAW,402.tiff/gray_bbox/chromatin_od/K50,tp_at_budget <= budget_delivered,True,True,True,
RAW,402.tiff/gray_bbox/od_contrast/K10,precision_at_budget,0.4,0.4,True,
RAW,402.tiff/gray_bbox/od_contrast/K10,recall_at_budget,0.0384615384615384,0.038461538461538464,True,
RAW,402.tiff/gray_bbox/od_contrast/K10,budget_delivered,10,10,True,
RAW,402.tiff/gray_bbox/od_contrast/K10,tp_at_budget <= budget_delivered,True,True,True,
RAW,402.tiff/gray_bbox/od_contrast/K20,precision_at_budget,0.45,0.45,True,
RAW,402.tiff/gray_bbox/od_contrast/K20,recall_at_budget,0.0865384615384615,0.08653846153846154,True,
RAW,402.tiff/gray_bbox/od_contrast/K20,budget_delivered,20,20,True,
RAW,402.tiff/gray_bbox/od_contrast/K20,tp_at_budget <= budget_delivered,True,True,True,
RAW,402.tiff/gray_bbox/od_contrast/K30,precision_at_budget,0.5333333333333333,0.5333333333333333,True,
RAW,402.tiff/gray_bbox/od_contrast/K30,recall_at_budget,0.1538461538461538,0.15384615384615385,True,
RAW,402.tiff/gray_bbox/od_contrast/K30,budget_delivered,30,30,True,
RAW,402.tiff/gray_bbox/od_contrast/K30,tp_at_budget <= budget_delivered,True,True,True,
RAW,402.tiff/gray_bbox/od_contrast/K50,precision_at_budget,0.52,0.52,True,
RAW,402.tiff/gray_bbox/od_contrast/K50,recall_at_budget,0.25,0.25,True,
RAW,402.tiff/gray_bbox/od_contrast/K50,budget_delivered,50,50,True,
RAW,402.tiff/gray_bbox/od_contrast/K50,tp_at_budget <= budget_delivered,True,True,True,
RAW,403.tiff/hem_bbox/tm_score/K10,precision_at_budget,0.4,0.4,True,
RAW,403.tiff/hem_bbox/tm_score/K10,recall_at_budget,0.0769230769230769,0.07692307692307693,True,
RAW,403.tiff/hem_bbox/tm_score/K10,budget_delivered,10,10,True,
RAW,403.tiff/hem_bbox/tm_score/K10,tp_at_budget <= budget_delivered,True,True,True,
RAW,403.tiff/hem_bbox/tm_score/K20,precision_at_budget,0.25,0.25,True,
RAW,403.tiff/hem_bbox/tm_score/K20,recall_at_budget,0.0961538461538461,0.09615384615384616,True,
RAW,403.tiff/hem_bbox/tm_score/K20,budget_delivered,20,20,True,
RAW,403.tiff/hem_bbox/tm_score/K20,tp_at_budget <= budget_delivered,True,True,True,
RAW,403.tiff/hem_bbox/tm_score/K30,precision_at_budget,0.2666666666666666,0.26666666666666666,True,
RAW,403.tiff/hem_bbox/tm_score/K30,recall_at_budget,0.1538461538461538,0.15384615384615385,True,
RAW,403.tiff/hem_bbox/tm_score/K30,budget_delivered,30,30,True,
RAW,403.tiff/hem_bbox/tm_score/K30,tp_at_budget <= budget_delivered,True,True,True,
RAW,403.tiff/hem_bbox/tm_score/K50,precision_at_budget,0.28,0.28,True,
RAW,403.tiff/hem_bbox/tm_score/K50,recall_at_budget,0.2692307692307692,0.2692307692307692,True,
RAW,403.tiff/hem_bbox/tm_score/K50,budget_delivered,50,50,True,
RAW,403.tiff/hem_bbox/tm_score/K50,tp_at_budget <= budget_delivered,True,True,True,
RAW,403.tiff/hem_bbox/chromatin_od/K10,precision_at_budget,0.4,0.4,True,
RAW,403.tiff/hem_bbox/chromatin_od/K10,recall_at_budget,0.0769230769230769,0.07692307692307693,True,
RAW,403.tiff/hem_bbox/chromatin_od/K10,budget_delivered,10,10,True,
RAW,403.tiff/hem_bbox/chromatin_od/K10,tp_at_budget <= budget_delivered,True,True,True,
RAW,403.tiff/hem_bbox/chromatin_od/K20,precision_at_budget,0.35,0.35,True,
RAW,403.tiff/hem_bbox/chromatin_od/K20,recall_at_budget,0.1346153846153846,0.1346153846153846,True,
RAW,403.tiff/hem_bbox/chromatin_od/K20,budget_delivered,20,20,True,
RAW,403.tiff/hem_bbox/chromatin_od/K20,tp_at_budget <= budget_delivered,True,True,True,
RAW,403.tiff/hem_bbox/chromatin_od/K30,precision_at_budget,0.3333333333333333,0.3333333333333333,True,
RAW,403.tiff/hem_bbox/chromatin_od/K30,recall_at_budget,0.1923076923076923,0.19230769230769232,True,
RAW,403.tiff/hem_bbox/chromatin_od/K30,budget_delivered,30,30,True,
RAW,403.tiff/hem_bbox/chromatin_od/K30,tp_at_budget <= budget_delivered,True,True,True,
RAW,403.tiff/hem_bbox/chromatin_od/K50,precision_at_budget,0.26,0.26,True,
RAW,403.tiff/hem_bbox/chromatin_od/K50,recall_at_budget,0.25,0.25,True,
RAW,403.tiff/hem_bbox/chromatin_od/K50,budget_delivered,50,50,True,
RAW,403.tiff/hem_bbox/chromatin_od/K50,tp_at_budget <= budget_delivered,True,True,True,
RAW,403.tiff/hem_bbox/od_contrast/K10,precision_at_budget,0.6,0.6,True,
RAW,403.tiff/hem_bbox/od_contrast/K10,recall_at_budget,0.1153846153846153,0.11538461538461539,True,
RAW,403.tiff/hem_bbox/od_contrast/K10,budget_delivered,10,10,True,
RAW,403.tiff/hem_bbox/od_contrast/K10,tp_at_budget <= budget_delivered,True,True,True,
RAW,403.tiff/hem_bbox/od_contrast/K20,precision_at_budget,0.45,0.45,True,
RAW,403.tiff/hem_bbox/od_contrast/K20,recall_at_budget,0.173076923076923,0.17307692307692307,True,
RAW,403.tiff/hem_bbox/od_contrast/K20,budget_delivered,20,20,True,
RAW,403.tiff/hem_bbox/od_contrast/K20,tp_at_budget <= budget_delivered,True,True,True,
RAW,403.tiff/hem_bbox/od_contrast/K30,precision_at_budget,0.3666666666666666,0.36666666666666664,True,
RAW,403.tiff/hem_bbox/od_contrast/K30,recall_at_budget,0.2115384615384615,0.21153846153846154,True,
RAW,403.tiff/hem_bbox/od_contrast/K30,budget_delivered,30,30,True,
RAW,403.tiff/hem_bbox/od_contrast/K30,tp_at_budget <= budget_delivered,True,True,True,
RAW,403.tiff/hem_bbox/od_contrast/K50,precision_at_budget,0.24,0.24,True,
RAW,403.tiff/hem_bbox/od_contrast/K50,recall_at_budget,0.2307692307692307,0.23076923076923078,True,
RAW,403.tiff/hem_bbox/od_contrast/K50,budget_delivered,50,50,True,
RAW,403.tiff/hem_bbox/od_contrast/K50,tp_at_budget <= budget_delivered,True,True,True,
RAW,403.tiff/gray_bbox/tm_score/K10,precision_at_budget,0.5,0.5,True,
RAW,403.tiff/gray_bbox/tm_score/K10,recall_at_budget,0.0961538461538461,0.09615384615384616,True,
RAW,403.tiff/gray_bbox/tm_score/K10,budget_delivered,10,10,True,
RAW,403.tiff/gray_bbox/tm_score/K10,tp_at_budget <= budget_delivered,True,True,True,
RAW,403.tiff/gray_bbox/tm_score/K20,precision_at_budget,0.35,0.35,True,
RAW,403.tiff/gray_bbox/tm_score/K20,recall_at_budget,0.1346153846153846,0.1346153846153846,True,
RAW,403.tiff/gray_bbox/tm_score/K20,budget_delivered,20,20,True,
RAW,403.tiff/gray_bbox/tm_score/K20,tp_at_budget <= budget_delivered,True,True,True,
RAW,403.tiff/gray_bbox/tm_score/K30,precision_at_budget,0.2666666666666666,0.26666666666666666,True,
RAW,403.tiff/gray_bbox/tm_score/K30,recall_at_budget,0.1538461538461538,0.15384615384615385,True,
RAW,403.tiff/gray_bbox/tm_score/K30,budget_delivered,30,30,True,
RAW,403.tiff/gray_bbox/tm_score/K30,tp_at_budget <= budget_delivered,True,True,True,
RAW,403.tiff/gray_bbox/tm_score/K50,precision_at_budget,0.3,0.3,True,
RAW,403.tiff/gray_bbox/tm_score/K50,recall_at_budget,0.2884615384615384,0.28846153846153844,True,
RAW,403.tiff/gray_bbox/tm_score/K50,budget_delivered,50,50,True,
RAW,403.tiff/gray_bbox/tm_score/K50,tp_at_budget <= budget_delivered,True,True,True,
RAW,403.tiff/gray_bbox/chromatin_od/K10,precision_at_budget,0.5,0.5,True,
RAW,403.tiff/gray_bbox/chromatin_od/K10,recall_at_budget,0.0961538461538461,0.09615384615384616,True,
RAW,403.tiff/gray_bbox/chromatin_od/K10,budget_delivered,10,10,True,
RAW,403.tiff/gray_bbox/chromatin_od/K10,tp_at_budget <= budget_delivered,True,True,True,
RAW,403.tiff/gray_bbox/chromatin_od/K20,precision_at_budget,0.5,0.5,True,
RAW,403.tiff/gray_bbox/chromatin_od/K20,recall_at_budget,0.1923076923076923,0.19230769230769232,True,
RAW,403.tiff/gray_bbox/chromatin_od/K20,budget_delivered,20,20,True,
RAW,403.tiff/gray_bbox/chromatin_od/K20,tp_at_budget <= budget_delivered,True,True,True,
RAW,403.tiff/gray_bbox/chromatin_od/K30,precision_at_budget,0.4666666666666667,0.4666666666666667,True,
RAW,403.tiff/gray_bbox/chromatin_od/K30,recall_at_budget,0.2692307692307692,0.2692307692307692,True,
RAW,403.tiff/gray_bbox/chromatin_od/K30,budget_delivered,30,30,True,
RAW,403.tiff/gray_bbox/chromatin_od/K30,tp_at_budget <= budget_delivered,True,True,True,
RAW,403.tiff/gray_bbox/chromatin_od/K50,precision_at_budget,0.34,0.34,True,
RAW,403.tiff/gray_bbox/chromatin_od/K50,recall_at_budget,0.3269230769230769,0.3269230769230769,True,
RAW,403.tiff/gray_bbox/chromatin_od/K50,budget_delivered,50,50,True,
RAW,403.tiff/gray_bbox/chromatin_od/K50,tp_at_budget <= budget_delivered,True,True,True,
RAW,403.tiff/gray_bbox/od_contrast/K10,precision_at_budget,0.6,0.6,True,
RAW,403.tiff/gray_bbox/od_contrast/K10,recall_at_budget,0.1153846153846153,0.11538461538461539,True,
RAW,403.tiff/gray_bbox/od_contrast/K10,budget_delivered,10,10,True,
RAW,403.tiff/gray_bbox/od_contrast/K10,tp_at_budget <= budget_delivered,True,True,True,
RAW,403.tiff/gray_bbox/od_contrast/K20,precision_at_budget,0.6,0.6,True,
RAW,403.tiff/gray_bbox/od_contrast/K20,recall_at_budget,0.2307692307692307,0.23076923076923078,True,
RAW,403.tiff/gray_bbox/od_contrast/K20,budget_delivered,20,20,True,
RAW,403.tiff/gray_bbox/od_contrast/K20,tp_at_budget <= budget_delivered,True,True,True,
RAW,403.tiff/gray_bbox/od_contrast/K30,precision_at_budget,0.4666666666666667,0.4666666666666667,True,
RAW,403.tiff/gray_bbox/od_contrast/K30,recall_at_budget,0.2692307692307692,0.2692307692307692,True,
RAW,403.tiff/gray_bbox/od_contrast/K30,budget_delivered,30,30,True,
RAW,403.tiff/gray_bbox/od_contrast/K30,tp_at_budget <= budget_delivered,True,True,True,
RAW,403.tiff/gray_bbox/od_contrast/K50,precision_at_budget,0.36,0.36,True,
RAW,403.tiff/gray_bbox/od_contrast/K50,recall_at_budget,0.3461538461538461,0.34615384615384615,True,
RAW,403.tiff/gray_bbox/od_contrast/K50,budget_delivered,50,50,True,
RAW,403.tiff/gray_bbox/od_contrast/K50,tp_at_budget <= budget_delivered,True,True,True,
RAW,459.tiff/hem_bbox/tm_score/K10,precision_at_budget,0.4,0.4,True,
RAW,459.tiff/hem_bbox/tm_score/K10,recall_at_budget,0.0307692307692307,0.03076923076923077,True,
RAW,459.tiff/hem_bbox/tm_score/K10,budget_delivered,10,10,True,
RAW,459.tiff/hem_bbox/tm_score/K10,tp_at_budget <= budget_delivered,True,True,True,
RAW,459.tiff/hem_bbox/tm_score/K20,precision_at_budget,0.45,0.45,True,
RAW,459.tiff/hem_bbox/tm_score/K20,recall_at_budget,0.0692307692307692,0.06923076923076923,True,
RAW,459.tiff/hem_bbox/tm_score/K20,budget_delivered,20,20,True,
RAW,459.tiff/hem_bbox/tm_score/K20,tp_at_budget <= budget_delivered,True,True,True,
RAW,459.tiff/hem_bbox/tm_score/K30,precision_at_budget,0.5,0.5,True,
RAW,459.tiff/hem_bbox/tm_score/K30,recall_at_budget,0.1153846153846153,0.11538461538461539,True,
RAW,459.tiff/hem_bbox/tm_score/K30,budget_delivered,30,30,True,
RAW,459.tiff/hem_bbox/tm_score/K30,tp_at_budget <= budget_delivered,True,True,True,
RAW,459.tiff/hem_bbox/tm_score/K50,precision_at_budget,0.46,0.46,True,
RAW,459.tiff/hem_bbox/tm_score/K50,recall_at_budget,0.1769230769230769,0.17692307692307693,True,
RAW,459.tiff/hem_bbox/tm_score/K50,budget_delivered,50,50,True,
RAW,459.tiff/hem_bbox/tm_score/K50,tp_at_budget <= budget_delivered,True,True,True,
RAW,459.tiff/hem_bbox/chromatin_od/K10,precision_at_budget,0.9,0.9,True,
RAW,459.tiff/hem_bbox/chromatin_od/K10,recall_at_budget,0.0692307692307692,0.06923076923076923,True,
RAW,459.tiff/hem_bbox/chromatin_od/K10,budget_delivered,10,10,True,
RAW,459.tiff/hem_bbox/chromatin_od/K10,tp_at_budget <= budget_delivered,True,True,True,
RAW,459.tiff/hem_bbox/chromatin_od/K20,precision_at_budget,0.85,0.85,True,
RAW,459.tiff/hem_bbox/chromatin_od/K20,recall_at_budget,0.1307692307692307,0.13076923076923078,True,
RAW,459.tiff/hem_bbox/chromatin_od/K20,budget_delivered,20,20,True,
RAW,459.tiff/hem_bbox/chromatin_od/K20,tp_at_budget <= budget_delivered,True,True,True,
RAW,459.tiff/hem_bbox/chromatin_od/K30,precision_at_budget,0.8333333333333334,0.8333333333333334,True,
RAW,459.tiff/hem_bbox/chromatin_od/K30,recall_at_budget,0.1923076923076923,0.19230769230769232,True,
RAW,459.tiff/hem_bbox/chromatin_od/K30,budget_delivered,30,30,True,
RAW,459.tiff/hem_bbox/chromatin_od/K30,tp_at_budget <= budget_delivered,True,True,True,
RAW,459.tiff/hem_bbox/chromatin_od/K50,precision_at_budget,0.62,0.62,True,
RAW,459.tiff/hem_bbox/chromatin_od/K50,recall_at_budget,0.2384615384615384,0.23846153846153847,True,
RAW,459.tiff/hem_bbox/chromatin_od/K50,budget_delivered,50,50,True,
RAW,459.tiff/hem_bbox/chromatin_od/K50,tp_at_budget <= budget_delivered,True,True,True,
RAW,459.tiff/hem_bbox/od_contrast/K10,precision_at_budget,0.7,0.7,True,
RAW,459.tiff/hem_bbox/od_contrast/K10,recall_at_budget,0.0538461538461538,0.05384615384615385,True,
RAW,459.tiff/hem_bbox/od_contrast/K10,budget_delivered,10,10,True,
RAW,459.tiff/hem_bbox/od_contrast/K10,tp_at_budget <= budget_delivered,True,True,True,
RAW,459.tiff/hem_bbox/od_contrast/K20,precision_at_budget,0.75,0.75,True,
RAW,459.tiff/hem_bbox/od_contrast/K20,recall_at_budget,0.1153846153846153,0.11538461538461539,True,
RAW,459.tiff/hem_bbox/od_contrast/K20,budget_delivered,20,20,True,
RAW,459.tiff/hem_bbox/od_contrast/K20,tp_at_budget <= budget_delivered,True,True,True,
RAW,459.tiff/hem_bbox/od_contrast/K30,precision_at_budget,0.7,0.7,True,
RAW,459.tiff/hem_bbox/od_contrast/K30,recall_at_budget,0.1615384615384615,0.16153846153846155,True,
RAW,459.tiff/hem_bbox/od_contrast/K30,budget_delivered,30,30,True,
RAW,459.tiff/hem_bbox/od_contrast/K30,tp_at_budget <= budget_delivered,True,True,True,
RAW,459.tiff/hem_bbox/od_contrast/K50,precision_at_budget,0.62,0.62,True,
RAW,459.tiff/hem_bbox/od_contrast/K50,recall_at_budget,0.2384615384615384,0.23846153846153847,True,
RAW,459.tiff/hem_bbox/od_contrast/K50,budget_delivered,50,50,True,
RAW,459.tiff/hem_bbox/od_contrast/K50,tp_at_budget <= budget_delivered,True,True,True,
RAW,459.tiff/gray_bbox/tm_score/K10,precision_at_budget,0.6,0.6,True,
RAW,459.tiff/gray_bbox/tm_score/K10,recall_at_budget,0.0461538461538461,0.046153846153846156,True,
RAW,459.tiff/gray_bbox/tm_score/K10,budget_delivered,10,10,True,
RAW,459.tiff/gray_bbox/tm_score/K10,tp_at_budget <= budget_delivered,True,True,True,
RAW,459.tiff/gray_bbox/tm_score/K20,precision_at_budget,0.55,0.55,True,
RAW,459.tiff/gray_bbox/tm_score/K20,recall_at_budget,0.0846153846153846,0.08461538461538462,True,
RAW,459.tiff/gray_bbox/tm_score/K20,budget_delivered,20,20,True,
RAW,459.tiff/gray_bbox/tm_score/K20,tp_at_budget <= budget_delivered,True,True,True,
RAW,459.tiff/gray_bbox/tm_score/K30,precision_at_budget,0.6333333333333333,0.6333333333333333,True,
RAW,459.tiff/gray_bbox/tm_score/K30,recall_at_budget,0.1461538461538461,0.14615384615384616,True,
RAW,459.tiff/gray_bbox/tm_score/K30,budget_delivered,30,30,True,
RAW,459.tiff/gray_bbox/tm_score/K30,tp_at_budget <= budget_delivered,True,True,True,
RAW,459.tiff/gray_bbox/tm_score/K50,precision_at_budget,0.52,0.52,True,
RAW,459.tiff/gray_bbox/tm_score/K50,recall_at_budget,0.2,0.2,True,
RAW,459.tiff/gray_bbox/tm_score/K50,budget_delivered,50,50,True,
RAW,459.tiff/gray_bbox/tm_score/K50,tp_at_budget <= budget_delivered,True,True,True,
RAW,459.tiff/gray_bbox/chromatin_od/K10,precision_at_budget,0.9,0.9,True,
RAW,459.tiff/gray_bbox/chromatin_od/K10,recall_at_budget,0.0692307692307692,0.06923076923076923,True,
RAW,459.tiff/gray_bbox/chromatin_od/K10,budget_delivered,10,10,True,
RAW,459.tiff/gray_bbox/chromatin_od/K10,tp_at_budget <= budget_delivered,True,True,True,
RAW,459.tiff/gray_bbox/chromatin_od/K20,precision_at_budget,0.85,0.85,True,
RAW,459.tiff/gray_bbox/chromatin_od/K20,recall_at_budget,0.1307692307692307,0.13076923076923078,True,
RAW,459.tiff/gray_bbox/chromatin_od/K20,budget_delivered,20,20,True,
RAW,459.tiff/gray_bbox/chromatin_od/K20,tp_at_budget <= budget_delivered,True,True,True,
RAW,459.tiff/gray_bbox/chromatin_od/K30,precision_at_budget,0.8333333333333334,0.8333333333333334,True,
RAW,459.tiff/gray_bbox/chromatin_od/K30,recall_at_budget,0.1923076923076923,0.19230769230769232,True,
RAW,459.tiff/gray_bbox/chromatin_od/K30,budget_delivered,30,30,True,
RAW,459.tiff/gray_bbox/chromatin_od/K30,tp_at_budget <= budget_delivered,True,True,True,
RAW,459.tiff/gray_bbox/chromatin_od/K50,precision_at_budget,0.7,0.7,True,
RAW,459.tiff/gray_bbox/chromatin_od/K50,recall_at_budget,0.2692307692307692,0.2692307692307692,True,
RAW,459.tiff/gray_bbox/chromatin_od/K50,budget_delivered,50,50,True,
RAW,459.tiff/gray_bbox/chromatin_od/K50,tp_at_budget <= budget_delivered,True,True,True,
RAW,459.tiff/gray_bbox/od_contrast/K10,precision_at_budget,0.7,0.7,True,
RAW,459.tiff/gray_bbox/od_contrast/K10,recall_at_budget,0.0538461538461538,0.05384615384615385,True,
RAW,459.tiff/gray_bbox/od_contrast/K10,budget_delivered,10,10,True,
RAW,459.tiff/gray_bbox/od_contrast/K10,tp_at_budget <= budget_delivered,True,True,True,
RAW,459.tiff/gray_bbox/od_contrast/K20,precision_at_budget,0.75,0.75,True,
RAW,459.tiff/gray_bbox/od_contrast/K20,recall_at_budget,0.1153846153846153,0.11538461538461539,True,
RAW,459.tiff/gray_bbox/od_contrast/K20,budget_delivered,20,20,True,
RAW,459.tiff/gray_bbox/od_contrast/K20,tp_at_budget <= budget_delivered,True,True,True,
RAW,459.tiff/gray_bbox/od_contrast/K30,precision_at_budget,0.6666666666666666,0.6666666666666666,True,
RAW,459.tiff/gray_bbox/od_contrast/K30,recall_at_budget,0.1538461538461538,0.15384615384615385,True,
RAW,459.tiff/gray_bbox/od_contrast/K30,budget_delivered,30,30,True,
RAW,459.tiff/gray_bbox/od_contrast/K30,tp_at_budget <= budget_delivered,True,True,True,
RAW,459.tiff/gray_bbox/od_contrast/K50,precision_at_budget,0.68,0.68,True,
RAW,459.tiff/gray_bbox/od_contrast/K50,recall_at_budget,0.2615384615384615,0.26153846153846155,True,
RAW,459.tiff/gray_bbox/od_contrast/K50,budget_delivered,50,50,True,
RAW,459.tiff/gray_bbox/od_contrast/K50,tp_at_budget <= budget_delivered,True,True,True,
RAW,460.tiff/hem_bbox/tm_score/K10,precision_at_budget,0.7,0.7,True,
RAW,460.tiff/hem_bbox/tm_score/K10,recall_at_budget,0.2,0.2,True,
RAW,460.tiff/hem_bbox/tm_score/K10,budget_delivered,10,10,True,
RAW,460.tiff/hem_bbox/tm_score/K10,tp_at_budget <= budget_delivered,True,True,True,
RAW,460.tiff/hem_bbox/tm_score/K20,precision_at_budget,0.45,0.45,True,
RAW,460.tiff/hem_bbox/tm_score/K20,recall_at_budget,0.2571428571428571,0.2571428571428571,True,
RAW,460.tiff/hem_bbox/tm_score/K20,budget_delivered,20,20,True,
RAW,460.tiff/hem_bbox/tm_score/K20,tp_at_budget <= budget_delivered,True,True,True,
RAW,460.tiff/hem_bbox/tm_score/K30,precision_at_budget,0.3666666666666666,0.36666666666666664,True,
RAW,460.tiff/hem_bbox/tm_score/K30,recall_at_budget,0.3142857142857143,0.3142857142857143,True,
RAW,460.tiff/hem_bbox/tm_score/K30,budget_delivered,30,30,True,
RAW,460.tiff/hem_bbox/tm_score/K30,tp_at_budget <= budget_delivered,True,True,True,
RAW,460.tiff/hem_bbox/tm_score/K50,precision_at_budget,0.26,0.26,True,
RAW,460.tiff/hem_bbox/tm_score/K50,recall_at_budget,0.3714285714285714,0.37142857142857144,True,
RAW,460.tiff/hem_bbox/tm_score/K50,budget_delivered,50,50,True,
RAW,460.tiff/hem_bbox/tm_score/K50,tp_at_budget <= budget_delivered,True,True,True,
RAW,460.tiff/hem_bbox/chromatin_od/K10,precision_at_budget,0.7,0.7,True,
RAW,460.tiff/hem_bbox/chromatin_od/K10,recall_at_budget,0.2,0.2,True,
RAW,460.tiff/hem_bbox/chromatin_od/K10,budget_delivered,10,10,True,
RAW,460.tiff/hem_bbox/chromatin_od/K10,tp_at_budget <= budget_delivered,True,True,True,
RAW,460.tiff/hem_bbox/chromatin_od/K20,precision_at_budget,0.7,0.7,True,
RAW,460.tiff/hem_bbox/chromatin_od/K20,recall_at_budget,0.4,0.4,True,
RAW,460.tiff/hem_bbox/chromatin_od/K20,budget_delivered,20,20,True,
RAW,460.tiff/hem_bbox/chromatin_od/K20,tp_at_budget <= budget_delivered,True,True,True,
RAW,460.tiff/hem_bbox/chromatin_od/K30,precision_at_budget,0.5,0.5,True,
RAW,460.tiff/hem_bbox/chromatin_od/K30,recall_at_budget,0.4285714285714285,0.42857142857142855,True,
RAW,460.tiff/hem_bbox/chromatin_od/K30,budget_delivered,30,30,True,
RAW,460.tiff/hem_bbox/chromatin_od/K30,tp_at_budget <= budget_delivered,True,True,True,
RAW,460.tiff/hem_bbox/chromatin_od/K50,precision_at_budget,0.32,0.32,True,
RAW,460.tiff/hem_bbox/chromatin_od/K50,recall_at_budget,0.4571428571428571,0.45714285714285713,True,
RAW,460.tiff/hem_bbox/chromatin_od/K50,budget_delivered,50,50,True,
RAW,460.tiff/hem_bbox/chromatin_od/K50,tp_at_budget <= budget_delivered,True,True,True,
RAW,460.tiff/hem_bbox/od_contrast/K10,precision_at_budget,0.8,0.8,True,
RAW,460.tiff/hem_bbox/od_contrast/K10,recall_at_budget,0.2285714285714285,0.22857142857142856,True,
RAW,460.tiff/hem_bbox/od_contrast/K10,budget_delivered,10,10,True,
RAW,460.tiff/hem_bbox/od_contrast/K10,tp_at_budget <= budget_delivered,True,True,True,
RAW,460.tiff/hem_bbox/od_contrast/K20,precision_at_budget,0.55,0.55,True,
RAW,460.tiff/hem_bbox/od_contrast/K20,recall_at_budget,0.3142857142857143,0.3142857142857143,True,
RAW,460.tiff/hem_bbox/od_contrast/K20,budget_delivered,20,20,True,
RAW,460.tiff/hem_bbox/od_contrast/K20,tp_at_budget <= budget_delivered,True,True,True,
RAW,460.tiff/hem_bbox/od_contrast/K30,precision_at_budget,0.4666666666666667,0.4666666666666667,True,
RAW,460.tiff/hem_bbox/od_contrast/K30,recall_at_budget,0.4,0.4,True,
RAW,460.tiff/hem_bbox/od_contrast/K30,budget_delivered,30,30,True,
RAW,460.tiff/hem_bbox/od_contrast/K30,tp_at_budget <= budget_delivered,True,True,True,
RAW,460.tiff/hem_bbox/od_contrast/K50,precision_at_budget,0.32,0.32,True,
RAW,460.tiff/hem_bbox/od_contrast/K50,recall_at_budget,0.4571428571428571,0.45714285714285713,True,
RAW,460.tiff/hem_bbox/od_contrast/K50,budget_delivered,50,50,True,
RAW,460.tiff/hem_bbox/od_contrast/K50,tp_at_budget <= budget_delivered,True,True,True,
RAW,460.tiff/gray_bbox/tm_score/K10,precision_at_budget,0.7,0.7,True,
RAW,460.tiff/gray_bbox/tm_score/K10,recall_at_budget,0.2,0.2,True,
RAW,460.tiff/gray_bbox/tm_score/K10,budget_delivered,10,10,True,
RAW,460.tiff/gray_bbox/tm_score/K10,tp_at_budget <= budget_delivered,True,True,True,
RAW,460.tiff/gray_bbox/tm_score/K20,precision_at_budget,0.5,0.5,True,
RAW,460.tiff/gray_bbox/tm_score/K20,recall_at_budget,0.2857142857142857,0.2857142857142857,True,
RAW,460.tiff/gray_bbox/tm_score/K20,budget_delivered,20,20,True,
RAW,460.tiff/gray_bbox/tm_score/K20,tp_at_budget <= budget_delivered,True,True,True,
RAW,460.tiff/gray_bbox/tm_score/K30,precision_at_budget,0.4,0.4,True,
RAW,460.tiff/gray_bbox/tm_score/K30,recall_at_budget,0.3428571428571428,0.34285714285714286,True,
RAW,460.tiff/gray_bbox/tm_score/K30,budget_delivered,30,30,True,
RAW,460.tiff/gray_bbox/tm_score/K30,tp_at_budget <= budget_delivered,True,True,True,
RAW,460.tiff/gray_bbox/tm_score/K50,precision_at_budget,0.3,0.3,True,
RAW,460.tiff/gray_bbox/tm_score/K50,recall_at_budget,0.4285714285714285,0.42857142857142855,True,
RAW,460.tiff/gray_bbox/tm_score/K50,budget_delivered,50,50,True,
RAW,460.tiff/gray_bbox/tm_score/K50,tp_at_budget <= budget_delivered,True,True,True,
RAW,460.tiff/gray_bbox/chromatin_od/K10,precision_at_budget,0.7,0.7,True,
RAW,460.tiff/gray_bbox/chromatin_od/K10,recall_at_budget,0.2,0.2,True,
RAW,460.tiff/gray_bbox/chromatin_od/K10,budget_delivered,10,10,True,
RAW,460.tiff/gray_bbox/chromatin_od/K10,tp_at_budget <= budget_delivered,True,True,True,
RAW,460.tiff/gray_bbox/chromatin_od/K20,precision_at_budget,0.8,0.8,True,
RAW,460.tiff/gray_bbox/chromatin_od/K20,recall_at_budget,0.4571428571428571,0.45714285714285713,True,
RAW,460.tiff/gray_bbox/chromatin_od/K20,budget_delivered,20,20,True,
RAW,460.tiff/gray_bbox/chromatin_od/K20,tp_at_budget <= budget_delivered,True,True,True,
RAW,460.tiff/gray_bbox/chromatin_od/K30,precision_at_budget,0.5666666666666667,0.5666666666666667,True,
RAW,460.tiff/gray_bbox/chromatin_od/K30,recall_at_budget,0.4857142857142857,0.4857142857142857,True,
RAW,460.tiff/gray_bbox/chromatin_od/K30,budget_delivered,30,30,True,
RAW,460.tiff/gray_bbox/chromatin_od/K30,tp_at_budget <= budget_delivered,True,True,True,
RAW,460.tiff/gray_bbox/chromatin_od/K50,precision_at_budget,0.4,0.4,True,
RAW,460.tiff/gray_bbox/chromatin_od/K50,recall_at_budget,0.5714285714285714,0.5714285714285714,True,
RAW,460.tiff/gray_bbox/chromatin_od/K50,budget_delivered,50,50,True,
RAW,460.tiff/gray_bbox/chromatin_od/K50,tp_at_budget <= budget_delivered,True,True,True,
RAW,460.tiff/gray_bbox/od_contrast/K10,precision_at_budget,1.0,1.0,True,
RAW,460.tiff/gray_bbox/od_contrast/K10,recall_at_budget,0.2857142857142857,0.2857142857142857,True,
RAW,460.tiff/gray_bbox/od_contrast/K10,budget_delivered,10,10,True,
RAW,460.tiff/gray_bbox/od_contrast/K10,tp_at_budget <= budget_delivered,True,True,True,
RAW,460.tiff/gray_bbox/od_contrast/K20,precision_at_budget,0.65,0.65,True,
RAW,460.tiff/gray_bbox/od_contrast/K20,recall_at_budget,0.3714285714285714,0.37142857142857144,True,
RAW,460.tiff/gray_bbox/od_contrast/K20,budget_delivered,20,20,True,
RAW,460.tiff/gray_bbox/od_contrast/K20,tp_at_budget <= budget_delivered,True,True,True,
RAW,460.tiff/gray_bbox/od_contrast/K30,precision_at_budget,0.5666666666666667,0.5666666666666667,True,
RAW,460.tiff/gray_bbox/od_contrast/K30,recall_at_budget,0.4857142857142857,0.4857142857142857,True,
RAW,460.tiff/gray_bbox/od_contrast/K30,budget_delivered,30,30,True,
RAW,460.tiff/gray_bbox/od_contrast/K30,tp_at_budget <= budget_delivered,True,True,True,
RAW,460.tiff/gray_bbox/od_contrast/K50,precision_at_budget,0.38,0.38,True,
RAW,460.tiff/gray_bbox/od_contrast/K50,recall_at_budget,0.5428571428571428,0.5428571428571428,True,
RAW,460.tiff/gray_bbox/od_contrast/K50,budget_delivered,50,50,True,
RAW,460.tiff/gray_bbox/od_contrast/K50,tp_at_budget <= budget_delivered,True,True,True,
RAW,529.tiff/hem_bbox/tm_score/K10,precision_at_budget,0.2,0.2,True,
RAW,529.tiff/hem_bbox/tm_score/K10,recall_at_budget,0.1052631578947368,0.10526315789473684,True,
RAW,529.tiff/hem_bbox/tm_score/K10,budget_delivered,10,10,True,
RAW,529.tiff/hem_bbox/tm_score/K10,tp_at_budget <= budget_delivered,True,True,True,
RAW,529.tiff/hem_bbox/tm_score/K20,precision_at_budget,0.2,0.2,True,
RAW,529.tiff/hem_bbox/tm_score/K20,recall_at_budget,0.2105263157894736,0.21052631578947367,True,
RAW,529.tiff/hem_bbox/tm_score/K20,budget_delivered,20,20,True,
RAW,529.tiff/hem_bbox/tm_score/K20,tp_at_budget <= budget_delivered,True,True,True,
RAW,529.tiff/hem_bbox/tm_score/K30,precision_at_budget,0.1666666666666666,0.16666666666666666,True,
RAW,529.tiff/hem_bbox/tm_score/K30,recall_at_budget,0.2631578947368421,0.2631578947368421,True,
RAW,529.tiff/hem_bbox/tm_score/K30,budget_delivered,30,30,True,
RAW,529.tiff/hem_bbox/tm_score/K30,tp_at_budget <= budget_delivered,True,True,True,
RAW,529.tiff/hem_bbox/tm_score/K50,precision_at_budget,0.12,0.12,True,
RAW,529.tiff/hem_bbox/tm_score/K50,recall_at_budget,0.3157894736842105,0.3157894736842105,True,
RAW,529.tiff/hem_bbox/tm_score/K50,budget_delivered,50,50,True,
RAW,529.tiff/hem_bbox/tm_score/K50,tp_at_budget <= budget_delivered,True,True,True,
RAW,529.tiff/hem_bbox/chromatin_od/K10,precision_at_budget,0.6,0.6,True,
RAW,529.tiff/hem_bbox/chromatin_od/K10,recall_at_budget,0.3157894736842105,0.3157894736842105,True,
RAW,529.tiff/hem_bbox/chromatin_od/K10,budget_delivered,10,10,True,
RAW,529.tiff/hem_bbox/chromatin_od/K10,tp_at_budget <= budget_delivered,True,True,True,
RAW,529.tiff/hem_bbox/chromatin_od/K20,precision_at_budget,0.4,0.4,True,
RAW,529.tiff/hem_bbox/chromatin_od/K20,recall_at_budget,0.4210526315789473,0.42105263157894735,True,
RAW,529.tiff/hem_bbox/chromatin_od/K20,budget_delivered,20,20,True,
RAW,529.tiff/hem_bbox/chromatin_od/K20,tp_at_budget <= budget_delivered,True,True,True,
RAW,529.tiff/hem_bbox/chromatin_od/K30,precision_at_budget,0.2666666666666666,0.26666666666666666,True,
RAW,529.tiff/hem_bbox/chromatin_od/K30,recall_at_budget,0.4210526315789473,0.42105263157894735,True,
RAW,529.tiff/hem_bbox/chromatin_od/K30,budget_delivered,30,30,True,
RAW,529.tiff/hem_bbox/chromatin_od/K30,tp_at_budget <= budget_delivered,True,True,True,
RAW,529.tiff/hem_bbox/chromatin_od/K50,precision_at_budget,0.16,0.16,True,
RAW,529.tiff/hem_bbox/chromatin_od/K50,recall_at_budget,0.4210526315789473,0.42105263157894735,True,
RAW,529.tiff/hem_bbox/chromatin_od/K50,budget_delivered,50,50,True,
RAW,529.tiff/hem_bbox/chromatin_od/K50,tp_at_budget <= budget_delivered,True,True,True,
RAW,529.tiff/hem_bbox/od_contrast/K10,precision_at_budget,0.6,0.6,True,
RAW,529.tiff/hem_bbox/od_contrast/K10,recall_at_budget,0.3157894736842105,0.3157894736842105,True,
RAW,529.tiff/hem_bbox/od_contrast/K10,budget_delivered,10,10,True,
RAW,529.tiff/hem_bbox/od_contrast/K10,tp_at_budget <= budget_delivered,True,True,True,
RAW,529.tiff/hem_bbox/od_contrast/K20,precision_at_budget,0.4,0.4,True,
RAW,529.tiff/hem_bbox/od_contrast/K20,recall_at_budget,0.4210526315789473,0.42105263157894735,True,
RAW,529.tiff/hem_bbox/od_contrast/K20,budget_delivered,20,20,True,
RAW,529.tiff/hem_bbox/od_contrast/K20,tp_at_budget <= budget_delivered,True,True,True,
RAW,529.tiff/hem_bbox/od_contrast/K30,precision_at_budget,0.2666666666666666,0.26666666666666666,True,
RAW,529.tiff/hem_bbox/od_contrast/K30,recall_at_budget,0.4210526315789473,0.42105263157894735,True,
RAW,529.tiff/hem_bbox/od_contrast/K30,budget_delivered,30,30,True,
RAW,529.tiff/hem_bbox/od_contrast/K30,tp_at_budget <= budget_delivered,True,True,True,
RAW,529.tiff/hem_bbox/od_contrast/K50,precision_at_budget,0.16,0.16,True,
RAW,529.tiff/hem_bbox/od_contrast/K50,recall_at_budget,0.4210526315789473,0.42105263157894735,True,
RAW,529.tiff/hem_bbox/od_contrast/K50,budget_delivered,50,50,True,
RAW,529.tiff/hem_bbox/od_contrast/K50,tp_at_budget <= budget_delivered,True,True,True,
RAW,529.tiff/gray_bbox/tm_score/K10,precision_at_budget,0.3,0.3,True,
RAW,529.tiff/gray_bbox/tm_score/K10,recall_at_budget,0.1578947368421052,0.15789473684210525,True,
RAW,529.tiff/gray_bbox/tm_score/K10,budget_delivered,10,10,True,
RAW,529.tiff/gray_bbox/tm_score/K10,tp_at_budget <= budget_delivered,True,True,True,
RAW,529.tiff/gray_bbox/tm_score/K20,precision_at_budget,0.2,0.2,True,
RAW,529.tiff/gray_bbox/tm_score/K20,recall_at_budget,0.2105263157894736,0.21052631578947367,True,
RAW,529.tiff/gray_bbox/tm_score/K20,budget_delivered,20,20,True,
RAW,529.tiff/gray_bbox/tm_score/K20,tp_at_budget <= budget_delivered,True,True,True,
RAW,529.tiff/gray_bbox/tm_score/K30,precision_at_budget,0.1333333333333333,0.13333333333333333,True,
RAW,529.tiff/gray_bbox/tm_score/K30,recall_at_budget,0.2105263157894736,0.21052631578947367,True,
RAW,529.tiff/gray_bbox/tm_score/K30,budget_delivered,30,30,True,
RAW,529.tiff/gray_bbox/tm_score/K30,tp_at_budget <= budget_delivered,True,True,True,
RAW,529.tiff/gray_bbox/tm_score/K50,precision_at_budget,0.12,0.12,True,
RAW,529.tiff/gray_bbox/tm_score/K50,recall_at_budget,0.3157894736842105,0.3157894736842105,True,
RAW,529.tiff/gray_bbox/tm_score/K50,budget_delivered,50,50,True,
RAW,529.tiff/gray_bbox/tm_score/K50,tp_at_budget <= budget_delivered,True,True,True,
RAW,529.tiff/gray_bbox/chromatin_od/K10,precision_at_budget,0.6,0.6,True,
RAW,529.tiff/gray_bbox/chromatin_od/K10,recall_at_budget,0.3157894736842105,0.3157894736842105,True,
RAW,529.tiff/gray_bbox/chromatin_od/K10,budget_delivered,10,10,True,
RAW,529.tiff/gray_bbox/chromatin_od/K10,tp_at_budget <= budget_delivered,True,True,True,
RAW,529.tiff/gray_bbox/chromatin_od/K20,precision_at_budget,0.35,0.35,True,
RAW,529.tiff/gray_bbox/chromatin_od/K20,recall_at_budget,0.3684210526315789,0.3684210526315789,True,
RAW,529.tiff/gray_bbox/chromatin_od/K20,budget_delivered,20,20,True,
RAW,529.tiff/gray_bbox/chromatin_od/K20,tp_at_budget <= budget_delivered,True,True,True,
RAW,529.tiff/gray_bbox/chromatin_od/K30,precision_at_budget,0.2333333333333333,0.23333333333333334,True,
RAW,529.tiff/gray_bbox/chromatin_od/K30,recall_at_budget,0.3684210526315789,0.3684210526315789,True,
RAW,529.tiff/gray_bbox/chromatin_od/K30,budget_delivered,30,30,True,
RAW,529.tiff/gray_bbox/chromatin_od/K30,tp_at_budget <= budget_delivered,True,True,True,
RAW,529.tiff/gray_bbox/chromatin_od/K50,precision_at_budget,0.14,0.14,True,
RAW,529.tiff/gray_bbox/chromatin_od/K50,recall_at_budget,0.3684210526315789,0.3684210526315789,True,
RAW,529.tiff/gray_bbox/chromatin_od/K50,budget_delivered,50,50,True,
RAW,529.tiff/gray_bbox/chromatin_od/K50,tp_at_budget <= budget_delivered,True,True,True,
RAW,529.tiff/gray_bbox/od_contrast/K10,precision_at_budget,0.6,0.6,True,
RAW,529.tiff/gray_bbox/od_contrast/K10,recall_at_budget,0.3157894736842105,0.3157894736842105,True,
RAW,529.tiff/gray_bbox/od_contrast/K10,budget_delivered,10,10,True,
RAW,529.tiff/gray_bbox/od_contrast/K10,tp_at_budget <= budget_delivered,True,True,True,
RAW,529.tiff/gray_bbox/od_contrast/K20,precision_at_budget,0.35,0.35,True,
RAW,529.tiff/gray_bbox/od_contrast/K20,recall_at_budget,0.3684210526315789,0.3684210526315789,True,
RAW,529.tiff/gray_bbox/od_contrast/K20,budget_delivered,20,20,True,
RAW,529.tiff/gray_bbox/od_contrast/K20,tp_at_budget <= budget_delivered,True,True,True,
RAW,529.tiff/gray_bbox/od_contrast/K30,precision_at_budget,0.2333333333333333,0.23333333333333334,True,
RAW,529.tiff/gray_bbox/od_contrast/K30,recall_at_budget,0.3684210526315789,0.3684210526315789,True,
RAW,529.tiff/gray_bbox/od_contrast/K30,budget_delivered,30,30,True,
RAW,529.tiff/gray_bbox/od_contrast/K30,tp_at_budget <= budget_delivered,True,True,True,
RAW,529.tiff/gray_bbox/od_contrast/K50,precision_at_budget,0.14,0.14,True,
RAW,529.tiff/gray_bbox/od_contrast/K50,recall_at_budget,0.3684210526315789,0.3684210526315789,True,
RAW,529.tiff/gray_bbox/od_contrast/K50,budget_delivered,50,50,True,
RAW,529.tiff/gray_bbox/od_contrast/K50,tp_at_budget <= budget_delivered,True,True,True,
RAW,548.tiff/hem_bbox/tm_score/K10,precision_at_budget,0.4,0.4,True,
RAW,548.tiff/hem_bbox/tm_score/K10,recall_at_budget,0.0168067226890756,0.01680672268907563,True,
RAW,548.tiff/hem_bbox/tm_score/K10,budget_delivered,10,10,True,
RAW,548.tiff/hem_bbox/tm_score/K10,tp_at_budget <= budget_delivered,True,True,True,
RAW,548.tiff/hem_bbox/tm_score/K20,precision_at_budget,0.45,0.45,True,
RAW,548.tiff/hem_bbox/tm_score/K20,recall_at_budget,0.0378151260504201,0.037815126050420166,True,
RAW,548.tiff/hem_bbox/tm_score/K20,budget_delivered,20,20,True,
RAW,548.tiff/hem_bbox/tm_score/K20,tp_at_budget <= budget_delivered,True,True,True,
RAW,548.tiff/hem_bbox/tm_score/K30,precision_at_budget,0.5,0.5,True,
RAW,548.tiff/hem_bbox/tm_score/K30,recall_at_budget,0.0630252100840336,0.06302521008403361,True,
RAW,548.tiff/hem_bbox/tm_score/K30,budget_delivered,30,30,True,
RAW,548.tiff/hem_bbox/tm_score/K30,tp_at_budget <= budget_delivered,True,True,True,
RAW,548.tiff/hem_bbox/tm_score/K50,precision_at_budget,0.6,0.6,True,
RAW,548.tiff/hem_bbox/tm_score/K50,recall_at_budget,0.1260504201680672,0.12605042016806722,True,
RAW,548.tiff/hem_bbox/tm_score/K50,budget_delivered,50,50,True,
RAW,548.tiff/hem_bbox/tm_score/K50,tp_at_budget <= budget_delivered,True,True,True,
RAW,548.tiff/hem_bbox/chromatin_od/K10,precision_at_budget,0.8,0.8,True,
RAW,548.tiff/hem_bbox/chromatin_od/K10,recall_at_budget,0.0336134453781512,0.03361344537815126,True,
RAW,548.tiff/hem_bbox/chromatin_od/K10,budget_delivered,10,10,True,
RAW,548.tiff/hem_bbox/chromatin_od/K10,tp_at_budget <= budget_delivered,True,True,True,
RAW,548.tiff/hem_bbox/chromatin_od/K20,precision_at_budget,0.65,0.65,True,
RAW,548.tiff/hem_bbox/chromatin_od/K20,recall_at_budget,0.0546218487394958,0.0546218487394958,True,
RAW,548.tiff/hem_bbox/chromatin_od/K20,budget_delivered,20,20,True,
RAW,548.tiff/hem_bbox/chromatin_od/K20,tp_at_budget <= budget_delivered,True,True,True,
RAW,548.tiff/hem_bbox/chromatin_od/K30,precision_at_budget,0.7,0.7,True,
RAW,548.tiff/hem_bbox/chromatin_od/K30,recall_at_budget,0.088235294117647,0.08823529411764706,True,
RAW,548.tiff/hem_bbox/chromatin_od/K30,budget_delivered,30,30,True,
RAW,548.tiff/hem_bbox/chromatin_od/K30,tp_at_budget <= budget_delivered,True,True,True,
RAW,548.tiff/hem_bbox/chromatin_od/K50,precision_at_budget,0.7,0.7,True,
RAW,548.tiff/hem_bbox/chromatin_od/K50,recall_at_budget,0.1470588235294117,0.14705882352941177,True,
RAW,548.tiff/hem_bbox/chromatin_od/K50,budget_delivered,50,50,True,
RAW,548.tiff/hem_bbox/chromatin_od/K50,tp_at_budget <= budget_delivered,True,True,True,
RAW,548.tiff/hem_bbox/od_contrast/K10,precision_at_budget,0.9,0.9,True,
RAW,548.tiff/hem_bbox/od_contrast/K10,recall_at_budget,0.0378151260504201,0.037815126050420166,True,
RAW,548.tiff/hem_bbox/od_contrast/K10,budget_delivered,10,10,True,
RAW,548.tiff/hem_bbox/od_contrast/K10,tp_at_budget <= budget_delivered,True,True,True,
RAW,548.tiff/hem_bbox/od_contrast/K20,precision_at_budget,0.8,0.8,True,
RAW,548.tiff/hem_bbox/od_contrast/K20,recall_at_budget,0.0672268907563025,0.06722689075630252,True,
RAW,548.tiff/hem_bbox/od_contrast/K20,budget_delivered,20,20,True,
RAW,548.tiff/hem_bbox/od_contrast/K20,tp_at_budget <= budget_delivered,True,True,True,
RAW,548.tiff/hem_bbox/od_contrast/K30,precision_at_budget,0.8,0.8,True,
RAW,548.tiff/hem_bbox/od_contrast/K30,recall_at_budget,0.1008403361344537,0.10084033613445378,True,
RAW,548.tiff/hem_bbox/od_contrast/K30,budget_delivered,30,30,True,
RAW,548.tiff/hem_bbox/od_contrast/K30,tp_at_budget <= budget_delivered,True,True,True,
RAW,548.tiff/hem_bbox/od_contrast/K50,precision_at_budget,0.7,0.7,True,
RAW,548.tiff/hem_bbox/od_contrast/K50,recall_at_budget,0.1470588235294117,0.14705882352941177,True,
RAW,548.tiff/hem_bbox/od_contrast/K50,budget_delivered,50,50,True,
RAW,548.tiff/hem_bbox/od_contrast/K50,tp_at_budget <= budget_delivered,True,True,True,
RAW,548.tiff/gray_bbox/tm_score/K10,precision_at_budget,0.5,0.5,True,
RAW,548.tiff/gray_bbox/tm_score/K10,recall_at_budget,0.0210084033613445,0.02100840336134454,True,
RAW,548.tiff/gray_bbox/tm_score/K10,budget_delivered,10,10,True,
RAW,548.tiff/gray_bbox/tm_score/K10,tp_at_budget <= budget_delivered,True,True,True,
RAW,548.tiff/gray_bbox/tm_score/K20,precision_at_budget,0.5,0.5,True,
RAW,548.tiff/gray_bbox/tm_score/K20,recall_at_budget,0.042016806722689,0.04201680672268908,True,
RAW,548.tiff/gray_bbox/tm_score/K20,budget_delivered,20,20,True,
RAW,548.tiff/gray_bbox/tm_score/K20,tp_at_budget <= budget_delivered,True,True,True,
RAW,548.tiff/gray_bbox/tm_score/K30,precision_at_budget,0.5333333333333333,0.5333333333333333,True,
RAW,548.tiff/gray_bbox/tm_score/K30,recall_at_budget,0.0672268907563025,0.06722689075630252,True,
RAW,548.tiff/gray_bbox/tm_score/K30,budget_delivered,30,30,True,
RAW,548.tiff/gray_bbox/tm_score/K30,tp_at_budget <= budget_delivered,True,True,True,
RAW,548.tiff/gray_bbox/tm_score/K50,precision_at_budget,0.56,0.56,True,
RAW,548.tiff/gray_bbox/tm_score/K50,recall_at_budget,0.1176470588235294,0.11764705882352941,True,
RAW,548.tiff/gray_bbox/tm_score/K50,budget_delivered,50,50,True,
RAW,548.tiff/gray_bbox/tm_score/K50,tp_at_budget <= budget_delivered,True,True,True,
RAW,548.tiff/gray_bbox/chromatin_od/K10,precision_at_budget,0.8,0.8,True,
RAW,548.tiff/gray_bbox/chromatin_od/K10,recall_at_budget,0.0336134453781512,0.03361344537815126,True,
RAW,548.tiff/gray_bbox/chromatin_od/K10,budget_delivered,10,10,True,
RAW,548.tiff/gray_bbox/chromatin_od/K10,tp_at_budget <= budget_delivered,True,True,True,
RAW,548.tiff/gray_bbox/chromatin_od/K20,precision_at_budget,0.65,0.65,True,
RAW,548.tiff/gray_bbox/chromatin_od/K20,recall_at_budget,0.0546218487394958,0.0546218487394958,True,
RAW,548.tiff/gray_bbox/chromatin_od/K20,budget_delivered,20,20,True,
RAW,548.tiff/gray_bbox/chromatin_od/K20,tp_at_budget <= budget_delivered,True,True,True,
RAW,548.tiff/gray_bbox/chromatin_od/K30,precision_at_budget,0.7,0.7,True,
RAW,548.tiff/gray_bbox/chromatin_od/K30,recall_at_budget,0.088235294117647,0.08823529411764706,True,
RAW,548.tiff/gray_bbox/chromatin_od/K30,budget_delivered,30,30,True,
RAW,548.tiff/gray_bbox/chromatin_od/K30,tp_at_budget <= budget_delivered,True,True,True,
RAW,548.tiff/gray_bbox/chromatin_od/K50,precision_at_budget,0.72,0.72,True,
RAW,548.tiff/gray_bbox/chromatin_od/K50,recall_at_budget,0.1512605042016806,0.15126050420168066,True,
RAW,548.tiff/gray_bbox/chromatin_od/K50,budget_delivered,50,50,True,
RAW,548.tiff/gray_bbox/chromatin_od/K50,tp_at_budget <= budget_delivered,True,True,True,
RAW,548.tiff/gray_bbox/od_contrast/K10,precision_at_budget,0.8,0.8,True,
RAW,548.tiff/gray_bbox/od_contrast/K10,recall_at_budget,0.0336134453781512,0.03361344537815126,True,
RAW,548.tiff/gray_bbox/od_contrast/K10,budget_delivered,10,10,True,
RAW,548.tiff/gray_bbox/od_contrast/K10,tp_at_budget <= budget_delivered,True,True,True,
RAW,548.tiff/gray_bbox/od_contrast/K20,precision_at_budget,0.75,0.75,True,
RAW,548.tiff/gray_bbox/od_contrast/K20,recall_at_budget,0.0630252100840336,0.06302521008403361,True,
RAW,548.tiff/gray_bbox/od_contrast/K20,budget_delivered,20,20,True,
RAW,548.tiff/gray_bbox/od_contrast/K20,tp_at_budget <= budget_delivered,True,True,True,
RAW,548.tiff/gray_bbox/od_contrast/K30,precision_at_budget,0.8,0.8,True,
RAW,548.tiff/gray_bbox/od_contrast/K30,recall_at_budget,0.1008403361344537,0.10084033613445378,True,
RAW,548.tiff/gray_bbox/od_contrast/K30,budget_delivered,30,30,True,
RAW,548.tiff/gray_bbox/od_contrast/K30,tp_at_budget <= budget_delivered,True,True,True,
RAW,548.tiff/gray_bbox/od_contrast/K50,precision_at_budget,0.7,0.7,True,
RAW,548.tiff/gray_bbox/od_contrast/K50,recall_at_budget,0.1470588235294117,0.14705882352941177,True,
RAW,548.tiff/gray_bbox/od_contrast/K50,budget_delivered,50,50,True,
RAW,548.tiff/gray_bbox/od_contrast/K50,tp_at_budget <= budget_delivered,True,True,True,
TABLE_A,"('300.tiff', 'hem_bbox', 'tm_score')",n_gt_mitotic,180,180,True,
TABLE_A,"('300.tiff', 'hem_bbox', 'tm_score')",n_detections,99,99,True,
TABLE_A,"('300.tiff', 'hem_bbox', 'tm_score')",budget_delivered_10,10,10,True,
TABLE_A,"('300.tiff', 'hem_bbox', 'tm_score')",tp_at_10,10,10,True,
TABLE_A,"('300.tiff', 'hem_bbox', 'tm_score')",precision_at_10,1.0,1.0,True,
TABLE_A,"('300.tiff', 'hem_bbox', 'tm_score')",budget_delivered_20,20,20,True,
TABLE_A,"('300.tiff', 'hem_bbox', 'tm_score')",tp_at_20,16,16,True,
TABLE_A,"('300.tiff', 'hem_bbox', 'tm_score')",precision_at_20,0.8,0.8,True,
TABLE_A,"('300.tiff', 'hem_bbox', 'tm_score')",budget_delivered_30,30,30,True,
TABLE_A,"('300.tiff', 'hem_bbox', 'tm_score')",tp_at_30,23,23,True,
TABLE_A,"('300.tiff', 'hem_bbox', 'tm_score')",precision_at_30,0.7667,0.7667,True,
TABLE_A,"('300.tiff', 'hem_bbox', 'tm_score')",budget_delivered_50,50,50,True,
TABLE_A,"('300.tiff', 'hem_bbox', 'tm_score')",tp_at_50,34,34,True,
TABLE_A,"('300.tiff', 'hem_bbox', 'tm_score')",precision_at_50,0.68,0.68,True,
TABLE_A,"('300.tiff', 'hem_bbox', 'tm_score')",domain,canine cutaneous mast cell tumor,canine cutaneous mast cell tumor,True,
TABLE_A,"('300.tiff', 'hem_bbox', 'chromatin_od')",n_gt_mitotic,180,180,True,
TABLE_A,"('300.tiff', 'hem_bbox', 'chromatin_od')",n_detections,99,99,True,
TABLE_A,"('300.tiff', 'hem_bbox', 'chromatin_od')",budget_delivered_10,10,10,True,
TABLE_A,"('300.tiff', 'hem_bbox', 'chromatin_od')",tp_at_10,8,8,True,
TABLE_A,"('300.tiff', 'hem_bbox', 'chromatin_od')",precision_at_10,0.8,0.8,True,
TABLE_A,"('300.tiff', 'hem_bbox', 'chromatin_od')",budget_delivered_20,20,20,True,
TABLE_A,"('300.tiff', 'hem_bbox', 'chromatin_od')",tp_at_20,17,17,True,
TABLE_A,"('300.tiff', 'hem_bbox', 'chromatin_od')",precision_at_20,0.85,0.85,True,
TABLE_A,"('300.tiff', 'hem_bbox', 'chromatin_od')",budget_delivered_30,30,30,True,
TABLE_A,"('300.tiff', 'hem_bbox', 'chromatin_od')",tp_at_30,27,27,True,
TABLE_A,"('300.tiff', 'hem_bbox', 'chromatin_od')",precision_at_30,0.9,0.9,True,
TABLE_A,"('300.tiff', 'hem_bbox', 'chromatin_od')",budget_delivered_50,50,50,True,
TABLE_A,"('300.tiff', 'hem_bbox', 'chromatin_od')",tp_at_50,40,40,True,
TABLE_A,"('300.tiff', 'hem_bbox', 'chromatin_od')",precision_at_50,0.8,0.8,True,
TABLE_A,"('300.tiff', 'hem_bbox', 'chromatin_od')",domain,canine cutaneous mast cell tumor,canine cutaneous mast cell tumor,True,
TABLE_A,"('300.tiff', 'hem_bbox', 'od_contrast')",n_gt_mitotic,180,180,True,
TABLE_A,"('300.tiff', 'hem_bbox', 'od_contrast')",n_detections,99,99,True,
TABLE_A,"('300.tiff', 'hem_bbox', 'od_contrast')",budget_delivered_10,10,10,True,
TABLE_A,"('300.tiff', 'hem_bbox', 'od_contrast')",tp_at_10,8,8,True,
TABLE_A,"('300.tiff', 'hem_bbox', 'od_contrast')",precision_at_10,0.8,0.8,True,
TABLE_A,"('300.tiff', 'hem_bbox', 'od_contrast')",budget_delivered_20,20,20,True,
TABLE_A,"('300.tiff', 'hem_bbox', 'od_contrast')",tp_at_20,17,17,True,
TABLE_A,"('300.tiff', 'hem_bbox', 'od_contrast')",precision_at_20,0.85,0.85,True,
TABLE_A,"('300.tiff', 'hem_bbox', 'od_contrast')",budget_delivered_30,30,30,True,
TABLE_A,"('300.tiff', 'hem_bbox', 'od_contrast')",tp_at_30,26,26,True,
TABLE_A,"('300.tiff', 'hem_bbox', 'od_contrast')",precision_at_30,0.8667,0.8667,True,
TABLE_A,"('300.tiff', 'hem_bbox', 'od_contrast')",budget_delivered_50,50,50,True,
TABLE_A,"('300.tiff', 'hem_bbox', 'od_contrast')",tp_at_50,39,39,True,
TABLE_A,"('300.tiff', 'hem_bbox', 'od_contrast')",precision_at_50,0.78,0.78,True,
TABLE_A,"('300.tiff', 'hem_bbox', 'od_contrast')",domain,canine cutaneous mast cell tumor,canine cutaneous mast cell tumor,True,
TABLE_A,"('300.tiff', 'gray_bbox', 'tm_score')",n_gt_mitotic,180,180,True,
TABLE_A,"('300.tiff', 'gray_bbox', 'tm_score')",n_detections,99,99,True,
TABLE_A,"('300.tiff', 'gray_bbox', 'tm_score')",budget_delivered_10,10,10,True,
TABLE_A,"('300.tiff', 'gray_bbox', 'tm_score')",tp_at_10,9,9,True,
TABLE_A,"('300.tiff', 'gray_bbox', 'tm_score')",precision_at_10,0.9,0.9,True,
TABLE_A,"('300.tiff', 'gray_bbox', 'tm_score')",budget_delivered_20,20,20,True,
TABLE_A,"('300.tiff', 'gray_bbox', 'tm_score')",tp_at_20,17,17,True,
TABLE_A,"('300.tiff', 'gray_bbox', 'tm_score')",precision_at_20,0.85,0.85,True,
TABLE_A,"('300.tiff', 'gray_bbox', 'tm_score')",budget_delivered_30,30,30,True,
TABLE_A,"('300.tiff', 'gray_bbox', 'tm_score')",tp_at_30,25,25,True,
TABLE_A,"('300.tiff', 'gray_bbox', 'tm_score')",precision_at_30,0.8333,0.8333,True,
TABLE_A,"('300.tiff', 'gray_bbox', 'tm_score')",budget_delivered_50,50,50,True,
TABLE_A,"('300.tiff', 'gray_bbox', 'tm_score')",tp_at_50,43,43,True,
TABLE_A,"('300.tiff', 'gray_bbox', 'tm_score')",precision_at_50,0.86,0.86,True,
TABLE_A,"('300.tiff', 'gray_bbox', 'tm_score')",domain,canine cutaneous mast cell tumor,canine cutaneous mast cell tumor,True,
TABLE_A,"('300.tiff', 'gray_bbox', 'chromatin_od')",n_gt_mitotic,180,180,True,
TABLE_A,"('300.tiff', 'gray_bbox', 'chromatin_od')",n_detections,99,99,True,
TABLE_A,"('300.tiff', 'gray_bbox', 'chromatin_od')",budget_delivered_10,10,10,True,
TABLE_A,"('300.tiff', 'gray_bbox', 'chromatin_od')",tp_at_10,9,9,True,
TABLE_A,"('300.tiff', 'gray_bbox', 'chromatin_od')",precision_at_10,0.9,0.9,True,
TABLE_A,"('300.tiff', 'gray_bbox', 'chromatin_od')",budget_delivered_20,20,20,True,
TABLE_A,"('300.tiff', 'gray_bbox', 'chromatin_od')",tp_at_20,19,19,True,
TABLE_A,"('300.tiff', 'gray_bbox', 'chromatin_od')",precision_at_20,0.95,0.95,True,
TABLE_A,"('300.tiff', 'gray_bbox', 'chromatin_od')",budget_delivered_30,30,30,True,
TABLE_A,"('300.tiff', 'gray_bbox', 'chromatin_od')",tp_at_30,27,27,True,
TABLE_A,"('300.tiff', 'gray_bbox', 'chromatin_od')",precision_at_30,0.9,0.9,True,
TABLE_A,"('300.tiff', 'gray_bbox', 'chromatin_od')",budget_delivered_50,50,50,True,
TABLE_A,"('300.tiff', 'gray_bbox', 'chromatin_od')",tp_at_50,46,46,True,
TABLE_A,"('300.tiff', 'gray_bbox', 'chromatin_od')",precision_at_50,0.92,0.92,True,
TABLE_A,"('300.tiff', 'gray_bbox', 'chromatin_od')",domain,canine cutaneous mast cell tumor,canine cutaneous mast cell tumor,True,
TABLE_A,"('300.tiff', 'gray_bbox', 'od_contrast')",n_gt_mitotic,180,180,True,
TABLE_A,"('300.tiff', 'gray_bbox', 'od_contrast')",n_detections,99,99,True,
TABLE_A,"('300.tiff', 'gray_bbox', 'od_contrast')",budget_delivered_10,10,10,True,
TABLE_A,"('300.tiff', 'gray_bbox', 'od_contrast')",tp_at_10,8,8,True,
TABLE_A,"('300.tiff', 'gray_bbox', 'od_contrast')",precision_at_10,0.8,0.8,True,
TABLE_A,"('300.tiff', 'gray_bbox', 'od_contrast')",budget_delivered_20,20,20,True,
TABLE_A,"('300.tiff', 'gray_bbox', 'od_contrast')",tp_at_20,18,18,True,
TABLE_A,"('300.tiff', 'gray_bbox', 'od_contrast')",precision_at_20,0.9,0.9,True,
TABLE_A,"('300.tiff', 'gray_bbox', 'od_contrast')",budget_delivered_30,30,30,True,
TABLE_A,"('300.tiff', 'gray_bbox', 'od_contrast')",tp_at_30,28,28,True,
TABLE_A,"('300.tiff', 'gray_bbox', 'od_contrast')",precision_at_30,0.9333,0.9333,True,
TABLE_A,"('300.tiff', 'gray_bbox', 'od_contrast')",budget_delivered_50,50,50,True,
TABLE_A,"('300.tiff', 'gray_bbox', 'od_contrast')",tp_at_50,45,45,True,
TABLE_A,"('300.tiff', 'gray_bbox', 'od_contrast')",precision_at_50,0.9,0.9,True,
TABLE_A,"('300.tiff', 'gray_bbox', 'od_contrast')",domain,canine cutaneous mast cell tumor,canine cutaneous mast cell tumor,True,
TABLE_A,"('301.tiff', 'hem_bbox', 'tm_score')",n_gt_mitotic,217,217,True,
TABLE_A,"('301.tiff', 'hem_bbox', 'tm_score')",n_detections,99,99,True,
TABLE_A,"('301.tiff', 'hem_bbox', 'tm_score')",budget_delivered_10,10,10,True,
TABLE_A,"('301.tiff', 'hem_bbox', 'tm_score')",tp_at_10,9,9,True,
TABLE_A,"('301.tiff', 'hem_bbox', 'tm_score')",precision_at_10,0.9,0.9,True,
TABLE_A,"('301.tiff', 'hem_bbox', 'tm_score')",budget_delivered_20,20,20,True,
TABLE_A,"('301.tiff', 'hem_bbox', 'tm_score')",tp_at_20,18,18,True,
TABLE_A,"('301.tiff', 'hem_bbox', 'tm_score')",precision_at_20,0.9,0.9,True,
TABLE_A,"('301.tiff', 'hem_bbox', 'tm_score')",budget_delivered_30,30,30,True,
TABLE_A,"('301.tiff', 'hem_bbox', 'tm_score')",tp_at_30,26,26,True,
TABLE_A,"('301.tiff', 'hem_bbox', 'tm_score')",precision_at_30,0.8667,0.8667,True,
TABLE_A,"('301.tiff', 'hem_bbox', 'tm_score')",budget_delivered_50,50,50,True,
TABLE_A,"('301.tiff', 'hem_bbox', 'tm_score')",tp_at_50,41,41,True,
TABLE_A,"('301.tiff', 'hem_bbox', 'tm_score')",precision_at_50,0.82,0.82,True,
TABLE_A,"('301.tiff', 'hem_bbox', 'tm_score')",domain,canine cutaneous mast cell tumor,canine cutaneous mast cell tumor,True,
TABLE_A,"('301.tiff', 'hem_bbox', 'chromatin_od')",n_gt_mitotic,217,217,True,
TABLE_A,"('301.tiff', 'hem_bbox', 'chromatin_od')",n_detections,99,99,True,
TABLE_A,"('301.tiff', 'hem_bbox', 'chromatin_od')",budget_delivered_10,10,10,True,
TABLE_A,"('301.tiff', 'hem_bbox', 'chromatin_od')",tp_at_10,8,8,True,
TABLE_A,"('301.tiff', 'hem_bbox', 'chromatin_od')",precision_at_10,0.8,0.8,True,
TABLE_A,"('301.tiff', 'hem_bbox', 'chromatin_od')",budget_delivered_20,20,20,True,
TABLE_A,"('301.tiff', 'hem_bbox', 'chromatin_od')",tp_at_20,17,17,True,
TABLE_A,"('301.tiff', 'hem_bbox', 'chromatin_od')",precision_at_20,0.85,0.85,True,
TABLE_A,"('301.tiff', 'hem_bbox', 'chromatin_od')",budget_delivered_30,30,30,True,
TABLE_A,"('301.tiff', 'hem_bbox', 'chromatin_od')",tp_at_30,26,26,True,
TABLE_A,"('301.tiff', 'hem_bbox', 'chromatin_od')",precision_at_30,0.8667,0.8667,True,
TABLE_A,"('301.tiff', 'hem_bbox', 'chromatin_od')",budget_delivered_50,50,50,True,
TABLE_A,"('301.tiff', 'hem_bbox', 'chromatin_od')",tp_at_50,41,41,True,
TABLE_A,"('301.tiff', 'hem_bbox', 'chromatin_od')",precision_at_50,0.82,0.82,True,
TABLE_A,"('301.tiff', 'hem_bbox', 'chromatin_od')",domain,canine cutaneous mast cell tumor,canine cutaneous mast cell tumor,True,
TABLE_A,"('301.tiff', 'hem_bbox', 'od_contrast')",n_gt_mitotic,217,217,True,
TABLE_A,"('301.tiff', 'hem_bbox', 'od_contrast')",n_detections,99,99,True,
TABLE_A,"('301.tiff', 'hem_bbox', 'od_contrast')",budget_delivered_10,10,10,True,
TABLE_A,"('301.tiff', 'hem_bbox', 'od_contrast')",tp_at_10,7,7,True,
TABLE_A,"('301.tiff', 'hem_bbox', 'od_contrast')",precision_at_10,0.7,0.7,True,
TABLE_A,"('301.tiff', 'hem_bbox', 'od_contrast')",budget_delivered_20,20,20,True,
TABLE_A,"('301.tiff', 'hem_bbox', 'od_contrast')",tp_at_20,16,16,True,
TABLE_A,"('301.tiff', 'hem_bbox', 'od_contrast')",precision_at_20,0.8,0.8,True,
TABLE_A,"('301.tiff', 'hem_bbox', 'od_contrast')",budget_delivered_30,30,30,True,
TABLE_A,"('301.tiff', 'hem_bbox', 'od_contrast')",tp_at_30,25,25,True,
TABLE_A,"('301.tiff', 'hem_bbox', 'od_contrast')",precision_at_30,0.8333,0.8333,True,
TABLE_A,"('301.tiff', 'hem_bbox', 'od_contrast')",budget_delivered_50,50,50,True,
TABLE_A,"('301.tiff', 'hem_bbox', 'od_contrast')",tp_at_50,42,42,True,
TABLE_A,"('301.tiff', 'hem_bbox', 'od_contrast')",precision_at_50,0.84,0.84,True,
TABLE_A,"('301.tiff', 'hem_bbox', 'od_contrast')",domain,canine cutaneous mast cell tumor,canine cutaneous mast cell tumor,True,
TABLE_A,"('301.tiff', 'gray_bbox', 'tm_score')",n_gt_mitotic,217,217,True,
TABLE_A,"('301.tiff', 'gray_bbox', 'tm_score')",n_detections,98,98,True,
TABLE_A,"('301.tiff', 'gray_bbox', 'tm_score')",budget_delivered_10,10,10,True,
TABLE_A,"('301.tiff', 'gray_bbox', 'tm_score')",tp_at_10,9,9,True,
TABLE_A,"('301.tiff', 'gray_bbox', 'tm_score')",precision_at_10,0.9,0.9,True,
TABLE_A,"('301.tiff', 'gray_bbox', 'tm_score')",budget_delivered_20,20,20,True,
TABLE_A,"('301.tiff', 'gray_bbox', 'tm_score')",tp_at_20,18,18,True,
TABLE_A,"('301.tiff', 'gray_bbox', 'tm_score')",precision_at_20,0.9,0.9,True,
TABLE_A,"('301.tiff', 'gray_bbox', 'tm_score')",budget_delivered_30,30,30,True,
TABLE_A,"('301.tiff', 'gray_bbox', 'tm_score')",tp_at_30,24,24,True,
TABLE_A,"('301.tiff', 'gray_bbox', 'tm_score')",precision_at_30,0.8,0.8,True,
TABLE_A,"('301.tiff', 'gray_bbox', 'tm_score')",budget_delivered_50,50,50,True,
TABLE_A,"('301.tiff', 'gray_bbox', 'tm_score')",tp_at_50,37,37,True,
TABLE_A,"('301.tiff', 'gray_bbox', 'tm_score')",precision_at_50,0.74,0.74,True,
TABLE_A,"('301.tiff', 'gray_bbox', 'tm_score')",domain,canine cutaneous mast cell tumor,canine cutaneous mast cell tumor,True,
TABLE_A,"('301.tiff', 'gray_bbox', 'chromatin_od')",n_gt_mitotic,217,217,True,
TABLE_A,"('301.tiff', 'gray_bbox', 'chromatin_od')",n_detections,98,98,True,
TABLE_A,"('301.tiff', 'gray_bbox', 'chromatin_od')",budget_delivered_10,10,10,True,
TABLE_A,"('301.tiff', 'gray_bbox', 'chromatin_od')",tp_at_10,8,8,True,
TABLE_A,"('301.tiff', 'gray_bbox', 'chromatin_od')",precision_at_10,0.8,0.8,True,
TABLE_A,"('301.tiff', 'gray_bbox', 'chromatin_od')",budget_delivered_20,20,20,True,
TABLE_A,"('301.tiff', 'gray_bbox', 'chromatin_od')",tp_at_20,18,18,True,
TABLE_A,"('301.tiff', 'gray_bbox', 'chromatin_od')",precision_at_20,0.9,0.9,True,
TABLE_A,"('301.tiff', 'gray_bbox', 'chromatin_od')",budget_delivered_30,30,30,True,
TABLE_A,"('301.tiff', 'gray_bbox', 'chromatin_od')",tp_at_30,27,27,True,
TABLE_A,"('301.tiff', 'gray_bbox', 'chromatin_od')",precision_at_30,0.9,0.9,True,
TABLE_A,"('301.tiff', 'gray_bbox', 'chromatin_od')",budget_delivered_50,50,50,True,
TABLE_A,"('301.tiff', 'gray_bbox', 'chromatin_od')",tp_at_50,41,41,True,
TABLE_A,"('301.tiff', 'gray_bbox', 'chromatin_od')",precision_at_50,0.82,0.82,True,
TABLE_A,"('301.tiff', 'gray_bbox', 'chromatin_od')",domain,canine cutaneous mast cell tumor,canine cutaneous mast cell tumor,True,
TABLE_A,"('301.tiff', 'gray_bbox', 'od_contrast')",n_gt_mitotic,217,217,True,
TABLE_A,"('301.tiff', 'gray_bbox', 'od_contrast')",n_detections,98,98,True,
TABLE_A,"('301.tiff', 'gray_bbox', 'od_contrast')",budget_delivered_10,10,10,True,
TABLE_A,"('301.tiff', 'gray_bbox', 'od_contrast')",tp_at_10,8,8,True,
TABLE_A,"('301.tiff', 'gray_bbox', 'od_contrast')",precision_at_10,0.8,0.8,True,
TABLE_A,"('301.tiff', 'gray_bbox', 'od_contrast')",budget_delivered_20,20,20,True,
TABLE_A,"('301.tiff', 'gray_bbox', 'od_contrast')",tp_at_20,18,18,True,
TABLE_A,"('301.tiff', 'gray_bbox', 'od_contrast')",precision_at_20,0.9,0.9,True,
TABLE_A,"('301.tiff', 'gray_bbox', 'od_contrast')",budget_delivered_30,30,30,True,
TABLE_A,"('301.tiff', 'gray_bbox', 'od_contrast')",tp_at_30,27,27,True,
TABLE_A,"('301.tiff', 'gray_bbox', 'od_contrast')",precision_at_30,0.9,0.9,True,
TABLE_A,"('301.tiff', 'gray_bbox', 'od_contrast')",budget_delivered_50,50,50,True,
TABLE_A,"('301.tiff', 'gray_bbox', 'od_contrast')",tp_at_50,41,41,True,
TABLE_A,"('301.tiff', 'gray_bbox', 'od_contrast')",precision_at_50,0.82,0.82,True,
TABLE_A,"('301.tiff', 'gray_bbox', 'od_contrast')",domain,canine cutaneous mast cell tumor,canine cutaneous mast cell tumor,True,
TABLE_A,"('201.tiff', 'hem_bbox', 'tm_score')",n_gt_mitotic,17,17,True,
TABLE_A,"('201.tiff', 'hem_bbox', 'tm_score')",n_detections,97,97,True,
TABLE_A,"('201.tiff', 'hem_bbox', 'tm_score')",budget_delivered_10,10,10,True,
TABLE_A,"('201.tiff', 'hem_bbox', 'tm_score')",tp_at_10,4,4,True,
TABLE_A,"('201.tiff', 'hem_bbox', 'tm_score')",precision_at_10,0.4,0.4,True,
TABLE_A,"('201.tiff', 'hem_bbox', 'tm_score')",budget_delivered_20,20,20,True,
TABLE_A,"('201.tiff', 'hem_bbox', 'tm_score')",tp_at_20,5,5,True,
TABLE_A,"('201.tiff', 'hem_bbox', 'tm_score')",precision_at_20,0.25,0.25,True,
TABLE_A,"('201.tiff', 'hem_bbox', 'tm_score')",budget_delivered_30,30,30,True,
TABLE_A,"('201.tiff', 'hem_bbox', 'tm_score')",tp_at_30,5,5,True,
TABLE_A,"('201.tiff', 'hem_bbox', 'tm_score')",precision_at_30,0.1667,0.1667,True,
TABLE_A,"('201.tiff', 'hem_bbox', 'tm_score')",budget_delivered_50,50,50,True,
TABLE_A,"('201.tiff', 'hem_bbox', 'tm_score')",tp_at_50,6,6,True,
TABLE_A,"('201.tiff', 'hem_bbox', 'tm_score')",precision_at_50,0.12,0.12,True,
TABLE_A,"('201.tiff', 'hem_bbox', 'tm_score')",domain,canine lung cancer,canine lung cancer,True,
TABLE_A,"('201.tiff', 'hem_bbox', 'chromatin_od')",n_gt_mitotic,17,17,True,
TABLE_A,"('201.tiff', 'hem_bbox', 'chromatin_od')",n_detections,97,97,True,
TABLE_A,"('201.tiff', 'hem_bbox', 'chromatin_od')",budget_delivered_10,10,10,True,
TABLE_A,"('201.tiff', 'hem_bbox', 'chromatin_od')",tp_at_10,4,4,True,
TABLE_A,"('201.tiff', 'hem_bbox', 'chromatin_od')",precision_at_10,0.4,0.4,True,
TABLE_A,"('201.tiff', 'hem_bbox', 'chromatin_od')",budget_delivered_20,20,20,True,
TABLE_A,"('201.tiff', 'hem_bbox', 'chromatin_od')",tp_at_20,6,6,True,
TABLE_A,"('201.tiff', 'hem_bbox', 'chromatin_od')",precision_at_20,0.3,0.3,True,
TABLE_A,"('201.tiff', 'hem_bbox', 'chromatin_od')",budget_delivered_30,30,30,True,
TABLE_A,"('201.tiff', 'hem_bbox', 'chromatin_od')",tp_at_30,7,7,True,
TABLE_A,"('201.tiff', 'hem_bbox', 'chromatin_od')",precision_at_30,0.2333,0.2333,True,
TABLE_A,"('201.tiff', 'hem_bbox', 'chromatin_od')",budget_delivered_50,50,50,True,
TABLE_A,"('201.tiff', 'hem_bbox', 'chromatin_od')",tp_at_50,7,7,True,
TABLE_A,"('201.tiff', 'hem_bbox', 'chromatin_od')",precision_at_50,0.14,0.14,True,
TABLE_A,"('201.tiff', 'hem_bbox', 'chromatin_od')",domain,canine lung cancer,canine lung cancer,True,
TABLE_A,"('201.tiff', 'hem_bbox', 'od_contrast')",n_gt_mitotic,17,17,True,
TABLE_A,"('201.tiff', 'hem_bbox', 'od_contrast')",n_detections,97,97,True,
TABLE_A,"('201.tiff', 'hem_bbox', 'od_contrast')",budget_delivered_10,10,10,True,
TABLE_A,"('201.tiff', 'hem_bbox', 'od_contrast')",tp_at_10,4,4,True,
TABLE_A,"('201.tiff', 'hem_bbox', 'od_contrast')",precision_at_10,0.4,0.4,True,
TABLE_A,"('201.tiff', 'hem_bbox', 'od_contrast')",budget_delivered_20,20,20,True,
TABLE_A,"('201.tiff', 'hem_bbox', 'od_contrast')",tp_at_20,6,6,True,
TABLE_A,"('201.tiff', 'hem_bbox', 'od_contrast')",precision_at_20,0.3,0.3,True,
TABLE_A,"('201.tiff', 'hem_bbox', 'od_contrast')",budget_delivered_30,30,30,True,
TABLE_A,"('201.tiff', 'hem_bbox', 'od_contrast')",tp_at_30,6,6,True,
TABLE_A,"('201.tiff', 'hem_bbox', 'od_contrast')",precision_at_30,0.2,0.2,True,
TABLE_A,"('201.tiff', 'hem_bbox', 'od_contrast')",budget_delivered_50,50,50,True,
TABLE_A,"('201.tiff', 'hem_bbox', 'od_contrast')",tp_at_50,8,8,True,
TABLE_A,"('201.tiff', 'hem_bbox', 'od_contrast')",precision_at_50,0.16,0.16,True,
TABLE_A,"('201.tiff', 'hem_bbox', 'od_contrast')",domain,canine lung cancer,canine lung cancer,True,
TABLE_A,"('201.tiff', 'gray_bbox', 'tm_score')",n_gt_mitotic,17,17,True,
TABLE_A,"('201.tiff', 'gray_bbox', 'tm_score')",n_detections,98,98,True,
TABLE_A,"('201.tiff', 'gray_bbox', 'tm_score')",budget_delivered_10,10,10,True,
TABLE_A,"('201.tiff', 'gray_bbox', 'tm_score')",tp_at_10,3,3,True,
TABLE_A,"('201.tiff', 'gray_bbox', 'tm_score')",precision_at_10,0.3,0.3,True,
TABLE_A,"('201.tiff', 'gray_bbox', 'tm_score')",budget_delivered_20,20,20,True,
TABLE_A,"('201.tiff', 'gray_bbox', 'tm_score')",tp_at_20,5,5,True,
TABLE_A,"('201.tiff', 'gray_bbox', 'tm_score')",precision_at_20,0.25,0.25,True,
TABLE_A,"('201.tiff', 'gray_bbox', 'tm_score')",budget_delivered_30,30,30,True,
TABLE_A,"('201.tiff', 'gray_bbox', 'tm_score')",tp_at_30,6,6,True,
TABLE_A,"('201.tiff', 'gray_bbox', 'tm_score')",precision_at_30,0.2,0.2,True,
TABLE_A,"('201.tiff', 'gray_bbox', 'tm_score')",budget_delivered_50,50,50,True,
TABLE_A,"('201.tiff', 'gray_bbox', 'tm_score')",tp_at_50,11,11,True,
TABLE_A,"('201.tiff', 'gray_bbox', 'tm_score')",precision_at_50,0.22,0.22,True,
TABLE_A,"('201.tiff', 'gray_bbox', 'tm_score')",domain,canine lung cancer,canine lung cancer,True,
TABLE_A,"('201.tiff', 'gray_bbox', 'chromatin_od')",n_gt_mitotic,17,17,True,
TABLE_A,"('201.tiff', 'gray_bbox', 'chromatin_od')",n_detections,98,98,True,
TABLE_A,"('201.tiff', 'gray_bbox', 'chromatin_od')",budget_delivered_10,10,10,True,
TABLE_A,"('201.tiff', 'gray_bbox', 'chromatin_od')",tp_at_10,4,4,True,
TABLE_A,"('201.tiff', 'gray_bbox', 'chromatin_od')",precision_at_10,0.4,0.4,True,
TABLE_A,"('201.tiff', 'gray_bbox', 'chromatin_od')",budget_delivered_20,20,20,True,
TABLE_A,"('201.tiff', 'gray_bbox', 'chromatin_od')",tp_at_20,8,8,True,
TABLE_A,"('201.tiff', 'gray_bbox', 'chromatin_od')",precision_at_20,0.4,0.4,True,
TABLE_A,"('201.tiff', 'gray_bbox', 'chromatin_od')",budget_delivered_30,30,30,True,
TABLE_A,"('201.tiff', 'gray_bbox', 'chromatin_od')",tp_at_30,9,9,True,
TABLE_A,"('201.tiff', 'gray_bbox', 'chromatin_od')",precision_at_30,0.3,0.3,True,
TABLE_A,"('201.tiff', 'gray_bbox', 'chromatin_od')",budget_delivered_50,50,50,True,
TABLE_A,"('201.tiff', 'gray_bbox', 'chromatin_od')",tp_at_50,11,11,True,
TABLE_A,"('201.tiff', 'gray_bbox', 'chromatin_od')",precision_at_50,0.22,0.22,True,
TABLE_A,"('201.tiff', 'gray_bbox', 'chromatin_od')",domain,canine lung cancer,canine lung cancer,True,
TABLE_A,"('201.tiff', 'gray_bbox', 'od_contrast')",n_gt_mitotic,17,17,True,
TABLE_A,"('201.tiff', 'gray_bbox', 'od_contrast')",n_detections,98,98,True,
TABLE_A,"('201.tiff', 'gray_bbox', 'od_contrast')",budget_delivered_10,10,10,True,
TABLE_A,"('201.tiff', 'gray_bbox', 'od_contrast')",tp_at_10,4,4,True,
TABLE_A,"('201.tiff', 'gray_bbox', 'od_contrast')",precision_at_10,0.4,0.4,True,
TABLE_A,"('201.tiff', 'gray_bbox', 'od_contrast')",budget_delivered_20,20,20,True,
TABLE_A,"('201.tiff', 'gray_bbox', 'od_contrast')",tp_at_20,7,7,True,
TABLE_A,"('201.tiff', 'gray_bbox', 'od_contrast')",precision_at_20,0.35,0.35,True,
TABLE_A,"('201.tiff', 'gray_bbox', 'od_contrast')",budget_delivered_30,30,30,True,
TABLE_A,"('201.tiff', 'gray_bbox', 'od_contrast')",tp_at_30,8,8,True,
TABLE_A,"('201.tiff', 'gray_bbox', 'od_contrast')",precision_at_30,0.2667,0.2667,True,
TABLE_A,"('201.tiff', 'gray_bbox', 'od_contrast')",budget_delivered_50,50,50,True,
TABLE_A,"('201.tiff', 'gray_bbox', 'od_contrast')",tp_at_50,11,11,True,
TABLE_A,"('201.tiff', 'gray_bbox', 'od_contrast')",precision_at_50,0.22,0.22,True,
TABLE_A,"('201.tiff', 'gray_bbox', 'od_contrast')",domain,canine lung cancer,canine lung cancer,True,
TABLE_A,"('233.tiff', 'hem_bbox', 'tm_score')",n_gt_mitotic,17,17,True,
TABLE_A,"('233.tiff', 'hem_bbox', 'tm_score')",n_detections,96,96,True,
TABLE_A,"('233.tiff', 'hem_bbox', 'tm_score')",budget_delivered_10,10,10,True,
TABLE_A,"('233.tiff', 'hem_bbox', 'tm_score')",tp_at_10,4,4,True,
TABLE_A,"('233.tiff', 'hem_bbox', 'tm_score')",precision_at_10,0.4,0.4,True,
TABLE_A,"('233.tiff', 'hem_bbox', 'tm_score')",budget_delivered_20,20,20,True,
TABLE_A,"('233.tiff', 'hem_bbox', 'tm_score')",tp_at_20,6,6,True,
TABLE_A,"('233.tiff', 'hem_bbox', 'tm_score')",precision_at_20,0.3,0.3,True,
TABLE_A,"('233.tiff', 'hem_bbox', 'tm_score')",budget_delivered_30,30,30,True,
TABLE_A,"('233.tiff', 'hem_bbox', 'tm_score')",tp_at_30,7,7,True,
TABLE_A,"('233.tiff', 'hem_bbox', 'tm_score')",precision_at_30,0.2333,0.2333,True,
TABLE_A,"('233.tiff', 'hem_bbox', 'tm_score')",budget_delivered_50,50,50,True,
TABLE_A,"('233.tiff', 'hem_bbox', 'tm_score')",tp_at_50,7,7,True,
TABLE_A,"('233.tiff', 'hem_bbox', 'tm_score')",precision_at_50,0.14,0.14,True,
TABLE_A,"('233.tiff', 'hem_bbox', 'tm_score')",domain,canine lung cancer,canine lung cancer,True,
TABLE_A,"('233.tiff', 'hem_bbox', 'chromatin_od')",n_gt_mitotic,17,17,True,
TABLE_A,"('233.tiff', 'hem_bbox', 'chromatin_od')",n_detections,96,96,True,
TABLE_A,"('233.tiff', 'hem_bbox', 'chromatin_od')",budget_delivered_10,10,10,True,
TABLE_A,"('233.tiff', 'hem_bbox', 'chromatin_od')",tp_at_10,6,6,True,
TABLE_A,"('233.tiff', 'hem_bbox', 'chromatin_od')",precision_at_10,0.6,0.6,True,
TABLE_A,"('233.tiff', 'hem_bbox', 'chromatin_od')",budget_delivered_20,20,20,True,
TABLE_A,"('233.tiff', 'hem_bbox', 'chromatin_od')",tp_at_20,7,7,True,
TABLE_A,"('233.tiff', 'hem_bbox', 'chromatin_od')",precision_at_20,0.35,0.35,True,
TABLE_A,"('233.tiff', 'hem_bbox', 'chromatin_od')",budget_delivered_30,30,30,True,
TABLE_A,"('233.tiff', 'hem_bbox', 'chromatin_od')",tp_at_30,9,9,True,
TABLE_A,"('233.tiff', 'hem_bbox', 'chromatin_od')",precision_at_30,0.3,0.3,True,
TABLE_A,"('233.tiff', 'hem_bbox', 'chromatin_od')",budget_delivered_50,50,50,True,
TABLE_A,"('233.tiff', 'hem_bbox', 'chromatin_od')",tp_at_50,9,9,True,
TABLE_A,"('233.tiff', 'hem_bbox', 'chromatin_od')",precision_at_50,0.18,0.18,True,
TABLE_A,"('233.tiff', 'hem_bbox', 'chromatin_od')",domain,canine lung cancer,canine lung cancer,True,
TABLE_A,"('233.tiff', 'hem_bbox', 'od_contrast')",n_gt_mitotic,17,17,True,
TABLE_A,"('233.tiff', 'hem_bbox', 'od_contrast')",n_detections,96,96,True,
TABLE_A,"('233.tiff', 'hem_bbox', 'od_contrast')",budget_delivered_10,10,10,True,
TABLE_A,"('233.tiff', 'hem_bbox', 'od_contrast')",tp_at_10,7,7,True,
TABLE_A,"('233.tiff', 'hem_bbox', 'od_contrast')",precision_at_10,0.7,0.7,True,
TABLE_A,"('233.tiff', 'hem_bbox', 'od_contrast')",budget_delivered_20,20,20,True,
TABLE_A,"('233.tiff', 'hem_bbox', 'od_contrast')",tp_at_20,7,7,True,
TABLE_A,"('233.tiff', 'hem_bbox', 'od_contrast')",precision_at_20,0.35,0.35,True,
TABLE_A,"('233.tiff', 'hem_bbox', 'od_contrast')",budget_delivered_30,30,30,True,
TABLE_A,"('233.tiff', 'hem_bbox', 'od_contrast')",tp_at_30,9,9,True,
TABLE_A,"('233.tiff', 'hem_bbox', 'od_contrast')",precision_at_30,0.3,0.3,True,
TABLE_A,"('233.tiff', 'hem_bbox', 'od_contrast')",budget_delivered_50,50,50,True,
TABLE_A,"('233.tiff', 'hem_bbox', 'od_contrast')",tp_at_50,10,10,True,
TABLE_A,"('233.tiff', 'hem_bbox', 'od_contrast')",precision_at_50,0.2,0.2,True,
TABLE_A,"('233.tiff', 'hem_bbox', 'od_contrast')",domain,canine lung cancer,canine lung cancer,True,
TABLE_A,"('233.tiff', 'gray_bbox', 'tm_score')",n_gt_mitotic,17,17,True,
TABLE_A,"('233.tiff', 'gray_bbox', 'tm_score')",n_detections,97,97,True,
TABLE_A,"('233.tiff', 'gray_bbox', 'tm_score')",budget_delivered_10,10,10,True,
TABLE_A,"('233.tiff', 'gray_bbox', 'tm_score')",tp_at_10,3,3,True,
TABLE_A,"('233.tiff', 'gray_bbox', 'tm_score')",precision_at_10,0.3,0.3,True,
TABLE_A,"('233.tiff', 'gray_bbox', 'tm_score')",budget_delivered_20,20,20,True,
TABLE_A,"('233.tiff', 'gray_bbox', 'tm_score')",tp_at_20,5,5,True,
TABLE_A,"('233.tiff', 'gray_bbox', 'tm_score')",precision_at_20,0.25,0.25,True,
TABLE_A,"('233.tiff', 'gray_bbox', 'tm_score')",budget_delivered_30,30,30,True,
TABLE_A,"('233.tiff', 'gray_bbox', 'tm_score')",tp_at_30,8,8,True,
TABLE_A,"('233.tiff', 'gray_bbox', 'tm_score')",precision_at_30,0.2667,0.2667,True,
TABLE_A,"('233.tiff', 'gray_bbox', 'tm_score')",budget_delivered_50,50,50,True,
TABLE_A,"('233.tiff', 'gray_bbox', 'tm_score')",tp_at_50,8,8,True,
TABLE_A,"('233.tiff', 'gray_bbox', 'tm_score')",precision_at_50,0.16,0.16,True,
TABLE_A,"('233.tiff', 'gray_bbox', 'tm_score')",domain,canine lung cancer,canine lung cancer,True,
TABLE_A,"('233.tiff', 'gray_bbox', 'chromatin_od')",n_gt_mitotic,17,17,True,
TABLE_A,"('233.tiff', 'gray_bbox', 'chromatin_od')",n_detections,97,97,True,
TABLE_A,"('233.tiff', 'gray_bbox', 'chromatin_od')",budget_delivered_10,10,10,True,
TABLE_A,"('233.tiff', 'gray_bbox', 'chromatin_od')",tp_at_10,7,7,True,
TABLE_A,"('233.tiff', 'gray_bbox', 'chromatin_od')",precision_at_10,0.7,0.7,True,
TABLE_A,"('233.tiff', 'gray_bbox', 'chromatin_od')",budget_delivered_20,20,20,True,
TABLE_A,"('233.tiff', 'gray_bbox', 'chromatin_od')",tp_at_20,8,8,True,
TABLE_A,"('233.tiff', 'gray_bbox', 'chromatin_od')",precision_at_20,0.4,0.4,True,
TABLE_A,"('233.tiff', 'gray_bbox', 'chromatin_od')",budget_delivered_30,30,30,True,
TABLE_A,"('233.tiff', 'gray_bbox', 'chromatin_od')",tp_at_30,10,10,True,
TABLE_A,"('233.tiff', 'gray_bbox', 'chromatin_od')",precision_at_30,0.3333,0.3333,True,
TABLE_A,"('233.tiff', 'gray_bbox', 'chromatin_od')",budget_delivered_50,50,50,True,
TABLE_A,"('233.tiff', 'gray_bbox', 'chromatin_od')",tp_at_50,10,10,True,
TABLE_A,"('233.tiff', 'gray_bbox', 'chromatin_od')",precision_at_50,0.2,0.2,True,
TABLE_A,"('233.tiff', 'gray_bbox', 'chromatin_od')",domain,canine lung cancer,canine lung cancer,True,
TABLE_A,"('233.tiff', 'gray_bbox', 'od_contrast')",n_gt_mitotic,17,17,True,
TABLE_A,"('233.tiff', 'gray_bbox', 'od_contrast')",n_detections,97,97,True,
TABLE_A,"('233.tiff', 'gray_bbox', 'od_contrast')",budget_delivered_10,10,10,True,
TABLE_A,"('233.tiff', 'gray_bbox', 'od_contrast')",tp_at_10,8,8,True,
TABLE_A,"('233.tiff', 'gray_bbox', 'od_contrast')",precision_at_10,0.8,0.8,True,
TABLE_A,"('233.tiff', 'gray_bbox', 'od_contrast')",budget_delivered_20,20,20,True,
TABLE_A,"('233.tiff', 'gray_bbox', 'od_contrast')",tp_at_20,8,8,True,
TABLE_A,"('233.tiff', 'gray_bbox', 'od_contrast')",precision_at_20,0.4,0.4,True,
TABLE_A,"('233.tiff', 'gray_bbox', 'od_contrast')",budget_delivered_30,30,30,True,
TABLE_A,"('233.tiff', 'gray_bbox', 'od_contrast')",tp_at_30,10,10,True,
TABLE_A,"('233.tiff', 'gray_bbox', 'od_contrast')",precision_at_30,0.3333,0.3333,True,
TABLE_A,"('233.tiff', 'gray_bbox', 'od_contrast')",budget_delivered_50,50,50,True,
TABLE_A,"('233.tiff', 'gray_bbox', 'od_contrast')",tp_at_50,10,10,True,
TABLE_A,"('233.tiff', 'gray_bbox', 'od_contrast')",precision_at_50,0.2,0.2,True,
TABLE_A,"('233.tiff', 'gray_bbox', 'od_contrast')",domain,canine lung cancer,canine lung cancer,True,
TABLE_A,"('245.tiff', 'hem_bbox', 'tm_score')",n_gt_mitotic,89,89,True,
TABLE_A,"('245.tiff', 'hem_bbox', 'tm_score')",n_detections,98,98,True,
TABLE_A,"('245.tiff', 'hem_bbox', 'tm_score')",budget_delivered_10,10,10,True,
TABLE_A,"('245.tiff', 'hem_bbox', 'tm_score')",tp_at_10,3,3,True,
TABLE_A,"('245.tiff', 'hem_bbox', 'tm_score')",precision_at_10,0.3,0.3,True,
TABLE_A,"('245.tiff', 'hem_bbox', 'tm_score')",budget_delivered_20,20,20,True,
TABLE_A,"('245.tiff', 'hem_bbox', 'tm_score')",tp_at_20,7,7,True,
TABLE_A,"('245.tiff', 'hem_bbox', 'tm_score')",precision_at_20,0.35,0.35,True,
TABLE_A,"('245.tiff', 'hem_bbox', 'tm_score')",budget_delivered_30,30,30,True,
TABLE_A,"('245.tiff', 'hem_bbox', 'tm_score')",tp_at_30,9,9,True,
TABLE_A,"('245.tiff', 'hem_bbox', 'tm_score')",precision_at_30,0.3,0.3,True,
TABLE_A,"('245.tiff', 'hem_bbox', 'tm_score')",budget_delivered_50,50,50,True,
TABLE_A,"('245.tiff', 'hem_bbox', 'tm_score')",tp_at_50,12,12,True,
TABLE_A,"('245.tiff', 'hem_bbox', 'tm_score')",precision_at_50,0.24,0.24,True,
TABLE_A,"('245.tiff', 'hem_bbox', 'tm_score')",domain,canine lymphosarcoma,canine lymphosarcoma,True,
TABLE_A,"('245.tiff', 'hem_bbox', 'chromatin_od')",n_gt_mitotic,89,89,True,
TABLE_A,"('245.tiff', 'hem_bbox', 'chromatin_od')",n_detections,98,98,True,
TABLE_A,"('245.tiff', 'hem_bbox', 'chromatin_od')",budget_delivered_10,10,10,True,
TABLE_A,"('245.tiff', 'hem_bbox', 'chromatin_od')",tp_at_10,1,1,True,
TABLE_A,"('245.tiff', 'hem_bbox', 'chromatin_od')",precision_at_10,0.1,0.1,True,
TABLE_A,"('245.tiff', 'hem_bbox', 'chromatin_od')",budget_delivered_20,20,20,True,
TABLE_A,"('245.tiff', 'hem_bbox', 'chromatin_od')",tp_at_20,2,2,True,
TABLE_A,"('245.tiff', 'hem_bbox', 'chromatin_od')",precision_at_20,0.1,0.1,True,
TABLE_A,"('245.tiff', 'hem_bbox', 'chromatin_od')",budget_delivered_30,30,30,True,
TABLE_A,"('245.tiff', 'hem_bbox', 'chromatin_od')",tp_at_30,5,5,True,
TABLE_A,"('245.tiff', 'hem_bbox', 'chromatin_od')",precision_at_30,0.1667,0.1667,True,
TABLE_A,"('245.tiff', 'hem_bbox', 'chromatin_od')",budget_delivered_50,50,50,True,
TABLE_A,"('245.tiff', 'hem_bbox', 'chromatin_od')",tp_at_50,12,12,True,
TABLE_A,"('245.tiff', 'hem_bbox', 'chromatin_od')",precision_at_50,0.24,0.24,True,
TABLE_A,"('245.tiff', 'hem_bbox', 'chromatin_od')",domain,canine lymphosarcoma,canine lymphosarcoma,True,
TABLE_A,"('245.tiff', 'hem_bbox', 'od_contrast')",n_gt_mitotic,89,89,True,
TABLE_A,"('245.tiff', 'hem_bbox', 'od_contrast')",n_detections,98,98,True,
TABLE_A,"('245.tiff', 'hem_bbox', 'od_contrast')",budget_delivered_10,10,10,True,
TABLE_A,"('245.tiff', 'hem_bbox', 'od_contrast')",tp_at_10,1,1,True,
TABLE_A,"('245.tiff', 'hem_bbox', 'od_contrast')",precision_at_10,0.1,0.1,True,
TABLE_A,"('245.tiff', 'hem_bbox', 'od_contrast')",budget_delivered_20,20,20,True,
TABLE_A,"('245.tiff', 'hem_bbox', 'od_contrast')",tp_at_20,2,2,True,
TABLE_A,"('245.tiff', 'hem_bbox', 'od_contrast')",precision_at_20,0.1,0.1,True,
TABLE_A,"('245.tiff', 'hem_bbox', 'od_contrast')",budget_delivered_30,30,30,True,
TABLE_A,"('245.tiff', 'hem_bbox', 'od_contrast')",tp_at_30,4,4,True,
TABLE_A,"('245.tiff', 'hem_bbox', 'od_contrast')",precision_at_30,0.1333,0.1333,True,
TABLE_A,"('245.tiff', 'hem_bbox', 'od_contrast')",budget_delivered_50,50,50,True,
TABLE_A,"('245.tiff', 'hem_bbox', 'od_contrast')",tp_at_50,12,12,True,
TABLE_A,"('245.tiff', 'hem_bbox', 'od_contrast')",precision_at_50,0.24,0.24,True,
TABLE_A,"('245.tiff', 'hem_bbox', 'od_contrast')",domain,canine lymphosarcoma,canine lymphosarcoma,True,
TABLE_A,"('245.tiff', 'gray_bbox', 'tm_score')",n_gt_mitotic,89,89,True,
TABLE_A,"('245.tiff', 'gray_bbox', 'tm_score')",n_detections,97,97,True,
TABLE_A,"('245.tiff', 'gray_bbox', 'tm_score')",budget_delivered_10,10,10,True,
TABLE_A,"('245.tiff', 'gray_bbox', 'tm_score')",tp_at_10,1,1,True,
TABLE_A,"('245.tiff', 'gray_bbox', 'tm_score')",precision_at_10,0.1,0.1,True,
TABLE_A,"('245.tiff', 'gray_bbox', 'tm_score')",budget_delivered_20,20,20,True,
TABLE_A,"('245.tiff', 'gray_bbox', 'tm_score')",tp_at_20,2,2,True,
TABLE_A,"('245.tiff', 'gray_bbox', 'tm_score')",precision_at_20,0.1,0.1,True,
TABLE_A,"('245.tiff', 'gray_bbox', 'tm_score')",budget_delivered_30,30,30,True,
TABLE_A,"('245.tiff', 'gray_bbox', 'tm_score')",tp_at_30,3,3,True,
TABLE_A,"('245.tiff', 'gray_bbox', 'tm_score')",precision_at_30,0.1,0.1,True,
TABLE_A,"('245.tiff', 'gray_bbox', 'tm_score')",budget_delivered_50,50,50,True,
TABLE_A,"('245.tiff', 'gray_bbox', 'tm_score')",tp_at_50,6,6,True,
TABLE_A,"('245.tiff', 'gray_bbox', 'tm_score')",precision_at_50,0.12,0.12,True,
TABLE_A,"('245.tiff', 'gray_bbox', 'tm_score')",domain,canine lymphosarcoma,canine lymphosarcoma,True,
TABLE_A,"('245.tiff', 'gray_bbox', 'chromatin_od')",n_gt_mitotic,89,89,True,
TABLE_A,"('245.tiff', 'gray_bbox', 'chromatin_od')",n_detections,97,97,True,
TABLE_A,"('245.tiff', 'gray_bbox', 'chromatin_od')",budget_delivered_10,10,10,True,
TABLE_A,"('245.tiff', 'gray_bbox', 'chromatin_od')",tp_at_10,1,1,True,
TABLE_A,"('245.tiff', 'gray_bbox', 'chromatin_od')",precision_at_10,0.1,0.1,True,
TABLE_A,"('245.tiff', 'gray_bbox', 'chromatin_od')",budget_delivered_20,20,20,True,
TABLE_A,"('245.tiff', 'gray_bbox', 'chromatin_od')",tp_at_20,4,4,True,
TABLE_A,"('245.tiff', 'gray_bbox', 'chromatin_od')",precision_at_20,0.2,0.2,True,
TABLE_A,"('245.tiff', 'gray_bbox', 'chromatin_od')",budget_delivered_30,30,30,True,
TABLE_A,"('245.tiff', 'gray_bbox', 'chromatin_od')",tp_at_30,7,7,True,
TABLE_A,"('245.tiff', 'gray_bbox', 'chromatin_od')",precision_at_30,0.2333,0.2333,True,
TABLE_A,"('245.tiff', 'gray_bbox', 'chromatin_od')",budget_delivered_50,50,50,True,
TABLE_A,"('245.tiff', 'gray_bbox', 'chromatin_od')",tp_at_50,8,8,True,
TABLE_A,"('245.tiff', 'gray_bbox', 'chromatin_od')",precision_at_50,0.16,0.16,True,
TABLE_A,"('245.tiff', 'gray_bbox', 'chromatin_od')",domain,canine lymphosarcoma,canine lymphosarcoma,True,
TABLE_A,"('245.tiff', 'gray_bbox', 'od_contrast')",n_gt_mitotic,89,89,True,
TABLE_A,"('245.tiff', 'gray_bbox', 'od_contrast')",n_detections,97,97,True,
TABLE_A,"('245.tiff', 'gray_bbox', 'od_contrast')",budget_delivered_10,10,10,True,
TABLE_A,"('245.tiff', 'gray_bbox', 'od_contrast')",tp_at_10,1,1,True,
TABLE_A,"('245.tiff', 'gray_bbox', 'od_contrast')",precision_at_10,0.1,0.1,True,
TABLE_A,"('245.tiff', 'gray_bbox', 'od_contrast')",budget_delivered_20,20,20,True,
TABLE_A,"('245.tiff', 'gray_bbox', 'od_contrast')",tp_at_20,5,5,True,
TABLE_A,"('245.tiff', 'gray_bbox', 'od_contrast')",precision_at_20,0.25,0.25,True,
TABLE_A,"('245.tiff', 'gray_bbox', 'od_contrast')",budget_delivered_30,30,30,True,
TABLE_A,"('245.tiff', 'gray_bbox', 'od_contrast')",tp_at_30,6,6,True,
TABLE_A,"('245.tiff', 'gray_bbox', 'od_contrast')",precision_at_30,0.2,0.2,True,
TABLE_A,"('245.tiff', 'gray_bbox', 'od_contrast')",budget_delivered_50,50,50,True,
TABLE_A,"('245.tiff', 'gray_bbox', 'od_contrast')",tp_at_50,8,8,True,
TABLE_A,"('245.tiff', 'gray_bbox', 'od_contrast')",precision_at_50,0.16,0.16,True,
TABLE_A,"('245.tiff', 'gray_bbox', 'od_contrast')",domain,canine lymphosarcoma,canine lymphosarcoma,True,
TABLE_A,"('246.tiff', 'hem_bbox', 'tm_score')",n_gt_mitotic,115,115,True,
TABLE_A,"('246.tiff', 'hem_bbox', 'tm_score')",n_detections,94,94,True,
TABLE_A,"('246.tiff', 'hem_bbox', 'tm_score')",budget_delivered_10,10,10,True,
TABLE_A,"('246.tiff', 'hem_bbox', 'tm_score')",tp_at_10,8,8,True,
TABLE_A,"('246.tiff', 'hem_bbox', 'tm_score')",precision_at_10,0.8,0.8,True,
TABLE_A,"('246.tiff', 'hem_bbox', 'tm_score')",budget_delivered_20,20,20,True,
TABLE_A,"('246.tiff', 'hem_bbox', 'tm_score')",tp_at_20,14,14,True,
TABLE_A,"('246.tiff', 'hem_bbox', 'tm_score')",precision_at_20,0.7,0.7,True,
TABLE_A,"('246.tiff', 'hem_bbox', 'tm_score')",budget_delivered_30,30,30,True,
TABLE_A,"('246.tiff', 'hem_bbox', 'tm_score')",tp_at_30,16,16,True,
TABLE_A,"('246.tiff', 'hem_bbox', 'tm_score')",precision_at_30,0.5333,0.5333,True,
TABLE_A,"('246.tiff', 'hem_bbox', 'tm_score')",budget_delivered_50,50,50,True,
TABLE_A,"('246.tiff', 'hem_bbox', 'tm_score')",tp_at_50,22,22,True,
TABLE_A,"('246.tiff', 'hem_bbox', 'tm_score')",precision_at_50,0.44,0.44,True,
TABLE_A,"('246.tiff', 'hem_bbox', 'tm_score')",domain,canine lymphosarcoma,canine lymphosarcoma,True,
TABLE_A,"('246.tiff', 'hem_bbox', 'chromatin_od')",n_gt_mitotic,115,115,True,
TABLE_A,"('246.tiff', 'hem_bbox', 'chromatin_od')",n_detections,94,94,True,
TABLE_A,"('246.tiff', 'hem_bbox', 'chromatin_od')",budget_delivered_10,10,10,True,
TABLE_A,"('246.tiff', 'hem_bbox', 'chromatin_od')",tp_at_10,10,10,True,
TABLE_A,"('246.tiff', 'hem_bbox', 'chromatin_od')",precision_at_10,1.0,1.0,True,
TABLE_A,"('246.tiff', 'hem_bbox', 'chromatin_od')",budget_delivered_20,20,20,True,
TABLE_A,"('246.tiff', 'hem_bbox', 'chromatin_od')",tp_at_20,16,16,True,
TABLE_A,"('246.tiff', 'hem_bbox', 'chromatin_od')",precision_at_20,0.8,0.8,True,
TABLE_A,"('246.tiff', 'hem_bbox', 'chromatin_od')",budget_delivered_30,30,30,True,
TABLE_A,"('246.tiff', 'hem_bbox', 'chromatin_od')",tp_at_30,22,22,True,
TABLE_A,"('246.tiff', 'hem_bbox', 'chromatin_od')",precision_at_30,0.7333,0.7333,True,
TABLE_A,"('246.tiff', 'hem_bbox', 'chromatin_od')",budget_delivered_50,50,50,True,
TABLE_A,"('246.tiff', 'hem_bbox', 'chromatin_od')",tp_at_50,29,29,True,
TABLE_A,"('246.tiff', 'hem_bbox', 'chromatin_od')",precision_at_50,0.58,0.58,True,
TABLE_A,"('246.tiff', 'hem_bbox', 'chromatin_od')",domain,canine lymphosarcoma,canine lymphosarcoma,True,
TABLE_A,"('246.tiff', 'hem_bbox', 'od_contrast')",n_gt_mitotic,115,115,True,
TABLE_A,"('246.tiff', 'hem_bbox', 'od_contrast')",n_detections,94,94,True,
TABLE_A,"('246.tiff', 'hem_bbox', 'od_contrast')",budget_delivered_10,10,10,True,
TABLE_A,"('246.tiff', 'hem_bbox', 'od_contrast')",tp_at_10,10,10,True,
TABLE_A,"('246.tiff', 'hem_bbox', 'od_contrast')",precision_at_10,1.0,1.0,True,
TABLE_A,"('246.tiff', 'hem_bbox', 'od_contrast')",budget_delivered_20,20,20,True,
TABLE_A,"('246.tiff', 'hem_bbox', 'od_contrast')",tp_at_20,17,17,True,
TABLE_A,"('246.tiff', 'hem_bbox', 'od_contrast')",precision_at_20,0.85,0.85,True,
TABLE_A,"('246.tiff', 'hem_bbox', 'od_contrast')",budget_delivered_30,30,30,True,
TABLE_A,"('246.tiff', 'hem_bbox', 'od_contrast')",tp_at_30,20,20,True,
TABLE_A,"('246.tiff', 'hem_bbox', 'od_contrast')",precision_at_30,0.6667,0.6667,True,
TABLE_A,"('246.tiff', 'hem_bbox', 'od_contrast')",budget_delivered_50,50,50,True,
TABLE_A,"('246.tiff', 'hem_bbox', 'od_contrast')",tp_at_50,28,28,True,
TABLE_A,"('246.tiff', 'hem_bbox', 'od_contrast')",precision_at_50,0.56,0.56,True,
TABLE_A,"('246.tiff', 'hem_bbox', 'od_contrast')",domain,canine lymphosarcoma,canine lymphosarcoma,True,
TABLE_A,"('246.tiff', 'gray_bbox', 'tm_score')",n_gt_mitotic,115,115,True,
TABLE_A,"('246.tiff', 'gray_bbox', 'tm_score')",n_detections,96,96,True,
TABLE_A,"('246.tiff', 'gray_bbox', 'tm_score')",budget_delivered_10,10,10,True,
TABLE_A,"('246.tiff', 'gray_bbox', 'tm_score')",tp_at_10,10,10,True,
TABLE_A,"('246.tiff', 'gray_bbox', 'tm_score')",precision_at_10,1.0,1.0,True,
TABLE_A,"('246.tiff', 'gray_bbox', 'tm_score')",budget_delivered_20,20,20,True,
TABLE_A,"('246.tiff', 'gray_bbox', 'tm_score')",tp_at_20,18,18,True,
TABLE_A,"('246.tiff', 'gray_bbox', 'tm_score')",precision_at_20,0.9,0.9,True,
TABLE_A,"('246.tiff', 'gray_bbox', 'tm_score')",budget_delivered_30,30,30,True,
TABLE_A,"('246.tiff', 'gray_bbox', 'tm_score')",tp_at_30,24,24,True,
TABLE_A,"('246.tiff', 'gray_bbox', 'tm_score')",precision_at_30,0.8,0.8,True,
TABLE_A,"('246.tiff', 'gray_bbox', 'tm_score')",budget_delivered_50,50,50,True,
TABLE_A,"('246.tiff', 'gray_bbox', 'tm_score')",tp_at_50,31,31,True,
TABLE_A,"('246.tiff', 'gray_bbox', 'tm_score')",precision_at_50,0.62,0.62,True,
TABLE_A,"('246.tiff', 'gray_bbox', 'tm_score')",domain,canine lymphosarcoma,canine lymphosarcoma,True,
TABLE_A,"('246.tiff', 'gray_bbox', 'chromatin_od')",n_gt_mitotic,115,115,True,
TABLE_A,"('246.tiff', 'gray_bbox', 'chromatin_od')",n_detections,96,96,True,
TABLE_A,"('246.tiff', 'gray_bbox', 'chromatin_od')",budget_delivered_10,10,10,True,
TABLE_A,"('246.tiff', 'gray_bbox', 'chromatin_od')",tp_at_10,10,10,True,
TABLE_A,"('246.tiff', 'gray_bbox', 'chromatin_od')",precision_at_10,1.0,1.0,True,
TABLE_A,"('246.tiff', 'gray_bbox', 'chromatin_od')",budget_delivered_20,20,20,True,
TABLE_A,"('246.tiff', 'gray_bbox', 'chromatin_od')",tp_at_20,14,14,True,
TABLE_A,"('246.tiff', 'gray_bbox', 'chromatin_od')",precision_at_20,0.7,0.7,True,
TABLE_A,"('246.tiff', 'gray_bbox', 'chromatin_od')",budget_delivered_30,30,30,True,
TABLE_A,"('246.tiff', 'gray_bbox', 'chromatin_od')",tp_at_30,21,21,True,
TABLE_A,"('246.tiff', 'gray_bbox', 'chromatin_od')",precision_at_30,0.7,0.7,True,
TABLE_A,"('246.tiff', 'gray_bbox', 'chromatin_od')",budget_delivered_50,50,50,True,
TABLE_A,"('246.tiff', 'gray_bbox', 'chromatin_od')",tp_at_50,33,33,True,
TABLE_A,"('246.tiff', 'gray_bbox', 'chromatin_od')",precision_at_50,0.66,0.66,True,
TABLE_A,"('246.tiff', 'gray_bbox', 'chromatin_od')",domain,canine lymphosarcoma,canine lymphosarcoma,True,
TABLE_A,"('246.tiff', 'gray_bbox', 'od_contrast')",n_gt_mitotic,115,115,True,
TABLE_A,"('246.tiff', 'gray_bbox', 'od_contrast')",n_detections,96,96,True,
TABLE_A,"('246.tiff', 'gray_bbox', 'od_contrast')",budget_delivered_10,10,10,True,
TABLE_A,"('246.tiff', 'gray_bbox', 'od_contrast')",tp_at_10,10,10,True,
TABLE_A,"('246.tiff', 'gray_bbox', 'od_contrast')",precision_at_10,1.0,1.0,True,
TABLE_A,"('246.tiff', 'gray_bbox', 'od_contrast')",budget_delivered_20,20,20,True,
TABLE_A,"('246.tiff', 'gray_bbox', 'od_contrast')",tp_at_20,15,15,True,
TABLE_A,"('246.tiff', 'gray_bbox', 'od_contrast')",precision_at_20,0.75,0.75,True,
TABLE_A,"('246.tiff', 'gray_bbox', 'od_contrast')",budget_delivered_30,30,30,True,
TABLE_A,"('246.tiff', 'gray_bbox', 'od_contrast')",tp_at_30,21,21,True,
TABLE_A,"('246.tiff', 'gray_bbox', 'od_contrast')",precision_at_30,0.7,0.7,True,
TABLE_A,"('246.tiff', 'gray_bbox', 'od_contrast')",budget_delivered_50,50,50,True,
TABLE_A,"('246.tiff', 'gray_bbox', 'od_contrast')",tp_at_50,34,34,True,
TABLE_A,"('246.tiff', 'gray_bbox', 'od_contrast')",precision_at_50,0.68,0.68,True,
TABLE_A,"('246.tiff', 'gray_bbox', 'od_contrast')",domain,canine lymphosarcoma,canine lymphosarcoma,True,
TABLE_A,"('459.tiff', 'hem_bbox', 'tm_score')",n_gt_mitotic,130,130,True,
TABLE_A,"('459.tiff', 'hem_bbox', 'tm_score')",n_detections,99,99,True,
TABLE_A,"('459.tiff', 'hem_bbox', 'tm_score')",budget_delivered_10,10,10,True,
TABLE_A,"('459.tiff', 'hem_bbox', 'tm_score')",tp_at_10,4,4,True,
TABLE_A,"('459.tiff', 'hem_bbox', 'tm_score')",precision_at_10,0.4,0.4,True,
TABLE_A,"('459.tiff', 'hem_bbox', 'tm_score')",budget_delivered_20,20,20,True,
TABLE_A,"('459.tiff', 'hem_bbox', 'tm_score')",tp_at_20,9,9,True,
TABLE_A,"('459.tiff', 'hem_bbox', 'tm_score')",precision_at_20,0.45,0.45,True,
TABLE_A,"('459.tiff', 'hem_bbox', 'tm_score')",budget_delivered_30,30,30,True,
TABLE_A,"('459.tiff', 'hem_bbox', 'tm_score')",tp_at_30,15,15,True,
TABLE_A,"('459.tiff', 'hem_bbox', 'tm_score')",precision_at_30,0.5,0.5,True,
TABLE_A,"('459.tiff', 'hem_bbox', 'tm_score')",budget_delivered_50,50,50,True,
TABLE_A,"('459.tiff', 'hem_bbox', 'tm_score')",tp_at_50,23,23,True,
TABLE_A,"('459.tiff', 'hem_bbox', 'tm_score')",precision_at_50,0.46,0.46,True,
TABLE_A,"('459.tiff', 'hem_bbox', 'tm_score')",domain,canine soft tissue sarcoma,canine soft tissue sarcoma,True,
TABLE_A,"('459.tiff', 'hem_bbox', 'chromatin_od')",n_gt_mitotic,130,130,True,
TABLE_A,"('459.tiff', 'hem_bbox', 'chromatin_od')",n_detections,99,99,True,
TABLE_A,"('459.tiff', 'hem_bbox', 'chromatin_od')",budget_delivered_10,10,10,True,
TABLE_A,"('459.tiff', 'hem_bbox', 'chromatin_od')",tp_at_10,9,9,True,
TABLE_A,"('459.tiff', 'hem_bbox', 'chromatin_od')",precision_at_10,0.9,0.9,True,
TABLE_A,"('459.tiff', 'hem_bbox', 'chromatin_od')",budget_delivered_20,20,20,True,
TABLE_A,"('459.tiff', 'hem_bbox', 'chromatin_od')",tp_at_20,17,17,True,
TABLE_A,"('459.tiff', 'hem_bbox', 'chromatin_od')",precision_at_20,0.85,0.85,True,
TABLE_A,"('459.tiff', 'hem_bbox', 'chromatin_od')",budget_delivered_30,30,30,True,
TABLE_A,"('459.tiff', 'hem_bbox', 'chromatin_od')",tp_at_30,25,25,True,
TABLE_A,"('459.tiff', 'hem_bbox', 'chromatin_od')",precision_at_30,0.8333,0.8333,True,
TABLE_A,"('459.tiff', 'hem_bbox', 'chromatin_od')",budget_delivered_50,50,50,True,
TABLE_A,"('459.tiff', 'hem_bbox', 'chromatin_od')",tp_at_50,31,31,True,
TABLE_A,"('459.tiff', 'hem_bbox', 'chromatin_od')",precision_at_50,0.62,0.62,True,
TABLE_A,"('459.tiff', 'hem_bbox', 'chromatin_od')",domain,canine soft tissue sarcoma,canine soft tissue sarcoma,True,
TABLE_A,"('459.tiff', 'hem_bbox', 'od_contrast')",n_gt_mitotic,130,130,True,
TABLE_A,"('459.tiff', 'hem_bbox', 'od_contrast')",n_detections,99,99,True,
TABLE_A,"('459.tiff', 'hem_bbox', 'od_contrast')",budget_delivered_10,10,10,True,
TABLE_A,"('459.tiff', 'hem_bbox', 'od_contrast')",tp_at_10,7,7,True,
TABLE_A,"('459.tiff', 'hem_bbox', 'od_contrast')",precision_at_10,0.7,0.7,True,
TABLE_A,"('459.tiff', 'hem_bbox', 'od_contrast')",budget_delivered_20,20,20,True,
TABLE_A,"('459.tiff', 'hem_bbox', 'od_contrast')",tp_at_20,15,15,True,
TABLE_A,"('459.tiff', 'hem_bbox', 'od_contrast')",precision_at_20,0.75,0.75,True,
TABLE_A,"('459.tiff', 'hem_bbox', 'od_contrast')",budget_delivered_30,30,30,True,
TABLE_A,"('459.tiff', 'hem_bbox', 'od_contrast')",tp_at_30,21,21,True,
TABLE_A,"('459.tiff', 'hem_bbox', 'od_contrast')",precision_at_30,0.7,0.7,True,
TABLE_A,"('459.tiff', 'hem_bbox', 'od_contrast')",budget_delivered_50,50,50,True,
TABLE_A,"('459.tiff', 'hem_bbox', 'od_contrast')",tp_at_50,31,31,True,
TABLE_A,"('459.tiff', 'hem_bbox', 'od_contrast')",precision_at_50,0.62,0.62,True,
TABLE_A,"('459.tiff', 'hem_bbox', 'od_contrast')",domain,canine soft tissue sarcoma,canine soft tissue sarcoma,True,
TABLE_A,"('459.tiff', 'gray_bbox', 'tm_score')",n_gt_mitotic,130,130,True,
TABLE_A,"('459.tiff', 'gray_bbox', 'tm_score')",n_detections,99,99,True,
TABLE_A,"('459.tiff', 'gray_bbox', 'tm_score')",budget_delivered_10,10,10,True,
TABLE_A,"('459.tiff', 'gray_bbox', 'tm_score')",tp_at_10,6,6,True,
TABLE_A,"('459.tiff', 'gray_bbox', 'tm_score')",precision_at_10,0.6,0.6,True,
TABLE_A,"('459.tiff', 'gray_bbox', 'tm_score')",budget_delivered_20,20,20,True,
TABLE_A,"('459.tiff', 'gray_bbox', 'tm_score')",tp_at_20,11,11,True,
TABLE_A,"('459.tiff', 'gray_bbox', 'tm_score')",precision_at_20,0.55,0.55,True,
TABLE_A,"('459.tiff', 'gray_bbox', 'tm_score')",budget_delivered_30,30,30,True,
TABLE_A,"('459.tiff', 'gray_bbox', 'tm_score')",tp_at_30,19,19,True,
TABLE_A,"('459.tiff', 'gray_bbox', 'tm_score')",precision_at_30,0.6333,0.6333,True,
TABLE_A,"('459.tiff', 'gray_bbox', 'tm_score')",budget_delivered_50,50,50,True,
TABLE_A,"('459.tiff', 'gray_bbox', 'tm_score')",tp_at_50,26,26,True,
TABLE_A,"('459.tiff', 'gray_bbox', 'tm_score')",precision_at_50,0.52,0.52,True,
TABLE_A,"('459.tiff', 'gray_bbox', 'tm_score')",domain,canine soft tissue sarcoma,canine soft tissue sarcoma,True,
TABLE_A,"('459.tiff', 'gray_bbox', 'chromatin_od')",n_gt_mitotic,130,130,True,
TABLE_A,"('459.tiff', 'gray_bbox', 'chromatin_od')",n_detections,99,99,True,
TABLE_A,"('459.tiff', 'gray_bbox', 'chromatin_od')",budget_delivered_10,10,10,True,
TABLE_A,"('459.tiff', 'gray_bbox', 'chromatin_od')",tp_at_10,9,9,True,
TABLE_A,"('459.tiff', 'gray_bbox', 'chromatin_od')",precision_at_10,0.9,0.9,True,
TABLE_A,"('459.tiff', 'gray_bbox', 'chromatin_od')",budget_delivered_20,20,20,True,
TABLE_A,"('459.tiff', 'gray_bbox', 'chromatin_od')",tp_at_20,17,17,True,
TABLE_A,"('459.tiff', 'gray_bbox', 'chromatin_od')",precision_at_20,0.85,0.85,True,
TABLE_A,"('459.tiff', 'gray_bbox', 'chromatin_od')",budget_delivered_30,30,30,True,
TABLE_A,"('459.tiff', 'gray_bbox', 'chromatin_od')",tp_at_30,25,25,True,
TABLE_A,"('459.tiff', 'gray_bbox', 'chromatin_od')",precision_at_30,0.8333,0.8333,True,
TABLE_A,"('459.tiff', 'gray_bbox', 'chromatin_od')",budget_delivered_50,50,50,True,
TABLE_A,"('459.tiff', 'gray_bbox', 'chromatin_od')",tp_at_50,35,35,True,
TABLE_A,"('459.tiff', 'gray_bbox', 'chromatin_od')",precision_at_50,0.7,0.7,True,
TABLE_A,"('459.tiff', 'gray_bbox', 'chromatin_od')",domain,canine soft tissue sarcoma,canine soft tissue sarcoma,True,
TABLE_A,"('459.tiff', 'gray_bbox', 'od_contrast')",n_gt_mitotic,130,130,True,
TABLE_A,"('459.tiff', 'gray_bbox', 'od_contrast')",n_detections,99,99,True,
TABLE_A,"('459.tiff', 'gray_bbox', 'od_contrast')",budget_delivered_10,10,10,True,
TABLE_A,"('459.tiff', 'gray_bbox', 'od_contrast')",tp_at_10,7,7,True,
TABLE_A,"('459.tiff', 'gray_bbox', 'od_contrast')",precision_at_10,0.7,0.7,True,
TABLE_A,"('459.tiff', 'gray_bbox', 'od_contrast')",budget_delivered_20,20,20,True,
TABLE_A,"('459.tiff', 'gray_bbox', 'od_contrast')",tp_at_20,15,15,True,
TABLE_A,"('459.tiff', 'gray_bbox', 'od_contrast')",precision_at_20,0.75,0.75,True,
TABLE_A,"('459.tiff', 'gray_bbox', 'od_contrast')",budget_delivered_30,30,30,True,
TABLE_A,"('459.tiff', 'gray_bbox', 'od_contrast')",tp_at_30,20,20,True,
TABLE_A,"('459.tiff', 'gray_bbox', 'od_contrast')",precision_at_30,0.6667,0.6667,True,
TABLE_A,"('459.tiff', 'gray_bbox', 'od_contrast')",budget_delivered_50,50,50,True,
TABLE_A,"('459.tiff', 'gray_bbox', 'od_contrast')",tp_at_50,34,34,True,
TABLE_A,"('459.tiff', 'gray_bbox', 'od_contrast')",precision_at_50,0.68,0.68,True,
TABLE_A,"('459.tiff', 'gray_bbox', 'od_contrast')",domain,canine soft tissue sarcoma,canine soft tissue sarcoma,True,
TABLE_A,"('460.tiff', 'hem_bbox', 'tm_score')",n_gt_mitotic,35,35,True,
TABLE_A,"('460.tiff', 'hem_bbox', 'tm_score')",n_detections,99,99,True,
TABLE_A,"('460.tiff', 'hem_bbox', 'tm_score')",budget_delivered_10,10,10,True,
TABLE_A,"('460.tiff', 'hem_bbox', 'tm_score')",tp_at_10,7,7,True,
TABLE_A,"('460.tiff', 'hem_bbox', 'tm_score')",precision_at_10,0.7,0.7,True,
TABLE_A,"('460.tiff', 'hem_bbox', 'tm_score')",budget_delivered_20,20,20,True,
TABLE_A,"('460.tiff', 'hem_bbox', 'tm_score')",tp_at_20,9,9,True,
TABLE_A,"('460.tiff', 'hem_bbox', 'tm_score')",precision_at_20,0.45,0.45,True,
TABLE_A,"('460.tiff', 'hem_bbox', 'tm_score')",budget_delivered_30,30,30,True,
TABLE_A,"('460.tiff', 'hem_bbox', 'tm_score')",tp_at_30,11,11,True,
TABLE_A,"('460.tiff', 'hem_bbox', 'tm_score')",precision_at_30,0.3667,0.3667,True,
TABLE_A,"('460.tiff', 'hem_bbox', 'tm_score')",budget_delivered_50,50,50,True,
TABLE_A,"('460.tiff', 'hem_bbox', 'tm_score')",tp_at_50,13,13,True,
TABLE_A,"('460.tiff', 'hem_bbox', 'tm_score')",precision_at_50,0.26,0.26,True,
TABLE_A,"('460.tiff', 'hem_bbox', 'tm_score')",domain,canine soft tissue sarcoma,canine soft tissue sarcoma,True,
TABLE_A,"('460.tiff', 'hem_bbox', 'chromatin_od')",n_gt_mitotic,35,35,True,
TABLE_A,"('460.tiff', 'hem_bbox', 'chromatin_od')",n_detections,99,99,True,
TABLE_A,"('460.tiff', 'hem_bbox', 'chromatin_od')",budget_delivered_10,10,10,True,
TABLE_A,"('460.tiff', 'hem_bbox', 'chromatin_od')",tp_at_10,7,7,True,
TABLE_A,"('460.tiff', 'hem_bbox', 'chromatin_od')",precision_at_10,0.7,0.7,True,
TABLE_A,"('460.tiff', 'hem_bbox', 'chromatin_od')",budget_delivered_20,20,20,True,
TABLE_A,"('460.tiff', 'hem_bbox', 'chromatin_od')",tp_at_20,14,14,True,
TABLE_A,"('460.tiff', 'hem_bbox', 'chromatin_od')",precision_at_20,0.7,0.7,True,
TABLE_A,"('460.tiff', 'hem_bbox', 'chromatin_od')",budget_delivered_30,30,30,True,
TABLE_A,"('460.tiff', 'hem_bbox', 'chromatin_od')",tp_at_30,15,15,True,
TABLE_A,"('460.tiff', 'hem_bbox', 'chromatin_od')",precision_at_30,0.5,0.5,True,
TABLE_A,"('460.tiff', 'hem_bbox', 'chromatin_od')",budget_delivered_50,50,50,True,
TABLE_A,"('460.tiff', 'hem_bbox', 'chromatin_od')",tp_at_50,16,16,True,
TABLE_A,"('460.tiff', 'hem_bbox', 'chromatin_od')",precision_at_50,0.32,0.32,True,
TABLE_A,"('460.tiff', 'hem_bbox', 'chromatin_od')",domain,canine soft tissue sarcoma,canine soft tissue sarcoma,True,
TABLE_A,"('460.tiff', 'hem_bbox', 'od_contrast')",n_gt_mitotic,35,35,True,
TABLE_A,"('460.tiff', 'hem_bbox', 'od_contrast')",n_detections,99,99,True,
TABLE_A,"('460.tiff', 'hem_bbox', 'od_contrast')",budget_delivered_10,10,10,True,
TABLE_A,"('460.tiff', 'hem_bbox', 'od_contrast')",tp_at_10,8,8,True,
TABLE_A,"('460.tiff', 'hem_bbox', 'od_contrast')",precision_at_10,0.8,0.8,True,
TABLE_A,"('460.tiff', 'hem_bbox', 'od_contrast')",budget_delivered_20,20,20,True,
TABLE_A,"('460.tiff', 'hem_bbox', 'od_contrast')",tp_at_20,11,11,True,
TABLE_A,"('460.tiff', 'hem_bbox', 'od_contrast')",precision_at_20,0.55,0.55,True,
TABLE_A,"('460.tiff', 'hem_bbox', 'od_contrast')",budget_delivered_30,30,30,True,
TABLE_A,"('460.tiff', 'hem_bbox', 'od_contrast')",tp_at_30,14,14,True,
TABLE_A,"('460.tiff', 'hem_bbox', 'od_contrast')",precision_at_30,0.4667,0.4667,True,
TABLE_A,"('460.tiff', 'hem_bbox', 'od_contrast')",budget_delivered_50,50,50,True,
TABLE_A,"('460.tiff', 'hem_bbox', 'od_contrast')",tp_at_50,16,16,True,
TABLE_A,"('460.tiff', 'hem_bbox', 'od_contrast')",precision_at_50,0.32,0.32,True,
TABLE_A,"('460.tiff', 'hem_bbox', 'od_contrast')",domain,canine soft tissue sarcoma,canine soft tissue sarcoma,True,
TABLE_A,"('460.tiff', 'gray_bbox', 'tm_score')",n_gt_mitotic,35,35,True,
TABLE_A,"('460.tiff', 'gray_bbox', 'tm_score')",n_detections,99,99,True,
TABLE_A,"('460.tiff', 'gray_bbox', 'tm_score')",budget_delivered_10,10,10,True,
TABLE_A,"('460.tiff', 'gray_bbox', 'tm_score')",tp_at_10,7,7,True,
TABLE_A,"('460.tiff', 'gray_bbox', 'tm_score')",precision_at_10,0.7,0.7,True,
TABLE_A,"('460.tiff', 'gray_bbox', 'tm_score')",budget_delivered_20,20,20,True,
TABLE_A,"('460.tiff', 'gray_bbox', 'tm_score')",tp_at_20,10,10,True,
TABLE_A,"('460.tiff', 'gray_bbox', 'tm_score')",precision_at_20,0.5,0.5,True,
TABLE_A,"('460.tiff', 'gray_bbox', 'tm_score')",budget_delivered_30,30,30,True,
TABLE_A,"('460.tiff', 'gray_bbox', 'tm_score')",tp_at_30,12,12,True,
TABLE_A,"('460.tiff', 'gray_bbox', 'tm_score')",precision_at_30,0.4,0.4,True,
TABLE_A,"('460.tiff', 'gray_bbox', 'tm_score')",budget_delivered_50,50,50,True,
TABLE_A,"('460.tiff', 'gray_bbox', 'tm_score')",tp_at_50,15,15,True,
TABLE_A,"('460.tiff', 'gray_bbox', 'tm_score')",precision_at_50,0.3,0.3,True,
TABLE_A,"('460.tiff', 'gray_bbox', 'tm_score')",domain,canine soft tissue sarcoma,canine soft tissue sarcoma,True,
TABLE_A,"('460.tiff', 'gray_bbox', 'chromatin_od')",n_gt_mitotic,35,35,True,
TABLE_A,"('460.tiff', 'gray_bbox', 'chromatin_od')",n_detections,99,99,True,
TABLE_A,"('460.tiff', 'gray_bbox', 'chromatin_od')",budget_delivered_10,10,10,True,
TABLE_A,"('460.tiff', 'gray_bbox', 'chromatin_od')",tp_at_10,7,7,True,
TABLE_A,"('460.tiff', 'gray_bbox', 'chromatin_od')",precision_at_10,0.7,0.7,True,
TABLE_A,"('460.tiff', 'gray_bbox', 'chromatin_od')",budget_delivered_20,20,20,True,
TABLE_A,"('460.tiff', 'gray_bbox', 'chromatin_od')",tp_at_20,16,16,True,
TABLE_A,"('460.tiff', 'gray_bbox', 'chromatin_od')",precision_at_20,0.8,0.8,True,
TABLE_A,"('460.tiff', 'gray_bbox', 'chromatin_od')",budget_delivered_30,30,30,True,
TABLE_A,"('460.tiff', 'gray_bbox', 'chromatin_od')",tp_at_30,17,17,True,
TABLE_A,"('460.tiff', 'gray_bbox', 'chromatin_od')",precision_at_30,0.5667,0.5667,True,
TABLE_A,"('460.tiff', 'gray_bbox', 'chromatin_od')",budget_delivered_50,50,50,True,
TABLE_A,"('460.tiff', 'gray_bbox', 'chromatin_od')",tp_at_50,20,20,True,
TABLE_A,"('460.tiff', 'gray_bbox', 'chromatin_od')",precision_at_50,0.4,0.4,True,
TABLE_A,"('460.tiff', 'gray_bbox', 'chromatin_od')",domain,canine soft tissue sarcoma,canine soft tissue sarcoma,True,
TABLE_A,"('460.tiff', 'gray_bbox', 'od_contrast')",n_gt_mitotic,35,35,True,
TABLE_A,"('460.tiff', 'gray_bbox', 'od_contrast')",n_detections,99,99,True,
TABLE_A,"('460.tiff', 'gray_bbox', 'od_contrast')",budget_delivered_10,10,10,True,
TABLE_A,"('460.tiff', 'gray_bbox', 'od_contrast')",tp_at_10,10,10,True,
TABLE_A,"('460.tiff', 'gray_bbox', 'od_contrast')",precision_at_10,1.0,1.0,True,
TABLE_A,"('460.tiff', 'gray_bbox', 'od_contrast')",budget_delivered_20,20,20,True,
TABLE_A,"('460.tiff', 'gray_bbox', 'od_contrast')",tp_at_20,13,13,True,
TABLE_A,"('460.tiff', 'gray_bbox', 'od_contrast')",precision_at_20,0.65,0.65,True,
TABLE_A,"('460.tiff', 'gray_bbox', 'od_contrast')",budget_delivered_30,30,30,True,
TABLE_A,"('460.tiff', 'gray_bbox', 'od_contrast')",tp_at_30,17,17,True,
TABLE_A,"('460.tiff', 'gray_bbox', 'od_contrast')",precision_at_30,0.5667,0.5667,True,
TABLE_A,"('460.tiff', 'gray_bbox', 'od_contrast')",budget_delivered_50,50,50,True,
TABLE_A,"('460.tiff', 'gray_bbox', 'od_contrast')",tp_at_50,19,19,True,
TABLE_A,"('460.tiff', 'gray_bbox', 'od_contrast')",precision_at_50,0.38,0.38,True,
TABLE_A,"('460.tiff', 'gray_bbox', 'od_contrast')",domain,canine soft tissue sarcoma,canine soft tissue sarcoma,True,
TABLE_A,"('013.tiff', 'hem_bbox', 'tm_score')",n_gt_mitotic,17,17,True,
TABLE_A,"('013.tiff', 'hem_bbox', 'tm_score')",n_detections,98,98,True,
TABLE_A,"('013.tiff', 'hem_bbox', 'tm_score')",budget_delivered_10,10,10,True,
TABLE_A,"('013.tiff', 'hem_bbox', 'tm_score')",tp_at_10,6,6,True,
TABLE_A,"('013.tiff', 'hem_bbox', 'tm_score')",precision_at_10,0.6,0.6,True,
TABLE_A,"('013.tiff', 'hem_bbox', 'tm_score')",budget_delivered_20,20,20,True,
TABLE_A,"('013.tiff', 'hem_bbox', 'tm_score')",tp_at_20,6,6,True,
TABLE_A,"('013.tiff', 'hem_bbox', 'tm_score')",precision_at_20,0.3,0.3,True,
TABLE_A,"('013.tiff', 'hem_bbox', 'tm_score')",budget_delivered_30,30,30,True,
TABLE_A,"('013.tiff', 'hem_bbox', 'tm_score')",tp_at_30,7,7,True,
TABLE_A,"('013.tiff', 'hem_bbox', 'tm_score')",precision_at_30,0.2333,0.2333,True,
TABLE_A,"('013.tiff', 'hem_bbox', 'tm_score')",budget_delivered_50,50,50,True,
TABLE_A,"('013.tiff', 'hem_bbox', 'tm_score')",tp_at_50,7,7,True,
TABLE_A,"('013.tiff', 'hem_bbox', 'tm_score')",precision_at_50,0.14,0.14,True,
TABLE_A,"('013.tiff', 'hem_bbox', 'tm_score')",domain,human breast cancer,human breast cancer,True,
TABLE_A,"('013.tiff', 'hem_bbox', 'chromatin_od')",n_gt_mitotic,17,17,True,
TABLE_A,"('013.tiff', 'hem_bbox', 'chromatin_od')",n_detections,98,98,True,
TABLE_A,"('013.tiff', 'hem_bbox', 'chromatin_od')",budget_delivered_10,10,10,True,
TABLE_A,"('013.tiff', 'hem_bbox', 'chromatin_od')",tp_at_10,6,6,True,
TABLE_A,"('013.tiff', 'hem_bbox', 'chromatin_od')",precision_at_10,0.6,0.6,True,
TABLE_A,"('013.tiff', 'hem_bbox', 'chromatin_od')",budget_delivered_20,20,20,True,
TABLE_A,"('013.tiff', 'hem_bbox', 'chromatin_od')",tp_at_20,9,9,True,
TABLE_A,"('013.tiff', 'hem_bbox', 'chromatin_od')",precision_at_20,0.45,0.45,True,
TABLE_A,"('013.tiff', 'hem_bbox', 'chromatin_od')",budget_delivered_30,30,30,True,
TABLE_A,"('013.tiff', 'hem_bbox', 'chromatin_od')",tp_at_30,10,10,True,
TABLE_A,"('013.tiff', 'hem_bbox', 'chromatin_od')",precision_at_30,0.3333,0.3333,True,
TABLE_A,"('013.tiff', 'hem_bbox', 'chromatin_od')",budget_delivered_50,50,50,True,
TABLE_A,"('013.tiff', 'hem_bbox', 'chromatin_od')",tp_at_50,10,10,True,
TABLE_A,"('013.tiff', 'hem_bbox', 'chromatin_od')",precision_at_50,0.2,0.2,True,
TABLE_A,"('013.tiff', 'hem_bbox', 'chromatin_od')",domain,human breast cancer,human breast cancer,True,
TABLE_A,"('013.tiff', 'hem_bbox', 'od_contrast')",n_gt_mitotic,17,17,True,
TABLE_A,"('013.tiff', 'hem_bbox', 'od_contrast')",n_detections,98,98,True,
TABLE_A,"('013.tiff', 'hem_bbox', 'od_contrast')",budget_delivered_10,10,10,True,
TABLE_A,"('013.tiff', 'hem_bbox', 'od_contrast')",tp_at_10,5,5,True,
TABLE_A,"('013.tiff', 'hem_bbox', 'od_contrast')",precision_at_10,0.5,0.5,True,
TABLE_A,"('013.tiff', 'hem_bbox', 'od_contrast')",budget_delivered_20,20,20,True,
TABLE_A,"('013.tiff', 'hem_bbox', 'od_contrast')",tp_at_20,9,9,True,
TABLE_A,"('013.tiff', 'hem_bbox', 'od_contrast')",precision_at_20,0.45,0.45,True,
TABLE_A,"('013.tiff', 'hem_bbox', 'od_contrast')",budget_delivered_30,30,30,True,
TABLE_A,"('013.tiff', 'hem_bbox', 'od_contrast')",tp_at_30,9,9,True,
TABLE_A,"('013.tiff', 'hem_bbox', 'od_contrast')",precision_at_30,0.3,0.3,True,
TABLE_A,"('013.tiff', 'hem_bbox', 'od_contrast')",budget_delivered_50,50,50,True,
TABLE_A,"('013.tiff', 'hem_bbox', 'od_contrast')",tp_at_50,10,10,True,
TABLE_A,"('013.tiff', 'hem_bbox', 'od_contrast')",precision_at_50,0.2,0.2,True,
TABLE_A,"('013.tiff', 'hem_bbox', 'od_contrast')",domain,human breast cancer,human breast cancer,True,
TABLE_A,"('013.tiff', 'gray_bbox', 'tm_score')",n_gt_mitotic,17,17,True,
TABLE_A,"('013.tiff', 'gray_bbox', 'tm_score')",n_detections,97,97,True,
TABLE_A,"('013.tiff', 'gray_bbox', 'tm_score')",budget_delivered_10,10,10,True,
TABLE_A,"('013.tiff', 'gray_bbox', 'tm_score')",tp_at_10,6,6,True,
TABLE_A,"('013.tiff', 'gray_bbox', 'tm_score')",precision_at_10,0.6,0.6,True,
TABLE_A,"('013.tiff', 'gray_bbox', 'tm_score')",budget_delivered_20,20,20,True,
TABLE_A,"('013.tiff', 'gray_bbox', 'tm_score')",tp_at_20,6,6,True,
TABLE_A,"('013.tiff', 'gray_bbox', 'tm_score')",precision_at_20,0.3,0.3,True,
TABLE_A,"('013.tiff', 'gray_bbox', 'tm_score')",budget_delivered_30,30,30,True,
TABLE_A,"('013.tiff', 'gray_bbox', 'tm_score')",tp_at_30,7,7,True,
TABLE_A,"('013.tiff', 'gray_bbox', 'tm_score')",precision_at_30,0.2333,0.2333,True,
TABLE_A,"('013.tiff', 'gray_bbox', 'tm_score')",budget_delivered_50,50,50,True,
TABLE_A,"('013.tiff', 'gray_bbox', 'tm_score')",tp_at_50,7,7,True,
TABLE_A,"('013.tiff', 'gray_bbox', 'tm_score')",precision_at_50,0.14,0.14,True,
TABLE_A,"('013.tiff', 'gray_bbox', 'tm_score')",domain,human breast cancer,human breast cancer,True,
TABLE_A,"('013.tiff', 'gray_bbox', 'chromatin_od')",n_gt_mitotic,17,17,True,
TABLE_A,"('013.tiff', 'gray_bbox', 'chromatin_od')",n_detections,97,97,True,
TABLE_A,"('013.tiff', 'gray_bbox', 'chromatin_od')",budget_delivered_10,10,10,True,
TABLE_A,"('013.tiff', 'gray_bbox', 'chromatin_od')",tp_at_10,6,6,True,
TABLE_A,"('013.tiff', 'gray_bbox', 'chromatin_od')",precision_at_10,0.6,0.6,True,
TABLE_A,"('013.tiff', 'gray_bbox', 'chromatin_od')",budget_delivered_20,20,20,True,
TABLE_A,"('013.tiff', 'gray_bbox', 'chromatin_od')",tp_at_20,8,8,True,
TABLE_A,"('013.tiff', 'gray_bbox', 'chromatin_od')",precision_at_20,0.4,0.4,True,
TABLE_A,"('013.tiff', 'gray_bbox', 'chromatin_od')",budget_delivered_30,30,30,True,
TABLE_A,"('013.tiff', 'gray_bbox', 'chromatin_od')",tp_at_30,9,9,True,
TABLE_A,"('013.tiff', 'gray_bbox', 'chromatin_od')",precision_at_30,0.3,0.3,True,
TABLE_A,"('013.tiff', 'gray_bbox', 'chromatin_od')",budget_delivered_50,50,50,True,
TABLE_A,"('013.tiff', 'gray_bbox', 'chromatin_od')",tp_at_50,9,9,True,
TABLE_A,"('013.tiff', 'gray_bbox', 'chromatin_od')",precision_at_50,0.18,0.18,True,
TABLE_A,"('013.tiff', 'gray_bbox', 'chromatin_od')",domain,human breast cancer,human breast cancer,True,
TABLE_A,"('013.tiff', 'gray_bbox', 'od_contrast')",n_gt_mitotic,17,17,True,
TABLE_A,"('013.tiff', 'gray_bbox', 'od_contrast')",n_detections,97,97,True,
TABLE_A,"('013.tiff', 'gray_bbox', 'od_contrast')",budget_delivered_10,10,10,True,
TABLE_A,"('013.tiff', 'gray_bbox', 'od_contrast')",tp_at_10,5,5,True,
TABLE_A,"('013.tiff', 'gray_bbox', 'od_contrast')",precision_at_10,0.5,0.5,True,
TABLE_A,"('013.tiff', 'gray_bbox', 'od_contrast')",budget_delivered_20,20,20,True,
TABLE_A,"('013.tiff', 'gray_bbox', 'od_contrast')",tp_at_20,8,8,True,
TABLE_A,"('013.tiff', 'gray_bbox', 'od_contrast')",precision_at_20,0.4,0.4,True,
TABLE_A,"('013.tiff', 'gray_bbox', 'od_contrast')",budget_delivered_30,30,30,True,
TABLE_A,"('013.tiff', 'gray_bbox', 'od_contrast')",tp_at_30,8,8,True,
TABLE_A,"('013.tiff', 'gray_bbox', 'od_contrast')",precision_at_30,0.2667,0.2667,True,
TABLE_A,"('013.tiff', 'gray_bbox', 'od_contrast')",budget_delivered_50,50,50,True,
TABLE_A,"('013.tiff', 'gray_bbox', 'od_contrast')",tp_at_50,9,9,True,
TABLE_A,"('013.tiff', 'gray_bbox', 'od_contrast')",precision_at_50,0.18,0.18,True,
TABLE_A,"('013.tiff', 'gray_bbox', 'od_contrast')",domain,human breast cancer,human breast cancer,True,
TABLE_A,"('094.tiff', 'hem_bbox', 'tm_score')",n_gt_mitotic,81,81,True,
TABLE_A,"('094.tiff', 'hem_bbox', 'tm_score')",n_detections,98,98,True,
TABLE_A,"('094.tiff', 'hem_bbox', 'tm_score')",budget_delivered_10,10,10,True,
TABLE_A,"('094.tiff', 'hem_bbox', 'tm_score')",tp_at_10,5,5,True,
TABLE_A,"('094.tiff', 'hem_bbox', 'tm_score')",precision_at_10,0.5,0.5,True,
TABLE_A,"('094.tiff', 'hem_bbox', 'tm_score')",budget_delivered_20,20,20,True,
TABLE_A,"('094.tiff', 'hem_bbox', 'tm_score')",tp_at_20,9,9,True,
TABLE_A,"('094.tiff', 'hem_bbox', 'tm_score')",precision_at_20,0.45,0.45,True,
TABLE_A,"('094.tiff', 'hem_bbox', 'tm_score')",budget_delivered_30,30,30,True,
TABLE_A,"('094.tiff', 'hem_bbox', 'tm_score')",tp_at_30,15,15,True,
TABLE_A,"('094.tiff', 'hem_bbox', 'tm_score')",precision_at_30,0.5,0.5,True,
TABLE_A,"('094.tiff', 'hem_bbox', 'tm_score')",budget_delivered_50,50,50,True,
TABLE_A,"('094.tiff', 'hem_bbox', 'tm_score')",tp_at_50,21,21,True,
TABLE_A,"('094.tiff', 'hem_bbox', 'tm_score')",precision_at_50,0.42,0.42,True,
TABLE_A,"('094.tiff', 'hem_bbox', 'tm_score')",domain,human breast cancer,human breast cancer,True,
TABLE_A,"('094.tiff', 'hem_bbox', 'chromatin_od')",n_gt_mitotic,81,81,True,
TABLE_A,"('094.tiff', 'hem_bbox', 'chromatin_od')",n_detections,98,98,True,
TABLE_A,"('094.tiff', 'hem_bbox', 'chromatin_od')",budget_delivered_10,10,10,True,
TABLE_A,"('094.tiff', 'hem_bbox', 'chromatin_od')",tp_at_10,5,5,True,
TABLE_A,"('094.tiff', 'hem_bbox', 'chromatin_od')",precision_at_10,0.5,0.5,True,
TABLE_A,"('094.tiff', 'hem_bbox', 'chromatin_od')",budget_delivered_20,20,20,True,
TABLE_A,"('094.tiff', 'hem_bbox', 'chromatin_od')",tp_at_20,14,14,True,
TABLE_A,"('094.tiff', 'hem_bbox', 'chromatin_od')",precision_at_20,0.7,0.7,True,
TABLE_A,"('094.tiff', 'hem_bbox', 'chromatin_od')",budget_delivered_30,30,30,True,
TABLE_A,"('094.tiff', 'hem_bbox', 'chromatin_od')",tp_at_30,20,20,True,
TABLE_A,"('094.tiff', 'hem_bbox', 'chromatin_od')",precision_at_30,0.6667,0.6667,True,
TABLE_A,"('094.tiff', 'hem_bbox', 'chromatin_od')",budget_delivered_50,50,50,True,
TABLE_A,"('094.tiff', 'hem_bbox', 'chromatin_od')",tp_at_50,24,24,True,
TABLE_A,"('094.tiff', 'hem_bbox', 'chromatin_od')",precision_at_50,0.48,0.48,True,
TABLE_A,"('094.tiff', 'hem_bbox', 'chromatin_od')",domain,human breast cancer,human breast cancer,True,
TABLE_A,"('094.tiff', 'hem_bbox', 'od_contrast')",n_gt_mitotic,81,81,True,
TABLE_A,"('094.tiff', 'hem_bbox', 'od_contrast')",n_detections,98,98,True,
TABLE_A,"('094.tiff', 'hem_bbox', 'od_contrast')",budget_delivered_10,10,10,True,
TABLE_A,"('094.tiff', 'hem_bbox', 'od_contrast')",tp_at_10,6,6,True,
TABLE_A,"('094.tiff', 'hem_bbox', 'od_contrast')",precision_at_10,0.6,0.6,True,
TABLE_A,"('094.tiff', 'hem_bbox', 'od_contrast')",budget_delivered_20,20,20,True,
TABLE_A,"('094.tiff', 'hem_bbox', 'od_contrast')",tp_at_20,15,15,True,
TABLE_A,"('094.tiff', 'hem_bbox', 'od_contrast')",precision_at_20,0.75,0.75,True,
TABLE_A,"('094.tiff', 'hem_bbox', 'od_contrast')",budget_delivered_30,30,30,True,
TABLE_A,"('094.tiff', 'hem_bbox', 'od_contrast')",tp_at_30,19,19,True,
TABLE_A,"('094.tiff', 'hem_bbox', 'od_contrast')",precision_at_30,0.6333,0.6333,True,
TABLE_A,"('094.tiff', 'hem_bbox', 'od_contrast')",budget_delivered_50,50,50,True,
TABLE_A,"('094.tiff', 'hem_bbox', 'od_contrast')",tp_at_50,22,22,True,
TABLE_A,"('094.tiff', 'hem_bbox', 'od_contrast')",precision_at_50,0.44,0.44,True,
TABLE_A,"('094.tiff', 'hem_bbox', 'od_contrast')",domain,human breast cancer,human breast cancer,True,
TABLE_A,"('094.tiff', 'gray_bbox', 'tm_score')",n_gt_mitotic,81,81,True,
TABLE_A,"('094.tiff', 'gray_bbox', 'tm_score')",n_detections,96,96,True,
TABLE_A,"('094.tiff', 'gray_bbox', 'tm_score')",budget_delivered_10,10,10,True,
TABLE_A,"('094.tiff', 'gray_bbox', 'tm_score')",tp_at_10,4,4,True,
TABLE_A,"('094.tiff', 'gray_bbox', 'tm_score')",precision_at_10,0.4,0.4,True,
TABLE_A,"('094.tiff', 'gray_bbox', 'tm_score')",budget_delivered_20,20,20,True,
TABLE_A,"('094.tiff', 'gray_bbox', 'tm_score')",tp_at_20,10,10,True,
TABLE_A,"('094.tiff', 'gray_bbox', 'tm_score')",precision_at_20,0.5,0.5,True,
TABLE_A,"('094.tiff', 'gray_bbox', 'tm_score')",budget_delivered_30,30,30,True,
TABLE_A,"('094.tiff', 'gray_bbox', 'tm_score')",tp_at_30,16,16,True,
TABLE_A,"('094.tiff', 'gray_bbox', 'tm_score')",precision_at_30,0.5333,0.5333,True,
TABLE_A,"('094.tiff', 'gray_bbox', 'tm_score')",budget_delivered_50,50,50,True,
TABLE_A,"('094.tiff', 'gray_bbox', 'tm_score')",tp_at_50,22,22,True,
TABLE_A,"('094.tiff', 'gray_bbox', 'tm_score')",precision_at_50,0.44,0.44,True,
TABLE_A,"('094.tiff', 'gray_bbox', 'tm_score')",domain,human breast cancer,human breast cancer,True,
TABLE_A,"('094.tiff', 'gray_bbox', 'chromatin_od')",n_gt_mitotic,81,81,True,
TABLE_A,"('094.tiff', 'gray_bbox', 'chromatin_od')",n_detections,96,96,True,
TABLE_A,"('094.tiff', 'gray_bbox', 'chromatin_od')",budget_delivered_10,10,10,True,
TABLE_A,"('094.tiff', 'gray_bbox', 'chromatin_od')",tp_at_10,5,5,True,
TABLE_A,"('094.tiff', 'gray_bbox', 'chromatin_od')",precision_at_10,0.5,0.5,True,
TABLE_A,"('094.tiff', 'gray_bbox', 'chromatin_od')",budget_delivered_20,20,20,True,
TABLE_A,"('094.tiff', 'gray_bbox', 'chromatin_od')",tp_at_20,15,15,True,
TABLE_A,"('094.tiff', 'gray_bbox', 'chromatin_od')",precision_at_20,0.75,0.75,True,
TABLE_A,"('094.tiff', 'gray_bbox', 'chromatin_od')",budget_delivered_30,30,30,True,
TABLE_A,"('094.tiff', 'gray_bbox', 'chromatin_od')",tp_at_30,22,22,True,
TABLE_A,"('094.tiff', 'gray_bbox', 'chromatin_od')",precision_at_30,0.7333,0.7333,True,
TABLE_A,"('094.tiff', 'gray_bbox', 'chromatin_od')",budget_delivered_50,50,50,True,
TABLE_A,"('094.tiff', 'gray_bbox', 'chromatin_od')",tp_at_50,27,27,True,
TABLE_A,"('094.tiff', 'gray_bbox', 'chromatin_od')",precision_at_50,0.54,0.54,True,
TABLE_A,"('094.tiff', 'gray_bbox', 'chromatin_od')",domain,human breast cancer,human breast cancer,True,
TABLE_A,"('094.tiff', 'gray_bbox', 'od_contrast')",n_gt_mitotic,81,81,True,
TABLE_A,"('094.tiff', 'gray_bbox', 'od_contrast')",n_detections,96,96,True,
TABLE_A,"('094.tiff', 'gray_bbox', 'od_contrast')",budget_delivered_10,10,10,True,
TABLE_A,"('094.tiff', 'gray_bbox', 'od_contrast')",tp_at_10,5,5,True,
TABLE_A,"('094.tiff', 'gray_bbox', 'od_contrast')",precision_at_10,0.5,0.5,True,
TABLE_A,"('094.tiff', 'gray_bbox', 'od_contrast')",budget_delivered_20,20,20,True,
TABLE_A,"('094.tiff', 'gray_bbox', 'od_contrast')",tp_at_20,15,15,True,
TABLE_A,"('094.tiff', 'gray_bbox', 'od_contrast')",precision_at_20,0.75,0.75,True,
TABLE_A,"('094.tiff', 'gray_bbox', 'od_contrast')",budget_delivered_30,30,30,True,
TABLE_A,"('094.tiff', 'gray_bbox', 'od_contrast')",tp_at_30,21,21,True,
TABLE_A,"('094.tiff', 'gray_bbox', 'od_contrast')",precision_at_30,0.7,0.7,True,
TABLE_A,"('094.tiff', 'gray_bbox', 'od_contrast')",budget_delivered_50,50,50,True,
TABLE_A,"('094.tiff', 'gray_bbox', 'od_contrast')",tp_at_50,25,25,True,
TABLE_A,"('094.tiff', 'gray_bbox', 'od_contrast')",precision_at_50,0.5,0.5,True,
TABLE_A,"('094.tiff', 'gray_bbox', 'od_contrast')",domain,human breast cancer,human breast cancer,True,
TABLE_A,"('529.tiff', 'hem_bbox', 'tm_score')",n_gt_mitotic,19,19,True,
TABLE_A,"('529.tiff', 'hem_bbox', 'tm_score')",n_detections,96,96,True,
TABLE_A,"('529.tiff', 'hem_bbox', 'tm_score')",budget_delivered_10,10,10,True,
TABLE_A,"('529.tiff', 'hem_bbox', 'tm_score')",tp_at_10,2,2,True,
TABLE_A,"('529.tiff', 'hem_bbox', 'tm_score')",precision_at_10,0.2,0.2,True,
TABLE_A,"('529.tiff', 'hem_bbox', 'tm_score')",budget_delivered_20,20,20,True,
TABLE_A,"('529.tiff', 'hem_bbox', 'tm_score')",tp_at_20,4,4,True,
TABLE_A,"('529.tiff', 'hem_bbox', 'tm_score')",precision_at_20,0.2,0.2,True,
TABLE_A,"('529.tiff', 'hem_bbox', 'tm_score')",budget_delivered_30,30,30,True,
TABLE_A,"('529.tiff', 'hem_bbox', 'tm_score')",tp_at_30,5,5,True,
TABLE_A,"('529.tiff', 'hem_bbox', 'tm_score')",precision_at_30,0.1667,0.1667,True,
TABLE_A,"('529.tiff', 'hem_bbox', 'tm_score')",budget_delivered_50,50,50,True,
TABLE_A,"('529.tiff', 'hem_bbox', 'tm_score')",tp_at_50,6,6,True,
TABLE_A,"('529.tiff', 'hem_bbox', 'tm_score')",precision_at_50,0.12,0.12,True,
TABLE_A,"('529.tiff', 'hem_bbox', 'tm_score')",domain,human melanoma,human melanoma,True,
TABLE_A,"('529.tiff', 'hem_bbox', 'chromatin_od')",n_gt_mitotic,19,19,True,
TABLE_A,"('529.tiff', 'hem_bbox', 'chromatin_od')",n_detections,96,96,True,
TABLE_A,"('529.tiff', 'hem_bbox', 'chromatin_od')",budget_delivered_10,10,10,True,
TABLE_A,"('529.tiff', 'hem_bbox', 'chromatin_od')",tp_at_10,6,6,True,
TABLE_A,"('529.tiff', 'hem_bbox', 'chromatin_od')",precision_at_10,0.6,0.6,True,
TABLE_A,"('529.tiff', 'hem_bbox', 'chromatin_od')",budget_delivered_20,20,20,True,
TABLE_A,"('529.tiff', 'hem_bbox', 'chromatin_od')",tp_at_20,8,8,True,
TABLE_A,"('529.tiff', 'hem_bbox', 'chromatin_od')",precision_at_20,0.4,0.4,True,
TABLE_A,"('529.tiff', 'hem_bbox', 'chromatin_od')",budget_delivered_30,30,30,True,
TABLE_A,"('529.tiff', 'hem_bbox', 'chromatin_od')",tp_at_30,8,8,True,
TABLE_A,"('529.tiff', 'hem_bbox', 'chromatin_od')",precision_at_30,0.2667,0.2667,True,
TABLE_A,"('529.tiff', 'hem_bbox', 'chromatin_od')",budget_delivered_50,50,50,True,
TABLE_A,"('529.tiff', 'hem_bbox', 'chromatin_od')",tp_at_50,8,8,True,
TABLE_A,"('529.tiff', 'hem_bbox', 'chromatin_od')",precision_at_50,0.16,0.16,True,
TABLE_A,"('529.tiff', 'hem_bbox', 'chromatin_od')",domain,human melanoma,human melanoma,True,
TABLE_A,"('529.tiff', 'hem_bbox', 'od_contrast')",n_gt_mitotic,19,19,True,
TABLE_A,"('529.tiff', 'hem_bbox', 'od_contrast')",n_detections,96,96,True,
TABLE_A,"('529.tiff', 'hem_bbox', 'od_contrast')",budget_delivered_10,10,10,True,
TABLE_A,"('529.tiff', 'hem_bbox', 'od_contrast')",tp_at_10,6,6,True,
TABLE_A,"('529.tiff', 'hem_bbox', 'od_contrast')",precision_at_10,0.6,0.6,True,
TABLE_A,"('529.tiff', 'hem_bbox', 'od_contrast')",budget_delivered_20,20,20,True,
TABLE_A,"('529.tiff', 'hem_bbox', 'od_contrast')",tp_at_20,8,8,True,
TABLE_A,"('529.tiff', 'hem_bbox', 'od_contrast')",precision_at_20,0.4,0.4,True,
TABLE_A,"('529.tiff', 'hem_bbox', 'od_contrast')",budget_delivered_30,30,30,True,
TABLE_A,"('529.tiff', 'hem_bbox', 'od_contrast')",tp_at_30,8,8,True,
TABLE_A,"('529.tiff', 'hem_bbox', 'od_contrast')",precision_at_30,0.2667,0.2667,True,
TABLE_A,"('529.tiff', 'hem_bbox', 'od_contrast')",budget_delivered_50,50,50,True,
TABLE_A,"('529.tiff', 'hem_bbox', 'od_contrast')",tp_at_50,8,8,True,
TABLE_A,"('529.tiff', 'hem_bbox', 'od_contrast')",precision_at_50,0.16,0.16,True,
TABLE_A,"('529.tiff', 'hem_bbox', 'od_contrast')",domain,human melanoma,human melanoma,True,
TABLE_A,"('529.tiff', 'gray_bbox', 'tm_score')",n_gt_mitotic,19,19,True,
TABLE_A,"('529.tiff', 'gray_bbox', 'tm_score')",n_detections,97,97,True,
TABLE_A,"('529.tiff', 'gray_bbox', 'tm_score')",budget_delivered_10,10,10,True,
TABLE_A,"('529.tiff', 'gray_bbox', 'tm_score')",tp_at_10,3,3,True,
TABLE_A,"('529.tiff', 'gray_bbox', 'tm_score')",precision_at_10,0.3,0.3,True,
TABLE_A,"('529.tiff', 'gray_bbox', 'tm_score')",budget_delivered_20,20,20,True,
TABLE_A,"('529.tiff', 'gray_bbox', 'tm_score')",tp_at_20,4,4,True,
TABLE_A,"('529.tiff', 'gray_bbox', 'tm_score')",precision_at_20,0.2,0.2,True,
TABLE_A,"('529.tiff', 'gray_bbox', 'tm_score')",budget_delivered_30,30,30,True,
TABLE_A,"('529.tiff', 'gray_bbox', 'tm_score')",tp_at_30,4,4,True,
TABLE_A,"('529.tiff', 'gray_bbox', 'tm_score')",precision_at_30,0.1333,0.1333,True,
TABLE_A,"('529.tiff', 'gray_bbox', 'tm_score')",budget_delivered_50,50,50,True,
TABLE_A,"('529.tiff', 'gray_bbox', 'tm_score')",tp_at_50,6,6,True,
TABLE_A,"('529.tiff', 'gray_bbox', 'tm_score')",precision_at_50,0.12,0.12,True,
TABLE_A,"('529.tiff', 'gray_bbox', 'tm_score')",domain,human melanoma,human melanoma,True,
TABLE_A,"('529.tiff', 'gray_bbox', 'chromatin_od')",n_gt_mitotic,19,19,True,
TABLE_A,"('529.tiff', 'gray_bbox', 'chromatin_od')",n_detections,97,97,True,
TABLE_A,"('529.tiff', 'gray_bbox', 'chromatin_od')",budget_delivered_10,10,10,True,
TABLE_A,"('529.tiff', 'gray_bbox', 'chromatin_od')",tp_at_10,6,6,True,
TABLE_A,"('529.tiff', 'gray_bbox', 'chromatin_od')",precision_at_10,0.6,0.6,True,
TABLE_A,"('529.tiff', 'gray_bbox', 'chromatin_od')",budget_delivered_20,20,20,True,
TABLE_A,"('529.tiff', 'gray_bbox', 'chromatin_od')",tp_at_20,7,7,True,
TABLE_A,"('529.tiff', 'gray_bbox', 'chromatin_od')",precision_at_20,0.35,0.35,True,
TABLE_A,"('529.tiff', 'gray_bbox', 'chromatin_od')",budget_delivered_30,30,30,True,
TABLE_A,"('529.tiff', 'gray_bbox', 'chromatin_od')",tp_at_30,7,7,True,
TABLE_A,"('529.tiff', 'gray_bbox', 'chromatin_od')",precision_at_30,0.2333,0.2333,True,
TABLE_A,"('529.tiff', 'gray_bbox', 'chromatin_od')",budget_delivered_50,50,50,True,
TABLE_A,"('529.tiff', 'gray_bbox', 'chromatin_od')",tp_at_50,7,7,True,
TABLE_A,"('529.tiff', 'gray_bbox', 'chromatin_od')",precision_at_50,0.14,0.14,True,
TABLE_A,"('529.tiff', 'gray_bbox', 'chromatin_od')",domain,human melanoma,human melanoma,True,
TABLE_A,"('529.tiff', 'gray_bbox', 'od_contrast')",n_gt_mitotic,19,19,True,
TABLE_A,"('529.tiff', 'gray_bbox', 'od_contrast')",n_detections,97,97,True,
TABLE_A,"('529.tiff', 'gray_bbox', 'od_contrast')",budget_delivered_10,10,10,True,
TABLE_A,"('529.tiff', 'gray_bbox', 'od_contrast')",tp_at_10,6,6,True,
TABLE_A,"('529.tiff', 'gray_bbox', 'od_contrast')",precision_at_10,0.6,0.6,True,
TABLE_A,"('529.tiff', 'gray_bbox', 'od_contrast')",budget_delivered_20,20,20,True,
TABLE_A,"('529.tiff', 'gray_bbox', 'od_contrast')",tp_at_20,7,7,True,
TABLE_A,"('529.tiff', 'gray_bbox', 'od_contrast')",precision_at_20,0.35,0.35,True,
TABLE_A,"('529.tiff', 'gray_bbox', 'od_contrast')",budget_delivered_30,30,30,True,
TABLE_A,"('529.tiff', 'gray_bbox', 'od_contrast')",tp_at_30,7,7,True,
TABLE_A,"('529.tiff', 'gray_bbox', 'od_contrast')",precision_at_30,0.2333,0.2333,True,
TABLE_A,"('529.tiff', 'gray_bbox', 'od_contrast')",budget_delivered_50,50,50,True,
TABLE_A,"('529.tiff', 'gray_bbox', 'od_contrast')",tp_at_50,7,7,True,
TABLE_A,"('529.tiff', 'gray_bbox', 'od_contrast')",precision_at_50,0.14,0.14,True,
TABLE_A,"('529.tiff', 'gray_bbox', 'od_contrast')",domain,human melanoma,human melanoma,True,
TABLE_A,"('548.tiff', 'hem_bbox', 'tm_score')",n_gt_mitotic,238,238,True,
TABLE_A,"('548.tiff', 'hem_bbox', 'tm_score')",n_detections,98,98,True,
TABLE_A,"('548.tiff', 'hem_bbox', 'tm_score')",budget_delivered_10,10,10,True,
TABLE_A,"('548.tiff', 'hem_bbox', 'tm_score')",tp_at_10,4,4,True,
TABLE_A,"('548.tiff', 'hem_bbox', 'tm_score')",precision_at_10,0.4,0.4,True,
TABLE_A,"('548.tiff', 'hem_bbox', 'tm_score')",budget_delivered_20,20,20,True,
TABLE_A,"('548.tiff', 'hem_bbox', 'tm_score')",tp_at_20,9,9,True,
TABLE_A,"('548.tiff', 'hem_bbox', 'tm_score')",precision_at_20,0.45,0.45,True,
TABLE_A,"('548.tiff', 'hem_bbox', 'tm_score')",budget_delivered_30,30,30,True,
TABLE_A,"('548.tiff', 'hem_bbox', 'tm_score')",tp_at_30,15,15,True,
TABLE_A,"('548.tiff', 'hem_bbox', 'tm_score')",precision_at_30,0.5,0.5,True,
TABLE_A,"('548.tiff', 'hem_bbox', 'tm_score')",budget_delivered_50,50,50,True,
TABLE_A,"('548.tiff', 'hem_bbox', 'tm_score')",tp_at_50,30,30,True,
TABLE_A,"('548.tiff', 'hem_bbox', 'tm_score')",precision_at_50,0.6,0.6,True,
TABLE_A,"('548.tiff', 'hem_bbox', 'tm_score')",domain,human melanoma,human melanoma,True,
TABLE_A,"('548.tiff', 'hem_bbox', 'chromatin_od')",n_gt_mitotic,238,238,True,
TABLE_A,"('548.tiff', 'hem_bbox', 'chromatin_od')",n_detections,98,98,True,
TABLE_A,"('548.tiff', 'hem_bbox', 'chromatin_od')",budget_delivered_10,10,10,True,
TABLE_A,"('548.tiff', 'hem_bbox', 'chromatin_od')",tp_at_10,8,8,True,
TABLE_A,"('548.tiff', 'hem_bbox', 'chromatin_od')",precision_at_10,0.8,0.8,True,
TABLE_A,"('548.tiff', 'hem_bbox', 'chromatin_od')",budget_delivered_20,20,20,True,
TABLE_A,"('548.tiff', 'hem_bbox', 'chromatin_od')",tp_at_20,13,13,True,
TABLE_A,"('548.tiff', 'hem_bbox', 'chromatin_od')",precision_at_20,0.65,0.65,True,
TABLE_A,"('548.tiff', 'hem_bbox', 'chromatin_od')",budget_delivered_30,30,30,True,
TABLE_A,"('548.tiff', 'hem_bbox', 'chromatin_od')",tp_at_30,21,21,True,
TABLE_A,"('548.tiff', 'hem_bbox', 'chromatin_od')",precision_at_30,0.7,0.7,True,
TABLE_A,"('548.tiff', 'hem_bbox', 'chromatin_od')",budget_delivered_50,50,50,True,
TABLE_A,"('548.tiff', 'hem_bbox', 'chromatin_od')",tp_at_50,35,35,True,
TABLE_A,"('548.tiff', 'hem_bbox', 'chromatin_od')",precision_at_50,0.7,0.7,True,
TABLE_A,"('548.tiff', 'hem_bbox', 'chromatin_od')",domain,human melanoma,human melanoma,True,
TABLE_A,"('548.tiff', 'hem_bbox', 'od_contrast')",n_gt_mitotic,238,238,True,
TABLE_A,"('548.tiff', 'hem_bbox', 'od_contrast')",n_detections,98,98,True,
TABLE_A,"('548.tiff', 'hem_bbox', 'od_contrast')",budget_delivered_10,10,10,True,
TABLE_A,"('548.tiff', 'hem_bbox', 'od_contrast')",tp_at_10,9,9,True,
TABLE_A,"('548.tiff', 'hem_bbox', 'od_contrast')",precision_at_10,0.9,0.9,True,
TABLE_A,"('548.tiff', 'hem_bbox', 'od_contrast')",budget_delivered_20,20,20,True,
TABLE_A,"('548.tiff', 'hem_bbox', 'od_contrast')",tp_at_20,16,16,True,
TABLE_A,"('548.tiff', 'hem_bbox', 'od_contrast')",precision_at_20,0.8,0.8,True,
TABLE_A,"('548.tiff', 'hem_bbox', 'od_contrast')",budget_delivered_30,30,30,True,
TABLE_A,"('548.tiff', 'hem_bbox', 'od_contrast')",tp_at_30,24,24,True,
TABLE_A,"('548.tiff', 'hem_bbox', 'od_contrast')",precision_at_30,0.8,0.8,True,
TABLE_A,"('548.tiff', 'hem_bbox', 'od_contrast')",budget_delivered_50,50,50,True,
TABLE_A,"('548.tiff', 'hem_bbox', 'od_contrast')",tp_at_50,35,35,True,
TABLE_A,"('548.tiff', 'hem_bbox', 'od_contrast')",precision_at_50,0.7,0.7,True,
TABLE_A,"('548.tiff', 'hem_bbox', 'od_contrast')",domain,human melanoma,human melanoma,True,
TABLE_A,"('548.tiff', 'gray_bbox', 'tm_score')",n_gt_mitotic,238,238,True,
TABLE_A,"('548.tiff', 'gray_bbox', 'tm_score')",n_detections,98,98,True,
TABLE_A,"('548.tiff', 'gray_bbox', 'tm_score')",budget_delivered_10,10,10,True,
TABLE_A,"('548.tiff', 'gray_bbox', 'tm_score')",tp_at_10,5,5,True,
TABLE_A,"('548.tiff', 'gray_bbox', 'tm_score')",precision_at_10,0.5,0.5,True,
TABLE_A,"('548.tiff', 'gray_bbox', 'tm_score')",budget_delivered_20,20,20,True,
TABLE_A,"('548.tiff', 'gray_bbox', 'tm_score')",tp_at_20,10,10,True,
TABLE_A,"('548.tiff', 'gray_bbox', 'tm_score')",precision_at_20,0.5,0.5,True,
TABLE_A,"('548.tiff', 'gray_bbox', 'tm_score')",budget_delivered_30,30,30,True,
TABLE_A,"('548.tiff', 'gray_bbox', 'tm_score')",tp_at_30,16,16,True,
TABLE_A,"('548.tiff', 'gray_bbox', 'tm_score')",precision_at_30,0.5333,0.5333,True,
TABLE_A,"('548.tiff', 'gray_bbox', 'tm_score')",budget_delivered_50,50,50,True,
TABLE_A,"('548.tiff', 'gray_bbox', 'tm_score')",tp_at_50,28,28,True,
TABLE_A,"('548.tiff', 'gray_bbox', 'tm_score')",precision_at_50,0.56,0.56,True,
TABLE_A,"('548.tiff', 'gray_bbox', 'tm_score')",domain,human melanoma,human melanoma,True,
TABLE_A,"('548.tiff', 'gray_bbox', 'chromatin_od')",n_gt_mitotic,238,238,True,
TABLE_A,"('548.tiff', 'gray_bbox', 'chromatin_od')",n_detections,98,98,True,
TABLE_A,"('548.tiff', 'gray_bbox', 'chromatin_od')",budget_delivered_10,10,10,True,
TABLE_A,"('548.tiff', 'gray_bbox', 'chromatin_od')",tp_at_10,8,8,True,
TABLE_A,"('548.tiff', 'gray_bbox', 'chromatin_od')",precision_at_10,0.8,0.8,True,
TABLE_A,"('548.tiff', 'gray_bbox', 'chromatin_od')",budget_delivered_20,20,20,True,
TABLE_A,"('548.tiff', 'gray_bbox', 'chromatin_od')",tp_at_20,13,13,True,
TABLE_A,"('548.tiff', 'gray_bbox', 'chromatin_od')",precision_at_20,0.65,0.65,True,
TABLE_A,"('548.tiff', 'gray_bbox', 'chromatin_od')",budget_delivered_30,30,30,True,
TABLE_A,"('548.tiff', 'gray_bbox', 'chromatin_od')",tp_at_30,21,21,True,
TABLE_A,"('548.tiff', 'gray_bbox', 'chromatin_od')",precision_at_30,0.7,0.7,True,
TABLE_A,"('548.tiff', 'gray_bbox', 'chromatin_od')",budget_delivered_50,50,50,True,
TABLE_A,"('548.tiff', 'gray_bbox', 'chromatin_od')",tp_at_50,36,36,True,
TABLE_A,"('548.tiff', 'gray_bbox', 'chromatin_od')",precision_at_50,0.72,0.72,True,
TABLE_A,"('548.tiff', 'gray_bbox', 'chromatin_od')",domain,human melanoma,human melanoma,True,
TABLE_A,"('548.tiff', 'gray_bbox', 'od_contrast')",n_gt_mitotic,238,238,True,
TABLE_A,"('548.tiff', 'gray_bbox', 'od_contrast')",n_detections,98,98,True,
TABLE_A,"('548.tiff', 'gray_bbox', 'od_contrast')",budget_delivered_10,10,10,True,
TABLE_A,"('548.tiff', 'gray_bbox', 'od_contrast')",tp_at_10,8,8,True,
TABLE_A,"('548.tiff', 'gray_bbox', 'od_contrast')",precision_at_10,0.8,0.8,True,
TABLE_A,"('548.tiff', 'gray_bbox', 'od_contrast')",budget_delivered_20,20,20,True,
TABLE_A,"('548.tiff', 'gray_bbox', 'od_contrast')",tp_at_20,15,15,True,
TABLE_A,"('548.tiff', 'gray_bbox', 'od_contrast')",precision_at_20,0.75,0.75,True,
TABLE_A,"('548.tiff', 'gray_bbox', 'od_contrast')",budget_delivered_30,30,30,True,
TABLE_A,"('548.tiff', 'gray_bbox', 'od_contrast')",tp_at_30,24,24,True,
TABLE_A,"('548.tiff', 'gray_bbox', 'od_contrast')",precision_at_30,0.8,0.8,True,
TABLE_A,"('548.tiff', 'gray_bbox', 'od_contrast')",budget_delivered_50,50,50,True,
TABLE_A,"('548.tiff', 'gray_bbox', 'od_contrast')",tp_at_50,35,35,True,
TABLE_A,"('548.tiff', 'gray_bbox', 'od_contrast')",precision_at_50,0.7,0.7,True,
TABLE_A,"('548.tiff', 'gray_bbox', 'od_contrast')",domain,human melanoma,human melanoma,True,
TABLE_A,"('402.tiff', 'hem_bbox', 'tm_score')",n_gt_mitotic,104,104,True,
TABLE_A,"('402.tiff', 'hem_bbox', 'tm_score')",n_detections,98,98,True,
TABLE_A,"('402.tiff', 'hem_bbox', 'tm_score')",budget_delivered_10,10,10,True,
TABLE_A,"('402.tiff', 'hem_bbox', 'tm_score')",tp_at_10,3,3,True,
TABLE_A,"('402.tiff', 'hem_bbox', 'tm_score')",precision_at_10,0.3,0.3,True,
TABLE_A,"('402.tiff', 'hem_bbox', 'tm_score')",budget_delivered_20,20,20,True,
TABLE_A,"('402.tiff', 'hem_bbox', 'tm_score')",tp_at_20,7,7,True,
TABLE_A,"('402.tiff', 'hem_bbox', 'tm_score')",precision_at_20,0.35,0.35,True,
TABLE_A,"('402.tiff', 'hem_bbox', 'tm_score')",budget_delivered_30,30,30,True,
TABLE_A,"('402.tiff', 'hem_bbox', 'tm_score')",tp_at_30,9,9,True,
TABLE_A,"('402.tiff', 'hem_bbox', 'tm_score')",precision_at_30,0.3,0.3,True,
TABLE_A,"('402.tiff', 'hem_bbox', 'tm_score')",budget_delivered_50,50,50,True,
TABLE_A,"('402.tiff', 'hem_bbox', 'tm_score')",tp_at_50,18,18,True,
TABLE_A,"('402.tiff', 'hem_bbox', 'tm_score')",precision_at_50,0.36,0.36,True,
TABLE_A,"('402.tiff', 'hem_bbox', 'tm_score')",domain,human neuroendocrine tumor,human neuroendocrine tumor,True,
TABLE_A,"('402.tiff', 'hem_bbox', 'chromatin_od')",n_gt_mitotic,104,104,True,
TABLE_A,"('402.tiff', 'hem_bbox', 'chromatin_od')",n_detections,98,98,True,
TABLE_A,"('402.tiff', 'hem_bbox', 'chromatin_od')",budget_delivered_10,10,10,True,
TABLE_A,"('402.tiff', 'hem_bbox', 'chromatin_od')",tp_at_10,7,7,True,
TABLE_A,"('402.tiff', 'hem_bbox', 'chromatin_od')",precision_at_10,0.7,0.7,True,
TABLE_A,"('402.tiff', 'hem_bbox', 'chromatin_od')",budget_delivered_20,20,20,True,
TABLE_A,"('402.tiff', 'hem_bbox', 'chromatin_od')",tp_at_20,11,11,True,
TABLE_A,"('402.tiff', 'hem_bbox', 'chromatin_od')",precision_at_20,0.55,0.55,True,
TABLE_A,"('402.tiff', 'hem_bbox', 'chromatin_od')",budget_delivered_30,30,30,True,
TABLE_A,"('402.tiff', 'hem_bbox', 'chromatin_od')",tp_at_30,15,15,True,
TABLE_A,"('402.tiff', 'hem_bbox', 'chromatin_od')",precision_at_30,0.5,0.5,True,
TABLE_A,"('402.tiff', 'hem_bbox', 'chromatin_od')",budget_delivered_50,50,50,True,
TABLE_A,"('402.tiff', 'hem_bbox', 'chromatin_od')",tp_at_50,27,27,True,
TABLE_A,"('402.tiff', 'hem_bbox', 'chromatin_od')",precision_at_50,0.54,0.54,True,
TABLE_A,"('402.tiff', 'hem_bbox', 'chromatin_od')",domain,human neuroendocrine tumor,human neuroendocrine tumor,True,
TABLE_A,"('402.tiff', 'hem_bbox', 'od_contrast')",n_gt_mitotic,104,104,True,
TABLE_A,"('402.tiff', 'hem_bbox', 'od_contrast')",n_detections,98,98,True,
TABLE_A,"('402.tiff', 'hem_bbox', 'od_contrast')",budget_delivered_10,10,10,True,
TABLE_A,"('402.tiff', 'hem_bbox', 'od_contrast')",tp_at_10,4,4,True,
TABLE_A,"('402.tiff', 'hem_bbox', 'od_contrast')",precision_at_10,0.4,0.4,True,
TABLE_A,"('402.tiff', 'hem_bbox', 'od_contrast')",budget_delivered_20,20,20,True,
TABLE_A,"('402.tiff', 'hem_bbox', 'od_contrast')",tp_at_20,11,11,True,
TABLE_A,"('402.tiff', 'hem_bbox', 'od_contrast')",precision_at_20,0.55,0.55,True,
TABLE_A,"('402.tiff', 'hem_bbox', 'od_contrast')",budget_delivered_30,30,30,True,
TABLE_A,"('402.tiff', 'hem_bbox', 'od_contrast')",tp_at_30,17,17,True,
TABLE_A,"('402.tiff', 'hem_bbox', 'od_contrast')",precision_at_30,0.5667,0.5667,True,
TABLE_A,"('402.tiff', 'hem_bbox', 'od_contrast')",budget_delivered_50,50,50,True,
TABLE_A,"('402.tiff', 'hem_bbox', 'od_contrast')",tp_at_50,26,26,True,
TABLE_A,"('402.tiff', 'hem_bbox', 'od_contrast')",precision_at_50,0.52,0.52,True,
TABLE_A,"('402.tiff', 'hem_bbox', 'od_contrast')",domain,human neuroendocrine tumor,human neuroendocrine tumor,True,
TABLE_A,"('402.tiff', 'gray_bbox', 'tm_score')",n_gt_mitotic,104,104,True,
TABLE_A,"('402.tiff', 'gray_bbox', 'tm_score')",n_detections,98,98,True,
TABLE_A,"('402.tiff', 'gray_bbox', 'tm_score')",budget_delivered_10,10,10,True,
TABLE_A,"('402.tiff', 'gray_bbox', 'tm_score')",tp_at_10,4,4,True,
TABLE_A,"('402.tiff', 'gray_bbox', 'tm_score')",precision_at_10,0.4,0.4,True,
TABLE_A,"('402.tiff', 'gray_bbox', 'tm_score')",budget_delivered_20,20,20,True,
TABLE_A,"('402.tiff', 'gray_bbox', 'tm_score')",tp_at_20,9,9,True,
TABLE_A,"('402.tiff', 'gray_bbox', 'tm_score')",precision_at_20,0.45,0.45,True,
TABLE_A,"('402.tiff', 'gray_bbox', 'tm_score')",budget_delivered_30,30,30,True,
TABLE_A,"('402.tiff', 'gray_bbox', 'tm_score')",tp_at_30,14,14,True,
TABLE_A,"('402.tiff', 'gray_bbox', 'tm_score')",precision_at_30,0.4667,0.4667,True,
TABLE_A,"('402.tiff', 'gray_bbox', 'tm_score')",budget_delivered_50,50,50,True,
TABLE_A,"('402.tiff', 'gray_bbox', 'tm_score')",tp_at_50,22,22,True,
TABLE_A,"('402.tiff', 'gray_bbox', 'tm_score')",precision_at_50,0.44,0.44,True,
TABLE_A,"('402.tiff', 'gray_bbox', 'tm_score')",domain,human neuroendocrine tumor,human neuroendocrine tumor,True,
TABLE_A,"('402.tiff', 'gray_bbox', 'chromatin_od')",n_gt_mitotic,104,104,True,
TABLE_A,"('402.tiff', 'gray_bbox', 'chromatin_od')",n_detections,98,98,True,
TABLE_A,"('402.tiff', 'gray_bbox', 'chromatin_od')",budget_delivered_10,10,10,True,
TABLE_A,"('402.tiff', 'gray_bbox', 'chromatin_od')",tp_at_10,7,7,True,
TABLE_A,"('402.tiff', 'gray_bbox', 'chromatin_od')",precision_at_10,0.7,0.7,True,
TABLE_A,"('402.tiff', 'gray_bbox', 'chromatin_od')",budget_delivered_20,20,20,True,
TABLE_A,"('402.tiff', 'gray_bbox', 'chromatin_od')",tp_at_20,12,12,True,
TABLE_A,"('402.tiff', 'gray_bbox', 'chromatin_od')",precision_at_20,0.6,0.6,True,
TABLE_A,"('402.tiff', 'gray_bbox', 'chromatin_od')",budget_delivered_30,30,30,True,
TABLE_A,"('402.tiff', 'gray_bbox', 'chromatin_od')",tp_at_30,15,15,True,
TABLE_A,"('402.tiff', 'gray_bbox', 'chromatin_od')",precision_at_30,0.5,0.5,True,
TABLE_A,"('402.tiff', 'gray_bbox', 'chromatin_od')",budget_delivered_50,50,50,True,
TABLE_A,"('402.tiff', 'gray_bbox', 'chromatin_od')",tp_at_50,25,25,True,
TABLE_A,"('402.tiff', 'gray_bbox', 'chromatin_od')",precision_at_50,0.5,0.5,True,
TABLE_A,"('402.tiff', 'gray_bbox', 'chromatin_od')",domain,human neuroendocrine tumor,human neuroendocrine tumor,True,
TABLE_A,"('402.tiff', 'gray_bbox', 'od_contrast')",n_gt_mitotic,104,104,True,
TABLE_A,"('402.tiff', 'gray_bbox', 'od_contrast')",n_detections,98,98,True,
TABLE_A,"('402.tiff', 'gray_bbox', 'od_contrast')",budget_delivered_10,10,10,True,
TABLE_A,"('402.tiff', 'gray_bbox', 'od_contrast')",tp_at_10,4,4,True,
TABLE_A,"('402.tiff', 'gray_bbox', 'od_contrast')",precision_at_10,0.4,0.4,True,
TABLE_A,"('402.tiff', 'gray_bbox', 'od_contrast')",budget_delivered_20,20,20,True,
TABLE_A,"('402.tiff', 'gray_bbox', 'od_contrast')",tp_at_20,9,9,True,
TABLE_A,"('402.tiff', 'gray_bbox', 'od_contrast')",precision_at_20,0.45,0.45,True,
TABLE_A,"('402.tiff', 'gray_bbox', 'od_contrast')",budget_delivered_30,30,30,True,
TABLE_A,"('402.tiff', 'gray_bbox', 'od_contrast')",tp_at_30,16,16,True,
TABLE_A,"('402.tiff', 'gray_bbox', 'od_contrast')",precision_at_30,0.5333,0.5333,True,
TABLE_A,"('402.tiff', 'gray_bbox', 'od_contrast')",budget_delivered_50,50,50,True,
TABLE_A,"('402.tiff', 'gray_bbox', 'od_contrast')",tp_at_50,26,26,True,
TABLE_A,"('402.tiff', 'gray_bbox', 'od_contrast')",precision_at_50,0.52,0.52,True,
TABLE_A,"('402.tiff', 'gray_bbox', 'od_contrast')",domain,human neuroendocrine tumor,human neuroendocrine tumor,True,
TABLE_A,"('403.tiff', 'hem_bbox', 'tm_score')",n_gt_mitotic,52,52,True,
TABLE_A,"('403.tiff', 'hem_bbox', 'tm_score')",n_detections,95,95,True,
TABLE_A,"('403.tiff', 'hem_bbox', 'tm_score')",budget_delivered_10,10,10,True,
TABLE_A,"('403.tiff', 'hem_bbox', 'tm_score')",tp_at_10,4,4,True,
TABLE_A,"('403.tiff', 'hem_bbox', 'tm_score')",precision_at_10,0.4,0.4,True,
TABLE_A,"('403.tiff', 'hem_bbox', 'tm_score')",budget_delivered_20,20,20,True,
TABLE_A,"('403.tiff', 'hem_bbox', 'tm_score')",tp_at_20,5,5,True,
TABLE_A,"('403.tiff', 'hem_bbox', 'tm_score')",precision_at_20,0.25,0.25,True,
TABLE_A,"('403.tiff', 'hem_bbox', 'tm_score')",budget_delivered_30,30,30,True,
TABLE_A,"('403.tiff', 'hem_bbox', 'tm_score')",tp_at_30,8,8,True,
TABLE_A,"('403.tiff', 'hem_bbox', 'tm_score')",precision_at_30,0.2667,0.2667,True,
TABLE_A,"('403.tiff', 'hem_bbox', 'tm_score')",budget_delivered_50,50,50,True,
TABLE_A,"('403.tiff', 'hem_bbox', 'tm_score')",tp_at_50,14,14,True,
TABLE_A,"('403.tiff', 'hem_bbox', 'tm_score')",precision_at_50,0.28,0.28,True,
TABLE_A,"('403.tiff', 'hem_bbox', 'tm_score')",domain,human neuroendocrine tumor,human neuroendocrine tumor,True,
TABLE_A,"('403.tiff', 'hem_bbox', 'chromatin_od')",n_gt_mitotic,52,52,True,
TABLE_A,"('403.tiff', 'hem_bbox', 'chromatin_od')",n_detections,95,95,True,
TABLE_A,"('403.tiff', 'hem_bbox', 'chromatin_od')",budget_delivered_10,10,10,True,
TABLE_A,"('403.tiff', 'hem_bbox', 'chromatin_od')",tp_at_10,4,4,True,
TABLE_A,"('403.tiff', 'hem_bbox', 'chromatin_od')",precision_at_10,0.4,0.4,True,
TABLE_A,"('403.tiff', 'hem_bbox', 'chromatin_od')",budget_delivered_20,20,20,True,
TABLE_A,"('403.tiff', 'hem_bbox', 'chromatin_od')",tp_at_20,7,7,True,
TABLE_A,"('403.tiff', 'hem_bbox', 'chromatin_od')",precision_at_20,0.35,0.35,True,
TABLE_A,"('403.tiff', 'hem_bbox', 'chromatin_od')",budget_delivered_30,30,30,True,
TABLE_A,"('403.tiff', 'hem_bbox', 'chromatin_od')",tp_at_30,10,10,True,
TABLE_A,"('403.tiff', 'hem_bbox', 'chromatin_od')",precision_at_30,0.3333,0.3333,True,
TABLE_A,"('403.tiff', 'hem_bbox', 'chromatin_od')",budget_delivered_50,50,50,True,
TABLE_A,"('403.tiff', 'hem_bbox', 'chromatin_od')",tp_at_50,13,13,True,
TABLE_A,"('403.tiff', 'hem_bbox', 'chromatin_od')",precision_at_50,0.26,0.26,True,
TABLE_A,"('403.tiff', 'hem_bbox', 'chromatin_od')",domain,human neuroendocrine tumor,human neuroendocrine tumor,True,
TABLE_A,"('403.tiff', 'hem_bbox', 'od_contrast')",n_gt_mitotic,52,52,True,
TABLE_A,"('403.tiff', 'hem_bbox', 'od_contrast')",n_detections,95,95,True,
TABLE_A,"('403.tiff', 'hem_bbox', 'od_contrast')",budget_delivered_10,10,10,True,
TABLE_A,"('403.tiff', 'hem_bbox', 'od_contrast')",tp_at_10,6,6,True,
TABLE_A,"('403.tiff', 'hem_bbox', 'od_contrast')",precision_at_10,0.6,0.6,True,
TABLE_A,"('403.tiff', 'hem_bbox', 'od_contrast')",budget_delivered_20,20,20,True,
TABLE_A,"('403.tiff', 'hem_bbox', 'od_contrast')",tp_at_20,9,9,True,
TABLE_A,"('403.tiff', 'hem_bbox', 'od_contrast')",precision_at_20,0.45,0.45,True,
TABLE_A,"('403.tiff', 'hem_bbox', 'od_contrast')",budget_delivered_30,30,30,True,
TABLE_A,"('403.tiff', 'hem_bbox', 'od_contrast')",tp_at_30,11,11,True,
TABLE_A,"('403.tiff', 'hem_bbox', 'od_contrast')",precision_at_30,0.3667,0.3667,True,
TABLE_A,"('403.tiff', 'hem_bbox', 'od_contrast')",budget_delivered_50,50,50,True,
TABLE_A,"('403.tiff', 'hem_bbox', 'od_contrast')",tp_at_50,12,12,True,
TABLE_A,"('403.tiff', 'hem_bbox', 'od_contrast')",precision_at_50,0.24,0.24,True,
TABLE_A,"('403.tiff', 'hem_bbox', 'od_contrast')",domain,human neuroendocrine tumor,human neuroendocrine tumor,True,
TABLE_A,"('403.tiff', 'gray_bbox', 'tm_score')",n_gt_mitotic,52,52,True,
TABLE_A,"('403.tiff', 'gray_bbox', 'tm_score')",n_detections,98,98,True,
TABLE_A,"('403.tiff', 'gray_bbox', 'tm_score')",budget_delivered_10,10,10,True,
TABLE_A,"('403.tiff', 'gray_bbox', 'tm_score')",tp_at_10,5,5,True,
TABLE_A,"('403.tiff', 'gray_bbox', 'tm_score')",precision_at_10,0.5,0.5,True,
TABLE_A,"('403.tiff', 'gray_bbox', 'tm_score')",budget_delivered_20,20,20,True,
TABLE_A,"('403.tiff', 'gray_bbox', 'tm_score')",tp_at_20,7,7,True,
TABLE_A,"('403.tiff', 'gray_bbox', 'tm_score')",precision_at_20,0.35,0.35,True,
TABLE_A,"('403.tiff', 'gray_bbox', 'tm_score')",budget_delivered_30,30,30,True,
TABLE_A,"('403.tiff', 'gray_bbox', 'tm_score')",tp_at_30,8,8,True,
TABLE_A,"('403.tiff', 'gray_bbox', 'tm_score')",precision_at_30,0.2667,0.2667,True,
TABLE_A,"('403.tiff', 'gray_bbox', 'tm_score')",budget_delivered_50,50,50,True,
TABLE_A,"('403.tiff', 'gray_bbox', 'tm_score')",tp_at_50,15,15,True,
TABLE_A,"('403.tiff', 'gray_bbox', 'tm_score')",precision_at_50,0.3,0.3,True,
TABLE_A,"('403.tiff', 'gray_bbox', 'tm_score')",domain,human neuroendocrine tumor,human neuroendocrine tumor,True,
TABLE_A,"('403.tiff', 'gray_bbox', 'chromatin_od')",n_gt_mitotic,52,52,True,
TABLE_A,"('403.tiff', 'gray_bbox', 'chromatin_od')",n_detections,98,98,True,
TABLE_A,"('403.tiff', 'gray_bbox', 'chromatin_od')",budget_delivered_10,10,10,True,
TABLE_A,"('403.tiff', 'gray_bbox', 'chromatin_od')",tp_at_10,5,5,True,
TABLE_A,"('403.tiff', 'gray_bbox', 'chromatin_od')",precision_at_10,0.5,0.5,True,
TABLE_A,"('403.tiff', 'gray_bbox', 'chromatin_od')",budget_delivered_20,20,20,True,
TABLE_A,"('403.tiff', 'gray_bbox', 'chromatin_od')",tp_at_20,10,10,True,
TABLE_A,"('403.tiff', 'gray_bbox', 'chromatin_od')",precision_at_20,0.5,0.5,True,
TABLE_A,"('403.tiff', 'gray_bbox', 'chromatin_od')",budget_delivered_30,30,30,True,
TABLE_A,"('403.tiff', 'gray_bbox', 'chromatin_od')",tp_at_30,14,14,True,
TABLE_A,"('403.tiff', 'gray_bbox', 'chromatin_od')",precision_at_30,0.4667,0.4667,True,
TABLE_A,"('403.tiff', 'gray_bbox', 'chromatin_od')",budget_delivered_50,50,50,True,
TABLE_A,"('403.tiff', 'gray_bbox', 'chromatin_od')",tp_at_50,17,17,True,
TABLE_A,"('403.tiff', 'gray_bbox', 'chromatin_od')",precision_at_50,0.34,0.34,True,
TABLE_A,"('403.tiff', 'gray_bbox', 'chromatin_od')",domain,human neuroendocrine tumor,human neuroendocrine tumor,True,
TABLE_A,"('403.tiff', 'gray_bbox', 'od_contrast')",n_gt_mitotic,52,52,True,
TABLE_A,"('403.tiff', 'gray_bbox', 'od_contrast')",n_detections,98,98,True,
TABLE_A,"('403.tiff', 'gray_bbox', 'od_contrast')",budget_delivered_10,10,10,True,
TABLE_A,"('403.tiff', 'gray_bbox', 'od_contrast')",tp_at_10,6,6,True,
TABLE_A,"('403.tiff', 'gray_bbox', 'od_contrast')",precision_at_10,0.6,0.6,True,
TABLE_A,"('403.tiff', 'gray_bbox', 'od_contrast')",budget_delivered_20,20,20,True,
TABLE_A,"('403.tiff', 'gray_bbox', 'od_contrast')",tp_at_20,12,12,True,
TABLE_A,"('403.tiff', 'gray_bbox', 'od_contrast')",precision_at_20,0.6,0.6,True,
TABLE_A,"('403.tiff', 'gray_bbox', 'od_contrast')",budget_delivered_30,30,30,True,
TABLE_A,"('403.tiff', 'gray_bbox', 'od_contrast')",tp_at_30,14,14,True,
TABLE_A,"('403.tiff', 'gray_bbox', 'od_contrast')",precision_at_30,0.4667,0.4667,True,
TABLE_A,"('403.tiff', 'gray_bbox', 'od_contrast')",budget_delivered_50,50,50,True,
TABLE_A,"('403.tiff', 'gray_bbox', 'od_contrast')",tp_at_50,18,18,True,
TABLE_A,"('403.tiff', 'gray_bbox', 'od_contrast')",precision_at_50,0.36,0.36,True,
TABLE_A,"('403.tiff', 'gray_bbox', 'od_contrast')",domain,human neuroendocrine tumor,human neuroendocrine tumor,True,
TABLE_A,ALL,row_order_identical,True,True,True,
TABLE_B,"('canine cutaneous mast cell tumor', 'gray_bbox', 'chromatin_od', 10)",n_roi,2,2,True,
TABLE_B,"('canine cutaneous mast cell tumor', 'gray_bbox', 'chromatin_od', 10)",tp_sum,17,17,True,
TABLE_B,"('canine cutaneous mast cell tumor', 'gray_bbox', 'chromatin_od', 10)",delivered_sum,20,20,True,
TABLE_B,"('canine cutaneous mast cell tumor', 'gray_bbox', 'chromatin_od', 10)",precision_pooled,0.85,0.85,True,
TABLE_B,"('canine cutaneous mast cell tumor', 'gray_bbox', 'chromatin_od', 10)",precision_worst_roi,0.8,0.8,True,
TABLE_B,"('canine cutaneous mast cell tumor', 'gray_bbox', 'chromatin_od', 10)",worst_roi_tied,False,False,True,
TABLE_B,"('canine cutaneous mast cell tumor', 'gray_bbox', 'chromatin_od', 10)",worst_roi_file in tied set,True,True,True,
TABLE_B,"('canine cutaneous mast cell tumor', 'gray_bbox', 'chromatin_od', 10)",pooled == mean of per-ROI precision,0.85,0.85,True,
TABLE_B,"('canine cutaneous mast cell tumor', 'gray_bbox', 'chromatin_od', 20)",n_roi,2,2,True,
TABLE_B,"('canine cutaneous mast cell tumor', 'gray_bbox', 'chromatin_od', 20)",tp_sum,37,37,True,
TABLE_B,"('canine cutaneous mast cell tumor', 'gray_bbox', 'chromatin_od', 20)",delivered_sum,40,40,True,
TABLE_B,"('canine cutaneous mast cell tumor', 'gray_bbox', 'chromatin_od', 20)",precision_pooled,0.925,0.925,True,
TABLE_B,"('canine cutaneous mast cell tumor', 'gray_bbox', 'chromatin_od', 20)",precision_worst_roi,0.9,0.9,True,
TABLE_B,"('canine cutaneous mast cell tumor', 'gray_bbox', 'chromatin_od', 20)",worst_roi_tied,False,False,True,
TABLE_B,"('canine cutaneous mast cell tumor', 'gray_bbox', 'chromatin_od', 20)",worst_roi_file in tied set,True,True,True,
TABLE_B,"('canine cutaneous mast cell tumor', 'gray_bbox', 'chromatin_od', 20)",pooled == mean of per-ROI precision,0.925,0.925,True,
TABLE_B,"('canine cutaneous mast cell tumor', 'gray_bbox', 'chromatin_od', 30)",n_roi,2,2,True,
TABLE_B,"('canine cutaneous mast cell tumor', 'gray_bbox', 'chromatin_od', 30)",tp_sum,54,54,True,
TABLE_B,"('canine cutaneous mast cell tumor', 'gray_bbox', 'chromatin_od', 30)",delivered_sum,60,60,True,
TABLE_B,"('canine cutaneous mast cell tumor', 'gray_bbox', 'chromatin_od', 30)",precision_pooled,0.9,0.9,True,
TABLE_B,"('canine cutaneous mast cell tumor', 'gray_bbox', 'chromatin_od', 30)",precision_worst_roi,0.9,0.9,True,
TABLE_B,"('canine cutaneous mast cell tumor', 'gray_bbox', 'chromatin_od', 30)",worst_roi_tied,True,True,True,
TABLE_B,"('canine cutaneous mast cell tumor', 'gray_bbox', 'chromatin_od', 30)",worst_roi_file in tied set,True,True,True,
TABLE_B,"('canine cutaneous mast cell tumor', 'gray_bbox', 'chromatin_od', 30)",pooled == mean of per-ROI precision,0.9,0.9,True,
TABLE_B,"('canine cutaneous mast cell tumor', 'gray_bbox', 'chromatin_od', 50)",n_roi,2,2,True,
TABLE_B,"('canine cutaneous mast cell tumor', 'gray_bbox', 'chromatin_od', 50)",tp_sum,87,87,True,
TABLE_B,"('canine cutaneous mast cell tumor', 'gray_bbox', 'chromatin_od', 50)",delivered_sum,100,100,True,
TABLE_B,"('canine cutaneous mast cell tumor', 'gray_bbox', 'chromatin_od', 50)",precision_pooled,0.87,0.87,True,
TABLE_B,"('canine cutaneous mast cell tumor', 'gray_bbox', 'chromatin_od', 50)",precision_worst_roi,0.82,0.82,True,
TABLE_B,"('canine cutaneous mast cell tumor', 'gray_bbox', 'chromatin_od', 50)",worst_roi_tied,False,False,True,
TABLE_B,"('canine cutaneous mast cell tumor', 'gray_bbox', 'chromatin_od', 50)",worst_roi_file in tied set,True,True,True,
TABLE_B,"('canine cutaneous mast cell tumor', 'gray_bbox', 'chromatin_od', 50)",pooled == mean of per-ROI precision,0.87,0.87,True,
TABLE_B,"('canine cutaneous mast cell tumor', 'gray_bbox', 'od_contrast', 10)",n_roi,2,2,True,
TABLE_B,"('canine cutaneous mast cell tumor', 'gray_bbox', 'od_contrast', 10)",tp_sum,16,16,True,
TABLE_B,"('canine cutaneous mast cell tumor', 'gray_bbox', 'od_contrast', 10)",delivered_sum,20,20,True,
TABLE_B,"('canine cutaneous mast cell tumor', 'gray_bbox', 'od_contrast', 10)",precision_pooled,0.8,0.8,True,
TABLE_B,"('canine cutaneous mast cell tumor', 'gray_bbox', 'od_contrast', 10)",precision_worst_roi,0.8,0.8,True,
TABLE_B,"('canine cutaneous mast cell tumor', 'gray_bbox', 'od_contrast', 10)",worst_roi_tied,True,True,True,
TABLE_B,"('canine cutaneous mast cell tumor', 'gray_bbox', 'od_contrast', 10)",worst_roi_file in tied set,True,True,True,
TABLE_B,"('canine cutaneous mast cell tumor', 'gray_bbox', 'od_contrast', 10)",pooled == mean of per-ROI precision,0.8,0.8,True,
TABLE_B,"('canine cutaneous mast cell tumor', 'gray_bbox', 'od_contrast', 20)",n_roi,2,2,True,
TABLE_B,"('canine cutaneous mast cell tumor', 'gray_bbox', 'od_contrast', 20)",tp_sum,36,36,True,
TABLE_B,"('canine cutaneous mast cell tumor', 'gray_bbox', 'od_contrast', 20)",delivered_sum,40,40,True,
TABLE_B,"('canine cutaneous mast cell tumor', 'gray_bbox', 'od_contrast', 20)",precision_pooled,0.9,0.9,True,
TABLE_B,"('canine cutaneous mast cell tumor', 'gray_bbox', 'od_contrast', 20)",precision_worst_roi,0.9,0.9,True,
TABLE_B,"('canine cutaneous mast cell tumor', 'gray_bbox', 'od_contrast', 20)",worst_roi_tied,True,True,True,
TABLE_B,"('canine cutaneous mast cell tumor', 'gray_bbox', 'od_contrast', 20)",worst_roi_file in tied set,True,True,True,
TABLE_B,"('canine cutaneous mast cell tumor', 'gray_bbox', 'od_contrast', 20)",pooled == mean of per-ROI precision,0.9,0.9,True,
TABLE_B,"('canine cutaneous mast cell tumor', 'gray_bbox', 'od_contrast', 30)",n_roi,2,2,True,
TABLE_B,"('canine cutaneous mast cell tumor', 'gray_bbox', 'od_contrast', 30)",tp_sum,55,55,True,
TABLE_B,"('canine cutaneous mast cell tumor', 'gray_bbox', 'od_contrast', 30)",delivered_sum,60,60,True,
TABLE_B,"('canine cutaneous mast cell tumor', 'gray_bbox', 'od_contrast', 30)",precision_pooled,0.9167,0.9167,True,
TABLE_B,"('canine cutaneous mast cell tumor', 'gray_bbox', 'od_contrast', 30)",precision_worst_roi,0.9,0.9,True,
TABLE_B,"('canine cutaneous mast cell tumor', 'gray_bbox', 'od_contrast', 30)",worst_roi_tied,False,False,True,
TABLE_B,"('canine cutaneous mast cell tumor', 'gray_bbox', 'od_contrast', 30)",worst_roi_file in tied set,True,True,True,
TABLE_B,"('canine cutaneous mast cell tumor', 'gray_bbox', 'od_contrast', 30)",pooled == mean of per-ROI precision,0.9167,0.9167,True,
TABLE_B,"('canine cutaneous mast cell tumor', 'gray_bbox', 'od_contrast', 50)",n_roi,2,2,True,
TABLE_B,"('canine cutaneous mast cell tumor', 'gray_bbox', 'od_contrast', 50)",tp_sum,86,86,True,
TABLE_B,"('canine cutaneous mast cell tumor', 'gray_bbox', 'od_contrast', 50)",delivered_sum,100,100,True,
TABLE_B,"('canine cutaneous mast cell tumor', 'gray_bbox', 'od_contrast', 50)",precision_pooled,0.86,0.86,True,
TABLE_B,"('canine cutaneous mast cell tumor', 'gray_bbox', 'od_contrast', 50)",precision_worst_roi,0.82,0.82,True,
TABLE_B,"('canine cutaneous mast cell tumor', 'gray_bbox', 'od_contrast', 50)",worst_roi_tied,False,False,True,
TABLE_B,"('canine cutaneous mast cell tumor', 'gray_bbox', 'od_contrast', 50)",worst_roi_file in tied set,True,True,True,
TABLE_B,"('canine cutaneous mast cell tumor', 'gray_bbox', 'od_contrast', 50)",pooled == mean of per-ROI precision,0.86,0.86,True,
TABLE_B,"('canine cutaneous mast cell tumor', 'gray_bbox', 'tm_score', 10)",n_roi,2,2,True,
TABLE_B,"('canine cutaneous mast cell tumor', 'gray_bbox', 'tm_score', 10)",tp_sum,18,18,True,
TABLE_B,"('canine cutaneous mast cell tumor', 'gray_bbox', 'tm_score', 10)",delivered_sum,20,20,True,
TABLE_B,"('canine cutaneous mast cell tumor', 'gray_bbox', 'tm_score', 10)",precision_pooled,0.9,0.9,True,
TABLE_B,"('canine cutaneous mast cell tumor', 'gray_bbox', 'tm_score', 10)",precision_worst_roi,0.9,0.9,True,
TABLE_B,"('canine cutaneous mast cell tumor', 'gray_bbox', 'tm_score', 10)",worst_roi_tied,True,True,True,
TABLE_B,"('canine cutaneous mast cell tumor', 'gray_bbox', 'tm_score', 10)",worst_roi_file in tied set,True,True,True,
TABLE_B,"('canine cutaneous mast cell tumor', 'gray_bbox', 'tm_score', 10)",pooled == mean of per-ROI precision,0.9,0.9,True,
TABLE_B,"('canine cutaneous mast cell tumor', 'gray_bbox', 'tm_score', 20)",n_roi,2,2,True,
TABLE_B,"('canine cutaneous mast cell tumor', 'gray_bbox', 'tm_score', 20)",tp_sum,35,35,True,
TABLE_B,"('canine cutaneous mast cell tumor', 'gray_bbox', 'tm_score', 20)",delivered_sum,40,40,True,
TABLE_B,"('canine cutaneous mast cell tumor', 'gray_bbox', 'tm_score', 20)",precision_pooled,0.875,0.875,True,
TABLE_B,"('canine cutaneous mast cell tumor', 'gray_bbox', 'tm_score', 20)",precision_worst_roi,0.85,0.85,True,
TABLE_B,"('canine cutaneous mast cell tumor', 'gray_bbox', 'tm_score', 20)",worst_roi_tied,False,False,True,
TABLE_B,"('canine cutaneous mast cell tumor', 'gray_bbox', 'tm_score', 20)",worst_roi_file in tied set,True,True,True,
TABLE_B,"('canine cutaneous mast cell tumor', 'gray_bbox', 'tm_score', 20)",pooled == mean of per-ROI precision,0.875,0.875,True,
TABLE_B,"('canine cutaneous mast cell tumor', 'gray_bbox', 'tm_score', 30)",n_roi,2,2,True,
TABLE_B,"('canine cutaneous mast cell tumor', 'gray_bbox', 'tm_score', 30)",tp_sum,49,49,True,
TABLE_B,"('canine cutaneous mast cell tumor', 'gray_bbox', 'tm_score', 30)",delivered_sum,60,60,True,
TABLE_B,"('canine cutaneous mast cell tumor', 'gray_bbox', 'tm_score', 30)",precision_pooled,0.8167,0.8167,True,
TABLE_B,"('canine cutaneous mast cell tumor', 'gray_bbox', 'tm_score', 30)",precision_worst_roi,0.8,0.8,True,
TABLE_B,"('canine cutaneous mast cell tumor', 'gray_bbox', 'tm_score', 30)",worst_roi_tied,False,False,True,
TABLE_B,"('canine cutaneous mast cell tumor', 'gray_bbox', 'tm_score', 30)",worst_roi_file in tied set,True,True,True,
TABLE_B,"('canine cutaneous mast cell tumor', 'gray_bbox', 'tm_score', 30)",pooled == mean of per-ROI precision,0.8167,0.8167,True,
TABLE_B,"('canine cutaneous mast cell tumor', 'gray_bbox', 'tm_score', 50)",n_roi,2,2,True,
TABLE_B,"('canine cutaneous mast cell tumor', 'gray_bbox', 'tm_score', 50)",tp_sum,80,80,True,
TABLE_B,"('canine cutaneous mast cell tumor', 'gray_bbox', 'tm_score', 50)",delivered_sum,100,100,True,
TABLE_B,"('canine cutaneous mast cell tumor', 'gray_bbox', 'tm_score', 50)",precision_pooled,0.8,0.8,True,
TABLE_B,"('canine cutaneous mast cell tumor', 'gray_bbox', 'tm_score', 50)",precision_worst_roi,0.74,0.74,True,
TABLE_B,"('canine cutaneous mast cell tumor', 'gray_bbox', 'tm_score', 50)",worst_roi_tied,False,False,True,
TABLE_B,"('canine cutaneous mast cell tumor', 'gray_bbox', 'tm_score', 50)",worst_roi_file in tied set,True,True,True,
TABLE_B,"('canine cutaneous mast cell tumor', 'gray_bbox', 'tm_score', 50)",pooled == mean of per-ROI precision,0.8,0.8,True,
TABLE_B,"('canine cutaneous mast cell tumor', 'hem_bbox', 'chromatin_od', 10)",n_roi,2,2,True,
TABLE_B,"('canine cutaneous mast cell tumor', 'hem_bbox', 'chromatin_od', 10)",tp_sum,16,16,True,
TABLE_B,"('canine cutaneous mast cell tumor', 'hem_bbox', 'chromatin_od', 10)",delivered_sum,20,20,True,
TABLE_B,"('canine cutaneous mast cell tumor', 'hem_bbox', 'chromatin_od', 10)",precision_pooled,0.8,0.8,True,
TABLE_B,"('canine cutaneous mast cell tumor', 'hem_bbox', 'chromatin_od', 10)",precision_worst_roi,0.8,0.8,True,
TABLE_B,"('canine cutaneous mast cell tumor', 'hem_bbox', 'chromatin_od', 10)",worst_roi_tied,True,True,True,
TABLE_B,"('canine cutaneous mast cell tumor', 'hem_bbox', 'chromatin_od', 10)",worst_roi_file in tied set,True,True,True,
TABLE_B,"('canine cutaneous mast cell tumor', 'hem_bbox', 'chromatin_od', 10)",pooled == mean of per-ROI precision,0.8,0.8,True,
TABLE_B,"('canine cutaneous mast cell tumor', 'hem_bbox', 'chromatin_od', 20)",n_roi,2,2,True,
TABLE_B,"('canine cutaneous mast cell tumor', 'hem_bbox', 'chromatin_od', 20)",tp_sum,34,34,True,
TABLE_B,"('canine cutaneous mast cell tumor', 'hem_bbox', 'chromatin_od', 20)",delivered_sum,40,40,True,
TABLE_B,"('canine cutaneous mast cell tumor', 'hem_bbox', 'chromatin_od', 20)",precision_pooled,0.85,0.85,True,
TABLE_B,"('canine cutaneous mast cell tumor', 'hem_bbox', 'chromatin_od', 20)",precision_worst_roi,0.85,0.85,True,
TABLE_B,"('canine cutaneous mast cell tumor', 'hem_bbox', 'chromatin_od', 20)",worst_roi_tied,True,True,True,
TABLE_B,"('canine cutaneous mast cell tumor', 'hem_bbox', 'chromatin_od', 20)",worst_roi_file in tied set,True,True,True,
TABLE_B,"('canine cutaneous mast cell tumor', 'hem_bbox', 'chromatin_od', 20)",pooled == mean of per-ROI precision,0.85,0.85,True,
TABLE_B,"('canine cutaneous mast cell tumor', 'hem_bbox', 'chromatin_od', 30)",n_roi,2,2,True,
TABLE_B,"('canine cutaneous mast cell tumor', 'hem_bbox', 'chromatin_od', 30)",tp_sum,53,53,True,
TABLE_B,"('canine cutaneous mast cell tumor', 'hem_bbox', 'chromatin_od', 30)",delivered_sum,60,60,True,
TABLE_B,"('canine cutaneous mast cell tumor', 'hem_bbox', 'chromatin_od', 30)",precision_pooled,0.8833,0.8833,True,
TABLE_B,"('canine cutaneous mast cell tumor', 'hem_bbox', 'chromatin_od', 30)",precision_worst_roi,0.8667,0.8667,True,
TABLE_B,"('canine cutaneous mast cell tumor', 'hem_bbox', 'chromatin_od', 30)",worst_roi_tied,False,False,True,
TABLE_B,"('canine cutaneous mast cell tumor', 'hem_bbox', 'chromatin_od', 30)",worst_roi_file in tied set,True,True,True,
TABLE_B,"('canine cutaneous mast cell tumor', 'hem_bbox', 'chromatin_od', 30)",pooled == mean of per-ROI precision,0.8833,0.8833,True,
TABLE_B,"('canine cutaneous mast cell tumor', 'hem_bbox', 'chromatin_od', 50)",n_roi,2,2,True,
TABLE_B,"('canine cutaneous mast cell tumor', 'hem_bbox', 'chromatin_od', 50)",tp_sum,81,81,True,
TABLE_B,"('canine cutaneous mast cell tumor', 'hem_bbox', 'chromatin_od', 50)",delivered_sum,100,100,True,
TABLE_B,"('canine cutaneous mast cell tumor', 'hem_bbox', 'chromatin_od', 50)",precision_pooled,0.81,0.81,True,
TABLE_B,"('canine cutaneous mast cell tumor', 'hem_bbox', 'chromatin_od', 50)",precision_worst_roi,0.8,0.8,True,
TABLE_B,"('canine cutaneous mast cell tumor', 'hem_bbox', 'chromatin_od', 50)",worst_roi_tied,False,False,True,
TABLE_B,"('canine cutaneous mast cell tumor', 'hem_bbox', 'chromatin_od', 50)",worst_roi_file in tied set,True,True,True,
TABLE_B,"('canine cutaneous mast cell tumor', 'hem_bbox', 'chromatin_od', 50)",pooled == mean of per-ROI precision,0.81,0.81,True,
TABLE_B,"('canine cutaneous mast cell tumor', 'hem_bbox', 'od_contrast', 10)",n_roi,2,2,True,
TABLE_B,"('canine cutaneous mast cell tumor', 'hem_bbox', 'od_contrast', 10)",tp_sum,15,15,True,
TABLE_B,"('canine cutaneous mast cell tumor', 'hem_bbox', 'od_contrast', 10)",delivered_sum,20,20,True,
TABLE_B,"('canine cutaneous mast cell tumor', 'hem_bbox', 'od_contrast', 10)",precision_pooled,0.75,0.75,True,
TABLE_B,"('canine cutaneous mast cell tumor', 'hem_bbox', 'od_contrast', 10)",precision_worst_roi,0.7,0.7,True,
TABLE_B,"('canine cutaneous mast cell tumor', 'hem_bbox', 'od_contrast', 10)",worst_roi_tied,False,False,True,
TABLE_B,"('canine cutaneous mast cell tumor', 'hem_bbox', 'od_contrast', 10)",worst_roi_file in tied set,True,True,True,
TABLE_B,"('canine cutaneous mast cell tumor', 'hem_bbox', 'od_contrast', 10)",pooled == mean of per-ROI precision,0.75,0.75,True,
TABLE_B,"('canine cutaneous mast cell tumor', 'hem_bbox', 'od_contrast', 20)",n_roi,2,2,True,
TABLE_B,"('canine cutaneous mast cell tumor', 'hem_bbox', 'od_contrast', 20)",tp_sum,33,33,True,
TABLE_B,"('canine cutaneous mast cell tumor', 'hem_bbox', 'od_contrast', 20)",delivered_sum,40,40,True,
TABLE_B,"('canine cutaneous mast cell tumor', 'hem_bbox', 'od_contrast', 20)",precision_pooled,0.825,0.825,True,
TABLE_B,"('canine cutaneous mast cell tumor', 'hem_bbox', 'od_contrast', 20)",precision_worst_roi,0.8,0.8,True,
TABLE_B,"('canine cutaneous mast cell tumor', 'hem_bbox', 'od_contrast', 20)",worst_roi_tied,False,False,True,
TABLE_B,"('canine cutaneous mast cell tumor', 'hem_bbox', 'od_contrast', 20)",worst_roi_file in tied set,True,True,True,
TABLE_B,"('canine cutaneous mast cell tumor', 'hem_bbox', 'od_contrast', 20)",pooled == mean of per-ROI precision,0.825,0.825,True,
TABLE_B,"('canine cutaneous mast cell tumor', 'hem_bbox', 'od_contrast', 30)",n_roi,2,2,True,
TABLE_B,"('canine cutaneous mast cell tumor', 'hem_bbox', 'od_contrast', 30)",tp_sum,51,51,True,
TABLE_B,"('canine cutaneous mast cell tumor', 'hem_bbox', 'od_contrast', 30)",delivered_sum,60,60,True,
TABLE_B,"('canine cutaneous mast cell tumor', 'hem_bbox', 'od_contrast', 30)",precision_pooled,0.85,0.85,True,
TABLE_B,"('canine cutaneous mast cell tumor', 'hem_bbox', 'od_contrast', 30)",precision_worst_roi,0.8333,0.8333,True,
TABLE_B,"('canine cutaneous mast cell tumor', 'hem_bbox', 'od_contrast', 30)",worst_roi_tied,False,False,True,
TABLE_B,"('canine cutaneous mast cell tumor', 'hem_bbox', 'od_contrast', 30)",worst_roi_file in tied set,True,True,True,
TABLE_B,"('canine cutaneous mast cell tumor', 'hem_bbox', 'od_contrast', 30)",pooled == mean of per-ROI precision,0.85,0.85,True,
TABLE_B,"('canine cutaneous mast cell tumor', 'hem_bbox', 'od_contrast', 50)",n_roi,2,2,True,
TABLE_B,"('canine cutaneous mast cell tumor', 'hem_bbox', 'od_contrast', 50)",tp_sum,81,81,True,
TABLE_B,"('canine cutaneous mast cell tumor', 'hem_bbox', 'od_contrast', 50)",delivered_sum,100,100,True,
TABLE_B,"('canine cutaneous mast cell tumor', 'hem_bbox', 'od_contrast', 50)",precision_pooled,0.81,0.81,True,
TABLE_B,"('canine cutaneous mast cell tumor', 'hem_bbox', 'od_contrast', 50)",precision_worst_roi,0.78,0.78,True,
TABLE_B,"('canine cutaneous mast cell tumor', 'hem_bbox', 'od_contrast', 50)",worst_roi_tied,False,False,True,
TABLE_B,"('canine cutaneous mast cell tumor', 'hem_bbox', 'od_contrast', 50)",worst_roi_file in tied set,True,True,True,
TABLE_B,"('canine cutaneous mast cell tumor', 'hem_bbox', 'od_contrast', 50)",pooled == mean of per-ROI precision,0.81,0.81,True,
TABLE_B,"('canine cutaneous mast cell tumor', 'hem_bbox', 'tm_score', 10)",n_roi,2,2,True,
TABLE_B,"('canine cutaneous mast cell tumor', 'hem_bbox', 'tm_score', 10)",tp_sum,19,19,True,
TABLE_B,"('canine cutaneous mast cell tumor', 'hem_bbox', 'tm_score', 10)",delivered_sum,20,20,True,
TABLE_B,"('canine cutaneous mast cell tumor', 'hem_bbox', 'tm_score', 10)",precision_pooled,0.95,0.95,True,
TABLE_B,"('canine cutaneous mast cell tumor', 'hem_bbox', 'tm_score', 10)",precision_worst_roi,0.9,0.9,True,
TABLE_B,"('canine cutaneous mast cell tumor', 'hem_bbox', 'tm_score', 10)",worst_roi_tied,False,False,True,
TABLE_B,"('canine cutaneous mast cell tumor', 'hem_bbox', 'tm_score', 10)",worst_roi_file in tied set,True,True,True,
TABLE_B,"('canine cutaneous mast cell tumor', 'hem_bbox', 'tm_score', 10)",pooled == mean of per-ROI precision,0.95,0.95,True,
TABLE_B,"('canine cutaneous mast cell tumor', 'hem_bbox', 'tm_score', 20)",n_roi,2,2,True,
TABLE_B,"('canine cutaneous mast cell tumor', 'hem_bbox', 'tm_score', 20)",tp_sum,34,34,True,
TABLE_B,"('canine cutaneous mast cell tumor', 'hem_bbox', 'tm_score', 20)",delivered_sum,40,40,True,
TABLE_B,"('canine cutaneous mast cell tumor', 'hem_bbox', 'tm_score', 20)",precision_pooled,0.85,0.85,True,
TABLE_B,"('canine cutaneous mast cell tumor', 'hem_bbox', 'tm_score', 20)",precision_worst_roi,0.8,0.8,True,
TABLE_B,"('canine cutaneous mast cell tumor', 'hem_bbox', 'tm_score', 20)",worst_roi_tied,False,False,True,
TABLE_B,"('canine cutaneous mast cell tumor', 'hem_bbox', 'tm_score', 20)",worst_roi_file in tied set,True,True,True,
TABLE_B,"('canine cutaneous mast cell tumor', 'hem_bbox', 'tm_score', 20)",pooled == mean of per-ROI precision,0.85,0.85,True,
TABLE_B,"('canine cutaneous mast cell tumor', 'hem_bbox', 'tm_score', 30)",n_roi,2,2,True,
TABLE_B,"('canine cutaneous mast cell tumor', 'hem_bbox', 'tm_score', 30)",tp_sum,49,49,True,
TABLE_B,"('canine cutaneous mast cell tumor', 'hem_bbox', 'tm_score', 30)",delivered_sum,60,60,True,
TABLE_B,"('canine cutaneous mast cell tumor', 'hem_bbox', 'tm_score', 30)",precision_pooled,0.8167,0.8167,True,
TABLE_B,"('canine cutaneous mast cell tumor', 'hem_bbox', 'tm_score', 30)",precision_worst_roi,0.7667,0.7667,True,
TABLE_B,"('canine cutaneous mast cell tumor', 'hem_bbox', 'tm_score', 30)",worst_roi_tied,False,False,True,
TABLE_B,"('canine cutaneous mast cell tumor', 'hem_bbox', 'tm_score', 30)",worst_roi_file in tied set,True,True,True,
TABLE_B,"('canine cutaneous mast cell tumor', 'hem_bbox', 'tm_score', 30)",pooled == mean of per-ROI precision,0.8167,0.8167,True,
TABLE_B,"('canine cutaneous mast cell tumor', 'hem_bbox', 'tm_score', 50)",n_roi,2,2,True,
TABLE_B,"('canine cutaneous mast cell tumor', 'hem_bbox', 'tm_score', 50)",tp_sum,75,75,True,
TABLE_B,"('canine cutaneous mast cell tumor', 'hem_bbox', 'tm_score', 50)",delivered_sum,100,100,True,
TABLE_B,"('canine cutaneous mast cell tumor', 'hem_bbox', 'tm_score', 50)",precision_pooled,0.75,0.75,True,
TABLE_B,"('canine cutaneous mast cell tumor', 'hem_bbox', 'tm_score', 50)",precision_worst_roi,0.68,0.68,True,
TABLE_B,"('canine cutaneous mast cell tumor', 'hem_bbox', 'tm_score', 50)",worst_roi_tied,False,False,True,
TABLE_B,"('canine cutaneous mast cell tumor', 'hem_bbox', 'tm_score', 50)",worst_roi_file in tied set,True,True,True,
TABLE_B,"('canine cutaneous mast cell tumor', 'hem_bbox', 'tm_score', 50)",pooled == mean of per-ROI precision,0.75,0.75,True,
TABLE_B,"('canine lung cancer', 'gray_bbox', 'chromatin_od', 10)",n_roi,2,2,True,
TABLE_B,"('canine lung cancer', 'gray_bbox', 'chromatin_od', 10)",tp_sum,11,11,True,
TABLE_B,"('canine lung cancer', 'gray_bbox', 'chromatin_od', 10)",delivered_sum,20,20,True,
TABLE_B,"('canine lung cancer', 'gray_bbox', 'chromatin_od', 10)",precision_pooled,0.55,0.55,True,
TABLE_B,"('canine lung cancer', 'gray_bbox', 'chromatin_od', 10)",precision_worst_roi,0.4,0.4,True,
TABLE_B,"('canine lung cancer', 'gray_bbox', 'chromatin_od', 10)",worst_roi_tied,False,False,True,
TABLE_B,"('canine lung cancer', 'gray_bbox', 'chromatin_od', 10)",worst_roi_file in tied set,True,True,True,
TABLE_B,"('canine lung cancer', 'gray_bbox', 'chromatin_od', 10)",pooled == mean of per-ROI precision,0.55,0.55,True,
TABLE_B,"('canine lung cancer', 'gray_bbox', 'chromatin_od', 20)",n_roi,2,2,True,
TABLE_B,"('canine lung cancer', 'gray_bbox', 'chromatin_od', 20)",tp_sum,16,16,True,
TABLE_B,"('canine lung cancer', 'gray_bbox', 'chromatin_od', 20)",delivered_sum,40,40,True,
TABLE_B,"('canine lung cancer', 'gray_bbox', 'chromatin_od', 20)",precision_pooled,0.4,0.4,True,
TABLE_B,"('canine lung cancer', 'gray_bbox', 'chromatin_od', 20)",precision_worst_roi,0.4,0.4,True,
TABLE_B,"('canine lung cancer', 'gray_bbox', 'chromatin_od', 20)",worst_roi_tied,True,True,True,
TABLE_B,"('canine lung cancer', 'gray_bbox', 'chromatin_od', 20)",worst_roi_file in tied set,True,True,True,
TABLE_B,"('canine lung cancer', 'gray_bbox', 'chromatin_od', 20)",pooled == mean of per-ROI precision,0.4,0.4,True,
TABLE_B,"('canine lung cancer', 'gray_bbox', 'chromatin_od', 30)",n_roi,2,2,True,
TABLE_B,"('canine lung cancer', 'gray_bbox', 'chromatin_od', 30)",tp_sum,19,19,True,
TABLE_B,"('canine lung cancer', 'gray_bbox', 'chromatin_od', 30)",delivered_sum,60,60,True,
TABLE_B,"('canine lung cancer', 'gray_bbox', 'chromatin_od', 30)",precision_pooled,0.3167,0.3167,True,
TABLE_B,"('canine lung cancer', 'gray_bbox', 'chromatin_od', 30)",precision_worst_roi,0.3,0.3,True,
TABLE_B,"('canine lung cancer', 'gray_bbox', 'chromatin_od', 30)",worst_roi_tied,False,False,True,
TABLE_B,"('canine lung cancer', 'gray_bbox', 'chromatin_od', 30)",worst_roi_file in tied set,True,True,True,
TABLE_B,"('canine lung cancer', 'gray_bbox', 'chromatin_od', 30)",pooled == mean of per-ROI precision,0.3167,0.3167,True,
TABLE_B,"('canine lung cancer', 'gray_bbox', 'chromatin_od', 50)",n_roi,2,2,True,
TABLE_B,"('canine lung cancer', 'gray_bbox', 'chromatin_od', 50)",tp_sum,21,21,True,
TABLE_B,"('canine lung cancer', 'gray_bbox', 'chromatin_od', 50)",delivered_sum,100,100,True,
TABLE_B,"('canine lung cancer', 'gray_bbox', 'chromatin_od', 50)",precision_pooled,0.21,0.21,True,
TABLE_B,"('canine lung cancer', 'gray_bbox', 'chromatin_od', 50)",precision_worst_roi,0.2,0.2,True,
TABLE_B,"('canine lung cancer', 'gray_bbox', 'chromatin_od', 50)",worst_roi_tied,False,False,True,
TABLE_B,"('canine lung cancer', 'gray_bbox', 'chromatin_od', 50)",worst_roi_file in tied set,True,True,True,
TABLE_B,"('canine lung cancer', 'gray_bbox', 'chromatin_od', 50)",pooled == mean of per-ROI precision,0.21,0.21,True,
TABLE_B,"('canine lung cancer', 'gray_bbox', 'od_contrast', 10)",n_roi,2,2,True,
TABLE_B,"('canine lung cancer', 'gray_bbox', 'od_contrast', 10)",tp_sum,12,12,True,
TABLE_B,"('canine lung cancer', 'gray_bbox', 'od_contrast', 10)",delivered_sum,20,20,True,
TABLE_B,"('canine lung cancer', 'gray_bbox', 'od_contrast', 10)",precision_pooled,0.6,0.6,True,
TABLE_B,"('canine lung cancer', 'gray_bbox', 'od_contrast', 10)",precision_worst_roi,0.4,0.4,True,
TABLE_B,"('canine lung cancer', 'gray_bbox', 'od_contrast', 10)",worst_roi_tied,False,False,True,
TABLE_B,"('canine lung cancer', 'gray_bbox', 'od_contrast', 10)",worst_roi_file in tied set,True,True,True,
TABLE_B,"('canine lung cancer', 'gray_bbox', 'od_contrast', 10)",pooled == mean of per-ROI precision,0.6,0.6,True,
TABLE_B,"('canine lung cancer', 'gray_bbox', 'od_contrast', 20)",n_roi,2,2,True,
TABLE_B,"('canine lung cancer', 'gray_bbox', 'od_contrast', 20)",tp_sum,15,15,True,
TABLE_B,"('canine lung cancer', 'gray_bbox', 'od_contrast', 20)",delivered_sum,40,40,True,
TABLE_B,"('canine lung cancer', 'gray_bbox', 'od_contrast', 20)",precision_pooled,0.375,0.375,True,
TABLE_B,"('canine lung cancer', 'gray_bbox', 'od_contrast', 20)",precision_worst_roi,0.35,0.35,True,
TABLE_B,"('canine lung cancer', 'gray_bbox', 'od_contrast', 20)",worst_roi_tied,False,False,True,
TABLE_B,"('canine lung cancer', 'gray_bbox', 'od_contrast', 20)",worst_roi_file in tied set,True,True,True,
TABLE_B,"('canine lung cancer', 'gray_bbox', 'od_contrast', 20)",pooled == mean of per-ROI precision,0.375,0.375,True,
TABLE_B,"('canine lung cancer', 'gray_bbox', 'od_contrast', 30)",n_roi,2,2,True,
TABLE_B,"('canine lung cancer', 'gray_bbox', 'od_contrast', 30)",tp_sum,18,18,True,
TABLE_B,"('canine lung cancer', 'gray_bbox', 'od_contrast', 30)",delivered_sum,60,60,True,
TABLE_B,"('canine lung cancer', 'gray_bbox', 'od_contrast', 30)",precision_pooled,0.3,0.3,True,
TABLE_B,"('canine lung cancer', 'gray_bbox', 'od_contrast', 30)",precision_worst_roi,0.2667,0.2667,True,
TABLE_B,"('canine lung cancer', 'gray_bbox', 'od_contrast', 30)",worst_roi_tied,False,False,True,
TABLE_B,"('canine lung cancer', 'gray_bbox', 'od_contrast', 30)",worst_roi_file in tied set,True,True,True,
TABLE_B,"('canine lung cancer', 'gray_bbox', 'od_contrast', 30)",pooled == mean of per-ROI precision,0.3,0.3,True,
TABLE_B,"('canine lung cancer', 'gray_bbox', 'od_contrast', 50)",n_roi,2,2,True,
TABLE_B,"('canine lung cancer', 'gray_bbox', 'od_contrast', 50)",tp_sum,21,21,True,
TABLE_B,"('canine lung cancer', 'gray_bbox', 'od_contrast', 50)",delivered_sum,100,100,True,
TABLE_B,"('canine lung cancer', 'gray_bbox', 'od_contrast', 50)",precision_pooled,0.21,0.21,True,
TABLE_B,"('canine lung cancer', 'gray_bbox', 'od_contrast', 50)",precision_worst_roi,0.2,0.2,True,
TABLE_B,"('canine lung cancer', 'gray_bbox', 'od_contrast', 50)",worst_roi_tied,False,False,True,
TABLE_B,"('canine lung cancer', 'gray_bbox', 'od_contrast', 50)",worst_roi_file in tied set,True,True,True,
TABLE_B,"('canine lung cancer', 'gray_bbox', 'od_contrast', 50)",pooled == mean of per-ROI precision,0.21,0.21,True,
TABLE_B,"('canine lung cancer', 'gray_bbox', 'tm_score', 10)",n_roi,2,2,True,
TABLE_B,"('canine lung cancer', 'gray_bbox', 'tm_score', 10)",tp_sum,6,6,True,
TABLE_B,"('canine lung cancer', 'gray_bbox', 'tm_score', 10)",delivered_sum,20,20,True,
TABLE_B,"('canine lung cancer', 'gray_bbox', 'tm_score', 10)",precision_pooled,0.3,0.3,True,
TABLE_B,"('canine lung cancer', 'gray_bbox', 'tm_score', 10)",precision_worst_roi,0.3,0.3,True,
TABLE_B,"('canine lung cancer', 'gray_bbox', 'tm_score', 10)",worst_roi_tied,True,True,True,
TABLE_B,"('canine lung cancer', 'gray_bbox', 'tm_score', 10)",worst_roi_file in tied set,True,True,True,
TABLE_B,"('canine lung cancer', 'gray_bbox', 'tm_score', 10)",pooled == mean of per-ROI precision,0.3,0.3,True,
TABLE_B,"('canine lung cancer', 'gray_bbox', 'tm_score', 20)",n_roi,2,2,True,
TABLE_B,"('canine lung cancer', 'gray_bbox', 'tm_score', 20)",tp_sum,10,10,True,
TABLE_B,"('canine lung cancer', 'gray_bbox', 'tm_score', 20)",delivered_sum,40,40,True,
TABLE_B,"('canine lung cancer', 'gray_bbox', 'tm_score', 20)",precision_pooled,0.25,0.25,True,
TABLE_B,"('canine lung cancer', 'gray_bbox', 'tm_score', 20)",precision_worst_roi,0.25,0.25,True,
TABLE_B,"('canine lung cancer', 'gray_bbox', 'tm_score', 20)",worst_roi_tied,True,True,True,
TABLE_B,"('canine lung cancer', 'gray_bbox', 'tm_score', 20)",worst_roi_file in tied set,True,True,True,
TABLE_B,"('canine lung cancer', 'gray_bbox', 'tm_score', 20)",pooled == mean of per-ROI precision,0.25,0.25,True,
TABLE_B,"('canine lung cancer', 'gray_bbox', 'tm_score', 30)",n_roi,2,2,True,
TABLE_B,"('canine lung cancer', 'gray_bbox', 'tm_score', 30)",tp_sum,14,14,True,
TABLE_B,"('canine lung cancer', 'gray_bbox', 'tm_score', 30)",delivered_sum,60,60,True,
TABLE_B,"('canine lung cancer', 'gray_bbox', 'tm_score', 30)",precision_pooled,0.2333,0.2333,True,
TABLE_B,"('canine lung cancer', 'gray_bbox', 'tm_score', 30)",precision_worst_roi,0.2,0.2,True,
TABLE_B,"('canine lung cancer', 'gray_bbox', 'tm_score', 30)",worst_roi_tied,False,False,True,
TABLE_B,"('canine lung cancer', 'gray_bbox', 'tm_score', 30)",worst_roi_file in tied set,True,True,True,
TABLE_B,"('canine lung cancer', 'gray_bbox', 'tm_score', 30)",pooled == mean of per-ROI precision,0.2333,0.2333,True,
TABLE_B,"('canine lung cancer', 'gray_bbox', 'tm_score', 50)",n_roi,2,2,True,
TABLE_B,"('canine lung cancer', 'gray_bbox', 'tm_score', 50)",tp_sum,19,19,True,
TABLE_B,"('canine lung cancer', 'gray_bbox', 'tm_score', 50)",delivered_sum,100,100,True,
TABLE_B,"('canine lung cancer', 'gray_bbox', 'tm_score', 50)",precision_pooled,0.19,0.19,True,
TABLE_B,"('canine lung cancer', 'gray_bbox', 'tm_score', 50)",precision_worst_roi,0.16,0.16,True,
TABLE_B,"('canine lung cancer', 'gray_bbox', 'tm_score', 50)",worst_roi_tied,False,False,True,
TABLE_B,"('canine lung cancer', 'gray_bbox', 'tm_score', 50)",worst_roi_file in tied set,True,True,True,
TABLE_B,"('canine lung cancer', 'gray_bbox', 'tm_score', 50)",pooled == mean of per-ROI precision,0.19,0.19,True,
TABLE_B,"('canine lung cancer', 'hem_bbox', 'chromatin_od', 10)",n_roi,2,2,True,
TABLE_B,"('canine lung cancer', 'hem_bbox', 'chromatin_od', 10)",tp_sum,10,10,True,
TABLE_B,"('canine lung cancer', 'hem_bbox', 'chromatin_od', 10)",delivered_sum,20,20,True,
TABLE_B,"('canine lung cancer', 'hem_bbox', 'chromatin_od', 10)",precision_pooled,0.5,0.5,True,
TABLE_B,"('canine lung cancer', 'hem_bbox', 'chromatin_od', 10)",precision_worst_roi,0.4,0.4,True,
TABLE_B,"('canine lung cancer', 'hem_bbox', 'chromatin_od', 10)",worst_roi_tied,False,False,True,
TABLE_B,"('canine lung cancer', 'hem_bbox', 'chromatin_od', 10)",worst_roi_file in tied set,True,True,True,
TABLE_B,"('canine lung cancer', 'hem_bbox', 'chromatin_od', 10)",pooled == mean of per-ROI precision,0.5,0.5,True,
TABLE_B,"('canine lung cancer', 'hem_bbox', 'chromatin_od', 20)",n_roi,2,2,True,
TABLE_B,"('canine lung cancer', 'hem_bbox', 'chromatin_od', 20)",tp_sum,13,13,True,
TABLE_B,"('canine lung cancer', 'hem_bbox', 'chromatin_od', 20)",delivered_sum,40,40,True,
TABLE_B,"('canine lung cancer', 'hem_bbox', 'chromatin_od', 20)",precision_pooled,0.325,0.325,True,
TABLE_B,"('canine lung cancer', 'hem_bbox', 'chromatin_od', 20)",precision_worst_roi,0.3,0.3,True,
TABLE_B,"('canine lung cancer', 'hem_bbox', 'chromatin_od', 20)",worst_roi_tied,False,False,True,
TABLE_B,"('canine lung cancer', 'hem_bbox', 'chromatin_od', 20)",worst_roi_file in tied set,True,True,True,
TABLE_B,"('canine lung cancer', 'hem_bbox', 'chromatin_od', 20)",pooled == mean of per-ROI precision,0.325,0.325,True,
TABLE_B,"('canine lung cancer', 'hem_bbox', 'chromatin_od', 30)",n_roi,2,2,True,
TABLE_B,"('canine lung cancer', 'hem_bbox', 'chromatin_od', 30)",tp_sum,16,16,True,
TABLE_B,"('canine lung cancer', 'hem_bbox', 'chromatin_od', 30)",delivered_sum,60,60,True,
TABLE_B,"('canine lung cancer', 'hem_bbox', 'chromatin_od', 30)",precision_pooled,0.2667,0.2667,True,
TABLE_B,"('canine lung cancer', 'hem_bbox', 'chromatin_od', 30)",precision_worst_roi,0.2333,0.2333,True,
TABLE_B,"('canine lung cancer', 'hem_bbox', 'chromatin_od', 30)",worst_roi_tied,False,False,True,
TABLE_B,"('canine lung cancer', 'hem_bbox', 'chromatin_od', 30)",worst_roi_file in tied set,True,True,True,
TABLE_B,"('canine lung cancer', 'hem_bbox', 'chromatin_od', 30)",pooled == mean of per-ROI precision,0.2667,0.2667,True,
TABLE_B,"('canine lung cancer', 'hem_bbox', 'chromatin_od', 50)",n_roi,2,2,True,
TABLE_B,"('canine lung cancer', 'hem_bbox', 'chromatin_od', 50)",tp_sum,16,16,True,
TABLE_B,"('canine lung cancer', 'hem_bbox', 'chromatin_od', 50)",delivered_sum,100,100,True,
TABLE_B,"('canine lung cancer', 'hem_bbox', 'chromatin_od', 50)",precision_pooled,0.16,0.16,True,
TABLE_B,"('canine lung cancer', 'hem_bbox', 'chromatin_od', 50)",precision_worst_roi,0.14,0.14,True,
TABLE_B,"('canine lung cancer', 'hem_bbox', 'chromatin_od', 50)",worst_roi_tied,False,False,True,
TABLE_B,"('canine lung cancer', 'hem_bbox', 'chromatin_od', 50)",worst_roi_file in tied set,True,True,True,
TABLE_B,"('canine lung cancer', 'hem_bbox', 'chromatin_od', 50)",pooled == mean of per-ROI precision,0.16,0.16,True,
TABLE_B,"('canine lung cancer', 'hem_bbox', 'od_contrast', 10)",n_roi,2,2,True,
TABLE_B,"('canine lung cancer', 'hem_bbox', 'od_contrast', 10)",tp_sum,11,11,True,
TABLE_B,"('canine lung cancer', 'hem_bbox', 'od_contrast', 10)",delivered_sum,20,20,True,
TABLE_B,"('canine lung cancer', 'hem_bbox', 'od_contrast', 10)",precision_pooled,0.55,0.55,True,
TABLE_B,"('canine lung cancer', 'hem_bbox', 'od_contrast', 10)",precision_worst_roi,0.4,0.4,True,
TABLE_B,"('canine lung cancer', 'hem_bbox', 'od_contrast', 10)",worst_roi_tied,False,False,True,
TABLE_B,"('canine lung cancer', 'hem_bbox', 'od_contrast', 10)",worst_roi_file in tied set,True,True,True,
TABLE_B,"('canine lung cancer', 'hem_bbox', 'od_contrast', 10)",pooled == mean of per-ROI precision,0.55,0.55,True,
TABLE_B,"('canine lung cancer', 'hem_bbox', 'od_contrast', 20)",n_roi,2,2,True,
TABLE_B,"('canine lung cancer', 'hem_bbox', 'od_contrast', 20)",tp_sum,13,13,True,
TABLE_B,"('canine lung cancer', 'hem_bbox', 'od_contrast', 20)",delivered_sum,40,40,True,
TABLE_B,"('canine lung cancer', 'hem_bbox', 'od_contrast', 20)",precision_pooled,0.325,0.325,True,
TABLE_B,"('canine lung cancer', 'hem_bbox', 'od_contrast', 20)",precision_worst_roi,0.3,0.3,True,
TABLE_B,"('canine lung cancer', 'hem_bbox', 'od_contrast', 20)",worst_roi_tied,False,False,True,
TABLE_B,"('canine lung cancer', 'hem_bbox', 'od_contrast', 20)",worst_roi_file in tied set,True,True,True,
TABLE_B,"('canine lung cancer', 'hem_bbox', 'od_contrast', 20)",pooled == mean of per-ROI precision,0.325,0.325,True,
TABLE_B,"('canine lung cancer', 'hem_bbox', 'od_contrast', 30)",n_roi,2,2,True,
TABLE_B,"('canine lung cancer', 'hem_bbox', 'od_contrast', 30)",tp_sum,15,15,True,
TABLE_B,"('canine lung cancer', 'hem_bbox', 'od_contrast', 30)",delivered_sum,60,60,True,
TABLE_B,"('canine lung cancer', 'hem_bbox', 'od_contrast', 30)",precision_pooled,0.25,0.25,True,
TABLE_B,"('canine lung cancer', 'hem_bbox', 'od_contrast', 30)",precision_worst_roi,0.2,0.2,True,
TABLE_B,"('canine lung cancer', 'hem_bbox', 'od_contrast', 30)",worst_roi_tied,False,False,True,
TABLE_B,"('canine lung cancer', 'hem_bbox', 'od_contrast', 30)",worst_roi_file in tied set,True,True,True,
TABLE_B,"('canine lung cancer', 'hem_bbox', 'od_contrast', 30)",pooled == mean of per-ROI precision,0.25,0.25,True,
TABLE_B,"('canine lung cancer', 'hem_bbox', 'od_contrast', 50)",n_roi,2,2,True,
TABLE_B,"('canine lung cancer', 'hem_bbox', 'od_contrast', 50)",tp_sum,18,18,True,
TABLE_B,"('canine lung cancer', 'hem_bbox', 'od_contrast', 50)",delivered_sum,100,100,True,
TABLE_B,"('canine lung cancer', 'hem_bbox', 'od_contrast', 50)",precision_pooled,0.18,0.18,True,
TABLE_B,"('canine lung cancer', 'hem_bbox', 'od_contrast', 50)",precision_worst_roi,0.16,0.16,True,
TABLE_B,"('canine lung cancer', 'hem_bbox', 'od_contrast', 50)",worst_roi_tied,False,False,True,
TABLE_B,"('canine lung cancer', 'hem_bbox', 'od_contrast', 50)",worst_roi_file in tied set,True,True,True,
TABLE_B,"('canine lung cancer', 'hem_bbox', 'od_contrast', 50)",pooled == mean of per-ROI precision,0.18,0.18,True,
TABLE_B,"('canine lung cancer', 'hem_bbox', 'tm_score', 10)",n_roi,2,2,True,
TABLE_B,"('canine lung cancer', 'hem_bbox', 'tm_score', 10)",tp_sum,8,8,True,
TABLE_B,"('canine lung cancer', 'hem_bbox', 'tm_score', 10)",delivered_sum,20,20,True,
TABLE_B,"('canine lung cancer', 'hem_bbox', 'tm_score', 10)",precision_pooled,0.4,0.4,True,
TABLE_B,"('canine lung cancer', 'hem_bbox', 'tm_score', 10)",precision_worst_roi,0.4,0.4,True,
TABLE_B,"('canine lung cancer', 'hem_bbox', 'tm_score', 10)",worst_roi_tied,True,True,True,
TABLE_B,"('canine lung cancer', 'hem_bbox', 'tm_score', 10)",worst_roi_file in tied set,True,True,True,
TABLE_B,"('canine lung cancer', 'hem_bbox', 'tm_score', 10)",pooled == mean of per-ROI precision,0.4,0.4,True,
TABLE_B,"('canine lung cancer', 'hem_bbox', 'tm_score', 20)",n_roi,2,2,True,
TABLE_B,"('canine lung cancer', 'hem_bbox', 'tm_score', 20)",tp_sum,11,11,True,
TABLE_B,"('canine lung cancer', 'hem_bbox', 'tm_score', 20)",delivered_sum,40,40,True,
TABLE_B,"('canine lung cancer', 'hem_bbox', 'tm_score', 20)",precision_pooled,0.275,0.275,True,
TABLE_B,"('canine lung cancer', 'hem_bbox', 'tm_score', 20)",precision_worst_roi,0.25,0.25,True,
TABLE_B,"('canine lung cancer', 'hem_bbox', 'tm_score', 20)",worst_roi_tied,False,False,True,
TABLE_B,"('canine lung cancer', 'hem_bbox', 'tm_score', 20)",worst_roi_file in tied set,True,True,True,
TABLE_B,"('canine lung cancer', 'hem_bbox', 'tm_score', 20)",pooled == mean of per-ROI precision,0.275,0.275,True,
TABLE_B,"('canine lung cancer', 'hem_bbox', 'tm_score', 30)",n_roi,2,2,True,
TABLE_B,"('canine lung cancer', 'hem_bbox', 'tm_score', 30)",tp_sum,12,12,True,
TABLE_B,"('canine lung cancer', 'hem_bbox', 'tm_score', 30)",delivered_sum,60,60,True,
TABLE_B,"('canine lung cancer', 'hem_bbox', 'tm_score', 30)",precision_pooled,0.2,0.2,True,
TABLE_B,"('canine lung cancer', 'hem_bbox', 'tm_score', 30)",precision_worst_roi,0.1667,0.1667,True,
TABLE_B,"('canine lung cancer', 'hem_bbox', 'tm_score', 30)",worst_roi_tied,False,False,True,
TABLE_B,"('canine lung cancer', 'hem_bbox', 'tm_score', 30)",worst_roi_file in tied set,True,True,True,
TABLE_B,"('canine lung cancer', 'hem_bbox', 'tm_score', 30)",pooled == mean of per-ROI precision,0.2,0.2,True,
TABLE_B,"('canine lung cancer', 'hem_bbox', 'tm_score', 50)",n_roi,2,2,True,
TABLE_B,"('canine lung cancer', 'hem_bbox', 'tm_score', 50)",tp_sum,13,13,True,
TABLE_B,"('canine lung cancer', 'hem_bbox', 'tm_score', 50)",delivered_sum,100,100,True,
TABLE_B,"('canine lung cancer', 'hem_bbox', 'tm_score', 50)",precision_pooled,0.13,0.13,True,
TABLE_B,"('canine lung cancer', 'hem_bbox', 'tm_score', 50)",precision_worst_roi,0.12,0.12,True,
TABLE_B,"('canine lung cancer', 'hem_bbox', 'tm_score', 50)",worst_roi_tied,False,False,True,
TABLE_B,"('canine lung cancer', 'hem_bbox', 'tm_score', 50)",worst_roi_file in tied set,True,True,True,
TABLE_B,"('canine lung cancer', 'hem_bbox', 'tm_score', 50)",pooled == mean of per-ROI precision,0.13,0.13,True,
TABLE_B,"('canine lymphosarcoma', 'gray_bbox', 'chromatin_od', 10)",n_roi,2,2,True,
TABLE_B,"('canine lymphosarcoma', 'gray_bbox', 'chromatin_od', 10)",tp_sum,11,11,True,
TABLE_B,"('canine lymphosarcoma', 'gray_bbox', 'chromatin_od', 10)",delivered_sum,20,20,True,
TABLE_B,"('canine lymphosarcoma', 'gray_bbox', 'chromatin_od', 10)",precision_pooled,0.55,0.55,True,
TABLE_B,"('canine lymphosarcoma', 'gray_bbox', 'chromatin_od', 10)",precision_worst_roi,0.1,0.1,True,
TABLE_B,"('canine lymphosarcoma', 'gray_bbox', 'chromatin_od', 10)",worst_roi_tied,False,False,True,
TABLE_B,"('canine lymphosarcoma', 'gray_bbox', 'chromatin_od', 10)",worst_roi_file in tied set,True,True,True,
TABLE_B,"('canine lymphosarcoma', 'gray_bbox', 'chromatin_od', 10)",pooled == mean of per-ROI precision,0.55,0.55,True,
TABLE_B,"('canine lymphosarcoma', 'gray_bbox', 'chromatin_od', 20)",n_roi,2,2,True,
TABLE_B,"('canine lymphosarcoma', 'gray_bbox', 'chromatin_od', 20)",tp_sum,18,18,True,
TABLE_B,"('canine lymphosarcoma', 'gray_bbox', 'chromatin_od', 20)",delivered_sum,40,40,True,
TABLE_B,"('canine lymphosarcoma', 'gray_bbox', 'chromatin_od', 20)",precision_pooled,0.45,0.45,True,
TABLE_B,"('canine lymphosarcoma', 'gray_bbox', 'chromatin_od', 20)",precision_worst_roi,0.2,0.2,True,
TABLE_B,"('canine lymphosarcoma', 'gray_bbox', 'chromatin_od', 20)",worst_roi_tied,False,False,True,
TABLE_B,"('canine lymphosarcoma', 'gray_bbox', 'chromatin_od', 20)",worst_roi_file in tied set,True,True,True,
TABLE_B,"('canine lymphosarcoma', 'gray_bbox', 'chromatin_od', 20)",pooled == mean of per-ROI precision,0.45,0.45,True,
TABLE_B,"('canine lymphosarcoma', 'gray_bbox', 'chromatin_od', 30)",n_roi,2,2,True,
TABLE_B,"('canine lymphosarcoma', 'gray_bbox', 'chromatin_od', 30)",tp_sum,28,28,True,
TABLE_B,"('canine lymphosarcoma', 'gray_bbox', 'chromatin_od', 30)",delivered_sum,60,60,True,
TABLE_B,"('canine lymphosarcoma', 'gray_bbox', 'chromatin_od', 30)",precision_pooled,0.4667,0.4667,True,
TABLE_B,"('canine lymphosarcoma', 'gray_bbox', 'chromatin_od', 30)",precision_worst_roi,0.2333,0.2333,True,
TABLE_B,"('canine lymphosarcoma', 'gray_bbox', 'chromatin_od', 30)",worst_roi_tied,False,False,True,
TABLE_B,"('canine lymphosarcoma', 'gray_bbox', 'chromatin_od', 30)",worst_roi_file in tied set,True,True,True,
TABLE_B,"('canine lymphosarcoma', 'gray_bbox', 'chromatin_od', 30)",pooled == mean of per-ROI precision,0.4667,0.4667,True,
TABLE_B,"('canine lymphosarcoma', 'gray_bbox', 'chromatin_od', 50)",n_roi,2,2,True,
TABLE_B,"('canine lymphosarcoma', 'gray_bbox', 'chromatin_od', 50)",tp_sum,41,41,True,
TABLE_B,"('canine lymphosarcoma', 'gray_bbox', 'chromatin_od', 50)",delivered_sum,100,100,True,
TABLE_B,"('canine lymphosarcoma', 'gray_bbox', 'chromatin_od', 50)",precision_pooled,0.41,0.41,True,
TABLE_B,"('canine lymphosarcoma', 'gray_bbox', 'chromatin_od', 50)",precision_worst_roi,0.16,0.16,True,
TABLE_B,"('canine lymphosarcoma', 'gray_bbox', 'chromatin_od', 50)",worst_roi_tied,False,False,True,
TABLE_B,"('canine lymphosarcoma', 'gray_bbox', 'chromatin_od', 50)",worst_roi_file in tied set,True,True,True,
TABLE_B,"('canine lymphosarcoma', 'gray_bbox', 'chromatin_od', 50)",pooled == mean of per-ROI precision,0.41,0.41,True,
TABLE_B,"('canine lymphosarcoma', 'gray_bbox', 'od_contrast', 10)",n_roi,2,2,True,
TABLE_B,"('canine lymphosarcoma', 'gray_bbox', 'od_contrast', 10)",tp_sum,11,11,True,
TABLE_B,"('canine lymphosarcoma', 'gray_bbox', 'od_contrast', 10)",delivered_sum,20,20,True,
TABLE_B,"('canine lymphosarcoma', 'gray_bbox', 'od_contrast', 10)",precision_pooled,0.55,0.55,True,
TABLE_B,"('canine lymphosarcoma', 'gray_bbox', 'od_contrast', 10)",precision_worst_roi,0.1,0.1,True,
TABLE_B,"('canine lymphosarcoma', 'gray_bbox', 'od_contrast', 10)",worst_roi_tied,False,False,True,
TABLE_B,"('canine lymphosarcoma', 'gray_bbox', 'od_contrast', 10)",worst_roi_file in tied set,True,True,True,
TABLE_B,"('canine lymphosarcoma', 'gray_bbox', 'od_contrast', 10)",pooled == mean of per-ROI precision,0.55,0.55,True,
TABLE_B,"('canine lymphosarcoma', 'gray_bbox', 'od_contrast', 20)",n_roi,2,2,True,
TABLE_B,"('canine lymphosarcoma', 'gray_bbox', 'od_contrast', 20)",tp_sum,20,20,True,
TABLE_B,"('canine lymphosarcoma', 'gray_bbox', 'od_contrast', 20)",delivered_sum,40,40,True,
TABLE_B,"('canine lymphosarcoma', 'gray_bbox', 'od_contrast', 20)",precision_pooled,0.5,0.5,True,
TABLE_B,"('canine lymphosarcoma', 'gray_bbox', 'od_contrast', 20)",precision_worst_roi,0.25,0.25,True,
TABLE_B,"('canine lymphosarcoma', 'gray_bbox', 'od_contrast', 20)",worst_roi_tied,False,False,True,
TABLE_B,"('canine lymphosarcoma', 'gray_bbox', 'od_contrast', 20)",worst_roi_file in tied set,True,True,True,
TABLE_B,"('canine lymphosarcoma', 'gray_bbox', 'od_contrast', 20)",pooled == mean of per-ROI precision,0.5,0.5,True,
TABLE_B,"('canine lymphosarcoma', 'gray_bbox', 'od_contrast', 30)",n_roi,2,2,True,
TABLE_B,"('canine lymphosarcoma', 'gray_bbox', 'od_contrast', 30)",tp_sum,27,27,True,
TABLE_B,"('canine lymphosarcoma', 'gray_bbox', 'od_contrast', 30)",delivered_sum,60,60,True,
TABLE_B,"('canine lymphosarcoma', 'gray_bbox', 'od_contrast', 30)",precision_pooled,0.45,0.45,True,
TABLE_B,"('canine lymphosarcoma', 'gray_bbox', 'od_contrast', 30)",precision_worst_roi,0.2,0.2,True,
TABLE_B,"('canine lymphosarcoma', 'gray_bbox', 'od_contrast', 30)",worst_roi_tied,False,False,True,
TABLE_B,"('canine lymphosarcoma', 'gray_bbox', 'od_contrast', 30)",worst_roi_file in tied set,True,True,True,
TABLE_B,"('canine lymphosarcoma', 'gray_bbox', 'od_contrast', 30)",pooled == mean of per-ROI precision,0.45,0.45,True,
TABLE_B,"('canine lymphosarcoma', 'gray_bbox', 'od_contrast', 50)",n_roi,2,2,True,
TABLE_B,"('canine lymphosarcoma', 'gray_bbox', 'od_contrast', 50)",tp_sum,42,42,True,
TABLE_B,"('canine lymphosarcoma', 'gray_bbox', 'od_contrast', 50)",delivered_sum,100,100,True,
TABLE_B,"('canine lymphosarcoma', 'gray_bbox', 'od_contrast', 50)",precision_pooled,0.42,0.42,True,
TABLE_B,"('canine lymphosarcoma', 'gray_bbox', 'od_contrast', 50)",precision_worst_roi,0.16,0.16,True,
TABLE_B,"('canine lymphosarcoma', 'gray_bbox', 'od_contrast', 50)",worst_roi_tied,False,False,True,
TABLE_B,"('canine lymphosarcoma', 'gray_bbox', 'od_contrast', 50)",worst_roi_file in tied set,True,True,True,
TABLE_B,"('canine lymphosarcoma', 'gray_bbox', 'od_contrast', 50)",pooled == mean of per-ROI precision,0.42,0.42,True,
TABLE_B,"('canine lymphosarcoma', 'gray_bbox', 'tm_score', 10)",n_roi,2,2,True,
TABLE_B,"('canine lymphosarcoma', 'gray_bbox', 'tm_score', 10)",tp_sum,11,11,True,
TABLE_B,"('canine lymphosarcoma', 'gray_bbox', 'tm_score', 10)",delivered_sum,20,20,True,
TABLE_B,"('canine lymphosarcoma', 'gray_bbox', 'tm_score', 10)",precision_pooled,0.55,0.55,True,
TABLE_B,"('canine lymphosarcoma', 'gray_bbox', 'tm_score', 10)",precision_worst_roi,0.1,0.1,True,
TABLE_B,"('canine lymphosarcoma', 'gray_bbox', 'tm_score', 10)",worst_roi_tied,False,False,True,
TABLE_B,"('canine lymphosarcoma', 'gray_bbox', 'tm_score', 10)",worst_roi_file in tied set,True,True,True,
TABLE_B,"('canine lymphosarcoma', 'gray_bbox', 'tm_score', 10)",pooled == mean of per-ROI precision,0.55,0.55,True,
TABLE_B,"('canine lymphosarcoma', 'gray_bbox', 'tm_score', 20)",n_roi,2,2,True,
TABLE_B,"('canine lymphosarcoma', 'gray_bbox', 'tm_score', 20)",tp_sum,20,20,True,
TABLE_B,"('canine lymphosarcoma', 'gray_bbox', 'tm_score', 20)",delivered_sum,40,40,True,
TABLE_B,"('canine lymphosarcoma', 'gray_bbox', 'tm_score', 20)",precision_pooled,0.5,0.5,True,
TABLE_B,"('canine lymphosarcoma', 'gray_bbox', 'tm_score', 20)",precision_worst_roi,0.1,0.1,True,
TABLE_B,"('canine lymphosarcoma', 'gray_bbox', 'tm_score', 20)",worst_roi_tied,False,False,True,
TABLE_B,"('canine lymphosarcoma', 'gray_bbox', 'tm_score', 20)",worst_roi_file in tied set,True,True,True,
TABLE_B,"('canine lymphosarcoma', 'gray_bbox', 'tm_score', 20)",pooled == mean of per-ROI precision,0.5,0.5,True,
TABLE_B,"('canine lymphosarcoma', 'gray_bbox', 'tm_score', 30)",n_roi,2,2,True,
TABLE_B,"('canine lymphosarcoma', 'gray_bbox', 'tm_score', 30)",tp_sum,27,27,True,
TABLE_B,"('canine lymphosarcoma', 'gray_bbox', 'tm_score', 30)",delivered_sum,60,60,True,
TABLE_B,"('canine lymphosarcoma', 'gray_bbox', 'tm_score', 30)",precision_pooled,0.45,0.45,True,
TABLE_B,"('canine lymphosarcoma', 'gray_bbox', 'tm_score', 30)",precision_worst_roi,0.1,0.1,True,
TABLE_B,"('canine lymphosarcoma', 'gray_bbox', 'tm_score', 30)",worst_roi_tied,False,False,True,
TABLE_B,"('canine lymphosarcoma', 'gray_bbox', 'tm_score', 30)",worst_roi_file in tied set,True,True,True,
TABLE_B,"('canine lymphosarcoma', 'gray_bbox', 'tm_score', 30)",pooled == mean of per-ROI precision,0.45,0.45,True,
TABLE_B,"('canine lymphosarcoma', 'gray_bbox', 'tm_score', 50)",n_roi,2,2,True,
TABLE_B,"('canine lymphosarcoma', 'gray_bbox', 'tm_score', 50)",tp_sum,37,37,True,
TABLE_B,"('canine lymphosarcoma', 'gray_bbox', 'tm_score', 50)",delivered_sum,100,100,True,
TABLE_B,"('canine lymphosarcoma', 'gray_bbox', 'tm_score', 50)",precision_pooled,0.37,0.37,True,
TABLE_B,"('canine lymphosarcoma', 'gray_bbox', 'tm_score', 50)",precision_worst_roi,0.12,0.12,True,
TABLE_B,"('canine lymphosarcoma', 'gray_bbox', 'tm_score', 50)",worst_roi_tied,False,False,True,
TABLE_B,"('canine lymphosarcoma', 'gray_bbox', 'tm_score', 50)",worst_roi_file in tied set,True,True,True,
TABLE_B,"('canine lymphosarcoma', 'gray_bbox', 'tm_score', 50)",pooled == mean of per-ROI precision,0.37,0.37,True,
TABLE_B,"('canine lymphosarcoma', 'hem_bbox', 'chromatin_od', 10)",n_roi,2,2,True,
TABLE_B,"('canine lymphosarcoma', 'hem_bbox', 'chromatin_od', 10)",tp_sum,11,11,True,
TABLE_B,"('canine lymphosarcoma', 'hem_bbox', 'chromatin_od', 10)",delivered_sum,20,20,True,
TABLE_B,"('canine lymphosarcoma', 'hem_bbox', 'chromatin_od', 10)",precision_pooled,0.55,0.55,True,
TABLE_B,"('canine lymphosarcoma', 'hem_bbox', 'chromatin_od', 10)",precision_worst_roi,0.1,0.1,True,
TABLE_B,"('canine lymphosarcoma', 'hem_bbox', 'chromatin_od', 10)",worst_roi_tied,False,False,True,
TABLE_B,"('canine lymphosarcoma', 'hem_bbox', 'chromatin_od', 10)",worst_roi_file in tied set,True,True,True,
TABLE_B,"('canine lymphosarcoma', 'hem_bbox', 'chromatin_od', 10)",pooled == mean of per-ROI precision,0.55,0.55,True,
TABLE_B,"('canine lymphosarcoma', 'hem_bbox', 'chromatin_od', 20)",n_roi,2,2,True,
TABLE_B,"('canine lymphosarcoma', 'hem_bbox', 'chromatin_od', 20)",tp_sum,18,18,True,
TABLE_B,"('canine lymphosarcoma', 'hem_bbox', 'chromatin_od', 20)",delivered_sum,40,40,True,
TABLE_B,"('canine lymphosarcoma', 'hem_bbox', 'chromatin_od', 20)",precision_pooled,0.45,0.45,True,
TABLE_B,"('canine lymphosarcoma', 'hem_bbox', 'chromatin_od', 20)",precision_worst_roi,0.1,0.1,True,
TABLE_B,"('canine lymphosarcoma', 'hem_bbox', 'chromatin_od', 20)",worst_roi_tied,False,False,True,
TABLE_B,"('canine lymphosarcoma', 'hem_bbox', 'chromatin_od', 20)",worst_roi_file in tied set,True,True,True,
TABLE_B,"('canine lymphosarcoma', 'hem_bbox', 'chromatin_od', 20)",pooled == mean of per-ROI precision,0.45,0.45,True,
TABLE_B,"('canine lymphosarcoma', 'hem_bbox', 'chromatin_od', 30)",n_roi,2,2,True,
TABLE_B,"('canine lymphosarcoma', 'hem_bbox', 'chromatin_od', 30)",tp_sum,27,27,True,
TABLE_B,"('canine lymphosarcoma', 'hem_bbox', 'chromatin_od', 30)",delivered_sum,60,60,True,
TABLE_B,"('canine lymphosarcoma', 'hem_bbox', 'chromatin_od', 30)",precision_pooled,0.45,0.45,True,
TABLE_B,"('canine lymphosarcoma', 'hem_bbox', 'chromatin_od', 30)",precision_worst_roi,0.1667,0.1667,True,
TABLE_B,"('canine lymphosarcoma', 'hem_bbox', 'chromatin_od', 30)",worst_roi_tied,False,False,True,
TABLE_B,"('canine lymphosarcoma', 'hem_bbox', 'chromatin_od', 30)",worst_roi_file in tied set,True,True,True,
TABLE_B,"('canine lymphosarcoma', 'hem_bbox', 'chromatin_od', 30)",pooled == mean of per-ROI precision,0.45,0.45,True,
TABLE_B,"('canine lymphosarcoma', 'hem_bbox', 'chromatin_od', 50)",n_roi,2,2,True,
TABLE_B,"('canine lymphosarcoma', 'hem_bbox', 'chromatin_od', 50)",tp_sum,41,41,True,
TABLE_B,"('canine lymphosarcoma', 'hem_bbox', 'chromatin_od', 50)",delivered_sum,100,100,True,
TABLE_B,"('canine lymphosarcoma', 'hem_bbox', 'chromatin_od', 50)",precision_pooled,0.41,0.41,True,
TABLE_B,"('canine lymphosarcoma', 'hem_bbox', 'chromatin_od', 50)",precision_worst_roi,0.24,0.24,True,
TABLE_B,"('canine lymphosarcoma', 'hem_bbox', 'chromatin_od', 50)",worst_roi_tied,False,False,True,
TABLE_B,"('canine lymphosarcoma', 'hem_bbox', 'chromatin_od', 50)",worst_roi_file in tied set,True,True,True,
TABLE_B,"('canine lymphosarcoma', 'hem_bbox', 'chromatin_od', 50)",pooled == mean of per-ROI precision,0.41,0.41,True,
TABLE_B,"('canine lymphosarcoma', 'hem_bbox', 'od_contrast', 10)",n_roi,2,2,True,
TABLE_B,"('canine lymphosarcoma', 'hem_bbox', 'od_contrast', 10)",tp_sum,11,11,True,
TABLE_B,"('canine lymphosarcoma', 'hem_bbox', 'od_contrast', 10)",delivered_sum,20,20,True,
TABLE_B,"('canine lymphosarcoma', 'hem_bbox', 'od_contrast', 10)",precision_pooled,0.55,0.55,True,
TABLE_B,"('canine lymphosarcoma', 'hem_bbox', 'od_contrast', 10)",precision_worst_roi,0.1,0.1,True,
TABLE_B,"('canine lymphosarcoma', 'hem_bbox', 'od_contrast', 10)",worst_roi_tied,False,False,True,
TABLE_B,"('canine lymphosarcoma', 'hem_bbox', 'od_contrast', 10)",worst_roi_file in tied set,True,True,True,
TABLE_B,"('canine lymphosarcoma', 'hem_bbox', 'od_contrast', 10)",pooled == mean of per-ROI precision,0.55,0.55,True,
TABLE_B,"('canine lymphosarcoma', 'hem_bbox', 'od_contrast', 20)",n_roi,2,2,True,
TABLE_B,"('canine lymphosarcoma', 'hem_bbox', 'od_contrast', 20)",tp_sum,19,19,True,
TABLE_B,"('canine lymphosarcoma', 'hem_bbox', 'od_contrast', 20)",delivered_sum,40,40,True,
TABLE_B,"('canine lymphosarcoma', 'hem_bbox', 'od_contrast', 20)",precision_pooled,0.475,0.475,True,
TABLE_B,"('canine lymphosarcoma', 'hem_bbox', 'od_contrast', 20)",precision_worst_roi,0.1,0.1,True,
TABLE_B,"('canine lymphosarcoma', 'hem_bbox', 'od_contrast', 20)",worst_roi_tied,False,False,True,
TABLE_B,"('canine lymphosarcoma', 'hem_bbox', 'od_contrast', 20)",worst_roi_file in tied set,True,True,True,
TABLE_B,"('canine lymphosarcoma', 'hem_bbox', 'od_contrast', 20)",pooled == mean of per-ROI precision,0.475,0.475,True,
TABLE_B,"('canine lymphosarcoma', 'hem_bbox', 'od_contrast', 30)",n_roi,2,2,True,
TABLE_B,"('canine lymphosarcoma', 'hem_bbox', 'od_contrast', 30)",tp_sum,24,24,True,
TABLE_B,"('canine lymphosarcoma', 'hem_bbox', 'od_contrast', 30)",delivered_sum,60,60,True,
TABLE_B,"('canine lymphosarcoma', 'hem_bbox', 'od_contrast', 30)",precision_pooled,0.4,0.4,True,
TABLE_B,"('canine lymphosarcoma', 'hem_bbox', 'od_contrast', 30)",precision_worst_roi,0.1333,0.1333,True,
TABLE_B,"('canine lymphosarcoma', 'hem_bbox', 'od_contrast', 30)",worst_roi_tied,False,False,True,
TABLE_B,"('canine lymphosarcoma', 'hem_bbox', 'od_contrast', 30)",worst_roi_file in tied set,True,True,True,
TABLE_B,"('canine lymphosarcoma', 'hem_bbox', 'od_contrast', 30)",pooled == mean of per-ROI precision,0.4,0.4,True,
TABLE_B,"('canine lymphosarcoma', 'hem_bbox', 'od_contrast', 50)",n_roi,2,2,True,
TABLE_B,"('canine lymphosarcoma', 'hem_bbox', 'od_contrast', 50)",tp_sum,40,40,True,
TABLE_B,"('canine lymphosarcoma', 'hem_bbox', 'od_contrast', 50)",delivered_sum,100,100,True,
TABLE_B,"('canine lymphosarcoma', 'hem_bbox', 'od_contrast', 50)",precision_pooled,0.4,0.4,True,
TABLE_B,"('canine lymphosarcoma', 'hem_bbox', 'od_contrast', 50)",precision_worst_roi,0.24,0.24,True,
TABLE_B,"('canine lymphosarcoma', 'hem_bbox', 'od_contrast', 50)",worst_roi_tied,False,False,True,
TABLE_B,"('canine lymphosarcoma', 'hem_bbox', 'od_contrast', 50)",worst_roi_file in tied set,True,True,True,
TABLE_B,"('canine lymphosarcoma', 'hem_bbox', 'od_contrast', 50)",pooled == mean of per-ROI precision,0.4,0.4,True,
TABLE_B,"('canine lymphosarcoma', 'hem_bbox', 'tm_score', 10)",n_roi,2,2,True,
TABLE_B,"('canine lymphosarcoma', 'hem_bbox', 'tm_score', 10)",tp_sum,11,11,True,
TABLE_B,"('canine lymphosarcoma', 'hem_bbox', 'tm_score', 10)",delivered_sum,20,20,True,
TABLE_B,"('canine lymphosarcoma', 'hem_bbox', 'tm_score', 10)",precision_pooled,0.55,0.55,True,
TABLE_B,"('canine lymphosarcoma', 'hem_bbox', 'tm_score', 10)",precision_worst_roi,0.3,0.3,True,
TABLE_B,"('canine lymphosarcoma', 'hem_bbox', 'tm_score', 10)",worst_roi_tied,False,False,True,
TABLE_B,"('canine lymphosarcoma', 'hem_bbox', 'tm_score', 10)",worst_roi_file in tied set,True,True,True,
TABLE_B,"('canine lymphosarcoma', 'hem_bbox', 'tm_score', 10)",pooled == mean of per-ROI precision,0.55,0.55,True,
TABLE_B,"('canine lymphosarcoma', 'hem_bbox', 'tm_score', 20)",n_roi,2,2,True,
TABLE_B,"('canine lymphosarcoma', 'hem_bbox', 'tm_score', 20)",tp_sum,21,21,True,
TABLE_B,"('canine lymphosarcoma', 'hem_bbox', 'tm_score', 20)",delivered_sum,40,40,True,
TABLE_B,"('canine lymphosarcoma', 'hem_bbox', 'tm_score', 20)",precision_pooled,0.525,0.525,True,
TABLE_B,"('canine lymphosarcoma', 'hem_bbox', 'tm_score', 20)",precision_worst_roi,0.35,0.35,True,
TABLE_B,"('canine lymphosarcoma', 'hem_bbox', 'tm_score', 20)",worst_roi_tied,False,False,True,
TABLE_B,"('canine lymphosarcoma', 'hem_bbox', 'tm_score', 20)",worst_roi_file in tied set,True,True,True,
TABLE_B,"('canine lymphosarcoma', 'hem_bbox', 'tm_score', 20)",pooled == mean of per-ROI precision,0.525,0.525,True,
TABLE_B,"('canine lymphosarcoma', 'hem_bbox', 'tm_score', 30)",n_roi,2,2,True,
TABLE_B,"('canine lymphosarcoma', 'hem_bbox', 'tm_score', 30)",tp_sum,25,25,True,
TABLE_B,"('canine lymphosarcoma', 'hem_bbox', 'tm_score', 30)",delivered_sum,60,60,True,
TABLE_B,"('canine lymphosarcoma', 'hem_bbox', 'tm_score', 30)",precision_pooled,0.4167,0.4167,True,
TABLE_B,"('canine lymphosarcoma', 'hem_bbox', 'tm_score', 30)",precision_worst_roi,0.3,0.3,True,
TABLE_B,"('canine lymphosarcoma', 'hem_bbox', 'tm_score', 30)",worst_roi_tied,False,False,True,
TABLE_B,"('canine lymphosarcoma', 'hem_bbox', 'tm_score', 30)",worst_roi_file in tied set,True,True,True,
TABLE_B,"('canine lymphosarcoma', 'hem_bbox', 'tm_score', 30)",pooled == mean of per-ROI precision,0.4167,0.4167,True,
TABLE_B,"('canine lymphosarcoma', 'hem_bbox', 'tm_score', 50)",n_roi,2,2,True,
TABLE_B,"('canine lymphosarcoma', 'hem_bbox', 'tm_score', 50)",tp_sum,34,34,True,
TABLE_B,"('canine lymphosarcoma', 'hem_bbox', 'tm_score', 50)",delivered_sum,100,100,True,
TABLE_B,"('canine lymphosarcoma', 'hem_bbox', 'tm_score', 50)",precision_pooled,0.34,0.34,True,
TABLE_B,"('canine lymphosarcoma', 'hem_bbox', 'tm_score', 50)",precision_worst_roi,0.24,0.24,True,
TABLE_B,"('canine lymphosarcoma', 'hem_bbox', 'tm_score', 50)",worst_roi_tied,False,False,True,
TABLE_B,"('canine lymphosarcoma', 'hem_bbox', 'tm_score', 50)",worst_roi_file in tied set,True,True,True,
TABLE_B,"('canine lymphosarcoma', 'hem_bbox', 'tm_score', 50)",pooled == mean of per-ROI precision,0.34,0.34,True,
TABLE_B,"('canine soft tissue sarcoma', 'gray_bbox', 'chromatin_od', 10)",n_roi,2,2,True,
TABLE_B,"('canine soft tissue sarcoma', 'gray_bbox', 'chromatin_od', 10)",tp_sum,16,16,True,
TABLE_B,"('canine soft tissue sarcoma', 'gray_bbox', 'chromatin_od', 10)",delivered_sum,20,20,True,
TABLE_B,"('canine soft tissue sarcoma', 'gray_bbox', 'chromatin_od', 10)",precision_pooled,0.8,0.8,True,
TABLE_B,"('canine soft tissue sarcoma', 'gray_bbox', 'chromatin_od', 10)",precision_worst_roi,0.7,0.7,True,
TABLE_B,"('canine soft tissue sarcoma', 'gray_bbox', 'chromatin_od', 10)",worst_roi_tied,False,False,True,
TABLE_B,"('canine soft tissue sarcoma', 'gray_bbox', 'chromatin_od', 10)",worst_roi_file in tied set,True,True,True,
TABLE_B,"('canine soft tissue sarcoma', 'gray_bbox', 'chromatin_od', 10)",pooled == mean of per-ROI precision,0.8,0.8,True,
TABLE_B,"('canine soft tissue sarcoma', 'gray_bbox', 'chromatin_od', 20)",n_roi,2,2,True,
TABLE_B,"('canine soft tissue sarcoma', 'gray_bbox', 'chromatin_od', 20)",tp_sum,33,33,True,
TABLE_B,"('canine soft tissue sarcoma', 'gray_bbox', 'chromatin_od', 20)",delivered_sum,40,40,True,
TABLE_B,"('canine soft tissue sarcoma', 'gray_bbox', 'chromatin_od', 20)",precision_pooled,0.825,0.825,True,
TABLE_B,"('canine soft tissue sarcoma', 'gray_bbox', 'chromatin_od', 20)",precision_worst_roi,0.8,0.8,True,
TABLE_B,"('canine soft tissue sarcoma', 'gray_bbox', 'chromatin_od', 20)",worst_roi_tied,False,False,True,
TABLE_B,"('canine soft tissue sarcoma', 'gray_bbox', 'chromatin_od', 20)",worst_roi_file in tied set,True,True,True,
TABLE_B,"('canine soft tissue sarcoma', 'gray_bbox', 'chromatin_od', 20)",pooled == mean of per-ROI precision,0.825,0.825,True,
TABLE_B,"('canine soft tissue sarcoma', 'gray_bbox', 'chromatin_od', 30)",n_roi,2,2,True,
TABLE_B,"('canine soft tissue sarcoma', 'gray_bbox', 'chromatin_od', 30)",tp_sum,42,42,True,
TABLE_B,"('canine soft tissue sarcoma', 'gray_bbox', 'chromatin_od', 30)",delivered_sum,60,60,True,
TABLE_B,"('canine soft tissue sarcoma', 'gray_bbox', 'chromatin_od', 30)",precision_pooled,0.7,0.7,True,
TABLE_B,"('canine soft tissue sarcoma', 'gray_bbox', 'chromatin_od', 30)",precision_worst_roi,0.5667,0.5667,True,
TABLE_B,"('canine soft tissue sarcoma', 'gray_bbox', 'chromatin_od', 30)",worst_roi_tied,False,False,True,
TABLE_B,"('canine soft tissue sarcoma', 'gray_bbox', 'chromatin_od', 30)",worst_roi_file in tied set,True,True,True,
TABLE_B,"('canine soft tissue sarcoma', 'gray_bbox', 'chromatin_od', 30)",pooled == mean of per-ROI precision,0.7,0.7,True,
TABLE_B,"('canine soft tissue sarcoma', 'gray_bbox', 'chromatin_od', 50)",n_roi,2,2,True,
TABLE_B,"('canine soft tissue sarcoma', 'gray_bbox', 'chromatin_od', 50)",tp_sum,55,55,True,
TABLE_B,"('canine soft tissue sarcoma', 'gray_bbox', 'chromatin_od', 50)",delivered_sum,100,100,True,
TABLE_B,"('canine soft tissue sarcoma', 'gray_bbox', 'chromatin_od', 50)",precision_pooled,0.55,0.55,True,
TABLE_B,"('canine soft tissue sarcoma', 'gray_bbox', 'chromatin_od', 50)",precision_worst_roi,0.4,0.4,True,
TABLE_B,"('canine soft tissue sarcoma', 'gray_bbox', 'chromatin_od', 50)",worst_roi_tied,False,False,True,
TABLE_B,"('canine soft tissue sarcoma', 'gray_bbox', 'chromatin_od', 50)",worst_roi_file in tied set,True,True,True,
TABLE_B,"('canine soft tissue sarcoma', 'gray_bbox', 'chromatin_od', 50)",pooled == mean of per-ROI precision,0.55,0.55,True,
TABLE_B,"('canine soft tissue sarcoma', 'gray_bbox', 'od_contrast', 10)",n_roi,2,2,True,
TABLE_B,"('canine soft tissue sarcoma', 'gray_bbox', 'od_contrast', 10)",tp_sum,17,17,True,
TABLE_B,"('canine soft tissue sarcoma', 'gray_bbox', 'od_contrast', 10)",delivered_sum,20,20,True,
TABLE_B,"('canine soft tissue sarcoma', 'gray_bbox', 'od_contrast', 10)",precision_pooled,0.85,0.85,True,
TABLE_B,"('canine soft tissue sarcoma', 'gray_bbox', 'od_contrast', 10)",precision_worst_roi,0.7,0.7,True,
TABLE_B,"('canine soft tissue sarcoma', 'gray_bbox', 'od_contrast', 10)",worst_roi_tied,False,False,True,
TABLE_B,"('canine soft tissue sarcoma', 'gray_bbox', 'od_contrast', 10)",worst_roi_file in tied set,True,True,True,
TABLE_B,"('canine soft tissue sarcoma', 'gray_bbox', 'od_contrast', 10)",pooled == mean of per-ROI precision,0.85,0.85,True,
TABLE_B,"('canine soft tissue sarcoma', 'gray_bbox', 'od_contrast', 20)",n_roi,2,2,True,
TABLE_B,"('canine soft tissue sarcoma', 'gray_bbox', 'od_contrast', 20)",tp_sum,28,28,True,
TABLE_B,"('canine soft tissue sarcoma', 'gray_bbox', 'od_contrast', 20)",delivered_sum,40,40,True,
TABLE_B,"('canine soft tissue sarcoma', 'gray_bbox', 'od_contrast', 20)",precision_pooled,0.7,0.7,True,
TABLE_B,"('canine soft tissue sarcoma', 'gray_bbox', 'od_contrast', 20)",precision_worst_roi,0.65,0.65,True,
TABLE_B,"('canine soft tissue sarcoma', 'gray_bbox', 'od_contrast', 20)",worst_roi_tied,False,False,True,
TABLE_B,"('canine soft tissue sarcoma', 'gray_bbox', 'od_contrast', 20)",worst_roi_file in tied set,True,True,True,
TABLE_B,"('canine soft tissue sarcoma', 'gray_bbox', 'od_contrast', 20)",pooled == mean of per-ROI precision,0.7,0.7,True,
TABLE_B,"('canine soft tissue sarcoma', 'gray_bbox', 'od_contrast', 30)",n_roi,2,2,True,
TABLE_B,"('canine soft tissue sarcoma', 'gray_bbox', 'od_contrast', 30)",tp_sum,37,37,True,
TABLE_B,"('canine soft tissue sarcoma', 'gray_bbox', 'od_contrast', 30)",delivered_sum,60,60,True,
TABLE_B,"('canine soft tissue sarcoma', 'gray_bbox', 'od_contrast', 30)",precision_pooled,0.6167,0.6167,True,
TABLE_B,"('canine soft tissue sarcoma', 'gray_bbox', 'od_contrast', 30)",precision_worst_roi,0.5667,0.5667,True,
TABLE_B,"('canine soft tissue sarcoma', 'gray_bbox', 'od_contrast', 30)",worst_roi_tied,False,False,True,
TABLE_B,"('canine soft tissue sarcoma', 'gray_bbox', 'od_contrast', 30)",worst_roi_file in tied set,True,True,True,
TABLE_B,"('canine soft tissue sarcoma', 'gray_bbox', 'od_contrast', 30)",pooled == mean of per-ROI precision,0.6167,0.6167,True,
TABLE_B,"('canine soft tissue sarcoma', 'gray_bbox', 'od_contrast', 50)",n_roi,2,2,True,
TABLE_B,"('canine soft tissue sarcoma', 'gray_bbox', 'od_contrast', 50)",tp_sum,53,53,True,
TABLE_B,"('canine soft tissue sarcoma', 'gray_bbox', 'od_contrast', 50)",delivered_sum,100,100,True,
TABLE_B,"('canine soft tissue sarcoma', 'gray_bbox', 'od_contrast', 50)",precision_pooled,0.53,0.53,True,
TABLE_B,"('canine soft tissue sarcoma', 'gray_bbox', 'od_contrast', 50)",precision_worst_roi,0.38,0.38,True,
TABLE_B,"('canine soft tissue sarcoma', 'gray_bbox', 'od_contrast', 50)",worst_roi_tied,False,False,True,
TABLE_B,"('canine soft tissue sarcoma', 'gray_bbox', 'od_contrast', 50)",worst_roi_file in tied set,True,True,True,
TABLE_B,"('canine soft tissue sarcoma', 'gray_bbox', 'od_contrast', 50)",pooled == mean of per-ROI precision,0.53,0.53,True,
TABLE_B,"('canine soft tissue sarcoma', 'gray_bbox', 'tm_score', 10)",n_roi,2,2,True,
TABLE_B,"('canine soft tissue sarcoma', 'gray_bbox', 'tm_score', 10)",tp_sum,13,13,True,
TABLE_B,"('canine soft tissue sarcoma', 'gray_bbox', 'tm_score', 10)",delivered_sum,20,20,True,
TABLE_B,"('canine soft tissue sarcoma', 'gray_bbox', 'tm_score', 10)",precision_pooled,0.65,0.65,True,
TABLE_B,"('canine soft tissue sarcoma', 'gray_bbox', 'tm_score', 10)",precision_worst_roi,0.6,0.6,True,
TABLE_B,"('canine soft tissue sarcoma', 'gray_bbox', 'tm_score', 10)",worst_roi_tied,False,False,True,
TABLE_B,"('canine soft tissue sarcoma', 'gray_bbox', 'tm_score', 10)",worst_roi_file in tied set,True,True,True,
TABLE_B,"('canine soft tissue sarcoma', 'gray_bbox', 'tm_score', 10)",pooled == mean of per-ROI precision,0.65,0.65,True,
TABLE_B,"('canine soft tissue sarcoma', 'gray_bbox', 'tm_score', 20)",n_roi,2,2,True,
TABLE_B,"('canine soft tissue sarcoma', 'gray_bbox', 'tm_score', 20)",tp_sum,21,21,True,
TABLE_B,"('canine soft tissue sarcoma', 'gray_bbox', 'tm_score', 20)",delivered_sum,40,40,True,
TABLE_B,"('canine soft tissue sarcoma', 'gray_bbox', 'tm_score', 20)",precision_pooled,0.525,0.525,True,
TABLE_B,"('canine soft tissue sarcoma', 'gray_bbox', 'tm_score', 20)",precision_worst_roi,0.5,0.5,True,
TABLE_B,"('canine soft tissue sarcoma', 'gray_bbox', 'tm_score', 20)",worst_roi_tied,False,False,True,
TABLE_B,"('canine soft tissue sarcoma', 'gray_bbox', 'tm_score', 20)",worst_roi_file in tied set,True,True,True,
TABLE_B,"('canine soft tissue sarcoma', 'gray_bbox', 'tm_score', 20)",pooled == mean of per-ROI precision,0.525,0.525,True,
TABLE_B,"('canine soft tissue sarcoma', 'gray_bbox', 'tm_score', 30)",n_roi,2,2,True,
TABLE_B,"('canine soft tissue sarcoma', 'gray_bbox', 'tm_score', 30)",tp_sum,31,31,True,
TABLE_B,"('canine soft tissue sarcoma', 'gray_bbox', 'tm_score', 30)",delivered_sum,60,60,True,
TABLE_B,"('canine soft tissue sarcoma', 'gray_bbox', 'tm_score', 30)",precision_pooled,0.5167,0.5167,True,
TABLE_B,"('canine soft tissue sarcoma', 'gray_bbox', 'tm_score', 30)",precision_worst_roi,0.4,0.4,True,
TABLE_B,"('canine soft tissue sarcoma', 'gray_bbox', 'tm_score', 30)",worst_roi_tied,False,False,True,
TABLE_B,"('canine soft tissue sarcoma', 'gray_bbox', 'tm_score', 30)",worst_roi_file in tied set,True,True,True,
TABLE_B,"('canine soft tissue sarcoma', 'gray_bbox', 'tm_score', 30)",pooled == mean of per-ROI precision,0.5167,0.5167,True,
TABLE_B,"('canine soft tissue sarcoma', 'gray_bbox', 'tm_score', 50)",n_roi,2,2,True,
TABLE_B,"('canine soft tissue sarcoma', 'gray_bbox', 'tm_score', 50)",tp_sum,41,41,True,
TABLE_B,"('canine soft tissue sarcoma', 'gray_bbox', 'tm_score', 50)",delivered_sum,100,100,True,
TABLE_B,"('canine soft tissue sarcoma', 'gray_bbox', 'tm_score', 50)",precision_pooled,0.41,0.41,True,
TABLE_B,"('canine soft tissue sarcoma', 'gray_bbox', 'tm_score', 50)",precision_worst_roi,0.3,0.3,True,
TABLE_B,"('canine soft tissue sarcoma', 'gray_bbox', 'tm_score', 50)",worst_roi_tied,False,False,True,
TABLE_B,"('canine soft tissue sarcoma', 'gray_bbox', 'tm_score', 50)",worst_roi_file in tied set,True,True,True,
TABLE_B,"('canine soft tissue sarcoma', 'gray_bbox', 'tm_score', 50)",pooled == mean of per-ROI precision,0.41,0.41,True,
TABLE_B,"('canine soft tissue sarcoma', 'hem_bbox', 'chromatin_od', 10)",n_roi,2,2,True,
TABLE_B,"('canine soft tissue sarcoma', 'hem_bbox', 'chromatin_od', 10)",tp_sum,16,16,True,
TABLE_B,"('canine soft tissue sarcoma', 'hem_bbox', 'chromatin_od', 10)",delivered_sum,20,20,True,
TABLE_B,"('canine soft tissue sarcoma', 'hem_bbox', 'chromatin_od', 10)",precision_pooled,0.8,0.8,True,
TABLE_B,"('canine soft tissue sarcoma', 'hem_bbox', 'chromatin_od', 10)",precision_worst_roi,0.7,0.7,True,
TABLE_B,"('canine soft tissue sarcoma', 'hem_bbox', 'chromatin_od', 10)",worst_roi_tied,False,False,True,
TABLE_B,"('canine soft tissue sarcoma', 'hem_bbox', 'chromatin_od', 10)",worst_roi_file in tied set,True,True,True,
TABLE_B,"('canine soft tissue sarcoma', 'hem_bbox', 'chromatin_od', 10)",pooled == mean of per-ROI precision,0.8,0.8,True,
TABLE_B,"('canine soft tissue sarcoma', 'hem_bbox', 'chromatin_od', 20)",n_roi,2,2,True,
TABLE_B,"('canine soft tissue sarcoma', 'hem_bbox', 'chromatin_od', 20)",tp_sum,31,31,True,
TABLE_B,"('canine soft tissue sarcoma', 'hem_bbox', 'chromatin_od', 20)",delivered_sum,40,40,True,
TABLE_B,"('canine soft tissue sarcoma', 'hem_bbox', 'chromatin_od', 20)",precision_pooled,0.775,0.775,True,
TABLE_B,"('canine soft tissue sarcoma', 'hem_bbox', 'chromatin_od', 20)",precision_worst_roi,0.7,0.7,True,
TABLE_B,"('canine soft tissue sarcoma', 'hem_bbox', 'chromatin_od', 20)",worst_roi_tied,False,False,True,
TABLE_B,"('canine soft tissue sarcoma', 'hem_bbox', 'chromatin_od', 20)",worst_roi_file in tied set,True,True,True,
TABLE_B,"('canine soft tissue sarcoma', 'hem_bbox', 'chromatin_od', 20)",pooled == mean of per-ROI precision,0.775,0.775,True,
TABLE_B,"('canine soft tissue sarcoma', 'hem_bbox', 'chromatin_od', 30)",n_roi,2,2,True,
TABLE_B,"('canine soft tissue sarcoma', 'hem_bbox', 'chromatin_od', 30)",tp_sum,40,40,True,
TABLE_B,"('canine soft tissue sarcoma', 'hem_bbox', 'chromatin_od', 30)",delivered_sum,60,60,True,
TABLE_B,"('canine soft tissue sarcoma', 'hem_bbox', 'chromatin_od', 30)",precision_pooled,0.6667,0.6667,True,
TABLE_B,"('canine soft tissue sarcoma', 'hem_bbox', 'chromatin_od', 30)",precision_worst_roi,0.5,0.5,True,
TABLE_B,"('canine soft tissue sarcoma', 'hem_bbox', 'chromatin_od', 30)",worst_roi_tied,False,False,True,
TABLE_B,"('canine soft tissue sarcoma', 'hem_bbox', 'chromatin_od', 30)",worst_roi_file in tied set,True,True,True,
TABLE_B,"('canine soft tissue sarcoma', 'hem_bbox', 'chromatin_od', 30)",pooled == mean of per-ROI precision,0.6667,0.6667,True,
TABLE_B,"('canine soft tissue sarcoma', 'hem_bbox', 'chromatin_od', 50)",n_roi,2,2,True,
TABLE_B,"('canine soft tissue sarcoma', 'hem_bbox', 'chromatin_od', 50)",tp_sum,47,47,True,
TABLE_B,"('canine soft tissue sarcoma', 'hem_bbox', 'chromatin_od', 50)",delivered_sum,100,100,True,
TABLE_B,"('canine soft tissue sarcoma', 'hem_bbox', 'chromatin_od', 50)",precision_pooled,0.47,0.47,True,
TABLE_B,"('canine soft tissue sarcoma', 'hem_bbox', 'chromatin_od', 50)",precision_worst_roi,0.32,0.32,True,
TABLE_B,"('canine soft tissue sarcoma', 'hem_bbox', 'chromatin_od', 50)",worst_roi_tied,False,False,True,
TABLE_B,"('canine soft tissue sarcoma', 'hem_bbox', 'chromatin_od', 50)",worst_roi_file in tied set,True,True,True,
TABLE_B,"('canine soft tissue sarcoma', 'hem_bbox', 'chromatin_od', 50)",pooled == mean of per-ROI precision,0.47,0.47,True,
TABLE_B,"('canine soft tissue sarcoma', 'hem_bbox', 'od_contrast', 10)",n_roi,2,2,True,
TABLE_B,"('canine soft tissue sarcoma', 'hem_bbox', 'od_contrast', 10)",tp_sum,15,15,True,
TABLE_B,"('canine soft tissue sarcoma', 'hem_bbox', 'od_contrast', 10)",delivered_sum,20,20,True,
TABLE_B,"('canine soft tissue sarcoma', 'hem_bbox', 'od_contrast', 10)",precision_pooled,0.75,0.75,True,
TABLE_B,"('canine soft tissue sarcoma', 'hem_bbox', 'od_contrast', 10)",precision_worst_roi,0.7,0.7,True,
TABLE_B,"('canine soft tissue sarcoma', 'hem_bbox', 'od_contrast', 10)",worst_roi_tied,False,False,True,
TABLE_B,"('canine soft tissue sarcoma', 'hem_bbox', 'od_contrast', 10)",worst_roi_file in tied set,True,True,True,
TABLE_B,"('canine soft tissue sarcoma', 'hem_bbox', 'od_contrast', 10)",pooled == mean of per-ROI precision,0.75,0.75,True,
TABLE_B,"('canine soft tissue sarcoma', 'hem_bbox', 'od_contrast', 20)",n_roi,2,2,True,
TABLE_B,"('canine soft tissue sarcoma', 'hem_bbox', 'od_contrast', 20)",tp_sum,26,26,True,
TABLE_B,"('canine soft tissue sarcoma', 'hem_bbox', 'od_contrast', 20)",delivered_sum,40,40,True,
TABLE_B,"('canine soft tissue sarcoma', 'hem_bbox', 'od_contrast', 20)",precision_pooled,0.65,0.65,True,
TABLE_B,"('canine soft tissue sarcoma', 'hem_bbox', 'od_contrast', 20)",precision_worst_roi,0.55,0.55,True,
TABLE_B,"('canine soft tissue sarcoma', 'hem_bbox', 'od_contrast', 20)",worst_roi_tied,False,False,True,
TABLE_B,"('canine soft tissue sarcoma', 'hem_bbox', 'od_contrast', 20)",worst_roi_file in tied set,True,True,True,
TABLE_B,"('canine soft tissue sarcoma', 'hem_bbox', 'od_contrast', 20)",pooled == mean of per-ROI precision,0.65,0.65,True,
TABLE_B,"('canine soft tissue sarcoma', 'hem_bbox', 'od_contrast', 30)",n_roi,2,2,True,
TABLE_B,"('canine soft tissue sarcoma', 'hem_bbox', 'od_contrast', 30)",tp_sum,35,35,True,
TABLE_B,"('canine soft tissue sarcoma', 'hem_bbox', 'od_contrast', 30)",delivered_sum,60,60,True,
TABLE_B,"('canine soft tissue sarcoma', 'hem_bbox', 'od_contrast', 30)",precision_pooled,0.5833,0.5833,True,
TABLE_B,"('canine soft tissue sarcoma', 'hem_bbox', 'od_contrast', 30)",precision_worst_roi,0.4667,0.4667,True,
TABLE_B,"('canine soft tissue sarcoma', 'hem_bbox', 'od_contrast', 30)",worst_roi_tied,False,False,True,
TABLE_B,"('canine soft tissue sarcoma', 'hem_bbox', 'od_contrast', 30)",worst_roi_file in tied set,True,True,True,
TABLE_B,"('canine soft tissue sarcoma', 'hem_bbox', 'od_contrast', 30)",pooled == mean of per-ROI precision,0.5833,0.5833,True,
TABLE_B,"('canine soft tissue sarcoma', 'hem_bbox', 'od_contrast', 50)",n_roi,2,2,True,
TABLE_B,"('canine soft tissue sarcoma', 'hem_bbox', 'od_contrast', 50)",tp_sum,47,47,True,
TABLE_B,"('canine soft tissue sarcoma', 'hem_bbox', 'od_contrast', 50)",delivered_sum,100,100,True,
TABLE_B,"('canine soft tissue sarcoma', 'hem_bbox', 'od_contrast', 50)",precision_pooled,0.47,0.47,True,
TABLE_B,"('canine soft tissue sarcoma', 'hem_bbox', 'od_contrast', 50)",precision_worst_roi,0.32,0.32,True,
TABLE_B,"('canine soft tissue sarcoma', 'hem_bbox', 'od_contrast', 50)",worst_roi_tied,False,False,True,
TABLE_B,"('canine soft tissue sarcoma', 'hem_bbox', 'od_contrast', 50)",worst_roi_file in tied set,True,True,True,
TABLE_B,"('canine soft tissue sarcoma', 'hem_bbox', 'od_contrast', 50)",pooled == mean of per-ROI precision,0.47,0.47,True,
TABLE_B,"('canine soft tissue sarcoma', 'hem_bbox', 'tm_score', 10)",n_roi,2,2,True,
TABLE_B,"('canine soft tissue sarcoma', 'hem_bbox', 'tm_score', 10)",tp_sum,11,11,True,
TABLE_B,"('canine soft tissue sarcoma', 'hem_bbox', 'tm_score', 10)",delivered_sum,20,20,True,
TABLE_B,"('canine soft tissue sarcoma', 'hem_bbox', 'tm_score', 10)",precision_pooled,0.55,0.55,True,
TABLE_B,"('canine soft tissue sarcoma', 'hem_bbox', 'tm_score', 10)",precision_worst_roi,0.4,0.4,True,
TABLE_B,"('canine soft tissue sarcoma', 'hem_bbox', 'tm_score', 10)",worst_roi_tied,False,False,True,
TABLE_B,"('canine soft tissue sarcoma', 'hem_bbox', 'tm_score', 10)",worst_roi_file in tied set,True,True,True,
TABLE_B,"('canine soft tissue sarcoma', 'hem_bbox', 'tm_score', 10)",pooled == mean of per-ROI precision,0.55,0.55,True,
TABLE_B,"('canine soft tissue sarcoma', 'hem_bbox', 'tm_score', 20)",n_roi,2,2,True,
TABLE_B,"('canine soft tissue sarcoma', 'hem_bbox', 'tm_score', 20)",tp_sum,18,18,True,
TABLE_B,"('canine soft tissue sarcoma', 'hem_bbox', 'tm_score', 20)",delivered_sum,40,40,True,
TABLE_B,"('canine soft tissue sarcoma', 'hem_bbox', 'tm_score', 20)",precision_pooled,0.45,0.45,True,
TABLE_B,"('canine soft tissue sarcoma', 'hem_bbox', 'tm_score', 20)",precision_worst_roi,0.45,0.45,True,
TABLE_B,"('canine soft tissue sarcoma', 'hem_bbox', 'tm_score', 20)",worst_roi_tied,True,True,True,
TABLE_B,"('canine soft tissue sarcoma', 'hem_bbox', 'tm_score', 20)",worst_roi_file in tied set,True,True,True,
TABLE_B,"('canine soft tissue sarcoma', 'hem_bbox', 'tm_score', 20)",pooled == mean of per-ROI precision,0.45,0.45,True,
TABLE_B,"('canine soft tissue sarcoma', 'hem_bbox', 'tm_score', 30)",n_roi,2,2,True,
TABLE_B,"('canine soft tissue sarcoma', 'hem_bbox', 'tm_score', 30)",tp_sum,26,26,True,
TABLE_B,"('canine soft tissue sarcoma', 'hem_bbox', 'tm_score', 30)",delivered_sum,60,60,True,
TABLE_B,"('canine soft tissue sarcoma', 'hem_bbox', 'tm_score', 30)",precision_pooled,0.4333,0.4333,True,
TABLE_B,"('canine soft tissue sarcoma', 'hem_bbox', 'tm_score', 30)",precision_worst_roi,0.3667,0.3667,True,
TABLE_B,"('canine soft tissue sarcoma', 'hem_bbox', 'tm_score', 30)",worst_roi_tied,False,False,True,
TABLE_B,"('canine soft tissue sarcoma', 'hem_bbox', 'tm_score', 30)",worst_roi_file in tied set,True,True,True,
TABLE_B,"('canine soft tissue sarcoma', 'hem_bbox', 'tm_score', 30)",pooled == mean of per-ROI precision,0.4333,0.4333,True,
TABLE_B,"('canine soft tissue sarcoma', 'hem_bbox', 'tm_score', 50)",n_roi,2,2,True,
TABLE_B,"('canine soft tissue sarcoma', 'hem_bbox', 'tm_score', 50)",tp_sum,36,36,True,
TABLE_B,"('canine soft tissue sarcoma', 'hem_bbox', 'tm_score', 50)",delivered_sum,100,100,True,
TABLE_B,"('canine soft tissue sarcoma', 'hem_bbox', 'tm_score', 50)",precision_pooled,0.36,0.36,True,
TABLE_B,"('canine soft tissue sarcoma', 'hem_bbox', 'tm_score', 50)",precision_worst_roi,0.26,0.26,True,
TABLE_B,"('canine soft tissue sarcoma', 'hem_bbox', 'tm_score', 50)",worst_roi_tied,False,False,True,
TABLE_B,"('canine soft tissue sarcoma', 'hem_bbox', 'tm_score', 50)",worst_roi_file in tied set,True,True,True,
TABLE_B,"('canine soft tissue sarcoma', 'hem_bbox', 'tm_score', 50)",pooled == mean of per-ROI precision,0.36,0.36,True,
TABLE_B,"('human breast cancer', 'gray_bbox', 'chromatin_od', 10)",n_roi,2,2,True,
TABLE_B,"('human breast cancer', 'gray_bbox', 'chromatin_od', 10)",tp_sum,11,11,True,
TABLE_B,"('human breast cancer', 'gray_bbox', 'chromatin_od', 10)",delivered_sum,20,20,True,
TABLE_B,"('human breast cancer', 'gray_bbox', 'chromatin_od', 10)",precision_pooled,0.55,0.55,True,
TABLE_B,"('human breast cancer', 'gray_bbox', 'chromatin_od', 10)",precision_worst_roi,0.5,0.5,True,
TABLE_B,"('human breast cancer', 'gray_bbox', 'chromatin_od', 10)",worst_roi_tied,False,False,True,
TABLE_B,"('human breast cancer', 'gray_bbox', 'chromatin_od', 10)",worst_roi_file in tied set,True,True,True,
TABLE_B,"('human breast cancer', 'gray_bbox', 'chromatin_od', 10)",pooled == mean of per-ROI precision,0.55,0.55,True,
TABLE_B,"('human breast cancer', 'gray_bbox', 'chromatin_od', 20)",n_roi,2,2,True,
TABLE_B,"('human breast cancer', 'gray_bbox', 'chromatin_od', 20)",tp_sum,23,23,True,
TABLE_B,"('human breast cancer', 'gray_bbox', 'chromatin_od', 20)",delivered_sum,40,40,True,
TABLE_B,"('human breast cancer', 'gray_bbox', 'chromatin_od', 20)",precision_pooled,0.575,0.575,True,
TABLE_B,"('human breast cancer', 'gray_bbox', 'chromatin_od', 20)",precision_worst_roi,0.4,0.4,True,
TABLE_B,"('human breast cancer', 'gray_bbox', 'chromatin_od', 20)",worst_roi_tied,False,False,True,
TABLE_B,"('human breast cancer', 'gray_bbox', 'chromatin_od', 20)",worst_roi_file in tied set,True,True,True,
TABLE_B,"('human breast cancer', 'gray_bbox', 'chromatin_od', 20)",pooled == mean of per-ROI precision,0.575,0.575,True,
TABLE_B,"('human breast cancer', 'gray_bbox', 'chromatin_od', 30)",n_roi,2,2,True,
TABLE_B,"('human breast cancer', 'gray_bbox', 'chromatin_od', 30)",tp_sum,31,31,True,
TABLE_B,"('human breast cancer', 'gray_bbox', 'chromatin_od', 30)",delivered_sum,60,60,True,
TABLE_B,"('human breast cancer', 'gray_bbox', 'chromatin_od', 30)",precision_pooled,0.5167,0.5167,True,
TABLE_B,"('human breast cancer', 'gray_bbox', 'chromatin_od', 30)",precision_worst_roi,0.3,0.3,True,
TABLE_B,"('human breast cancer', 'gray_bbox', 'chromatin_od', 30)",worst_roi_tied,False,False,True,
TABLE_B,"('human breast cancer', 'gray_bbox', 'chromatin_od', 30)",worst_roi_file in tied set,True,True,True,
TABLE_B,"('human breast cancer', 'gray_bbox', 'chromatin_od', 30)",pooled == mean of per-ROI precision,0.5167,0.5167,True,
TABLE_B,"('human breast cancer', 'gray_bbox', 'chromatin_od', 50)",n_roi,2,2,True,
TABLE_B,"('human breast cancer', 'gray_bbox', 'chromatin_od', 50)",tp_sum,36,36,True,
TABLE_B,"('human breast cancer', 'gray_bbox', 'chromatin_od', 50)",delivered_sum,100,100,True,
TABLE_B,"('human breast cancer', 'gray_bbox', 'chromatin_od', 50)",precision_pooled,0.36,0.36,True,
TABLE_B,"('human breast cancer', 'gray_bbox', 'chromatin_od', 50)",precision_worst_roi,0.18,0.18,True,
TABLE_B,"('human breast cancer', 'gray_bbox', 'chromatin_od', 50)",worst_roi_tied,False,False,True,
TABLE_B,"('human breast cancer', 'gray_bbox', 'chromatin_od', 50)",worst_roi_file in tied set,True,True,True,
TABLE_B,"('human breast cancer', 'gray_bbox', 'chromatin_od', 50)",pooled == mean of per-ROI precision,0.36,0.36,True,
TABLE_B,"('human breast cancer', 'gray_bbox', 'od_contrast', 10)",n_roi,2,2,True,
TABLE_B,"('human breast cancer', 'gray_bbox', 'od_contrast', 10)",tp_sum,10,10,True,
TABLE_B,"('human breast cancer', 'gray_bbox', 'od_contrast', 10)",delivered_sum,20,20,True,
TABLE_B,"('human breast cancer', 'gray_bbox', 'od_contrast', 10)",precision_pooled,0.5,0.5,True,
TABLE_B,"('human breast cancer', 'gray_bbox', 'od_contrast', 10)",precision_worst_roi,0.5,0.5,True,
TABLE_B,"('human breast cancer', 'gray_bbox', 'od_contrast', 10)",worst_roi_tied,True,True,True,
TABLE_B,"('human breast cancer', 'gray_bbox', 'od_contrast', 10)",worst_roi_file in tied set,True,True,True,
TABLE_B,"('human breast cancer', 'gray_bbox', 'od_contrast', 10)",pooled == mean of per-ROI precision,0.5,0.5,True,
TABLE_B,"('human breast cancer', 'gray_bbox', 'od_contrast', 20)",n_roi,2,2,True,
TABLE_B,"('human breast cancer', 'gray_bbox', 'od_contrast', 20)",tp_sum,23,23,True,
TABLE_B,"('human breast cancer', 'gray_bbox', 'od_contrast', 20)",delivered_sum,40,40,True,
TABLE_B,"('human breast cancer', 'gray_bbox', 'od_contrast', 20)",precision_pooled,0.575,0.575,True,
TABLE_B,"('human breast cancer', 'gray_bbox', 'od_contrast', 20)",precision_worst_roi,0.4,0.4,True,
TABLE_B,"('human breast cancer', 'gray_bbox', 'od_contrast', 20)",worst_roi_tied,False,False,True,
TABLE_B,"('human breast cancer', 'gray_bbox', 'od_contrast', 20)",worst_roi_file in tied set,True,True,True,
TABLE_B,"('human breast cancer', 'gray_bbox', 'od_contrast', 20)",pooled == mean of per-ROI precision,0.575,0.575,True,
TABLE_B,"('human breast cancer', 'gray_bbox', 'od_contrast', 30)",n_roi,2,2,True,
TABLE_B,"('human breast cancer', 'gray_bbox', 'od_contrast', 30)",tp_sum,29,29,True,
TABLE_B,"('human breast cancer', 'gray_bbox', 'od_contrast', 30)",delivered_sum,60,60,True,
TABLE_B,"('human breast cancer', 'gray_bbox', 'od_contrast', 30)",precision_pooled,0.4833,0.4833,True,
TABLE_B,"('human breast cancer', 'gray_bbox', 'od_contrast', 30)",precision_worst_roi,0.2667,0.2667,True,
TABLE_B,"('human breast cancer', 'gray_bbox', 'od_contrast', 30)",worst_roi_tied,False,False,True,
TABLE_B,"('human breast cancer', 'gray_bbox', 'od_contrast', 30)",worst_roi_file in tied set,True,True,True,
TABLE_B,"('human breast cancer', 'gray_bbox', 'od_contrast', 30)",pooled == mean of per-ROI precision,0.4833,0.4833,True,
TABLE_B,"('human breast cancer', 'gray_bbox', 'od_contrast', 50)",n_roi,2,2,True,
TABLE_B,"('human breast cancer', 'gray_bbox', 'od_contrast', 50)",tp_sum,34,34,True,
TABLE_B,"('human breast cancer', 'gray_bbox', 'od_contrast', 50)",delivered_sum,100,100,True,
TABLE_B,"('human breast cancer', 'gray_bbox', 'od_contrast', 50)",precision_pooled,0.34,0.34,True,
TABLE_B,"('human breast cancer', 'gray_bbox', 'od_contrast', 50)",precision_worst_roi,0.18,0.18,True,
TABLE_B,"('human breast cancer', 'gray_bbox', 'od_contrast', 50)",worst_roi_tied,False,False,True,
TABLE_B,"('human breast cancer', 'gray_bbox', 'od_contrast', 50)",worst_roi_file in tied set,True,True,True,
TABLE_B,"('human breast cancer', 'gray_bbox', 'od_contrast', 50)",pooled == mean of per-ROI precision,0.34,0.34,True,
TABLE_B,"('human breast cancer', 'gray_bbox', 'tm_score', 10)",n_roi,2,2,True,
TABLE_B,"('human breast cancer', 'gray_bbox', 'tm_score', 10)",tp_sum,10,10,True,
TABLE_B,"('human breast cancer', 'gray_bbox', 'tm_score', 10)",delivered_sum,20,20,True,
TABLE_B,"('human breast cancer', 'gray_bbox', 'tm_score', 10)",precision_pooled,0.5,0.5,True,
TABLE_B,"('human breast cancer', 'gray_bbox', 'tm_score', 10)",precision_worst_roi,0.4,0.4,True,
TABLE_B,"('human breast cancer', 'gray_bbox', 'tm_score', 10)",worst_roi_tied,False,False,True,
TABLE_B,"('human breast cancer', 'gray_bbox', 'tm_score', 10)",worst_roi_file in tied set,True,True,True,
TABLE_B,"('human breast cancer', 'gray_bbox', 'tm_score', 10)",pooled == mean of per-ROI precision,0.5,0.5,True,
TABLE_B,"('human breast cancer', 'gray_bbox', 'tm_score', 20)",n_roi,2,2,True,
TABLE_B,"('human breast cancer', 'gray_bbox', 'tm_score', 20)",tp_sum,16,16,True,
TABLE_B,"('human breast cancer', 'gray_bbox', 'tm_score', 20)",delivered_sum,40,40,True,
TABLE_B,"('human breast cancer', 'gray_bbox', 'tm_score', 20)",precision_pooled,0.4,0.4,True,
TABLE_B,"('human breast cancer', 'gray_bbox', 'tm_score', 20)",precision_worst_roi,0.3,0.3,True,
TABLE_B,"('human breast cancer', 'gray_bbox', 'tm_score', 20)",worst_roi_tied,False,False,True,
TABLE_B,"('human breast cancer', 'gray_bbox', 'tm_score', 20)",worst_roi_file in tied set,True,True,True,
TABLE_B,"('human breast cancer', 'gray_bbox', 'tm_score', 20)",pooled == mean of per-ROI precision,0.4,0.4,True,
TABLE_B,"('human breast cancer', 'gray_bbox', 'tm_score', 30)",n_roi,2,2,True,
TABLE_B,"('human breast cancer', 'gray_bbox', 'tm_score', 30)",tp_sum,23,23,True,
TABLE_B,"('human breast cancer', 'gray_bbox', 'tm_score', 30)",delivered_sum,60,60,True,
TABLE_B,"('human breast cancer', 'gray_bbox', 'tm_score', 30)",precision_pooled,0.3833,0.3833,True,
TABLE_B,"('human breast cancer', 'gray_bbox', 'tm_score', 30)",precision_worst_roi,0.2333,0.2333,True,
TABLE_B,"('human breast cancer', 'gray_bbox', 'tm_score', 30)",worst_roi_tied,False,False,True,
TABLE_B,"('human breast cancer', 'gray_bbox', 'tm_score', 30)",worst_roi_file in tied set,True,True,True,
TABLE_B,"('human breast cancer', 'gray_bbox', 'tm_score', 30)",pooled == mean of per-ROI precision,0.3833,0.3833,True,
TABLE_B,"('human breast cancer', 'gray_bbox', 'tm_score', 50)",n_roi,2,2,True,
TABLE_B,"('human breast cancer', 'gray_bbox', 'tm_score', 50)",tp_sum,29,29,True,
TABLE_B,"('human breast cancer', 'gray_bbox', 'tm_score', 50)",delivered_sum,100,100,True,
TABLE_B,"('human breast cancer', 'gray_bbox', 'tm_score', 50)",precision_pooled,0.29,0.29,True,
TABLE_B,"('human breast cancer', 'gray_bbox', 'tm_score', 50)",precision_worst_roi,0.14,0.14,True,
TABLE_B,"('human breast cancer', 'gray_bbox', 'tm_score', 50)",worst_roi_tied,False,False,True,
TABLE_B,"('human breast cancer', 'gray_bbox', 'tm_score', 50)",worst_roi_file in tied set,True,True,True,
TABLE_B,"('human breast cancer', 'gray_bbox', 'tm_score', 50)",pooled == mean of per-ROI precision,0.29,0.29,True,
TABLE_B,"('human breast cancer', 'hem_bbox', 'chromatin_od', 10)",n_roi,2,2,True,
TABLE_B,"('human breast cancer', 'hem_bbox', 'chromatin_od', 10)",tp_sum,11,11,True,
TABLE_B,"('human breast cancer', 'hem_bbox', 'chromatin_od', 10)",delivered_sum,20,20,True,
TABLE_B,"('human breast cancer', 'hem_bbox', 'chromatin_od', 10)",precision_pooled,0.55,0.55,True,
TABLE_B,"('human breast cancer', 'hem_bbox', 'chromatin_od', 10)",precision_worst_roi,0.5,0.5,True,
TABLE_B,"('human breast cancer', 'hem_bbox', 'chromatin_od', 10)",worst_roi_tied,False,False,True,
TABLE_B,"('human breast cancer', 'hem_bbox', 'chromatin_od', 10)",worst_roi_file in tied set,True,True,True,
TABLE_B,"('human breast cancer', 'hem_bbox', 'chromatin_od', 10)",pooled == mean of per-ROI precision,0.55,0.55,True,
TABLE_B,"('human breast cancer', 'hem_bbox', 'chromatin_od', 20)",n_roi,2,2,True,
TABLE_B,"('human breast cancer', 'hem_bbox', 'chromatin_od', 20)",tp_sum,23,23,True,
TABLE_B,"('human breast cancer', 'hem_bbox', 'chromatin_od', 20)",delivered_sum,40,40,True,
TABLE_B,"('human breast cancer', 'hem_bbox', 'chromatin_od', 20)",precision_pooled,0.575,0.575,True,
TABLE_B,"('human breast cancer', 'hem_bbox', 'chromatin_od', 20)",precision_worst_roi,0.45,0.45,True,
TABLE_B,"('human breast cancer', 'hem_bbox', 'chromatin_od', 20)",worst_roi_tied,False,False,True,
TABLE_B,"('human breast cancer', 'hem_bbox', 'chromatin_od', 20)",worst_roi_file in tied set,True,True,True,
TABLE_B,"('human breast cancer', 'hem_bbox', 'chromatin_od', 20)",pooled == mean of per-ROI precision,0.575,0.575,True,
TABLE_B,"('human breast cancer', 'hem_bbox', 'chromatin_od', 30)",n_roi,2,2,True,
TABLE_B,"('human breast cancer', 'hem_bbox', 'chromatin_od', 30)",tp_sum,30,30,True,
TABLE_B,"('human breast cancer', 'hem_bbox', 'chromatin_od', 30)",delivered_sum,60,60,True,
TABLE_B,"('human breast cancer', 'hem_bbox', 'chromatin_od', 30)",precision_pooled,0.5,0.5,True,
TABLE_B,"('human breast cancer', 'hem_bbox', 'chromatin_od', 30)",precision_worst_roi,0.3333,0.3333,True,
TABLE_B,"('human breast cancer', 'hem_bbox', 'chromatin_od', 30)",worst_roi_tied,False,False,True,
TABLE_B,"('human breast cancer', 'hem_bbox', 'chromatin_od', 30)",worst_roi_file in tied set,True,True,True,
TABLE_B,"('human breast cancer', 'hem_bbox', 'chromatin_od', 30)",pooled == mean of per-ROI precision,0.5,0.5,True,
TABLE_B,"('human breast cancer', 'hem_bbox', 'chromatin_od', 50)",n_roi,2,2,True,
TABLE_B,"('human breast cancer', 'hem_bbox', 'chromatin_od', 50)",tp_sum,34,34,True,
TABLE_B,"('human breast cancer', 'hem_bbox', 'chromatin_od', 50)",delivered_sum,100,100,True,
TABLE_B,"('human breast cancer', 'hem_bbox', 'chromatin_od', 50)",precision_pooled,0.34,0.34,True,
TABLE_B,"('human breast cancer', 'hem_bbox', 'chromatin_od', 50)",precision_worst_roi,0.2,0.2,True,
TABLE_B,"('human breast cancer', 'hem_bbox', 'chromatin_od', 50)",worst_roi_tied,False,False,True,
TABLE_B,"('human breast cancer', 'hem_bbox', 'chromatin_od', 50)",worst_roi_file in tied set,True,True,True,
TABLE_B,"('human breast cancer', 'hem_bbox', 'chromatin_od', 50)",pooled == mean of per-ROI precision,0.34,0.34,True,
TABLE_B,"('human breast cancer', 'hem_bbox', 'od_contrast', 10)",n_roi,2,2,True,
TABLE_B,"('human breast cancer', 'hem_bbox', 'od_contrast', 10)",tp_sum,11,11,True,
TABLE_B,"('human breast cancer', 'hem_bbox', 'od_contrast', 10)",delivered_sum,20,20,True,
TABLE_B,"('human breast cancer', 'hem_bbox', 'od_contrast', 10)",precision_pooled,0.55,0.55,True,
TABLE_B,"('human breast cancer', 'hem_bbox', 'od_contrast', 10)",precision_worst_roi,0.5,0.5,True,
TABLE_B,"('human breast cancer', 'hem_bbox', 'od_contrast', 10)",worst_roi_tied,False,False,True,
TABLE_B,"('human breast cancer', 'hem_bbox', 'od_contrast', 10)",worst_roi_file in tied set,True,True,True,
TABLE_B,"('human breast cancer', 'hem_bbox', 'od_contrast', 10)",pooled == mean of per-ROI precision,0.55,0.55,True,
TABLE_B,"('human breast cancer', 'hem_bbox', 'od_contrast', 20)",n_roi,2,2,True,
TABLE_B,"('human breast cancer', 'hem_bbox', 'od_contrast', 20)",tp_sum,24,24,True,
TABLE_B,"('human breast cancer', 'hem_bbox', 'od_contrast', 20)",delivered_sum,40,40,True,
TABLE_B,"('human breast cancer', 'hem_bbox', 'od_contrast', 20)",precision_pooled,0.6,0.6,True,
TABLE_B,"('human breast cancer', 'hem_bbox', 'od_contrast', 20)",precision_worst_roi,0.45,0.45,True,
TABLE_B,"('human breast cancer', 'hem_bbox', 'od_contrast', 20)",worst_roi_tied,False,False,True,
TABLE_B,"('human breast cancer', 'hem_bbox', 'od_contrast', 20)",worst_roi_file in tied set,True,True,True,
TABLE_B,"('human breast cancer', 'hem_bbox', 'od_contrast', 20)",pooled == mean of per-ROI precision,0.6,0.6,True,
TABLE_B,"('human breast cancer', 'hem_bbox', 'od_contrast', 30)",n_roi,2,2,True,
TABLE_B,"('human breast cancer', 'hem_bbox', 'od_contrast', 30)",tp_sum,28,28,True,
TABLE_B,"('human breast cancer', 'hem_bbox', 'od_contrast', 30)",delivered_sum,60,60,True,
TABLE_B,"('human breast cancer', 'hem_bbox', 'od_contrast', 30)",precision_pooled,0.4667,0.4667,True,
TABLE_B,"('human breast cancer', 'hem_bbox', 'od_contrast', 30)",precision_worst_roi,0.3,0.3,True,
TABLE_B,"('human breast cancer', 'hem_bbox', 'od_contrast', 30)",worst_roi_tied,False,False,True,
TABLE_B,"('human breast cancer', 'hem_bbox', 'od_contrast', 30)",worst_roi_file in tied set,True,True,True,
TABLE_B,"('human breast cancer', 'hem_bbox', 'od_contrast', 30)",pooled == mean of per-ROI precision,0.4667,0.4667,True,
TABLE_B,"('human breast cancer', 'hem_bbox', 'od_contrast', 50)",n_roi,2,2,True,
TABLE_B,"('human breast cancer', 'hem_bbox', 'od_contrast', 50)",tp_sum,32,32,True,
TABLE_B,"('human breast cancer', 'hem_bbox', 'od_contrast', 50)",delivered_sum,100,100,True,
TABLE_B,"('human breast cancer', 'hem_bbox', 'od_contrast', 50)",precision_pooled,0.32,0.32,True,
TABLE_B,"('human breast cancer', 'hem_bbox', 'od_contrast', 50)",precision_worst_roi,0.2,0.2,True,
TABLE_B,"('human breast cancer', 'hem_bbox', 'od_contrast', 50)",worst_roi_tied,False,False,True,
TABLE_B,"('human breast cancer', 'hem_bbox', 'od_contrast', 50)",worst_roi_file in tied set,True,True,True,
TABLE_B,"('human breast cancer', 'hem_bbox', 'od_contrast', 50)",pooled == mean of per-ROI precision,0.32,0.32,True,
TABLE_B,"('human breast cancer', 'hem_bbox', 'tm_score', 10)",n_roi,2,2,True,
TABLE_B,"('human breast cancer', 'hem_bbox', 'tm_score', 10)",tp_sum,11,11,True,
TABLE_B,"('human breast cancer', 'hem_bbox', 'tm_score', 10)",delivered_sum,20,20,True,
TABLE_B,"('human breast cancer', 'hem_bbox', 'tm_score', 10)",precision_pooled,0.55,0.55,True,
TABLE_B,"('human breast cancer', 'hem_bbox', 'tm_score', 10)",precision_worst_roi,0.5,0.5,True,
TABLE_B,"('human breast cancer', 'hem_bbox', 'tm_score', 10)",worst_roi_tied,False,False,True,
TABLE_B,"('human breast cancer', 'hem_bbox', 'tm_score', 10)",worst_roi_file in tied set,True,True,True,
TABLE_B,"('human breast cancer', 'hem_bbox', 'tm_score', 10)",pooled == mean of per-ROI precision,0.55,0.55,True,
TABLE_B,"('human breast cancer', 'hem_bbox', 'tm_score', 20)",n_roi,2,2,True,
TABLE_B,"('human breast cancer', 'hem_bbox', 'tm_score', 20)",tp_sum,15,15,True,
TABLE_B,"('human breast cancer', 'hem_bbox', 'tm_score', 20)",delivered_sum,40,40,True,
TABLE_B,"('human breast cancer', 'hem_bbox', 'tm_score', 20)",precision_pooled,0.375,0.375,True,
TABLE_B,"('human breast cancer', 'hem_bbox', 'tm_score', 20)",precision_worst_roi,0.3,0.3,True,
TABLE_B,"('human breast cancer', 'hem_bbox', 'tm_score', 20)",worst_roi_tied,False,False,True,
TABLE_B,"('human breast cancer', 'hem_bbox', 'tm_score', 20)",worst_roi_file in tied set,True,True,True,
TABLE_B,"('human breast cancer', 'hem_bbox', 'tm_score', 20)",pooled == mean of per-ROI precision,0.375,0.375,True,
TABLE_B,"('human breast cancer', 'hem_bbox', 'tm_score', 30)",n_roi,2,2,True,
TABLE_B,"('human breast cancer', 'hem_bbox', 'tm_score', 30)",tp_sum,22,22,True,
TABLE_B,"('human breast cancer', 'hem_bbox', 'tm_score', 30)",delivered_sum,60,60,True,
TABLE_B,"('human breast cancer', 'hem_bbox', 'tm_score', 30)",precision_pooled,0.3667,0.3667,True,
TABLE_B,"('human breast cancer', 'hem_bbox', 'tm_score', 30)",precision_worst_roi,0.2333,0.2333,True,
TABLE_B,"('human breast cancer', 'hem_bbox', 'tm_score', 30)",worst_roi_tied,False,False,True,
TABLE_B,"('human breast cancer', 'hem_bbox', 'tm_score', 30)",worst_roi_file in tied set,True,True,True,
TABLE_B,"('human breast cancer', 'hem_bbox', 'tm_score', 30)",pooled == mean of per-ROI precision,0.3667,0.3667,True,
TABLE_B,"('human breast cancer', 'hem_bbox', 'tm_score', 50)",n_roi,2,2,True,
TABLE_B,"('human breast cancer', 'hem_bbox', 'tm_score', 50)",tp_sum,28,28,True,
TABLE_B,"('human breast cancer', 'hem_bbox', 'tm_score', 50)",delivered_sum,100,100,True,
TABLE_B,"('human breast cancer', 'hem_bbox', 'tm_score', 50)",precision_pooled,0.28,0.28,True,
TABLE_B,"('human breast cancer', 'hem_bbox', 'tm_score', 50)",precision_worst_roi,0.14,0.14,True,
TABLE_B,"('human breast cancer', 'hem_bbox', 'tm_score', 50)",worst_roi_tied,False,False,True,
TABLE_B,"('human breast cancer', 'hem_bbox', 'tm_score', 50)",worst_roi_file in tied set,True,True,True,
TABLE_B,"('human breast cancer', 'hem_bbox', 'tm_score', 50)",pooled == mean of per-ROI precision,0.28,0.28,True,
TABLE_B,"('human melanoma', 'gray_bbox', 'chromatin_od', 10)",n_roi,2,2,True,
TABLE_B,"('human melanoma', 'gray_bbox', 'chromatin_od', 10)",tp_sum,14,14,True,
TABLE_B,"('human melanoma', 'gray_bbox', 'chromatin_od', 10)",delivered_sum,20,20,True,
TABLE_B,"('human melanoma', 'gray_bbox', 'chromatin_od', 10)",precision_pooled,0.7,0.7,True,
TABLE_B,"('human melanoma', 'gray_bbox', 'chromatin_od', 10)",precision_worst_roi,0.6,0.6,True,
TABLE_B,"('human melanoma', 'gray_bbox', 'chromatin_od', 10)",worst_roi_tied,False,False,True,
TABLE_B,"('human melanoma', 'gray_bbox', 'chromatin_od', 10)",worst_roi_file in tied set,True,True,True,
TABLE_B,"('human melanoma', 'gray_bbox', 'chromatin_od', 10)",pooled == mean of per-ROI precision,0.7,0.7,True,
TABLE_B,"('human melanoma', 'gray_bbox', 'chromatin_od', 20)",n_roi,2,2,True,
TABLE_B,"('human melanoma', 'gray_bbox', 'chromatin_od', 20)",tp_sum,20,20,True,
TABLE_B,"('human melanoma', 'gray_bbox', 'chromatin_od', 20)",delivered_sum,40,40,True,
TABLE_B,"('human melanoma', 'gray_bbox', 'chromatin_od', 20)",precision_pooled,0.5,0.5,True,
TABLE_B,"('human melanoma', 'gray_bbox', 'chromatin_od', 20)",precision_worst_roi,0.35,0.35,True,
TABLE_B,"('human melanoma', 'gray_bbox', 'chromatin_od', 20)",worst_roi_tied,False,False,True,
TABLE_B,"('human melanoma', 'gray_bbox', 'chromatin_od', 20)",worst_roi_file in tied set,True,True,True,
TABLE_B,"('human melanoma', 'gray_bbox', 'chromatin_od', 20)",pooled == mean of per-ROI precision,0.5,0.5,True,
TABLE_B,"('human melanoma', 'gray_bbox', 'chromatin_od', 30)",n_roi,2,2,True,
TABLE_B,"('human melanoma', 'gray_bbox', 'chromatin_od', 30)",tp_sum,28,28,True,
TABLE_B,"('human melanoma', 'gray_bbox', 'chromatin_od', 30)",delivered_sum,60,60,True,
TABLE_B,"('human melanoma', 'gray_bbox', 'chromatin_od', 30)",precision_pooled,0.4667,0.4667,True,
TABLE_B,"('human melanoma', 'gray_bbox', 'chromatin_od', 30)",precision_worst_roi,0.2333,0.2333,True,
TABLE_B,"('human melanoma', 'gray_bbox', 'chromatin_od', 30)",worst_roi_tied,False,False,True,
TABLE_B,"('human melanoma', 'gray_bbox', 'chromatin_od', 30)",worst_roi_file in tied set,True,True,True,
TABLE_B,"('human melanoma', 'gray_bbox', 'chromatin_od', 30)",pooled == mean of per-ROI precision,0.4667,0.4667,True,
TABLE_B,"('human melanoma', 'gray_bbox', 'chromatin_od', 50)",n_roi,2,2,True,
TABLE_B,"('human melanoma', 'gray_bbox', 'chromatin_od', 50)",tp_sum,43,43,True,
TABLE_B,"('human melanoma', 'gray_bbox', 'chromatin_od', 50)",delivered_sum,100,100,True,
TABLE_B,"('human melanoma', 'gray_bbox', 'chromatin_od', 50)",precision_pooled,0.43,0.43,True,
TABLE_B,"('human melanoma', 'gray_bbox', 'chromatin_od', 50)",precision_worst_roi,0.14,0.14,True,
TABLE_B,"('human melanoma', 'gray_bbox', 'chromatin_od', 50)",worst_roi_tied,False,False,True,
TABLE_B,"('human melanoma', 'gray_bbox', 'chromatin_od', 50)",worst_roi_file in tied set,True,True,True,
TABLE_B,"('human melanoma', 'gray_bbox', 'chromatin_od', 50)",pooled == mean of per-ROI precision,0.43,0.43,True,
TABLE_B,"('human melanoma', 'gray_bbox', 'od_contrast', 10)",n_roi,2,2,True,
TABLE_B,"('human melanoma', 'gray_bbox', 'od_contrast', 10)",tp_sum,14,14,True,
TABLE_B,"('human melanoma', 'gray_bbox', 'od_contrast', 10)",delivered_sum,20,20,True,
TABLE_B,"('human melanoma', 'gray_bbox', 'od_contrast', 10)",precision_pooled,0.7,0.7,True,
TABLE_B,"('human melanoma', 'gray_bbox', 'od_contrast', 10)",precision_worst_roi,0.6,0.6,True,
TABLE_B,"('human melanoma', 'gray_bbox', 'od_contrast', 10)",worst_roi_tied,False,False,True,
TABLE_B,"('human melanoma', 'gray_bbox', 'od_contrast', 10)",worst_roi_file in tied set,True,True,True,
TABLE_B,"('human melanoma', 'gray_bbox', 'od_contrast', 10)",pooled == mean of per-ROI precision,0.7,0.7,True,
TABLE_B,"('human melanoma', 'gray_bbox', 'od_contrast', 20)",n_roi,2,2,True,
TABLE_B,"('human melanoma', 'gray_bbox', 'od_contrast', 20)",tp_sum,22,22,True,
TABLE_B,"('human melanoma', 'gray_bbox', 'od_contrast', 20)",delivered_sum,40,40,True,
TABLE_B,"('human melanoma', 'gray_bbox', 'od_contrast', 20)",precision_pooled,0.55,0.55,True,
TABLE_B,"('human melanoma', 'gray_bbox', 'od_contrast', 20)",precision_worst_roi,0.35,0.35,True,
TABLE_B,"('human melanoma', 'gray_bbox', 'od_contrast', 20)",worst_roi_tied,False,False,True,
TABLE_B,"('human melanoma', 'gray_bbox', 'od_contrast', 20)",worst_roi_file in tied set,True,True,True,
TABLE_B,"('human melanoma', 'gray_bbox', 'od_contrast', 20)",pooled == mean of per-ROI precision,0.55,0.55,True,
TABLE_B,"('human melanoma', 'gray_bbox', 'od_contrast', 30)",n_roi,2,2,True,
TABLE_B,"('human melanoma', 'gray_bbox', 'od_contrast', 30)",tp_sum,31,31,True,
TABLE_B,"('human melanoma', 'gray_bbox', 'od_contrast', 30)",delivered_sum,60,60,True,
TABLE_B,"('human melanoma', 'gray_bbox', 'od_contrast', 30)",precision_pooled,0.5167,0.5167,True,
TABLE_B,"('human melanoma', 'gray_bbox', 'od_contrast', 30)",precision_worst_roi,0.2333,0.2333,True,
TABLE_B,"('human melanoma', 'gray_bbox', 'od_contrast', 30)",worst_roi_tied,False,False,True,
TABLE_B,"('human melanoma', 'gray_bbox', 'od_contrast', 30)",worst_roi_file in tied set,True,True,True,
TABLE_B,"('human melanoma', 'gray_bbox', 'od_contrast', 30)",pooled == mean of per-ROI precision,0.5167,0.5167,True,
TABLE_B,"('human melanoma', 'gray_bbox', 'od_contrast', 50)",n_roi,2,2,True,
TABLE_B,"('human melanoma', 'gray_bbox', 'od_contrast', 50)",tp_sum,42,42,True,
TABLE_B,"('human melanoma', 'gray_bbox', 'od_contrast', 50)",delivered_sum,100,100,True,
TABLE_B,"('human melanoma', 'gray_bbox', 'od_contrast', 50)",precision_pooled,0.42,0.42,True,
TABLE_B,"('human melanoma', 'gray_bbox', 'od_contrast', 50)",precision_worst_roi,0.14,0.14,True,
TABLE_B,"('human melanoma', 'gray_bbox', 'od_contrast', 50)",worst_roi_tied,False,False,True,
TABLE_B,"('human melanoma', 'gray_bbox', 'od_contrast', 50)",worst_roi_file in tied set,True,True,True,
TABLE_B,"('human melanoma', 'gray_bbox', 'od_contrast', 50)",pooled == mean of per-ROI precision,0.42,0.42,True,
TABLE_B,"('human melanoma', 'gray_bbox', 'tm_score', 10)",n_roi,2,2,True,
TABLE_B,"('human melanoma', 'gray_bbox', 'tm_score', 10)",tp_sum,8,8,True,
TABLE_B,"('human melanoma', 'gray_bbox', 'tm_score', 10)",delivered_sum,20,20,True,
TABLE_B,"('human melanoma', 'gray_bbox', 'tm_score', 10)",precision_pooled,0.4,0.4,True,
TABLE_B,"('human melanoma', 'gray_bbox', 'tm_score', 10)",precision_worst_roi,0.3,0.3,True,
TABLE_B,"('human melanoma', 'gray_bbox', 'tm_score', 10)",worst_roi_tied,False,False,True,
TABLE_B,"('human melanoma', 'gray_bbox', 'tm_score', 10)",worst_roi_file in tied set,True,True,True,
TABLE_B,"('human melanoma', 'gray_bbox', 'tm_score', 10)",pooled == mean of per-ROI precision,0.4,0.4,True,
TABLE_B,"('human melanoma', 'gray_bbox', 'tm_score', 20)",n_roi,2,2,True,
TABLE_B,"('human melanoma', 'gray_bbox', 'tm_score', 20)",tp_sum,14,14,True,
TABLE_B,"('human melanoma', 'gray_bbox', 'tm_score', 20)",delivered_sum,40,40,True,
TABLE_B,"('human melanoma', 'gray_bbox', 'tm_score', 20)",precision_pooled,0.35,0.35,True,
TABLE_B,"('human melanoma', 'gray_bbox', 'tm_score', 20)",precision_worst_roi,0.2,0.2,True,
TABLE_B,"('human melanoma', 'gray_bbox', 'tm_score', 20)",worst_roi_tied,False,False,True,
TABLE_B,"('human melanoma', 'gray_bbox', 'tm_score', 20)",worst_roi_file in tied set,True,True,True,
TABLE_B,"('human melanoma', 'gray_bbox', 'tm_score', 20)",pooled == mean of per-ROI precision,0.35,0.35,True,
TABLE_B,"('human melanoma', 'gray_bbox', 'tm_score', 30)",n_roi,2,2,True,
TABLE_B,"('human melanoma', 'gray_bbox', 'tm_score', 30)",tp_sum,20,20,True,
TABLE_B,"('human melanoma', 'gray_bbox', 'tm_score', 30)",delivered_sum,60,60,True,
TABLE_B,"('human melanoma', 'gray_bbox', 'tm_score', 30)",precision_pooled,0.3333,0.3333,True,
TABLE_B,"('human melanoma', 'gray_bbox', 'tm_score', 30)",precision_worst_roi,0.1333,0.1333,True,
TABLE_B,"('human melanoma', 'gray_bbox', 'tm_score', 30)",worst_roi_tied,False,False,True,
TABLE_B,"('human melanoma', 'gray_bbox', 'tm_score', 30)",worst_roi_file in tied set,True,True,True,
TABLE_B,"('human melanoma', 'gray_bbox', 'tm_score', 30)",pooled == mean of per-ROI precision,0.3333,0.3333,True,
TABLE_B,"('human melanoma', 'gray_bbox', 'tm_score', 50)",n_roi,2,2,True,
TABLE_B,"('human melanoma', 'gray_bbox', 'tm_score', 50)",tp_sum,34,34,True,
TABLE_B,"('human melanoma', 'gray_bbox', 'tm_score', 50)",delivered_sum,100,100,True,
TABLE_B,"('human melanoma', 'gray_bbox', 'tm_score', 50)",precision_pooled,0.34,0.34,True,
TABLE_B,"('human melanoma', 'gray_bbox', 'tm_score', 50)",precision_worst_roi,0.12,0.12,True,
TABLE_B,"('human melanoma', 'gray_bbox', 'tm_score', 50)",worst_roi_tied,False,False,True,
TABLE_B,"('human melanoma', 'gray_bbox', 'tm_score', 50)",worst_roi_file in tied set,True,True,True,
TABLE_B,"('human melanoma', 'gray_bbox', 'tm_score', 50)",pooled == mean of per-ROI precision,0.34,0.34,True,
TABLE_B,"('human melanoma', 'hem_bbox', 'chromatin_od', 10)",n_roi,2,2,True,
TABLE_B,"('human melanoma', 'hem_bbox', 'chromatin_od', 10)",tp_sum,14,14,True,
TABLE_B,"('human melanoma', 'hem_bbox', 'chromatin_od', 10)",delivered_sum,20,20,True,
TABLE_B,"('human melanoma', 'hem_bbox', 'chromatin_od', 10)",precision_pooled,0.7,0.7,True,
TABLE_B,"('human melanoma', 'hem_bbox', 'chromatin_od', 10)",precision_worst_roi,0.6,0.6,True,
TABLE_B,"('human melanoma', 'hem_bbox', 'chromatin_od', 10)",worst_roi_tied,False,False,True,
TABLE_B,"('human melanoma', 'hem_bbox', 'chromatin_od', 10)",worst_roi_file in tied set,True,True,True,
TABLE_B,"('human melanoma', 'hem_bbox', 'chromatin_od', 10)",pooled == mean of per-ROI precision,0.7,0.7,True,
TABLE_B,"('human melanoma', 'hem_bbox', 'chromatin_od', 20)",n_roi,2,2,True,
TABLE_B,"('human melanoma', 'hem_bbox', 'chromatin_od', 20)",tp_sum,21,21,True,
TABLE_B,"('human melanoma', 'hem_bbox', 'chromatin_od', 20)",delivered_sum,40,40,True,
TABLE_B,"('human melanoma', 'hem_bbox', 'chromatin_od', 20)",precision_pooled,0.525,0.525,True,
TABLE_B,"('human melanoma', 'hem_bbox', 'chromatin_od', 20)",precision_worst_roi,0.4,0.4,True,
TABLE_B,"('human melanoma', 'hem_bbox', 'chromatin_od', 20)",worst_roi_tied,False,False,True,
TABLE_B,"('human melanoma', 'hem_bbox', 'chromatin_od', 20)",worst_roi_file in tied set,True,True,True,
TABLE_B,"('human melanoma', 'hem_bbox', 'chromatin_od', 20)",pooled == mean of per-ROI precision,0.525,0.525,True,
TABLE_B,"('human melanoma', 'hem_bbox', 'chromatin_od', 30)",n_roi,2,2,True,
TABLE_B,"('human melanoma', 'hem_bbox', 'chromatin_od', 30)",tp_sum,29,29,True,
TABLE_B,"('human melanoma', 'hem_bbox', 'chromatin_od', 30)",delivered_sum,60,60,True,
TABLE_B,"('human melanoma', 'hem_bbox', 'chromatin_od', 30)",precision_pooled,0.4833,0.4833,True,
TABLE_B,"('human melanoma', 'hem_bbox', 'chromatin_od', 30)",precision_worst_roi,0.2667,0.2667,True,
TABLE_B,"('human melanoma', 'hem_bbox', 'chromatin_od', 30)",worst_roi_tied,False,False,True,
TABLE_B,"('human melanoma', 'hem_bbox', 'chromatin_od', 30)",worst_roi_file in tied set,True,True,True,
TABLE_B,"('human melanoma', 'hem_bbox', 'chromatin_od', 30)",pooled == mean of per-ROI precision,0.4833,0.4833,True,
TABLE_B,"('human melanoma', 'hem_bbox', 'chromatin_od', 50)",n_roi,2,2,True,
TABLE_B,"('human melanoma', 'hem_bbox', 'chromatin_od', 50)",tp_sum,43,43,True,
TABLE_B,"('human melanoma', 'hem_bbox', 'chromatin_od', 50)",delivered_sum,100,100,True,
TABLE_B,"('human melanoma', 'hem_bbox', 'chromatin_od', 50)",precision_pooled,0.43,0.43,True,
TABLE_B,"('human melanoma', 'hem_bbox', 'chromatin_od', 50)",precision_worst_roi,0.16,0.16,True,
TABLE_B,"('human melanoma', 'hem_bbox', 'chromatin_od', 50)",worst_roi_tied,False,False,True,
TABLE_B,"('human melanoma', 'hem_bbox', 'chromatin_od', 50)",worst_roi_file in tied set,True,True,True,
TABLE_B,"('human melanoma', 'hem_bbox', 'chromatin_od', 50)",pooled == mean of per-ROI precision,0.43,0.43,True,
TABLE_B,"('human melanoma', 'hem_bbox', 'od_contrast', 10)",n_roi,2,2,True,
TABLE_B,"('human melanoma', 'hem_bbox', 'od_contrast', 10)",tp_sum,15,15,True,
TABLE_B,"('human melanoma', 'hem_bbox', 'od_contrast', 10)",delivered_sum,20,20,True,
TABLE_B,"('human melanoma', 'hem_bbox', 'od_contrast', 10)",precision_pooled,0.75,0.75,True,
TABLE_B,"('human melanoma', 'hem_bbox', 'od_contrast', 10)",precision_worst_roi,0.6,0.6,True,
TABLE_B,"('human melanoma', 'hem_bbox', 'od_contrast', 10)",worst_roi_tied,False,False,True,
TABLE_B,"('human melanoma', 'hem_bbox', 'od_contrast', 10)",worst_roi_file in tied set,True,True,True,
TABLE_B,"('human melanoma', 'hem_bbox', 'od_contrast', 10)",pooled == mean of per-ROI precision,0.75,0.75,True,
TABLE_B,"('human melanoma', 'hem_bbox', 'od_contrast', 20)",n_roi,2,2,True,
TABLE_B,"('human melanoma', 'hem_bbox', 'od_contrast', 20)",tp_sum,24,24,True,
TABLE_B,"('human melanoma', 'hem_bbox', 'od_contrast', 20)",delivered_sum,40,40,True,
TABLE_B,"('human melanoma', 'hem_bbox', 'od_contrast', 20)",precision_pooled,0.6,0.6,True,
TABLE_B,"('human melanoma', 'hem_bbox', 'od_contrast', 20)",precision_worst_roi,0.4,0.4,True,
TABLE_B,"('human melanoma', 'hem_bbox', 'od_contrast', 20)",worst_roi_tied,False,False,True,
TABLE_B,"('human melanoma', 'hem_bbox', 'od_contrast', 20)",worst_roi_file in tied set,True,True,True,
TABLE_B,"('human melanoma', 'hem_bbox', 'od_contrast', 20)",pooled == mean of per-ROI precision,0.6,0.6,True,
TABLE_B,"('human melanoma', 'hem_bbox', 'od_contrast', 30)",n_roi,2,2,True,
TABLE_B,"('human melanoma', 'hem_bbox', 'od_contrast', 30)",tp_sum,32,32,True,
TABLE_B,"('human melanoma', 'hem_bbox', 'od_contrast', 30)",delivered_sum,60,60,True,
TABLE_B,"('human melanoma', 'hem_bbox', 'od_contrast', 30)",precision_pooled,0.5333,0.5333,True,
TABLE_B,"('human melanoma', 'hem_bbox', 'od_contrast', 30)",precision_worst_roi,0.2667,0.2667,True,
TABLE_B,"('human melanoma', 'hem_bbox', 'od_contrast', 30)",worst_roi_tied,False,False,True,
TABLE_B,"('human melanoma', 'hem_bbox', 'od_contrast', 30)",worst_roi_file in tied set,True,True,True,
TABLE_B,"('human melanoma', 'hem_bbox', 'od_contrast', 30)",pooled == mean of per-ROI precision,0.5333,0.5333,True,
TABLE_B,"('human melanoma', 'hem_bbox', 'od_contrast', 50)",n_roi,2,2,True,
TABLE_B,"('human melanoma', 'hem_bbox', 'od_contrast', 50)",tp_sum,43,43,True,
TABLE_B,"('human melanoma', 'hem_bbox', 'od_contrast', 50)",delivered_sum,100,100,True,
TABLE_B,"('human melanoma', 'hem_bbox', 'od_contrast', 50)",precision_pooled,0.43,0.43,True,
TABLE_B,"('human melanoma', 'hem_bbox', 'od_contrast', 50)",precision_worst_roi,0.16,0.16,True,
TABLE_B,"('human melanoma', 'hem_bbox', 'od_contrast', 50)",worst_roi_tied,False,False,True,
TABLE_B,"('human melanoma', 'hem_bbox', 'od_contrast', 50)",worst_roi_file in tied set,True,True,True,
TABLE_B,"('human melanoma', 'hem_bbox', 'od_contrast', 50)",pooled == mean of per-ROI precision,0.43,0.43,True,
TABLE_B,"('human melanoma', 'hem_bbox', 'tm_score', 10)",n_roi,2,2,True,
TABLE_B,"('human melanoma', 'hem_bbox', 'tm_score', 10)",tp_sum,6,6,True,
TABLE_B,"('human melanoma', 'hem_bbox', 'tm_score', 10)",delivered_sum,20,20,True,
TABLE_B,"('human melanoma', 'hem_bbox', 'tm_score', 10)",precision_pooled,0.3,0.3,True,
TABLE_B,"('human melanoma', 'hem_bbox', 'tm_score', 10)",precision_worst_roi,0.2,0.2,True,
TABLE_B,"('human melanoma', 'hem_bbox', 'tm_score', 10)",worst_roi_tied,False,False,True,
TABLE_B,"('human melanoma', 'hem_bbox', 'tm_score', 10)",worst_roi_file in tied set,True,True,True,
TABLE_B,"('human melanoma', 'hem_bbox', 'tm_score', 10)",pooled == mean of per-ROI precision,0.3,0.3,True,
TABLE_B,"('human melanoma', 'hem_bbox', 'tm_score', 20)",n_roi,2,2,True,
TABLE_B,"('human melanoma', 'hem_bbox', 'tm_score', 20)",tp_sum,13,13,True,
TABLE_B,"('human melanoma', 'hem_bbox', 'tm_score', 20)",delivered_sum,40,40,True,
TABLE_B,"('human melanoma', 'hem_bbox', 'tm_score', 20)",precision_pooled,0.325,0.325,True,
TABLE_B,"('human melanoma', 'hem_bbox', 'tm_score', 20)",precision_worst_roi,0.2,0.2,True,
TABLE_B,"('human melanoma', 'hem_bbox', 'tm_score', 20)",worst_roi_tied,False,False,True,
TABLE_B,"('human melanoma', 'hem_bbox', 'tm_score', 20)",worst_roi_file in tied set,True,True,True,
TABLE_B,"('human melanoma', 'hem_bbox', 'tm_score', 20)",pooled == mean of per-ROI precision,0.325,0.325,True,
TABLE_B,"('human melanoma', 'hem_bbox', 'tm_score', 30)",n_roi,2,2,True,
TABLE_B,"('human melanoma', 'hem_bbox', 'tm_score', 30)",tp_sum,20,20,True,
TABLE_B,"('human melanoma', 'hem_bbox', 'tm_score', 30)",delivered_sum,60,60,True,
TABLE_B,"('human melanoma', 'hem_bbox', 'tm_score', 30)",precision_pooled,0.3333,0.3333,True,
TABLE_B,"('human melanoma', 'hem_bbox', 'tm_score', 30)",precision_worst_roi,0.1667,0.1667,True,
TABLE_B,"('human melanoma', 'hem_bbox', 'tm_score', 30)",worst_roi_tied,False,False,True,
TABLE_B,"('human melanoma', 'hem_bbox', 'tm_score', 30)",worst_roi_file in tied set,True,True,True,
TABLE_B,"('human melanoma', 'hem_bbox', 'tm_score', 30)",pooled == mean of per-ROI precision,0.3333,0.3333,True,
TABLE_B,"('human melanoma', 'hem_bbox', 'tm_score', 50)",n_roi,2,2,True,
TABLE_B,"('human melanoma', 'hem_bbox', 'tm_score', 50)",tp_sum,36,36,True,
TABLE_B,"('human melanoma', 'hem_bbox', 'tm_score', 50)",delivered_sum,100,100,True,
TABLE_B,"('human melanoma', 'hem_bbox', 'tm_score', 50)",precision_pooled,0.36,0.36,True,
TABLE_B,"('human melanoma', 'hem_bbox', 'tm_score', 50)",precision_worst_roi,0.12,0.12,True,
TABLE_B,"('human melanoma', 'hem_bbox', 'tm_score', 50)",worst_roi_tied,False,False,True,
TABLE_B,"('human melanoma', 'hem_bbox', 'tm_score', 50)",worst_roi_file in tied set,True,True,True,
TABLE_B,"('human melanoma', 'hem_bbox', 'tm_score', 50)",pooled == mean of per-ROI precision,0.36,0.36,True,
TABLE_B,"('human neuroendocrine tumor', 'gray_bbox', 'chromatin_od', 10)",n_roi,2,2,True,
TABLE_B,"('human neuroendocrine tumor', 'gray_bbox', 'chromatin_od', 10)",tp_sum,12,12,True,
TABLE_B,"('human neuroendocrine tumor', 'gray_bbox', 'chromatin_od', 10)",delivered_sum,20,20,True,
TABLE_B,"('human neuroendocrine tumor', 'gray_bbox', 'chromatin_od', 10)",precision_pooled,0.6,0.6,True,
TABLE_B,"('human neuroendocrine tumor', 'gray_bbox', 'chromatin_od', 10)",precision_worst_roi,0.5,0.5,True,
TABLE_B,"('human neuroendocrine tumor', 'gray_bbox', 'chromatin_od', 10)",worst_roi_tied,False,False,True,
TABLE_B,"('human neuroendocrine tumor', 'gray_bbox', 'chromatin_od', 10)",worst_roi_file in tied set,True,True,True,
TABLE_B,"('human neuroendocrine tumor', 'gray_bbox', 'chromatin_od', 10)",pooled == mean of per-ROI precision,0.6,0.6,True,
TABLE_B,"('human neuroendocrine tumor', 'gray_bbox', 'chromatin_od', 20)",n_roi,2,2,True,
TABLE_B,"('human neuroendocrine tumor', 'gray_bbox', 'chromatin_od', 20)",tp_sum,22,22,True,
TABLE_B,"('human neuroendocrine tumor', 'gray_bbox', 'chromatin_od', 20)",delivered_sum,40,40,True,
TABLE_B,"('human neuroendocrine tumor', 'gray_bbox', 'chromatin_od', 20)",precision_pooled,0.55,0.55,True,
TABLE_B,"('human neuroendocrine tumor', 'gray_bbox', 'chromatin_od', 20)",precision_worst_roi,0.5,0.5,True,
TABLE_B,"('human neuroendocrine tumor', 'gray_bbox', 'chromatin_od', 20)",worst_roi_tied,False,False,True,
TABLE_B,"('human neuroendocrine tumor', 'gray_bbox', 'chromatin_od', 20)",worst_roi_file in tied set,True,True,True,
TABLE_B,"('human neuroendocrine tumor', 'gray_bbox', 'chromatin_od', 20)",pooled == mean of per-ROI precision,0.55,0.55,True,
TABLE_B,"('human neuroendocrine tumor', 'gray_bbox', 'chromatin_od', 30)",n_roi,2,2,True,
TABLE_B,"('human neuroendocrine tumor', 'gray_bbox', 'chromatin_od', 30)",tp_sum,29,29,True,
TABLE_B,"('human neuroendocrine tumor', 'gray_bbox', 'chromatin_od', 30)",delivered_sum,60,60,True,
TABLE_B,"('human neuroendocrine tumor', 'gray_bbox', 'chromatin_od', 30)",precision_pooled,0.4833,0.4833,True,
TABLE_B,"('human neuroendocrine tumor', 'gray_bbox', 'chromatin_od', 30)",precision_worst_roi,0.4667,0.4667,True,
TABLE_B,"('human neuroendocrine tumor', 'gray_bbox', 'chromatin_od', 30)",worst_roi_tied,False,False,True,
TABLE_B,"('human neuroendocrine tumor', 'gray_bbox', 'chromatin_od', 30)",worst_roi_file in tied set,True,True,True,
TABLE_B,"('human neuroendocrine tumor', 'gray_bbox', 'chromatin_od', 30)",pooled == mean of per-ROI precision,0.4833,0.4833,True,
TABLE_B,"('human neuroendocrine tumor', 'gray_bbox', 'chromatin_od', 50)",n_roi,2,2,True,
TABLE_B,"('human neuroendocrine tumor', 'gray_bbox', 'chromatin_od', 50)",tp_sum,42,42,True,
TABLE_B,"('human neuroendocrine tumor', 'gray_bbox', 'chromatin_od', 50)",delivered_sum,100,100,True,
TABLE_B,"('human neuroendocrine tumor', 'gray_bbox', 'chromatin_od', 50)",precision_pooled,0.42,0.42,True,
TABLE_B,"('human neuroendocrine tumor', 'gray_bbox', 'chromatin_od', 50)",precision_worst_roi,0.34,0.34,True,
TABLE_B,"('human neuroendocrine tumor', 'gray_bbox', 'chromatin_od', 50)",worst_roi_tied,False,False,True,
TABLE_B,"('human neuroendocrine tumor', 'gray_bbox', 'chromatin_od', 50)",worst_roi_file in tied set,True,True,True,
TABLE_B,"('human neuroendocrine tumor', 'gray_bbox', 'chromatin_od', 50)",pooled == mean of per-ROI precision,0.42,0.42,True,
TABLE_B,"('human neuroendocrine tumor', 'gray_bbox', 'od_contrast', 10)",n_roi,2,2,True,
TABLE_B,"('human neuroendocrine tumor', 'gray_bbox', 'od_contrast', 10)",tp_sum,10,10,True,
TABLE_B,"('human neuroendocrine tumor', 'gray_bbox', 'od_contrast', 10)",delivered_sum,20,20,True,
TABLE_B,"('human neuroendocrine tumor', 'gray_bbox', 'od_contrast', 10)",precision_pooled,0.5,0.5,True,
TABLE_B,"('human neuroendocrine tumor', 'gray_bbox', 'od_contrast', 10)",precision_worst_roi,0.4,0.4,True,
TABLE_B,"('human neuroendocrine tumor', 'gray_bbox', 'od_contrast', 10)",worst_roi_tied,False,False,True,
TABLE_B,"('human neuroendocrine tumor', 'gray_bbox', 'od_contrast', 10)",worst_roi_file in tied set,True,True,True,
TABLE_B,"('human neuroendocrine tumor', 'gray_bbox', 'od_contrast', 10)",pooled == mean of per-ROI precision,0.5,0.5,True,
TABLE_B,"('human neuroendocrine tumor', 'gray_bbox', 'od_contrast', 20)",n_roi,2,2,True,
TABLE_B,"('human neuroendocrine tumor', 'gray_bbox', 'od_contrast', 20)",tp_sum,21,21,True,
TABLE_B,"('human neuroendocrine tumor', 'gray_bbox', 'od_contrast', 20)",delivered_sum,40,40,True,
TABLE_B,"('human neuroendocrine tumor', 'gray_bbox', 'od_contrast', 20)",precision_pooled,0.525,0.525,True,
TABLE_B,"('human neuroendocrine tumor', 'gray_bbox', 'od_contrast', 20)",precision_worst_roi,0.45,0.45,True,
TABLE_B,"('human neuroendocrine tumor', 'gray_bbox', 'od_contrast', 20)",worst_roi_tied,False,False,True,
TABLE_B,"('human neuroendocrine tumor', 'gray_bbox', 'od_contrast', 20)",worst_roi_file in tied set,True,True,True,
TABLE_B,"('human neuroendocrine tumor', 'gray_bbox', 'od_contrast', 20)",pooled == mean of per-ROI precision,0.525,0.525,True,
TABLE_B,"('human neuroendocrine tumor', 'gray_bbox', 'od_contrast', 30)",n_roi,2,2,True,
TABLE_B,"('human neuroendocrine tumor', 'gray_bbox', 'od_contrast', 30)",tp_sum,30,30,True,
TABLE_B,"('human neuroendocrine tumor', 'gray_bbox', 'od_contrast', 30)",delivered_sum,60,60,True,
TABLE_B,"('human neuroendocrine tumor', 'gray_bbox', 'od_contrast', 30)",precision_pooled,0.5,0.5,True,
TABLE_B,"('human neuroendocrine tumor', 'gray_bbox', 'od_contrast', 30)",precision_worst_roi,0.4667,0.4667,True,
TABLE_B,"('human neuroendocrine tumor', 'gray_bbox', 'od_contrast', 30)",worst_roi_tied,False,False,True,
TABLE_B,"('human neuroendocrine tumor', 'gray_bbox', 'od_contrast', 30)",worst_roi_file in tied set,True,True,True,
TABLE_B,"('human neuroendocrine tumor', 'gray_bbox', 'od_contrast', 30)",pooled == mean of per-ROI precision,0.5,0.5,True,
TABLE_B,"('human neuroendocrine tumor', 'gray_bbox', 'od_contrast', 50)",n_roi,2,2,True,
TABLE_B,"('human neuroendocrine tumor', 'gray_bbox', 'od_contrast', 50)",tp_sum,44,44,True,
TABLE_B,"('human neuroendocrine tumor', 'gray_bbox', 'od_contrast', 50)",delivered_sum,100,100,True,
TABLE_B,"('human neuroendocrine tumor', 'gray_bbox', 'od_contrast', 50)",precision_pooled,0.44,0.44,True,
TABLE_B,"('human neuroendocrine tumor', 'gray_bbox', 'od_contrast', 50)",precision_worst_roi,0.36,0.36,True,
TABLE_B,"('human neuroendocrine tumor', 'gray_bbox', 'od_contrast', 50)",worst_roi_tied,False,False,True,
TABLE_B,"('human neuroendocrine tumor', 'gray_bbox', 'od_contrast', 50)",worst_roi_file in tied set,True,True,True,
TABLE_B,"('human neuroendocrine tumor', 'gray_bbox', 'od_contrast', 50)",pooled == mean of per-ROI precision,0.44,0.44,True,
TABLE_B,"('human neuroendocrine tumor', 'gray_bbox', 'tm_score', 10)",n_roi,2,2,True,
TABLE_B,"('human neuroendocrine tumor', 'gray_bbox', 'tm_score', 10)",tp_sum,9,9,True,
TABLE_B,"('human neuroendocrine tumor', 'gray_bbox', 'tm_score', 10)",delivered_sum,20,20,True,
TABLE_B,"('human neuroendocrine tumor', 'gray_bbox', 'tm_score', 10)",precision_pooled,0.45,0.45,True,
TABLE_B,"('human neuroendocrine tumor', 'gray_bbox', 'tm_score', 10)",precision_worst_roi,0.4,0.4,True,
TABLE_B,"('human neuroendocrine tumor', 'gray_bbox', 'tm_score', 10)",worst_roi_tied,False,False,True,
TABLE_B,"('human neuroendocrine tumor', 'gray_bbox', 'tm_score', 10)",worst_roi_file in tied set,True,True,True,
TABLE_B,"('human neuroendocrine tumor', 'gray_bbox', 'tm_score', 10)",pooled == mean of per-ROI precision,0.45,0.45,True,
TABLE_B,"('human neuroendocrine tumor', 'gray_bbox', 'tm_score', 20)",n_roi,2,2,True,
TABLE_B,"('human neuroendocrine tumor', 'gray_bbox', 'tm_score', 20)",tp_sum,16,16,True,
TABLE_B,"('human neuroendocrine tumor', 'gray_bbox', 'tm_score', 20)",delivered_sum,40,40,True,
TABLE_B,"('human neuroendocrine tumor', 'gray_bbox', 'tm_score', 20)",precision_pooled,0.4,0.4,True,
TABLE_B,"('human neuroendocrine tumor', 'gray_bbox', 'tm_score', 20)",precision_worst_roi,0.35,0.35,True,
TABLE_B,"('human neuroendocrine tumor', 'gray_bbox', 'tm_score', 20)",worst_roi_tied,False,False,True,
TABLE_B,"('human neuroendocrine tumor', 'gray_bbox', 'tm_score', 20)",worst_roi_file in tied set,True,True,True,
TABLE_B,"('human neuroendocrine tumor', 'gray_bbox', 'tm_score', 20)",pooled == mean of per-ROI precision,0.4,0.4,True,
TABLE_B,"('human neuroendocrine tumor', 'gray_bbox', 'tm_score', 30)",n_roi,2,2,True,
TABLE_B,"('human neuroendocrine tumor', 'gray_bbox', 'tm_score', 30)",tp_sum,22,22,True,
TABLE_B,"('human neuroendocrine tumor', 'gray_bbox', 'tm_score', 30)",delivered_sum,60,60,True,
TABLE_B,"('human neuroendocrine tumor', 'gray_bbox', 'tm_score', 30)",precision_pooled,0.3667,0.3667,True,
TABLE_B,"('human neuroendocrine tumor', 'gray_bbox', 'tm_score', 30)",precision_worst_roi,0.2667,0.2667,True,
TABLE_B,"('human neuroendocrine tumor', 'gray_bbox', 'tm_score', 30)",worst_roi_tied,False,False,True,
TABLE_B,"('human neuroendocrine tumor', 'gray_bbox', 'tm_score', 30)",worst_roi_file in tied set,True,True,True,
TABLE_B,"('human neuroendocrine tumor', 'gray_bbox', 'tm_score', 30)",pooled == mean of per-ROI precision,0.3667,0.3667,True,
TABLE_B,"('human neuroendocrine tumor', 'gray_bbox', 'tm_score', 50)",n_roi,2,2,True,
TABLE_B,"('human neuroendocrine tumor', 'gray_bbox', 'tm_score', 50)",tp_sum,37,37,True,
TABLE_B,"('human neuroendocrine tumor', 'gray_bbox', 'tm_score', 50)",delivered_sum,100,100,True,
TABLE_B,"('human neuroendocrine tumor', 'gray_bbox', 'tm_score', 50)",precision_pooled,0.37,0.37,True,
TABLE_B,"('human neuroendocrine tumor', 'gray_bbox', 'tm_score', 50)",precision_worst_roi,0.3,0.3,True,
TABLE_B,"('human neuroendocrine tumor', 'gray_bbox', 'tm_score', 50)",worst_roi_tied,False,False,True,
TABLE_B,"('human neuroendocrine tumor', 'gray_bbox', 'tm_score', 50)",worst_roi_file in tied set,True,True,True,
TABLE_B,"('human neuroendocrine tumor', 'gray_bbox', 'tm_score', 50)",pooled == mean of per-ROI precision,0.37,0.37,True,
TABLE_B,"('human neuroendocrine tumor', 'hem_bbox', 'chromatin_od', 10)",n_roi,2,2,True,
TABLE_B,"('human neuroendocrine tumor', 'hem_bbox', 'chromatin_od', 10)",tp_sum,11,11,True,
TABLE_B,"('human neuroendocrine tumor', 'hem_bbox', 'chromatin_od', 10)",delivered_sum,20,20,True,
TABLE_B,"('human neuroendocrine tumor', 'hem_bbox', 'chromatin_od', 10)",precision_pooled,0.55,0.55,True,
TABLE_B,"('human neuroendocrine tumor', 'hem_bbox', 'chromatin_od', 10)",precision_worst_roi,0.4,0.4,True,
TABLE_B,"('human neuroendocrine tumor', 'hem_bbox', 'chromatin_od', 10)",worst_roi_tied,False,False,True,
TABLE_B,"('human neuroendocrine tumor', 'hem_bbox', 'chromatin_od', 10)",worst_roi_file in tied set,True,True,True,
TABLE_B,"('human neuroendocrine tumor', 'hem_bbox', 'chromatin_od', 10)",pooled == mean of per-ROI precision,0.55,0.55,True,
TABLE_B,"('human neuroendocrine tumor', 'hem_bbox', 'chromatin_od', 20)",n_roi,2,2,True,
TABLE_B,"('human neuroendocrine tumor', 'hem_bbox', 'chromatin_od', 20)",tp_sum,18,18,True,
TABLE_B,"('human neuroendocrine tumor', 'hem_bbox', 'chromatin_od', 20)",delivered_sum,40,40,True,
TABLE_B,"('human neuroendocrine tumor', 'hem_bbox', 'chromatin_od', 20)",precision_pooled,0.45,0.45,True,
TABLE_B,"('human neuroendocrine tumor', 'hem_bbox', 'chromatin_od', 20)",precision_worst_roi,0.35,0.35,True,
TABLE_B,"('human neuroendocrine tumor', 'hem_bbox', 'chromatin_od', 20)",worst_roi_tied,False,False,True,
TABLE_B,"('human neuroendocrine tumor', 'hem_bbox', 'chromatin_od', 20)",worst_roi_file in tied set,True,True,True,
TABLE_B,"('human neuroendocrine tumor', 'hem_bbox', 'chromatin_od', 20)",pooled == mean of per-ROI precision,0.45,0.45,True,
TABLE_B,"('human neuroendocrine tumor', 'hem_bbox', 'chromatin_od', 30)",n_roi,2,2,True,
TABLE_B,"('human neuroendocrine tumor', 'hem_bbox', 'chromatin_od', 30)",tp_sum,25,25,True,
TABLE_B,"('human neuroendocrine tumor', 'hem_bbox', 'chromatin_od', 30)",delivered_sum,60,60,True,
TABLE_B,"('human neuroendocrine tumor', 'hem_bbox', 'chromatin_od', 30)",precision_pooled,0.4167,0.4167,True,
TABLE_B,"('human neuroendocrine tumor', 'hem_bbox', 'chromatin_od', 30)",precision_worst_roi,0.3333,0.3333,True,
TABLE_B,"('human neuroendocrine tumor', 'hem_bbox', 'chromatin_od', 30)",worst_roi_tied,False,False,True,
TABLE_B,"('human neuroendocrine tumor', 'hem_bbox', 'chromatin_od', 30)",worst_roi_file in tied set,True,True,True,
TABLE_B,"('human neuroendocrine tumor', 'hem_bbox', 'chromatin_od', 30)",pooled == mean of per-ROI precision,0.4167,0.4167,True,
TABLE_B,"('human neuroendocrine tumor', 'hem_bbox', 'chromatin_od', 50)",n_roi,2,2,True,
TABLE_B,"('human neuroendocrine tumor', 'hem_bbox', 'chromatin_od', 50)",tp_sum,40,40,True,
TABLE_B,"('human neuroendocrine tumor', 'hem_bbox', 'chromatin_od', 50)",delivered_sum,100,100,True,
TABLE_B,"('human neuroendocrine tumor', 'hem_bbox', 'chromatin_od', 50)",precision_pooled,0.4,0.4,True,
TABLE_B,"('human neuroendocrine tumor', 'hem_bbox', 'chromatin_od', 50)",precision_worst_roi,0.26,0.26,True,
TABLE_B,"('human neuroendocrine tumor', 'hem_bbox', 'chromatin_od', 50)",worst_roi_tied,False,False,True,
TABLE_B,"('human neuroendocrine tumor', 'hem_bbox', 'chromatin_od', 50)",worst_roi_file in tied set,True,True,True,
TABLE_B,"('human neuroendocrine tumor', 'hem_bbox', 'chromatin_od', 50)",pooled == mean of per-ROI precision,0.4,0.4,True,
TABLE_B,"('human neuroendocrine tumor', 'hem_bbox', 'od_contrast', 10)",n_roi,2,2,True,
TABLE_B,"('human neuroendocrine tumor', 'hem_bbox', 'od_contrast', 10)",tp_sum,10,10,True,
TABLE_B,"('human neuroendocrine tumor', 'hem_bbox', 'od_contrast', 10)",delivered_sum,20,20,True,
TABLE_B,"('human neuroendocrine tumor', 'hem_bbox', 'od_contrast', 10)",precision_pooled,0.5,0.5,True,
TABLE_B,"('human neuroendocrine tumor', 'hem_bbox', 'od_contrast', 10)",precision_worst_roi,0.4,0.4,True,
TABLE_B,"('human neuroendocrine tumor', 'hem_bbox', 'od_contrast', 10)",worst_roi_tied,False,False,True,
TABLE_B,"('human neuroendocrine tumor', 'hem_bbox', 'od_contrast', 10)",worst_roi_file in tied set,True,True,True,
TABLE_B,"('human neuroendocrine tumor', 'hem_bbox', 'od_contrast', 10)",pooled == mean of per-ROI precision,0.5,0.5,True,
TABLE_B,"('human neuroendocrine tumor', 'hem_bbox', 'od_contrast', 20)",n_roi,2,2,True,
TABLE_B,"('human neuroendocrine tumor', 'hem_bbox', 'od_contrast', 20)",tp_sum,20,20,True,
TABLE_B,"('human neuroendocrine tumor', 'hem_bbox', 'od_contrast', 20)",delivered_sum,40,40,True,
TABLE_B,"('human neuroendocrine tumor', 'hem_bbox', 'od_contrast', 20)",precision_pooled,0.5,0.5,True,
TABLE_B,"('human neuroendocrine tumor', 'hem_bbox', 'od_contrast', 20)",precision_worst_roi,0.45,0.45,True,
TABLE_B,"('human neuroendocrine tumor', 'hem_bbox', 'od_contrast', 20)",worst_roi_tied,False,False,True,
TABLE_B,"('human neuroendocrine tumor', 'hem_bbox', 'od_contrast', 20)",worst_roi_file in tied set,True,True,True,
TABLE_B,"('human neuroendocrine tumor', 'hem_bbox', 'od_contrast', 20)",pooled == mean of per-ROI precision,0.5,0.5,True,
TABLE_B,"('human neuroendocrine tumor', 'hem_bbox', 'od_contrast', 30)",n_roi,2,2,True,
TABLE_B,"('human neuroendocrine tumor', 'hem_bbox', 'od_contrast', 30)",tp_sum,28,28,True,
TABLE_B,"('human neuroendocrine tumor', 'hem_bbox', 'od_contrast', 30)",delivered_sum,60,60,True,
TABLE_B,"('human neuroendocrine tumor', 'hem_bbox', 'od_contrast', 30)",precision_pooled,0.4667,0.4667,True,
TABLE_B,"('human neuroendocrine tumor', 'hem_bbox', 'od_contrast', 30)",precision_worst_roi,0.3667,0.3667,True,
TABLE_B,"('human neuroendocrine tumor', 'hem_bbox', 'od_contrast', 30)",worst_roi_tied,False,False,True,
TABLE_B,"('human neuroendocrine tumor', 'hem_bbox', 'od_contrast', 30)",worst_roi_file in tied set,True,True,True,
TABLE_B,"('human neuroendocrine tumor', 'hem_bbox', 'od_contrast', 30)",pooled == mean of per-ROI precision,0.4667,0.4667,True,
TABLE_B,"('human neuroendocrine tumor', 'hem_bbox', 'od_contrast', 50)",n_roi,2,2,True,
TABLE_B,"('human neuroendocrine tumor', 'hem_bbox', 'od_contrast', 50)",tp_sum,38,38,True,
TABLE_B,"('human neuroendocrine tumor', 'hem_bbox', 'od_contrast', 50)",delivered_sum,100,100,True,
TABLE_B,"('human neuroendocrine tumor', 'hem_bbox', 'od_contrast', 50)",precision_pooled,0.38,0.38,True,
TABLE_B,"('human neuroendocrine tumor', 'hem_bbox', 'od_contrast', 50)",precision_worst_roi,0.24,0.24,True,
TABLE_B,"('human neuroendocrine tumor', 'hem_bbox', 'od_contrast', 50)",worst_roi_tied,False,False,True,
TABLE_B,"('human neuroendocrine tumor', 'hem_bbox', 'od_contrast', 50)",worst_roi_file in tied set,True,True,True,
TABLE_B,"('human neuroendocrine tumor', 'hem_bbox', 'od_contrast', 50)",pooled == mean of per-ROI precision,0.38,0.38,True,
TABLE_B,"('human neuroendocrine tumor', 'hem_bbox', 'tm_score', 10)",n_roi,2,2,True,
TABLE_B,"('human neuroendocrine tumor', 'hem_bbox', 'tm_score', 10)",tp_sum,7,7,True,
TABLE_B,"('human neuroendocrine tumor', 'hem_bbox', 'tm_score', 10)",delivered_sum,20,20,True,
TABLE_B,"('human neuroendocrine tumor', 'hem_bbox', 'tm_score', 10)",precision_pooled,0.35,0.35,True,
TABLE_B,"('human neuroendocrine tumor', 'hem_bbox', 'tm_score', 10)",precision_worst_roi,0.3,0.3,True,
TABLE_B,"('human neuroendocrine tumor', 'hem_bbox', 'tm_score', 10)",worst_roi_tied,False,False,True,
TABLE_B,"('human neuroendocrine tumor', 'hem_bbox', 'tm_score', 10)",worst_roi_file in tied set,True,True,True,
TABLE_B,"('human neuroendocrine tumor', 'hem_bbox', 'tm_score', 10)",pooled == mean of per-ROI precision,0.35,0.35,True,
TABLE_B,"('human neuroendocrine tumor', 'hem_bbox', 'tm_score', 20)",n_roi,2,2,True,
TABLE_B,"('human neuroendocrine tumor', 'hem_bbox', 'tm_score', 20)",tp_sum,12,12,True,
TABLE_B,"('human neuroendocrine tumor', 'hem_bbox', 'tm_score', 20)",delivered_sum,40,40,True,
TABLE_B,"('human neuroendocrine tumor', 'hem_bbox', 'tm_score', 20)",precision_pooled,0.3,0.3,True,
TABLE_B,"('human neuroendocrine tumor', 'hem_bbox', 'tm_score', 20)",precision_worst_roi,0.25,0.25,True,
TABLE_B,"('human neuroendocrine tumor', 'hem_bbox', 'tm_score', 20)",worst_roi_tied,False,False,True,
TABLE_B,"('human neuroendocrine tumor', 'hem_bbox', 'tm_score', 20)",worst_roi_file in tied set,True,True,True,
TABLE_B,"('human neuroendocrine tumor', 'hem_bbox', 'tm_score', 20)",pooled == mean of per-ROI precision,0.3,0.3,True,
TABLE_B,"('human neuroendocrine tumor', 'hem_bbox', 'tm_score', 30)",n_roi,2,2,True,
TABLE_B,"('human neuroendocrine tumor', 'hem_bbox', 'tm_score', 30)",tp_sum,17,17,True,
TABLE_B,"('human neuroendocrine tumor', 'hem_bbox', 'tm_score', 30)",delivered_sum,60,60,True,
TABLE_B,"('human neuroendocrine tumor', 'hem_bbox', 'tm_score', 30)",precision_pooled,0.2833,0.2833,True,
TABLE_B,"('human neuroendocrine tumor', 'hem_bbox', 'tm_score', 30)",precision_worst_roi,0.2667,0.2667,True,
TABLE_B,"('human neuroendocrine tumor', 'hem_bbox', 'tm_score', 30)",worst_roi_tied,False,False,True,
TABLE_B,"('human neuroendocrine tumor', 'hem_bbox', 'tm_score', 30)",worst_roi_file in tied set,True,True,True,
TABLE_B,"('human neuroendocrine tumor', 'hem_bbox', 'tm_score', 30)",pooled == mean of per-ROI precision,0.2833,0.2833,True,
TABLE_B,"('human neuroendocrine tumor', 'hem_bbox', 'tm_score', 50)",n_roi,2,2,True,
TABLE_B,"('human neuroendocrine tumor', 'hem_bbox', 'tm_score', 50)",tp_sum,32,32,True,
TABLE_B,"('human neuroendocrine tumor', 'hem_bbox', 'tm_score', 50)",delivered_sum,100,100,True,
TABLE_B,"('human neuroendocrine tumor', 'hem_bbox', 'tm_score', 50)",precision_pooled,0.32,0.32,True,
TABLE_B,"('human neuroendocrine tumor', 'hem_bbox', 'tm_score', 50)",precision_worst_roi,0.28,0.28,True,
TABLE_B,"('human neuroendocrine tumor', 'hem_bbox', 'tm_score', 50)",worst_roi_tied,False,False,True,
TABLE_B,"('human neuroendocrine tumor', 'hem_bbox', 'tm_score', 50)",worst_roi_file in tied set,True,True,True,
TABLE_B,"('human neuroendocrine tumor', 'hem_bbox', 'tm_score', 50)",pooled == mean of per-ROI precision,0.32,0.32,True,
DELTA_A,"('300.tiff', 'tm_score')",precision_at_10_hem,1.0,1.0,True,
DELTA_A,"('300.tiff', 'tm_score')",precision_at_20_hem,0.8,0.8,True,
DELTA_A,"('300.tiff', 'tm_score')",precision_at_30_hem,0.7667,0.7667,True,
DELTA_A,"('300.tiff', 'tm_score')",precision_at_50_hem,0.68,0.68,True,
DELTA_A,"('300.tiff', 'tm_score')",precision_at_10_gray,0.9,0.9,True,
DELTA_A,"('300.tiff', 'tm_score')",precision_at_20_gray,0.85,0.85,True,
DELTA_A,"('300.tiff', 'tm_score')",precision_at_30_gray,0.8333,0.8333,True,
DELTA_A,"('300.tiff', 'tm_score')",precision_at_50_gray,0.86,0.86,True,
DELTA_A,"('300.tiff', 'tm_score')",delta_precision_at_10,0.0999999999999999,0.09999999999999998,True,
DELTA_A,"('300.tiff', 'tm_score')",delta_precision_at_20,-0.0499999999999999,-0.04999999999999993,True,
DELTA_A,"('300.tiff', 'tm_score')",delta_precision_at_30,-0.0665999999999999,-0.06659999999999999,True,
DELTA_A,"('300.tiff', 'tm_score')",delta_precision_at_50,-0.1799999999999999,-0.17999999999999994,True,
DELTA_A,"('300.tiff', 'tm_score')",delta_exact_at_10,0.1,0.1,True,
DELTA_A,"('300.tiff', 'tm_score')",delta_exact_at_20,-0.05,-0.05,True,
DELTA_A,"('300.tiff', 'tm_score')",delta_exact_at_30,-0.0666666666666666,-0.06666666666666667,True,
DELTA_A,"('300.tiff', 'tm_score')",delta_exact_at_50,-0.18,-0.18,True,
DELTA_A,"('300.tiff', 'chromatin_od')",precision_at_10_hem,0.8,0.8,True,
DELTA_A,"('300.tiff', 'chromatin_od')",precision_at_20_hem,0.85,0.85,True,
DELTA_A,"('300.tiff', 'chromatin_od')",precision_at_30_hem,0.9,0.9,True,
DELTA_A,"('300.tiff', 'chromatin_od')",precision_at_50_hem,0.8,0.8,True,
DELTA_A,"('300.tiff', 'chromatin_od')",precision_at_10_gray,0.9,0.9,True,
DELTA_A,"('300.tiff', 'chromatin_od')",precision_at_20_gray,0.95,0.95,True,
DELTA_A,"('300.tiff', 'chromatin_od')",precision_at_30_gray,0.9,0.9,True,
DELTA_A,"('300.tiff', 'chromatin_od')",precision_at_50_gray,0.92,0.92,True,
DELTA_A,"('300.tiff', 'chromatin_od')",delta_precision_at_10,-0.0999999999999999,-0.09999999999999998,True,
DELTA_A,"('300.tiff', 'chromatin_od')",delta_precision_at_20,-0.0999999999999999,-0.09999999999999998,True,
DELTA_A,"('300.tiff', 'chromatin_od')",delta_precision_at_30,0.0,0.0,True,
DELTA_A,"('300.tiff', 'chromatin_od')",delta_precision_at_50,-0.12,-0.12,True,
DELTA_A,"('300.tiff', 'chromatin_od')",delta_exact_at_10,-0.1,-0.1,True,
DELTA_A,"('300.tiff', 'chromatin_od')",delta_exact_at_20,-0.1,-0.1,True,
DELTA_A,"('300.tiff', 'chromatin_od')",delta_exact_at_30,0.0,0.0,True,
DELTA_A,"('300.tiff', 'chromatin_od')",delta_exact_at_50,-0.12,-0.12,True,
DELTA_A,"('300.tiff', 'od_contrast')",precision_at_10_hem,0.8,0.8,True,
DELTA_A,"('300.tiff', 'od_contrast')",precision_at_20_hem,0.85,0.85,True,
DELTA_A,"('300.tiff', 'od_contrast')",precision_at_30_hem,0.8667,0.8667,True,
DELTA_A,"('300.tiff', 'od_contrast')",precision_at_50_hem,0.78,0.78,True,
DELTA_A,"('300.tiff', 'od_contrast')",precision_at_10_gray,0.8,0.8,True,
DELTA_A,"('300.tiff', 'od_contrast')",precision_at_20_gray,0.9,0.9,True,
DELTA_A,"('300.tiff', 'od_contrast')",precision_at_30_gray,0.9333,0.9333,True,
DELTA_A,"('300.tiff', 'od_contrast')",precision_at_50_gray,0.9,0.9,True,
DELTA_A,"('300.tiff', 'od_contrast')",delta_precision_at_10,0.0,0.0,True,
DELTA_A,"('300.tiff', 'od_contrast')",delta_precision_at_20,-0.05,-0.050000000000000044,True,
DELTA_A,"('300.tiff', 'od_contrast')",delta_precision_at_30,-0.0665999999999999,-0.06659999999999999,True,
DELTA_A,"('300.tiff', 'od_contrast')",delta_precision_at_50,-0.12,-0.12,True,
DELTA_A,"('300.tiff', 'od_contrast')",delta_exact_at_10,0.0,0.0,True,
DELTA_A,"('300.tiff', 'od_contrast')",delta_exact_at_20,-0.05,-0.05,True,
DELTA_A,"('300.tiff', 'od_contrast')",delta_exact_at_30,-0.0666666666666666,-0.06666666666666667,True,
DELTA_A,"('300.tiff', 'od_contrast')",delta_exact_at_50,-0.12,-0.12,True,
DELTA_A,"('301.tiff', 'tm_score')",precision_at_10_hem,0.9,0.9,True,
DELTA_A,"('301.tiff', 'tm_score')",precision_at_20_hem,0.9,0.9,True,
DELTA_A,"('301.tiff', 'tm_score')",precision_at_30_hem,0.8667,0.8667,True,
DELTA_A,"('301.tiff', 'tm_score')",precision_at_50_hem,0.82,0.82,True,
DELTA_A,"('301.tiff', 'tm_score')",precision_at_10_gray,0.9,0.9,True,
DELTA_A,"('301.tiff', 'tm_score')",precision_at_20_gray,0.9,0.9,True,
DELTA_A,"('301.tiff', 'tm_score')",precision_at_30_gray,0.8,0.8,True,
DELTA_A,"('301.tiff', 'tm_score')",precision_at_50_gray,0.74,0.74,True,
DELTA_A,"('301.tiff', 'tm_score')",delta_precision_at_10,0.0,0.0,True,
DELTA_A,"('301.tiff', 'tm_score')",delta_precision_at_20,0.0,0.0,True,
DELTA_A,"('301.tiff', 'tm_score')",delta_precision_at_30,0.0666999999999999,0.06669999999999998,True,
DELTA_A,"('301.tiff', 'tm_score')",delta_precision_at_50,0.0799999999999999,0.07999999999999996,True,
DELTA_A,"('301.tiff', 'tm_score')",delta_exact_at_10,0.0,0.0,True,
DELTA_A,"('301.tiff', 'tm_score')",delta_exact_at_20,0.0,0.0,True,
DELTA_A,"('301.tiff', 'tm_score')",delta_exact_at_30,0.0666666666666666,0.06666666666666667,True,
DELTA_A,"('301.tiff', 'tm_score')",delta_exact_at_50,0.08,0.08,True,
DELTA_A,"('301.tiff', 'chromatin_od')",precision_at_10_hem,0.8,0.8,True,
DELTA_A,"('301.tiff', 'chromatin_od')",precision_at_20_hem,0.85,0.85,True,
DELTA_A,"('301.tiff', 'chromatin_od')",precision_at_30_hem,0.8667,0.8667,True,
DELTA_A,"('301.tiff', 'chromatin_od')",precision_at_50_hem,0.82,0.82,True,
DELTA_A,"('301.tiff', 'chromatin_od')",precision_at_10_gray,0.8,0.8,True,
DELTA_A,"('301.tiff', 'chromatin_od')",precision_at_20_gray,0.9,0.9,True,
DELTA_A,"('301.tiff', 'chromatin_od')",precision_at_30_gray,0.9,0.9,True,
DELTA_A,"('301.tiff', 'chromatin_od')",precision_at_50_gray,0.82,0.82,True,
DELTA_A,"('301.tiff', 'chromatin_od')",delta_precision_at_10,0.0,0.0,True,
DELTA_A,"('301.tiff', 'chromatin_od')",delta_precision_at_20,-0.05,-0.050000000000000044,True,
DELTA_A,"('301.tiff', 'chromatin_od')",delta_precision_at_30,-0.0332999999999999,-0.033299999999999996,True,
DELTA_A,"('301.tiff', 'chromatin_od')",delta_precision_at_50,0.0,0.0,True,
DELTA_A,"('301.tiff', 'chromatin_od')",delta_exact_at_10,0.0,0.0,True,
DELTA_A,"('301.tiff', 'chromatin_od')",delta_exact_at_20,-0.05,-0.05,True,
DELTA_A,"('301.tiff', 'chromatin_od')",delta_exact_at_30,-0.0333333333333333,-0.03333333333333333,True,
DELTA_A,"('301.tiff', 'chromatin_od')",delta_exact_at_50,0.0,0.0,True,
DELTA_A,"('301.tiff', 'od_contrast')",precision_at_10_hem,0.7,0.7,True,
DELTA_A,"('301.tiff', 'od_contrast')",precision_at_20_hem,0.8,0.8,True,
DELTA_A,"('301.tiff', 'od_contrast')",precision_at_30_hem,0.8333,0.8333,True,
DELTA_A,"('301.tiff', 'od_contrast')",precision_at_50_hem,0.84,0.84,True,
DELTA_A,"('301.tiff', 'od_contrast')",precision_at_10_gray,0.8,0.8,True,
DELTA_A,"('301.tiff', 'od_contrast')",precision_at_20_gray,0.9,0.9,True,
DELTA_A,"('301.tiff', 'od_contrast')",precision_at_30_gray,0.9,0.9,True,
DELTA_A,"('301.tiff', 'od_contrast')",precision_at_50_gray,0.82,0.82,True,
DELTA_A,"('301.tiff', 'od_contrast')",delta_precision_at_10,-0.1,-0.10000000000000009,True,
DELTA_A,"('301.tiff', 'od_contrast')",delta_precision_at_20,-0.0999999999999999,-0.09999999999999998,True,
DELTA_A,"('301.tiff', 'od_contrast')",delta_precision_at_30,-0.0666999999999999,-0.06669999999999998,True,
DELTA_A,"('301.tiff', 'od_contrast')",delta_precision_at_50,0.02,0.020000000000000018,True,
DELTA_A,"('301.tiff', 'od_contrast')",delta_exact_at_10,-0.1,-0.1,True,
DELTA_A,"('301.tiff', 'od_contrast')",delta_exact_at_20,-0.1,-0.1,True,
DELTA_A,"('301.tiff', 'od_contrast')",delta_exact_at_30,-0.0666666666666666,-0.06666666666666667,True,
DELTA_A,"('301.tiff', 'od_contrast')",delta_exact_at_50,0.02,0.02,True,
DELTA_A,"('201.tiff', 'tm_score')",precision_at_10_hem,0.4,0.4,True,
DELTA_A,"('201.tiff', 'tm_score')",precision_at_20_hem,0.25,0.25,True,
DELTA_A,"('201.tiff', 'tm_score')",precision_at_30_hem,0.1667,0.1667,True,
DELTA_A,"('201.tiff', 'tm_score')",precision_at_50_hem,0.12,0.12,True,
DELTA_A,"('201.tiff', 'tm_score')",precision_at_10_gray,0.3,0.3,True,
DELTA_A,"('201.tiff', 'tm_score')",precision_at_20_gray,0.25,0.25,True,
DELTA_A,"('201.tiff', 'tm_score')",precision_at_30_gray,0.2,0.2,True,
DELTA_A,"('201.tiff', 'tm_score')",precision_at_50_gray,0.22,0.22,True,
DELTA_A,"('201.tiff', 'tm_score')",delta_precision_at_10,0.1,0.10000000000000003,True,
DELTA_A,"('201.tiff', 'tm_score')",delta_precision_at_20,0.0,0.0,True,
DELTA_A,"('201.tiff', 'tm_score')",delta_precision_at_30,-0.0333,-0.033300000000000024,True,
DELTA_A,"('201.tiff', 'tm_score')",delta_precision_at_50,-0.1,-0.1,True,
DELTA_A,"('201.tiff', 'tm_score')",delta_exact_at_10,0.1,0.1,True,
DELTA_A,"('201.tiff', 'tm_score')",delta_exact_at_20,0.0,0.0,True,
DELTA_A,"('201.tiff', 'tm_score')",delta_exact_at_30,-0.0333333333333333,-0.03333333333333333,True,
DELTA_A,"('201.tiff', 'tm_score')",delta_exact_at_50,-0.1,-0.1,True,
DELTA_A,"('201.tiff', 'chromatin_od')",precision_at_10_hem,0.4,0.4,True,
DELTA_A,"('201.tiff', 'chromatin_od')",precision_at_20_hem,0.3,0.3,True,
DELTA_A,"('201.tiff', 'chromatin_od')",precision_at_30_hem,0.2333,0.2333,True,
DELTA_A,"('201.tiff', 'chromatin_od')",precision_at_50_hem,0.14,0.14,True,
DELTA_A,"('201.tiff', 'chromatin_od')",precision_at_10_gray,0.4,0.4,True,
DELTA_A,"('201.tiff', 'chromatin_od')",precision_at_20_gray,0.4,0.4,True,
DELTA_A,"('201.tiff', 'chromatin_od')",precision_at_30_gray,0.3,0.3,True,
DELTA_A,"('201.tiff', 'chromatin_od')",precision_at_50_gray,0.22,0.22,True,
DELTA_A,"('201.tiff', 'chromatin_od')",delta_precision_at_10,0.0,0.0,True,
DELTA_A,"('201.tiff', 'chromatin_od')",delta_precision_at_20,-0.1,-0.10000000000000003,True,
DELTA_A,"('201.tiff', 'chromatin_od')",delta_precision_at_30,-0.0666999999999999,-0.06669999999999998,True,
DELTA_A,"('201.tiff', 'chromatin_od')",delta_precision_at_50,-0.0799999999999999,-0.07999999999999999,True,
DELTA_A,"('201.tiff', 'chromatin_od')",delta_exact_at_10,0.0,0.0,True,
DELTA_A,"('201.tiff', 'chromatin_od')",delta_exact_at_20,-0.1,-0.1,True,
DELTA_A,"('201.tiff', 'chromatin_od')",delta_exact_at_30,-0.0666666666666666,-0.06666666666666667,True,
DELTA_A,"('201.tiff', 'chromatin_od')",delta_exact_at_50,-0.08,-0.08,True,
DELTA_A,"('201.tiff', 'od_contrast')",precision_at_10_hem,0.4,0.4,True,
DELTA_A,"('201.tiff', 'od_contrast')",precision_at_20_hem,0.3,0.3,True,
DELTA_A,"('201.tiff', 'od_contrast')",precision_at_30_hem,0.2,0.2,True,
DELTA_A,"('201.tiff', 'od_contrast')",precision_at_50_hem,0.16,0.16,True,
DELTA_A,"('201.tiff', 'od_contrast')",precision_at_10_gray,0.4,0.4,True,
DELTA_A,"('201.tiff', 'od_contrast')",precision_at_20_gray,0.35,0.35,True,
DELTA_A,"('201.tiff', 'od_contrast')",precision_at_30_gray,0.2667,0.2667,True,
DELTA_A,"('201.tiff', 'od_contrast')",precision_at_50_gray,0.22,0.22,True,
DELTA_A,"('201.tiff', 'od_contrast')",delta_precision_at_10,0.0,0.0,True,
DELTA_A,"('201.tiff', 'od_contrast')",delta_precision_at_20,-0.0499999999999999,-0.04999999999999999,True,
DELTA_A,"('201.tiff', 'od_contrast')",delta_precision_at_30,-0.0666999999999999,-0.06669999999999998,True,
DELTA_A,"('201.tiff', 'od_contrast')",delta_precision_at_50,-0.06,-0.06,True,
DELTA_A,"('201.tiff', 'od_contrast')",delta_exact_at_10,0.0,0.0,True,
DELTA_A,"('201.tiff', 'od_contrast')",delta_exact_at_20,-0.05,-0.05,True,
DELTA_A,"('201.tiff', 'od_contrast')",delta_exact_at_30,-0.0666666666666666,-0.06666666666666667,True,
DELTA_A,"('201.tiff', 'od_contrast')",delta_exact_at_50,-0.06,-0.06,True,
DELTA_A,"('233.tiff', 'tm_score')",precision_at_10_hem,0.4,0.4,True,
DELTA_A,"('233.tiff', 'tm_score')",precision_at_20_hem,0.3,0.3,True,
DELTA_A,"('233.tiff', 'tm_score')",precision_at_30_hem,0.2333,0.2333,True,
DELTA_A,"('233.tiff', 'tm_score')",precision_at_50_hem,0.14,0.14,True,
DELTA_A,"('233.tiff', 'tm_score')",precision_at_10_gray,0.3,0.3,True,
DELTA_A,"('233.tiff', 'tm_score')",precision_at_20_gray,0.25,0.25,True,
DELTA_A,"('233.tiff', 'tm_score')",precision_at_30_gray,0.2667,0.2667,True,
DELTA_A,"('233.tiff', 'tm_score')",precision_at_50_gray,0.16,0.16,True,
DELTA_A,"('233.tiff', 'tm_score')",delta_precision_at_10,0.1,0.10000000000000003,True,
DELTA_A,"('233.tiff', 'tm_score')",delta_precision_at_20,0.0499999999999999,0.04999999999999999,True,
DELTA_A,"('233.tiff', 'tm_score')",delta_precision_at_30,-0.0333999999999999,-0.033399999999999985,True,
DELTA_A,"('233.tiff', 'tm_score')",delta_precision_at_50,-0.0199999999999999,-0.01999999999999999,True,
DELTA_A,"('233.tiff', 'tm_score')",delta_exact_at_10,0.1,0.1,True,
DELTA_A,"('233.tiff', 'tm_score')",delta_exact_at_20,0.05,0.05,True,
DELTA_A,"('233.tiff', 'tm_score')",delta_exact_at_30,-0.0333333333333333,-0.03333333333333333,True,
DELTA_A,"('233.tiff', 'tm_score')",delta_exact_at_50,-0.02,-0.02,True,
DELTA_A,"('233.tiff', 'chromatin_od')",precision_at_10_hem,0.6,0.6,True,
DELTA_A,"('233.tiff', 'chromatin_od')",precision_at_20_hem,0.35,0.35,True,
DELTA_A,"('233.tiff', 'chromatin_od')",precision_at_30_hem,0.3,0.3,True,
DELTA_A,"('233.tiff', 'chromatin_od')",precision_at_50_hem,0.18,0.18,True,
DELTA_A,"('233.tiff', 'chromatin_od')",precision_at_10_gray,0.7,0.7,True,
DELTA_A,"('233.tiff', 'chromatin_od')",precision_at_20_gray,0.4,0.4,True,
DELTA_A,"('233.tiff', 'chromatin_od')",precision_at_30_gray,0.3333,0.3333,True,
DELTA_A,"('233.tiff', 'chromatin_od')",precision_at_50_gray,0.2,0.2,True,
DELTA_A,"('233.tiff', 'chromatin_od')",delta_precision_at_10,-0.0999999999999999,-0.09999999999999998,True,
DELTA_A,"('233.tiff', 'chromatin_od')",delta_precision_at_20,-0.05,-0.050000000000000044,True,
DELTA_A,"('233.tiff', 'chromatin_od')",delta_precision_at_30,-0.0332999999999999,-0.033299999999999996,True,
DELTA_A,"('233.tiff', 'chromatin_od')",delta_precision_at_50,-0.02,-0.020000000000000018,True,
DELTA_A,"('233.tiff', 'chromatin_od')",delta_exact_at_10,-0.1,-0.1,True,
DELTA_A,"('233.tiff', 'chromatin_od')",delta_exact_at_20,-0.05,-0.05,True,
DELTA_A,"('233.tiff', 'chromatin_od')",delta_exact_at_30,-0.0333333333333333,-0.03333333333333333,True,
DELTA_A,"('233.tiff', 'chromatin_od')",delta_exact_at_50,-0.02,-0.02,True,
DELTA_A,"('233.tiff', 'od_contrast')",precision_at_10_hem,0.7,0.7,True,
DELTA_A,"('233.tiff', 'od_contrast')",precision_at_20_hem,0.35,0.35,True,
DELTA_A,"('233.tiff', 'od_contrast')",precision_at_30_hem,0.3,0.3,True,
DELTA_A,"('233.tiff', 'od_contrast')",precision_at_50_hem,0.2,0.2,True,
DELTA_A,"('233.tiff', 'od_contrast')",precision_at_10_gray,0.8,0.8,True,
DELTA_A,"('233.tiff', 'od_contrast')",precision_at_20_gray,0.4,0.4,True,
DELTA_A,"('233.tiff', 'od_contrast')",precision_at_30_gray,0.3333,0.3333,True,
DELTA_A,"('233.tiff', 'od_contrast')",precision_at_50_gray,0.2,0.2,True,
DELTA_A,"('233.tiff', 'od_contrast')",delta_precision_at_10,-0.1,-0.10000000000000009,True,
DELTA_A,"('233.tiff', 'od_contrast')",delta_precision_at_20,-0.05,-0.050000000000000044,True,
DELTA_A,"('233.tiff', 'od_contrast')",delta_precision_at_30,-0.0332999999999999,-0.033299999999999996,True,
DELTA_A,"('233.tiff', 'od_contrast')",delta_precision_at_50,0.0,0.0,True,
DELTA_A,"('233.tiff', 'od_contrast')",delta_exact_at_10,-0.1,-0.1,True,
DELTA_A,"('233.tiff', 'od_contrast')",delta_exact_at_20,-0.05,-0.05,True,
DELTA_A,"('233.tiff', 'od_contrast')",delta_exact_at_30,-0.0333333333333333,-0.03333333333333333,True,
DELTA_A,"('233.tiff', 'od_contrast')",delta_exact_at_50,0.0,0.0,True,
DELTA_A,"('245.tiff', 'tm_score')",precision_at_10_hem,0.3,0.3,True,
DELTA_A,"('245.tiff', 'tm_score')",precision_at_20_hem,0.35,0.35,True,
DELTA_A,"('245.tiff', 'tm_score')",precision_at_30_hem,0.3,0.3,True,
DELTA_A,"('245.tiff', 'tm_score')",precision_at_50_hem,0.24,0.24,True,
DELTA_A,"('245.tiff', 'tm_score')",precision_at_10_gray,0.1,0.1,True,
DELTA_A,"('245.tiff', 'tm_score')",precision_at_20_gray,0.1,0.1,True,
DELTA_A,"('245.tiff', 'tm_score')",precision_at_30_gray,0.1,0.1,True,
DELTA_A,"('245.tiff', 'tm_score')",precision_at_50_gray,0.12,0.12,True,
DELTA_A,"('245.tiff', 'tm_score')",delta_precision_at_10,0.1999999999999999,0.19999999999999998,True,
DELTA_A,"('245.tiff', 'tm_score')",delta_precision_at_20,0.2499999999999999,0.24999999999999997,True,
DELTA_A,"('245.tiff', 'tm_score')",delta_precision_at_30,0.1999999999999999,0.19999999999999998,True,
DELTA_A,"('245.tiff', 'tm_score')",delta_precision_at_50,0.12,0.12,True,
DELTA_A,"('245.tiff', 'tm_score')",delta_exact_at_10,0.2,0.2,True,
DELTA_A,"('245.tiff', 'tm_score')",delta_exact_at_20,0.25,0.25,True,
DELTA_A,"('245.tiff', 'tm_score')",delta_exact_at_30,0.2,0.2,True,
DELTA_A,"('245.tiff', 'tm_score')",delta_exact_at_50,0.12,0.12,True,
DELTA_A,"('245.tiff', 'chromatin_od')",precision_at_10_hem,0.1,0.1,True,
DELTA_A,"('245.tiff', 'chromatin_od')",precision_at_20_hem,0.1,0.1,True,
DELTA_A,"('245.tiff', 'chromatin_od')",precision_at_30_hem,0.1667,0.1667,True,
DELTA_A,"('245.tiff', 'chromatin_od')",precision_at_50_hem,0.24,0.24,True,
DELTA_A,"('245.tiff', 'chromatin_od')",precision_at_10_gray,0.1,0.1,True,
DELTA_A,"('245.tiff', 'chromatin_od')",precision_at_20_gray,0.2,0.2,True,
DELTA_A,"('245.tiff', 'chromatin_od')",precision_at_30_gray,0.2333,0.2333,True,
DELTA_A,"('245.tiff', 'chromatin_od')",precision_at_50_gray,0.16,0.16,True,
DELTA_A,"('245.tiff', 'chromatin_od')",delta_precision_at_10,0.0,0.0,True,
DELTA_A,"('245.tiff', 'chromatin_od')",delta_precision_at_20,-0.1,-0.1,True,
DELTA_A,"('245.tiff', 'chromatin_od')",delta_precision_at_30,-0.0666,-0.06660000000000002,True,
DELTA_A,"('245.tiff', 'chromatin_od')",delta_precision_at_50,0.0799999999999999,0.07999999999999999,True,
DELTA_A,"('245.tiff', 'chromatin_od')",delta_exact_at_10,0.0,0.0,True,
DELTA_A,"('245.tiff', 'chromatin_od')",delta_exact_at_20,-0.1,-0.1,True,
DELTA_A,"('245.tiff', 'chromatin_od')",delta_exact_at_30,-0.0666666666666666,-0.06666666666666667,True,
DELTA_A,"('245.tiff', 'chromatin_od')",delta_exact_at_50,0.08,0.08,True,
DELTA_A,"('245.tiff', 'od_contrast')",precision_at_10_hem,0.1,0.1,True,
DELTA_A,"('245.tiff', 'od_contrast')",precision_at_20_hem,0.1,0.1,True,
DELTA_A,"('245.tiff', 'od_contrast')",precision_at_30_hem,0.1333,0.1333,True,
DELTA_A,"('245.tiff', 'od_contrast')",precision_at_50_hem,0.24,0.24,True,
DELTA_A,"('245.tiff', 'od_contrast')",precision_at_10_gray,0.1,0.1,True,
DELTA_A,"('245.tiff', 'od_contrast')",precision_at_20_gray,0.25,0.25,True,
DELTA_A,"('245.tiff', 'od_contrast')",precision_at_30_gray,0.2,0.2,True,
DELTA_A,"('245.tiff', 'od_contrast')",precision_at_50_gray,0.16,0.16,True,
DELTA_A,"('245.tiff', 'od_contrast')",delta_precision_at_10,0.0,0.0,True,
DELTA_A,"('245.tiff', 'od_contrast')",delta_precision_at_20,-0.15,-0.15,True,
DELTA_A,"('245.tiff', 'od_contrast')",delta_precision_at_30,-0.0667,-0.06670000000000001,True,
DELTA_A,"('245.tiff', 'od_contrast')",delta_precision_at_50,0.0799999999999999,0.07999999999999999,True,
DELTA_A,"('245.tiff', 'od_contrast')",delta_exact_at_10,0.0,0.0,True,
DELTA_A,"('245.tiff', 'od_contrast')",delta_exact_at_20,-0.15,-0.15,True,
DELTA_A,"('245.tiff', 'od_contrast')",delta_exact_at_30,-0.0666666666666666,-0.06666666666666667,True,
DELTA_A,"('245.tiff', 'od_contrast')",delta_exact_at_50,0.08,0.08,True,
DELTA_A,"('246.tiff', 'tm_score')",precision_at_10_hem,0.8,0.8,True,
DELTA_A,"('246.tiff', 'tm_score')",precision_at_20_hem,0.7,0.7,True,
DELTA_A,"('246.tiff', 'tm_score')",precision_at_30_hem,0.5333,0.5333,True,
DELTA_A,"('246.tiff', 'tm_score')",precision_at_50_hem,0.44,0.44,True,
DELTA_A,"('246.tiff', 'tm_score')",precision_at_10_gray,1.0,1.0,True,
DELTA_A,"('246.tiff', 'tm_score')",precision_at_20_gray,0.9,0.9,True,
DELTA_A,"('246.tiff', 'tm_score')",precision_at_30_gray,0.8,0.8,True,
DELTA_A,"('246.tiff', 'tm_score')",precision_at_50_gray,0.62,0.62,True,
DELTA_A,"('246.tiff', 'tm_score')",delta_precision_at_10,-0.1999999999999999,-0.19999999999999996,True,
DELTA_A,"('246.tiff', 'tm_score')",delta_precision_at_20,-0.2,-0.20000000000000007,True,
DELTA_A,"('246.tiff', 'tm_score')",delta_precision_at_30,-0.2667,-0.26670000000000005,True,
DELTA_A,"('246.tiff', 'tm_score')",delta_precision_at_50,-0.18,-0.18,True,
DELTA_A,"('246.tiff', 'tm_score')",delta_exact_at_10,-0.2,-0.2,True,
DELTA_A,"('246.tiff', 'tm_score')",delta_exact_at_20,-0.2,-0.2,True,
DELTA_A,"('246.tiff', 'tm_score')",delta_exact_at_30,-0.2666666666666666,-0.26666666666666666,True,
DELTA_A,"('246.tiff', 'tm_score')",delta_exact_at_50,-0.18,-0.18,True,
DELTA_A,"('246.tiff', 'chromatin_od')",precision_at_10_hem,1.0,1.0,True,
DELTA_A,"('246.tiff', 'chromatin_od')",precision_at_20_hem,0.8,0.8,True,
DELTA_A,"('246.tiff', 'chromatin_od')",precision_at_30_hem,0.7333,0.7333,True,
DELTA_A,"('246.tiff', 'chromatin_od')",precision_at_50_hem,0.58,0.58,True,
DELTA_A,"('246.tiff', 'chromatin_od')",precision_at_10_gray,1.0,1.0,True,
DELTA_A,"('246.tiff', 'chromatin_od')",precision_at_20_gray,0.7,0.7,True,
DELTA_A,"('246.tiff', 'chromatin_od')",precision_at_30_gray,0.7,0.7,True,
DELTA_A,"('246.tiff', 'chromatin_od')",precision_at_50_gray,0.66,0.66,True,
DELTA_A,"('246.tiff', 'chromatin_od')",delta_precision_at_10,0.0,0.0,True,
DELTA_A,"('246.tiff', 'chromatin_od')",delta_precision_at_20,0.1,0.10000000000000009,True,
DELTA_A,"('246.tiff', 'chromatin_od')",delta_precision_at_30,0.0332999999999999,0.033299999999999996,True,
DELTA_A,"('246.tiff', 'chromatin_od')",delta_precision_at_50,-0.08,-0.08000000000000007,True,
DELTA_A,"('246.tiff', 'chromatin_od')",delta_exact_at_10,0.0,0.0,True,
DELTA_A,"('246.tiff', 'chromatin_od')",delta_exact_at_20,0.1,0.1,True,
DELTA_A,"('246.tiff', 'chromatin_od')",delta_exact_at_30,0.0333333333333333,0.03333333333333333,True,
DELTA_A,"('246.tiff', 'chromatin_od')",delta_exact_at_50,-0.08,-0.08,True,
DELTA_A,"('246.tiff', 'od_contrast')",precision_at_10_hem,1.0,1.0,True,
DELTA_A,"('246.tiff', 'od_contrast')",precision_at_20_hem,0.85,0.85,True,
DELTA_A,"('246.tiff', 'od_contrast')",precision_at_30_hem,0.6667,0.6667,True,
DELTA_A,"('246.tiff', 'od_contrast')",precision_at_50_hem,0.56,0.56,True,
DELTA_A,"('246.tiff', 'od_contrast')",precision_at_10_gray,1.0,1.0,True,
DELTA_A,"('246.tiff', 'od_contrast')",precision_at_20_gray,0.75,0.75,True,
DELTA_A,"('246.tiff', 'od_contrast')",precision_at_30_gray,0.7,0.7,True,
DELTA_A,"('246.tiff', 'od_contrast')",precision_at_50_gray,0.68,0.68,True,
DELTA_A,"('246.tiff', 'od_contrast')",delta_precision_at_10,0.0,0.0,True,
DELTA_A,"('246.tiff', 'od_contrast')",delta_precision_at_20,0.0999999999999999,0.09999999999999998,True,
DELTA_A,"('246.tiff', 'od_contrast')",delta_precision_at_30,-0.0332999999999999,-0.033299999999999996,True,
DELTA_A,"('246.tiff', 'od_contrast')",delta_precision_at_50,-0.12,-0.12,True,
DELTA_A,"('246.tiff', 'od_contrast')",delta_exact_at_10,0.0,0.0,True,
DELTA_A,"('246.tiff', 'od_contrast')",delta_exact_at_20,0.1,0.1,True,
DELTA_A,"('246.tiff', 'od_contrast')",delta_exact_at_30,-0.0333333333333333,-0.03333333333333333,True,
DELTA_A,"('246.tiff', 'od_contrast')",delta_exact_at_50,-0.12,-0.12,True,
DELTA_A,"('459.tiff', 'tm_score')",precision_at_10_hem,0.4,0.4,True,
DELTA_A,"('459.tiff', 'tm_score')",precision_at_20_hem,0.45,0.45,True,
DELTA_A,"('459.tiff', 'tm_score')",precision_at_30_hem,0.5,0.5,True,
DELTA_A,"('459.tiff', 'tm_score')",precision_at_50_hem,0.46,0.46,True,
DELTA_A,"('459.tiff', 'tm_score')",precision_at_10_gray,0.6,0.6,True,
DELTA_A,"('459.tiff', 'tm_score')",precision_at_20_gray,0.55,0.55,True,
DELTA_A,"('459.tiff', 'tm_score')",precision_at_30_gray,0.6333,0.6333,True,
DELTA_A,"('459.tiff', 'tm_score')",precision_at_50_gray,0.52,0.52,True,
DELTA_A,"('459.tiff', 'tm_score')",delta_precision_at_10,-0.1999999999999999,-0.19999999999999996,True,
DELTA_A,"('459.tiff', 'tm_score')",delta_precision_at_20,-0.1,-0.10000000000000003,True,
DELTA_A,"('459.tiff', 'tm_score')",delta_precision_at_30,-0.1332999999999999,-0.13329999999999997,True,
DELTA_A,"('459.tiff', 'tm_score')",delta_precision_at_50,-0.06,-0.06,True,
DELTA_A,"('459.tiff', 'tm_score')",delta_exact_at_10,-0.2,-0.2,True,
DELTA_A,"('459.tiff', 'tm_score')",delta_exact_at_20,-0.1,-0.1,True,
DELTA_A,"('459.tiff', 'tm_score')",delta_exact_at_30,-0.1333333333333333,-0.13333333333333333,True,
DELTA_A,"('459.tiff', 'tm_score')",delta_exact_at_50,-0.06,-0.06,True,
DELTA_A,"('459.tiff', 'chromatin_od')",precision_at_10_hem,0.9,0.9,True,
DELTA_A,"('459.tiff', 'chromatin_od')",precision_at_20_hem,0.85,0.85,True,
DELTA_A,"('459.tiff', 'chromatin_od')",precision_at_30_hem,0.8333,0.8333,True,
DELTA_A,"('459.tiff', 'chromatin_od')",precision_at_50_hem,0.62,0.62,True,
DELTA_A,"('459.tiff', 'chromatin_od')",precision_at_10_gray,0.9,0.9,True,
DELTA_A,"('459.tiff', 'chromatin_od')",precision_at_20_gray,0.85,0.85,True,
DELTA_A,"('459.tiff', 'chromatin_od')",precision_at_30_gray,0.8333,0.8333,True,
DELTA_A,"('459.tiff', 'chromatin_od')",precision_at_50_gray,0.7,0.7,True,
DELTA_A,"('459.tiff', 'chromatin_od')",delta_precision_at_10,0.0,0.0,True,
DELTA_A,"('459.tiff', 'chromatin_od')",delta_precision_at_20,0.0,0.0,True,
DELTA_A,"('459.tiff', 'chromatin_od')",delta_precision_at_30,0.0,0.0,True,
DELTA_A,"('459.tiff', 'chromatin_od')",delta_precision_at_50,-0.0799999999999999,-0.07999999999999996,True,
DELTA_A,"('459.tiff', 'chromatin_od')",delta_exact_at_10,0.0,0.0,True,
DELTA_A,"('459.tiff', 'chromatin_od')",delta_exact_at_20,0.0,0.0,True,
DELTA_A,"('459.tiff', 'chromatin_od')",delta_exact_at_30,0.0,0.0,True,
DELTA_A,"('459.tiff', 'chromatin_od')",delta_exact_at_50,-0.08,-0.08,True,
DELTA_A,"('459.tiff', 'od_contrast')",precision_at_10_hem,0.7,0.7,True,
DELTA_A,"('459.tiff', 'od_contrast')",precision_at_20_hem,0.75,0.75,True,
DELTA_A,"('459.tiff', 'od_contrast')",precision_at_30_hem,0.7,0.7,True,
DELTA_A,"('459.tiff', 'od_contrast')",precision_at_50_hem,0.62,0.62,True,
DELTA_A,"('459.tiff', 'od_contrast')",precision_at_10_gray,0.7,0.7,True,
DELTA_A,"('459.tiff', 'od_contrast')",precision_at_20_gray,0.75,0.75,True,
DELTA_A,"('459.tiff', 'od_contrast')",precision_at_30_gray,0.6667,0.6667,True,
DELTA_A,"('459.tiff', 'od_contrast')",precision_at_50_gray,0.68,0.68,True,
DELTA_A,"('459.tiff', 'od_contrast')",delta_precision_at_10,0.0,0.0,True,
DELTA_A,"('459.tiff', 'od_contrast')",delta_precision_at_20,0.0,0.0,True,
DELTA_A,"('459.tiff', 'od_contrast')",delta_precision_at_30,0.0332999999999999,0.033299999999999996,True,
DELTA_A,"('459.tiff', 'od_contrast')",delta_precision_at_50,-0.06,-0.06000000000000005,True,
DELTA_A,"('459.tiff', 'od_contrast')",delta_exact_at_10,0.0,0.0,True,
DELTA_A,"('459.tiff', 'od_contrast')",delta_exact_at_20,0.0,0.0,True,
DELTA_A,"('459.tiff', 'od_contrast')",delta_exact_at_30,0.0333333333333333,0.03333333333333333,True,
DELTA_A,"('459.tiff', 'od_contrast')",delta_exact_at_50,-0.06,-0.06,True,
DELTA_A,"('460.tiff', 'tm_score')",precision_at_10_hem,0.7,0.7,True,
DELTA_A,"('460.tiff', 'tm_score')",precision_at_20_hem,0.45,0.45,True,
DELTA_A,"('460.tiff', 'tm_score')",precision_at_30_hem,0.3667,0.3667,True,
DELTA_A,"('460.tiff', 'tm_score')",precision_at_50_hem,0.26,0.26,True,
DELTA_A,"('460.tiff', 'tm_score')",precision_at_10_gray,0.7,0.7,True,
DELTA_A,"('460.tiff', 'tm_score')",precision_at_20_gray,0.5,0.5,True,
DELTA_A,"('460.tiff', 'tm_score')",precision_at_30_gray,0.4,0.4,True,
DELTA_A,"('460.tiff', 'tm_score')",precision_at_50_gray,0.3,0.3,True,
DELTA_A,"('460.tiff', 'tm_score')",delta_precision_at_10,0.0,0.0,True,
DELTA_A,"('460.tiff', 'tm_score')",delta_precision_at_20,-0.0499999999999999,-0.04999999999999999,True,
DELTA_A,"('460.tiff', 'tm_score')",delta_precision_at_30,-0.0332999999999999,-0.033299999999999996,True,
DELTA_A,"('460.tiff', 'tm_score')",delta_precision_at_50,-0.0399999999999999,-0.03999999999999998,True,
DELTA_A,"('460.tiff', 'tm_score')",delta_exact_at_10,0.0,0.0,True,
DELTA_A,"('460.tiff', 'tm_score')",delta_exact_at_20,-0.05,-0.05,True,
DELTA_A,"('460.tiff', 'tm_score')",delta_exact_at_30,-0.0333333333333333,-0.03333333333333333,True,
DELTA_A,"('460.tiff', 'tm_score')",delta_exact_at_50,-0.04,-0.04,True,
DELTA_A,"('460.tiff', 'chromatin_od')",precision_at_10_hem,0.7,0.7,True,
DELTA_A,"('460.tiff', 'chromatin_od')",precision_at_20_hem,0.7,0.7,True,
DELTA_A,"('460.tiff', 'chromatin_od')",precision_at_30_hem,0.5,0.5,True,
DELTA_A,"('460.tiff', 'chromatin_od')",precision_at_50_hem,0.32,0.32,True,
DELTA_A,"('460.tiff', 'chromatin_od')",precision_at_10_gray,0.7,0.7,True,
DELTA_A,"('460.tiff', 'chromatin_od')",precision_at_20_gray,0.8,0.8,True,
DELTA_A,"('460.tiff', 'chromatin_od')",precision_at_30_gray,0.5667,0.5667,True,
DELTA_A,"('460.tiff', 'chromatin_od')",precision_at_50_gray,0.4,0.4,True,
DELTA_A,"('460.tiff', 'chromatin_od')",delta_precision_at_10,0.0,0.0,True,
DELTA_A,"('460.tiff', 'chromatin_od')",delta_precision_at_20,-0.1,-0.10000000000000009,True,
DELTA_A,"('460.tiff', 'chromatin_od')",delta_precision_at_30,-0.0666999999999999,-0.06669999999999998,True,
DELTA_A,"('460.tiff', 'chromatin_od')",delta_precision_at_50,-0.08,-0.08000000000000002,True,
DELTA_A,"('460.tiff', 'chromatin_od')",delta_exact_at_10,0.0,0.0,True,
DELTA_A,"('460.tiff', 'chromatin_od')",delta_exact_at_20,-0.1,-0.1,True,
DELTA_A,"('460.tiff', 'chromatin_od')",delta_exact_at_30,-0.0666666666666666,-0.06666666666666667,True,
DELTA_A,"('460.tiff', 'chromatin_od')",delta_exact_at_50,-0.08,-0.08,True,
DELTA_A,"('460.tiff', 'od_contrast')",precision_at_10_hem,0.8,0.8,True,
DELTA_A,"('460.tiff', 'od_contrast')",precision_at_20_hem,0.55,0.55,True,
DELTA_A,"('460.tiff', 'od_contrast')",precision_at_30_hem,0.4667,0.4667,True,
DELTA_A,"('460.tiff', 'od_contrast')",precision_at_50_hem,0.32,0.32,True,
DELTA_A,"('460.tiff', 'od_contrast')",precision_at_10_gray,1.0,1.0,True,
DELTA_A,"('460.tiff', 'od_contrast')",precision_at_20_gray,0.65,0.65,True,
DELTA_A,"('460.tiff', 'od_contrast')",precision_at_30_gray,0.5667,0.5667,True,
DELTA_A,"('460.tiff', 'od_contrast')",precision_at_50_gray,0.38,0.38,True,
DELTA_A,"('460.tiff', 'od_contrast')",delta_precision_at_10,-0.1999999999999999,-0.19999999999999996,True,
DELTA_A,"('460.tiff', 'od_contrast')",delta_precision_at_20,-0.0999999999999999,-0.09999999999999998,True,
DELTA_A,"('460.tiff', 'od_contrast')",delta_precision_at_30,-0.0999999999999999,-0.09999999999999998,True,
DELTA_A,"('460.tiff', 'od_contrast')",delta_precision_at_50,-0.06,-0.06,True,
DELTA_A,"('460.tiff', 'od_contrast')",delta_exact_at_10,-0.2,-0.2,True,
DELTA_A,"('460.tiff', 'od_contrast')",delta_exact_at_20,-0.1,-0.1,True,
DELTA_A,"('460.tiff', 'od_contrast')",delta_exact_at_30,-0.1,-0.1,True,
DELTA_A,"('460.tiff', 'od_contrast')",delta_exact_at_50,-0.06,-0.06,True,
DELTA_A,"('013.tiff', 'tm_score')",precision_at_10_hem,0.6,0.6,True,
DELTA_A,"('013.tiff', 'tm_score')",precision_at_20_hem,0.3,0.3,True,
DELTA_A,"('013.tiff', 'tm_score')",precision_at_30_hem,0.2333,0.2333,True,
DELTA_A,"('013.tiff', 'tm_score')",precision_at_50_hem,0.14,0.14,True,
DELTA_A,"('013.tiff', 'tm_score')",precision_at_10_gray,0.6,0.6,True,
DELTA_A,"('013.tiff', 'tm_score')",precision_at_20_gray,0.3,0.3,True,
DELTA_A,"('013.tiff', 'tm_score')",precision_at_30_gray,0.2333,0.2333,True,
DELTA_A,"('013.tiff', 'tm_score')",precision_at_50_gray,0.14,0.14,True,
DELTA_A,"('013.tiff', 'tm_score')",delta_precision_at_10,0.0,0.0,True,
DELTA_A,"('013.tiff', 'tm_score')",delta_precision_at_20,0.0,0.0,True,
DELTA_A,"('013.tiff', 'tm_score')",delta_precision_at_30,0.0,0.0,True,
DELTA_A,"('013.tiff', 'tm_score')",delta_precision_at_50,0.0,0.0,True,
DELTA_A,"('013.tiff', 'tm_score')",delta_exact_at_10,0.0,0.0,True,
DELTA_A,"('013.tiff', 'tm_score')",delta_exact_at_20,0.0,0.0,True,
DELTA_A,"('013.tiff', 'tm_score')",delta_exact_at_30,0.0,0.0,True,
DELTA_A,"('013.tiff', 'tm_score')",delta_exact_at_50,0.0,0.0,True,
DELTA_A,"('013.tiff', 'chromatin_od')",precision_at_10_hem,0.6,0.6,True,
DELTA_A,"('013.tiff', 'chromatin_od')",precision_at_20_hem,0.45,0.45,True,
DELTA_A,"('013.tiff', 'chromatin_od')",precision_at_30_hem,0.3333,0.3333,True,
DELTA_A,"('013.tiff', 'chromatin_od')",precision_at_50_hem,0.2,0.2,True,
DELTA_A,"('013.tiff', 'chromatin_od')",precision_at_10_gray,0.6,0.6,True,
DELTA_A,"('013.tiff', 'chromatin_od')",precision_at_20_gray,0.4,0.4,True,
DELTA_A,"('013.tiff', 'chromatin_od')",precision_at_30_gray,0.3,0.3,True,
DELTA_A,"('013.tiff', 'chromatin_od')",precision_at_50_gray,0.18,0.18,True,
DELTA_A,"('013.tiff', 'chromatin_od')",delta_precision_at_10,0.0,0.0,True,
DELTA_A,"('013.tiff', 'chromatin_od')",delta_precision_at_20,0.0499999999999999,0.04999999999999999,True,
DELTA_A,"('013.tiff', 'chromatin_od')",delta_precision_at_30,0.0332999999999999,0.033299999999999996,True,
DELTA_A,"('013.tiff', 'chromatin_od')",delta_precision_at_50,0.02,0.020000000000000018,True,
DELTA_A,"('013.tiff', 'chromatin_od')",delta_exact_at_10,0.0,0.0,True,
DELTA_A,"('013.tiff', 'chromatin_od')",delta_exact_at_20,0.05,0.05,True,
DELTA_A,"('013.tiff', 'chromatin_od')",delta_exact_at_30,0.0333333333333333,0.03333333333333333,True,
DELTA_A,"('013.tiff', 'chromatin_od')",delta_exact_at_50,0.02,0.02,True,
DELTA_A,"('013.tiff', 'od_contrast')",precision_at_10_hem,0.5,0.5,True,
DELTA_A,"('013.tiff', 'od_contrast')",precision_at_20_hem,0.45,0.45,True,
DELTA_A,"('013.tiff', 'od_contrast')",precision_at_30_hem,0.3,0.3,True,
DELTA_A,"('013.tiff', 'od_contrast')",precision_at_50_hem,0.2,0.2,True,
DELTA_A,"('013.tiff', 'od_contrast')",precision_at_10_gray,0.5,0.5,True,
DELTA_A,"('013.tiff', 'od_contrast')",precision_at_20_gray,0.4,0.4,True,
DELTA_A,"('013.tiff', 'od_contrast')",precision_at_30_gray,0.2667,0.2667,True,
DELTA_A,"('013.tiff', 'od_contrast')",precision_at_50_gray,0.18,0.18,True,
DELTA_A,"('013.tiff', 'od_contrast')",delta_precision_at_10,0.0,0.0,True,
DELTA_A,"('013.tiff', 'od_contrast')",delta_precision_at_20,0.0499999999999999,0.04999999999999999,True,
DELTA_A,"('013.tiff', 'od_contrast')",delta_precision_at_30,0.0332999999999999,0.033299999999999996,True,
DELTA_A,"('013.tiff', 'od_contrast')",delta_precision_at_50,0.02,0.020000000000000018,True,
DELTA_A,"('013.tiff', 'od_contrast')",delta_exact_at_10,0.0,0.0,True,
DELTA_A,"('013.tiff', 'od_contrast')",delta_exact_at_20,0.05,0.05,True,
DELTA_A,"('013.tiff', 'od_contrast')",delta_exact_at_30,0.0333333333333333,0.03333333333333333,True,
DELTA_A,"('013.tiff', 'od_contrast')",delta_exact_at_50,0.02,0.02,True,
DELTA_A,"('094.tiff', 'tm_score')",precision_at_10_hem,0.5,0.5,True,
DELTA_A,"('094.tiff', 'tm_score')",precision_at_20_hem,0.45,0.45,True,
DELTA_A,"('094.tiff', 'tm_score')",precision_at_30_hem,0.5,0.5,True,
DELTA_A,"('094.tiff', 'tm_score')",precision_at_50_hem,0.42,0.42,True,
DELTA_A,"('094.tiff', 'tm_score')",precision_at_10_gray,0.4,0.4,True,
DELTA_A,"('094.tiff', 'tm_score')",precision_at_20_gray,0.5,0.5,True,
DELTA_A,"('094.tiff', 'tm_score')",precision_at_30_gray,0.5333,0.5333,True,
DELTA_A,"('094.tiff', 'tm_score')",precision_at_50_gray,0.44,0.44,True,
DELTA_A,"('094.tiff', 'tm_score')",delta_precision_at_10,0.0999999999999999,0.09999999999999998,True,
DELTA_A,"('094.tiff', 'tm_score')",delta_precision_at_20,-0.0499999999999999,-0.04999999999999999,True,
DELTA_A,"('094.tiff', 'tm_score')",delta_precision_at_30,-0.0332999999999999,-0.033299999999999996,True,
DELTA_A,"('094.tiff', 'tm_score')",delta_precision_at_50,-0.02,-0.020000000000000018,True,
DELTA_A,"('094.tiff', 'tm_score')",delta_exact_at_10,0.1,0.1,True,
DELTA_A,"('094.tiff', 'tm_score')",delta_exact_at_20,-0.05,-0.05,True,
DELTA_A,"('094.tiff', 'tm_score')",delta_exact_at_30,-0.0333333333333333,-0.03333333333333333,True,
DELTA_A,"('094.tiff', 'tm_score')",delta_exact_at_50,-0.02,-0.02,True,
DELTA_A,"('094.tiff', 'chromatin_od')",precision_at_10_hem,0.5,0.5,True,
DELTA_A,"('094.tiff', 'chromatin_od')",precision_at_20_hem,0.7,0.7,True,
DELTA_A,"('094.tiff', 'chromatin_od')",precision_at_30_hem,0.6667,0.6667,True,
DELTA_A,"('094.tiff', 'chromatin_od')",precision_at_50_hem,0.48,0.48,True,
DELTA_A,"('094.tiff', 'chromatin_od')",precision_at_10_gray,0.5,0.5,True,
DELTA_A,"('094.tiff', 'chromatin_od')",precision_at_20_gray,0.75,0.75,True,
DELTA_A,"('094.tiff', 'chromatin_od')",precision_at_30_gray,0.7333,0.7333,True,
DELTA_A,"('094.tiff', 'chromatin_od')",precision_at_50_gray,0.54,0.54,True,
DELTA_A,"('094.tiff', 'chromatin_od')",delta_precision_at_10,0.0,0.0,True,
DELTA_A,"('094.tiff', 'chromatin_od')",delta_precision_at_20,-0.05,-0.050000000000000044,True,
DELTA_A,"('094.tiff', 'chromatin_od')",delta_precision_at_30,-0.0665999999999999,-0.06659999999999999,True,
DELTA_A,"('094.tiff', 'chromatin_od')",delta_precision_at_50,-0.06,-0.06000000000000005,True,
DELTA_A,"('094.tiff', 'chromatin_od')",delta_exact_at_10,0.0,0.0,True,
DELTA_A,"('094.tiff', 'chromatin_od')",delta_exact_at_20,-0.05,-0.05,True,
DELTA_A,"('094.tiff', 'chromatin_od')",delta_exact_at_30,-0.0666666666666666,-0.06666666666666667,True,
DELTA_A,"('094.tiff', 'chromatin_od')",delta_exact_at_50,-0.06,-0.06,True,
DELTA_A,"('094.tiff', 'od_contrast')",precision_at_10_hem,0.6,0.6,True,
DELTA_A,"('094.tiff', 'od_contrast')",precision_at_20_hem,0.75,0.75,True,
DELTA_A,"('094.tiff', 'od_contrast')",precision_at_30_hem,0.6333,0.6333,True,
DELTA_A,"('094.tiff', 'od_contrast')",precision_at_50_hem,0.44,0.44,True,
DELTA_A,"('094.tiff', 'od_contrast')",precision_at_10_gray,0.5,0.5,True,
DELTA_A,"('094.tiff', 'od_contrast')",precision_at_20_gray,0.75,0.75,True,
DELTA_A,"('094.tiff', 'od_contrast')",precision_at_30_gray,0.7,0.7,True,
DELTA_A,"('094.tiff', 'od_contrast')",precision_at_50_gray,0.5,0.5,True,
DELTA_A,"('094.tiff', 'od_contrast')",delta_precision_at_10,0.0999999999999999,0.09999999999999998,True,
DELTA_A,"('094.tiff', 'od_contrast')",delta_precision_at_20,0.0,0.0,True,
DELTA_A,"('094.tiff', 'od_contrast')",delta_precision_at_30,-0.0666999999999999,-0.06669999999999998,True,
DELTA_A,"('094.tiff', 'od_contrast')",delta_precision_at_50,-0.06,-0.06,True,
DELTA_A,"('094.tiff', 'od_contrast')",delta_exact_at_10,0.1,0.1,True,
DELTA_A,"('094.tiff', 'od_contrast')",delta_exact_at_20,0.0,0.0,True,
DELTA_A,"('094.tiff', 'od_contrast')",delta_exact_at_30,-0.0666666666666666,-0.06666666666666667,True,
DELTA_A,"('094.tiff', 'od_contrast')",delta_exact_at_50,-0.06,-0.06,True,
DELTA_A,"('529.tiff', 'tm_score')",precision_at_10_hem,0.2,0.2,True,
DELTA_A,"('529.tiff', 'tm_score')",precision_at_20_hem,0.2,0.2,True,
DELTA_A,"('529.tiff', 'tm_score')",precision_at_30_hem,0.1667,0.1667,True,
DELTA_A,"('529.tiff', 'tm_score')",precision_at_50_hem,0.12,0.12,True,
DELTA_A,"('529.tiff', 'tm_score')",precision_at_10_gray,0.3,0.3,True,
DELTA_A,"('529.tiff', 'tm_score')",precision_at_20_gray,0.2,0.2,True,
DELTA_A,"('529.tiff', 'tm_score')",precision_at_30_gray,0.1333,0.1333,True,
DELTA_A,"('529.tiff', 'tm_score')",precision_at_50_gray,0.12,0.12,True,
DELTA_A,"('529.tiff', 'tm_score')",delta_precision_at_10,-0.0999999999999999,-0.09999999999999998,True,
DELTA_A,"('529.tiff', 'tm_score')",delta_precision_at_20,0.0,0.0,True,
DELTA_A,"('529.tiff', 'tm_score')",delta_precision_at_30,0.0333999999999999,0.033399999999999985,True,
DELTA_A,"('529.tiff', 'tm_score')",delta_precision_at_50,0.0,0.0,True,
DELTA_A,"('529.tiff', 'tm_score')",delta_exact_at_10,-0.1,-0.1,True,
DELTA_A,"('529.tiff', 'tm_score')",delta_exact_at_20,0.0,0.0,True,
DELTA_A,"('529.tiff', 'tm_score')",delta_exact_at_30,0.0333333333333333,0.03333333333333333,True,
DELTA_A,"('529.tiff', 'tm_score')",delta_exact_at_50,0.0,0.0,True,
DELTA_A,"('529.tiff', 'chromatin_od')",precision_at_10_hem,0.6,0.6,True,
DELTA_A,"('529.tiff', 'chromatin_od')",precision_at_20_hem,0.4,0.4,True,
DELTA_A,"('529.tiff', 'chromatin_od')",precision_at_30_hem,0.2667,0.2667,True,
DELTA_A,"('529.tiff', 'chromatin_od')",precision_at_50_hem,0.16,0.16,True,
DELTA_A,"('529.tiff', 'chromatin_od')",precision_at_10_gray,0.6,0.6,True,
DELTA_A,"('529.tiff', 'chromatin_od')",precision_at_20_gray,0.35,0.35,True,
DELTA_A,"('529.tiff', 'chromatin_od')",precision_at_30_gray,0.2333,0.2333,True,
DELTA_A,"('529.tiff', 'chromatin_od')",precision_at_50_gray,0.14,0.14,True,
DELTA_A,"('529.tiff', 'chromatin_od')",delta_precision_at_10,0.0,0.0,True,
DELTA_A,"('529.tiff', 'chromatin_od')",delta_precision_at_20,0.05,0.050000000000000044,True,
DELTA_A,"('529.tiff', 'chromatin_od')",delta_precision_at_30,0.0333999999999999,0.033399999999999985,True,
DELTA_A,"('529.tiff', 'chromatin_od')",delta_precision_at_50,0.0199999999999999,0.01999999999999999,True,
DELTA_A,"('529.tiff', 'chromatin_od')",delta_exact_at_10,0.0,0.0,True,
DELTA_A,"('529.tiff', 'chromatin_od')",delta_exact_at_20,0.05,0.05,True,
DELTA_A,"('529.tiff', 'chromatin_od')",delta_exact_at_30,0.0333333333333333,0.03333333333333333,True,
DELTA_A,"('529.tiff', 'chromatin_od')",delta_exact_at_50,0.02,0.02,True,
DELTA_A,"('529.tiff', 'od_contrast')",precision_at_10_hem,0.6,0.6,True,
DELTA_A,"('529.tiff', 'od_contrast')",precision_at_20_hem,0.4,0.4,True,
DELTA_A,"('529.tiff', 'od_contrast')",precision_at_30_hem,0.2667,0.2667,True,
DELTA_A,"('529.tiff', 'od_contrast')",precision_at_50_hem,0.16,0.16,True,
DELTA_A,"('529.tiff', 'od_contrast')",precision_at_10_gray,0.6,0.6,True,
DELTA_A,"('529.tiff', 'od_contrast')",precision_at_20_gray,0.35,0.35,True,
DELTA_A,"('529.tiff', 'od_contrast')",precision_at_30_gray,0.2333,0.2333,True,
DELTA_A,"('529.tiff', 'od_contrast')",precision_at_50_gray,0.14,0.14,True,
DELTA_A,"('529.tiff', 'od_contrast')",delta_precision_at_10,0.0,0.0,True,
DELTA_A,"('529.tiff', 'od_contrast')",delta_precision_at_20,0.05,0.050000000000000044,True,
DELTA_A,"('529.tiff', 'od_contrast')",delta_precision_at_30,0.0333999999999999,0.033399999999999985,True,
DELTA_A,"('529.tiff', 'od_contrast')",delta_precision_at_50,0.0199999999999999,0.01999999999999999,True,
DELTA_A,"('529.tiff', 'od_contrast')",delta_exact_at_10,0.0,0.0,True,
DELTA_A,"('529.tiff', 'od_contrast')",delta_exact_at_20,0.05,0.05,True,
DELTA_A,"('529.tiff', 'od_contrast')",delta_exact_at_30,0.0333333333333333,0.03333333333333333,True,
DELTA_A,"('529.tiff', 'od_contrast')",delta_exact_at_50,0.02,0.02,True,
DELTA_A,"('548.tiff', 'tm_score')",precision_at_10_hem,0.4,0.4,True,
DELTA_A,"('548.tiff', 'tm_score')",precision_at_20_hem,0.45,0.45,True,
DELTA_A,"('548.tiff', 'tm_score')",precision_at_30_hem,0.5,0.5,True,
DELTA_A,"('548.tiff', 'tm_score')",precision_at_50_hem,0.6,0.6,True,
DELTA_A,"('548.tiff', 'tm_score')",precision_at_10_gray,0.5,0.5,True,
DELTA_A,"('548.tiff', 'tm_score')",precision_at_20_gray,0.5,0.5,True,
DELTA_A,"('548.tiff', 'tm_score')",precision_at_30_gray,0.5333,0.5333,True,
DELTA_A,"('548.tiff', 'tm_score')",precision_at_50_gray,0.56,0.56,True,
DELTA_A,"('548.tiff', 'tm_score')",delta_precision_at_10,-0.0999999999999999,-0.09999999999999998,True,
DELTA_A,"('548.tiff', 'tm_score')",delta_precision_at_20,-0.0499999999999999,-0.04999999999999999,True,
DELTA_A,"('548.tiff', 'tm_score')",delta_precision_at_30,-0.0332999999999999,-0.033299999999999996,True,
DELTA_A,"('548.tiff', 'tm_score')",delta_precision_at_50,0.0399999999999999,0.039999999999999925,True,
DELTA_A,"('548.tiff', 'tm_score')",delta_exact_at_10,-0.1,-0.1,True,
DELTA_A,"('548.tiff', 'tm_score')",delta_exact_at_20,-0.05,-0.05,True,
DELTA_A,"('548.tiff', 'tm_score')",delta_exact_at_30,-0.0333333333333333,-0.03333333333333333,True,
DELTA_A,"('548.tiff', 'tm_score')",delta_exact_at_50,0.04,0.04,True,
DELTA_A,"('548.tiff', 'chromatin_od')",precision_at_10_hem,0.8,0.8,True,
DELTA_A,"('548.tiff', 'chromatin_od')",precision_at_20_hem,0.65,0.65,True,
DELTA_A,"('548.tiff', 'chromatin_od')",precision_at_30_hem,0.7,0.7,True,
DELTA_A,"('548.tiff', 'chromatin_od')",precision_at_50_hem,0.7,0.7,True,
DELTA_A,"('548.tiff', 'chromatin_od')",precision_at_10_gray,0.8,0.8,True,
DELTA_A,"('548.tiff', 'chromatin_od')",precision_at_20_gray,0.65,0.65,True,
DELTA_A,"('548.tiff', 'chromatin_od')",precision_at_30_gray,0.7,0.7,True,
DELTA_A,"('548.tiff', 'chromatin_od')",precision_at_50_gray,0.72,0.72,True,
DELTA_A,"('548.tiff', 'chromatin_od')",delta_precision_at_10,0.0,0.0,True,
DELTA_A,"('548.tiff', 'chromatin_od')",delta_precision_at_20,0.0,0.0,True,
DELTA_A,"('548.tiff', 'chromatin_od')",delta_precision_at_30,0.0,0.0,True,
DELTA_A,"('548.tiff', 'chromatin_od')",delta_precision_at_50,-0.02,-0.020000000000000018,True,
DELTA_A,"('548.tiff', 'chromatin_od')",delta_exact_at_10,0.0,0.0,True,
DELTA_A,"('548.tiff', 'chromatin_od')",delta_exact_at_20,0.0,0.0,True,
DELTA_A,"('548.tiff', 'chromatin_od')",delta_exact_at_30,0.0,0.0,True,
DELTA_A,"('548.tiff', 'chromatin_od')",delta_exact_at_50,-0.02,-0.02,True,
DELTA_A,"('548.tiff', 'od_contrast')",precision_at_10_hem,0.9,0.9,True,
DELTA_A,"('548.tiff', 'od_contrast')",precision_at_20_hem,0.8,0.8,True,
DELTA_A,"('548.tiff', 'od_contrast')",precision_at_30_hem,0.8,0.8,True,
DELTA_A,"('548.tiff', 'od_contrast')",precision_at_50_hem,0.7,0.7,True,
DELTA_A,"('548.tiff', 'od_contrast')",precision_at_10_gray,0.8,0.8,True,
DELTA_A,"('548.tiff', 'od_contrast')",precision_at_20_gray,0.75,0.75,True,
DELTA_A,"('548.tiff', 'od_contrast')",precision_at_30_gray,0.8,0.8,True,
DELTA_A,"('548.tiff', 'od_contrast')",precision_at_50_gray,0.7,0.7,True,
DELTA_A,"('548.tiff', 'od_contrast')",delta_precision_at_10,0.0999999999999999,0.09999999999999998,True,
DELTA_A,"('548.tiff', 'od_contrast')",delta_precision_at_20,0.05,0.050000000000000044,True,
DELTA_A,"('548.tiff', 'od_contrast')",delta_precision_at_30,0.0,0.0,True,
DELTA_A,"('548.tiff', 'od_contrast')",delta_precision_at_50,0.0,0.0,True,
DELTA_A,"('548.tiff', 'od_contrast')",delta_exact_at_10,0.1,0.1,True,
DELTA_A,"('548.tiff', 'od_contrast')",delta_exact_at_20,0.05,0.05,True,
DELTA_A,"('548.tiff', 'od_contrast')",delta_exact_at_30,0.0,0.0,True,
DELTA_A,"('548.tiff', 'od_contrast')",delta_exact_at_50,0.0,0.0,True,
DELTA_A,"('402.tiff', 'tm_score')",precision_at_10_hem,0.3,0.3,True,
DELTA_A,"('402.tiff', 'tm_score')",precision_at_20_hem,0.35,0.35,True,
DELTA_A,"('402.tiff', 'tm_score')",precision_at_30_hem,0.3,0.3,True,
DELTA_A,"('402.tiff', 'tm_score')",precision_at_50_hem,0.36,0.36,True,
DELTA_A,"('402.tiff', 'tm_score')",precision_at_10_gray,0.4,0.4,True,
DELTA_A,"('402.tiff', 'tm_score')",precision_at_20_gray,0.45,0.45,True,
DELTA_A,"('402.tiff', 'tm_score')",precision_at_30_gray,0.4667,0.4667,True,
DELTA_A,"('402.tiff', 'tm_score')",precision_at_50_gray,0.44,0.44,True,
DELTA_A,"('402.tiff', 'tm_score')",delta_precision_at_10,-0.1,-0.10000000000000003,True,
DELTA_A,"('402.tiff', 'tm_score')",delta_precision_at_20,-0.1,-0.10000000000000003,True,
DELTA_A,"('402.tiff', 'tm_score')",delta_precision_at_30,-0.1667,-0.16670000000000001,True,
DELTA_A,"('402.tiff', 'tm_score')",delta_precision_at_50,-0.08,-0.08000000000000002,True,
DELTA_A,"('402.tiff', 'tm_score')",delta_exact_at_10,-0.1,-0.1,True,
DELTA_A,"('402.tiff', 'tm_score')",delta_exact_at_20,-0.1,-0.1,True,
DELTA_A,"('402.tiff', 'tm_score')",delta_exact_at_30,-0.1666666666666666,-0.16666666666666666,True,
DELTA_A,"('402.tiff', 'tm_score')",delta_exact_at_50,-0.08,-0.08,True,
DELTA_A,"('402.tiff', 'chromatin_od')",precision_at_10_hem,0.7,0.7,True,
DELTA_A,"('402.tiff', 'chromatin_od')",precision_at_20_hem,0.55,0.55,True,
DELTA_A,"('402.tiff', 'chromatin_od')",precision_at_30_hem,0.5,0.5,True,
DELTA_A,"('402.tiff', 'chromatin_od')",precision_at_50_hem,0.54,0.54,True,
DELTA_A,"('402.tiff', 'chromatin_od')",precision_at_10_gray,0.7,0.7,True,
DELTA_A,"('402.tiff', 'chromatin_od')",precision_at_20_gray,0.6,0.6,True,
DELTA_A,"('402.tiff', 'chromatin_od')",precision_at_30_gray,0.5,0.5,True,
DELTA_A,"('402.tiff', 'chromatin_od')",precision_at_50_gray,0.5,0.5,True,
DELTA_A,"('402.tiff', 'chromatin_od')",delta_precision_at_10,0.0,0.0,True,
DELTA_A,"('402.tiff', 'chromatin_od')",delta_precision_at_20,-0.0499999999999999,-0.04999999999999993,True,
DELTA_A,"('402.tiff', 'chromatin_od')",delta_precision_at_30,0.0,0.0,True,
DELTA_A,"('402.tiff', 'chromatin_od')",delta_precision_at_50,0.04,0.040000000000000036,True,
DELTA_A,"('402.tiff', 'chromatin_od')",delta_exact_at_10,0.0,0.0,True,
DELTA_A,"('402.tiff', 'chromatin_od')",delta_exact_at_20,-0.05,-0.05,True,
DELTA_A,"('402.tiff', 'chromatin_od')",delta_exact_at_30,0.0,0.0,True,
DELTA_A,"('402.tiff', 'chromatin_od')",delta_exact_at_50,0.04,0.04,True,
DELTA_A,"('402.tiff', 'od_contrast')",precision_at_10_hem,0.4,0.4,True,
DELTA_A,"('402.tiff', 'od_contrast')",precision_at_20_hem,0.55,0.55,True,
DELTA_A,"('402.tiff', 'od_contrast')",precision_at_30_hem,0.5667,0.5667,True,
DELTA_A,"('402.tiff', 'od_contrast')",precision_at_50_hem,0.52,0.52,True,
DELTA_A,"('402.tiff', 'od_contrast')",precision_at_10_gray,0.4,0.4,True,
DELTA_A,"('402.tiff', 'od_contrast')",precision_at_20_gray,0.45,0.45,True,
DELTA_A,"('402.tiff', 'od_contrast')",precision_at_30_gray,0.5333,0.5333,True,
DELTA_A,"('402.tiff', 'od_contrast')",precision_at_50_gray,0.52,0.52,True,
DELTA_A,"('402.tiff', 'od_contrast')",delta_precision_at_10,0.0,0.0,True,
DELTA_A,"('402.tiff', 'od_contrast')",delta_precision_at_20,0.1,0.10000000000000003,True,
DELTA_A,"('402.tiff', 'od_contrast')",delta_precision_at_30,0.0333999999999999,0.033399999999999985,True,
DELTA_A,"('402.tiff', 'od_contrast')",delta_precision_at_50,0.0,0.0,True,
DELTA_A,"('402.tiff', 'od_contrast')",delta_exact_at_10,0.0,0.0,True,
DELTA_A,"('402.tiff', 'od_contrast')",delta_exact_at_20,0.1,0.1,True,
DELTA_A,"('402.tiff', 'od_contrast')",delta_exact_at_30,0.0333333333333333,0.03333333333333333,True,
DELTA_A,"('402.tiff', 'od_contrast')",delta_exact_at_50,0.0,0.0,True,
DELTA_A,"('403.tiff', 'tm_score')",precision_at_10_hem,0.4,0.4,True,
DELTA_A,"('403.tiff', 'tm_score')",precision_at_20_hem,0.25,0.25,True,
DELTA_A,"('403.tiff', 'tm_score')",precision_at_30_hem,0.2667,0.2667,True,
DELTA_A,"('403.tiff', 'tm_score')",precision_at_50_hem,0.28,0.28,True,
DELTA_A,"('403.tiff', 'tm_score')",precision_at_10_gray,0.5,0.5,True,
DELTA_A,"('403.tiff', 'tm_score')",precision_at_20_gray,0.35,0.35,True,
DELTA_A,"('403.tiff', 'tm_score')",precision_at_30_gray,0.2667,0.2667,True,
DELTA_A,"('403.tiff', 'tm_score')",precision_at_50_gray,0.3,0.3,True,
DELTA_A,"('403.tiff', 'tm_score')",delta_precision_at_10,-0.0999999999999999,-0.09999999999999998,True,
DELTA_A,"('403.tiff', 'tm_score')",delta_precision_at_20,-0.0999999999999999,-0.09999999999999998,True,
DELTA_A,"('403.tiff', 'tm_score')",delta_precision_at_30,0.0,0.0,True,
DELTA_A,"('403.tiff', 'tm_score')",delta_precision_at_50,-0.0199999999999999,-0.019999999999999962,True,
DELTA_A,"('403.tiff', 'tm_score')",delta_exact_at_10,-0.1,-0.1,True,
DELTA_A,"('403.tiff', 'tm_score')",delta_exact_at_20,-0.1,-0.1,True,
DELTA_A,"('403.tiff', 'tm_score')",delta_exact_at_30,0.0,0.0,True,
DELTA_A,"('403.tiff', 'tm_score')",delta_exact_at_50,-0.02,-0.02,True,
DELTA_A,"('403.tiff', 'chromatin_od')",precision_at_10_hem,0.4,0.4,True,
DELTA_A,"('403.tiff', 'chromatin_od')",precision_at_20_hem,0.35,0.35,True,
DELTA_A,"('403.tiff', 'chromatin_od')",precision_at_30_hem,0.3333,0.3333,True,
DELTA_A,"('403.tiff', 'chromatin_od')",precision_at_50_hem,0.26,0.26,True,
DELTA_A,"('403.tiff', 'chromatin_od')",precision_at_10_gray,0.5,0.5,True,
DELTA_A,"('403.tiff', 'chromatin_od')",precision_at_20_gray,0.5,0.5,True,
DELTA_A,"('403.tiff', 'chromatin_od')",precision_at_30_gray,0.4667,0.4667,True,
DELTA_A,"('403.tiff', 'chromatin_od')",precision_at_50_gray,0.34,0.34,True,
DELTA_A,"('403.tiff', 'chromatin_od')",delta_precision_at_10,-0.0999999999999999,-0.09999999999999998,True,
DELTA_A,"('403.tiff', 'chromatin_od')",delta_precision_at_20,-0.15,-0.15000000000000002,True,
DELTA_A,"('403.tiff', 'chromatin_od')",delta_precision_at_30,-0.1334,-0.13340000000000002,True,
DELTA_A,"('403.tiff', 'chromatin_od')",delta_precision_at_50,-0.08,-0.08000000000000002,True,
DELTA_A,"('403.tiff', 'chromatin_od')",delta_exact_at_10,-0.1,-0.1,True,
DELTA_A,"('403.tiff', 'chromatin_od')",delta_exact_at_20,-0.15,-0.15,True,
DELTA_A,"('403.tiff', 'chromatin_od')",delta_exact_at_30,-0.1333333333333333,-0.13333333333333333,True,
DELTA_A,"('403.tiff', 'chromatin_od')",delta_exact_at_50,-0.08,-0.08,True,
DELTA_A,"('403.tiff', 'od_contrast')",precision_at_10_hem,0.6,0.6,True,
DELTA_A,"('403.tiff', 'od_contrast')",precision_at_20_hem,0.45,0.45,True,
DELTA_A,"('403.tiff', 'od_contrast')",precision_at_30_hem,0.3667,0.3667,True,
DELTA_A,"('403.tiff', 'od_contrast')",precision_at_50_hem,0.24,0.24,True,
DELTA_A,"('403.tiff', 'od_contrast')",precision_at_10_gray,0.6,0.6,True,
DELTA_A,"('403.tiff', 'od_contrast')",precision_at_20_gray,0.6,0.6,True,
DELTA_A,"('403.tiff', 'od_contrast')",precision_at_30_gray,0.4667,0.4667,True,
DELTA_A,"('403.tiff', 'od_contrast')",precision_at_50_gray,0.36,0.36,True,
DELTA_A,"('403.tiff', 'od_contrast')",delta_precision_at_10,0.0,0.0,True,
DELTA_A,"('403.tiff', 'od_contrast')",delta_precision_at_20,-0.1499999999999999,-0.14999999999999997,True,
DELTA_A,"('403.tiff', 'od_contrast')",delta_precision_at_30,-0.0999999999999999,-0.09999999999999998,True,
DELTA_A,"('403.tiff', 'od_contrast')",delta_precision_at_50,-0.12,-0.12,True,
DELTA_A,"('403.tiff', 'od_contrast')",delta_exact_at_10,0.0,0.0,True,
DELTA_A,"('403.tiff', 'od_contrast')",delta_exact_at_20,-0.15,-0.15,True,
DELTA_A,"('403.tiff', 'od_contrast')",delta_exact_at_30,-0.1,-0.1,True,
DELTA_A,"('403.tiff', 'od_contrast')",delta_exact_at_50,-0.12,-0.12,True,
DELTA_A,ALL,row_order_identical,True,True,True,
DELTA_B,"('canine cutaneous mast cell tumor', 'chromatin_od', 10)",precision_pooled_hem,0.8,0.8,True,
DELTA_B,"('canine cutaneous mast cell tumor', 'chromatin_od', 10)",precision_pooled_gray,0.85,0.85,True,
DELTA_B,"('canine cutaneous mast cell tumor', 'chromatin_od', 10)",delta_precision_pooled,-0.0499999999999999,-0.04999999999999993,True,
DELTA_B,"('canine cutaneous mast cell tumor', 'chromatin_od', 20)",precision_pooled_hem,0.85,0.85,True,
DELTA_B,"('canine cutaneous mast cell tumor', 'chromatin_od', 20)",precision_pooled_gray,0.925,0.925,True,
DELTA_B,"('canine cutaneous mast cell tumor', 'chromatin_od', 20)",delta_precision_pooled,-0.075,-0.07500000000000007,True,
DELTA_B,"('canine cutaneous mast cell tumor', 'chromatin_od', 30)",precision_pooled_hem,0.8833,0.8833,True,
DELTA_B,"('canine cutaneous mast cell tumor', 'chromatin_od', 30)",precision_pooled_gray,0.9,0.9,True,
DELTA_B,"('canine cutaneous mast cell tumor', 'chromatin_od', 30)",delta_precision_pooled,-0.0167,-0.016700000000000048,True,
DELTA_B,"('canine cutaneous mast cell tumor', 'chromatin_od', 50)",precision_pooled_hem,0.81,0.81,True,
DELTA_B,"('canine cutaneous mast cell tumor', 'chromatin_od', 50)",precision_pooled_gray,0.87,0.87,True,
DELTA_B,"('canine cutaneous mast cell tumor', 'chromatin_od', 50)",delta_precision_pooled,-0.0599999999999999,-0.05999999999999994,True,
DELTA_B,"('canine cutaneous mast cell tumor', 'od_contrast', 10)",precision_pooled_hem,0.75,0.75,True,
DELTA_B,"('canine cutaneous mast cell tumor', 'od_contrast', 10)",precision_pooled_gray,0.8,0.8,True,
DELTA_B,"('canine cutaneous mast cell tumor', 'od_contrast', 10)",delta_precision_pooled,-0.05,-0.050000000000000044,True,
DELTA_B,"('canine cutaneous mast cell tumor', 'od_contrast', 20)",precision_pooled_hem,0.825,0.825,True,
DELTA_B,"('canine cutaneous mast cell tumor', 'od_contrast', 20)",precision_pooled_gray,0.9,0.9,True,
DELTA_B,"('canine cutaneous mast cell tumor', 'od_contrast', 20)",delta_precision_pooled,-0.075,-0.07500000000000007,True,
DELTA_B,"('canine cutaneous mast cell tumor', 'od_contrast', 30)",precision_pooled_hem,0.85,0.85,True,
DELTA_B,"('canine cutaneous mast cell tumor', 'od_contrast', 30)",precision_pooled_gray,0.9167,0.9167,True,
DELTA_B,"('canine cutaneous mast cell tumor', 'od_contrast', 30)",delta_precision_pooled,-0.0666999999999999,-0.06669999999999998,True,
DELTA_B,"('canine cutaneous mast cell tumor', 'od_contrast', 50)",precision_pooled_hem,0.81,0.81,True,
DELTA_B,"('canine cutaneous mast cell tumor', 'od_contrast', 50)",precision_pooled_gray,0.86,0.86,True,
DELTA_B,"('canine cutaneous mast cell tumor', 'od_contrast', 50)",delta_precision_pooled,-0.0499999999999999,-0.04999999999999993,True,
DELTA_B,"('canine cutaneous mast cell tumor', 'tm_score', 10)",precision_pooled_hem,0.95,0.95,True,
DELTA_B,"('canine cutaneous mast cell tumor', 'tm_score', 10)",precision_pooled_gray,0.9,0.9,True,
DELTA_B,"('canine cutaneous mast cell tumor', 'tm_score', 10)",delta_precision_pooled,0.0499999999999999,0.04999999999999993,True,
DELTA_B,"('canine cutaneous mast cell tumor', 'tm_score', 20)",precision_pooled_hem,0.85,0.85,True,
DELTA_B,"('canine cutaneous mast cell tumor', 'tm_score', 20)",precision_pooled_gray,0.875,0.875,True,
DELTA_B,"('canine cutaneous mast cell tumor', 'tm_score', 20)",delta_precision_pooled,-0.025,-0.025000000000000022,True,
DELTA_B,"('canine cutaneous mast cell tumor', 'tm_score', 30)",precision_pooled_hem,0.8167,0.8167,True,
DELTA_B,"('canine cutaneous mast cell tumor', 'tm_score', 30)",precision_pooled_gray,0.8167,0.8167,True,
DELTA_B,"('canine cutaneous mast cell tumor', 'tm_score', 30)",delta_precision_pooled,0.0,0.0,True,
DELTA_B,"('canine cutaneous mast cell tumor', 'tm_score', 50)",precision_pooled_hem,0.75,0.75,True,
DELTA_B,"('canine cutaneous mast cell tumor', 'tm_score', 50)",precision_pooled_gray,0.8,0.8,True,
DELTA_B,"('canine cutaneous mast cell tumor', 'tm_score', 50)",delta_precision_pooled,-0.05,-0.050000000000000044,True,
DELTA_B,"('canine lung cancer', 'chromatin_od', 10)",precision_pooled_hem,0.5,0.5,True,
DELTA_B,"('canine lung cancer', 'chromatin_od', 10)",precision_pooled_gray,0.55,0.55,True,
DELTA_B,"('canine lung cancer', 'chromatin_od', 10)",delta_precision_pooled,-0.05,-0.050000000000000044,True,
DELTA_B,"('canine lung cancer', 'chromatin_od', 20)",precision_pooled_hem,0.325,0.325,True,
DELTA_B,"('canine lung cancer', 'chromatin_od', 20)",precision_pooled_gray,0.4,0.4,True,
DELTA_B,"('canine lung cancer', 'chromatin_od', 20)",delta_precision_pooled,-0.075,-0.07500000000000001,True,
DELTA_B,"('canine lung cancer', 'chromatin_od', 30)",precision_pooled_hem,0.2667,0.2667,True,
DELTA_B,"('canine lung cancer', 'chromatin_od', 30)",precision_pooled_gray,0.3167,0.3167,True,
DELTA_B,"('canine lung cancer', 'chromatin_od', 30)",delta_precision_pooled,-0.0499999999999999,-0.04999999999999999,True,
DELTA_B,"('canine lung cancer', 'chromatin_od', 50)",precision_pooled_hem,0.16,0.16,True,
DELTA_B,"('canine lung cancer', 'chromatin_od', 50)",precision_pooled_gray,0.21,0.21,True,
DELTA_B,"('canine lung cancer', 'chromatin_od', 50)",delta_precision_pooled,-0.0499999999999999,-0.04999999999999999,True,
DELTA_B,"('canine lung cancer', 'od_contrast', 10)",precision_pooled_hem,0.55,0.55,True,
DELTA_B,"('canine lung cancer', 'od_contrast', 10)",precision_pooled_gray,0.6,0.6,True,
DELTA_B,"('canine lung cancer', 'od_contrast', 10)",delta_precision_pooled,-0.0499999999999999,-0.04999999999999993,True,
DELTA_B,"('canine lung cancer', 'od_contrast', 20)",precision_pooled_hem,0.325,0.325,True,
DELTA_B,"('canine lung cancer', 'od_contrast', 20)",precision_pooled_gray,0.375,0.375,True,
DELTA_B,"('canine lung cancer', 'od_contrast', 20)",delta_precision_pooled,-0.0499999999999999,-0.04999999999999999,True,
DELTA_B,"('canine lung cancer', 'od_contrast', 30)",precision_pooled_hem,0.25,0.25,True,
DELTA_B,"('canine lung cancer', 'od_contrast', 30)",precision_pooled_gray,0.3,0.3,True,
DELTA_B,"('canine lung cancer', 'od_contrast', 30)",delta_precision_pooled,-0.0499999999999999,-0.04999999999999999,True,
DELTA_B,"('canine lung cancer', 'od_contrast', 50)",precision_pooled_hem,0.18,0.18,True,
DELTA_B,"('canine lung cancer', 'od_contrast', 50)",precision_pooled_gray,0.21,0.21,True,
DELTA_B,"('canine lung cancer', 'od_contrast', 50)",delta_precision_pooled,-0.03,-0.03,True,
DELTA_B,"('canine lung cancer', 'tm_score', 10)",precision_pooled_hem,0.4,0.4,True,
DELTA_B,"('canine lung cancer', 'tm_score', 10)",precision_pooled_gray,0.3,0.3,True,
DELTA_B,"('canine lung cancer', 'tm_score', 10)",delta_precision_pooled,0.1,0.10000000000000003,True,
DELTA_B,"('canine lung cancer', 'tm_score', 20)",precision_pooled_hem,0.275,0.275,True,
DELTA_B,"('canine lung cancer', 'tm_score', 20)",precision_pooled_gray,0.25,0.25,True,
DELTA_B,"('canine lung cancer', 'tm_score', 20)",delta_precision_pooled,0.025,0.025000000000000022,True,
DELTA_B,"('canine lung cancer', 'tm_score', 30)",precision_pooled_hem,0.2,0.2,True,
DELTA_B,"('canine lung cancer', 'tm_score', 30)",precision_pooled_gray,0.2333,0.2333,True,
DELTA_B,"('canine lung cancer', 'tm_score', 30)",delta_precision_pooled,-0.0332999999999999,-0.033299999999999996,True,
DELTA_B,"('canine lung cancer', 'tm_score', 50)",precision_pooled_hem,0.13,0.13,True,
DELTA_B,"('canine lung cancer', 'tm_score', 50)",precision_pooled_gray,0.19,0.19,True,
DELTA_B,"('canine lung cancer', 'tm_score', 50)",delta_precision_pooled,-0.06,-0.06,True,
DELTA_B,"('canine lymphosarcoma', 'chromatin_od', 10)",precision_pooled_hem,0.55,0.55,True,
DELTA_B,"('canine lymphosarcoma', 'chromatin_od', 10)",precision_pooled_gray,0.55,0.55,True,
DELTA_B,"('canine lymphosarcoma', 'chromatin_od', 10)",delta_precision_pooled,0.0,0.0,True,
DELTA_B,"('canine lymphosarcoma', 'chromatin_od', 20)",precision_pooled_hem,0.45,0.45,True,
DELTA_B,"('canine lymphosarcoma', 'chromatin_od', 20)",precision_pooled_gray,0.45,0.45,True,
DELTA_B,"('canine lymphosarcoma', 'chromatin_od', 20)",delta_precision_pooled,0.0,0.0,True,
DELTA_B,"('canine lymphosarcoma', 'chromatin_od', 30)",precision_pooled_hem,0.45,0.45,True,
DELTA_B,"('canine lymphosarcoma', 'chromatin_od', 30)",precision_pooled_gray,0.4667,0.4667,True,
DELTA_B,"('canine lymphosarcoma', 'chromatin_od', 30)",delta_precision_pooled,-0.0166999999999999,-0.016699999999999993,True,
DELTA_B,"('canine lymphosarcoma', 'chromatin_od', 50)",precision_pooled_hem,0.41,0.41,True,
DELTA_B,"('canine lymphosarcoma', 'chromatin_od', 50)",precision_pooled_gray,0.41,0.41,True,
DELTA_B,"('canine lymphosarcoma', 'chromatin_od', 50)",delta_precision_pooled,0.0,0.0,True,
DELTA_B,"('canine lymphosarcoma', 'od_contrast', 10)",precision_pooled_hem,0.55,0.55,True,
DELTA_B,"('canine lymphosarcoma', 'od_contrast', 10)",precision_pooled_gray,0.55,0.55,True,
DELTA_B,"('canine lymphosarcoma', 'od_contrast', 10)",delta_precision_pooled,0.0,0.0,True,
DELTA_B,"('canine lymphosarcoma', 'od_contrast', 20)",precision_pooled_hem,0.475,0.475,True,
DELTA_B,"('canine lymphosarcoma', 'od_contrast', 20)",precision_pooled_gray,0.5,0.5,True,
DELTA_B,"('canine lymphosarcoma', 'od_contrast', 20)",delta_precision_pooled,-0.025,-0.025000000000000022,True,
DELTA_B,"('canine lymphosarcoma', 'od_contrast', 30)",precision_pooled_hem,0.4,0.4,True,
DELTA_B,"('canine lymphosarcoma', 'od_contrast', 30)",precision_pooled_gray,0.45,0.45,True,
DELTA_B,"('canine lymphosarcoma', 'od_contrast', 30)",delta_precision_pooled,-0.0499999999999999,-0.04999999999999999,True,
DELTA_B,"('canine lymphosarcoma', 'od_contrast', 50)",precision_pooled_hem,0.4,0.4,True,
DELTA_B,"('canine lymphosarcoma', 'od_contrast', 50)",precision_pooled_gray,0.42,0.42,True,
DELTA_B,"('canine lymphosarcoma', 'od_contrast', 50)",delta_precision_pooled,-0.0199999999999999,-0.019999999999999962,True,
DELTA_B,"('canine lymphosarcoma', 'tm_score', 10)",precision_pooled_hem,0.55,0.55,True,
DELTA_B,"('canine lymphosarcoma', 'tm_score', 10)",precision_pooled_gray,0.55,0.55,True,
DELTA_B,"('canine lymphosarcoma', 'tm_score', 10)",delta_precision_pooled,0.0,0.0,True,
DELTA_B,"('canine lymphosarcoma', 'tm_score', 20)",precision_pooled_hem,0.525,0.525,True,
DELTA_B,"('canine lymphosarcoma', 'tm_score', 20)",precision_pooled_gray,0.5,0.5,True,
DELTA_B,"('canine lymphosarcoma', 'tm_score', 20)",delta_precision_pooled,0.025,0.025000000000000022,True,
DELTA_B,"('canine lymphosarcoma', 'tm_score', 30)",precision_pooled_hem,0.4167,0.4167,True,
DELTA_B,"('canine lymphosarcoma', 'tm_score', 30)",precision_pooled_gray,0.45,0.45,True,
DELTA_B,"('canine lymphosarcoma', 'tm_score', 30)",delta_precision_pooled,-0.0332999999999999,-0.033299999999999996,True,
DELTA_B,"('canine lymphosarcoma', 'tm_score', 50)",precision_pooled_hem,0.34,0.34,True,
DELTA_B,"('canine lymphosarcoma', 'tm_score', 50)",precision_pooled_gray,0.37,0.37,True,
DELTA_B,"('canine lymphosarcoma', 'tm_score', 50)",delta_precision_pooled,-0.0299999999999999,-0.02999999999999997,True,
DELTA_B,"('canine soft tissue sarcoma', 'chromatin_od', 10)",precision_pooled_hem,0.8,0.8,True,
DELTA_B,"('canine soft tissue sarcoma', 'chromatin_od', 10)",precision_pooled_gray,0.8,0.8,True,
DELTA_B,"('canine soft tissue sarcoma', 'chromatin_od', 10)",delta_precision_pooled,0.0,0.0,True,
DELTA_B,"('canine soft tissue sarcoma', 'chromatin_od', 20)",precision_pooled_hem,0.775,0.775,True,
DELTA_B,"('canine soft tissue sarcoma', 'chromatin_od', 20)",precision_pooled_gray,0.825,0.825,True,
DELTA_B,"('canine soft tissue sarcoma', 'chromatin_od', 20)",delta_precision_pooled,-0.0499999999999999,-0.04999999999999993,True,
DELTA_B,"('canine soft tissue sarcoma', 'chromatin_od', 30)",precision_pooled_hem,0.6667,0.6667,True,
DELTA_B,"('canine soft tissue sarcoma', 'chromatin_od', 30)",precision_pooled_gray,0.7,0.7,True,
DELTA_B,"('canine soft tissue sarcoma', 'chromatin_od', 30)",delta_precision_pooled,-0.0332999999999999,-0.033299999999999996,True,
DELTA_B,"('canine soft tissue sarcoma', 'chromatin_od', 50)",precision_pooled_hem,0.47,0.47,True,
DELTA_B,"('canine soft tissue sarcoma', 'chromatin_od', 50)",precision_pooled_gray,0.55,0.55,True,
DELTA_B,"('canine soft tissue sarcoma', 'chromatin_od', 50)",delta_precision_pooled,-0.08,-0.08000000000000007,True,
DELTA_B,"('canine soft tissue sarcoma', 'od_contrast', 10)",precision_pooled_hem,0.75,0.75,True,
DELTA_B,"('canine soft tissue sarcoma', 'od_contrast', 10)",precision_pooled_gray,0.85,0.85,True,
DELTA_B,"('canine soft tissue sarcoma', 'od_contrast', 10)",delta_precision_pooled,-0.0999999999999999,-0.09999999999999998,True,
DELTA_B,"('canine soft tissue sarcoma', 'od_contrast', 20)",precision_pooled_hem,0.65,0.65,True,
DELTA_B,"('canine soft tissue sarcoma', 'od_contrast', 20)",precision_pooled_gray,0.7,0.7,True,
DELTA_B,"('canine soft tissue sarcoma', 'od_contrast', 20)",delta_precision_pooled,-0.0499999999999999,-0.04999999999999993,True,
DELTA_B,"('canine soft tissue sarcoma', 'od_contrast', 30)",precision_pooled_hem,0.5833,0.5833,True,
DELTA_B,"('canine soft tissue sarcoma', 'od_contrast', 30)",precision_pooled_gray,0.6167,0.6167,True,
DELTA_B,"('canine soft tissue sarcoma', 'od_contrast', 30)",delta_precision_pooled,-0.0333999999999999,-0.033399999999999985,True,
DELTA_B,"('canine soft tissue sarcoma', 'od_contrast', 50)",precision_pooled_hem,0.47,0.47,True,
DELTA_B,"('canine soft tissue sarcoma', 'od_contrast', 50)",precision_pooled_gray,0.53,0.53,True,
DELTA_B,"('canine soft tissue sarcoma', 'od_contrast', 50)",delta_precision_pooled,-0.06,-0.06000000000000005,True,
DELTA_B,"('canine soft tissue sarcoma', 'tm_score', 10)",precision_pooled_hem,0.55,0.55,True,
DELTA_B,"('canine soft tissue sarcoma', 'tm_score', 10)",precision_pooled_gray,0.65,0.65,True,
DELTA_B,"('canine soft tissue sarcoma', 'tm_score', 10)",delta_precision_pooled,-0.0999999999999999,-0.09999999999999998,True,
DELTA_B,"('canine soft tissue sarcoma', 'tm_score', 20)",precision_pooled_hem,0.45,0.45,True,
DELTA_B,"('canine soft tissue sarcoma', 'tm_score', 20)",precision_pooled_gray,0.525,0.525,True,
DELTA_B,"('canine soft tissue sarcoma', 'tm_score', 20)",delta_precision_pooled,-0.075,-0.07500000000000001,True,
DELTA_B,"('canine soft tissue sarcoma', 'tm_score', 30)",precision_pooled_hem,0.4333,0.4333,True,
DELTA_B,"('canine soft tissue sarcoma', 'tm_score', 30)",precision_pooled_gray,0.5167,0.5167,True,
DELTA_B,"('canine soft tissue sarcoma', 'tm_score', 30)",delta_precision_pooled,-0.0834,-0.08340000000000003,True,
DELTA_B,"('canine soft tissue sarcoma', 'tm_score', 50)",precision_pooled_hem,0.36,0.36,True,
DELTA_B,"('canine soft tissue sarcoma', 'tm_score', 50)",precision_pooled_gray,0.41,0.41,True,
DELTA_B,"('canine soft tissue sarcoma', 'tm_score', 50)",delta_precision_pooled,-0.0499999999999999,-0.04999999999999999,True,
DELTA_B,"('human breast cancer', 'chromatin_od', 10)",precision_pooled_hem,0.55,0.55,True,
DELTA_B,"('human breast cancer', 'chromatin_od', 10)",precision_pooled_gray,0.55,0.55,True,
DELTA_B,"('human breast cancer', 'chromatin_od', 10)",delta_precision_pooled,0.0,0.0,True,
DELTA_B,"('human breast cancer', 'chromatin_od', 20)",precision_pooled_hem,0.575,0.575,True,
DELTA_B,"('human breast cancer', 'chromatin_od', 20)",precision_pooled_gray,0.575,0.575,True,
DELTA_B,"('human breast cancer', 'chromatin_od', 20)",delta_precision_pooled,0.0,0.0,True,
DELTA_B,"('human breast cancer', 'chromatin_od', 30)",precision_pooled_hem,0.5,0.5,True,
DELTA_B,"('human breast cancer', 'chromatin_od', 30)",precision_pooled_gray,0.5167,0.5167,True,
DELTA_B,"('human breast cancer', 'chromatin_od', 30)",delta_precision_pooled,-0.0167,-0.016700000000000048,True,
DELTA_B,"('human breast cancer', 'chromatin_od', 50)",precision_pooled_hem,0.34,0.34,True,
DELTA_B,"('human breast cancer', 'chromatin_od', 50)",precision_pooled_gray,0.36,0.36,True,
DELTA_B,"('human breast cancer', 'chromatin_od', 50)",delta_precision_pooled,-0.0199999999999999,-0.019999999999999962,True,
DELTA_B,"('human breast cancer', 'od_contrast', 10)",precision_pooled_hem,0.55,0.55,True,
DELTA_B,"('human breast cancer', 'od_contrast', 10)",precision_pooled_gray,0.5,0.5,True,
DELTA_B,"('human breast cancer', 'od_contrast', 10)",delta_precision_pooled,0.05,0.050000000000000044,True,
DELTA_B,"('human breast cancer', 'od_contrast', 20)",precision_pooled_hem,0.6,0.6,True,
DELTA_B,"('human breast cancer', 'od_contrast', 20)",precision_pooled_gray,0.575,0.575,True,
DELTA_B,"('human breast cancer', 'od_contrast', 20)",delta_precision_pooled,0.025,0.025000000000000022,True,
DELTA_B,"('human breast cancer', 'od_contrast', 30)",precision_pooled_hem,0.4667,0.4667,True,
DELTA_B,"('human breast cancer', 'od_contrast', 30)",precision_pooled_gray,0.4833,0.4833,True,
DELTA_B,"('human breast cancer', 'od_contrast', 30)",delta_precision_pooled,-0.0166,-0.016600000000000004,True,
DELTA_B,"('human breast cancer', 'od_contrast', 50)",precision_pooled_hem,0.32,0.32,True,
DELTA_B,"('human breast cancer', 'od_contrast', 50)",precision_pooled_gray,0.34,0.34,True,
DELTA_B,"('human breast cancer', 'od_contrast', 50)",delta_precision_pooled,-0.02,-0.020000000000000018,True,
DELTA_B,"('human breast cancer', 'tm_score', 10)",precision_pooled_hem,0.55,0.55,True,
DELTA_B,"('human breast cancer', 'tm_score', 10)",precision_pooled_gray,0.5,0.5,True,
DELTA_B,"('human breast cancer', 'tm_score', 10)",delta_precision_pooled,0.05,0.050000000000000044,True,
DELTA_B,"('human breast cancer', 'tm_score', 20)",precision_pooled_hem,0.375,0.375,True,
DELTA_B,"('human breast cancer', 'tm_score', 20)",precision_pooled_gray,0.4,0.4,True,
DELTA_B,"('human breast cancer', 'tm_score', 20)",delta_precision_pooled,-0.025,-0.025000000000000022,True,
DELTA_B,"('human breast cancer', 'tm_score', 30)",precision_pooled_hem,0.3667,0.3667,True,
DELTA_B,"('human breast cancer', 'tm_score', 30)",precision_pooled_gray,0.3833,0.3833,True,
DELTA_B,"('human breast cancer', 'tm_score', 30)",delta_precision_pooled,-0.0165999999999999,-0.016599999999999948,True,
DELTA_B,"('human breast cancer', 'tm_score', 50)",precision_pooled_hem,0.28,0.28,True,
DELTA_B,"('human breast cancer', 'tm_score', 50)",precision_pooled_gray,0.29,0.29,True,
DELTA_B,"('human breast cancer', 'tm_score', 50)",delta_precision_pooled,-0.0099999999999999,-0.009999999999999953,True,
DELTA_B,"('human melanoma', 'chromatin_od', 10)",precision_pooled_hem,0.7,0.7,True,
DELTA_B,"('human melanoma', 'chromatin_od', 10)",precision_pooled_gray,0.7,0.7,True,
DELTA_B,"('human melanoma', 'chromatin_od', 10)",delta_precision_pooled,0.0,0.0,True,
DELTA_B,"('human melanoma', 'chromatin_od', 20)",precision_pooled_hem,0.525,0.525,True,
DELTA_B,"('human melanoma', 'chromatin_od', 20)",precision_pooled_gray,0.5,0.5,True,
DELTA_B,"('human melanoma', 'chromatin_od', 20)",delta_precision_pooled,0.025,0.025000000000000022,True,
DELTA_B,"('human melanoma', 'chromatin_od', 30)",precision_pooled_hem,0.4833,0.4833,True,
DELTA_B,"('human melanoma', 'chromatin_od', 30)",precision_pooled_gray,0.4667,0.4667,True,
DELTA_B,"('human melanoma', 'chromatin_od', 30)",delta_precision_pooled,0.0166,0.016600000000000004,True,
DELTA_B,"('human melanoma', 'chromatin_od', 50)",precision_pooled_hem,0.43,0.43,True,
DELTA_B,"('human melanoma', 'chromatin_od', 50)",precision_pooled_gray,0.43,0.43,True,
DELTA_B,"('human melanoma', 'chromatin_od', 50)",delta_precision_pooled,0.0,0.0,True,
DELTA_B,"('human melanoma', 'od_contrast', 10)",precision_pooled_hem,0.75,0.75,True,
DELTA_B,"('human melanoma', 'od_contrast', 10)",precision_pooled_gray,0.7,0.7,True,
DELTA_B,"('human melanoma', 'od_contrast', 10)",delta_precision_pooled,0.05,0.050000000000000044,True,
DELTA_B,"('human melanoma', 'od_contrast', 20)",precision_pooled_hem,0.6,0.6,True,
DELTA_B,"('human melanoma', 'od_contrast', 20)",precision_pooled_gray,0.55,0.55,True,
DELTA_B,"('human melanoma', 'od_contrast', 20)",delta_precision_pooled,0.0499999999999999,0.04999999999999993,True,
DELTA_B,"('human melanoma', 'od_contrast', 30)",precision_pooled_hem,0.5333,0.5333,True,
DELTA_B,"('human melanoma', 'od_contrast', 30)",precision_pooled_gray,0.5167,0.5167,True,
DELTA_B,"('human melanoma', 'od_contrast', 30)",delta_precision_pooled,0.0165999999999999,0.016599999999999948,True,
DELTA_B,"('human melanoma', 'od_contrast', 50)",precision_pooled_hem,0.43,0.43,True,
DELTA_B,"('human melanoma', 'od_contrast', 50)",precision_pooled_gray,0.42,0.42,True,
DELTA_B,"('human melanoma', 'od_contrast', 50)",delta_precision_pooled,0.01,0.010000000000000009,True,
DELTA_B,"('human melanoma', 'tm_score', 10)",precision_pooled_hem,0.3,0.3,True,
DELTA_B,"('human melanoma', 'tm_score', 10)",precision_pooled_gray,0.4,0.4,True,
DELTA_B,"('human melanoma', 'tm_score', 10)",delta_precision_pooled,-0.1,-0.10000000000000003,True,
DELTA_B,"('human melanoma', 'tm_score', 20)",precision_pooled_hem,0.325,0.325,True,
DELTA_B,"('human melanoma', 'tm_score', 20)",precision_pooled_gray,0.35,0.35,True,
DELTA_B,"('human melanoma', 'tm_score', 20)",delta_precision_pooled,-0.0249999999999999,-0.024999999999999967,True,
DELTA_B,"('human melanoma', 'tm_score', 30)",precision_pooled_hem,0.3333,0.3333,True,
DELTA_B,"('human melanoma', 'tm_score', 30)",precision_pooled_gray,0.3333,0.3333,True,
DELTA_B,"('human melanoma', 'tm_score', 30)",delta_precision_pooled,0.0,0.0,True,
DELTA_B,"('human melanoma', 'tm_score', 50)",precision_pooled_hem,0.36,0.36,True,
DELTA_B,"('human melanoma', 'tm_score', 50)",precision_pooled_gray,0.34,0.34,True,
DELTA_B,"('human melanoma', 'tm_score', 50)",delta_precision_pooled,0.0199999999999999,0.019999999999999962,True,
DELTA_B,"('human neuroendocrine tumor', 'chromatin_od', 10)",precision_pooled_hem,0.55,0.55,True,
DELTA_B,"('human neuroendocrine tumor', 'chromatin_od', 10)",precision_pooled_gray,0.6,0.6,True,
DELTA_B,"('human neuroendocrine tumor', 'chromatin_od', 10)",delta_precision_pooled,-0.0499999999999999,-0.04999999999999993,True,
DELTA_B,"('human neuroendocrine tumor', 'chromatin_od', 20)",precision_pooled_hem,0.45,0.45,True,
DELTA_B,"('human neuroendocrine tumor', 'chromatin_od', 20)",precision_pooled_gray,0.55,0.55,True,
DELTA_B,"('human neuroendocrine tumor', 'chromatin_od', 20)",delta_precision_pooled,-0.1,-0.10000000000000003,True,
DELTA_B,"('human neuroendocrine tumor', 'chromatin_od', 30)",precision_pooled_hem,0.4167,0.4167,True,
DELTA_B,"('human neuroendocrine tumor', 'chromatin_od', 30)",precision_pooled_gray,0.4833,0.4833,True,
DELTA_B,"('human neuroendocrine tumor', 'chromatin_od', 30)",delta_precision_pooled,-0.0665999999999999,-0.06659999999999999,True,
DELTA_B,"('human neuroendocrine tumor', 'chromatin_od', 50)",precision_pooled_hem,0.4,0.4,True,
DELTA_B,"('human neuroendocrine tumor', 'chromatin_od', 50)",precision_pooled_gray,0.42,0.42,True,
DELTA_B,"('human neuroendocrine tumor', 'chromatin_od', 50)",delta_precision_pooled,-0.0199999999999999,-0.019999999999999962,True,
DELTA_B,"('human neuroendocrine tumor', 'od_contrast', 10)",precision_pooled_hem,0.5,0.5,True,
DELTA_B,"('human neuroendocrine tumor', 'od_contrast', 10)",precision_pooled_gray,0.5,0.5,True,
DELTA_B,"('human neuroendocrine tumor', 'od_contrast', 10)",delta_precision_pooled,0.0,0.0,True,
DELTA_B,"('human neuroendocrine tumor', 'od_contrast', 20)",precision_pooled_hem,0.5,0.5,True,
DELTA_B,"('human neuroendocrine tumor', 'od_contrast', 20)",precision_pooled_gray,0.525,0.525,True,
DELTA_B,"('human neuroendocrine tumor', 'od_contrast', 20)",delta_precision_pooled,-0.025,-0.025000000000000022,True,
DELTA_B,"('human neuroendocrine tumor', 'od_contrast', 30)",precision_pooled_hem,0.4667,0.4667,True,
DELTA_B,"('human neuroendocrine tumor', 'od_contrast', 30)",precision_pooled_gray,0.5,0.5,True,
DELTA_B,"('human neuroendocrine tumor', 'od_contrast', 30)",delta_precision_pooled,-0.0332999999999999,-0.033299999999999996,True,
DELTA_B,"('human neuroendocrine tumor', 'od_contrast', 50)",precision_pooled_hem,0.38,0.38,True,
DELTA_B,"('human neuroendocrine tumor', 'od_contrast', 50)",precision_pooled_gray,0.44,0.44,True,
DELTA_B,"('human neuroendocrine tumor', 'od_contrast', 50)",delta_precision_pooled,-0.06,-0.06,True,
DELTA_B,"('human neuroendocrine tumor', 'tm_score', 10)",precision_pooled_hem,0.35,0.35,True,
DELTA_B,"('human neuroendocrine tumor', 'tm_score', 10)",precision_pooled_gray,0.45,0.45,True,
DELTA_B,"('human neuroendocrine tumor', 'tm_score', 10)",delta_precision_pooled,-0.1,-0.10000000000000003,True,
DELTA_B,"('human neuroendocrine tumor', 'tm_score', 20)",precision_pooled_hem,0.3,0.3,True,
DELTA_B,"('human neuroendocrine tumor', 'tm_score', 20)",precision_pooled_gray,0.4,0.4,True,
DELTA_B,"('human neuroendocrine tumor', 'tm_score', 20)",delta_precision_pooled,-0.1,-0.10000000000000003,True,
DELTA_B,"('human neuroendocrine tumor', 'tm_score', 30)",precision_pooled_hem,0.2833,0.2833,True,
DELTA_B,"('human neuroendocrine tumor', 'tm_score', 30)",precision_pooled_gray,0.3667,0.3667,True,
DELTA_B,"('human neuroendocrine tumor', 'tm_score', 30)",delta_precision_pooled,-0.0834,-0.08340000000000003,True,
DELTA_B,"('human neuroendocrine tumor', 'tm_score', 50)",precision_pooled_hem,0.32,0.32,True,
DELTA_B,"('human neuroendocrine tumor', 'tm_score', 50)",precision_pooled_gray,0.37,0.37,True,
DELTA_B,"('human neuroendocrine tumor', 'tm_score', 50)",delta_precision_pooled,-0.0499999999999999,-0.04999999999999999,True,
STAT_CONTEXT,"('tm_score', 10)",mean_delta,-0.0143,-0.0143,True,
STAT_CONTEXT,"('tm_score', 10)",wins,5.0,5,True,
STAT_CONTEXT,"('tm_score', 10)",losses,6.0,6,True,
STAT_CONTEXT,"('tm_score', 10)",ties,3.0,3,True,
STAT_CONTEXT,"('tm_score', 10)",n_nonzero,11.0,11,True,
STAT_CONTEXT,"('tm_score', 10)",exact_p,0.8281,0.8281,True,
STAT_CONTEXT,"('tm_score', 10)",spearman_rho,-0.295,-0.295,True,
STAT_CONTEXT,"('tm_score', 10)",spearman_p_asym,0.305,0.305,True,
STAT_CONTEXT,"('tm_score', 10)",spearman_p_perm,0.305,0.305,True,
STAT_CONTEXT,"('tm_score', 20)",mean_delta,-0.0286,-0.0286,True,
STAT_CONTEXT,"('tm_score', 20)",wins,2.0,2,True,
STAT_CONTEXT,"('tm_score', 20)",losses,8.0,8,True,
STAT_CONTEXT,"('tm_score', 20)",ties,4.0,4,True,
STAT_CONTEXT,"('tm_score', 20)",n_nonzero,10.0,10,True,
STAT_CONTEXT,"('tm_score', 20)",exact_p,0.3887,0.3887,True,
STAT_CONTEXT,"('tm_score', 20)",spearman_rho,-0.038,-0.038,True,
STAT_CONTEXT,"('tm_score', 20)",spearman_p_asym,0.898,0.898,True,
STAT_CONTEXT,"('tm_score', 20)",spearman_p_perm,0.891,0.891,True,
STAT_CONTEXT,"('tm_score', 30)",mean_delta,-0.0357,-0.0357,True,
STAT_CONTEXT,"('tm_score', 30)",wins,3.0,3,True,
STAT_CONTEXT,"('tm_score', 30)",losses,9.0,9,True,
STAT_CONTEXT,"('tm_score', 30)",ties,2.0,2,True,
STAT_CONTEXT,"('tm_score', 30)",n_nonzero,12.0,12,True,
STAT_CONTEXT,"('tm_score', 30)",exact_p,0.2808,0.2808,True,
STAT_CONTEXT,"('tm_score', 30)",spearman_rho,-0.13,-0.13,True,
STAT_CONTEXT,"('tm_score', 30)",spearman_p_asym,0.658,0.658,True,
STAT_CONTEXT,"('tm_score', 30)",spearman_p_perm,0.669,0.669,True,
STAT_CONTEXT,"('tm_score', 50)",mean_delta,-0.0329,-0.0329,True,
STAT_CONTEXT,"('tm_score', 50)",wins,3.0,3,True,
STAT_CONTEXT,"('tm_score', 50)",losses,9.0,9,True,
STAT_CONTEXT,"('tm_score', 50)",ties,2.0,2,True,
STAT_CONTEXT,"('tm_score', 50)",n_nonzero,12.0,12,True,
STAT_CONTEXT,"('tm_score', 50)",exact_p,0.1968,0.1968,True,
STAT_CONTEXT,"('tm_score', 50)",spearman_rho,0.214,0.214,True,
STAT_CONTEXT,"('tm_score', 50)",spearman_p_asym,0.463,0.463,True,
STAT_CONTEXT,"('tm_score', 50)",spearman_p_perm,0.47,0.47,True,
STAT_CONTEXT,"('chromatin_od', 10)",mean_delta,-0.0214,-0.0214,True,
STAT_CONTEXT,"('chromatin_od', 10)",wins,0.0,0,True,
STAT_CONTEXT,"('chromatin_od', 10)",losses,3.0,3,True,
STAT_CONTEXT,"('chromatin_od', 10)",ties,11.0,11,True,
STAT_CONTEXT,"('chromatin_od', 10)",n_nonzero,3.0,3,True,
STAT_CONTEXT,"('chromatin_od', 10)",exact_p,0.25,0.25,True,
STAT_CONTEXT,"('chromatin_od', 10)",spearman_rho,0.219,0.219,True,
STAT_CONTEXT,"('chromatin_od', 10)",spearman_p_asym,0.453,0.453,True,
STAT_CONTEXT,"('chromatin_od', 10)",spearman_p_perm,0.482,0.482,True,
STAT_CONTEXT,"('chromatin_od', 20)",mean_delta,-0.0393,-0.0393,True,
STAT_CONTEXT,"('chromatin_od', 20)",wins,3.0,3,True,
STAT_CONTEXT,"('chromatin_od', 20)",losses,9.0,9,True,
STAT_CONTEXT,"('chromatin_od', 20)",ties,2.0,2,True,
STAT_CONTEXT,"('chromatin_od', 20)",n_nonzero,12.0,12,True,
STAT_CONTEXT,"('chromatin_od', 20)",exact_p,0.0898,0.0898,True,
STAT_CONTEXT,"('chromatin_od', 20)",spearman_rho,0.62,0.62,True,
STAT_CONTEXT,"('chromatin_od', 20)",spearman_p_asym,0.018,0.018,True,
STAT_CONTEXT,"('chromatin_od', 20)",spearman_p_perm,0.025,0.025,True,
STAT_CONTEXT,"('chromatin_od', 30)",mean_delta,-0.0262,-0.0262,True,
STAT_CONTEXT,"('chromatin_od', 30)",wins,3.0,3,True,
STAT_CONTEXT,"('chromatin_od', 30)",losses,7.0,7,True,
STAT_CONTEXT,"('chromatin_od', 30)",ties,4.0,4,True,
STAT_CONTEXT,"('chromatin_od', 30)",n_nonzero,10.0,10,True,
STAT_CONTEXT,"('chromatin_od', 30)",exact_p,0.0977,0.0977,True,
STAT_CONTEXT,"('chromatin_od', 30)",spearman_rho,0.388,0.388,True,
STAT_CONTEXT,"('chromatin_od', 30)",spearman_p_asym,0.171,0.171,True,
STAT_CONTEXT,"('chromatin_od', 30)",spearman_p_perm,0.169,0.169,True,
STAT_CONTEXT,"('chromatin_od', 50)",mean_delta,-0.0329,-0.0329,True,
STAT_CONTEXT,"('chromatin_od', 50)",wins,4.0,4,True,
STAT_CONTEXT,"('chromatin_od', 50)",losses,9.0,9,True,
STAT_CONTEXT,"('chromatin_od', 50)",ties,1.0,1,True,
STAT_CONTEXT,"('chromatin_od', 50)",n_nonzero,13.0,13,True,
STAT_CONTEXT,"('chromatin_od', 50)",exact_p,0.0688,0.0688,True,
STAT_CONTEXT,"('chromatin_od', 50)",spearman_rho,0.254,0.254,True,
STAT_CONTEXT,"('chromatin_od', 50)",spearman_p_asym,0.38,0.38,True,
STAT_CONTEXT,"('chromatin_od', 50)",spearman_p_perm,0.372,0.372,True,
STAT_CONTEXT,"('od_contrast', 10)",mean_delta,-0.0143,-0.0143,True,
STAT_CONTEXT,"('od_contrast', 10)",wins,2.0,2,True,
STAT_CONTEXT,"('od_contrast', 10)",losses,3.0,3,True,
STAT_CONTEXT,"('od_contrast', 10)",ties,9.0,9,True,
STAT_CONTEXT,"('od_contrast', 10)",n_nonzero,5.0,5,True,
STAT_CONTEXT,"('od_contrast', 10)",exact_p,0.75,0.75,True,
STAT_CONTEXT,"('od_contrast', 10)",spearman_rho,0.176,0.176,True,
STAT_CONTEXT,"('od_contrast', 10)",spearman_p_asym,0.548,0.548,True,
STAT_CONTEXT,"('od_contrast', 10)",spearman_p_perm,0.569,0.569,True,
STAT_CONTEXT,"('od_contrast', 20)",mean_delta,-0.0214,-0.0214,True,
STAT_CONTEXT,"('od_contrast', 20)",wins,5.0,5,True,
STAT_CONTEXT,"('od_contrast', 20)",losses,7.0,7,True,
STAT_CONTEXT,"('od_contrast', 20)",ties,2.0,2,True,
STAT_CONTEXT,"('od_contrast', 20)",n_nonzero,12.0,12,True,
STAT_CONTEXT,"('od_contrast', 20)",exact_p,0.4419,0.4419,True,
STAT_CONTEXT,"('od_contrast', 20)",spearman_rho,0.524,0.524,True,
STAT_CONTEXT,"('od_contrast', 20)",spearman_p_asym,0.054,0.054,True,
STAT_CONTEXT,"('od_contrast', 20)",spearman_p_perm,0.065,0.065,True,
STAT_CONTEXT,"('od_contrast', 30)",mean_delta,-0.0333,-0.0333,True,
STAT_CONTEXT,"('od_contrast', 30)",wins,4.0,4,True,
STAT_CONTEXT,"('od_contrast', 30)",losses,9.0,9,True,
STAT_CONTEXT,"('od_contrast', 30)",ties,1.0,1,True,
STAT_CONTEXT,"('od_contrast', 30)",n_nonzero,13.0,13,True,
STAT_CONTEXT,"('od_contrast', 30)",exact_p,0.0466,0.0466,True,
STAT_CONTEXT,"('od_contrast', 30)",spearman_rho,0.614,0.614,True,
STAT_CONTEXT,"('od_contrast', 30)",spearman_p_asym,0.02,0.02,True,
STAT_CONTEXT,"('od_contrast', 30)",spearman_p_perm,0.023,0.023,True,
STAT_CONTEXT,"('od_contrast', 50)",mean_delta,-0.0329,-0.0329,True,
STAT_CONTEXT,"('od_contrast', 50)",wins,4.0,4,True,
STAT_CONTEXT,"('od_contrast', 50)",losses,7.0,7,True,
STAT_CONTEXT,"('od_contrast', 50)",ties,3.0,3,True,
STAT_CONTEXT,"('od_contrast', 50)",n_nonzero,11.0,11,True,
STAT_CONTEXT,"('od_contrast', 50)",exact_p,0.0859,0.0859,True,
STAT_CONTEXT,"('od_contrast', 50)",spearman_rho,0.253,0.253,True,
STAT_CONTEXT,"('od_contrast', 50)",spearman_p_asym,0.383,0.383,True,
STAT_CONTEXT,"('od_contrast', 50)",spearman_p_perm,0.389,0.389,True,
