check,severity,file_name,seed_index,condition,passed,detail
budget_delivered,halt,300.tiff,0,default_51,True,n_detections=100
budget_delivered,halt,300.tiff,0,default_51,True,n_detections=100
budget_delivered,halt,300.tiff,0,hem_rect_fill,True,n_detections=100
budget_delivered,halt,300.tiff,0,hem_rect_fill,True,n_detections=100
budget_delivered,halt,300.tiff,0,hem_rect_fill_1um,True,n_detections=100
budget_delivered,halt,300.tiff,0,hem_rect_fill_1um,True,n_detections=100
budget_delivered,halt,300.tiff,0,hem_mask_fill_1um,True,n_detections=100
budget_delivered,halt,300.tiff,0,hem_mask_fill_1um,True,n_detections=100
budget_delivered,halt,300.tiff,1,default_51,True,n_detections=100
budget_delivered,halt,300.tiff,1,default_51,True,n_detections=100
budget_delivered,halt,300.tiff,1,hem_rect_fill,True,n_detections=99
budget_delivered,halt,300.tiff,1,hem_rect_fill,True,n_detections=99
budget_delivered,halt,300.tiff,1,hem_rect_fill_1um,True,n_detections=99
budget_delivered,halt,300.tiff,1,hem_rect_fill_1um,True,n_detections=99
budget_delivered,halt,300.tiff,1,hem_mask_fill_1um,True,n_detections=99
budget_delivered,halt,300.tiff,1,hem_mask_fill_1um,True,n_detections=99
budget_delivered,halt,300.tiff,2,default_51,True,n_detections=100
budget_delivered,halt,300.tiff,2,default_51,True,n_detections=100
budget_delivered,halt,300.tiff,2,hem_rect_fill,True,n_detections=99
budget_delivered,halt,300.tiff,2,hem_rect_fill,True,n_detections=99
budget_delivered,halt,300.tiff,2,hem_rect_fill_1um,True,n_detections=100
budget_delivered,halt,300.tiff,2,hem_rect_fill_1um,True,n_detections=100
budget_delivered,halt,300.tiff,2,hem_mask_fill_1um,True,n_detections=100
budget_delivered,halt,300.tiff,2,hem_mask_fill_1um,True,n_detections=100
budget_delivered,halt,300.tiff,3,default_51,True,n_detections=100
budget_delivered,halt,300.tiff,3,default_51,True,n_detections=100
budget_delivered,halt,300.tiff,3,hem_rect_fill,True,n_detections=100
budget_delivered,halt,300.tiff,3,hem_rect_fill,True,n_detections=100
budget_delivered,halt,300.tiff,3,hem_rect_fill_1um,True,n_detections=100
budget_delivered,halt,300.tiff,3,hem_rect_fill_1um,True,n_detections=100
budget_delivered,halt,300.tiff,3,hem_mask_fill_1um,True,n_detections=100
budget_delivered,halt,300.tiff,3,hem_mask_fill_1um,True,n_detections=100
budget_delivered,halt,300.tiff,4,default_51,True,n_detections=99
budget_delivered,halt,300.tiff,4,default_51,True,n_detections=99
budget_delivered,halt,300.tiff,4,hem_rect_fill,True,n_detections=100
budget_delivered,halt,300.tiff,4,hem_rect_fill,True,n_detections=100
budget_delivered,halt,300.tiff,4,hem_rect_fill_1um,True,n_detections=100
budget_delivered,halt,300.tiff,4,hem_rect_fill_1um,True,n_detections=100
budget_delivered,halt,300.tiff,4,hem_mask_fill_1um,True,n_detections=100
budget_delivered,halt,300.tiff,4,hem_mask_fill_1um,True,n_detections=100
budget_delivered,halt,300.tiff,5,default_51,True,n_detections=99
budget_delivered,halt,300.tiff,5,default_51,True,n_detections=99
budget_delivered,halt,300.tiff,5,hem_rect_fill,True,n_detections=99
budget_delivered,halt,300.tiff,5,hem_rect_fill,True,n_detections=99
budget_delivered,halt,300.tiff,5,hem_rect_fill_1um,True,n_detections=99
budget_delivered,halt,300.tiff,5,hem_rect_fill_1um,True,n_detections=99
budget_delivered,halt,300.tiff,5,hem_mask_fill_1um,True,n_detections=99
budget_delivered,halt,300.tiff,5,hem_mask_fill_1um,True,n_detections=99
budget_delivered,halt,301.tiff,0,default_51,True,n_detections=100
budget_delivered,halt,301.tiff,0,default_51,True,n_detections=100
budget_delivered,halt,301.tiff,0,hem_rect_fill,True,n_detections=100
budget_delivered,halt,301.tiff,0,hem_rect_fill,True,n_detections=100
budget_delivered,halt,301.tiff,0,hem_rect_fill_1um,True,n_detections=100
budget_delivered,halt,301.tiff,0,hem_rect_fill_1um,True,n_detections=100
budget_delivered,halt,301.tiff,0,hem_mask_fill_1um,True,n_detections=100
budget_delivered,halt,301.tiff,0,hem_mask_fill_1um,True,n_detections=100
budget_delivered,halt,301.tiff,1,default_51,True,n_detections=100
budget_delivered,halt,301.tiff,1,default_51,True,n_detections=100
budget_delivered,halt,301.tiff,1,hem_rect_fill,True,n_detections=100
budget_delivered,halt,301.tiff,1,hem_rect_fill,True,n_detections=100
budget_delivered,halt,301.tiff,1,hem_rect_fill_1um,True,n_detections=100
budget_delivered,halt,301.tiff,1,hem_rect_fill_1um,True,n_detections=100
budget_delivered,halt,301.tiff,1,hem_mask_fill_1um,True,n_detections=100
budget_delivered,halt,301.tiff,1,hem_mask_fill_1um,True,n_detections=100
budget_delivered,halt,301.tiff,2,default_51,True,n_detections=94
budget_delivered,halt,301.tiff,2,default_51,True,n_detections=94
budget_delivered,halt,301.tiff,2,hem_rect_fill,True,n_detections=98
budget_delivered,halt,301.tiff,2,hem_rect_fill,True,n_detections=98
budget_delivered,halt,301.tiff,2,hem_rect_fill_1um,True,n_detections=97
budget_delivered,halt,301.tiff,2,hem_rect_fill_1um,True,n_detections=97
budget_delivered,halt,301.tiff,2,hem_mask_fill_1um,True,n_detections=97
budget_delivered,halt,301.tiff,2,hem_mask_fill_1um,True,n_detections=97
budget_delivered,halt,301.tiff,3,default_51,True,n_detections=100
budget_delivered,halt,301.tiff,3,default_51,True,n_detections=100
budget_delivered,halt,301.tiff,3,hem_rect_fill,True,n_detections=100
budget_delivered,halt,301.tiff,3,hem_rect_fill,True,n_detections=100
budget_delivered,halt,301.tiff,3,hem_rect_fill_1um,True,n_detections=100
budget_delivered,halt,301.tiff,3,hem_rect_fill_1um,True,n_detections=100
budget_delivered,halt,301.tiff,3,hem_mask_fill_1um,True,n_detections=100
budget_delivered,halt,301.tiff,3,hem_mask_fill_1um,True,n_detections=100
budget_delivered,halt,301.tiff,4,default_51,True,n_detections=100
budget_delivered,halt,301.tiff,4,default_51,True,n_detections=100
budget_delivered,halt,301.tiff,4,hem_rect_fill,True,n_detections=100
budget_delivered,halt,301.tiff,4,hem_rect_fill,True,n_detections=100
budget_delivered,halt,301.tiff,4,hem_rect_fill_1um,True,n_detections=100
budget_delivered,halt,301.tiff,4,hem_rect_fill_1um,True,n_detections=100
budget_delivered,halt,301.tiff,4,hem_mask_fill_1um,True,n_detections=100
budget_delivered,halt,301.tiff,4,hem_mask_fill_1um,True,n_detections=100
budget_delivered,halt,301.tiff,5,default_51,True,n_detections=100
budget_delivered,halt,301.tiff,5,default_51,True,n_detections=100
budget_delivered,halt,301.tiff,5,hem_rect_fill,True,n_detections=100
budget_delivered,halt,301.tiff,5,hem_rect_fill,True,n_detections=100
budget_delivered,halt,301.tiff,5,hem_rect_fill_1um,True,n_detections=100
budget_delivered,halt,301.tiff,5,hem_rect_fill_1um,True,n_detections=100
budget_delivered,halt,301.tiff,5,hem_mask_fill_1um,True,n_detections=100
budget_delivered,halt,301.tiff,5,hem_mask_fill_1um,True,n_detections=100
budget_delivered,halt,322.tiff,0,default_51,True,n_detections=100
budget_delivered,halt,322.tiff,0,default_51,True,n_detections=100
budget_delivered,halt,322.tiff,0,hem_rect_fill,True,n_detections=100
budget_delivered,halt,322.tiff,0,hem_rect_fill,True,n_detections=100
budget_delivered,halt,322.tiff,0,hem_rect_fill_1um,True,n_detections=100
budget_delivered,halt,322.tiff,0,hem_rect_fill_1um,True,n_detections=100
budget_delivered,halt,322.tiff,0,hem_mask_fill_1um,True,n_detections=100
budget_delivered,halt,322.tiff,0,hem_mask_fill_1um,True,n_detections=100
budget_delivered,halt,322.tiff,1,default_51,True,n_detections=99
budget_delivered,halt,322.tiff,1,default_51,True,n_detections=99
budget_delivered,halt,322.tiff,1,hem_rect_fill,True,n_detections=100
budget_delivered,halt,322.tiff,1,hem_rect_fill,True,n_detections=100
budget_delivered,halt,322.tiff,1,hem_rect_fill_1um,True,n_detections=99
budget_delivered,halt,322.tiff,1,hem_rect_fill_1um,True,n_detections=99
budget_delivered,halt,322.tiff,1,hem_mask_fill_1um,True,n_detections=99
budget_delivered,halt,322.tiff,1,hem_mask_fill_1um,True,n_detections=99
budget_delivered,halt,322.tiff,2,default_51,True,n_detections=100
budget_delivered,halt,322.tiff,2,default_51,True,n_detections=100
budget_delivered,halt,322.tiff,2,hem_rect_fill,True,n_detections=100
budget_delivered,halt,322.tiff,2,hem_rect_fill,True,n_detections=100
budget_delivered,halt,322.tiff,2,hem_rect_fill_1um,True,n_detections=100
budget_delivered,halt,322.tiff,2,hem_rect_fill_1um,True,n_detections=100
budget_delivered,halt,322.tiff,2,hem_mask_fill_1um,True,n_detections=100
budget_delivered,halt,322.tiff,2,hem_mask_fill_1um,True,n_detections=100
budget_delivered,halt,322.tiff,3,default_51,True,n_detections=100
budget_delivered,halt,322.tiff,3,default_51,True,n_detections=100
budget_delivered,halt,322.tiff,3,hem_rect_fill,True,n_detections=100
budget_delivered,halt,322.tiff,3,hem_rect_fill,True,n_detections=100
budget_delivered,halt,322.tiff,3,hem_rect_fill_1um,True,n_detections=100
budget_delivered,halt,322.tiff,3,hem_rect_fill_1um,True,n_detections=100
budget_delivered,halt,322.tiff,3,hem_mask_fill_1um,True,n_detections=100
budget_delivered,halt,322.tiff,3,hem_mask_fill_1um,True,n_detections=100
budget_delivered,halt,322.tiff,4,default_51,True,n_detections=100
budget_delivered,halt,322.tiff,4,default_51,True,n_detections=100
budget_delivered,halt,322.tiff,4,hem_rect_fill,True,n_detections=100
budget_delivered,halt,322.tiff,4,hem_rect_fill,True,n_detections=100
budget_delivered,halt,322.tiff,4,hem_rect_fill_1um,True,n_detections=100
budget_delivered,halt,322.tiff,4,hem_rect_fill_1um,True,n_detections=100
budget_delivered,halt,322.tiff,4,hem_mask_fill_1um,True,n_detections=100
budget_delivered,halt,322.tiff,4,hem_mask_fill_1um,True,n_detections=100
budget_delivered,halt,322.tiff,5,default_51,True,n_detections=98
budget_delivered,halt,322.tiff,5,default_51,True,n_detections=98
budget_delivered,halt,322.tiff,5,hem_rect_fill,True,n_detections=99
budget_delivered,halt,322.tiff,5,hem_rect_fill,True,n_detections=99
budget_delivered,halt,322.tiff,5,hem_rect_fill_1um,True,n_detections=99
budget_delivered,halt,322.tiff,5,hem_rect_fill_1um,True,n_detections=99
budget_delivered,halt,322.tiff,5,hem_mask_fill_1um,True,n_detections=100
budget_delivered,halt,322.tiff,5,hem_mask_fill_1um,True,n_detections=100
budget_delivered,halt,337.tiff,0,default_51,True,n_detections=100
budget_delivered,halt,337.tiff,0,default_51,True,n_detections=100
budget_delivered,halt,337.tiff,0,hem_rect_fill,True,n_detections=100
budget_delivered,halt,337.tiff,0,hem_rect_fill,True,n_detections=100
budget_delivered,halt,337.tiff,0,hem_rect_fill_1um,True,n_detections=99
budget_delivered,halt,337.tiff,0,hem_rect_fill_1um,True,n_detections=99
budget_delivered,halt,337.tiff,0,hem_mask_fill_1um,True,n_detections=99
budget_delivered,halt,337.tiff,0,hem_mask_fill_1um,True,n_detections=99
budget_delivered,halt,337.tiff,1,default_51,True,n_detections=100
budget_delivered,halt,337.tiff,1,default_51,True,n_detections=100
budget_delivered,halt,337.tiff,1,hem_rect_fill,True,n_detections=100
budget_delivered,halt,337.tiff,1,hem_rect_fill,True,n_detections=100
budget_delivered,halt,337.tiff,1,hem_rect_fill_1um,True,n_detections=100
budget_delivered,halt,337.tiff,1,hem_rect_fill_1um,True,n_detections=100
budget_delivered,halt,337.tiff,1,hem_mask_fill_1um,True,n_detections=100
budget_delivered,halt,337.tiff,1,hem_mask_fill_1um,True,n_detections=100
budget_delivered,halt,337.tiff,2,default_51,True,n_detections=100
budget_delivered,halt,337.tiff,2,default_51,True,n_detections=100
budget_delivered,halt,337.tiff,2,hem_rect_fill,True,n_detections=100
budget_delivered,halt,337.tiff,2,hem_rect_fill,True,n_detections=100
budget_delivered,halt,337.tiff,2,hem_rect_fill_1um,True,n_detections=100
budget_delivered,halt,337.tiff,2,hem_rect_fill_1um,True,n_detections=100
budget_delivered,halt,337.tiff,2,hem_mask_fill_1um,True,n_detections=100
budget_delivered,halt,337.tiff,2,hem_mask_fill_1um,True,n_detections=100
budget_delivered,halt,337.tiff,3,default_51,True,n_detections=100
budget_delivered,halt,337.tiff,3,default_51,True,n_detections=100
budget_delivered,halt,337.tiff,3,hem_rect_fill,True,n_detections=99
budget_delivered,halt,337.tiff,3,hem_rect_fill,True,n_detections=99
budget_delivered,halt,337.tiff,3,hem_rect_fill_1um,True,n_detections=99
budget_delivered,halt,337.tiff,3,hem_rect_fill_1um,True,n_detections=99
budget_delivered,halt,337.tiff,3,hem_mask_fill_1um,True,n_detections=99
budget_delivered,halt,337.tiff,3,hem_mask_fill_1um,True,n_detections=99
budget_delivered,halt,337.tiff,4,default_51,True,n_detections=100
budget_delivered,halt,337.tiff,4,default_51,True,n_detections=100
budget_delivered,halt,337.tiff,4,hem_rect_fill,True,n_detections=100
budget_delivered,halt,337.tiff,4,hem_rect_fill,True,n_detections=100
budget_delivered,halt,337.tiff,4,hem_rect_fill_1um,True,n_detections=100
budget_delivered,halt,337.tiff,4,hem_rect_fill_1um,True,n_detections=100
budget_delivered,halt,337.tiff,4,hem_mask_fill_1um,True,n_detections=100
budget_delivered,halt,337.tiff,4,hem_mask_fill_1um,True,n_detections=100
budget_delivered,halt,337.tiff,5,default_51,True,n_detections=99
budget_delivered,halt,337.tiff,5,default_51,True,n_detections=99
budget_delivered,halt,337.tiff,5,hem_rect_fill,True,n_detections=100
budget_delivered,halt,337.tiff,5,hem_rect_fill,True,n_detections=100
budget_delivered,halt,337.tiff,5,hem_rect_fill_1um,True,n_detections=100
budget_delivered,halt,337.tiff,5,hem_rect_fill_1um,True,n_detections=100
budget_delivered,halt,337.tiff,5,hem_mask_fill_1um,True,n_detections=100
budget_delivered,halt,337.tiff,5,hem_mask_fill_1um,True,n_detections=100
budget_delivered,halt,339.tiff,0,default_51,True,n_detections=99
budget_delivered,halt,339.tiff,0,default_51,True,n_detections=99
budget_delivered,halt,339.tiff,0,hem_rect_fill,True,n_detections=99
budget_delivered,halt,339.tiff,0,hem_rect_fill,True,n_detections=99
budget_delivered,halt,339.tiff,0,hem_rect_fill_1um,True,n_detections=99
budget_delivered,halt,339.tiff,0,hem_rect_fill_1um,True,n_detections=99
budget_delivered,halt,339.tiff,0,hem_mask_fill_1um,True,n_detections=99
budget_delivered,halt,339.tiff,0,hem_mask_fill_1um,True,n_detections=99
budget_delivered,halt,339.tiff,1,default_51,True,n_detections=100
budget_delivered,halt,339.tiff,1,default_51,True,n_detections=100
budget_delivered,halt,339.tiff,1,hem_rect_fill,True,n_detections=100
budget_delivered,halt,339.tiff,1,hem_rect_fill,True,n_detections=100
budget_delivered,halt,339.tiff,1,hem_rect_fill_1um,True,n_detections=100
budget_delivered,halt,339.tiff,1,hem_rect_fill_1um,True,n_detections=100
budget_delivered,halt,339.tiff,1,hem_mask_fill_1um,True,n_detections=100
budget_delivered,halt,339.tiff,1,hem_mask_fill_1um,True,n_detections=100
budget_delivered,halt,339.tiff,2,default_51,True,n_detections=99
budget_delivered,halt,339.tiff,2,default_51,True,n_detections=99
budget_delivered,halt,339.tiff,2,hem_rect_fill,True,n_detections=99
budget_delivered,halt,339.tiff,2,hem_rect_fill,True,n_detections=99
budget_delivered,halt,339.tiff,2,hem_rect_fill_1um,True,n_detections=99
budget_delivered,halt,339.tiff,2,hem_rect_fill_1um,True,n_detections=99
budget_delivered,halt,339.tiff,2,hem_mask_fill_1um,True,n_detections=99
budget_delivered,halt,339.tiff,2,hem_mask_fill_1um,True,n_detections=99
budget_delivered,halt,339.tiff,3,default_51,True,n_detections=99
budget_delivered,halt,339.tiff,3,default_51,True,n_detections=99
budget_delivered,halt,339.tiff,3,hem_rect_fill,True,n_detections=99
budget_delivered,halt,339.tiff,3,hem_rect_fill,True,n_detections=99
budget_delivered,halt,339.tiff,3,hem_rect_fill_1um,True,n_detections=99
budget_delivered,halt,339.tiff,3,hem_rect_fill_1um,True,n_detections=99
budget_delivered,halt,339.tiff,3,hem_mask_fill_1um,True,n_detections=99
budget_delivered,halt,339.tiff,3,hem_mask_fill_1um,True,n_detections=99
budget_delivered,halt,339.tiff,4,default_51,True,n_detections=100
budget_delivered,halt,339.tiff,4,default_51,True,n_detections=100
budget_delivered,halt,339.tiff,4,hem_rect_fill,True,n_detections=100
budget_delivered,halt,339.tiff,4,hem_rect_fill,True,n_detections=100
budget_delivered,halt,339.tiff,4,hem_rect_fill_1um,True,n_detections=99
budget_delivered,halt,339.tiff,4,hem_rect_fill_1um,True,n_detections=99
budget_delivered,halt,339.tiff,4,hem_mask_fill_1um,True,n_detections=100
budget_delivered,halt,339.tiff,4,hem_mask_fill_1um,True,n_detections=100
budget_delivered,halt,339.tiff,5,default_51,True,n_detections=92
budget_delivered,halt,339.tiff,5,default_51,True,n_detections=92
budget_delivered,halt,339.tiff,5,hem_rect_fill,True,n_detections=93
budget_delivered,halt,339.tiff,5,hem_rect_fill,True,n_detections=93
budget_delivered,halt,339.tiff,5,hem_rect_fill_1um,True,n_detections=93
budget_delivered,halt,339.tiff,5,hem_rect_fill_1um,True,n_detections=93
budget_delivered,halt,339.tiff,5,hem_mask_fill_1um,True,n_detections=91
budget_delivered,halt,339.tiff,5,hem_mask_fill_1um,True,n_detections=91
budget_delivered,halt,343.tiff,0,default_51,True,n_detections=96
budget_delivered,halt,343.tiff,0,default_51,True,n_detections=96
budget_delivered,halt,343.tiff,0,hem_rect_fill,True,n_detections=99
budget_delivered,halt,343.tiff,0,hem_rect_fill,True,n_detections=99
budget_delivered,halt,343.tiff,0,hem_rect_fill_1um,True,n_detections=99
budget_delivered,halt,343.tiff,0,hem_rect_fill_1um,True,n_detections=99
budget_delivered,halt,343.tiff,0,hem_mask_fill_1um,True,n_detections=100
budget_delivered,halt,343.tiff,0,hem_mask_fill_1um,True,n_detections=100
budget_delivered,halt,343.tiff,1,default_51,True,n_detections=100
budget_delivered,halt,343.tiff,1,default_51,True,n_detections=100
budget_delivered,halt,343.tiff,1,hem_rect_fill,True,n_detections=99
budget_delivered,halt,343.tiff,1,hem_rect_fill,True,n_detections=99
budget_delivered,halt,343.tiff,1,hem_rect_fill_1um,True,n_detections=99
budget_delivered,halt,343.tiff,1,hem_rect_fill_1um,True,n_detections=99
budget_delivered,halt,343.tiff,1,hem_mask_fill_1um,True,n_detections=100
budget_delivered,halt,343.tiff,1,hem_mask_fill_1um,True,n_detections=100
budget_delivered,halt,343.tiff,2,default_51,True,n_detections=100
budget_delivered,halt,343.tiff,2,default_51,True,n_detections=100
budget_delivered,halt,343.tiff,2,hem_rect_fill,True,n_detections=100
budget_delivered,halt,343.tiff,2,hem_rect_fill,True,n_detections=100
budget_delivered,halt,343.tiff,2,hem_rect_fill_1um,True,n_detections=100
budget_delivered,halt,343.tiff,2,hem_rect_fill_1um,True,n_detections=100
budget_delivered,halt,343.tiff,2,hem_mask_fill_1um,True,n_detections=100
budget_delivered,halt,343.tiff,2,hem_mask_fill_1um,True,n_detections=100
budget_delivered,halt,343.tiff,3,default_51,True,n_detections=100
budget_delivered,halt,343.tiff,3,default_51,True,n_detections=100
budget_delivered,halt,343.tiff,3,hem_rect_fill,True,n_detections=100
budget_delivered,halt,343.tiff,3,hem_rect_fill,True,n_detections=100
budget_delivered,halt,343.tiff,3,hem_rect_fill_1um,True,n_detections=100
budget_delivered,halt,343.tiff,3,hem_rect_fill_1um,True,n_detections=100
budget_delivered,halt,343.tiff,3,hem_mask_fill_1um,True,n_detections=100
budget_delivered,halt,343.tiff,3,hem_mask_fill_1um,True,n_detections=100
budget_delivered,halt,343.tiff,4,default_51,True,n_detections=100
budget_delivered,halt,343.tiff,4,default_51,True,n_detections=100
budget_delivered,halt,343.tiff,4,hem_rect_fill,True,n_detections=100
budget_delivered,halt,343.tiff,4,hem_rect_fill,True,n_detections=100
budget_delivered,halt,343.tiff,4,hem_rect_fill_1um,True,n_detections=100
budget_delivered,halt,343.tiff,4,hem_rect_fill_1um,True,n_detections=100
budget_delivered,halt,343.tiff,4,hem_mask_fill_1um,True,n_detections=100
budget_delivered,halt,343.tiff,4,hem_mask_fill_1um,True,n_detections=100
budget_delivered,halt,343.tiff,5,default_51,True,n_detections=100
budget_delivered,halt,343.tiff,5,default_51,True,n_detections=100
budget_delivered,halt,343.tiff,5,hem_rect_fill,True,n_detections=100
budget_delivered,halt,343.tiff,5,hem_rect_fill,True,n_detections=100
budget_delivered,halt,343.tiff,5,hem_rect_fill_1um,True,n_detections=100
budget_delivered,halt,343.tiff,5,hem_rect_fill_1um,True,n_detections=100
budget_delivered,halt,343.tiff,5,hem_mask_fill_1um,True,n_detections=100
budget_delivered,halt,343.tiff,5,hem_mask_fill_1um,True,n_detections=100
budget_delivered,halt,344.tiff,0,default_51,True,n_detections=100
budget_delivered,halt,344.tiff,0,default_51,True,n_detections=100
budget_delivered,halt,344.tiff,0,hem_rect_fill,True,n_detections=100
budget_delivered,halt,344.tiff,0,hem_rect_fill,True,n_detections=100
budget_delivered,halt,344.tiff,0,hem_rect_fill_1um,True,n_detections=100
budget_delivered,halt,344.tiff,0,hem_rect_fill_1um,True,n_detections=100
budget_delivered,halt,344.tiff,0,hem_mask_fill_1um,True,n_detections=100
budget_delivered,halt,344.tiff,0,hem_mask_fill_1um,True,n_detections=100
budget_delivered,halt,344.tiff,1,default_51,True,n_detections=99
budget_delivered,halt,344.tiff,1,default_51,True,n_detections=99
budget_delivered,halt,344.tiff,1,hem_rect_fill,True,n_detections=100
budget_delivered,halt,344.tiff,1,hem_rect_fill,True,n_detections=100
budget_delivered,halt,344.tiff,1,hem_rect_fill_1um,True,n_detections=100
budget_delivered,halt,344.tiff,1,hem_rect_fill_1um,True,n_detections=100
budget_delivered,halt,344.tiff,1,hem_mask_fill_1um,True,n_detections=100
budget_delivered,halt,344.tiff,1,hem_mask_fill_1um,True,n_detections=100
budget_delivered,halt,344.tiff,2,default_51,True,n_detections=99
budget_delivered,halt,344.tiff,2,default_51,True,n_detections=99
budget_delivered,halt,344.tiff,2,hem_rect_fill,True,n_detections=99
budget_delivered,halt,344.tiff,2,hem_rect_fill,True,n_detections=99
budget_delivered,halt,344.tiff,2,hem_rect_fill_1um,True,n_detections=99
budget_delivered,halt,344.tiff,2,hem_rect_fill_1um,True,n_detections=99
budget_delivered,halt,344.tiff,2,hem_mask_fill_1um,True,n_detections=99
budget_delivered,halt,344.tiff,2,hem_mask_fill_1um,True,n_detections=99
budget_delivered,halt,344.tiff,3,default_51,True,n_detections=99
budget_delivered,halt,344.tiff,3,default_51,True,n_detections=99
budget_delivered,halt,344.tiff,3,hem_rect_fill,True,n_detections=100
budget_delivered,halt,344.tiff,3,hem_rect_fill,True,n_detections=100
budget_delivered,halt,344.tiff,3,hem_rect_fill_1um,True,n_detections=100
budget_delivered,halt,344.tiff,3,hem_rect_fill_1um,True,n_detections=100
budget_delivered,halt,344.tiff,3,hem_mask_fill_1um,True,n_detections=100
budget_delivered,halt,344.tiff,3,hem_mask_fill_1um,True,n_detections=100
budget_delivered,halt,344.tiff,4,default_51,True,n_detections=100
budget_delivered,halt,344.tiff,4,default_51,True,n_detections=100
budget_delivered,halt,344.tiff,4,hem_rect_fill,True,n_detections=100
budget_delivered,halt,344.tiff,4,hem_rect_fill,True,n_detections=100
budget_delivered,halt,344.tiff,4,hem_rect_fill_1um,True,n_detections=100
budget_delivered,halt,344.tiff,4,hem_rect_fill_1um,True,n_detections=100
budget_delivered,halt,344.tiff,4,hem_mask_fill_1um,True,n_detections=100
budget_delivered,halt,344.tiff,4,hem_mask_fill_1um,True,n_detections=100
budget_delivered,halt,344.tiff,5,default_51,True,n_detections=99
budget_delivered,halt,344.tiff,5,default_51,True,n_detections=99
budget_delivered,halt,344.tiff,5,hem_rect_fill,True,n_detections=100
budget_delivered,halt,344.tiff,5,hem_rect_fill,True,n_detections=100
budget_delivered,halt,344.tiff,5,hem_rect_fill_1um,True,n_detections=100
budget_delivered,halt,344.tiff,5,hem_rect_fill_1um,True,n_detections=100
budget_delivered,halt,344.tiff,5,hem_mask_fill_1um,True,n_detections=100
budget_delivered,halt,344.tiff,5,hem_mask_fill_1um,True,n_detections=100
budget_delivered,halt,201.tiff,0,default_51,True,n_detections=99
budget_delivered,halt,201.tiff,0,default_51,True,n_detections=99
budget_delivered,halt,201.tiff,0,hem_rect_fill,True,n_detections=98
budget_delivered,halt,201.tiff,0,hem_rect_fill,True,n_detections=98
budget_delivered,halt,201.tiff,0,hem_rect_fill_1um,True,n_detections=99
budget_delivered,halt,201.tiff,0,hem_rect_fill_1um,True,n_detections=99
budget_delivered,halt,201.tiff,0,hem_mask_fill_1um,True,n_detections=99
budget_delivered,halt,201.tiff,0,hem_mask_fill_1um,True,n_detections=99
budget_delivered,halt,201.tiff,1,default_51,True,n_detections=100
budget_delivered,halt,201.tiff,1,default_51,True,n_detections=100
budget_delivered,halt,201.tiff,1,hem_rect_fill,True,n_detections=99
budget_delivered,halt,201.tiff,1,hem_rect_fill,True,n_detections=99
budget_delivered,halt,201.tiff,1,hem_rect_fill_1um,True,n_detections=99
budget_delivered,halt,201.tiff,1,hem_rect_fill_1um,True,n_detections=99
budget_delivered,halt,201.tiff,1,hem_mask_fill_1um,True,n_detections=100
budget_delivered,halt,201.tiff,1,hem_mask_fill_1um,True,n_detections=100
budget_delivered,halt,201.tiff,2,default_51,True,n_detections=100
budget_delivered,halt,201.tiff,2,default_51,True,n_detections=100
budget_delivered,halt,201.tiff,2,hem_rect_fill,True,n_detections=99
budget_delivered,halt,201.tiff,2,hem_rect_fill,True,n_detections=99
budget_delivered,halt,201.tiff,2,hem_rect_fill_1um,True,n_detections=99
budget_delivered,halt,201.tiff,2,hem_rect_fill_1um,True,n_detections=99
budget_delivered,halt,201.tiff,2,hem_mask_fill_1um,True,n_detections=99
budget_delivered,halt,201.tiff,2,hem_mask_fill_1um,True,n_detections=99
budget_delivered,halt,201.tiff,3,default_51,True,n_detections=100
budget_delivered,halt,201.tiff,3,default_51,True,n_detections=100
budget_delivered,halt,201.tiff,3,hem_rect_fill,True,n_detections=99
budget_delivered,halt,201.tiff,3,hem_rect_fill,True,n_detections=99
budget_delivered,halt,201.tiff,3,hem_rect_fill_1um,True,n_detections=98
budget_delivered,halt,201.tiff,3,hem_rect_fill_1um,True,n_detections=98
budget_delivered,halt,201.tiff,3,hem_mask_fill_1um,True,n_detections=99
budget_delivered,halt,201.tiff,3,hem_mask_fill_1um,True,n_detections=99
budget_delivered,halt,201.tiff,4,default_51,True,n_detections=99
budget_delivered,halt,201.tiff,4,default_51,True,n_detections=99
budget_delivered,halt,201.tiff,4,hem_rect_fill,True,n_detections=99
budget_delivered,halt,201.tiff,4,hem_rect_fill,True,n_detections=99
budget_delivered,halt,201.tiff,4,hem_rect_fill_1um,True,n_detections=98
budget_delivered,halt,201.tiff,4,hem_rect_fill_1um,True,n_detections=98
budget_delivered,halt,201.tiff,4,hem_mask_fill_1um,True,n_detections=98
budget_delivered,halt,201.tiff,4,hem_mask_fill_1um,True,n_detections=98
budget_delivered,halt,201.tiff,5,default_51,True,n_detections=99
budget_delivered,halt,201.tiff,5,default_51,True,n_detections=99
budget_delivered,halt,201.tiff,5,hem_rect_fill,True,n_detections=100
budget_delivered,halt,201.tiff,5,hem_rect_fill,True,n_detections=100
budget_delivered,halt,201.tiff,5,hem_rect_fill_1um,True,n_detections=100
budget_delivered,halt,201.tiff,5,hem_rect_fill_1um,True,n_detections=100
budget_delivered,halt,201.tiff,5,hem_mask_fill_1um,True,n_detections=100
budget_delivered,halt,201.tiff,5,hem_mask_fill_1um,True,n_detections=100
budget_delivered,halt,233.tiff,0,default_51,True,n_detections=100
budget_delivered,halt,233.tiff,0,default_51,True,n_detections=100
budget_delivered,halt,233.tiff,0,hem_rect_fill,True,n_detections=100
budget_delivered,halt,233.tiff,0,hem_rect_fill,True,n_detections=100
budget_delivered,halt,233.tiff,0,hem_rect_fill_1um,True,n_detections=100
budget_delivered,halt,233.tiff,0,hem_rect_fill_1um,True,n_detections=100
budget_delivered,halt,233.tiff,0,hem_mask_fill_1um,True,n_detections=100
budget_delivered,halt,233.tiff,0,hem_mask_fill_1um,True,n_detections=100
budget_delivered,halt,233.tiff,1,default_51,True,n_detections=100
budget_delivered,halt,233.tiff,1,default_51,True,n_detections=100
budget_delivered,halt,233.tiff,1,hem_rect_fill,True,n_detections=100
budget_delivered,halt,233.tiff,1,hem_rect_fill,True,n_detections=100
budget_delivered,halt,233.tiff,1,hem_rect_fill_1um,True,n_detections=100
budget_delivered,halt,233.tiff,1,hem_rect_fill_1um,True,n_detections=100
budget_delivered,halt,233.tiff,1,hem_mask_fill_1um,True,n_detections=100
budget_delivered,halt,233.tiff,1,hem_mask_fill_1um,True,n_detections=100
budget_delivered,halt,233.tiff,2,default_51,True,n_detections=100
budget_delivered,halt,233.tiff,2,default_51,True,n_detections=100
budget_delivered,halt,233.tiff,2,hem_rect_fill,True,n_detections=100
budget_delivered,halt,233.tiff,2,hem_rect_fill,True,n_detections=100
budget_delivered,halt,233.tiff,2,hem_rect_fill_1um,True,n_detections=100
budget_delivered,halt,233.tiff,2,hem_rect_fill_1um,True,n_detections=100
budget_delivered,halt,233.tiff,2,hem_mask_fill_1um,True,n_detections=100
budget_delivered,halt,233.tiff,2,hem_mask_fill_1um,True,n_detections=100
budget_delivered,halt,233.tiff,3,default_51,True,n_detections=100
budget_delivered,halt,233.tiff,3,default_51,True,n_detections=100
budget_delivered,halt,233.tiff,3,hem_rect_fill,True,n_detections=100
budget_delivered,halt,233.tiff,3,hem_rect_fill,True,n_detections=100
budget_delivered,halt,233.tiff,3,hem_rect_fill_1um,True,n_detections=100
budget_delivered,halt,233.tiff,3,hem_rect_fill_1um,True,n_detections=100
budget_delivered,halt,233.tiff,3,hem_mask_fill_1um,True,n_detections=100
budget_delivered,halt,233.tiff,3,hem_mask_fill_1um,True,n_detections=100
budget_delivered,halt,233.tiff,4,default_51,True,n_detections=100
budget_delivered,halt,233.tiff,4,default_51,True,n_detections=100
budget_delivered,halt,233.tiff,4,hem_rect_fill,True,n_detections=100
budget_delivered,halt,233.tiff,4,hem_rect_fill,True,n_detections=100
budget_delivered,halt,233.tiff,4,hem_rect_fill_1um,True,n_detections=100
budget_delivered,halt,233.tiff,4,hem_rect_fill_1um,True,n_detections=100
budget_delivered,halt,233.tiff,4,hem_mask_fill_1um,True,n_detections=100
budget_delivered,halt,233.tiff,4,hem_mask_fill_1um,True,n_detections=100
budget_delivered,halt,233.tiff,5,default_51,True,n_detections=100
budget_delivered,halt,233.tiff,5,default_51,True,n_detections=100
budget_delivered,halt,233.tiff,5,hem_rect_fill,True,n_detections=100
budget_delivered,halt,233.tiff,5,hem_rect_fill,True,n_detections=100
budget_delivered,halt,233.tiff,5,hem_rect_fill_1um,True,n_detections=99
budget_delivered,halt,233.tiff,5,hem_rect_fill_1um,True,n_detections=99
budget_delivered,halt,233.tiff,5,hem_mask_fill_1um,True,n_detections=100
budget_delivered,halt,233.tiff,5,hem_mask_fill_1um,True,n_detections=100
budget_delivered,halt,211.tiff,0,default_51,True,n_detections=100
budget_delivered,halt,211.tiff,0,default_51,True,n_detections=100
budget_delivered,halt,211.tiff,0,hem_rect_fill,True,n_detections=100
budget_delivered,halt,211.tiff,0,hem_rect_fill,True,n_detections=100
budget_delivered,halt,211.tiff,0,hem_rect_fill_1um,True,n_detections=100
budget_delivered,halt,211.tiff,0,hem_rect_fill_1um,True,n_detections=100
budget_delivered,halt,211.tiff,0,hem_mask_fill_1um,True,n_detections=100
budget_delivered,halt,211.tiff,0,hem_mask_fill_1um,True,n_detections=100
budget_delivered,halt,211.tiff,1,default_51,True,n_detections=99
budget_delivered,halt,211.tiff,1,default_51,True,n_detections=99
budget_delivered,halt,211.tiff,1,hem_rect_fill,True,n_detections=100
budget_delivered,halt,211.tiff,1,hem_rect_fill,True,n_detections=100
budget_delivered,halt,211.tiff,1,hem_rect_fill_1um,True,n_detections=99
budget_delivered,halt,211.tiff,1,hem_rect_fill_1um,True,n_detections=99
budget_delivered,halt,211.tiff,1,hem_mask_fill_1um,True,n_detections=100
budget_delivered,halt,211.tiff,1,hem_mask_fill_1um,True,n_detections=100
budget_delivered,halt,211.tiff,2,default_51,True,n_detections=100
budget_delivered,halt,211.tiff,2,default_51,True,n_detections=100
budget_delivered,halt,211.tiff,2,hem_rect_fill,True,n_detections=99
budget_delivered,halt,211.tiff,2,hem_rect_fill,True,n_detections=99
budget_delivered,halt,211.tiff,2,hem_rect_fill_1um,True,n_detections=99
budget_delivered,halt,211.tiff,2,hem_rect_fill_1um,True,n_detections=99
budget_delivered,halt,211.tiff,2,hem_mask_fill_1um,True,n_detections=99
budget_delivered,halt,211.tiff,2,hem_mask_fill_1um,True,n_detections=99
budget_delivered,halt,211.tiff,3,default_51,True,n_detections=99
budget_delivered,halt,211.tiff,3,default_51,True,n_detections=99
budget_delivered,halt,211.tiff,3,hem_rect_fill,True,n_detections=98
budget_delivered,halt,211.tiff,3,hem_rect_fill,True,n_detections=98
budget_delivered,halt,211.tiff,3,hem_rect_fill_1um,True,n_detections=98
budget_delivered,halt,211.tiff,3,hem_rect_fill_1um,True,n_detections=98
budget_delivered,halt,211.tiff,3,hem_mask_fill_1um,True,n_detections=98
budget_delivered,halt,211.tiff,3,hem_mask_fill_1um,True,n_detections=98
budget_delivered,halt,211.tiff,4,default_51,True,n_detections=99
budget_delivered,halt,211.tiff,4,default_51,True,n_detections=99
budget_delivered,halt,211.tiff,4,hem_rect_fill,True,n_detections=100
budget_delivered,halt,211.tiff,4,hem_rect_fill,True,n_detections=100
budget_delivered,halt,211.tiff,4,hem_rect_fill_1um,True,n_detections=100
budget_delivered,halt,211.tiff,4,hem_rect_fill_1um,True,n_detections=100
budget_delivered,halt,211.tiff,4,hem_mask_fill_1um,True,n_detections=100
budget_delivered,halt,211.tiff,4,hem_mask_fill_1um,True,n_detections=100
budget_delivered,halt,211.tiff,5,default_51,True,n_detections=99
budget_delivered,halt,211.tiff,5,default_51,True,n_detections=99
budget_delivered,halt,211.tiff,5,hem_rect_fill,True,n_detections=99
budget_delivered,halt,211.tiff,5,hem_rect_fill,True,n_detections=99
budget_delivered,halt,211.tiff,5,hem_rect_fill_1um,True,n_detections=99
budget_delivered,halt,211.tiff,5,hem_rect_fill_1um,True,n_detections=99
budget_delivered,halt,211.tiff,5,hem_mask_fill_1um,True,n_detections=99
budget_delivered,halt,211.tiff,5,hem_mask_fill_1um,True,n_detections=99
budget_delivered,halt,220.tiff,0,default_51,True,n_detections=99
budget_delivered,halt,220.tiff,0,default_51,True,n_detections=99
budget_delivered,halt,220.tiff,0,hem_rect_fill,True,n_detections=99
budget_delivered,halt,220.tiff,0,hem_rect_fill,True,n_detections=99
budget_delivered,halt,220.tiff,0,hem_rect_fill_1um,True,n_detections=98
budget_delivered,halt,220.tiff,0,hem_rect_fill_1um,True,n_detections=98
budget_delivered,halt,220.tiff,0,hem_mask_fill_1um,True,n_detections=99
budget_delivered,halt,220.tiff,0,hem_mask_fill_1um,True,n_detections=99
budget_delivered,halt,220.tiff,1,default_51,True,n_detections=100
budget_delivered,halt,220.tiff,1,default_51,True,n_detections=100
budget_delivered,halt,220.tiff,1,hem_rect_fill,True,n_detections=99
budget_delivered,halt,220.tiff,1,hem_rect_fill,True,n_detections=99
budget_delivered,halt,220.tiff,1,hem_rect_fill_1um,True,n_detections=99
budget_delivered,halt,220.tiff,1,hem_rect_fill_1um,True,n_detections=99
budget_delivered,halt,220.tiff,1,hem_mask_fill_1um,True,n_detections=99
budget_delivered,halt,220.tiff,1,hem_mask_fill_1um,True,n_detections=99
budget_delivered,halt,220.tiff,2,default_51,True,n_detections=100
budget_delivered,halt,220.tiff,2,default_51,True,n_detections=100
budget_delivered,halt,220.tiff,2,hem_rect_fill,True,n_detections=100
budget_delivered,halt,220.tiff,2,hem_rect_fill,True,n_detections=100
budget_delivered,halt,220.tiff,2,hem_rect_fill_1um,True,n_detections=100
budget_delivered,halt,220.tiff,2,hem_rect_fill_1um,True,n_detections=100
budget_delivered,halt,220.tiff,2,hem_mask_fill_1um,True,n_detections=100
budget_delivered,halt,220.tiff,2,hem_mask_fill_1um,True,n_detections=100
budget_delivered,halt,220.tiff,3,default_51,True,n_detections=100
budget_delivered,halt,220.tiff,3,default_51,True,n_detections=100
budget_delivered,halt,220.tiff,3,hem_rect_fill,True,n_detections=100
budget_delivered,halt,220.tiff,3,hem_rect_fill,True,n_detections=100
budget_delivered,halt,220.tiff,3,hem_rect_fill_1um,True,n_detections=100
budget_delivered,halt,220.tiff,3,hem_rect_fill_1um,True,n_detections=100
budget_delivered,halt,220.tiff,3,hem_mask_fill_1um,True,n_detections=100
budget_delivered,halt,220.tiff,3,hem_mask_fill_1um,True,n_detections=100
budget_delivered,halt,220.tiff,4,default_51,True,n_detections=100
budget_delivered,halt,220.tiff,4,default_51,True,n_detections=100
budget_delivered,halt,220.tiff,4,hem_rect_fill,True,n_detections=100
budget_delivered,halt,220.tiff,4,hem_rect_fill,True,n_detections=100
budget_delivered,halt,220.tiff,4,hem_rect_fill_1um,True,n_detections=100
budget_delivered,halt,220.tiff,4,hem_rect_fill_1um,True,n_detections=100
budget_delivered,halt,220.tiff,4,hem_mask_fill_1um,True,n_detections=100
budget_delivered,halt,220.tiff,4,hem_mask_fill_1um,True,n_detections=100
budget_delivered,halt,220.tiff,5,default_51,True,n_detections=99
budget_delivered,halt,220.tiff,5,default_51,True,n_detections=99
budget_delivered,halt,220.tiff,5,hem_rect_fill,True,n_detections=99
budget_delivered,halt,220.tiff,5,hem_rect_fill,True,n_detections=99
budget_delivered,halt,220.tiff,5,hem_rect_fill_1um,True,n_detections=99
budget_delivered,halt,220.tiff,5,hem_rect_fill_1um,True,n_detections=99
budget_delivered,halt,220.tiff,5,hem_mask_fill_1um,True,n_detections=99
budget_delivered,halt,220.tiff,5,hem_mask_fill_1um,True,n_detections=99
budget_delivered,halt,230.tiff,0,default_51,True,n_detections=100
budget_delivered,halt,230.tiff,0,default_51,True,n_detections=100
budget_delivered,halt,230.tiff,0,hem_rect_fill,True,n_detections=100
budget_delivered,halt,230.tiff,0,hem_rect_fill,True,n_detections=100
budget_delivered,halt,230.tiff,0,hem_rect_fill_1um,True,n_detections=100
budget_delivered,halt,230.tiff,0,hem_rect_fill_1um,True,n_detections=100
budget_delivered,halt,230.tiff,0,hem_mask_fill_1um,True,n_detections=100
budget_delivered,halt,230.tiff,0,hem_mask_fill_1um,True,n_detections=100
budget_delivered,halt,230.tiff,1,default_51,True,n_detections=100
budget_delivered,halt,230.tiff,1,default_51,True,n_detections=100
budget_delivered,halt,230.tiff,1,hem_rect_fill,True,n_detections=100
budget_delivered,halt,230.tiff,1,hem_rect_fill,True,n_detections=100
budget_delivered,halt,230.tiff,1,hem_rect_fill_1um,True,n_detections=99
budget_delivered,halt,230.tiff,1,hem_rect_fill_1um,True,n_detections=99
budget_delivered,halt,230.tiff,1,hem_mask_fill_1um,True,n_detections=99
budget_delivered,halt,230.tiff,1,hem_mask_fill_1um,True,n_detections=99
budget_delivered,halt,230.tiff,2,default_51,True,n_detections=99
budget_delivered,halt,230.tiff,2,default_51,True,n_detections=99
budget_delivered,halt,230.tiff,2,hem_rect_fill,True,n_detections=99
budget_delivered,halt,230.tiff,2,hem_rect_fill,True,n_detections=99
budget_delivered,halt,230.tiff,2,hem_rect_fill_1um,True,n_detections=99
budget_delivered,halt,230.tiff,2,hem_rect_fill_1um,True,n_detections=99
budget_delivered,halt,230.tiff,2,hem_mask_fill_1um,True,n_detections=99
budget_delivered,halt,230.tiff,2,hem_mask_fill_1um,True,n_detections=99
budget_delivered,halt,230.tiff,3,default_51,True,n_detections=100
budget_delivered,halt,230.tiff,3,default_51,True,n_detections=100
budget_delivered,halt,230.tiff,3,hem_rect_fill,True,n_detections=100
budget_delivered,halt,230.tiff,3,hem_rect_fill,True,n_detections=100
budget_delivered,halt,230.tiff,3,hem_rect_fill_1um,True,n_detections=100
budget_delivered,halt,230.tiff,3,hem_rect_fill_1um,True,n_detections=100
budget_delivered,halt,230.tiff,3,hem_mask_fill_1um,True,n_detections=100
budget_delivered,halt,230.tiff,3,hem_mask_fill_1um,True,n_detections=100
budget_delivered,halt,230.tiff,4,default_51,True,n_detections=100
budget_delivered,halt,230.tiff,4,default_51,True,n_detections=100
budget_delivered,halt,230.tiff,4,hem_rect_fill,True,n_detections=100
budget_delivered,halt,230.tiff,4,hem_rect_fill,True,n_detections=100
budget_delivered,halt,230.tiff,4,hem_rect_fill_1um,True,n_detections=100
budget_delivered,halt,230.tiff,4,hem_rect_fill_1um,True,n_detections=100
budget_delivered,halt,230.tiff,4,hem_mask_fill_1um,True,n_detections=100
budget_delivered,halt,230.tiff,4,hem_mask_fill_1um,True,n_detections=100
budget_delivered,halt,230.tiff,5,default_51,True,n_detections=100
budget_delivered,halt,230.tiff,5,default_51,True,n_detections=100
budget_delivered,halt,230.tiff,5,hem_rect_fill,True,n_detections=100
budget_delivered,halt,230.tiff,5,hem_rect_fill,True,n_detections=100
budget_delivered,halt,230.tiff,5,hem_rect_fill_1um,True,n_detections=100
budget_delivered,halt,230.tiff,5,hem_rect_fill_1um,True,n_detections=100
budget_delivered,halt,230.tiff,5,hem_mask_fill_1um,True,n_detections=100
budget_delivered,halt,230.tiff,5,hem_mask_fill_1um,True,n_detections=100
budget_delivered,halt,235.tiff,0,default_51,True,n_detections=98
budget_delivered,halt,235.tiff,0,default_51,True,n_detections=98
budget_delivered,halt,235.tiff,0,hem_rect_fill,True,n_detections=99
budget_delivered,halt,235.tiff,0,hem_rect_fill,True,n_detections=99
budget_delivered,halt,235.tiff,0,hem_rect_fill_1um,True,n_detections=99
budget_delivered,halt,235.tiff,0,hem_rect_fill_1um,True,n_detections=99
budget_delivered,halt,235.tiff,0,hem_mask_fill_1um,True,n_detections=99
budget_delivered,halt,235.tiff,0,hem_mask_fill_1um,True,n_detections=99
budget_delivered,halt,235.tiff,1,default_51,True,n_detections=97
budget_delivered,halt,235.tiff,1,default_51,True,n_detections=97
budget_delivered,halt,235.tiff,1,hem_rect_fill,True,n_detections=99
budget_delivered,halt,235.tiff,1,hem_rect_fill,True,n_detections=99
budget_delivered,halt,235.tiff,1,hem_rect_fill_1um,True,n_detections=99
budget_delivered,halt,235.tiff,1,hem_rect_fill_1um,True,n_detections=99
budget_delivered,halt,235.tiff,1,hem_mask_fill_1um,True,n_detections=99
budget_delivered,halt,235.tiff,1,hem_mask_fill_1um,True,n_detections=99
budget_delivered,halt,235.tiff,2,default_51,True,n_detections=100
budget_delivered,halt,235.tiff,2,default_51,True,n_detections=100
budget_delivered,halt,235.tiff,2,hem_rect_fill,True,n_detections=100
budget_delivered,halt,235.tiff,2,hem_rect_fill,True,n_detections=100
budget_delivered,halt,235.tiff,2,hem_rect_fill_1um,True,n_detections=100
budget_delivered,halt,235.tiff,2,hem_rect_fill_1um,True,n_detections=100
budget_delivered,halt,235.tiff,2,hem_mask_fill_1um,True,n_detections=100
budget_delivered,halt,235.tiff,2,hem_mask_fill_1um,True,n_detections=100
budget_delivered,halt,235.tiff,3,default_51,True,n_detections=100
budget_delivered,halt,235.tiff,3,default_51,True,n_detections=100
budget_delivered,halt,235.tiff,3,hem_rect_fill,True,n_detections=100
budget_delivered,halt,235.tiff,3,hem_rect_fill,True,n_detections=100
budget_delivered,halt,235.tiff,3,hem_rect_fill_1um,True,n_detections=100
budget_delivered,halt,235.tiff,3,hem_rect_fill_1um,True,n_detections=100
budget_delivered,halt,235.tiff,3,hem_mask_fill_1um,True,n_detections=100
budget_delivered,halt,235.tiff,3,hem_mask_fill_1um,True,n_detections=100
budget_delivered,halt,235.tiff,4,default_51,True,n_detections=100
budget_delivered,halt,235.tiff,4,default_51,True,n_detections=100
budget_delivered,halt,235.tiff,4,hem_rect_fill,True,n_detections=99
budget_delivered,halt,235.tiff,4,hem_rect_fill,True,n_detections=99
budget_delivered,halt,235.tiff,4,hem_rect_fill_1um,True,n_detections=98
budget_delivered,halt,235.tiff,4,hem_rect_fill_1um,True,n_detections=98
budget_delivered,halt,235.tiff,4,hem_mask_fill_1um,True,n_detections=97
budget_delivered,halt,235.tiff,4,hem_mask_fill_1um,True,n_detections=97
budget_delivered,halt,235.tiff,5,default_51,True,n_detections=98
budget_delivered,halt,235.tiff,5,default_51,True,n_detections=98
budget_delivered,halt,235.tiff,5,hem_rect_fill,True,n_detections=98
budget_delivered,halt,235.tiff,5,hem_rect_fill,True,n_detections=98
budget_delivered,halt,235.tiff,5,hem_rect_fill_1um,True,n_detections=98
budget_delivered,halt,235.tiff,5,hem_rect_fill_1um,True,n_detections=98
budget_delivered,halt,235.tiff,5,hem_mask_fill_1um,True,n_detections=99
budget_delivered,halt,235.tiff,5,hem_mask_fill_1um,True,n_detections=99
budget_delivered,halt,242.tiff,0,default_51,True,n_detections=98
budget_delivered,halt,242.tiff,0,default_51,True,n_detections=98
budget_delivered,halt,242.tiff,0,hem_rect_fill,True,n_detections=99
budget_delivered,halt,242.tiff,0,hem_rect_fill,True,n_detections=99
budget_delivered,halt,242.tiff,0,hem_rect_fill_1um,True,n_detections=99
budget_delivered,halt,242.tiff,0,hem_rect_fill_1um,True,n_detections=99
budget_delivered,halt,242.tiff,0,hem_mask_fill_1um,True,n_detections=99
budget_delivered,halt,242.tiff,0,hem_mask_fill_1um,True,n_detections=99
budget_delivered,halt,242.tiff,1,default_51,True,n_detections=100
budget_delivered,halt,242.tiff,1,default_51,True,n_detections=100
budget_delivered,halt,242.tiff,1,hem_rect_fill,True,n_detections=100
budget_delivered,halt,242.tiff,1,hem_rect_fill,True,n_detections=100
budget_delivered,halt,242.tiff,1,hem_rect_fill_1um,True,n_detections=100
budget_delivered,halt,242.tiff,1,hem_rect_fill_1um,True,n_detections=100
budget_delivered,halt,242.tiff,1,hem_mask_fill_1um,True,n_detections=100
budget_delivered,halt,242.tiff,1,hem_mask_fill_1um,True,n_detections=100
budget_delivered,halt,242.tiff,2,default_51,True,n_detections=99
budget_delivered,halt,242.tiff,2,default_51,True,n_detections=99
budget_delivered,halt,242.tiff,2,hem_rect_fill,True,n_detections=99
budget_delivered,halt,242.tiff,2,hem_rect_fill,True,n_detections=99
budget_delivered,halt,242.tiff,2,hem_rect_fill_1um,True,n_detections=99
budget_delivered,halt,242.tiff,2,hem_rect_fill_1um,True,n_detections=99
budget_delivered,halt,242.tiff,2,hem_mask_fill_1um,True,n_detections=99
budget_delivered,halt,242.tiff,2,hem_mask_fill_1um,True,n_detections=99
budget_delivered,halt,242.tiff,3,default_51,True,n_detections=99
budget_delivered,halt,242.tiff,3,default_51,True,n_detections=99
budget_delivered,halt,242.tiff,3,hem_rect_fill,True,n_detections=100
budget_delivered,halt,242.tiff,3,hem_rect_fill,True,n_detections=100
budget_delivered,halt,242.tiff,3,hem_rect_fill_1um,True,n_detections=100
budget_delivered,halt,242.tiff,3,hem_rect_fill_1um,True,n_detections=100
budget_delivered,halt,242.tiff,3,hem_mask_fill_1um,True,n_detections=100
budget_delivered,halt,242.tiff,3,hem_mask_fill_1um,True,n_detections=100
budget_delivered,halt,242.tiff,4,default_51,True,n_detections=100
budget_delivered,halt,242.tiff,4,default_51,True,n_detections=100
budget_delivered,halt,242.tiff,4,hem_rect_fill,True,n_detections=100
budget_delivered,halt,242.tiff,4,hem_rect_fill,True,n_detections=100
budget_delivered,halt,242.tiff,4,hem_rect_fill_1um,True,n_detections=100
budget_delivered,halt,242.tiff,4,hem_rect_fill_1um,True,n_detections=100
budget_delivered,halt,242.tiff,4,hem_mask_fill_1um,True,n_detections=100
budget_delivered,halt,242.tiff,4,hem_mask_fill_1um,True,n_detections=100
budget_delivered,halt,242.tiff,5,default_51,True,n_detections=100
budget_delivered,halt,242.tiff,5,default_51,True,n_detections=100
budget_delivered,halt,242.tiff,5,hem_rect_fill,True,n_detections=100
budget_delivered,halt,242.tiff,5,hem_rect_fill,True,n_detections=100
budget_delivered,halt,242.tiff,5,hem_rect_fill_1um,True,n_detections=100
budget_delivered,halt,242.tiff,5,hem_rect_fill_1um,True,n_detections=100
budget_delivered,halt,242.tiff,5,hem_mask_fill_1um,True,n_detections=100
budget_delivered,halt,242.tiff,5,hem_mask_fill_1um,True,n_detections=100
budget_delivered,halt,245.tiff,0,default_51,True,n_detections=98
budget_delivered,halt,245.tiff,0,default_51,True,n_detections=98
budget_delivered,halt,245.tiff,0,hem_rect_fill,True,n_detections=97
budget_delivered,halt,245.tiff,0,hem_rect_fill,True,n_detections=97
budget_delivered,halt,245.tiff,0,hem_rect_fill_1um,True,n_detections=97
budget_delivered,halt,245.tiff,0,hem_rect_fill_1um,True,n_detections=97
budget_delivered,halt,245.tiff,0,hem_mask_fill_1um,True,n_detections=97
budget_delivered,halt,245.tiff,0,hem_mask_fill_1um,True,n_detections=97
budget_delivered,halt,245.tiff,1,default_51,True,n_detections=98
budget_delivered,halt,245.tiff,1,default_51,True,n_detections=98
budget_delivered,halt,245.tiff,1,hem_rect_fill,True,n_detections=96
budget_delivered,halt,245.tiff,1,hem_rect_fill,True,n_detections=96
budget_delivered,halt,245.tiff,1,hem_rect_fill_1um,True,n_detections=95
budget_delivered,halt,245.tiff,1,hem_rect_fill_1um,True,n_detections=95
budget_delivered,halt,245.tiff,1,hem_mask_fill_1um,True,n_detections=97
budget_delivered,halt,245.tiff,1,hem_mask_fill_1um,True,n_detections=97
budget_delivered,halt,245.tiff,2,default_51,True,n_detections=99
budget_delivered,halt,245.tiff,2,default_51,True,n_detections=99
budget_delivered,halt,245.tiff,2,hem_rect_fill,True,n_detections=99
budget_delivered,halt,245.tiff,2,hem_rect_fill,True,n_detections=99
budget_delivered,halt,245.tiff,2,hem_rect_fill_1um,True,n_detections=98
budget_delivered,halt,245.tiff,2,hem_rect_fill_1um,True,n_detections=98
budget_delivered,halt,245.tiff,2,hem_mask_fill_1um,True,n_detections=99
budget_delivered,halt,245.tiff,2,hem_mask_fill_1um,True,n_detections=99
budget_delivered,halt,245.tiff,3,default_51,True,n_detections=99
budget_delivered,halt,245.tiff,3,default_51,True,n_detections=99
budget_delivered,halt,245.tiff,3,hem_rect_fill,True,n_detections=100
budget_delivered,halt,245.tiff,3,hem_rect_fill,True,n_detections=100
budget_delivered,halt,245.tiff,3,hem_rect_fill_1um,True,n_detections=100
budget_delivered,halt,245.tiff,3,hem_rect_fill_1um,True,n_detections=100
budget_delivered,halt,245.tiff,3,hem_mask_fill_1um,True,n_detections=100
budget_delivered,halt,245.tiff,3,hem_mask_fill_1um,True,n_detections=100
budget_delivered,halt,245.tiff,4,default_51,True,n_detections=100
budget_delivered,halt,245.tiff,4,default_51,True,n_detections=100
budget_delivered,halt,245.tiff,4,hem_rect_fill,True,n_detections=99
budget_delivered,halt,245.tiff,4,hem_rect_fill,True,n_detections=99
budget_delivered,halt,245.tiff,4,hem_rect_fill_1um,True,n_detections=97
budget_delivered,halt,245.tiff,4,hem_rect_fill_1um,True,n_detections=97
budget_delivered,halt,245.tiff,4,hem_mask_fill_1um,True,n_detections=99
budget_delivered,halt,245.tiff,4,hem_mask_fill_1um,True,n_detections=99
budget_delivered,halt,245.tiff,5,default_51,True,n_detections=97
budget_delivered,halt,245.tiff,5,default_51,True,n_detections=97
budget_delivered,halt,245.tiff,5,hem_rect_fill,True,n_detections=99
budget_delivered,halt,245.tiff,5,hem_rect_fill,True,n_detections=99
budget_delivered,halt,245.tiff,5,hem_rect_fill_1um,True,n_detections=98
budget_delivered,halt,245.tiff,5,hem_rect_fill_1um,True,n_detections=98
budget_delivered,halt,245.tiff,5,hem_mask_fill_1um,True,n_detections=100
budget_delivered,halt,245.tiff,5,hem_mask_fill_1um,True,n_detections=100
budget_delivered,halt,246.tiff,0,default_51,True,n_detections=98
budget_delivered,halt,246.tiff,0,default_51,True,n_detections=98
budget_delivered,halt,246.tiff,0,hem_rect_fill,True,n_detections=97
budget_delivered,halt,246.tiff,0,hem_rect_fill,True,n_detections=97
budget_delivered,halt,246.tiff,0,hem_rect_fill_1um,True,n_detections=97
budget_delivered,halt,246.tiff,0,hem_rect_fill_1um,True,n_detections=97
budget_delivered,halt,246.tiff,0,hem_mask_fill_1um,True,n_detections=97
budget_delivered,halt,246.tiff,0,hem_mask_fill_1um,True,n_detections=97
budget_delivered,halt,246.tiff,1,default_51,True,n_detections=98
budget_delivered,halt,246.tiff,1,default_51,True,n_detections=98
budget_delivered,halt,246.tiff,1,hem_rect_fill,True,n_detections=97
budget_delivered,halt,246.tiff,1,hem_rect_fill,True,n_detections=97
budget_delivered,halt,246.tiff,1,hem_rect_fill_1um,True,n_detections=97
budget_delivered,halt,246.tiff,1,hem_rect_fill_1um,True,n_detections=97
budget_delivered,halt,246.tiff,1,hem_mask_fill_1um,True,n_detections=97
budget_delivered,halt,246.tiff,1,hem_mask_fill_1um,True,n_detections=97
budget_delivered,halt,246.tiff,2,default_51,True,n_detections=100
budget_delivered,halt,246.tiff,2,default_51,True,n_detections=100
budget_delivered,halt,246.tiff,2,hem_rect_fill,True,n_detections=99
budget_delivered,halt,246.tiff,2,hem_rect_fill,True,n_detections=99
budget_delivered,halt,246.tiff,2,hem_rect_fill_1um,True,n_detections=99
budget_delivered,halt,246.tiff,2,hem_rect_fill_1um,True,n_detections=99
budget_delivered,halt,246.tiff,2,hem_mask_fill_1um,True,n_detections=99
budget_delivered,halt,246.tiff,2,hem_mask_fill_1um,True,n_detections=99
budget_delivered,halt,246.tiff,3,default_51,True,n_detections=99
budget_delivered,halt,246.tiff,3,default_51,True,n_detections=99
budget_delivered,halt,246.tiff,3,hem_rect_fill,True,n_detections=100
budget_delivered,halt,246.tiff,3,hem_rect_fill,True,n_detections=100
budget_delivered,halt,246.tiff,3,hem_rect_fill_1um,True,n_detections=100
budget_delivered,halt,246.tiff,3,hem_rect_fill_1um,True,n_detections=100
budget_delivered,halt,246.tiff,3,hem_mask_fill_1um,True,n_detections=100
budget_delivered,halt,246.tiff,3,hem_mask_fill_1um,True,n_detections=100
budget_delivered,halt,246.tiff,4,default_51,True,n_detections=98
budget_delivered,halt,246.tiff,4,default_51,True,n_detections=98
budget_delivered,halt,246.tiff,4,hem_rect_fill,True,n_detections=98
budget_delivered,halt,246.tiff,4,hem_rect_fill,True,n_detections=98
budget_delivered,halt,246.tiff,4,hem_rect_fill_1um,True,n_detections=97
budget_delivered,halt,246.tiff,4,hem_rect_fill_1um,True,n_detections=97
budget_delivered,halt,246.tiff,4,hem_mask_fill_1um,True,n_detections=98
budget_delivered,halt,246.tiff,4,hem_mask_fill_1um,True,n_detections=98
budget_delivered,halt,246.tiff,5,default_51,True,n_detections=95
budget_delivered,halt,246.tiff,5,default_51,True,n_detections=95
budget_delivered,halt,246.tiff,5,hem_rect_fill,True,n_detections=98
budget_delivered,halt,246.tiff,5,hem_rect_fill,True,n_detections=98
budget_delivered,halt,246.tiff,5,hem_rect_fill_1um,True,n_detections=97
budget_delivered,halt,246.tiff,5,hem_rect_fill_1um,True,n_detections=97
budget_delivered,halt,246.tiff,5,hem_mask_fill_1um,True,n_detections=97
budget_delivered,halt,246.tiff,5,hem_mask_fill_1um,True,n_detections=97
budget_delivered,halt,249.tiff,0,default_51,True,n_detections=100
budget_delivered,halt,249.tiff,0,default_51,True,n_detections=100
budget_delivered,halt,249.tiff,0,hem_rect_fill,True,n_detections=100
budget_delivered,halt,249.tiff,0,hem_rect_fill,True,n_detections=100
budget_delivered,halt,249.tiff,0,hem_rect_fill_1um,True,n_detections=100
budget_delivered,halt,249.tiff,0,hem_rect_fill_1um,True,n_detections=100
budget_delivered,halt,249.tiff,0,hem_mask_fill_1um,True,n_detections=100
budget_delivered,halt,249.tiff,0,hem_mask_fill_1um,True,n_detections=100
budget_delivered,halt,249.tiff,1,default_51,True,n_detections=97
budget_delivered,halt,249.tiff,1,default_51,True,n_detections=97
budget_delivered,halt,249.tiff,1,hem_rect_fill,True,n_detections=100
budget_delivered,halt,249.tiff,1,hem_rect_fill,True,n_detections=100
budget_delivered,halt,249.tiff,1,hem_rect_fill_1um,True,n_detections=100
budget_delivered,halt,249.tiff,1,hem_rect_fill_1um,True,n_detections=100
budget_delivered,halt,249.tiff,1,hem_mask_fill_1um,True,n_detections=100
budget_delivered,halt,249.tiff,1,hem_mask_fill_1um,True,n_detections=100
budget_delivered,halt,249.tiff,2,default_51,True,n_detections=100
budget_delivered,halt,249.tiff,2,default_51,True,n_detections=100
budget_delivered,halt,249.tiff,2,hem_rect_fill,True,n_detections=100
budget_delivered,halt,249.tiff,2,hem_rect_fill,True,n_detections=100
budget_delivered,halt,249.tiff,2,hem_rect_fill_1um,True,n_detections=100
budget_delivered,halt,249.tiff,2,hem_rect_fill_1um,True,n_detections=100
budget_delivered,halt,249.tiff,2,hem_mask_fill_1um,True,n_detections=100
budget_delivered,halt,249.tiff,2,hem_mask_fill_1um,True,n_detections=100
budget_delivered,halt,249.tiff,3,default_51,True,n_detections=100
budget_delivered,halt,249.tiff,3,default_51,True,n_detections=100
budget_delivered,halt,249.tiff,3,hem_rect_fill,True,n_detections=100
budget_delivered,halt,249.tiff,3,hem_rect_fill,True,n_detections=100
budget_delivered,halt,249.tiff,3,hem_rect_fill_1um,True,n_detections=100
budget_delivered,halt,249.tiff,3,hem_rect_fill_1um,True,n_detections=100
budget_delivered,halt,249.tiff,3,hem_mask_fill_1um,True,n_detections=100
budget_delivered,halt,249.tiff,3,hem_mask_fill_1um,True,n_detections=100
budget_delivered,halt,249.tiff,4,default_51,True,n_detections=99
budget_delivered,halt,249.tiff,4,default_51,True,n_detections=99
budget_delivered,halt,249.tiff,4,hem_rect_fill,True,n_detections=100
budget_delivered,halt,249.tiff,4,hem_rect_fill,True,n_detections=100
budget_delivered,halt,249.tiff,4,hem_rect_fill_1um,True,n_detections=100
budget_delivered,halt,249.tiff,4,hem_rect_fill_1um,True,n_detections=100
budget_delivered,halt,249.tiff,4,hem_mask_fill_1um,True,n_detections=100
budget_delivered,halt,249.tiff,4,hem_mask_fill_1um,True,n_detections=100
budget_delivered,halt,249.tiff,5,default_51,True,n_detections=100
budget_delivered,halt,249.tiff,5,default_51,True,n_detections=100
budget_delivered,halt,249.tiff,5,hem_rect_fill,True,n_detections=100
budget_delivered,halt,249.tiff,5,hem_rect_fill,True,n_detections=100
budget_delivered,halt,249.tiff,5,hem_rect_fill_1um,True,n_detections=100
budget_delivered,halt,249.tiff,5,hem_rect_fill_1um,True,n_detections=100
budget_delivered,halt,249.tiff,5,hem_mask_fill_1um,True,n_detections=100
budget_delivered,halt,249.tiff,5,hem_mask_fill_1um,True,n_detections=100
budget_delivered,halt,284.tiff,0,default_51,True,n_detections=100
budget_delivered,halt,284.tiff,0,default_51,True,n_detections=100
budget_delivered,halt,284.tiff,0,hem_rect_fill,True,n_detections=100
budget_delivered,halt,284.tiff,0,hem_rect_fill,True,n_detections=100
budget_delivered,halt,284.tiff,0,hem_rect_fill_1um,True,n_detections=100
budget_delivered,halt,284.tiff,0,hem_rect_fill_1um,True,n_detections=100
budget_delivered,halt,284.tiff,0,hem_mask_fill_1um,True,n_detections=100
budget_delivered,halt,284.tiff,0,hem_mask_fill_1um,True,n_detections=100
budget_delivered,halt,284.tiff,1,default_51,True,n_detections=100
budget_delivered,halt,284.tiff,1,default_51,True,n_detections=100
budget_delivered,halt,284.tiff,1,hem_rect_fill,True,n_detections=100
budget_delivered,halt,284.tiff,1,hem_rect_fill,True,n_detections=100
budget_delivered,halt,284.tiff,1,hem_rect_fill_1um,True,n_detections=100
budget_delivered,halt,284.tiff,1,hem_rect_fill_1um,True,n_detections=100
budget_delivered,halt,284.tiff,1,hem_mask_fill_1um,True,n_detections=100
budget_delivered,halt,284.tiff,1,hem_mask_fill_1um,True,n_detections=100
budget_delivered,halt,284.tiff,2,default_51,True,n_detections=100
budget_delivered,halt,284.tiff,2,default_51,True,n_detections=100
budget_delivered,halt,284.tiff,2,hem_rect_fill,True,n_detections=100
budget_delivered,halt,284.tiff,2,hem_rect_fill,True,n_detections=100
budget_delivered,halt,284.tiff,2,hem_rect_fill_1um,True,n_detections=100
budget_delivered,halt,284.tiff,2,hem_rect_fill_1um,True,n_detections=100
budget_delivered,halt,284.tiff,2,hem_mask_fill_1um,True,n_detections=100
budget_delivered,halt,284.tiff,2,hem_mask_fill_1um,True,n_detections=100
budget_delivered,halt,284.tiff,3,default_51,True,n_detections=98
budget_delivered,halt,284.tiff,3,default_51,True,n_detections=98
budget_delivered,halt,284.tiff,3,hem_rect_fill,True,n_detections=99
budget_delivered,halt,284.tiff,3,hem_rect_fill,True,n_detections=99
budget_delivered,halt,284.tiff,3,hem_rect_fill_1um,True,n_detections=99
budget_delivered,halt,284.tiff,3,hem_rect_fill_1um,True,n_detections=99
budget_delivered,halt,284.tiff,3,hem_mask_fill_1um,True,n_detections=99
budget_delivered,halt,284.tiff,3,hem_mask_fill_1um,True,n_detections=99
budget_delivered,halt,284.tiff,4,default_51,True,n_detections=100
budget_delivered,halt,284.tiff,4,default_51,True,n_detections=100
budget_delivered,halt,284.tiff,4,hem_rect_fill,True,n_detections=100
budget_delivered,halt,284.tiff,4,hem_rect_fill,True,n_detections=100
budget_delivered,halt,284.tiff,4,hem_rect_fill_1um,True,n_detections=100
budget_delivered,halt,284.tiff,4,hem_rect_fill_1um,True,n_detections=100
budget_delivered,halt,284.tiff,4,hem_mask_fill_1um,True,n_detections=100
budget_delivered,halt,284.tiff,4,hem_mask_fill_1um,True,n_detections=100
budget_delivered,halt,284.tiff,5,default_51,True,n_detections=100
budget_delivered,halt,284.tiff,5,default_51,True,n_detections=100
budget_delivered,halt,284.tiff,5,hem_rect_fill,True,n_detections=100
budget_delivered,halt,284.tiff,5,hem_rect_fill,True,n_detections=100
budget_delivered,halt,284.tiff,5,hem_rect_fill_1um,True,n_detections=100
budget_delivered,halt,284.tiff,5,hem_rect_fill_1um,True,n_detections=100
budget_delivered,halt,284.tiff,5,hem_mask_fill_1um,True,n_detections=100
budget_delivered,halt,284.tiff,5,hem_mask_fill_1um,True,n_detections=100
budget_delivered,halt,289.tiff,0,default_51,True,n_detections=100
budget_delivered,halt,289.tiff,0,default_51,True,n_detections=100
budget_delivered,halt,289.tiff,0,hem_rect_fill,True,n_detections=100
budget_delivered,halt,289.tiff,0,hem_rect_fill,True,n_detections=100
budget_delivered,halt,289.tiff,0,hem_rect_fill_1um,True,n_detections=100
budget_delivered,halt,289.tiff,0,hem_rect_fill_1um,True,n_detections=100
budget_delivered,halt,289.tiff,0,hem_mask_fill_1um,True,n_detections=99
budget_delivered,halt,289.tiff,0,hem_mask_fill_1um,True,n_detections=99
budget_delivered,halt,289.tiff,1,default_51,True,n_detections=98
budget_delivered,halt,289.tiff,1,default_51,True,n_detections=98
budget_delivered,halt,289.tiff,1,hem_rect_fill,True,n_detections=99
budget_delivered,halt,289.tiff,1,hem_rect_fill,True,n_detections=99
budget_delivered,halt,289.tiff,1,hem_rect_fill_1um,True,n_detections=99
budget_delivered,halt,289.tiff,1,hem_rect_fill_1um,True,n_detections=99
budget_delivered,halt,289.tiff,1,hem_mask_fill_1um,True,n_detections=98
budget_delivered,halt,289.tiff,1,hem_mask_fill_1um,True,n_detections=98
budget_delivered,halt,289.tiff,2,default_51,True,n_detections=99
budget_delivered,halt,289.tiff,2,default_51,True,n_detections=99
budget_delivered,halt,289.tiff,2,hem_rect_fill,True,n_detections=99
budget_delivered,halt,289.tiff,2,hem_rect_fill,True,n_detections=99
budget_delivered,halt,289.tiff,2,hem_rect_fill_1um,True,n_detections=99
budget_delivered,halt,289.tiff,2,hem_rect_fill_1um,True,n_detections=99
budget_delivered,halt,289.tiff,2,hem_mask_fill_1um,True,n_detections=99
budget_delivered,halt,289.tiff,2,hem_mask_fill_1um,True,n_detections=99
budget_delivered,halt,289.tiff,3,default_51,True,n_detections=98
budget_delivered,halt,289.tiff,3,default_51,True,n_detections=98
budget_delivered,halt,289.tiff,3,hem_rect_fill,True,n_detections=100
budget_delivered,halt,289.tiff,3,hem_rect_fill,True,n_detections=100
budget_delivered,halt,289.tiff,3,hem_rect_fill_1um,True,n_detections=100
budget_delivered,halt,289.tiff,3,hem_rect_fill_1um,True,n_detections=100
budget_delivered,halt,289.tiff,3,hem_mask_fill_1um,True,n_detections=100
budget_delivered,halt,289.tiff,3,hem_mask_fill_1um,True,n_detections=100
budget_delivered,halt,289.tiff,4,default_51,True,n_detections=97
budget_delivered,halt,289.tiff,4,default_51,True,n_detections=97
budget_delivered,halt,289.tiff,4,hem_rect_fill,True,n_detections=97
budget_delivered,halt,289.tiff,4,hem_rect_fill,True,n_detections=97
budget_delivered,halt,289.tiff,4,hem_rect_fill_1um,True,n_detections=97
budget_delivered,halt,289.tiff,4,hem_rect_fill_1um,True,n_detections=97
budget_delivered,halt,289.tiff,4,hem_mask_fill_1um,True,n_detections=98
budget_delivered,halt,289.tiff,4,hem_mask_fill_1um,True,n_detections=98
budget_delivered,halt,289.tiff,5,default_51,True,n_detections=99
budget_delivered,halt,289.tiff,5,default_51,True,n_detections=99
budget_delivered,halt,289.tiff,5,hem_rect_fill,True,n_detections=100
budget_delivered,halt,289.tiff,5,hem_rect_fill,True,n_detections=100
budget_delivered,halt,289.tiff,5,hem_rect_fill_1um,True,n_detections=100
budget_delivered,halt,289.tiff,5,hem_rect_fill_1um,True,n_detections=100
budget_delivered,halt,289.tiff,5,hem_mask_fill_1um,True,n_detections=99
budget_delivered,halt,289.tiff,5,hem_mask_fill_1um,True,n_detections=99
budget_delivered,halt,291.tiff,0,default_51,True,n_detections=82
budget_delivered,halt,291.tiff,0,default_51,True,n_detections=82
budget_delivered,halt,291.tiff,0,hem_rect_fill,True,n_detections=100
budget_delivered,halt,291.tiff,0,hem_rect_fill,True,n_detections=100
budget_delivered,halt,291.tiff,0,hem_rect_fill_1um,True,n_detections=98
budget_delivered,halt,291.tiff,0,hem_rect_fill_1um,True,n_detections=98
budget_delivered,halt,291.tiff,0,hem_mask_fill_1um,True,n_detections=100
budget_delivered,halt,291.tiff,0,hem_mask_fill_1um,True,n_detections=100
budget_delivered,halt,291.tiff,1,default_51,True,n_detections=97
budget_delivered,halt,291.tiff,1,default_51,True,n_detections=97
budget_delivered,halt,291.tiff,1,hem_rect_fill,True,n_detections=100
budget_delivered,halt,291.tiff,1,hem_rect_fill,True,n_detections=100
budget_delivered,halt,291.tiff,1,hem_rect_fill_1um,True,n_detections=99
budget_delivered,halt,291.tiff,1,hem_rect_fill_1um,True,n_detections=99
budget_delivered,halt,291.tiff,1,hem_mask_fill_1um,True,n_detections=100
budget_delivered,halt,291.tiff,1,hem_mask_fill_1um,True,n_detections=100
budget_delivered,halt,291.tiff,2,default_51,True,n_detections=99
budget_delivered,halt,291.tiff,2,default_51,True,n_detections=99
budget_delivered,halt,291.tiff,2,hem_rect_fill,True,n_detections=100
budget_delivered,halt,291.tiff,2,hem_rect_fill,True,n_detections=100
budget_delivered,halt,291.tiff,2,hem_rect_fill_1um,True,n_detections=100
budget_delivered,halt,291.tiff,2,hem_rect_fill_1um,True,n_detections=100
budget_delivered,halt,291.tiff,2,hem_mask_fill_1um,True,n_detections=100
budget_delivered,halt,291.tiff,2,hem_mask_fill_1um,True,n_detections=100
budget_delivered,halt,291.tiff,3,default_51,True,n_detections=100
budget_delivered,halt,291.tiff,3,default_51,True,n_detections=100
budget_delivered,halt,291.tiff,3,hem_rect_fill,True,n_detections=100
budget_delivered,halt,291.tiff,3,hem_rect_fill,True,n_detections=100
budget_delivered,halt,291.tiff,3,hem_rect_fill_1um,True,n_detections=100
budget_delivered,halt,291.tiff,3,hem_rect_fill_1um,True,n_detections=100
budget_delivered,halt,291.tiff,3,hem_mask_fill_1um,True,n_detections=100
budget_delivered,halt,291.tiff,3,hem_mask_fill_1um,True,n_detections=100
budget_delivered,halt,291.tiff,4,default_51,True,n_detections=99
budget_delivered,halt,291.tiff,4,default_51,True,n_detections=99
budget_delivered,halt,291.tiff,4,hem_rect_fill,True,n_detections=100
budget_delivered,halt,291.tiff,4,hem_rect_fill,True,n_detections=100
budget_delivered,halt,291.tiff,4,hem_rect_fill_1um,True,n_detections=100
budget_delivered,halt,291.tiff,4,hem_rect_fill_1um,True,n_detections=100
budget_delivered,halt,291.tiff,4,hem_mask_fill_1um,True,n_detections=100
budget_delivered,halt,291.tiff,4,hem_mask_fill_1um,True,n_detections=100
budget_delivered,halt,291.tiff,5,default_51,True,n_detections=100
budget_delivered,halt,291.tiff,5,default_51,True,n_detections=100
budget_delivered,halt,291.tiff,5,hem_rect_fill,True,n_detections=100
budget_delivered,halt,291.tiff,5,hem_rect_fill,True,n_detections=100
budget_delivered,halt,291.tiff,5,hem_rect_fill_1um,True,n_detections=100
budget_delivered,halt,291.tiff,5,hem_rect_fill_1um,True,n_detections=100
budget_delivered,halt,291.tiff,5,hem_mask_fill_1um,True,n_detections=100
budget_delivered,halt,291.tiff,5,hem_mask_fill_1um,True,n_detections=100
budget_delivered,halt,293.tiff,0,default_51,True,n_detections=100
budget_delivered,halt,293.tiff,0,default_51,True,n_detections=100
budget_delivered,halt,293.tiff,0,hem_rect_fill,True,n_detections=100
budget_delivered,halt,293.tiff,0,hem_rect_fill,True,n_detections=100
budget_delivered,halt,293.tiff,0,hem_rect_fill_1um,True,n_detections=100
budget_delivered,halt,293.tiff,0,hem_rect_fill_1um,True,n_detections=100
budget_delivered,halt,293.tiff,0,hem_mask_fill_1um,True,n_detections=100
budget_delivered,halt,293.tiff,0,hem_mask_fill_1um,True,n_detections=100
budget_delivered,halt,293.tiff,1,default_51,True,n_detections=100
budget_delivered,halt,293.tiff,1,default_51,True,n_detections=100
budget_delivered,halt,293.tiff,1,hem_rect_fill,True,n_detections=100
budget_delivered,halt,293.tiff,1,hem_rect_fill,True,n_detections=100
budget_delivered,halt,293.tiff,1,hem_rect_fill_1um,True,n_detections=100
budget_delivered,halt,293.tiff,1,hem_rect_fill_1um,True,n_detections=100
budget_delivered,halt,293.tiff,1,hem_mask_fill_1um,True,n_detections=100
budget_delivered,halt,293.tiff,1,hem_mask_fill_1um,True,n_detections=100
budget_delivered,halt,293.tiff,2,default_51,True,n_detections=100
budget_delivered,halt,293.tiff,2,default_51,True,n_detections=100
budget_delivered,halt,293.tiff,2,hem_rect_fill,True,n_detections=99
budget_delivered,halt,293.tiff,2,hem_rect_fill,True,n_detections=99
budget_delivered,halt,293.tiff,2,hem_rect_fill_1um,True,n_detections=99
budget_delivered,halt,293.tiff,2,hem_rect_fill_1um,True,n_detections=99
budget_delivered,halt,293.tiff,2,hem_mask_fill_1um,True,n_detections=100
budget_delivered,halt,293.tiff,2,hem_mask_fill_1um,True,n_detections=100
budget_delivered,halt,293.tiff,3,default_51,True,n_detections=100
budget_delivered,halt,293.tiff,3,default_51,True,n_detections=100
budget_delivered,halt,293.tiff,3,hem_rect_fill,True,n_detections=100
budget_delivered,halt,293.tiff,3,hem_rect_fill,True,n_detections=100
budget_delivered,halt,293.tiff,3,hem_rect_fill_1um,True,n_detections=100
budget_delivered,halt,293.tiff,3,hem_rect_fill_1um,True,n_detections=100
budget_delivered,halt,293.tiff,3,hem_mask_fill_1um,True,n_detections=100
budget_delivered,halt,293.tiff,3,hem_mask_fill_1um,True,n_detections=100
budget_delivered,halt,293.tiff,4,default_51,True,n_detections=99
budget_delivered,halt,293.tiff,4,default_51,True,n_detections=99
budget_delivered,halt,293.tiff,4,hem_rect_fill,True,n_detections=100
budget_delivered,halt,293.tiff,4,hem_rect_fill,True,n_detections=100
budget_delivered,halt,293.tiff,4,hem_rect_fill_1um,True,n_detections=100
budget_delivered,halt,293.tiff,4,hem_rect_fill_1um,True,n_detections=100
budget_delivered,halt,293.tiff,4,hem_mask_fill_1um,True,n_detections=100
budget_delivered,halt,293.tiff,4,hem_mask_fill_1um,True,n_detections=100
budget_delivered,halt,293.tiff,5,default_51,True,n_detections=100
budget_delivered,halt,293.tiff,5,default_51,True,n_detections=100
budget_delivered,halt,293.tiff,5,hem_rect_fill,True,n_detections=100
budget_delivered,halt,293.tiff,5,hem_rect_fill,True,n_detections=100
budget_delivered,halt,293.tiff,5,hem_rect_fill_1um,True,n_detections=100
budget_delivered,halt,293.tiff,5,hem_rect_fill_1um,True,n_detections=100
budget_delivered,halt,293.tiff,5,hem_mask_fill_1um,True,n_detections=100
budget_delivered,halt,293.tiff,5,hem_mask_fill_1um,True,n_detections=100
budget_delivered,halt,459.tiff,0,default_51,True,n_detections=100
budget_delivered,halt,459.tiff,0,default_51,True,n_detections=100
budget_delivered,halt,459.tiff,0,hem_rect_fill,True,n_detections=99
budget_delivered,halt,459.tiff,0,hem_rect_fill,True,n_detections=99
budget_delivered,halt,459.tiff,0,hem_rect_fill_1um,True,n_detections=100
budget_delivered,halt,459.tiff,0,hem_rect_fill_1um,True,n_detections=100
budget_delivered,halt,459.tiff,0,hem_mask_fill_1um,True,n_detections=100
budget_delivered,halt,459.tiff,0,hem_mask_fill_1um,True,n_detections=100
budget_delivered,halt,459.tiff,1,default_51,True,n_detections=100
budget_delivered,halt,459.tiff,1,default_51,True,n_detections=100
budget_delivered,halt,459.tiff,1,hem_rect_fill,True,n_detections=100
budget_delivered,halt,459.tiff,1,hem_rect_fill,True,n_detections=100
budget_delivered,halt,459.tiff,1,hem_rect_fill_1um,True,n_detections=100
budget_delivered,halt,459.tiff,1,hem_rect_fill_1um,True,n_detections=100
budget_delivered,halt,459.tiff,1,hem_mask_fill_1um,True,n_detections=100
budget_delivered,halt,459.tiff,1,hem_mask_fill_1um,True,n_detections=100
budget_delivered,halt,459.tiff,2,default_51,True,n_detections=100
budget_delivered,halt,459.tiff,2,default_51,True,n_detections=100
budget_delivered,halt,459.tiff,2,hem_rect_fill,True,n_detections=100
budget_delivered,halt,459.tiff,2,hem_rect_fill,True,n_detections=100
budget_delivered,halt,459.tiff,2,hem_rect_fill_1um,True,n_detections=100
budget_delivered,halt,459.tiff,2,hem_rect_fill_1um,True,n_detections=100
budget_delivered,halt,459.tiff,2,hem_mask_fill_1um,True,n_detections=100
budget_delivered,halt,459.tiff,2,hem_mask_fill_1um,True,n_detections=100
budget_delivered,halt,459.tiff,3,default_51,True,n_detections=100
budget_delivered,halt,459.tiff,3,default_51,True,n_detections=100
budget_delivered,halt,459.tiff,3,hem_rect_fill,True,n_detections=100
budget_delivered,halt,459.tiff,3,hem_rect_fill,True,n_detections=100
budget_delivered,halt,459.tiff,3,hem_rect_fill_1um,True,n_detections=100
budget_delivered,halt,459.tiff,3,hem_rect_fill_1um,True,n_detections=100
budget_delivered,halt,459.tiff,3,hem_mask_fill_1um,True,n_detections=100
budget_delivered,halt,459.tiff,3,hem_mask_fill_1um,True,n_detections=100
budget_delivered,halt,459.tiff,4,default_51,True,n_detections=100
budget_delivered,halt,459.tiff,4,default_51,True,n_detections=100
budget_delivered,halt,459.tiff,4,hem_rect_fill,True,n_detections=100
budget_delivered,halt,459.tiff,4,hem_rect_fill,True,n_detections=100
budget_delivered,halt,459.tiff,4,hem_rect_fill_1um,True,n_detections=100
budget_delivered,halt,459.tiff,4,hem_rect_fill_1um,True,n_detections=100
budget_delivered,halt,459.tiff,4,hem_mask_fill_1um,True,n_detections=100
budget_delivered,halt,459.tiff,4,hem_mask_fill_1um,True,n_detections=100
budget_delivered,halt,459.tiff,5,default_51,True,n_detections=100
budget_delivered,halt,459.tiff,5,default_51,True,n_detections=100
budget_delivered,halt,459.tiff,5,hem_rect_fill,True,n_detections=100
budget_delivered,halt,459.tiff,5,hem_rect_fill,True,n_detections=100
budget_delivered,halt,459.tiff,5,hem_rect_fill_1um,True,n_detections=100
budget_delivered,halt,459.tiff,5,hem_rect_fill_1um,True,n_detections=100
budget_delivered,halt,459.tiff,5,hem_mask_fill_1um,True,n_detections=100
budget_delivered,halt,459.tiff,5,hem_mask_fill_1um,True,n_detections=100
budget_delivered,halt,460.tiff,0,default_51,True,n_detections=100
budget_delivered,halt,460.tiff,0,default_51,True,n_detections=100
budget_delivered,halt,460.tiff,0,hem_rect_fill,True,n_detections=100
budget_delivered,halt,460.tiff,0,hem_rect_fill,True,n_detections=100
budget_delivered,halt,460.tiff,0,hem_rect_fill_1um,True,n_detections=100
budget_delivered,halt,460.tiff,0,hem_rect_fill_1um,True,n_detections=100
budget_delivered,halt,460.tiff,0,hem_mask_fill_1um,True,n_detections=100
budget_delivered,halt,460.tiff,0,hem_mask_fill_1um,True,n_detections=100
budget_delivered,halt,460.tiff,1,default_51,True,n_detections=100
budget_delivered,halt,460.tiff,1,default_51,True,n_detections=100
budget_delivered,halt,460.tiff,1,hem_rect_fill,True,n_detections=98
budget_delivered,halt,460.tiff,1,hem_rect_fill,True,n_detections=98
budget_delivered,halt,460.tiff,1,hem_rect_fill_1um,True,n_detections=99
budget_delivered,halt,460.tiff,1,hem_rect_fill_1um,True,n_detections=99
budget_delivered,halt,460.tiff,1,hem_mask_fill_1um,True,n_detections=99
budget_delivered,halt,460.tiff,1,hem_mask_fill_1um,True,n_detections=99
budget_delivered,halt,460.tiff,2,default_51,True,n_detections=100
budget_delivered,halt,460.tiff,2,default_51,True,n_detections=100
budget_delivered,halt,460.tiff,2,hem_rect_fill,True,n_detections=100
budget_delivered,halt,460.tiff,2,hem_rect_fill,True,n_detections=100
budget_delivered,halt,460.tiff,2,hem_rect_fill_1um,True,n_detections=100
budget_delivered,halt,460.tiff,2,hem_rect_fill_1um,True,n_detections=100
budget_delivered,halt,460.tiff,2,hem_mask_fill_1um,True,n_detections=99
budget_delivered,halt,460.tiff,2,hem_mask_fill_1um,True,n_detections=99
budget_delivered,halt,460.tiff,3,default_51,True,n_detections=100
budget_delivered,halt,460.tiff,3,default_51,True,n_detections=100
budget_delivered,halt,460.tiff,3,hem_rect_fill,True,n_detections=100
budget_delivered,halt,460.tiff,3,hem_rect_fill,True,n_detections=100
budget_delivered,halt,460.tiff,3,hem_rect_fill_1um,True,n_detections=100
budget_delivered,halt,460.tiff,3,hem_rect_fill_1um,True,n_detections=100
budget_delivered,halt,460.tiff,3,hem_mask_fill_1um,True,n_detections=100
budget_delivered,halt,460.tiff,3,hem_mask_fill_1um,True,n_detections=100
budget_delivered,halt,460.tiff,4,default_51,True,n_detections=99
budget_delivered,halt,460.tiff,4,default_51,True,n_detections=99
budget_delivered,halt,460.tiff,4,hem_rect_fill,True,n_detections=100
budget_delivered,halt,460.tiff,4,hem_rect_fill,True,n_detections=100
budget_delivered,halt,460.tiff,4,hem_rect_fill_1um,True,n_detections=100
budget_delivered,halt,460.tiff,4,hem_rect_fill_1um,True,n_detections=100
budget_delivered,halt,460.tiff,4,hem_mask_fill_1um,True,n_detections=100
budget_delivered,halt,460.tiff,4,hem_mask_fill_1um,True,n_detections=100
budget_delivered,halt,460.tiff,5,default_51,True,n_detections=100
budget_delivered,halt,460.tiff,5,default_51,True,n_detections=100
budget_delivered,halt,460.tiff,5,hem_rect_fill,True,n_detections=100
budget_delivered,halt,460.tiff,5,hem_rect_fill,True,n_detections=100
budget_delivered,halt,460.tiff,5,hem_rect_fill_1um,True,n_detections=100
budget_delivered,halt,460.tiff,5,hem_rect_fill_1um,True,n_detections=100
budget_delivered,halt,460.tiff,5,hem_mask_fill_1um,True,n_detections=100
budget_delivered,halt,460.tiff,5,hem_mask_fill_1um,True,n_detections=100
budget_delivered,halt,410.tiff,0,default_51,True,n_detections=90
budget_delivered,halt,410.tiff,0,default_51,True,n_detections=90
budget_delivered,halt,410.tiff,0,hem_rect_fill,True,n_detections=99
budget_delivered,halt,410.tiff,0,hem_rect_fill,True,n_detections=99
budget_delivered,halt,410.tiff,0,hem_rect_fill_1um,True,n_detections=100
budget_delivered,halt,410.tiff,0,hem_rect_fill_1um,True,n_detections=100
budget_delivered,halt,410.tiff,0,hem_mask_fill_1um,True,n_detections=100
budget_delivered,halt,410.tiff,0,hem_mask_fill_1um,True,n_detections=100
budget_delivered,halt,410.tiff,1,default_51,True,n_detections=100
budget_delivered,halt,410.tiff,1,default_51,True,n_detections=100
budget_delivered,halt,410.tiff,1,hem_rect_fill,True,n_detections=99
budget_delivered,halt,410.tiff,1,hem_rect_fill,True,n_detections=99
budget_delivered,halt,410.tiff,1,hem_rect_fill_1um,True,n_detections=100
budget_delivered,halt,410.tiff,1,hem_rect_fill_1um,True,n_detections=100
budget_delivered,halt,410.tiff,1,hem_mask_fill_1um,True,n_detections=100
budget_delivered,halt,410.tiff,1,hem_mask_fill_1um,True,n_detections=100
budget_delivered,halt,410.tiff,2,default_51,True,n_detections=100
budget_delivered,halt,410.tiff,2,default_51,True,n_detections=100
budget_delivered,halt,410.tiff,2,hem_rect_fill,True,n_detections=100
budget_delivered,halt,410.tiff,2,hem_rect_fill,True,n_detections=100
budget_delivered,halt,410.tiff,2,hem_rect_fill_1um,True,n_detections=100
budget_delivered,halt,410.tiff,2,hem_rect_fill_1um,True,n_detections=100
budget_delivered,halt,410.tiff,2,hem_mask_fill_1um,True,n_detections=100
budget_delivered,halt,410.tiff,2,hem_mask_fill_1um,True,n_detections=100
budget_delivered,halt,410.tiff,3,default_51,True,n_detections=99
budget_delivered,halt,410.tiff,3,default_51,True,n_detections=99
budget_delivered,halt,410.tiff,3,hem_rect_fill,True,n_detections=100
budget_delivered,halt,410.tiff,3,hem_rect_fill,True,n_detections=100
budget_delivered,halt,410.tiff,3,hem_rect_fill_1um,True,n_detections=100
budget_delivered,halt,410.tiff,3,hem_rect_fill_1um,True,n_detections=100
budget_delivered,halt,410.tiff,3,hem_mask_fill_1um,True,n_detections=100
budget_delivered,halt,410.tiff,3,hem_mask_fill_1um,True,n_detections=100
budget_delivered,halt,410.tiff,4,default_51,True,n_detections=100
budget_delivered,halt,410.tiff,4,default_51,True,n_detections=100
budget_delivered,halt,410.tiff,4,hem_rect_fill,True,n_detections=100
budget_delivered,halt,410.tiff,4,hem_rect_fill,True,n_detections=100
budget_delivered,halt,410.tiff,4,hem_rect_fill_1um,True,n_detections=100
budget_delivered,halt,410.tiff,4,hem_rect_fill_1um,True,n_detections=100
budget_delivered,halt,410.tiff,4,hem_mask_fill_1um,True,n_detections=100
budget_delivered,halt,410.tiff,4,hem_mask_fill_1um,True,n_detections=100
budget_delivered,halt,410.tiff,5,default_51,True,n_detections=99
budget_delivered,halt,410.tiff,5,default_51,True,n_detections=99
budget_delivered,halt,410.tiff,5,hem_rect_fill,True,n_detections=99
budget_delivered,halt,410.tiff,5,hem_rect_fill,True,n_detections=99
budget_delivered,halt,410.tiff,5,hem_rect_fill_1um,True,n_detections=99
budget_delivered,halt,410.tiff,5,hem_rect_fill_1um,True,n_detections=99
budget_delivered,halt,410.tiff,5,hem_mask_fill_1um,True,n_detections=99
budget_delivered,halt,410.tiff,5,hem_mask_fill_1um,True,n_detections=99
budget_delivered,halt,425.tiff,0,default_51,True,n_detections=100
budget_delivered,halt,425.tiff,0,default_51,True,n_detections=100
budget_delivered,halt,425.tiff,0,hem_rect_fill,True,n_detections=100
budget_delivered,halt,425.tiff,0,hem_rect_fill,True,n_detections=100
budget_delivered,halt,425.tiff,0,hem_rect_fill_1um,True,n_detections=100
budget_delivered,halt,425.tiff,0,hem_rect_fill_1um,True,n_detections=100
budget_delivered,halt,425.tiff,0,hem_mask_fill_1um,True,n_detections=100
budget_delivered,halt,425.tiff,0,hem_mask_fill_1um,True,n_detections=100
budget_delivered,halt,425.tiff,1,default_51,True,n_detections=97
budget_delivered,halt,425.tiff,1,default_51,True,n_detections=97
budget_delivered,halt,425.tiff,1,hem_rect_fill,True,n_detections=97
budget_delivered,halt,425.tiff,1,hem_rect_fill,True,n_detections=97
budget_delivered,halt,425.tiff,1,hem_rect_fill_1um,True,n_detections=97
budget_delivered,halt,425.tiff,1,hem_rect_fill_1um,True,n_detections=97
budget_delivered,halt,425.tiff,1,hem_mask_fill_1um,True,n_detections=97
budget_delivered,halt,425.tiff,1,hem_mask_fill_1um,True,n_detections=97
budget_delivered,halt,425.tiff,2,default_51,True,n_detections=99
budget_delivered,halt,425.tiff,2,default_51,True,n_detections=99
budget_delivered,halt,425.tiff,2,hem_rect_fill,True,n_detections=100
budget_delivered,halt,425.tiff,2,hem_rect_fill,True,n_detections=100
budget_delivered,halt,425.tiff,2,hem_rect_fill_1um,True,n_detections=100
budget_delivered,halt,425.tiff,2,hem_rect_fill_1um,True,n_detections=100
budget_delivered,halt,425.tiff,2,hem_mask_fill_1um,True,n_detections=100
budget_delivered,halt,425.tiff,2,hem_mask_fill_1um,True,n_detections=100
budget_delivered,halt,425.tiff,3,default_51,True,n_detections=100
budget_delivered,halt,425.tiff,3,default_51,True,n_detections=100
budget_delivered,halt,425.tiff,3,hem_rect_fill,True,n_detections=98
budget_delivered,halt,425.tiff,3,hem_rect_fill,True,n_detections=98
budget_delivered,halt,425.tiff,3,hem_rect_fill_1um,True,n_detections=99
budget_delivered,halt,425.tiff,3,hem_rect_fill_1um,True,n_detections=99
budget_delivered,halt,425.tiff,3,hem_mask_fill_1um,True,n_detections=99
budget_delivered,halt,425.tiff,3,hem_mask_fill_1um,True,n_detections=99
budget_delivered,halt,425.tiff,4,default_51,True,n_detections=100
budget_delivered,halt,425.tiff,4,default_51,True,n_detections=100
budget_delivered,halt,425.tiff,4,hem_rect_fill,True,n_detections=100
budget_delivered,halt,425.tiff,4,hem_rect_fill,True,n_detections=100
budget_delivered,halt,425.tiff,4,hem_rect_fill_1um,True,n_detections=100
budget_delivered,halt,425.tiff,4,hem_rect_fill_1um,True,n_detections=100
budget_delivered,halt,425.tiff,4,hem_mask_fill_1um,True,n_detections=100
budget_delivered,halt,425.tiff,4,hem_mask_fill_1um,True,n_detections=100
budget_delivered,halt,425.tiff,5,default_51,True,n_detections=99
budget_delivered,halt,425.tiff,5,default_51,True,n_detections=99
budget_delivered,halt,425.tiff,5,hem_rect_fill,True,n_detections=98
budget_delivered,halt,425.tiff,5,hem_rect_fill,True,n_detections=98
budget_delivered,halt,425.tiff,5,hem_rect_fill_1um,True,n_detections=98
budget_delivered,halt,425.tiff,5,hem_rect_fill_1um,True,n_detections=98
budget_delivered,halt,425.tiff,5,hem_mask_fill_1um,True,n_detections=98
budget_delivered,halt,425.tiff,5,hem_mask_fill_1um,True,n_detections=98
budget_delivered,halt,435.tiff,0,default_51,True,n_detections=97
budget_delivered,halt,435.tiff,0,default_51,True,n_detections=97
budget_delivered,halt,435.tiff,0,hem_rect_fill,True,n_detections=100
budget_delivered,halt,435.tiff,0,hem_rect_fill,True,n_detections=100
budget_delivered,halt,435.tiff,0,hem_rect_fill_1um,True,n_detections=100
budget_delivered,halt,435.tiff,0,hem_rect_fill_1um,True,n_detections=100
budget_delivered,halt,435.tiff,0,hem_mask_fill_1um,True,n_detections=100
budget_delivered,halt,435.tiff,0,hem_mask_fill_1um,True,n_detections=100
budget_delivered,halt,435.tiff,1,default_51,True,n_detections=99
budget_delivered,halt,435.tiff,1,default_51,True,n_detections=99
budget_delivered,halt,435.tiff,1,hem_rect_fill,True,n_detections=99
budget_delivered,halt,435.tiff,1,hem_rect_fill,True,n_detections=99
budget_delivered,halt,435.tiff,1,hem_rect_fill_1um,True,n_detections=99
budget_delivered,halt,435.tiff,1,hem_rect_fill_1um,True,n_detections=99
budget_delivered,halt,435.tiff,1,hem_mask_fill_1um,True,n_detections=99
budget_delivered,halt,435.tiff,1,hem_mask_fill_1um,True,n_detections=99
budget_delivered,halt,435.tiff,2,default_51,True,n_detections=99
budget_delivered,halt,435.tiff,2,default_51,True,n_detections=99
budget_delivered,halt,435.tiff,2,hem_rect_fill,True,n_detections=100
budget_delivered,halt,435.tiff,2,hem_rect_fill,True,n_detections=100
budget_delivered,halt,435.tiff,2,hem_rect_fill_1um,True,n_detections=100
budget_delivered,halt,435.tiff,2,hem_rect_fill_1um,True,n_detections=100
budget_delivered,halt,435.tiff,2,hem_mask_fill_1um,True,n_detections=100
budget_delivered,halt,435.tiff,2,hem_mask_fill_1um,True,n_detections=100
budget_delivered,halt,435.tiff,3,default_51,True,n_detections=99
budget_delivered,halt,435.tiff,3,default_51,True,n_detections=99
budget_delivered,halt,435.tiff,3,hem_rect_fill,True,n_detections=100
budget_delivered,halt,435.tiff,3,hem_rect_fill,True,n_detections=100
budget_delivered,halt,435.tiff,3,hem_rect_fill_1um,True,n_detections=100
budget_delivered,halt,435.tiff,3,hem_rect_fill_1um,True,n_detections=100
budget_delivered,halt,435.tiff,3,hem_mask_fill_1um,True,n_detections=100
budget_delivered,halt,435.tiff,3,hem_mask_fill_1um,True,n_detections=100
budget_delivered,halt,435.tiff,4,default_51,True,n_detections=99
budget_delivered,halt,435.tiff,4,default_51,True,n_detections=99
budget_delivered,halt,435.tiff,4,hem_rect_fill,True,n_detections=100
budget_delivered,halt,435.tiff,4,hem_rect_fill,True,n_detections=100
budget_delivered,halt,435.tiff,4,hem_rect_fill_1um,True,n_detections=99
budget_delivered,halt,435.tiff,4,hem_rect_fill_1um,True,n_detections=99
budget_delivered,halt,435.tiff,4,hem_mask_fill_1um,True,n_detections=100
budget_delivered,halt,435.tiff,4,hem_mask_fill_1um,True,n_detections=100
budget_delivered,halt,435.tiff,5,default_51,True,n_detections=100
budget_delivered,halt,435.tiff,5,default_51,True,n_detections=100
budget_delivered,halt,435.tiff,5,hem_rect_fill,True,n_detections=100
budget_delivered,halt,435.tiff,5,hem_rect_fill,True,n_detections=100
budget_delivered,halt,435.tiff,5,hem_rect_fill_1um,True,n_detections=99
budget_delivered,halt,435.tiff,5,hem_rect_fill_1um,True,n_detections=99
budget_delivered,halt,435.tiff,5,hem_mask_fill_1um,True,n_detections=100
budget_delivered,halt,435.tiff,5,hem_mask_fill_1um,True,n_detections=100
budget_delivered,halt,462.tiff,0,default_51,True,n_detections=100
budget_delivered,halt,462.tiff,0,default_51,True,n_detections=100
budget_delivered,halt,462.tiff,0,hem_rect_fill,True,n_detections=100
budget_delivered,halt,462.tiff,0,hem_rect_fill,True,n_detections=100
budget_delivered,halt,462.tiff,0,hem_rect_fill_1um,True,n_detections=100
budget_delivered,halt,462.tiff,0,hem_rect_fill_1um,True,n_detections=100
budget_delivered,halt,462.tiff,0,hem_mask_fill_1um,True,n_detections=100
budget_delivered,halt,462.tiff,0,hem_mask_fill_1um,True,n_detections=100
budget_delivered,halt,462.tiff,1,default_51,True,n_detections=100
budget_delivered,halt,462.tiff,1,default_51,True,n_detections=100
budget_delivered,halt,462.tiff,1,hem_rect_fill,True,n_detections=100
budget_delivered,halt,462.tiff,1,hem_rect_fill,True,n_detections=100
budget_delivered,halt,462.tiff,1,hem_rect_fill_1um,True,n_detections=100
budget_delivered,halt,462.tiff,1,hem_rect_fill_1um,True,n_detections=100
budget_delivered,halt,462.tiff,1,hem_mask_fill_1um,True,n_detections=100
budget_delivered,halt,462.tiff,1,hem_mask_fill_1um,True,n_detections=100
budget_delivered,halt,462.tiff,2,default_51,True,n_detections=100
budget_delivered,halt,462.tiff,2,default_51,True,n_detections=100
budget_delivered,halt,462.tiff,2,hem_rect_fill,True,n_detections=99
budget_delivered,halt,462.tiff,2,hem_rect_fill,True,n_detections=99
budget_delivered,halt,462.tiff,2,hem_rect_fill_1um,True,n_detections=100
budget_delivered,halt,462.tiff,2,hem_rect_fill_1um,True,n_detections=100
budget_delivered,halt,462.tiff,2,hem_mask_fill_1um,True,n_detections=100
budget_delivered,halt,462.tiff,2,hem_mask_fill_1um,True,n_detections=100
budget_delivered,halt,462.tiff,3,default_51,True,n_detections=100
budget_delivered,halt,462.tiff,3,default_51,True,n_detections=100
budget_delivered,halt,462.tiff,3,hem_rect_fill,True,n_detections=100
budget_delivered,halt,462.tiff,3,hem_rect_fill,True,n_detections=100
budget_delivered,halt,462.tiff,3,hem_rect_fill_1um,True,n_detections=100
budget_delivered,halt,462.tiff,3,hem_rect_fill_1um,True,n_detections=100
budget_delivered,halt,462.tiff,3,hem_mask_fill_1um,True,n_detections=100
budget_delivered,halt,462.tiff,3,hem_mask_fill_1um,True,n_detections=100
budget_delivered,halt,462.tiff,4,default_51,True,n_detections=98
budget_delivered,halt,462.tiff,4,default_51,True,n_detections=98
budget_delivered,halt,462.tiff,4,hem_rect_fill,True,n_detections=99
budget_delivered,halt,462.tiff,4,hem_rect_fill,True,n_detections=99
budget_delivered,halt,462.tiff,4,hem_rect_fill_1um,True,n_detections=99
budget_delivered,halt,462.tiff,4,hem_rect_fill_1um,True,n_detections=99
budget_delivered,halt,462.tiff,4,hem_mask_fill_1um,True,n_detections=99
budget_delivered,halt,462.tiff,4,hem_mask_fill_1um,True,n_detections=99
budget_delivered,halt,462.tiff,5,default_51,True,n_detections=99
budget_delivered,halt,462.tiff,5,default_51,True,n_detections=99
budget_delivered,halt,462.tiff,5,hem_rect_fill,True,n_detections=99
budget_delivered,halt,462.tiff,5,hem_rect_fill,True,n_detections=99
budget_delivered,halt,462.tiff,5,hem_rect_fill_1um,True,n_detections=100
budget_delivered,halt,462.tiff,5,hem_rect_fill_1um,True,n_detections=100
budget_delivered,halt,462.tiff,5,hem_mask_fill_1um,True,n_detections=100
budget_delivered,halt,462.tiff,5,hem_mask_fill_1um,True,n_detections=100
budget_delivered,halt,499.tiff,0,default_51,True,n_detections=98
budget_delivered,halt,499.tiff,0,default_51,True,n_detections=98
budget_delivered,halt,499.tiff,0,hem_rect_fill,True,n_detections=99
budget_delivered,halt,499.tiff,0,hem_rect_fill,True,n_detections=99
budget_delivered,halt,499.tiff,0,hem_rect_fill_1um,True,n_detections=99
budget_delivered,halt,499.tiff,0,hem_rect_fill_1um,True,n_detections=99
budget_delivered,halt,499.tiff,0,hem_mask_fill_1um,True,n_detections=99
budget_delivered,halt,499.tiff,0,hem_mask_fill_1um,True,n_detections=99
budget_delivered,halt,499.tiff,1,default_51,True,n_detections=98
budget_delivered,halt,499.tiff,1,default_51,True,n_detections=98
budget_delivered,halt,499.tiff,1,hem_rect_fill,True,n_detections=99
budget_delivered,halt,499.tiff,1,hem_rect_fill,True,n_detections=99
budget_delivered,halt,499.tiff,1,hem_rect_fill_1um,True,n_detections=99
budget_delivered,halt,499.tiff,1,hem_rect_fill_1um,True,n_detections=99
budget_delivered,halt,499.tiff,1,hem_mask_fill_1um,True,n_detections=99
budget_delivered,halt,499.tiff,1,hem_mask_fill_1um,True,n_detections=99
budget_delivered,halt,499.tiff,2,default_51,True,n_detections=96
budget_delivered,halt,499.tiff,2,default_51,True,n_detections=96
budget_delivered,halt,499.tiff,2,hem_rect_fill,True,n_detections=96
budget_delivered,halt,499.tiff,2,hem_rect_fill,True,n_detections=96
budget_delivered,halt,499.tiff,2,hem_rect_fill_1um,True,n_detections=96
budget_delivered,halt,499.tiff,2,hem_rect_fill_1um,True,n_detections=96
budget_delivered,halt,499.tiff,2,hem_mask_fill_1um,True,n_detections=96
budget_delivered,halt,499.tiff,2,hem_mask_fill_1um,True,n_detections=96
budget_delivered,halt,499.tiff,3,default_51,True,n_detections=97
budget_delivered,halt,499.tiff,3,default_51,True,n_detections=97
budget_delivered,halt,499.tiff,3,hem_rect_fill,True,n_detections=97
budget_delivered,halt,499.tiff,3,hem_rect_fill,True,n_detections=97
budget_delivered,halt,499.tiff,3,hem_rect_fill_1um,True,n_detections=97
budget_delivered,halt,499.tiff,3,hem_rect_fill_1um,True,n_detections=97
budget_delivered,halt,499.tiff,3,hem_mask_fill_1um,True,n_detections=97
budget_delivered,halt,499.tiff,3,hem_mask_fill_1um,True,n_detections=97
budget_delivered,halt,499.tiff,4,default_51,True,n_detections=98
budget_delivered,halt,499.tiff,4,default_51,True,n_detections=98
budget_delivered,halt,499.tiff,4,hem_rect_fill,True,n_detections=98
budget_delivered,halt,499.tiff,4,hem_rect_fill,True,n_detections=98
budget_delivered,halt,499.tiff,4,hem_rect_fill_1um,True,n_detections=98
budget_delivered,halt,499.tiff,4,hem_rect_fill_1um,True,n_detections=98
budget_delivered,halt,499.tiff,4,hem_mask_fill_1um,True,n_detections=97
budget_delivered,halt,499.tiff,4,hem_mask_fill_1um,True,n_detections=97
budget_delivered,halt,499.tiff,5,default_51,True,n_detections=96
budget_delivered,halt,499.tiff,5,default_51,True,n_detections=96
budget_delivered,halt,499.tiff,5,hem_rect_fill,True,n_detections=97
budget_delivered,halt,499.tiff,5,hem_rect_fill,True,n_detections=97
budget_delivered,halt,499.tiff,5,hem_rect_fill_1um,True,n_detections=97
budget_delivered,halt,499.tiff,5,hem_rect_fill_1um,True,n_detections=97
budget_delivered,halt,499.tiff,5,hem_mask_fill_1um,True,n_detections=97
budget_delivered,halt,499.tiff,5,hem_mask_fill_1um,True,n_detections=97
budget_delivered,halt,013.tiff,0,default_51,True,n_detections=100
budget_delivered,halt,013.tiff,0,default_51,True,n_detections=100
budget_delivered,halt,013.tiff,0,hem_rect_fill,True,n_detections=100
budget_delivered,halt,013.tiff,0,hem_rect_fill,True,n_detections=100
budget_delivered,halt,013.tiff,0,hem_rect_fill_1um,True,n_detections=100
budget_delivered,halt,013.tiff,0,hem_rect_fill_1um,True,n_detections=100
budget_delivered,halt,013.tiff,0,hem_mask_fill_1um,True,n_detections=100
budget_delivered,halt,013.tiff,0,hem_mask_fill_1um,True,n_detections=100
budget_delivered,halt,013.tiff,1,default_51,True,n_detections=100
budget_delivered,halt,013.tiff,1,default_51,True,n_detections=100
budget_delivered,halt,013.tiff,1,hem_rect_fill,True,n_detections=100
budget_delivered,halt,013.tiff,1,hem_rect_fill,True,n_detections=100
budget_delivered,halt,013.tiff,1,hem_rect_fill_1um,True,n_detections=100
budget_delivered,halt,013.tiff,1,hem_rect_fill_1um,True,n_detections=100
budget_delivered,halt,013.tiff,1,hem_mask_fill_1um,True,n_detections=100
budget_delivered,halt,013.tiff,1,hem_mask_fill_1um,True,n_detections=100
budget_delivered,halt,013.tiff,2,default_51,True,n_detections=99
budget_delivered,halt,013.tiff,2,default_51,True,n_detections=99
budget_delivered,halt,013.tiff,2,hem_rect_fill,True,n_detections=99
budget_delivered,halt,013.tiff,2,hem_rect_fill,True,n_detections=99
budget_delivered,halt,013.tiff,2,hem_rect_fill_1um,True,n_detections=99
budget_delivered,halt,013.tiff,2,hem_rect_fill_1um,True,n_detections=99
budget_delivered,halt,013.tiff,2,hem_mask_fill_1um,True,n_detections=99
budget_delivered,halt,013.tiff,2,hem_mask_fill_1um,True,n_detections=99
budget_delivered,halt,013.tiff,3,default_51,True,n_detections=100
budget_delivered,halt,013.tiff,3,default_51,True,n_detections=100
budget_delivered,halt,013.tiff,3,hem_rect_fill,True,n_detections=99
budget_delivered,halt,013.tiff,3,hem_rect_fill,True,n_detections=99
budget_delivered,halt,013.tiff,3,hem_rect_fill_1um,True,n_detections=99
budget_delivered,halt,013.tiff,3,hem_rect_fill_1um,True,n_detections=99
budget_delivered,halt,013.tiff,3,hem_mask_fill_1um,True,n_detections=99
budget_delivered,halt,013.tiff,3,hem_mask_fill_1um,True,n_detections=99
budget_delivered,halt,013.tiff,4,default_51,True,n_detections=100
budget_delivered,halt,013.tiff,4,default_51,True,n_detections=100
budget_delivered,halt,013.tiff,4,hem_rect_fill,True,n_detections=100
budget_delivered,halt,013.tiff,4,hem_rect_fill,True,n_detections=100
budget_delivered,halt,013.tiff,4,hem_rect_fill_1um,True,n_detections=100
budget_delivered,halt,013.tiff,4,hem_rect_fill_1um,True,n_detections=100
budget_delivered,halt,013.tiff,4,hem_mask_fill_1um,True,n_detections=100
budget_delivered,halt,013.tiff,4,hem_mask_fill_1um,True,n_detections=100
budget_delivered,halt,013.tiff,5,default_51,True,n_detections=100
budget_delivered,halt,013.tiff,5,default_51,True,n_detections=100
budget_delivered,halt,013.tiff,5,hem_rect_fill,True,n_detections=100
budget_delivered,halt,013.tiff,5,hem_rect_fill,True,n_detections=100
budget_delivered,halt,013.tiff,5,hem_rect_fill_1um,True,n_detections=100
budget_delivered,halt,013.tiff,5,hem_rect_fill_1um,True,n_detections=100
budget_delivered,halt,013.tiff,5,hem_mask_fill_1um,True,n_detections=100
budget_delivered,halt,013.tiff,5,hem_mask_fill_1um,True,n_detections=100
budget_delivered,halt,094.tiff,0,default_51,True,n_detections=100
budget_delivered,halt,094.tiff,0,default_51,True,n_detections=100
budget_delivered,halt,094.tiff,0,hem_rect_fill,True,n_detections=100
budget_delivered,halt,094.tiff,0,hem_rect_fill,True,n_detections=100
budget_delivered,halt,094.tiff,0,hem_rect_fill_1um,True,n_detections=100
budget_delivered,halt,094.tiff,0,hem_rect_fill_1um,True,n_detections=100
budget_delivered,halt,094.tiff,0,hem_mask_fill_1um,True,n_detections=100
budget_delivered,halt,094.tiff,0,hem_mask_fill_1um,True,n_detections=100
budget_delivered,halt,094.tiff,1,default_51,True,n_detections=100
budget_delivered,halt,094.tiff,1,default_51,True,n_detections=100
budget_delivered,halt,094.tiff,1,hem_rect_fill,True,n_detections=100
budget_delivered,halt,094.tiff,1,hem_rect_fill,True,n_detections=100
budget_delivered,halt,094.tiff,1,hem_rect_fill_1um,True,n_detections=100
budget_delivered,halt,094.tiff,1,hem_rect_fill_1um,True,n_detections=100
budget_delivered,halt,094.tiff,1,hem_mask_fill_1um,True,n_detections=100
budget_delivered,halt,094.tiff,1,hem_mask_fill_1um,True,n_detections=100
budget_delivered,halt,094.tiff,2,default_51,True,n_detections=96
budget_delivered,halt,094.tiff,2,default_51,True,n_detections=96
budget_delivered,halt,094.tiff,2,hem_rect_fill,True,n_detections=100
budget_delivered,halt,094.tiff,2,hem_rect_fill,True,n_detections=100
budget_delivered,halt,094.tiff,2,hem_rect_fill_1um,True,n_detections=100
budget_delivered,halt,094.tiff,2,hem_rect_fill_1um,True,n_detections=100
budget_delivered,halt,094.tiff,2,hem_mask_fill_1um,True,n_detections=100
budget_delivered,halt,094.tiff,2,hem_mask_fill_1um,True,n_detections=100
budget_delivered,halt,094.tiff,3,default_51,True,n_detections=99
budget_delivered,halt,094.tiff,3,default_51,True,n_detections=99
budget_delivered,halt,094.tiff,3,hem_rect_fill,True,n_detections=100
budget_delivered,halt,094.tiff,3,hem_rect_fill,True,n_detections=100
budget_delivered,halt,094.tiff,3,hem_rect_fill_1um,True,n_detections=100
budget_delivered,halt,094.tiff,3,hem_rect_fill_1um,True,n_detections=100
budget_delivered,halt,094.tiff,3,hem_mask_fill_1um,True,n_detections=100
budget_delivered,halt,094.tiff,3,hem_mask_fill_1um,True,n_detections=100
budget_delivered,halt,094.tiff,4,default_51,True,n_detections=100
budget_delivered,halt,094.tiff,4,default_51,True,n_detections=100
budget_delivered,halt,094.tiff,4,hem_rect_fill,True,n_detections=100
budget_delivered,halt,094.tiff,4,hem_rect_fill,True,n_detections=100
budget_delivered,halt,094.tiff,4,hem_rect_fill_1um,True,n_detections=100
budget_delivered,halt,094.tiff,4,hem_rect_fill_1um,True,n_detections=100
budget_delivered,halt,094.tiff,4,hem_mask_fill_1um,True,n_detections=100
budget_delivered,halt,094.tiff,4,hem_mask_fill_1um,True,n_detections=100
budget_delivered,halt,094.tiff,5,default_51,True,n_detections=100
budget_delivered,halt,094.tiff,5,default_51,True,n_detections=100
budget_delivered,halt,094.tiff,5,hem_rect_fill,True,n_detections=100
budget_delivered,halt,094.tiff,5,hem_rect_fill,True,n_detections=100
budget_delivered,halt,094.tiff,5,hem_rect_fill_1um,True,n_detections=100
budget_delivered,halt,094.tiff,5,hem_rect_fill_1um,True,n_detections=100
budget_delivered,halt,094.tiff,5,hem_mask_fill_1um,True,n_detections=100
budget_delivered,halt,094.tiff,5,hem_mask_fill_1um,True,n_detections=100
budget_delivered,halt,007.tiff,0,default_51,True,n_detections=99
budget_delivered,halt,007.tiff,0,default_51,True,n_detections=99
budget_delivered,halt,007.tiff,0,hem_rect_fill,True,n_detections=99
budget_delivered,halt,007.tiff,0,hem_rect_fill,True,n_detections=99
budget_delivered,halt,007.tiff,0,hem_rect_fill_1um,True,n_detections=99
budget_delivered,halt,007.tiff,0,hem_rect_fill_1um,True,n_detections=99
budget_delivered,halt,007.tiff,0,hem_mask_fill_1um,True,n_detections=99
budget_delivered,halt,007.tiff,0,hem_mask_fill_1um,True,n_detections=99
budget_delivered,halt,007.tiff,1,default_51,True,n_detections=100
budget_delivered,halt,007.tiff,1,default_51,True,n_detections=100
budget_delivered,halt,007.tiff,1,hem_rect_fill,True,n_detections=99
budget_delivered,halt,007.tiff,1,hem_rect_fill,True,n_detections=99
budget_delivered,halt,007.tiff,1,hem_rect_fill_1um,True,n_detections=99
budget_delivered,halt,007.tiff,1,hem_rect_fill_1um,True,n_detections=99
budget_delivered,halt,007.tiff,1,hem_mask_fill_1um,True,n_detections=100
budget_delivered,halt,007.tiff,1,hem_mask_fill_1um,True,n_detections=100
budget_delivered,halt,007.tiff,2,default_51,True,n_detections=100
budget_delivered,halt,007.tiff,2,default_51,True,n_detections=100
budget_delivered,halt,007.tiff,2,hem_rect_fill,True,n_detections=100
budget_delivered,halt,007.tiff,2,hem_rect_fill,True,n_detections=100
budget_delivered,halt,007.tiff,2,hem_rect_fill_1um,True,n_detections=99
budget_delivered,halt,007.tiff,2,hem_rect_fill_1um,True,n_detections=99
budget_delivered,halt,007.tiff,2,hem_mask_fill_1um,True,n_detections=100
budget_delivered,halt,007.tiff,2,hem_mask_fill_1um,True,n_detections=100
budget_delivered,halt,007.tiff,3,default_51,True,n_detections=100
budget_delivered,halt,007.tiff,3,default_51,True,n_detections=100
budget_delivered,halt,007.tiff,3,hem_rect_fill,True,n_detections=100
budget_delivered,halt,007.tiff,3,hem_rect_fill,True,n_detections=100
budget_delivered,halt,007.tiff,3,hem_rect_fill_1um,True,n_detections=100
budget_delivered,halt,007.tiff,3,hem_rect_fill_1um,True,n_detections=100
budget_delivered,halt,007.tiff,3,hem_mask_fill_1um,True,n_detections=100
budget_delivered,halt,007.tiff,3,hem_mask_fill_1um,True,n_detections=100
budget_delivered,halt,007.tiff,4,default_51,True,n_detections=99
budget_delivered,halt,007.tiff,4,default_51,True,n_detections=99
budget_delivered,halt,007.tiff,4,hem_rect_fill,True,n_detections=99
budget_delivered,halt,007.tiff,4,hem_rect_fill,True,n_detections=99
budget_delivered,halt,007.tiff,4,hem_rect_fill_1um,True,n_detections=99
budget_delivered,halt,007.tiff,4,hem_rect_fill_1um,True,n_detections=99
budget_delivered,halt,007.tiff,4,hem_mask_fill_1um,True,n_detections=99
budget_delivered,halt,007.tiff,4,hem_mask_fill_1um,True,n_detections=99
budget_delivered,halt,007.tiff,5,default_51,True,n_detections=99
budget_delivered,halt,007.tiff,5,default_51,True,n_detections=99
budget_delivered,halt,007.tiff,5,hem_rect_fill,True,n_detections=99
budget_delivered,halt,007.tiff,5,hem_rect_fill,True,n_detections=99
budget_delivered,halt,007.tiff,5,hem_rect_fill_1um,True,n_detections=98
budget_delivered,halt,007.tiff,5,hem_rect_fill_1um,True,n_detections=98
budget_delivered,halt,007.tiff,5,hem_mask_fill_1um,True,n_detections=98
budget_delivered,halt,007.tiff,5,hem_mask_fill_1um,True,n_detections=98
budget_delivered,halt,072.tiff,0,default_51,True,n_detections=100
budget_delivered,halt,072.tiff,0,default_51,True,n_detections=100
budget_delivered,halt,072.tiff,0,hem_rect_fill,True,n_detections=100
budget_delivered,halt,072.tiff,0,hem_rect_fill,True,n_detections=100
budget_delivered,halt,072.tiff,0,hem_rect_fill_1um,True,n_detections=100
budget_delivered,halt,072.tiff,0,hem_rect_fill_1um,True,n_detections=100
budget_delivered,halt,072.tiff,0,hem_mask_fill_1um,True,n_detections=100
budget_delivered,halt,072.tiff,0,hem_mask_fill_1um,True,n_detections=100
budget_delivered,halt,072.tiff,1,default_51,True,n_detections=99
budget_delivered,halt,072.tiff,1,default_51,True,n_detections=99
budget_delivered,halt,072.tiff,1,hem_rect_fill,True,n_detections=99
budget_delivered,halt,072.tiff,1,hem_rect_fill,True,n_detections=99
budget_delivered,halt,072.tiff,1,hem_rect_fill_1um,True,n_detections=99
budget_delivered,halt,072.tiff,1,hem_rect_fill_1um,True,n_detections=99
budget_delivered,halt,072.tiff,1,hem_mask_fill_1um,True,n_detections=99
budget_delivered,halt,072.tiff,1,hem_mask_fill_1um,True,n_detections=99
budget_delivered,halt,072.tiff,2,default_51,True,n_detections=100
budget_delivered,halt,072.tiff,2,default_51,True,n_detections=100
budget_delivered,halt,072.tiff,2,hem_rect_fill,True,n_detections=100
budget_delivered,halt,072.tiff,2,hem_rect_fill,True,n_detections=100
budget_delivered,halt,072.tiff,2,hem_rect_fill_1um,True,n_detections=100
budget_delivered,halt,072.tiff,2,hem_rect_fill_1um,True,n_detections=100
budget_delivered,halt,072.tiff,2,hem_mask_fill_1um,True,n_detections=100
budget_delivered,halt,072.tiff,2,hem_mask_fill_1um,True,n_detections=100
budget_delivered,halt,072.tiff,3,default_51,True,n_detections=100
budget_delivered,halt,072.tiff,3,default_51,True,n_detections=100
budget_delivered,halt,072.tiff,3,hem_rect_fill,True,n_detections=100
budget_delivered,halt,072.tiff,3,hem_rect_fill,True,n_detections=100
budget_delivered,halt,072.tiff,3,hem_rect_fill_1um,True,n_detections=100
budget_delivered,halt,072.tiff,3,hem_rect_fill_1um,True,n_detections=100
budget_delivered,halt,072.tiff,3,hem_mask_fill_1um,True,n_detections=100
budget_delivered,halt,072.tiff,3,hem_mask_fill_1um,True,n_detections=100
budget_delivered,halt,072.tiff,4,default_51,True,n_detections=100
budget_delivered,halt,072.tiff,4,default_51,True,n_detections=100
budget_delivered,halt,072.tiff,4,hem_rect_fill,True,n_detections=100
budget_delivered,halt,072.tiff,4,hem_rect_fill,True,n_detections=100
budget_delivered,halt,072.tiff,4,hem_rect_fill_1um,True,n_detections=100
budget_delivered,halt,072.tiff,4,hem_rect_fill_1um,True,n_detections=100
budget_delivered,halt,072.tiff,4,hem_mask_fill_1um,True,n_detections=100
budget_delivered,halt,072.tiff,4,hem_mask_fill_1um,True,n_detections=100
budget_delivered,halt,072.tiff,5,default_51,True,n_detections=100
budget_delivered,halt,072.tiff,5,default_51,True,n_detections=100
budget_delivered,halt,072.tiff,5,hem_rect_fill,True,n_detections=100
budget_delivered,halt,072.tiff,5,hem_rect_fill,True,n_detections=100
budget_delivered,halt,072.tiff,5,hem_rect_fill_1um,True,n_detections=100
budget_delivered,halt,072.tiff,5,hem_rect_fill_1um,True,n_detections=100
budget_delivered,halt,072.tiff,5,hem_mask_fill_1um,True,n_detections=100
budget_delivered,halt,072.tiff,5,hem_mask_fill_1um,True,n_detections=100
budget_delivered,halt,100.tiff,0,default_51,True,n_detections=98
budget_delivered,halt,100.tiff,0,default_51,True,n_detections=98
budget_delivered,halt,100.tiff,0,hem_rect_fill,True,n_detections=98
budget_delivered,halt,100.tiff,0,hem_rect_fill,True,n_detections=98
budget_delivered,halt,100.tiff,0,hem_rect_fill_1um,True,n_detections=99
budget_delivered,halt,100.tiff,0,hem_rect_fill_1um,True,n_detections=99
budget_delivered,halt,100.tiff,0,hem_mask_fill_1um,True,n_detections=99
budget_delivered,halt,100.tiff,0,hem_mask_fill_1um,True,n_detections=99
budget_delivered,halt,100.tiff,1,default_51,True,n_detections=99
budget_delivered,halt,100.tiff,1,default_51,True,n_detections=99
budget_delivered,halt,100.tiff,1,hem_rect_fill,True,n_detections=99
budget_delivered,halt,100.tiff,1,hem_rect_fill,True,n_detections=99
budget_delivered,halt,100.tiff,1,hem_rect_fill_1um,True,n_detections=99
budget_delivered,halt,100.tiff,1,hem_rect_fill_1um,True,n_detections=99
budget_delivered,halt,100.tiff,1,hem_mask_fill_1um,True,n_detections=99
budget_delivered,halt,100.tiff,1,hem_mask_fill_1um,True,n_detections=99
budget_delivered,halt,100.tiff,2,default_51,True,n_detections=100
budget_delivered,halt,100.tiff,2,default_51,True,n_detections=100
budget_delivered,halt,100.tiff,2,hem_rect_fill,True,n_detections=100
budget_delivered,halt,100.tiff,2,hem_rect_fill,True,n_detections=100
budget_delivered,halt,100.tiff,2,hem_rect_fill_1um,True,n_detections=100
budget_delivered,halt,100.tiff,2,hem_rect_fill_1um,True,n_detections=100
budget_delivered,halt,100.tiff,2,hem_mask_fill_1um,True,n_detections=100
budget_delivered,halt,100.tiff,2,hem_mask_fill_1um,True,n_detections=100
budget_delivered,halt,100.tiff,3,default_51,True,n_detections=93
budget_delivered,halt,100.tiff,3,default_51,True,n_detections=93
budget_delivered,halt,100.tiff,3,hem_rect_fill,True,n_detections=94
budget_delivered,halt,100.tiff,3,hem_rect_fill,True,n_detections=94
budget_delivered,halt,100.tiff,3,hem_rect_fill_1um,True,n_detections=95
budget_delivered,halt,100.tiff,3,hem_rect_fill_1um,True,n_detections=95
budget_delivered,halt,100.tiff,3,hem_mask_fill_1um,True,n_detections=95
budget_delivered,halt,100.tiff,3,hem_mask_fill_1um,True,n_detections=95
budget_delivered,halt,100.tiff,4,default_51,True,n_detections=100
budget_delivered,halt,100.tiff,4,default_51,True,n_detections=100
budget_delivered,halt,100.tiff,4,hem_rect_fill,True,n_detections=99
budget_delivered,halt,100.tiff,4,hem_rect_fill,True,n_detections=99
budget_delivered,halt,100.tiff,4,hem_rect_fill_1um,True,n_detections=99
budget_delivered,halt,100.tiff,4,hem_rect_fill_1um,True,n_detections=99
budget_delivered,halt,100.tiff,4,hem_mask_fill_1um,True,n_detections=99
budget_delivered,halt,100.tiff,4,hem_mask_fill_1um,True,n_detections=99
budget_delivered,halt,100.tiff,5,default_51,True,n_detections=99
budget_delivered,halt,100.tiff,5,default_51,True,n_detections=99
budget_delivered,halt,100.tiff,5,hem_rect_fill,True,n_detections=99
budget_delivered,halt,100.tiff,5,hem_rect_fill,True,n_detections=99
budget_delivered,halt,100.tiff,5,hem_rect_fill_1um,True,n_detections=99
budget_delivered,halt,100.tiff,5,hem_rect_fill_1um,True,n_detections=99
budget_delivered,halt,100.tiff,5,hem_mask_fill_1um,True,n_detections=99
budget_delivered,halt,100.tiff,5,hem_mask_fill_1um,True,n_detections=99
budget_delivered,halt,123.tiff,0,default_51,True,n_detections=95
budget_delivered,halt,123.tiff,0,default_51,True,n_detections=95
budget_delivered,halt,123.tiff,0,hem_rect_fill,True,n_detections=94
budget_delivered,halt,123.tiff,0,hem_rect_fill,True,n_detections=94
budget_delivered,halt,123.tiff,0,hem_rect_fill_1um,True,n_detections=94
budget_delivered,halt,123.tiff,0,hem_rect_fill_1um,True,n_detections=94
budget_delivered,halt,123.tiff,0,hem_mask_fill_1um,True,n_detections=94
budget_delivered,halt,123.tiff,0,hem_mask_fill_1um,True,n_detections=94
budget_delivered,halt,123.tiff,1,default_51,True,n_detections=98
budget_delivered,halt,123.tiff,1,default_51,True,n_detections=98
budget_delivered,halt,123.tiff,1,hem_rect_fill,True,n_detections=98
budget_delivered,halt,123.tiff,1,hem_rect_fill,True,n_detections=98
budget_delivered,halt,123.tiff,1,hem_rect_fill_1um,True,n_detections=99
budget_delivered,halt,123.tiff,1,hem_rect_fill_1um,True,n_detections=99
budget_delivered,halt,123.tiff,1,hem_mask_fill_1um,True,n_detections=99
budget_delivered,halt,123.tiff,1,hem_mask_fill_1um,True,n_detections=99
budget_delivered,halt,123.tiff,2,default_51,True,n_detections=100
budget_delivered,halt,123.tiff,2,default_51,True,n_detections=100
budget_delivered,halt,123.tiff,2,hem_rect_fill,True,n_detections=100
budget_delivered,halt,123.tiff,2,hem_rect_fill,True,n_detections=100
budget_delivered,halt,123.tiff,2,hem_rect_fill_1um,True,n_detections=100
budget_delivered,halt,123.tiff,2,hem_rect_fill_1um,True,n_detections=100
budget_delivered,halt,123.tiff,2,hem_mask_fill_1um,True,n_detections=100
budget_delivered,halt,123.tiff,2,hem_mask_fill_1um,True,n_detections=100
budget_delivered,halt,123.tiff,3,default_51,True,n_detections=94
budget_delivered,halt,123.tiff,3,default_51,True,n_detections=94
budget_delivered,halt,123.tiff,3,hem_rect_fill,True,n_detections=94
budget_delivered,halt,123.tiff,3,hem_rect_fill,True,n_detections=94
budget_delivered,halt,123.tiff,3,hem_rect_fill_1um,True,n_detections=94
budget_delivered,halt,123.tiff,3,hem_rect_fill_1um,True,n_detections=94
budget_delivered,halt,123.tiff,3,hem_mask_fill_1um,True,n_detections=93
budget_delivered,halt,123.tiff,3,hem_mask_fill_1um,True,n_detections=93
budget_delivered,halt,123.tiff,4,default_51,True,n_detections=93
budget_delivered,halt,123.tiff,4,default_51,True,n_detections=93
budget_delivered,halt,123.tiff,4,hem_rect_fill,True,n_detections=93
budget_delivered,halt,123.tiff,4,hem_rect_fill,True,n_detections=93
budget_delivered,halt,123.tiff,4,hem_rect_fill_1um,True,n_detections=93
budget_delivered,halt,123.tiff,4,hem_rect_fill_1um,True,n_detections=93
budget_delivered,halt,123.tiff,4,hem_mask_fill_1um,True,n_detections=94
budget_delivered,halt,123.tiff,4,hem_mask_fill_1um,True,n_detections=94
budget_delivered,halt,123.tiff,5,default_51,True,n_detections=96
budget_delivered,halt,123.tiff,5,default_51,True,n_detections=96
budget_delivered,halt,123.tiff,5,hem_rect_fill,True,n_detections=99
budget_delivered,halt,123.tiff,5,hem_rect_fill,True,n_detections=99
budget_delivered,halt,123.tiff,5,hem_rect_fill_1um,True,n_detections=99
budget_delivered,halt,123.tiff,5,hem_rect_fill_1um,True,n_detections=99
budget_delivered,halt,123.tiff,5,hem_mask_fill_1um,True,n_detections=99
budget_delivered,halt,123.tiff,5,hem_mask_fill_1um,True,n_detections=99
budget_delivered,halt,128.tiff,0,default_51,True,n_detections=82
budget_delivered,halt,128.tiff,0,default_51,True,n_detections=82
budget_delivered,halt,128.tiff,0,hem_rect_fill,True,n_detections=85
budget_delivered,halt,128.tiff,0,hem_rect_fill,True,n_detections=85
budget_delivered,halt,128.tiff,0,hem_rect_fill_1um,True,n_detections=83
budget_delivered,halt,128.tiff,0,hem_rect_fill_1um,True,n_detections=83
budget_delivered,halt,128.tiff,0,hem_mask_fill_1um,True,n_detections=85
budget_delivered,halt,128.tiff,0,hem_mask_fill_1um,True,n_detections=85
budget_delivered,halt,128.tiff,1,default_51,True,n_detections=98
budget_delivered,halt,128.tiff,1,default_51,True,n_detections=98
budget_delivered,halt,128.tiff,1,hem_rect_fill,True,n_detections=97
budget_delivered,halt,128.tiff,1,hem_rect_fill,True,n_detections=97
budget_delivered,halt,128.tiff,1,hem_rect_fill_1um,True,n_detections=97
budget_delivered,halt,128.tiff,1,hem_rect_fill_1um,True,n_detections=97
budget_delivered,halt,128.tiff,1,hem_mask_fill_1um,True,n_detections=96
budget_delivered,halt,128.tiff,1,hem_mask_fill_1um,True,n_detections=96
budget_delivered,halt,128.tiff,2,default_51,True,n_detections=98
budget_delivered,halt,128.tiff,2,default_51,True,n_detections=98
budget_delivered,halt,128.tiff,2,hem_rect_fill,True,n_detections=98
budget_delivered,halt,128.tiff,2,hem_rect_fill,True,n_detections=98
budget_delivered,halt,128.tiff,2,hem_rect_fill_1um,True,n_detections=97
budget_delivered,halt,128.tiff,2,hem_rect_fill_1um,True,n_detections=97
budget_delivered,halt,128.tiff,2,hem_mask_fill_1um,True,n_detections=98
budget_delivered,halt,128.tiff,2,hem_mask_fill_1um,True,n_detections=98
budget_delivered,halt,128.tiff,3,default_51,True,n_detections=92
budget_delivered,halt,128.tiff,3,default_51,True,n_detections=92
budget_delivered,halt,128.tiff,3,hem_rect_fill,True,n_detections=93
budget_delivered,halt,128.tiff,3,hem_rect_fill,True,n_detections=93
budget_delivered,halt,128.tiff,3,hem_rect_fill_1um,True,n_detections=92
budget_delivered,halt,128.tiff,3,hem_rect_fill_1um,True,n_detections=92
budget_delivered,halt,128.tiff,3,hem_mask_fill_1um,True,n_detections=92
budget_delivered,halt,128.tiff,3,hem_mask_fill_1um,True,n_detections=92
budget_delivered,halt,128.tiff,4,default_51,True,n_detections=90
budget_delivered,halt,128.tiff,4,default_51,True,n_detections=90
budget_delivered,halt,128.tiff,4,hem_rect_fill,True,n_detections=91
budget_delivered,halt,128.tiff,4,hem_rect_fill,True,n_detections=91
budget_delivered,halt,128.tiff,4,hem_rect_fill_1um,True,n_detections=89
budget_delivered,halt,128.tiff,4,hem_rect_fill_1um,True,n_detections=89
budget_delivered,halt,128.tiff,4,hem_mask_fill_1um,True,n_detections=91
budget_delivered,halt,128.tiff,4,hem_mask_fill_1um,True,n_detections=91
budget_delivered,halt,128.tiff,5,default_51,True,n_detections=89
budget_delivered,halt,128.tiff,5,default_51,True,n_detections=89
budget_delivered,halt,128.tiff,5,hem_rect_fill,True,n_detections=85
budget_delivered,halt,128.tiff,5,hem_rect_fill,True,n_detections=85
budget_delivered,halt,128.tiff,5,hem_rect_fill_1um,True,n_detections=82
budget_delivered,halt,128.tiff,5,hem_rect_fill_1um,True,n_detections=82
budget_delivered,halt,128.tiff,5,hem_mask_fill_1um,True,n_detections=86
budget_delivered,halt,128.tiff,5,hem_mask_fill_1um,True,n_detections=86
budget_delivered,halt,529.tiff,0,default_51,True,n_detections=100
budget_delivered,halt,529.tiff,0,default_51,True,n_detections=100
budget_delivered,halt,529.tiff,0,hem_rect_fill,True,n_detections=100
budget_delivered,halt,529.tiff,0,hem_rect_fill,True,n_detections=100
budget_delivered,halt,529.tiff,0,hem_rect_fill_1um,True,n_detections=99
budget_delivered,halt,529.tiff,0,hem_rect_fill_1um,True,n_detections=99
budget_delivered,halt,529.tiff,0,hem_mask_fill_1um,True,n_detections=100
budget_delivered,halt,529.tiff,0,hem_mask_fill_1um,True,n_detections=100
budget_delivered,halt,529.tiff,1,default_51,True,n_detections=99
budget_delivered,halt,529.tiff,1,default_51,True,n_detections=99
budget_delivered,halt,529.tiff,1,hem_rect_fill,True,n_detections=99
budget_delivered,halt,529.tiff,1,hem_rect_fill,True,n_detections=99
budget_delivered,halt,529.tiff,1,hem_rect_fill_1um,True,n_detections=99
budget_delivered,halt,529.tiff,1,hem_rect_fill_1um,True,n_detections=99
budget_delivered,halt,529.tiff,1,hem_mask_fill_1um,True,n_detections=99
budget_delivered,halt,529.tiff,1,hem_mask_fill_1um,True,n_detections=99
budget_delivered,halt,529.tiff,2,default_51,True,n_detections=99
budget_delivered,halt,529.tiff,2,default_51,True,n_detections=99
budget_delivered,halt,529.tiff,2,hem_rect_fill,True,n_detections=95
budget_delivered,halt,529.tiff,2,hem_rect_fill,True,n_detections=95
budget_delivered,halt,529.tiff,2,hem_rect_fill_1um,True,n_detections=97
budget_delivered,halt,529.tiff,2,hem_rect_fill_1um,True,n_detections=97
budget_delivered,halt,529.tiff,2,hem_mask_fill_1um,True,n_detections=95
budget_delivered,halt,529.tiff,2,hem_mask_fill_1um,True,n_detections=95
budget_delivered,halt,529.tiff,3,default_51,True,n_detections=99
budget_delivered,halt,529.tiff,3,default_51,True,n_detections=99
budget_delivered,halt,529.tiff,3,hem_rect_fill,True,n_detections=99
budget_delivered,halt,529.tiff,3,hem_rect_fill,True,n_detections=99
budget_delivered,halt,529.tiff,3,hem_rect_fill_1um,True,n_detections=99
budget_delivered,halt,529.tiff,3,hem_rect_fill_1um,True,n_detections=99
budget_delivered,halt,529.tiff,3,hem_mask_fill_1um,True,n_detections=99
budget_delivered,halt,529.tiff,3,hem_mask_fill_1um,True,n_detections=99
budget_delivered,halt,529.tiff,4,default_51,True,n_detections=99
budget_delivered,halt,529.tiff,4,default_51,True,n_detections=99
budget_delivered,halt,529.tiff,4,hem_rect_fill,True,n_detections=99
budget_delivered,halt,529.tiff,4,hem_rect_fill,True,n_detections=99
budget_delivered,halt,529.tiff,4,hem_rect_fill_1um,True,n_detections=99
budget_delivered,halt,529.tiff,4,hem_rect_fill_1um,True,n_detections=99
budget_delivered,halt,529.tiff,4,hem_mask_fill_1um,True,n_detections=99
budget_delivered,halt,529.tiff,4,hem_mask_fill_1um,True,n_detections=99
budget_delivered,halt,529.tiff,5,default_51,True,n_detections=100
budget_delivered,halt,529.tiff,5,default_51,True,n_detections=100
budget_delivered,halt,529.tiff,5,hem_rect_fill,True,n_detections=99
budget_delivered,halt,529.tiff,5,hem_rect_fill,True,n_detections=99
budget_delivered,halt,529.tiff,5,hem_rect_fill_1um,True,n_detections=99
budget_delivered,halt,529.tiff,5,hem_rect_fill_1um,True,n_detections=99
budget_delivered,halt,529.tiff,5,hem_mask_fill_1um,True,n_detections=100
budget_delivered,halt,529.tiff,5,hem_mask_fill_1um,True,n_detections=100
budget_delivered,halt,548.tiff,0,default_51,True,n_detections=100
budget_delivered,halt,548.tiff,0,default_51,True,n_detections=100
budget_delivered,halt,548.tiff,0,hem_rect_fill,True,n_detections=100
budget_delivered,halt,548.tiff,0,hem_rect_fill,True,n_detections=100
budget_delivered,halt,548.tiff,0,hem_rect_fill_1um,True,n_detections=100
budget_delivered,halt,548.tiff,0,hem_rect_fill_1um,True,n_detections=100
budget_delivered,halt,548.tiff,0,hem_mask_fill_1um,True,n_detections=100
budget_delivered,halt,548.tiff,0,hem_mask_fill_1um,True,n_detections=100
budget_delivered,halt,548.tiff,1,default_51,True,n_detections=100
budget_delivered,halt,548.tiff,1,default_51,True,n_detections=100
budget_delivered,halt,548.tiff,1,hem_rect_fill,True,n_detections=100
budget_delivered,halt,548.tiff,1,hem_rect_fill,True,n_detections=100
budget_delivered,halt,548.tiff,1,hem_rect_fill_1um,True,n_detections=100
budget_delivered,halt,548.tiff,1,hem_rect_fill_1um,True,n_detections=100
budget_delivered,halt,548.tiff,1,hem_mask_fill_1um,True,n_detections=100
budget_delivered,halt,548.tiff,1,hem_mask_fill_1um,True,n_detections=100
budget_delivered,halt,548.tiff,2,default_51,True,n_detections=100
budget_delivered,halt,548.tiff,2,default_51,True,n_detections=100
budget_delivered,halt,548.tiff,2,hem_rect_fill,True,n_detections=100
budget_delivered,halt,548.tiff,2,hem_rect_fill,True,n_detections=100
budget_delivered,halt,548.tiff,2,hem_rect_fill_1um,True,n_detections=100
budget_delivered,halt,548.tiff,2,hem_rect_fill_1um,True,n_detections=100
budget_delivered,halt,548.tiff,2,hem_mask_fill_1um,True,n_detections=100
budget_delivered,halt,548.tiff,2,hem_mask_fill_1um,True,n_detections=100
budget_delivered,halt,548.tiff,3,default_51,True,n_detections=100
budget_delivered,halt,548.tiff,3,default_51,True,n_detections=100
budget_delivered,halt,548.tiff,3,hem_rect_fill,True,n_detections=100
budget_delivered,halt,548.tiff,3,hem_rect_fill,True,n_detections=100
budget_delivered,halt,548.tiff,3,hem_rect_fill_1um,True,n_detections=100
budget_delivered,halt,548.tiff,3,hem_rect_fill_1um,True,n_detections=100
budget_delivered,halt,548.tiff,3,hem_mask_fill_1um,True,n_detections=100
budget_delivered,halt,548.tiff,3,hem_mask_fill_1um,True,n_detections=100
budget_delivered,halt,548.tiff,4,default_51,True,n_detections=100
budget_delivered,halt,548.tiff,4,default_51,True,n_detections=100
budget_delivered,halt,548.tiff,4,hem_rect_fill,True,n_detections=100
budget_delivered,halt,548.tiff,4,hem_rect_fill,True,n_detections=100
budget_delivered,halt,548.tiff,4,hem_rect_fill_1um,True,n_detections=100
budget_delivered,halt,548.tiff,4,hem_rect_fill_1um,True,n_detections=100
budget_delivered,halt,548.tiff,4,hem_mask_fill_1um,True,n_detections=100
budget_delivered,halt,548.tiff,4,hem_mask_fill_1um,True,n_detections=100
budget_delivered,halt,548.tiff,5,default_51,True,n_detections=100
budget_delivered,halt,548.tiff,5,default_51,True,n_detections=100
budget_delivered,halt,548.tiff,5,hem_rect_fill,True,n_detections=100
budget_delivered,halt,548.tiff,5,hem_rect_fill,True,n_detections=100
budget_delivered,halt,548.tiff,5,hem_rect_fill_1um,True,n_detections=100
budget_delivered,halt,548.tiff,5,hem_rect_fill_1um,True,n_detections=100
budget_delivered,halt,548.tiff,5,hem_mask_fill_1um,True,n_detections=100
budget_delivered,halt,548.tiff,5,hem_mask_fill_1um,True,n_detections=100
budget_delivered,halt,509.tiff,0,default_51,True,n_detections=94
budget_delivered,halt,509.tiff,0,default_51,True,n_detections=94
budget_delivered,halt,509.tiff,0,hem_rect_fill,True,n_detections=96
budget_delivered,halt,509.tiff,0,hem_rect_fill,True,n_detections=96
budget_delivered,halt,509.tiff,0,hem_rect_fill_1um,True,n_detections=94
budget_delivered,halt,509.tiff,0,hem_rect_fill_1um,True,n_detections=94
budget_delivered,halt,509.tiff,0,hem_mask_fill_1um,True,n_detections=95
budget_delivered,halt,509.tiff,0,hem_mask_fill_1um,True,n_detections=95
budget_delivered,halt,509.tiff,1,default_51,True,n_detections=87
budget_delivered,halt,509.tiff,1,default_51,True,n_detections=87
budget_delivered,halt,509.tiff,1,hem_rect_fill,True,n_detections=87
budget_delivered,halt,509.tiff,1,hem_rect_fill,True,n_detections=87
budget_delivered,halt,509.tiff,1,hem_rect_fill_1um,True,n_detections=88
budget_delivered,halt,509.tiff,1,hem_rect_fill_1um,True,n_detections=88
budget_delivered,halt,509.tiff,1,hem_mask_fill_1um,True,n_detections=87
budget_delivered,halt,509.tiff,1,hem_mask_fill_1um,True,n_detections=87
budget_delivered,halt,509.tiff,2,default_51,True,n_detections=92
budget_delivered,halt,509.tiff,2,default_51,True,n_detections=92
budget_delivered,halt,509.tiff,2,hem_rect_fill,True,n_detections=89
budget_delivered,halt,509.tiff,2,hem_rect_fill,True,n_detections=89
budget_delivered,halt,509.tiff,2,hem_rect_fill_1um,True,n_detections=90
budget_delivered,halt,509.tiff,2,hem_rect_fill_1um,True,n_detections=90
budget_delivered,halt,509.tiff,2,hem_mask_fill_1um,True,n_detections=88
budget_delivered,halt,509.tiff,2,hem_mask_fill_1um,True,n_detections=88
budget_delivered,halt,509.tiff,3,default_51,True,n_detections=97
budget_delivered,halt,509.tiff,3,default_51,True,n_detections=97
budget_delivered,halt,509.tiff,3,hem_rect_fill,True,n_detections=99
budget_delivered,halt,509.tiff,3,hem_rect_fill,True,n_detections=99
budget_delivered,halt,509.tiff,3,hem_rect_fill_1um,True,n_detections=99
budget_delivered,halt,509.tiff,3,hem_rect_fill_1um,True,n_detections=99
budget_delivered,halt,509.tiff,3,hem_mask_fill_1um,True,n_detections=99
budget_delivered,halt,509.tiff,3,hem_mask_fill_1um,True,n_detections=99
budget_delivered,halt,509.tiff,4,default_51,True,n_detections=98
budget_delivered,halt,509.tiff,4,default_51,True,n_detections=98
budget_delivered,halt,509.tiff,4,hem_rect_fill,True,n_detections=98
budget_delivered,halt,509.tiff,4,hem_rect_fill,True,n_detections=98
budget_delivered,halt,509.tiff,4,hem_rect_fill_1um,True,n_detections=98
budget_delivered,halt,509.tiff,4,hem_rect_fill_1um,True,n_detections=98
budget_delivered,halt,509.tiff,4,hem_mask_fill_1um,True,n_detections=98
budget_delivered,halt,509.tiff,4,hem_mask_fill_1um,True,n_detections=98
budget_delivered,halt,509.tiff,5,default_51,True,n_detections=92
budget_delivered,halt,509.tiff,5,default_51,True,n_detections=92
budget_delivered,halt,509.tiff,5,hem_rect_fill,True,n_detections=93
budget_delivered,halt,509.tiff,5,hem_rect_fill,True,n_detections=93
budget_delivered,halt,509.tiff,5,hem_rect_fill_1um,True,n_detections=93
budget_delivered,halt,509.tiff,5,hem_rect_fill_1um,True,n_detections=93
budget_delivered,halt,509.tiff,5,hem_mask_fill_1um,True,n_detections=93
budget_delivered,halt,509.tiff,5,hem_mask_fill_1um,True,n_detections=93
budget_delivered,halt,524.tiff,0,default_51,True,n_detections=98
budget_delivered,halt,524.tiff,0,default_51,True,n_detections=98
budget_delivered,halt,524.tiff,0,hem_rect_fill,True,n_detections=98
budget_delivered,halt,524.tiff,0,hem_rect_fill,True,n_detections=98
budget_delivered,halt,524.tiff,0,hem_rect_fill_1um,True,n_detections=99
budget_delivered,halt,524.tiff,0,hem_rect_fill_1um,True,n_detections=99
budget_delivered,halt,524.tiff,0,hem_mask_fill_1um,True,n_detections=98
budget_delivered,halt,524.tiff,0,hem_mask_fill_1um,True,n_detections=98
budget_delivered,halt,524.tiff,1,default_51,True,n_detections=100
budget_delivered,halt,524.tiff,1,default_51,True,n_detections=100
budget_delivered,halt,524.tiff,1,hem_rect_fill,True,n_detections=100
budget_delivered,halt,524.tiff,1,hem_rect_fill,True,n_detections=100
budget_delivered,halt,524.tiff,1,hem_rect_fill_1um,True,n_detections=100
budget_delivered,halt,524.tiff,1,hem_rect_fill_1um,True,n_detections=100
budget_delivered,halt,524.tiff,1,hem_mask_fill_1um,True,n_detections=100
budget_delivered,halt,524.tiff,1,hem_mask_fill_1um,True,n_detections=100
budget_delivered,halt,524.tiff,2,default_51,True,n_detections=96
budget_delivered,halt,524.tiff,2,default_51,True,n_detections=96
budget_delivered,halt,524.tiff,2,hem_rect_fill,True,n_detections=99
budget_delivered,halt,524.tiff,2,hem_rect_fill,True,n_detections=99
budget_delivered,halt,524.tiff,2,hem_rect_fill_1um,True,n_detections=99
budget_delivered,halt,524.tiff,2,hem_rect_fill_1um,True,n_detections=99
budget_delivered,halt,524.tiff,2,hem_mask_fill_1um,True,n_detections=99
budget_delivered,halt,524.tiff,2,hem_mask_fill_1um,True,n_detections=99
budget_delivered,halt,524.tiff,3,default_51,True,n_detections=100
budget_delivered,halt,524.tiff,3,default_51,True,n_detections=100
budget_delivered,halt,524.tiff,3,hem_rect_fill,True,n_detections=100
budget_delivered,halt,524.tiff,3,hem_rect_fill,True,n_detections=100
budget_delivered,halt,524.tiff,3,hem_rect_fill_1um,True,n_detections=100
budget_delivered,halt,524.tiff,3,hem_rect_fill_1um,True,n_detections=100
budget_delivered,halt,524.tiff,3,hem_mask_fill_1um,True,n_detections=100
budget_delivered,halt,524.tiff,3,hem_mask_fill_1um,True,n_detections=100
budget_delivered,halt,524.tiff,4,default_51,True,n_detections=99
budget_delivered,halt,524.tiff,4,default_51,True,n_detections=99
budget_delivered,halt,524.tiff,4,hem_rect_fill,True,n_detections=100
budget_delivered,halt,524.tiff,4,hem_rect_fill,True,n_detections=100
budget_delivered,halt,524.tiff,4,hem_rect_fill_1um,True,n_detections=100
budget_delivered,halt,524.tiff,4,hem_rect_fill_1um,True,n_detections=100
budget_delivered,halt,524.tiff,4,hem_mask_fill_1um,True,n_detections=100
budget_delivered,halt,524.tiff,4,hem_mask_fill_1um,True,n_detections=100
budget_delivered,halt,524.tiff,5,default_51,True,n_detections=98
budget_delivered,halt,524.tiff,5,default_51,True,n_detections=98
budget_delivered,halt,524.tiff,5,hem_rect_fill,True,n_detections=99
budget_delivered,halt,524.tiff,5,hem_rect_fill,True,n_detections=99
budget_delivered,halt,524.tiff,5,hem_rect_fill_1um,True,n_detections=98
budget_delivered,halt,524.tiff,5,hem_rect_fill_1um,True,n_detections=98
budget_delivered,halt,524.tiff,5,hem_mask_fill_1um,True,n_detections=98
budget_delivered,halt,524.tiff,5,hem_mask_fill_1um,True,n_detections=98
budget_delivered,halt,527.tiff,0,default_51,True,n_detections=100
budget_delivered,halt,527.tiff,0,default_51,True,n_detections=100
budget_delivered,halt,527.tiff,0,hem_rect_fill,True,n_detections=100
budget_delivered,halt,527.tiff,0,hem_rect_fill,True,n_detections=100
budget_delivered,halt,527.tiff,0,hem_rect_fill_1um,True,n_detections=100
budget_delivered,halt,527.tiff,0,hem_rect_fill_1um,True,n_detections=100
budget_delivered,halt,527.tiff,0,hem_mask_fill_1um,True,n_detections=100
budget_delivered,halt,527.tiff,0,hem_mask_fill_1um,True,n_detections=100
budget_delivered,halt,527.tiff,1,default_51,True,n_detections=100
budget_delivered,halt,527.tiff,1,default_51,True,n_detections=100
budget_delivered,halt,527.tiff,1,hem_rect_fill,True,n_detections=100
budget_delivered,halt,527.tiff,1,hem_rect_fill,True,n_detections=100
budget_delivered,halt,527.tiff,1,hem_rect_fill_1um,True,n_detections=100
budget_delivered,halt,527.tiff,1,hem_rect_fill_1um,True,n_detections=100
budget_delivered,halt,527.tiff,1,hem_mask_fill_1um,True,n_detections=100
budget_delivered,halt,527.tiff,1,hem_mask_fill_1um,True,n_detections=100
budget_delivered,halt,527.tiff,2,default_51,True,n_detections=100
budget_delivered,halt,527.tiff,2,default_51,True,n_detections=100
budget_delivered,halt,527.tiff,2,hem_rect_fill,True,n_detections=99
budget_delivered,halt,527.tiff,2,hem_rect_fill,True,n_detections=99
budget_delivered,halt,527.tiff,2,hem_rect_fill_1um,True,n_detections=99
budget_delivered,halt,527.tiff,2,hem_rect_fill_1um,True,n_detections=99
budget_delivered,halt,527.tiff,2,hem_mask_fill_1um,True,n_detections=99
budget_delivered,halt,527.tiff,2,hem_mask_fill_1um,True,n_detections=99
budget_delivered,halt,527.tiff,3,default_51,True,n_detections=100
budget_delivered,halt,527.tiff,3,default_51,True,n_detections=100
budget_delivered,halt,527.tiff,3,hem_rect_fill,True,n_detections=100
budget_delivered,halt,527.tiff,3,hem_rect_fill,True,n_detections=100
budget_delivered,halt,527.tiff,3,hem_rect_fill_1um,True,n_detections=100
budget_delivered,halt,527.tiff,3,hem_rect_fill_1um,True,n_detections=100
budget_delivered,halt,527.tiff,3,hem_mask_fill_1um,True,n_detections=100
budget_delivered,halt,527.tiff,3,hem_mask_fill_1um,True,n_detections=100
budget_delivered,halt,527.tiff,4,default_51,True,n_detections=100
budget_delivered,halt,527.tiff,4,default_51,True,n_detections=100
budget_delivered,halt,527.tiff,4,hem_rect_fill,True,n_detections=100
budget_delivered,halt,527.tiff,4,hem_rect_fill,True,n_detections=100
budget_delivered,halt,527.tiff,4,hem_rect_fill_1um,True,n_detections=100
budget_delivered,halt,527.tiff,4,hem_rect_fill_1um,True,n_detections=100
budget_delivered,halt,527.tiff,4,hem_mask_fill_1um,True,n_detections=100
budget_delivered,halt,527.tiff,4,hem_mask_fill_1um,True,n_detections=100
budget_delivered,halt,527.tiff,5,default_51,True,n_detections=100
budget_delivered,halt,527.tiff,5,default_51,True,n_detections=100
budget_delivered,halt,527.tiff,5,hem_rect_fill,True,n_detections=100
budget_delivered,halt,527.tiff,5,hem_rect_fill,True,n_detections=100
budget_delivered,halt,527.tiff,5,hem_rect_fill_1um,True,n_detections=100
budget_delivered,halt,527.tiff,5,hem_rect_fill_1um,True,n_detections=100
budget_delivered,halt,527.tiff,5,hem_mask_fill_1um,True,n_detections=100
budget_delivered,halt,527.tiff,5,hem_mask_fill_1um,True,n_detections=100
budget_delivered,halt,546.tiff,0,default_51,True,n_detections=100
budget_delivered,halt,546.tiff,0,default_51,True,n_detections=100
budget_delivered,halt,546.tiff,0,hem_rect_fill,True,n_detections=100
budget_delivered,halt,546.tiff,0,hem_rect_fill,True,n_detections=100
budget_delivered,halt,546.tiff,0,hem_rect_fill_1um,True,n_detections=100
budget_delivered,halt,546.tiff,0,hem_rect_fill_1um,True,n_detections=100
budget_delivered,halt,546.tiff,0,hem_mask_fill_1um,True,n_detections=100
budget_delivered,halt,546.tiff,0,hem_mask_fill_1um,True,n_detections=100
budget_delivered,halt,546.tiff,1,default_51,True,n_detections=100
budget_delivered,halt,546.tiff,1,default_51,True,n_detections=100
budget_delivered,halt,546.tiff,1,hem_rect_fill,True,n_detections=100
budget_delivered,halt,546.tiff,1,hem_rect_fill,True,n_detections=100
budget_delivered,halt,546.tiff,1,hem_rect_fill_1um,True,n_detections=100
budget_delivered,halt,546.tiff,1,hem_rect_fill_1um,True,n_detections=100
budget_delivered,halt,546.tiff,1,hem_mask_fill_1um,True,n_detections=100
budget_delivered,halt,546.tiff,1,hem_mask_fill_1um,True,n_detections=100
budget_delivered,halt,546.tiff,2,default_51,True,n_detections=100
budget_delivered,halt,546.tiff,2,default_51,True,n_detections=100
budget_delivered,halt,546.tiff,2,hem_rect_fill,True,n_detections=100
budget_delivered,halt,546.tiff,2,hem_rect_fill,True,n_detections=100
budget_delivered,halt,546.tiff,2,hem_rect_fill_1um,True,n_detections=100
budget_delivered,halt,546.tiff,2,hem_rect_fill_1um,True,n_detections=100
budget_delivered,halt,546.tiff,2,hem_mask_fill_1um,True,n_detections=100
budget_delivered,halt,546.tiff,2,hem_mask_fill_1um,True,n_detections=100
budget_delivered,halt,546.tiff,3,default_51,True,n_detections=99
budget_delivered,halt,546.tiff,3,default_51,True,n_detections=99
budget_delivered,halt,546.tiff,3,hem_rect_fill,True,n_detections=100
budget_delivered,halt,546.tiff,3,hem_rect_fill,True,n_detections=100
budget_delivered,halt,546.tiff,3,hem_rect_fill_1um,True,n_detections=99
budget_delivered,halt,546.tiff,3,hem_rect_fill_1um,True,n_detections=99
budget_delivered,halt,546.tiff,3,hem_mask_fill_1um,True,n_detections=100
budget_delivered,halt,546.tiff,3,hem_mask_fill_1um,True,n_detections=100
budget_delivered,halt,546.tiff,4,default_51,True,n_detections=100
budget_delivered,halt,546.tiff,4,default_51,True,n_detections=100
budget_delivered,halt,546.tiff,4,hem_rect_fill,True,n_detections=100
budget_delivered,halt,546.tiff,4,hem_rect_fill,True,n_detections=100
budget_delivered,halt,546.tiff,4,hem_rect_fill_1um,True,n_detections=100
budget_delivered,halt,546.tiff,4,hem_rect_fill_1um,True,n_detections=100
budget_delivered,halt,546.tiff,4,hem_mask_fill_1um,True,n_detections=100
budget_delivered,halt,546.tiff,4,hem_mask_fill_1um,True,n_detections=100
budget_delivered,halt,546.tiff,5,default_51,True,n_detections=98
budget_delivered,halt,546.tiff,5,default_51,True,n_detections=98
budget_delivered,halt,546.tiff,5,hem_rect_fill,True,n_detections=99
budget_delivered,halt,546.tiff,5,hem_rect_fill,True,n_detections=99
budget_delivered,halt,546.tiff,5,hem_rect_fill_1um,True,n_detections=98
budget_delivered,halt,546.tiff,5,hem_rect_fill_1um,True,n_detections=98
budget_delivered,halt,546.tiff,5,hem_mask_fill_1um,True,n_detections=98
budget_delivered,halt,546.tiff,5,hem_mask_fill_1um,True,n_detections=98
budget_delivered,halt,549.tiff,0,default_51,True,n_detections=100
budget_delivered,halt,549.tiff,0,default_51,True,n_detections=100
budget_delivered,halt,549.tiff,0,hem_rect_fill,True,n_detections=100
budget_delivered,halt,549.tiff,0,hem_rect_fill,True,n_detections=100
budget_delivered,halt,549.tiff,0,hem_rect_fill_1um,True,n_detections=100
budget_delivered,halt,549.tiff,0,hem_rect_fill_1um,True,n_detections=100
budget_delivered,halt,549.tiff,0,hem_mask_fill_1um,True,n_detections=100
budget_delivered,halt,549.tiff,0,hem_mask_fill_1um,True,n_detections=100
budget_delivered,halt,549.tiff,1,default_51,True,n_detections=100
budget_delivered,halt,549.tiff,1,default_51,True,n_detections=100
budget_delivered,halt,549.tiff,1,hem_rect_fill,True,n_detections=100
budget_delivered,halt,549.tiff,1,hem_rect_fill,True,n_detections=100
budget_delivered,halt,549.tiff,1,hem_rect_fill_1um,True,n_detections=100
budget_delivered,halt,549.tiff,1,hem_rect_fill_1um,True,n_detections=100
budget_delivered,halt,549.tiff,1,hem_mask_fill_1um,True,n_detections=100
budget_delivered,halt,549.tiff,1,hem_mask_fill_1um,True,n_detections=100
budget_delivered,halt,549.tiff,2,default_51,True,n_detections=100
budget_delivered,halt,549.tiff,2,default_51,True,n_detections=100
budget_delivered,halt,549.tiff,2,hem_rect_fill,True,n_detections=100
budget_delivered,halt,549.tiff,2,hem_rect_fill,True,n_detections=100
budget_delivered,halt,549.tiff,2,hem_rect_fill_1um,True,n_detections=100
budget_delivered,halt,549.tiff,2,hem_rect_fill_1um,True,n_detections=100
budget_delivered,halt,549.tiff,2,hem_mask_fill_1um,True,n_detections=100
budget_delivered,halt,549.tiff,2,hem_mask_fill_1um,True,n_detections=100
budget_delivered,halt,549.tiff,3,default_51,True,n_detections=99
budget_delivered,halt,549.tiff,3,default_51,True,n_detections=99
budget_delivered,halt,549.tiff,3,hem_rect_fill,True,n_detections=99
budget_delivered,halt,549.tiff,3,hem_rect_fill,True,n_detections=99
budget_delivered,halt,549.tiff,3,hem_rect_fill_1um,True,n_detections=99
budget_delivered,halt,549.tiff,3,hem_rect_fill_1um,True,n_detections=99
budget_delivered,halt,549.tiff,3,hem_mask_fill_1um,True,n_detections=99
budget_delivered,halt,549.tiff,3,hem_mask_fill_1um,True,n_detections=99
budget_delivered,halt,549.tiff,4,default_51,True,n_detections=97
budget_delivered,halt,549.tiff,4,default_51,True,n_detections=97
budget_delivered,halt,549.tiff,4,hem_rect_fill,True,n_detections=97
budget_delivered,halt,549.tiff,4,hem_rect_fill,True,n_detections=97
budget_delivered,halt,549.tiff,4,hem_rect_fill_1um,True,n_detections=99
budget_delivered,halt,549.tiff,4,hem_rect_fill_1um,True,n_detections=99
budget_delivered,halt,549.tiff,4,hem_mask_fill_1um,True,n_detections=99
budget_delivered,halt,549.tiff,4,hem_mask_fill_1um,True,n_detections=99
budget_delivered,halt,549.tiff,5,default_51,True,n_detections=98
budget_delivered,halt,549.tiff,5,default_51,True,n_detections=98
budget_delivered,halt,549.tiff,5,hem_rect_fill,True,n_detections=95
budget_delivered,halt,549.tiff,5,hem_rect_fill,True,n_detections=95
budget_delivered,halt,549.tiff,5,hem_rect_fill_1um,True,n_detections=97
budget_delivered,halt,549.tiff,5,hem_rect_fill_1um,True,n_detections=97
budget_delivered,halt,549.tiff,5,hem_mask_fill_1um,True,n_detections=96
budget_delivered,halt,549.tiff,5,hem_mask_fill_1um,True,n_detections=96
budget_delivered,halt,402.tiff,0,default_51,True,n_detections=100
budget_delivered,halt,402.tiff,0,default_51,True,n_detections=100
budget_delivered,halt,402.tiff,0,hem_rect_fill,True,n_detections=100
budget_delivered,halt,402.tiff,0,hem_rect_fill,True,n_detections=100
budget_delivered,halt,402.tiff,0,hem_rect_fill_1um,True,n_detections=99
budget_delivered,halt,402.tiff,0,hem_rect_fill_1um,True,n_detections=99
budget_delivered,halt,402.tiff,0,hem_mask_fill_1um,True,n_detections=100
budget_delivered,halt,402.tiff,0,hem_mask_fill_1um,True,n_detections=100
budget_delivered,halt,402.tiff,1,default_51,True,n_detections=100
budget_delivered,halt,402.tiff,1,default_51,True,n_detections=100
budget_delivered,halt,402.tiff,1,hem_rect_fill,True,n_detections=100
budget_delivered,halt,402.tiff,1,hem_rect_fill,True,n_detections=100
budget_delivered,halt,402.tiff,1,hem_rect_fill_1um,True,n_detections=100
budget_delivered,halt,402.tiff,1,hem_rect_fill_1um,True,n_detections=100
budget_delivered,halt,402.tiff,1,hem_mask_fill_1um,True,n_detections=100
budget_delivered,halt,402.tiff,1,hem_mask_fill_1um,True,n_detections=100
budget_delivered,halt,402.tiff,2,default_51,True,n_detections=100
budget_delivered,halt,402.tiff,2,default_51,True,n_detections=100
budget_delivered,halt,402.tiff,2,hem_rect_fill,True,n_detections=100
budget_delivered,halt,402.tiff,2,hem_rect_fill,True,n_detections=100
budget_delivered,halt,402.tiff,2,hem_rect_fill_1um,True,n_detections=100
budget_delivered,halt,402.tiff,2,hem_rect_fill_1um,True,n_detections=100
budget_delivered,halt,402.tiff,2,hem_mask_fill_1um,True,n_detections=100
budget_delivered,halt,402.tiff,2,hem_mask_fill_1um,True,n_detections=100
budget_delivered,halt,402.tiff,3,default_51,True,n_detections=100
budget_delivered,halt,402.tiff,3,default_51,True,n_detections=100
budget_delivered,halt,402.tiff,3,hem_rect_fill,True,n_detections=100
budget_delivered,halt,402.tiff,3,hem_rect_fill,True,n_detections=100
budget_delivered,halt,402.tiff,3,hem_rect_fill_1um,True,n_detections=100
budget_delivered,halt,402.tiff,3,hem_rect_fill_1um,True,n_detections=100
budget_delivered,halt,402.tiff,3,hem_mask_fill_1um,True,n_detections=100
budget_delivered,halt,402.tiff,3,hem_mask_fill_1um,True,n_detections=100
budget_delivered,halt,402.tiff,4,default_51,True,n_detections=100
budget_delivered,halt,402.tiff,4,default_51,True,n_detections=100
budget_delivered,halt,402.tiff,4,hem_rect_fill,True,n_detections=99
budget_delivered,halt,402.tiff,4,hem_rect_fill,True,n_detections=99
budget_delivered,halt,402.tiff,4,hem_rect_fill_1um,True,n_detections=99
budget_delivered,halt,402.tiff,4,hem_rect_fill_1um,True,n_detections=99
budget_delivered,halt,402.tiff,4,hem_mask_fill_1um,True,n_detections=99
budget_delivered,halt,402.tiff,4,hem_mask_fill_1um,True,n_detections=99
budget_delivered,halt,402.tiff,5,default_51,True,n_detections=99
budget_delivered,halt,402.tiff,5,default_51,True,n_detections=99
budget_delivered,halt,402.tiff,5,hem_rect_fill,True,n_detections=99
budget_delivered,halt,402.tiff,5,hem_rect_fill,True,n_detections=99
budget_delivered,halt,402.tiff,5,hem_rect_fill_1um,True,n_detections=99
budget_delivered,halt,402.tiff,5,hem_rect_fill_1um,True,n_detections=99
budget_delivered,halt,402.tiff,5,hem_mask_fill_1um,True,n_detections=99
budget_delivered,halt,402.tiff,5,hem_mask_fill_1um,True,n_detections=99
budget_delivered,halt,403.tiff,0,default_51,True,n_detections=99
budget_delivered,halt,403.tiff,0,default_51,True,n_detections=99
budget_delivered,halt,403.tiff,0,hem_rect_fill,True,n_detections=99
budget_delivered,halt,403.tiff,0,hem_rect_fill,True,n_detections=99
budget_delivered,halt,403.tiff,0,hem_rect_fill_1um,True,n_detections=99
budget_delivered,halt,403.tiff,0,hem_rect_fill_1um,True,n_detections=99
budget_delivered,halt,403.tiff,0,hem_mask_fill_1um,True,n_detections=100
budget_delivered,halt,403.tiff,0,hem_mask_fill_1um,True,n_detections=100
budget_delivered,halt,403.tiff,1,default_51,True,n_detections=99
budget_delivered,halt,403.tiff,1,default_51,True,n_detections=99
budget_delivered,halt,403.tiff,1,hem_rect_fill,True,n_detections=99
budget_delivered,halt,403.tiff,1,hem_rect_fill,True,n_detections=99
budget_delivered,halt,403.tiff,1,hem_rect_fill_1um,True,n_detections=96
budget_delivered,halt,403.tiff,1,hem_rect_fill_1um,True,n_detections=96
budget_delivered,halt,403.tiff,1,hem_mask_fill_1um,True,n_detections=100
budget_delivered,halt,403.tiff,1,hem_mask_fill_1um,True,n_detections=100
budget_delivered,halt,403.tiff,2,default_51,True,n_detections=100
budget_delivered,halt,403.tiff,2,default_51,True,n_detections=100
budget_delivered,halt,403.tiff,2,hem_rect_fill,True,n_detections=100
budget_delivered,halt,403.tiff,2,hem_rect_fill,True,n_detections=100
budget_delivered,halt,403.tiff,2,hem_rect_fill_1um,True,n_detections=100
budget_delivered,halt,403.tiff,2,hem_rect_fill_1um,True,n_detections=100
budget_delivered,halt,403.tiff,2,hem_mask_fill_1um,True,n_detections=100
budget_delivered,halt,403.tiff,2,hem_mask_fill_1um,True,n_detections=100
budget_delivered,halt,403.tiff,3,default_51,True,n_detections=94
budget_delivered,halt,403.tiff,3,default_51,True,n_detections=94
budget_delivered,halt,403.tiff,3,hem_rect_fill,True,n_detections=96
budget_delivered,halt,403.tiff,3,hem_rect_fill,True,n_detections=96
budget_delivered,halt,403.tiff,3,hem_rect_fill_1um,True,n_detections=95
budget_delivered,halt,403.tiff,3,hem_rect_fill_1um,True,n_detections=95
budget_delivered,halt,403.tiff,3,hem_mask_fill_1um,True,n_detections=97
budget_delivered,halt,403.tiff,3,hem_mask_fill_1um,True,n_detections=97
budget_delivered,halt,403.tiff,4,default_51,True,n_detections=97
budget_delivered,halt,403.tiff,4,default_51,True,n_detections=97
budget_delivered,halt,403.tiff,4,hem_rect_fill,True,n_detections=99
budget_delivered,halt,403.tiff,4,hem_rect_fill,True,n_detections=99
budget_delivered,halt,403.tiff,4,hem_rect_fill_1um,True,n_detections=98
budget_delivered,halt,403.tiff,4,hem_rect_fill_1um,True,n_detections=98
budget_delivered,halt,403.tiff,4,hem_mask_fill_1um,True,n_detections=99
budget_delivered,halt,403.tiff,4,hem_mask_fill_1um,True,n_detections=99
budget_delivered,halt,403.tiff,5,default_51,True,n_detections=96
budget_delivered,halt,403.tiff,5,default_51,True,n_detections=96
budget_delivered,halt,403.tiff,5,hem_rect_fill,True,n_detections=96
budget_delivered,halt,403.tiff,5,hem_rect_fill,True,n_detections=96
budget_delivered,halt,403.tiff,5,hem_rect_fill_1um,True,n_detections=96
budget_delivered,halt,403.tiff,5,hem_rect_fill_1um,True,n_detections=96
budget_delivered,halt,403.tiff,5,hem_mask_fill_1um,True,n_detections=94
budget_delivered,halt,403.tiff,5,hem_mask_fill_1um,True,n_detections=94
budget_delivered,halt,353.tiff,0,default_51,True,n_detections=95
budget_delivered,halt,353.tiff,0,default_51,True,n_detections=95
budget_delivered,halt,353.tiff,0,hem_rect_fill,True,n_detections=95
budget_delivered,halt,353.tiff,0,hem_rect_fill,True,n_detections=95
budget_delivered,halt,353.tiff,0,hem_rect_fill_1um,True,n_detections=95
budget_delivered,halt,353.tiff,0,hem_rect_fill_1um,True,n_detections=95
budget_delivered,halt,353.tiff,0,hem_mask_fill_1um,True,n_detections=96
budget_delivered,halt,353.tiff,0,hem_mask_fill_1um,True,n_detections=96
budget_delivered,halt,353.tiff,1,default_51,True,n_detections=99
budget_delivered,halt,353.tiff,1,default_51,True,n_detections=99
budget_delivered,halt,353.tiff,1,hem_rect_fill,True,n_detections=99
budget_delivered,halt,353.tiff,1,hem_rect_fill,True,n_detections=99
budget_delivered,halt,353.tiff,1,hem_rect_fill_1um,True,n_detections=99
budget_delivered,halt,353.tiff,1,hem_rect_fill_1um,True,n_detections=99
budget_delivered,halt,353.tiff,1,hem_mask_fill_1um,True,n_detections=99
budget_delivered,halt,353.tiff,1,hem_mask_fill_1um,True,n_detections=99
budget_delivered,halt,353.tiff,2,default_51,True,n_detections=100
budget_delivered,halt,353.tiff,2,default_51,True,n_detections=100
budget_delivered,halt,353.tiff,2,hem_rect_fill,True,n_detections=100
budget_delivered,halt,353.tiff,2,hem_rect_fill,True,n_detections=100
budget_delivered,halt,353.tiff,2,hem_rect_fill_1um,True,n_detections=100
budget_delivered,halt,353.tiff,2,hem_rect_fill_1um,True,n_detections=100
budget_delivered,halt,353.tiff,2,hem_mask_fill_1um,True,n_detections=100
budget_delivered,halt,353.tiff,2,hem_mask_fill_1um,True,n_detections=100
budget_delivered,halt,353.tiff,3,default_51,True,n_detections=100
budget_delivered,halt,353.tiff,3,default_51,True,n_detections=100
budget_delivered,halt,353.tiff,3,hem_rect_fill,True,n_detections=100
budget_delivered,halt,353.tiff,3,hem_rect_fill,True,n_detections=100
budget_delivered,halt,353.tiff,3,hem_rect_fill_1um,True,n_detections=100
budget_delivered,halt,353.tiff,3,hem_rect_fill_1um,True,n_detections=100
budget_delivered,halt,353.tiff,3,hem_mask_fill_1um,True,n_detections=100
budget_delivered,halt,353.tiff,3,hem_mask_fill_1um,True,n_detections=100
budget_delivered,halt,353.tiff,4,default_51,True,n_detections=97
budget_delivered,halt,353.tiff,4,default_51,True,n_detections=97
budget_delivered,halt,353.tiff,4,hem_rect_fill,True,n_detections=98
budget_delivered,halt,353.tiff,4,hem_rect_fill,True,n_detections=98
budget_delivered,halt,353.tiff,4,hem_rect_fill_1um,True,n_detections=99
budget_delivered,halt,353.tiff,4,hem_rect_fill_1um,True,n_detections=99
budget_delivered,halt,353.tiff,4,hem_mask_fill_1um,True,n_detections=99
budget_delivered,halt,353.tiff,4,hem_mask_fill_1um,True,n_detections=99
budget_delivered,halt,353.tiff,5,default_51,True,n_detections=99
budget_delivered,halt,353.tiff,5,default_51,True,n_detections=99
budget_delivered,halt,353.tiff,5,hem_rect_fill,True,n_detections=100
budget_delivered,halt,353.tiff,5,hem_rect_fill,True,n_detections=100
budget_delivered,halt,353.tiff,5,hem_rect_fill_1um,True,n_detections=100
budget_delivered,halt,353.tiff,5,hem_rect_fill_1um,True,n_detections=100
budget_delivered,halt,353.tiff,5,hem_mask_fill_1um,True,n_detections=100
budget_delivered,halt,353.tiff,5,hem_mask_fill_1um,True,n_detections=100
budget_delivered,halt,364.tiff,0,default_51,True,n_detections=99
budget_delivered,halt,364.tiff,0,default_51,True,n_detections=99
budget_delivered,halt,364.tiff,0,hem_rect_fill,True,n_detections=99
budget_delivered,halt,364.tiff,0,hem_rect_fill,True,n_detections=99
budget_delivered,halt,364.tiff,0,hem_rect_fill_1um,True,n_detections=98
budget_delivered,halt,364.tiff,0,hem_rect_fill_1um,True,n_detections=98
budget_delivered,halt,364.tiff,0,hem_mask_fill_1um,True,n_detections=99
budget_delivered,halt,364.tiff,0,hem_mask_fill_1um,True,n_detections=99
budget_delivered,halt,364.tiff,1,default_51,True,n_detections=99
budget_delivered,halt,364.tiff,1,default_51,True,n_detections=99
budget_delivered,halt,364.tiff,1,hem_rect_fill,True,n_detections=99
budget_delivered,halt,364.tiff,1,hem_rect_fill,True,n_detections=99
budget_delivered,halt,364.tiff,1,hem_rect_fill_1um,True,n_detections=99
budget_delivered,halt,364.tiff,1,hem_rect_fill_1um,True,n_detections=99
budget_delivered,halt,364.tiff,1,hem_mask_fill_1um,True,n_detections=99
budget_delivered,halt,364.tiff,1,hem_mask_fill_1um,True,n_detections=99
budget_delivered,halt,364.tiff,2,default_51,True,n_detections=100
budget_delivered,halt,364.tiff,2,default_51,True,n_detections=100
budget_delivered,halt,364.tiff,2,hem_rect_fill,True,n_detections=97
budget_delivered,halt,364.tiff,2,hem_rect_fill,True,n_detections=97
budget_delivered,halt,364.tiff,2,hem_rect_fill_1um,True,n_detections=97
budget_delivered,halt,364.tiff,2,hem_rect_fill_1um,True,n_detections=97
budget_delivered,halt,364.tiff,2,hem_mask_fill_1um,True,n_detections=97
budget_delivered,halt,364.tiff,2,hem_mask_fill_1um,True,n_detections=97
budget_delivered,halt,364.tiff,3,default_51,True,n_detections=100
budget_delivered,halt,364.tiff,3,default_51,True,n_detections=100
budget_delivered,halt,364.tiff,3,hem_rect_fill,True,n_detections=100
budget_delivered,halt,364.tiff,3,hem_rect_fill,True,n_detections=100
budget_delivered,halt,364.tiff,3,hem_rect_fill_1um,True,n_detections=100
budget_delivered,halt,364.tiff,3,hem_rect_fill_1um,True,n_detections=100
budget_delivered,halt,364.tiff,3,hem_mask_fill_1um,True,n_detections=100
budget_delivered,halt,364.tiff,3,hem_mask_fill_1um,True,n_detections=100
budget_delivered,halt,364.tiff,4,default_51,True,n_detections=97
budget_delivered,halt,364.tiff,4,default_51,True,n_detections=97
budget_delivered,halt,364.tiff,4,hem_rect_fill,True,n_detections=99
budget_delivered,halt,364.tiff,4,hem_rect_fill,True,n_detections=99
budget_delivered,halt,364.tiff,4,hem_rect_fill_1um,True,n_detections=99
budget_delivered,halt,364.tiff,4,hem_rect_fill_1um,True,n_detections=99
budget_delivered,halt,364.tiff,4,hem_mask_fill_1um,True,n_detections=100
budget_delivered,halt,364.tiff,4,hem_mask_fill_1um,True,n_detections=100
budget_delivered,halt,364.tiff,5,default_51,True,n_detections=97
budget_delivered,halt,364.tiff,5,default_51,True,n_detections=97
budget_delivered,halt,364.tiff,5,hem_rect_fill,True,n_detections=99
budget_delivered,halt,364.tiff,5,hem_rect_fill,True,n_detections=99
budget_delivered,halt,364.tiff,5,hem_rect_fill_1um,True,n_detections=99
budget_delivered,halt,364.tiff,5,hem_rect_fill_1um,True,n_detections=99
budget_delivered,halt,364.tiff,5,hem_mask_fill_1um,True,n_detections=99
budget_delivered,halt,364.tiff,5,hem_mask_fill_1um,True,n_detections=99
budget_delivered,halt,400.tiff,0,default_51,True,n_detections=100
budget_delivered,halt,400.tiff,0,default_51,True,n_detections=100
budget_delivered,halt,400.tiff,0,hem_rect_fill,True,n_detections=99
budget_delivered,halt,400.tiff,0,hem_rect_fill,True,n_detections=99
budget_delivered,halt,400.tiff,0,hem_rect_fill_1um,True,n_detections=100
budget_delivered,halt,400.tiff,0,hem_rect_fill_1um,True,n_detections=100
budget_delivered,halt,400.tiff,0,hem_mask_fill_1um,True,n_detections=100
budget_delivered,halt,400.tiff,0,hem_mask_fill_1um,True,n_detections=100
budget_delivered,halt,400.tiff,1,default_51,True,n_detections=100
budget_delivered,halt,400.tiff,1,default_51,True,n_detections=100
budget_delivered,halt,400.tiff,1,hem_rect_fill,True,n_detections=100
budget_delivered,halt,400.tiff,1,hem_rect_fill,True,n_detections=100
budget_delivered,halt,400.tiff,1,hem_rect_fill_1um,True,n_detections=100
budget_delivered,halt,400.tiff,1,hem_rect_fill_1um,True,n_detections=100
budget_delivered,halt,400.tiff,1,hem_mask_fill_1um,True,n_detections=100
budget_delivered,halt,400.tiff,1,hem_mask_fill_1um,True,n_detections=100
budget_delivered,halt,400.tiff,2,default_51,True,n_detections=100
budget_delivered,halt,400.tiff,2,default_51,True,n_detections=100
budget_delivered,halt,400.tiff,2,hem_rect_fill,True,n_detections=100
budget_delivered,halt,400.tiff,2,hem_rect_fill,True,n_detections=100
budget_delivered,halt,400.tiff,2,hem_rect_fill_1um,True,n_detections=100
budget_delivered,halt,400.tiff,2,hem_rect_fill_1um,True,n_detections=100
budget_delivered,halt,400.tiff,2,hem_mask_fill_1um,True,n_detections=100
budget_delivered,halt,400.tiff,2,hem_mask_fill_1um,True,n_detections=100
budget_delivered,halt,400.tiff,3,default_51,True,n_detections=100
budget_delivered,halt,400.tiff,3,default_51,True,n_detections=100
budget_delivered,halt,400.tiff,3,hem_rect_fill,True,n_detections=100
budget_delivered,halt,400.tiff,3,hem_rect_fill,True,n_detections=100
budget_delivered,halt,400.tiff,3,hem_rect_fill_1um,True,n_detections=100
budget_delivered,halt,400.tiff,3,hem_rect_fill_1um,True,n_detections=100
budget_delivered,halt,400.tiff,3,hem_mask_fill_1um,True,n_detections=100
budget_delivered,halt,400.tiff,3,hem_mask_fill_1um,True,n_detections=100
budget_delivered,halt,400.tiff,4,default_51,True,n_detections=99
budget_delivered,halt,400.tiff,4,default_51,True,n_detections=99
budget_delivered,halt,400.tiff,4,hem_rect_fill,True,n_detections=100
budget_delivered,halt,400.tiff,4,hem_rect_fill,True,n_detections=100
budget_delivered,halt,400.tiff,4,hem_rect_fill_1um,True,n_detections=100
budget_delivered,halt,400.tiff,4,hem_rect_fill_1um,True,n_detections=100
budget_delivered,halt,400.tiff,4,hem_mask_fill_1um,True,n_detections=100
budget_delivered,halt,400.tiff,4,hem_mask_fill_1um,True,n_detections=100
budget_delivered,halt,400.tiff,5,default_51,True,n_detections=100
budget_delivered,halt,400.tiff,5,default_51,True,n_detections=100
budget_delivered,halt,400.tiff,5,hem_rect_fill,True,n_detections=100
budget_delivered,halt,400.tiff,5,hem_rect_fill,True,n_detections=100
budget_delivered,halt,400.tiff,5,hem_rect_fill_1um,True,n_detections=100
budget_delivered,halt,400.tiff,5,hem_rect_fill_1um,True,n_detections=100
budget_delivered,halt,400.tiff,5,hem_mask_fill_1um,True,n_detections=100
budget_delivered,halt,400.tiff,5,hem_mask_fill_1um,True,n_detections=100
budget_delivered,halt,401.tiff,0,default_51,True,n_detections=100
budget_delivered,halt,401.tiff,0,default_51,True,n_detections=100
budget_delivered,halt,401.tiff,0,hem_rect_fill,True,n_detections=99
budget_delivered,halt,401.tiff,0,hem_rect_fill,True,n_detections=99
budget_delivered,halt,401.tiff,0,hem_rect_fill_1um,True,n_detections=100
budget_delivered,halt,401.tiff,0,hem_rect_fill_1um,True,n_detections=100
budget_delivered,halt,401.tiff,0,hem_mask_fill_1um,True,n_detections=100
budget_delivered,halt,401.tiff,0,hem_mask_fill_1um,True,n_detections=100
budget_delivered,halt,401.tiff,1,default_51,True,n_detections=100
budget_delivered,halt,401.tiff,1,default_51,True,n_detections=100
budget_delivered,halt,401.tiff,1,hem_rect_fill,True,n_detections=100
budget_delivered,halt,401.tiff,1,hem_rect_fill,True,n_detections=100
budget_delivered,halt,401.tiff,1,hem_rect_fill_1um,True,n_detections=100
budget_delivered,halt,401.tiff,1,hem_rect_fill_1um,True,n_detections=100
budget_delivered,halt,401.tiff,1,hem_mask_fill_1um,True,n_detections=100
budget_delivered,halt,401.tiff,1,hem_mask_fill_1um,True,n_detections=100
budget_delivered,halt,401.tiff,2,default_51,True,n_detections=100
budget_delivered,halt,401.tiff,2,default_51,True,n_detections=100
budget_delivered,halt,401.tiff,2,hem_rect_fill,True,n_detections=100
budget_delivered,halt,401.tiff,2,hem_rect_fill,True,n_detections=100
budget_delivered,halt,401.tiff,2,hem_rect_fill_1um,True,n_detections=100
budget_delivered,halt,401.tiff,2,hem_rect_fill_1um,True,n_detections=100
budget_delivered,halt,401.tiff,2,hem_mask_fill_1um,True,n_detections=100
budget_delivered,halt,401.tiff,2,hem_mask_fill_1um,True,n_detections=100
budget_delivered,halt,401.tiff,3,default_51,True,n_detections=99
budget_delivered,halt,401.tiff,3,default_51,True,n_detections=99
budget_delivered,halt,401.tiff,3,hem_rect_fill,True,n_detections=99
budget_delivered,halt,401.tiff,3,hem_rect_fill,True,n_detections=99
budget_delivered,halt,401.tiff,3,hem_rect_fill_1um,True,n_detections=99
budget_delivered,halt,401.tiff,3,hem_rect_fill_1um,True,n_detections=99
budget_delivered,halt,401.tiff,3,hem_mask_fill_1um,True,n_detections=99
budget_delivered,halt,401.tiff,3,hem_mask_fill_1um,True,n_detections=99
budget_delivered,halt,401.tiff,4,default_51,True,n_detections=100
budget_delivered,halt,401.tiff,4,default_51,True,n_detections=100
budget_delivered,halt,401.tiff,4,hem_rect_fill,True,n_detections=100
budget_delivered,halt,401.tiff,4,hem_rect_fill,True,n_detections=100
budget_delivered,halt,401.tiff,4,hem_rect_fill_1um,True,n_detections=100
budget_delivered,halt,401.tiff,4,hem_rect_fill_1um,True,n_detections=100
budget_delivered,halt,401.tiff,4,hem_mask_fill_1um,True,n_detections=100
budget_delivered,halt,401.tiff,4,hem_mask_fill_1um,True,n_detections=100
budget_delivered,halt,401.tiff,5,default_51,True,n_detections=100
budget_delivered,halt,401.tiff,5,default_51,True,n_detections=100
budget_delivered,halt,401.tiff,5,hem_rect_fill,True,n_detections=100
budget_delivered,halt,401.tiff,5,hem_rect_fill,True,n_detections=100
budget_delivered,halt,401.tiff,5,hem_rect_fill_1um,True,n_detections=100
budget_delivered,halt,401.tiff,5,hem_rect_fill_1um,True,n_detections=100
budget_delivered,halt,401.tiff,5,hem_mask_fill_1um,True,n_detections=100
budget_delivered,halt,401.tiff,5,hem_mask_fill_1um,True,n_detections=100
budget_delivered,halt,404.tiff,0,default_51,True,n_detections=99
budget_delivered,halt,404.tiff,0,default_51,True,n_detections=99
budget_delivered,halt,404.tiff,0,hem_rect_fill,True,n_detections=99
budget_delivered,halt,404.tiff,0,hem_rect_fill,True,n_detections=99
budget_delivered,halt,404.tiff,0,hem_rect_fill_1um,True,n_detections=99
budget_delivered,halt,404.tiff,0,hem_rect_fill_1um,True,n_detections=99
budget_delivered,halt,404.tiff,0,hem_mask_fill_1um,True,n_detections=99
budget_delivered,halt,404.tiff,0,hem_mask_fill_1um,True,n_detections=99
budget_delivered,halt,404.tiff,1,default_51,True,n_detections=99
budget_delivered,halt,404.tiff,1,default_51,True,n_detections=99
budget_delivered,halt,404.tiff,1,hem_rect_fill,True,n_detections=100
budget_delivered,halt,404.tiff,1,hem_rect_fill,True,n_detections=100
budget_delivered,halt,404.tiff,1,hem_rect_fill_1um,True,n_detections=99
budget_delivered,halt,404.tiff,1,hem_rect_fill_1um,True,n_detections=99
budget_delivered,halt,404.tiff,1,hem_mask_fill_1um,True,n_detections=99
budget_delivered,halt,404.tiff,1,hem_mask_fill_1um,True,n_detections=99
budget_delivered,halt,404.tiff,2,default_51,True,n_detections=100
budget_delivered,halt,404.tiff,2,default_51,True,n_detections=100
budget_delivered,halt,404.tiff,2,hem_rect_fill,True,n_detections=99
budget_delivered,halt,404.tiff,2,hem_rect_fill,True,n_detections=99
budget_delivered,halt,404.tiff,2,hem_rect_fill_1um,True,n_detections=100
budget_delivered,halt,404.tiff,2,hem_rect_fill_1um,True,n_detections=100
budget_delivered,halt,404.tiff,2,hem_mask_fill_1um,True,n_detections=99
budget_delivered,halt,404.tiff,2,hem_mask_fill_1um,True,n_detections=99
budget_delivered,halt,404.tiff,3,default_51,True,n_detections=99
budget_delivered,halt,404.tiff,3,default_51,True,n_detections=99
budget_delivered,halt,404.tiff,3,hem_rect_fill,True,n_detections=99
budget_delivered,halt,404.tiff,3,hem_rect_fill,True,n_detections=99
budget_delivered,halt,404.tiff,3,hem_rect_fill_1um,True,n_detections=99
budget_delivered,halt,404.tiff,3,hem_rect_fill_1um,True,n_detections=99
budget_delivered,halt,404.tiff,3,hem_mask_fill_1um,True,n_detections=99
budget_delivered,halt,404.tiff,3,hem_mask_fill_1um,True,n_detections=99
budget_delivered,halt,404.tiff,4,default_51,True,n_detections=100
budget_delivered,halt,404.tiff,4,default_51,True,n_detections=100
budget_delivered,halt,404.tiff,4,hem_rect_fill,True,n_detections=100
budget_delivered,halt,404.tiff,4,hem_rect_fill,True,n_detections=100
budget_delivered,halt,404.tiff,4,hem_rect_fill_1um,True,n_detections=100
budget_delivered,halt,404.tiff,4,hem_rect_fill_1um,True,n_detections=100
budget_delivered,halt,404.tiff,4,hem_mask_fill_1um,True,n_detections=100
budget_delivered,halt,404.tiff,4,hem_mask_fill_1um,True,n_detections=100
budget_delivered,halt,404.tiff,5,default_51,True,n_detections=99
budget_delivered,halt,404.tiff,5,default_51,True,n_detections=99
budget_delivered,halt,404.tiff,5,hem_rect_fill,True,n_detections=99
budget_delivered,halt,404.tiff,5,hem_rect_fill,True,n_detections=99
budget_delivered,halt,404.tiff,5,hem_rect_fill_1um,True,n_detections=99
budget_delivered,halt,404.tiff,5,hem_rect_fill_1um,True,n_detections=99
budget_delivered,halt,404.tiff,5,hem_mask_fill_1um,True,n_detections=99
budget_delivered,halt,404.tiff,5,hem_mask_fill_1um,True,n_detections=99
od_no_nan,halt,300.tiff,0,default_51,True,
od_no_nan,halt,300.tiff,0,default_51,True,
od_no_nan,halt,300.tiff,0,hem_rect_fill,True,
od_no_nan,halt,300.tiff,0,hem_rect_fill,True,
od_no_nan,halt,300.tiff,0,hem_rect_fill_1um,True,
od_no_nan,halt,300.tiff,0,hem_rect_fill_1um,True,
od_no_nan,halt,300.tiff,0,hem_mask_fill_1um,True,
od_no_nan,halt,300.tiff,0,hem_mask_fill_1um,True,
od_no_nan,halt,300.tiff,1,default_51,True,
od_no_nan,halt,300.tiff,1,default_51,True,
od_no_nan,halt,300.tiff,1,hem_rect_fill,True,
od_no_nan,halt,300.tiff,1,hem_rect_fill,True,
od_no_nan,halt,300.tiff,1,hem_rect_fill_1um,True,
od_no_nan,halt,300.tiff,1,hem_rect_fill_1um,True,
od_no_nan,halt,300.tiff,1,hem_mask_fill_1um,True,
od_no_nan,halt,300.tiff,1,hem_mask_fill_1um,True,
od_no_nan,halt,300.tiff,2,default_51,True,
od_no_nan,halt,300.tiff,2,default_51,True,
od_no_nan,halt,300.tiff,2,hem_rect_fill,True,
od_no_nan,halt,300.tiff,2,hem_rect_fill,True,
od_no_nan,halt,300.tiff,2,hem_rect_fill_1um,True,
od_no_nan,halt,300.tiff,2,hem_rect_fill_1um,True,
od_no_nan,halt,300.tiff,2,hem_mask_fill_1um,True,
od_no_nan,halt,300.tiff,2,hem_mask_fill_1um,True,
od_no_nan,halt,300.tiff,3,default_51,True,
od_no_nan,halt,300.tiff,3,default_51,True,
od_no_nan,halt,300.tiff,3,hem_rect_fill,True,
od_no_nan,halt,300.tiff,3,hem_rect_fill,True,
od_no_nan,halt,300.tiff,3,hem_rect_fill_1um,True,
od_no_nan,halt,300.tiff,3,hem_rect_fill_1um,True,
od_no_nan,halt,300.tiff,3,hem_mask_fill_1um,True,
od_no_nan,halt,300.tiff,3,hem_mask_fill_1um,True,
od_no_nan,halt,300.tiff,4,default_51,True,
od_no_nan,halt,300.tiff,4,default_51,True,
od_no_nan,halt,300.tiff,4,hem_rect_fill,True,
od_no_nan,halt,300.tiff,4,hem_rect_fill,True,
od_no_nan,halt,300.tiff,4,hem_rect_fill_1um,True,
od_no_nan,halt,300.tiff,4,hem_rect_fill_1um,True,
od_no_nan,halt,300.tiff,4,hem_mask_fill_1um,True,
od_no_nan,halt,300.tiff,4,hem_mask_fill_1um,True,
od_no_nan,halt,300.tiff,5,default_51,True,
od_no_nan,halt,300.tiff,5,default_51,True,
od_no_nan,halt,300.tiff,5,hem_rect_fill,True,
od_no_nan,halt,300.tiff,5,hem_rect_fill,True,
od_no_nan,halt,300.tiff,5,hem_rect_fill_1um,True,
od_no_nan,halt,300.tiff,5,hem_rect_fill_1um,True,
od_no_nan,halt,300.tiff,5,hem_mask_fill_1um,True,
od_no_nan,halt,300.tiff,5,hem_mask_fill_1um,True,
od_no_nan,halt,301.tiff,0,default_51,True,
od_no_nan,halt,301.tiff,0,default_51,True,
od_no_nan,halt,301.tiff,0,hem_rect_fill,True,
od_no_nan,halt,301.tiff,0,hem_rect_fill,True,
od_no_nan,halt,301.tiff,0,hem_rect_fill_1um,True,
od_no_nan,halt,301.tiff,0,hem_rect_fill_1um,True,
od_no_nan,halt,301.tiff,0,hem_mask_fill_1um,True,
od_no_nan,halt,301.tiff,0,hem_mask_fill_1um,True,
od_no_nan,halt,301.tiff,1,default_51,True,
od_no_nan,halt,301.tiff,1,default_51,True,
od_no_nan,halt,301.tiff,1,hem_rect_fill,True,
od_no_nan,halt,301.tiff,1,hem_rect_fill,True,
od_no_nan,halt,301.tiff,1,hem_rect_fill_1um,True,
od_no_nan,halt,301.tiff,1,hem_rect_fill_1um,True,
od_no_nan,halt,301.tiff,1,hem_mask_fill_1um,True,
od_no_nan,halt,301.tiff,1,hem_mask_fill_1um,True,
od_no_nan,halt,301.tiff,2,default_51,True,
od_no_nan,halt,301.tiff,2,default_51,True,
od_no_nan,halt,301.tiff,2,hem_rect_fill,True,
od_no_nan,halt,301.tiff,2,hem_rect_fill,True,
od_no_nan,halt,301.tiff,2,hem_rect_fill_1um,True,
od_no_nan,halt,301.tiff,2,hem_rect_fill_1um,True,
od_no_nan,halt,301.tiff,2,hem_mask_fill_1um,True,
od_no_nan,halt,301.tiff,2,hem_mask_fill_1um,True,
od_no_nan,halt,301.tiff,3,default_51,True,
od_no_nan,halt,301.tiff,3,default_51,True,
od_no_nan,halt,301.tiff,3,hem_rect_fill,True,
od_no_nan,halt,301.tiff,3,hem_rect_fill,True,
od_no_nan,halt,301.tiff,3,hem_rect_fill_1um,True,
od_no_nan,halt,301.tiff,3,hem_rect_fill_1um,True,
od_no_nan,halt,301.tiff,3,hem_mask_fill_1um,True,
od_no_nan,halt,301.tiff,3,hem_mask_fill_1um,True,
od_no_nan,halt,301.tiff,4,default_51,True,
od_no_nan,halt,301.tiff,4,default_51,True,
od_no_nan,halt,301.tiff,4,hem_rect_fill,True,
od_no_nan,halt,301.tiff,4,hem_rect_fill,True,
od_no_nan,halt,301.tiff,4,hem_rect_fill_1um,True,
od_no_nan,halt,301.tiff,4,hem_rect_fill_1um,True,
od_no_nan,halt,301.tiff,4,hem_mask_fill_1um,True,
od_no_nan,halt,301.tiff,4,hem_mask_fill_1um,True,
od_no_nan,halt,301.tiff,5,default_51,True,
od_no_nan,halt,301.tiff,5,default_51,True,
od_no_nan,halt,301.tiff,5,hem_rect_fill,True,
od_no_nan,halt,301.tiff,5,hem_rect_fill,True,
od_no_nan,halt,301.tiff,5,hem_rect_fill_1um,True,
od_no_nan,halt,301.tiff,5,hem_rect_fill_1um,True,
od_no_nan,halt,301.tiff,5,hem_mask_fill_1um,True,
od_no_nan,halt,301.tiff,5,hem_mask_fill_1um,True,
od_no_nan,halt,322.tiff,0,default_51,True,
od_no_nan,halt,322.tiff,0,default_51,True,
od_no_nan,halt,322.tiff,0,hem_rect_fill,True,
od_no_nan,halt,322.tiff,0,hem_rect_fill,True,
od_no_nan,halt,322.tiff,0,hem_rect_fill_1um,True,
od_no_nan,halt,322.tiff,0,hem_rect_fill_1um,True,
od_no_nan,halt,322.tiff,0,hem_mask_fill_1um,True,
od_no_nan,halt,322.tiff,0,hem_mask_fill_1um,True,
od_no_nan,halt,322.tiff,1,default_51,True,
od_no_nan,halt,322.tiff,1,default_51,True,
od_no_nan,halt,322.tiff,1,hem_rect_fill,True,
od_no_nan,halt,322.tiff,1,hem_rect_fill,True,
od_no_nan,halt,322.tiff,1,hem_rect_fill_1um,True,
od_no_nan,halt,322.tiff,1,hem_rect_fill_1um,True,
od_no_nan,halt,322.tiff,1,hem_mask_fill_1um,True,
od_no_nan,halt,322.tiff,1,hem_mask_fill_1um,True,
od_no_nan,halt,322.tiff,2,default_51,True,
od_no_nan,halt,322.tiff,2,default_51,True,
od_no_nan,halt,322.tiff,2,hem_rect_fill,True,
od_no_nan,halt,322.tiff,2,hem_rect_fill,True,
od_no_nan,halt,322.tiff,2,hem_rect_fill_1um,True,
od_no_nan,halt,322.tiff,2,hem_rect_fill_1um,True,
od_no_nan,halt,322.tiff,2,hem_mask_fill_1um,True,
od_no_nan,halt,322.tiff,2,hem_mask_fill_1um,True,
od_no_nan,halt,322.tiff,3,default_51,True,
od_no_nan,halt,322.tiff,3,default_51,True,
od_no_nan,halt,322.tiff,3,hem_rect_fill,True,
od_no_nan,halt,322.tiff,3,hem_rect_fill,True,
od_no_nan,halt,322.tiff,3,hem_rect_fill_1um,True,
od_no_nan,halt,322.tiff,3,hem_rect_fill_1um,True,
od_no_nan,halt,322.tiff,3,hem_mask_fill_1um,True,
od_no_nan,halt,322.tiff,3,hem_mask_fill_1um,True,
od_no_nan,halt,322.tiff,4,default_51,True,
od_no_nan,halt,322.tiff,4,default_51,True,
od_no_nan,halt,322.tiff,4,hem_rect_fill,True,
od_no_nan,halt,322.tiff,4,hem_rect_fill,True,
od_no_nan,halt,322.tiff,4,hem_rect_fill_1um,True,
od_no_nan,halt,322.tiff,4,hem_rect_fill_1um,True,
od_no_nan,halt,322.tiff,4,hem_mask_fill_1um,True,
od_no_nan,halt,322.tiff,4,hem_mask_fill_1um,True,
od_no_nan,halt,322.tiff,5,default_51,True,
od_no_nan,halt,322.tiff,5,default_51,True,
od_no_nan,halt,322.tiff,5,hem_rect_fill,True,
od_no_nan,halt,322.tiff,5,hem_rect_fill,True,
od_no_nan,halt,322.tiff,5,hem_rect_fill_1um,True,
od_no_nan,halt,322.tiff,5,hem_rect_fill_1um,True,
od_no_nan,halt,322.tiff,5,hem_mask_fill_1um,True,
od_no_nan,halt,322.tiff,5,hem_mask_fill_1um,True,
od_no_nan,halt,337.tiff,0,default_51,True,
od_no_nan,halt,337.tiff,0,default_51,True,
od_no_nan,halt,337.tiff,0,hem_rect_fill,True,
od_no_nan,halt,337.tiff,0,hem_rect_fill,True,
od_no_nan,halt,337.tiff,0,hem_rect_fill_1um,True,
od_no_nan,halt,337.tiff,0,hem_rect_fill_1um,True,
od_no_nan,halt,337.tiff,0,hem_mask_fill_1um,True,
od_no_nan,halt,337.tiff,0,hem_mask_fill_1um,True,
od_no_nan,halt,337.tiff,1,default_51,True,
od_no_nan,halt,337.tiff,1,default_51,True,
od_no_nan,halt,337.tiff,1,hem_rect_fill,True,
od_no_nan,halt,337.tiff,1,hem_rect_fill,True,
od_no_nan,halt,337.tiff,1,hem_rect_fill_1um,True,
od_no_nan,halt,337.tiff,1,hem_rect_fill_1um,True,
od_no_nan,halt,337.tiff,1,hem_mask_fill_1um,True,
od_no_nan,halt,337.tiff,1,hem_mask_fill_1um,True,
od_no_nan,halt,337.tiff,2,default_51,True,
od_no_nan,halt,337.tiff,2,default_51,True,
od_no_nan,halt,337.tiff,2,hem_rect_fill,True,
od_no_nan,halt,337.tiff,2,hem_rect_fill,True,
od_no_nan,halt,337.tiff,2,hem_rect_fill_1um,True,
od_no_nan,halt,337.tiff,2,hem_rect_fill_1um,True,
od_no_nan,halt,337.tiff,2,hem_mask_fill_1um,True,
od_no_nan,halt,337.tiff,2,hem_mask_fill_1um,True,
od_no_nan,halt,337.tiff,3,default_51,True,
od_no_nan,halt,337.tiff,3,default_51,True,
od_no_nan,halt,337.tiff,3,hem_rect_fill,True,
od_no_nan,halt,337.tiff,3,hem_rect_fill,True,
od_no_nan,halt,337.tiff,3,hem_rect_fill_1um,True,
od_no_nan,halt,337.tiff,3,hem_rect_fill_1um,True,
od_no_nan,halt,337.tiff,3,hem_mask_fill_1um,True,
od_no_nan,halt,337.tiff,3,hem_mask_fill_1um,True,
od_no_nan,halt,337.tiff,4,default_51,True,
od_no_nan,halt,337.tiff,4,default_51,True,
od_no_nan,halt,337.tiff,4,hem_rect_fill,True,
od_no_nan,halt,337.tiff,4,hem_rect_fill,True,
od_no_nan,halt,337.tiff,4,hem_rect_fill_1um,True,
od_no_nan,halt,337.tiff,4,hem_rect_fill_1um,True,
od_no_nan,halt,337.tiff,4,hem_mask_fill_1um,True,
od_no_nan,halt,337.tiff,4,hem_mask_fill_1um,True,
od_no_nan,halt,337.tiff,5,default_51,True,
od_no_nan,halt,337.tiff,5,default_51,True,
od_no_nan,halt,337.tiff,5,hem_rect_fill,True,
od_no_nan,halt,337.tiff,5,hem_rect_fill,True,
od_no_nan,halt,337.tiff,5,hem_rect_fill_1um,True,
od_no_nan,halt,337.tiff,5,hem_rect_fill_1um,True,
od_no_nan,halt,337.tiff,5,hem_mask_fill_1um,True,
od_no_nan,halt,337.tiff,5,hem_mask_fill_1um,True,
od_no_nan,halt,339.tiff,0,default_51,True,
od_no_nan,halt,339.tiff,0,default_51,True,
od_no_nan,halt,339.tiff,0,hem_rect_fill,True,
od_no_nan,halt,339.tiff,0,hem_rect_fill,True,
od_no_nan,halt,339.tiff,0,hem_rect_fill_1um,True,
od_no_nan,halt,339.tiff,0,hem_rect_fill_1um,True,
od_no_nan,halt,339.tiff,0,hem_mask_fill_1um,True,
od_no_nan,halt,339.tiff,0,hem_mask_fill_1um,True,
od_no_nan,halt,339.tiff,1,default_51,True,
od_no_nan,halt,339.tiff,1,default_51,True,
od_no_nan,halt,339.tiff,1,hem_rect_fill,True,
od_no_nan,halt,339.tiff,1,hem_rect_fill,True,
od_no_nan,halt,339.tiff,1,hem_rect_fill_1um,True,
od_no_nan,halt,339.tiff,1,hem_rect_fill_1um,True,
od_no_nan,halt,339.tiff,1,hem_mask_fill_1um,True,
od_no_nan,halt,339.tiff,1,hem_mask_fill_1um,True,
od_no_nan,halt,339.tiff,2,default_51,True,
od_no_nan,halt,339.tiff,2,default_51,True,
od_no_nan,halt,339.tiff,2,hem_rect_fill,True,
od_no_nan,halt,339.tiff,2,hem_rect_fill,True,
od_no_nan,halt,339.tiff,2,hem_rect_fill_1um,True,
od_no_nan,halt,339.tiff,2,hem_rect_fill_1um,True,
od_no_nan,halt,339.tiff,2,hem_mask_fill_1um,True,
od_no_nan,halt,339.tiff,2,hem_mask_fill_1um,True,
od_no_nan,halt,339.tiff,3,default_51,True,
od_no_nan,halt,339.tiff,3,default_51,True,
od_no_nan,halt,339.tiff,3,hem_rect_fill,True,
od_no_nan,halt,339.tiff,3,hem_rect_fill,True,
od_no_nan,halt,339.tiff,3,hem_rect_fill_1um,True,
od_no_nan,halt,339.tiff,3,hem_rect_fill_1um,True,
od_no_nan,halt,339.tiff,3,hem_mask_fill_1um,True,
od_no_nan,halt,339.tiff,3,hem_mask_fill_1um,True,
od_no_nan,halt,339.tiff,4,default_51,True,
od_no_nan,halt,339.tiff,4,default_51,True,
od_no_nan,halt,339.tiff,4,hem_rect_fill,True,
od_no_nan,halt,339.tiff,4,hem_rect_fill,True,
od_no_nan,halt,339.tiff,4,hem_rect_fill_1um,True,
od_no_nan,halt,339.tiff,4,hem_rect_fill_1um,True,
od_no_nan,halt,339.tiff,4,hem_mask_fill_1um,True,
od_no_nan,halt,339.tiff,4,hem_mask_fill_1um,True,
od_no_nan,halt,339.tiff,5,default_51,True,
od_no_nan,halt,339.tiff,5,default_51,True,
od_no_nan,halt,339.tiff,5,hem_rect_fill,True,
od_no_nan,halt,339.tiff,5,hem_rect_fill,True,
od_no_nan,halt,339.tiff,5,hem_rect_fill_1um,True,
od_no_nan,halt,339.tiff,5,hem_rect_fill_1um,True,
od_no_nan,halt,339.tiff,5,hem_mask_fill_1um,True,
od_no_nan,halt,339.tiff,5,hem_mask_fill_1um,True,
od_no_nan,halt,343.tiff,0,default_51,True,
od_no_nan,halt,343.tiff,0,default_51,True,
od_no_nan,halt,343.tiff,0,hem_rect_fill,True,
od_no_nan,halt,343.tiff,0,hem_rect_fill,True,
od_no_nan,halt,343.tiff,0,hem_rect_fill_1um,True,
od_no_nan,halt,343.tiff,0,hem_rect_fill_1um,True,
od_no_nan,halt,343.tiff,0,hem_mask_fill_1um,True,
od_no_nan,halt,343.tiff,0,hem_mask_fill_1um,True,
od_no_nan,halt,343.tiff,1,default_51,True,
od_no_nan,halt,343.tiff,1,default_51,True,
od_no_nan,halt,343.tiff,1,hem_rect_fill,True,
od_no_nan,halt,343.tiff,1,hem_rect_fill,True,
od_no_nan,halt,343.tiff,1,hem_rect_fill_1um,True,
od_no_nan,halt,343.tiff,1,hem_rect_fill_1um,True,
od_no_nan,halt,343.tiff,1,hem_mask_fill_1um,True,
od_no_nan,halt,343.tiff,1,hem_mask_fill_1um,True,
od_no_nan,halt,343.tiff,2,default_51,True,
od_no_nan,halt,343.tiff,2,default_51,True,
od_no_nan,halt,343.tiff,2,hem_rect_fill,True,
od_no_nan,halt,343.tiff,2,hem_rect_fill,True,
od_no_nan,halt,343.tiff,2,hem_rect_fill_1um,True,
od_no_nan,halt,343.tiff,2,hem_rect_fill_1um,True,
od_no_nan,halt,343.tiff,2,hem_mask_fill_1um,True,
od_no_nan,halt,343.tiff,2,hem_mask_fill_1um,True,
od_no_nan,halt,343.tiff,3,default_51,True,
od_no_nan,halt,343.tiff,3,default_51,True,
od_no_nan,halt,343.tiff,3,hem_rect_fill,True,
od_no_nan,halt,343.tiff,3,hem_rect_fill,True,
od_no_nan,halt,343.tiff,3,hem_rect_fill_1um,True,
od_no_nan,halt,343.tiff,3,hem_rect_fill_1um,True,
od_no_nan,halt,343.tiff,3,hem_mask_fill_1um,True,
od_no_nan,halt,343.tiff,3,hem_mask_fill_1um,True,
od_no_nan,halt,343.tiff,4,default_51,True,
od_no_nan,halt,343.tiff,4,default_51,True,
od_no_nan,halt,343.tiff,4,hem_rect_fill,True,
od_no_nan,halt,343.tiff,4,hem_rect_fill,True,
od_no_nan,halt,343.tiff,4,hem_rect_fill_1um,True,
od_no_nan,halt,343.tiff,4,hem_rect_fill_1um,True,
od_no_nan,halt,343.tiff,4,hem_mask_fill_1um,True,
od_no_nan,halt,343.tiff,4,hem_mask_fill_1um,True,
od_no_nan,halt,343.tiff,5,default_51,True,
od_no_nan,halt,343.tiff,5,default_51,True,
od_no_nan,halt,343.tiff,5,hem_rect_fill,True,
od_no_nan,halt,343.tiff,5,hem_rect_fill,True,
od_no_nan,halt,343.tiff,5,hem_rect_fill_1um,True,
od_no_nan,halt,343.tiff,5,hem_rect_fill_1um,True,
od_no_nan,halt,343.tiff,5,hem_mask_fill_1um,True,
od_no_nan,halt,343.tiff,5,hem_mask_fill_1um,True,
od_no_nan,halt,344.tiff,0,default_51,True,
od_no_nan,halt,344.tiff,0,default_51,True,
od_no_nan,halt,344.tiff,0,hem_rect_fill,True,
od_no_nan,halt,344.tiff,0,hem_rect_fill,True,
od_no_nan,halt,344.tiff,0,hem_rect_fill_1um,True,
od_no_nan,halt,344.tiff,0,hem_rect_fill_1um,True,
od_no_nan,halt,344.tiff,0,hem_mask_fill_1um,True,
od_no_nan,halt,344.tiff,0,hem_mask_fill_1um,True,
od_no_nan,halt,344.tiff,1,default_51,True,
od_no_nan,halt,344.tiff,1,default_51,True,
od_no_nan,halt,344.tiff,1,hem_rect_fill,True,
od_no_nan,halt,344.tiff,1,hem_rect_fill,True,
od_no_nan,halt,344.tiff,1,hem_rect_fill_1um,True,
od_no_nan,halt,344.tiff,1,hem_rect_fill_1um,True,
od_no_nan,halt,344.tiff,1,hem_mask_fill_1um,True,
od_no_nan,halt,344.tiff,1,hem_mask_fill_1um,True,
od_no_nan,halt,344.tiff,2,default_51,True,
od_no_nan,halt,344.tiff,2,default_51,True,
od_no_nan,halt,344.tiff,2,hem_rect_fill,True,
od_no_nan,halt,344.tiff,2,hem_rect_fill,True,
od_no_nan,halt,344.tiff,2,hem_rect_fill_1um,True,
od_no_nan,halt,344.tiff,2,hem_rect_fill_1um,True,
od_no_nan,halt,344.tiff,2,hem_mask_fill_1um,True,
od_no_nan,halt,344.tiff,2,hem_mask_fill_1um,True,
od_no_nan,halt,344.tiff,3,default_51,True,
od_no_nan,halt,344.tiff,3,default_51,True,
od_no_nan,halt,344.tiff,3,hem_rect_fill,True,
od_no_nan,halt,344.tiff,3,hem_rect_fill,True,
od_no_nan,halt,344.tiff,3,hem_rect_fill_1um,True,
od_no_nan,halt,344.tiff,3,hem_rect_fill_1um,True,
od_no_nan,halt,344.tiff,3,hem_mask_fill_1um,True,
od_no_nan,halt,344.tiff,3,hem_mask_fill_1um,True,
od_no_nan,halt,344.tiff,4,default_51,True,
od_no_nan,halt,344.tiff,4,default_51,True,
od_no_nan,halt,344.tiff,4,hem_rect_fill,True,
od_no_nan,halt,344.tiff,4,hem_rect_fill,True,
od_no_nan,halt,344.tiff,4,hem_rect_fill_1um,True,
od_no_nan,halt,344.tiff,4,hem_rect_fill_1um,True,
od_no_nan,halt,344.tiff,4,hem_mask_fill_1um,True,
od_no_nan,halt,344.tiff,4,hem_mask_fill_1um,True,
od_no_nan,halt,344.tiff,5,default_51,True,
od_no_nan,halt,344.tiff,5,default_51,True,
od_no_nan,halt,344.tiff,5,hem_rect_fill,True,
od_no_nan,halt,344.tiff,5,hem_rect_fill,True,
od_no_nan,halt,344.tiff,5,hem_rect_fill_1um,True,
od_no_nan,halt,344.tiff,5,hem_rect_fill_1um,True,
od_no_nan,halt,344.tiff,5,hem_mask_fill_1um,True,
od_no_nan,halt,344.tiff,5,hem_mask_fill_1um,True,
od_no_nan,halt,201.tiff,0,default_51,True,
od_no_nan,halt,201.tiff,0,default_51,True,
od_no_nan,halt,201.tiff,0,hem_rect_fill,True,
od_no_nan,halt,201.tiff,0,hem_rect_fill,True,
od_no_nan,halt,201.tiff,0,hem_rect_fill_1um,True,
od_no_nan,halt,201.tiff,0,hem_rect_fill_1um,True,
od_no_nan,halt,201.tiff,0,hem_mask_fill_1um,True,
od_no_nan,halt,201.tiff,0,hem_mask_fill_1um,True,
od_no_nan,halt,201.tiff,1,default_51,True,
od_no_nan,halt,201.tiff,1,default_51,True,
od_no_nan,halt,201.tiff,1,hem_rect_fill,True,
od_no_nan,halt,201.tiff,1,hem_rect_fill,True,
od_no_nan,halt,201.tiff,1,hem_rect_fill_1um,True,
od_no_nan,halt,201.tiff,1,hem_rect_fill_1um,True,
od_no_nan,halt,201.tiff,1,hem_mask_fill_1um,True,
od_no_nan,halt,201.tiff,1,hem_mask_fill_1um,True,
od_no_nan,halt,201.tiff,2,default_51,True,
od_no_nan,halt,201.tiff,2,default_51,True,
od_no_nan,halt,201.tiff,2,hem_rect_fill,True,
od_no_nan,halt,201.tiff,2,hem_rect_fill,True,
od_no_nan,halt,201.tiff,2,hem_rect_fill_1um,True,
od_no_nan,halt,201.tiff,2,hem_rect_fill_1um,True,
od_no_nan,halt,201.tiff,2,hem_mask_fill_1um,True,
od_no_nan,halt,201.tiff,2,hem_mask_fill_1um,True,
od_no_nan,halt,201.tiff,3,default_51,True,
od_no_nan,halt,201.tiff,3,default_51,True,
od_no_nan,halt,201.tiff,3,hem_rect_fill,True,
od_no_nan,halt,201.tiff,3,hem_rect_fill,True,
od_no_nan,halt,201.tiff,3,hem_rect_fill_1um,True,
od_no_nan,halt,201.tiff,3,hem_rect_fill_1um,True,
od_no_nan,halt,201.tiff,3,hem_mask_fill_1um,True,
od_no_nan,halt,201.tiff,3,hem_mask_fill_1um,True,
od_no_nan,halt,201.tiff,4,default_51,True,
od_no_nan,halt,201.tiff,4,default_51,True,
od_no_nan,halt,201.tiff,4,hem_rect_fill,True,
od_no_nan,halt,201.tiff,4,hem_rect_fill,True,
od_no_nan,halt,201.tiff,4,hem_rect_fill_1um,True,
od_no_nan,halt,201.tiff,4,hem_rect_fill_1um,True,
od_no_nan,halt,201.tiff,4,hem_mask_fill_1um,True,
od_no_nan,halt,201.tiff,4,hem_mask_fill_1um,True,
od_no_nan,halt,201.tiff,5,default_51,True,
od_no_nan,halt,201.tiff,5,default_51,True,
od_no_nan,halt,201.tiff,5,hem_rect_fill,True,
od_no_nan,halt,201.tiff,5,hem_rect_fill,True,
od_no_nan,halt,201.tiff,5,hem_rect_fill_1um,True,
od_no_nan,halt,201.tiff,5,hem_rect_fill_1um,True,
od_no_nan,halt,201.tiff,5,hem_mask_fill_1um,True,
od_no_nan,halt,201.tiff,5,hem_mask_fill_1um,True,
od_no_nan,halt,233.tiff,0,default_51,True,
od_no_nan,halt,233.tiff,0,default_51,True,
od_no_nan,halt,233.tiff,0,hem_rect_fill,True,
od_no_nan,halt,233.tiff,0,hem_rect_fill,True,
od_no_nan,halt,233.tiff,0,hem_rect_fill_1um,True,
od_no_nan,halt,233.tiff,0,hem_rect_fill_1um,True,
od_no_nan,halt,233.tiff,0,hem_mask_fill_1um,True,
od_no_nan,halt,233.tiff,0,hem_mask_fill_1um,True,
od_no_nan,halt,233.tiff,1,default_51,True,
od_no_nan,halt,233.tiff,1,default_51,True,
od_no_nan,halt,233.tiff,1,hem_rect_fill,True,
od_no_nan,halt,233.tiff,1,hem_rect_fill,True,
od_no_nan,halt,233.tiff,1,hem_rect_fill_1um,True,
od_no_nan,halt,233.tiff,1,hem_rect_fill_1um,True,
od_no_nan,halt,233.tiff,1,hem_mask_fill_1um,True,
od_no_nan,halt,233.tiff,1,hem_mask_fill_1um,True,
od_no_nan,halt,233.tiff,2,default_51,True,
od_no_nan,halt,233.tiff,2,default_51,True,
od_no_nan,halt,233.tiff,2,hem_rect_fill,True,
od_no_nan,halt,233.tiff,2,hem_rect_fill,True,
od_no_nan,halt,233.tiff,2,hem_rect_fill_1um,True,
od_no_nan,halt,233.tiff,2,hem_rect_fill_1um,True,
od_no_nan,halt,233.tiff,2,hem_mask_fill_1um,True,
od_no_nan,halt,233.tiff,2,hem_mask_fill_1um,True,
od_no_nan,halt,233.tiff,3,default_51,True,
od_no_nan,halt,233.tiff,3,default_51,True,
od_no_nan,halt,233.tiff,3,hem_rect_fill,True,
od_no_nan,halt,233.tiff,3,hem_rect_fill,True,
od_no_nan,halt,233.tiff,3,hem_rect_fill_1um,True,
od_no_nan,halt,233.tiff,3,hem_rect_fill_1um,True,
od_no_nan,halt,233.tiff,3,hem_mask_fill_1um,True,
od_no_nan,halt,233.tiff,3,hem_mask_fill_1um,True,
od_no_nan,halt,233.tiff,4,default_51,True,
od_no_nan,halt,233.tiff,4,default_51,True,
od_no_nan,halt,233.tiff,4,hem_rect_fill,True,
od_no_nan,halt,233.tiff,4,hem_rect_fill,True,
od_no_nan,halt,233.tiff,4,hem_rect_fill_1um,True,
od_no_nan,halt,233.tiff,4,hem_rect_fill_1um,True,
od_no_nan,halt,233.tiff,4,hem_mask_fill_1um,True,
od_no_nan,halt,233.tiff,4,hem_mask_fill_1um,True,
od_no_nan,halt,233.tiff,5,default_51,True,
od_no_nan,halt,233.tiff,5,default_51,True,
od_no_nan,halt,233.tiff,5,hem_rect_fill,True,
od_no_nan,halt,233.tiff,5,hem_rect_fill,True,
od_no_nan,halt,233.tiff,5,hem_rect_fill_1um,True,
od_no_nan,halt,233.tiff,5,hem_rect_fill_1um,True,
od_no_nan,halt,233.tiff,5,hem_mask_fill_1um,True,
od_no_nan,halt,233.tiff,5,hem_mask_fill_1um,True,
od_no_nan,halt,211.tiff,0,default_51,True,
od_no_nan,halt,211.tiff,0,default_51,True,
od_no_nan,halt,211.tiff,0,hem_rect_fill,True,
od_no_nan,halt,211.tiff,0,hem_rect_fill,True,
od_no_nan,halt,211.tiff,0,hem_rect_fill_1um,True,
od_no_nan,halt,211.tiff,0,hem_rect_fill_1um,True,
od_no_nan,halt,211.tiff,0,hem_mask_fill_1um,True,
od_no_nan,halt,211.tiff,0,hem_mask_fill_1um,True,
od_no_nan,halt,211.tiff,1,default_51,True,
od_no_nan,halt,211.tiff,1,default_51,True,
od_no_nan,halt,211.tiff,1,hem_rect_fill,True,
od_no_nan,halt,211.tiff,1,hem_rect_fill,True,
od_no_nan,halt,211.tiff,1,hem_rect_fill_1um,True,
od_no_nan,halt,211.tiff,1,hem_rect_fill_1um,True,
od_no_nan,halt,211.tiff,1,hem_mask_fill_1um,True,
od_no_nan,halt,211.tiff,1,hem_mask_fill_1um,True,
od_no_nan,halt,211.tiff,2,default_51,True,
od_no_nan,halt,211.tiff,2,default_51,True,
od_no_nan,halt,211.tiff,2,hem_rect_fill,True,
od_no_nan,halt,211.tiff,2,hem_rect_fill,True,
od_no_nan,halt,211.tiff,2,hem_rect_fill_1um,True,
od_no_nan,halt,211.tiff,2,hem_rect_fill_1um,True,
od_no_nan,halt,211.tiff,2,hem_mask_fill_1um,True,
od_no_nan,halt,211.tiff,2,hem_mask_fill_1um,True,
od_no_nan,halt,211.tiff,3,default_51,True,
od_no_nan,halt,211.tiff,3,default_51,True,
od_no_nan,halt,211.tiff,3,hem_rect_fill,True,
od_no_nan,halt,211.tiff,3,hem_rect_fill,True,
od_no_nan,halt,211.tiff,3,hem_rect_fill_1um,True,
od_no_nan,halt,211.tiff,3,hem_rect_fill_1um,True,
od_no_nan,halt,211.tiff,3,hem_mask_fill_1um,True,
od_no_nan,halt,211.tiff,3,hem_mask_fill_1um,True,
od_no_nan,halt,211.tiff,4,default_51,True,
od_no_nan,halt,211.tiff,4,default_51,True,
od_no_nan,halt,211.tiff,4,hem_rect_fill,True,
od_no_nan,halt,211.tiff,4,hem_rect_fill,True,
od_no_nan,halt,211.tiff,4,hem_rect_fill_1um,True,
od_no_nan,halt,211.tiff,4,hem_rect_fill_1um,True,
od_no_nan,halt,211.tiff,4,hem_mask_fill_1um,True,
od_no_nan,halt,211.tiff,4,hem_mask_fill_1um,True,
od_no_nan,halt,211.tiff,5,default_51,True,
od_no_nan,halt,211.tiff,5,default_51,True,
od_no_nan,halt,211.tiff,5,hem_rect_fill,True,
od_no_nan,halt,211.tiff,5,hem_rect_fill,True,
od_no_nan,halt,211.tiff,5,hem_rect_fill_1um,True,
od_no_nan,halt,211.tiff,5,hem_rect_fill_1um,True,
od_no_nan,halt,211.tiff,5,hem_mask_fill_1um,True,
od_no_nan,halt,211.tiff,5,hem_mask_fill_1um,True,
od_no_nan,halt,220.tiff,0,default_51,True,
od_no_nan,halt,220.tiff,0,default_51,True,
od_no_nan,halt,220.tiff,0,hem_rect_fill,True,
od_no_nan,halt,220.tiff,0,hem_rect_fill,True,
od_no_nan,halt,220.tiff,0,hem_rect_fill_1um,True,
od_no_nan,halt,220.tiff,0,hem_rect_fill_1um,True,
od_no_nan,halt,220.tiff,0,hem_mask_fill_1um,True,
od_no_nan,halt,220.tiff,0,hem_mask_fill_1um,True,
od_no_nan,halt,220.tiff,1,default_51,True,
od_no_nan,halt,220.tiff,1,default_51,True,
od_no_nan,halt,220.tiff,1,hem_rect_fill,True,
od_no_nan,halt,220.tiff,1,hem_rect_fill,True,
od_no_nan,halt,220.tiff,1,hem_rect_fill_1um,True,
od_no_nan,halt,220.tiff,1,hem_rect_fill_1um,True,
od_no_nan,halt,220.tiff,1,hem_mask_fill_1um,True,
od_no_nan,halt,220.tiff,1,hem_mask_fill_1um,True,
od_no_nan,halt,220.tiff,2,default_51,True,
od_no_nan,halt,220.tiff,2,default_51,True,
od_no_nan,halt,220.tiff,2,hem_rect_fill,True,
od_no_nan,halt,220.tiff,2,hem_rect_fill,True,
od_no_nan,halt,220.tiff,2,hem_rect_fill_1um,True,
od_no_nan,halt,220.tiff,2,hem_rect_fill_1um,True,
od_no_nan,halt,220.tiff,2,hem_mask_fill_1um,True,
od_no_nan,halt,220.tiff,2,hem_mask_fill_1um,True,
od_no_nan,halt,220.tiff,3,default_51,True,
od_no_nan,halt,220.tiff,3,default_51,True,
od_no_nan,halt,220.tiff,3,hem_rect_fill,True,
od_no_nan,halt,220.tiff,3,hem_rect_fill,True,
od_no_nan,halt,220.tiff,3,hem_rect_fill_1um,True,
od_no_nan,halt,220.tiff,3,hem_rect_fill_1um,True,
od_no_nan,halt,220.tiff,3,hem_mask_fill_1um,True,
od_no_nan,halt,220.tiff,3,hem_mask_fill_1um,True,
od_no_nan,halt,220.tiff,4,default_51,True,
od_no_nan,halt,220.tiff,4,default_51,True,
od_no_nan,halt,220.tiff,4,hem_rect_fill,True,
od_no_nan,halt,220.tiff,4,hem_rect_fill,True,
od_no_nan,halt,220.tiff,4,hem_rect_fill_1um,True,
od_no_nan,halt,220.tiff,4,hem_rect_fill_1um,True,
od_no_nan,halt,220.tiff,4,hem_mask_fill_1um,True,
od_no_nan,halt,220.tiff,4,hem_mask_fill_1um,True,
od_no_nan,halt,220.tiff,5,default_51,True,
od_no_nan,halt,220.tiff,5,default_51,True,
od_no_nan,halt,220.tiff,5,hem_rect_fill,True,
od_no_nan,halt,220.tiff,5,hem_rect_fill,True,
od_no_nan,halt,220.tiff,5,hem_rect_fill_1um,True,
od_no_nan,halt,220.tiff,5,hem_rect_fill_1um,True,
od_no_nan,halt,220.tiff,5,hem_mask_fill_1um,True,
od_no_nan,halt,220.tiff,5,hem_mask_fill_1um,True,
od_no_nan,halt,230.tiff,0,default_51,True,
od_no_nan,halt,230.tiff,0,default_51,True,
od_no_nan,halt,230.tiff,0,hem_rect_fill,True,
od_no_nan,halt,230.tiff,0,hem_rect_fill,True,
od_no_nan,halt,230.tiff,0,hem_rect_fill_1um,True,
od_no_nan,halt,230.tiff,0,hem_rect_fill_1um,True,
od_no_nan,halt,230.tiff,0,hem_mask_fill_1um,True,
od_no_nan,halt,230.tiff,0,hem_mask_fill_1um,True,
od_no_nan,halt,230.tiff,1,default_51,True,
od_no_nan,halt,230.tiff,1,default_51,True,
od_no_nan,halt,230.tiff,1,hem_rect_fill,True,
od_no_nan,halt,230.tiff,1,hem_rect_fill,True,
od_no_nan,halt,230.tiff,1,hem_rect_fill_1um,True,
od_no_nan,halt,230.tiff,1,hem_rect_fill_1um,True,
od_no_nan,halt,230.tiff,1,hem_mask_fill_1um,True,
od_no_nan,halt,230.tiff,1,hem_mask_fill_1um,True,
od_no_nan,halt,230.tiff,2,default_51,True,
od_no_nan,halt,230.tiff,2,default_51,True,
od_no_nan,halt,230.tiff,2,hem_rect_fill,True,
od_no_nan,halt,230.tiff,2,hem_rect_fill,True,
od_no_nan,halt,230.tiff,2,hem_rect_fill_1um,True,
od_no_nan,halt,230.tiff,2,hem_rect_fill_1um,True,
od_no_nan,halt,230.tiff,2,hem_mask_fill_1um,True,
od_no_nan,halt,230.tiff,2,hem_mask_fill_1um,True,
od_no_nan,halt,230.tiff,3,default_51,True,
od_no_nan,halt,230.tiff,3,default_51,True,
od_no_nan,halt,230.tiff,3,hem_rect_fill,True,
od_no_nan,halt,230.tiff,3,hem_rect_fill,True,
od_no_nan,halt,230.tiff,3,hem_rect_fill_1um,True,
od_no_nan,halt,230.tiff,3,hem_rect_fill_1um,True,
od_no_nan,halt,230.tiff,3,hem_mask_fill_1um,True,
od_no_nan,halt,230.tiff,3,hem_mask_fill_1um,True,
od_no_nan,halt,230.tiff,4,default_51,True,
od_no_nan,halt,230.tiff,4,default_51,True,
od_no_nan,halt,230.tiff,4,hem_rect_fill,True,
od_no_nan,halt,230.tiff,4,hem_rect_fill,True,
od_no_nan,halt,230.tiff,4,hem_rect_fill_1um,True,
od_no_nan,halt,230.tiff,4,hem_rect_fill_1um,True,
od_no_nan,halt,230.tiff,4,hem_mask_fill_1um,True,
od_no_nan,halt,230.tiff,4,hem_mask_fill_1um,True,
od_no_nan,halt,230.tiff,5,default_51,True,
od_no_nan,halt,230.tiff,5,default_51,True,
od_no_nan,halt,230.tiff,5,hem_rect_fill,True,
od_no_nan,halt,230.tiff,5,hem_rect_fill,True,
od_no_nan,halt,230.tiff,5,hem_rect_fill_1um,True,
od_no_nan,halt,230.tiff,5,hem_rect_fill_1um,True,
od_no_nan,halt,230.tiff,5,hem_mask_fill_1um,True,
od_no_nan,halt,230.tiff,5,hem_mask_fill_1um,True,
od_no_nan,halt,235.tiff,0,default_51,True,
od_no_nan,halt,235.tiff,0,default_51,True,
od_no_nan,halt,235.tiff,0,hem_rect_fill,True,
od_no_nan,halt,235.tiff,0,hem_rect_fill,True,
od_no_nan,halt,235.tiff,0,hem_rect_fill_1um,True,
od_no_nan,halt,235.tiff,0,hem_rect_fill_1um,True,
od_no_nan,halt,235.tiff,0,hem_mask_fill_1um,True,
od_no_nan,halt,235.tiff,0,hem_mask_fill_1um,True,
od_no_nan,halt,235.tiff,1,default_51,True,
od_no_nan,halt,235.tiff,1,default_51,True,
od_no_nan,halt,235.tiff,1,hem_rect_fill,True,
od_no_nan,halt,235.tiff,1,hem_rect_fill,True,
od_no_nan,halt,235.tiff,1,hem_rect_fill_1um,True,
od_no_nan,halt,235.tiff,1,hem_rect_fill_1um,True,
od_no_nan,halt,235.tiff,1,hem_mask_fill_1um,True,
od_no_nan,halt,235.tiff,1,hem_mask_fill_1um,True,
od_no_nan,halt,235.tiff,2,default_51,True,
od_no_nan,halt,235.tiff,2,default_51,True,
od_no_nan,halt,235.tiff,2,hem_rect_fill,True,
od_no_nan,halt,235.tiff,2,hem_rect_fill,True,
od_no_nan,halt,235.tiff,2,hem_rect_fill_1um,True,
od_no_nan,halt,235.tiff,2,hem_rect_fill_1um,True,
od_no_nan,halt,235.tiff,2,hem_mask_fill_1um,True,
od_no_nan,halt,235.tiff,2,hem_mask_fill_1um,True,
od_no_nan,halt,235.tiff,3,default_51,True,
od_no_nan,halt,235.tiff,3,default_51,True,
od_no_nan,halt,235.tiff,3,hem_rect_fill,True,
od_no_nan,halt,235.tiff,3,hem_rect_fill,True,
od_no_nan,halt,235.tiff,3,hem_rect_fill_1um,True,
od_no_nan,halt,235.tiff,3,hem_rect_fill_1um,True,
od_no_nan,halt,235.tiff,3,hem_mask_fill_1um,True,
od_no_nan,halt,235.tiff,3,hem_mask_fill_1um,True,
od_no_nan,halt,235.tiff,4,default_51,True,
od_no_nan,halt,235.tiff,4,default_51,True,
od_no_nan,halt,235.tiff,4,hem_rect_fill,True,
od_no_nan,halt,235.tiff,4,hem_rect_fill,True,
od_no_nan,halt,235.tiff,4,hem_rect_fill_1um,True,
od_no_nan,halt,235.tiff,4,hem_rect_fill_1um,True,
od_no_nan,halt,235.tiff,4,hem_mask_fill_1um,True,
od_no_nan,halt,235.tiff,4,hem_mask_fill_1um,True,
od_no_nan,halt,235.tiff,5,default_51,True,
od_no_nan,halt,235.tiff,5,default_51,True,
od_no_nan,halt,235.tiff,5,hem_rect_fill,True,
od_no_nan,halt,235.tiff,5,hem_rect_fill,True,
od_no_nan,halt,235.tiff,5,hem_rect_fill_1um,True,
od_no_nan,halt,235.tiff,5,hem_rect_fill_1um,True,
od_no_nan,halt,235.tiff,5,hem_mask_fill_1um,True,
od_no_nan,halt,235.tiff,5,hem_mask_fill_1um,True,
od_no_nan,halt,242.tiff,0,default_51,True,
od_no_nan,halt,242.tiff,0,default_51,True,
od_no_nan,halt,242.tiff,0,hem_rect_fill,True,
od_no_nan,halt,242.tiff,0,hem_rect_fill,True,
od_no_nan,halt,242.tiff,0,hem_rect_fill_1um,True,
od_no_nan,halt,242.tiff,0,hem_rect_fill_1um,True,
od_no_nan,halt,242.tiff,0,hem_mask_fill_1um,True,
od_no_nan,halt,242.tiff,0,hem_mask_fill_1um,True,
od_no_nan,halt,242.tiff,1,default_51,True,
od_no_nan,halt,242.tiff,1,default_51,True,
od_no_nan,halt,242.tiff,1,hem_rect_fill,True,
od_no_nan,halt,242.tiff,1,hem_rect_fill,True,
od_no_nan,halt,242.tiff,1,hem_rect_fill_1um,True,
od_no_nan,halt,242.tiff,1,hem_rect_fill_1um,True,
od_no_nan,halt,242.tiff,1,hem_mask_fill_1um,True,
od_no_nan,halt,242.tiff,1,hem_mask_fill_1um,True,
od_no_nan,halt,242.tiff,2,default_51,True,
od_no_nan,halt,242.tiff,2,default_51,True,
od_no_nan,halt,242.tiff,2,hem_rect_fill,True,
od_no_nan,halt,242.tiff,2,hem_rect_fill,True,
od_no_nan,halt,242.tiff,2,hem_rect_fill_1um,True,
od_no_nan,halt,242.tiff,2,hem_rect_fill_1um,True,
od_no_nan,halt,242.tiff,2,hem_mask_fill_1um,True,
od_no_nan,halt,242.tiff,2,hem_mask_fill_1um,True,
od_no_nan,halt,242.tiff,3,default_51,True,
od_no_nan,halt,242.tiff,3,default_51,True,
od_no_nan,halt,242.tiff,3,hem_rect_fill,True,
od_no_nan,halt,242.tiff,3,hem_rect_fill,True,
od_no_nan,halt,242.tiff,3,hem_rect_fill_1um,True,
od_no_nan,halt,242.tiff,3,hem_rect_fill_1um,True,
od_no_nan,halt,242.tiff,3,hem_mask_fill_1um,True,
od_no_nan,halt,242.tiff,3,hem_mask_fill_1um,True,
od_no_nan,halt,242.tiff,4,default_51,True,
od_no_nan,halt,242.tiff,4,default_51,True,
od_no_nan,halt,242.tiff,4,hem_rect_fill,True,
od_no_nan,halt,242.tiff,4,hem_rect_fill,True,
od_no_nan,halt,242.tiff,4,hem_rect_fill_1um,True,
od_no_nan,halt,242.tiff,4,hem_rect_fill_1um,True,
od_no_nan,halt,242.tiff,4,hem_mask_fill_1um,True,
od_no_nan,halt,242.tiff,4,hem_mask_fill_1um,True,
od_no_nan,halt,242.tiff,5,default_51,True,
od_no_nan,halt,242.tiff,5,default_51,True,
od_no_nan,halt,242.tiff,5,hem_rect_fill,True,
od_no_nan,halt,242.tiff,5,hem_rect_fill,True,
od_no_nan,halt,242.tiff,5,hem_rect_fill_1um,True,
od_no_nan,halt,242.tiff,5,hem_rect_fill_1um,True,
od_no_nan,halt,242.tiff,5,hem_mask_fill_1um,True,
od_no_nan,halt,242.tiff,5,hem_mask_fill_1um,True,
od_no_nan,halt,245.tiff,0,default_51,True,
od_no_nan,halt,245.tiff,0,default_51,True,
od_no_nan,halt,245.tiff,0,hem_rect_fill,True,
od_no_nan,halt,245.tiff,0,hem_rect_fill,True,
od_no_nan,halt,245.tiff,0,hem_rect_fill_1um,True,
od_no_nan,halt,245.tiff,0,hem_rect_fill_1um,True,
od_no_nan,halt,245.tiff,0,hem_mask_fill_1um,True,
od_no_nan,halt,245.tiff,0,hem_mask_fill_1um,True,
od_no_nan,halt,245.tiff,1,default_51,True,
od_no_nan,halt,245.tiff,1,default_51,True,
od_no_nan,halt,245.tiff,1,hem_rect_fill,True,
od_no_nan,halt,245.tiff,1,hem_rect_fill,True,
od_no_nan,halt,245.tiff,1,hem_rect_fill_1um,True,
od_no_nan,halt,245.tiff,1,hem_rect_fill_1um,True,
od_no_nan,halt,245.tiff,1,hem_mask_fill_1um,True,
od_no_nan,halt,245.tiff,1,hem_mask_fill_1um,True,
od_no_nan,halt,245.tiff,2,default_51,True,
od_no_nan,halt,245.tiff,2,default_51,True,
od_no_nan,halt,245.tiff,2,hem_rect_fill,True,
od_no_nan,halt,245.tiff,2,hem_rect_fill,True,
od_no_nan,halt,245.tiff,2,hem_rect_fill_1um,True,
od_no_nan,halt,245.tiff,2,hem_rect_fill_1um,True,
od_no_nan,halt,245.tiff,2,hem_mask_fill_1um,True,
od_no_nan,halt,245.tiff,2,hem_mask_fill_1um,True,
od_no_nan,halt,245.tiff,3,default_51,True,
od_no_nan,halt,245.tiff,3,default_51,True,
od_no_nan,halt,245.tiff,3,hem_rect_fill,True,
od_no_nan,halt,245.tiff,3,hem_rect_fill,True,
od_no_nan,halt,245.tiff,3,hem_rect_fill_1um,True,
od_no_nan,halt,245.tiff,3,hem_rect_fill_1um,True,
od_no_nan,halt,245.tiff,3,hem_mask_fill_1um,True,
od_no_nan,halt,245.tiff,3,hem_mask_fill_1um,True,
od_no_nan,halt,245.tiff,4,default_51,True,
od_no_nan,halt,245.tiff,4,default_51,True,
od_no_nan,halt,245.tiff,4,hem_rect_fill,True,
od_no_nan,halt,245.tiff,4,hem_rect_fill,True,
od_no_nan,halt,245.tiff,4,hem_rect_fill_1um,True,
od_no_nan,halt,245.tiff,4,hem_rect_fill_1um,True,
od_no_nan,halt,245.tiff,4,hem_mask_fill_1um,True,
od_no_nan,halt,245.tiff,4,hem_mask_fill_1um,True,
od_no_nan,halt,245.tiff,5,default_51,True,
od_no_nan,halt,245.tiff,5,default_51,True,
od_no_nan,halt,245.tiff,5,hem_rect_fill,True,
od_no_nan,halt,245.tiff,5,hem_rect_fill,True,
od_no_nan,halt,245.tiff,5,hem_rect_fill_1um,True,
od_no_nan,halt,245.tiff,5,hem_rect_fill_1um,True,
od_no_nan,halt,245.tiff,5,hem_mask_fill_1um,True,
od_no_nan,halt,245.tiff,5,hem_mask_fill_1um,True,
od_no_nan,halt,246.tiff,0,default_51,True,
od_no_nan,halt,246.tiff,0,default_51,True,
od_no_nan,halt,246.tiff,0,hem_rect_fill,True,
od_no_nan,halt,246.tiff,0,hem_rect_fill,True,
od_no_nan,halt,246.tiff,0,hem_rect_fill_1um,True,
od_no_nan,halt,246.tiff,0,hem_rect_fill_1um,True,
od_no_nan,halt,246.tiff,0,hem_mask_fill_1um,True,
od_no_nan,halt,246.tiff,0,hem_mask_fill_1um,True,
od_no_nan,halt,246.tiff,1,default_51,True,
od_no_nan,halt,246.tiff,1,default_51,True,
od_no_nan,halt,246.tiff,1,hem_rect_fill,True,
od_no_nan,halt,246.tiff,1,hem_rect_fill,True,
od_no_nan,halt,246.tiff,1,hem_rect_fill_1um,True,
od_no_nan,halt,246.tiff,1,hem_rect_fill_1um,True,
od_no_nan,halt,246.tiff,1,hem_mask_fill_1um,True,
od_no_nan,halt,246.tiff,1,hem_mask_fill_1um,True,
od_no_nan,halt,246.tiff,2,default_51,True,
od_no_nan,halt,246.tiff,2,default_51,True,
od_no_nan,halt,246.tiff,2,hem_rect_fill,True,
od_no_nan,halt,246.tiff,2,hem_rect_fill,True,
od_no_nan,halt,246.tiff,2,hem_rect_fill_1um,True,
od_no_nan,halt,246.tiff,2,hem_rect_fill_1um,True,
od_no_nan,halt,246.tiff,2,hem_mask_fill_1um,True,
od_no_nan,halt,246.tiff,2,hem_mask_fill_1um,True,
od_no_nan,halt,246.tiff,3,default_51,True,
od_no_nan,halt,246.tiff,3,default_51,True,
od_no_nan,halt,246.tiff,3,hem_rect_fill,True,
od_no_nan,halt,246.tiff,3,hem_rect_fill,True,
od_no_nan,halt,246.tiff,3,hem_rect_fill_1um,True,
od_no_nan,halt,246.tiff,3,hem_rect_fill_1um,True,
od_no_nan,halt,246.tiff,3,hem_mask_fill_1um,True,
od_no_nan,halt,246.tiff,3,hem_mask_fill_1um,True,
od_no_nan,halt,246.tiff,4,default_51,True,
od_no_nan,halt,246.tiff,4,default_51,True,
od_no_nan,halt,246.tiff,4,hem_rect_fill,True,
od_no_nan,halt,246.tiff,4,hem_rect_fill,True,
od_no_nan,halt,246.tiff,4,hem_rect_fill_1um,True,
od_no_nan,halt,246.tiff,4,hem_rect_fill_1um,True,
od_no_nan,halt,246.tiff,4,hem_mask_fill_1um,True,
od_no_nan,halt,246.tiff,4,hem_mask_fill_1um,True,
od_no_nan,halt,246.tiff,5,default_51,True,
od_no_nan,halt,246.tiff,5,default_51,True,
od_no_nan,halt,246.tiff,5,hem_rect_fill,True,
od_no_nan,halt,246.tiff,5,hem_rect_fill,True,
od_no_nan,halt,246.tiff,5,hem_rect_fill_1um,True,
od_no_nan,halt,246.tiff,5,hem_rect_fill_1um,True,
od_no_nan,halt,246.tiff,5,hem_mask_fill_1um,True,
od_no_nan,halt,246.tiff,5,hem_mask_fill_1um,True,
od_no_nan,halt,249.tiff,0,default_51,True,
od_no_nan,halt,249.tiff,0,default_51,True,
od_no_nan,halt,249.tiff,0,hem_rect_fill,True,
od_no_nan,halt,249.tiff,0,hem_rect_fill,True,
od_no_nan,halt,249.tiff,0,hem_rect_fill_1um,True,
od_no_nan,halt,249.tiff,0,hem_rect_fill_1um,True,
od_no_nan,halt,249.tiff,0,hem_mask_fill_1um,True,
od_no_nan,halt,249.tiff,0,hem_mask_fill_1um,True,
od_no_nan,halt,249.tiff,1,default_51,True,
od_no_nan,halt,249.tiff,1,default_51,True,
od_no_nan,halt,249.tiff,1,hem_rect_fill,True,
od_no_nan,halt,249.tiff,1,hem_rect_fill,True,
od_no_nan,halt,249.tiff,1,hem_rect_fill_1um,True,
od_no_nan,halt,249.tiff,1,hem_rect_fill_1um,True,
od_no_nan,halt,249.tiff,1,hem_mask_fill_1um,True,
od_no_nan,halt,249.tiff,1,hem_mask_fill_1um,True,
od_no_nan,halt,249.tiff,2,default_51,True,
od_no_nan,halt,249.tiff,2,default_51,True,
od_no_nan,halt,249.tiff,2,hem_rect_fill,True,
od_no_nan,halt,249.tiff,2,hem_rect_fill,True,
od_no_nan,halt,249.tiff,2,hem_rect_fill_1um,True,
od_no_nan,halt,249.tiff,2,hem_rect_fill_1um,True,
od_no_nan,halt,249.tiff,2,hem_mask_fill_1um,True,
od_no_nan,halt,249.tiff,2,hem_mask_fill_1um,True,
od_no_nan,halt,249.tiff,3,default_51,True,
od_no_nan,halt,249.tiff,3,default_51,True,
od_no_nan,halt,249.tiff,3,hem_rect_fill,True,
od_no_nan,halt,249.tiff,3,hem_rect_fill,True,
od_no_nan,halt,249.tiff,3,hem_rect_fill_1um,True,
od_no_nan,halt,249.tiff,3,hem_rect_fill_1um,True,
od_no_nan,halt,249.tiff,3,hem_mask_fill_1um,True,
od_no_nan,halt,249.tiff,3,hem_mask_fill_1um,True,
od_no_nan,halt,249.tiff,4,default_51,True,
od_no_nan,halt,249.tiff,4,default_51,True,
od_no_nan,halt,249.tiff,4,hem_rect_fill,True,
od_no_nan,halt,249.tiff,4,hem_rect_fill,True,
od_no_nan,halt,249.tiff,4,hem_rect_fill_1um,True,
od_no_nan,halt,249.tiff,4,hem_rect_fill_1um,True,
od_no_nan,halt,249.tiff,4,hem_mask_fill_1um,True,
od_no_nan,halt,249.tiff,4,hem_mask_fill_1um,True,
od_no_nan,halt,249.tiff,5,default_51,True,
od_no_nan,halt,249.tiff,5,default_51,True,
od_no_nan,halt,249.tiff,5,hem_rect_fill,True,
od_no_nan,halt,249.tiff,5,hem_rect_fill,True,
od_no_nan,halt,249.tiff,5,hem_rect_fill_1um,True,
od_no_nan,halt,249.tiff,5,hem_rect_fill_1um,True,
od_no_nan,halt,249.tiff,5,hem_mask_fill_1um,True,
od_no_nan,halt,249.tiff,5,hem_mask_fill_1um,True,
od_no_nan,halt,284.tiff,0,default_51,True,
od_no_nan,halt,284.tiff,0,default_51,True,
od_no_nan,halt,284.tiff,0,hem_rect_fill,True,
od_no_nan,halt,284.tiff,0,hem_rect_fill,True,
od_no_nan,halt,284.tiff,0,hem_rect_fill_1um,True,
od_no_nan,halt,284.tiff,0,hem_rect_fill_1um,True,
od_no_nan,halt,284.tiff,0,hem_mask_fill_1um,True,
od_no_nan,halt,284.tiff,0,hem_mask_fill_1um,True,
od_no_nan,halt,284.tiff,1,default_51,True,
od_no_nan,halt,284.tiff,1,default_51,True,
od_no_nan,halt,284.tiff,1,hem_rect_fill,True,
od_no_nan,halt,284.tiff,1,hem_rect_fill,True,
od_no_nan,halt,284.tiff,1,hem_rect_fill_1um,True,
od_no_nan,halt,284.tiff,1,hem_rect_fill_1um,True,
od_no_nan,halt,284.tiff,1,hem_mask_fill_1um,True,
od_no_nan,halt,284.tiff,1,hem_mask_fill_1um,True,
od_no_nan,halt,284.tiff,2,default_51,True,
od_no_nan,halt,284.tiff,2,default_51,True,
od_no_nan,halt,284.tiff,2,hem_rect_fill,True,
od_no_nan,halt,284.tiff,2,hem_rect_fill,True,
od_no_nan,halt,284.tiff,2,hem_rect_fill_1um,True,
od_no_nan,halt,284.tiff,2,hem_rect_fill_1um,True,
od_no_nan,halt,284.tiff,2,hem_mask_fill_1um,True,
od_no_nan,halt,284.tiff,2,hem_mask_fill_1um,True,
od_no_nan,halt,284.tiff,3,default_51,True,
od_no_nan,halt,284.tiff,3,default_51,True,
od_no_nan,halt,284.tiff,3,hem_rect_fill,True,
od_no_nan,halt,284.tiff,3,hem_rect_fill,True,
od_no_nan,halt,284.tiff,3,hem_rect_fill_1um,True,
od_no_nan,halt,284.tiff,3,hem_rect_fill_1um,True,
od_no_nan,halt,284.tiff,3,hem_mask_fill_1um,True,
od_no_nan,halt,284.tiff,3,hem_mask_fill_1um,True,
od_no_nan,halt,284.tiff,4,default_51,True,
od_no_nan,halt,284.tiff,4,default_51,True,
od_no_nan,halt,284.tiff,4,hem_rect_fill,True,
od_no_nan,halt,284.tiff,4,hem_rect_fill,True,
od_no_nan,halt,284.tiff,4,hem_rect_fill_1um,True,
od_no_nan,halt,284.tiff,4,hem_rect_fill_1um,True,
od_no_nan,halt,284.tiff,4,hem_mask_fill_1um,True,
od_no_nan,halt,284.tiff,4,hem_mask_fill_1um,True,
od_no_nan,halt,284.tiff,5,default_51,True,
od_no_nan,halt,284.tiff,5,default_51,True,
od_no_nan,halt,284.tiff,5,hem_rect_fill,True,
od_no_nan,halt,284.tiff,5,hem_rect_fill,True,
od_no_nan,halt,284.tiff,5,hem_rect_fill_1um,True,
od_no_nan,halt,284.tiff,5,hem_rect_fill_1um,True,
od_no_nan,halt,284.tiff,5,hem_mask_fill_1um,True,
od_no_nan,halt,284.tiff,5,hem_mask_fill_1um,True,
od_no_nan,halt,289.tiff,0,default_51,True,
od_no_nan,halt,289.tiff,0,default_51,True,
od_no_nan,halt,289.tiff,0,hem_rect_fill,True,
od_no_nan,halt,289.tiff,0,hem_rect_fill,True,
od_no_nan,halt,289.tiff,0,hem_rect_fill_1um,True,
od_no_nan,halt,289.tiff,0,hem_rect_fill_1um,True,
od_no_nan,halt,289.tiff,0,hem_mask_fill_1um,True,
od_no_nan,halt,289.tiff,0,hem_mask_fill_1um,True,
od_no_nan,halt,289.tiff,1,default_51,True,
od_no_nan,halt,289.tiff,1,default_51,True,
od_no_nan,halt,289.tiff,1,hem_rect_fill,True,
od_no_nan,halt,289.tiff,1,hem_rect_fill,True,
od_no_nan,halt,289.tiff,1,hem_rect_fill_1um,True,
od_no_nan,halt,289.tiff,1,hem_rect_fill_1um,True,
od_no_nan,halt,289.tiff,1,hem_mask_fill_1um,True,
od_no_nan,halt,289.tiff,1,hem_mask_fill_1um,True,
od_no_nan,halt,289.tiff,2,default_51,True,
od_no_nan,halt,289.tiff,2,default_51,True,
od_no_nan,halt,289.tiff,2,hem_rect_fill,True,
od_no_nan,halt,289.tiff,2,hem_rect_fill,True,
od_no_nan,halt,289.tiff,2,hem_rect_fill_1um,True,
od_no_nan,halt,289.tiff,2,hem_rect_fill_1um,True,
od_no_nan,halt,289.tiff,2,hem_mask_fill_1um,True,
od_no_nan,halt,289.tiff,2,hem_mask_fill_1um,True,
od_no_nan,halt,289.tiff,3,default_51,True,
od_no_nan,halt,289.tiff,3,default_51,True,
od_no_nan,halt,289.tiff,3,hem_rect_fill,True,
od_no_nan,halt,289.tiff,3,hem_rect_fill,True,
od_no_nan,halt,289.tiff,3,hem_rect_fill_1um,True,
od_no_nan,halt,289.tiff,3,hem_rect_fill_1um,True,
od_no_nan,halt,289.tiff,3,hem_mask_fill_1um,True,
od_no_nan,halt,289.tiff,3,hem_mask_fill_1um,True,
od_no_nan,halt,289.tiff,4,default_51,True,
od_no_nan,halt,289.tiff,4,default_51,True,
od_no_nan,halt,289.tiff,4,hem_rect_fill,True,
od_no_nan,halt,289.tiff,4,hem_rect_fill,True,
od_no_nan,halt,289.tiff,4,hem_rect_fill_1um,True,
od_no_nan,halt,289.tiff,4,hem_rect_fill_1um,True,
od_no_nan,halt,289.tiff,4,hem_mask_fill_1um,True,
od_no_nan,halt,289.tiff,4,hem_mask_fill_1um,True,
od_no_nan,halt,289.tiff,5,default_51,True,
od_no_nan,halt,289.tiff,5,default_51,True,
od_no_nan,halt,289.tiff,5,hem_rect_fill,True,
od_no_nan,halt,289.tiff,5,hem_rect_fill,True,
od_no_nan,halt,289.tiff,5,hem_rect_fill_1um,True,
od_no_nan,halt,289.tiff,5,hem_rect_fill_1um,True,
od_no_nan,halt,289.tiff,5,hem_mask_fill_1um,True,
od_no_nan,halt,289.tiff,5,hem_mask_fill_1um,True,
od_no_nan,halt,291.tiff,0,default_51,True,
od_no_nan,halt,291.tiff,0,default_51,True,
od_no_nan,halt,291.tiff,0,hem_rect_fill,True,
od_no_nan,halt,291.tiff,0,hem_rect_fill,True,
od_no_nan,halt,291.tiff,0,hem_rect_fill_1um,True,
od_no_nan,halt,291.tiff,0,hem_rect_fill_1um,True,
od_no_nan,halt,291.tiff,0,hem_mask_fill_1um,True,
od_no_nan,halt,291.tiff,0,hem_mask_fill_1um,True,
od_no_nan,halt,291.tiff,1,default_51,True,
od_no_nan,halt,291.tiff,1,default_51,True,
od_no_nan,halt,291.tiff,1,hem_rect_fill,True,
od_no_nan,halt,291.tiff,1,hem_rect_fill,True,
od_no_nan,halt,291.tiff,1,hem_rect_fill_1um,True,
od_no_nan,halt,291.tiff,1,hem_rect_fill_1um,True,
od_no_nan,halt,291.tiff,1,hem_mask_fill_1um,True,
od_no_nan,halt,291.tiff,1,hem_mask_fill_1um,True,
od_no_nan,halt,291.tiff,2,default_51,True,
od_no_nan,halt,291.tiff,2,default_51,True,
od_no_nan,halt,291.tiff,2,hem_rect_fill,True,
od_no_nan,halt,291.tiff,2,hem_rect_fill,True,
od_no_nan,halt,291.tiff,2,hem_rect_fill_1um,True,
od_no_nan,halt,291.tiff,2,hem_rect_fill_1um,True,
od_no_nan,halt,291.tiff,2,hem_mask_fill_1um,True,
od_no_nan,halt,291.tiff,2,hem_mask_fill_1um,True,
od_no_nan,halt,291.tiff,3,default_51,True,
od_no_nan,halt,291.tiff,3,default_51,True,
od_no_nan,halt,291.tiff,3,hem_rect_fill,True,
od_no_nan,halt,291.tiff,3,hem_rect_fill,True,
od_no_nan,halt,291.tiff,3,hem_rect_fill_1um,True,
od_no_nan,halt,291.tiff,3,hem_rect_fill_1um,True,
od_no_nan,halt,291.tiff,3,hem_mask_fill_1um,True,
od_no_nan,halt,291.tiff,3,hem_mask_fill_1um,True,
od_no_nan,halt,291.tiff,4,default_51,True,
od_no_nan,halt,291.tiff,4,default_51,True,
od_no_nan,halt,291.tiff,4,hem_rect_fill,True,
od_no_nan,halt,291.tiff,4,hem_rect_fill,True,
od_no_nan,halt,291.tiff,4,hem_rect_fill_1um,True,
od_no_nan,halt,291.tiff,4,hem_rect_fill_1um,True,
od_no_nan,halt,291.tiff,4,hem_mask_fill_1um,True,
od_no_nan,halt,291.tiff,4,hem_mask_fill_1um,True,
od_no_nan,halt,291.tiff,5,default_51,True,
od_no_nan,halt,291.tiff,5,default_51,True,
od_no_nan,halt,291.tiff,5,hem_rect_fill,True,
od_no_nan,halt,291.tiff,5,hem_rect_fill,True,
od_no_nan,halt,291.tiff,5,hem_rect_fill_1um,True,
od_no_nan,halt,291.tiff,5,hem_rect_fill_1um,True,
od_no_nan,halt,291.tiff,5,hem_mask_fill_1um,True,
od_no_nan,halt,291.tiff,5,hem_mask_fill_1um,True,
od_no_nan,halt,293.tiff,0,default_51,True,
od_no_nan,halt,293.tiff,0,default_51,True,
od_no_nan,halt,293.tiff,0,hem_rect_fill,True,
od_no_nan,halt,293.tiff,0,hem_rect_fill,True,
od_no_nan,halt,293.tiff,0,hem_rect_fill_1um,True,
od_no_nan,halt,293.tiff,0,hem_rect_fill_1um,True,
od_no_nan,halt,293.tiff,0,hem_mask_fill_1um,True,
od_no_nan,halt,293.tiff,0,hem_mask_fill_1um,True,
od_no_nan,halt,293.tiff,1,default_51,True,
od_no_nan,halt,293.tiff,1,default_51,True,
od_no_nan,halt,293.tiff,1,hem_rect_fill,True,
od_no_nan,halt,293.tiff,1,hem_rect_fill,True,
od_no_nan,halt,293.tiff,1,hem_rect_fill_1um,True,
od_no_nan,halt,293.tiff,1,hem_rect_fill_1um,True,
od_no_nan,halt,293.tiff,1,hem_mask_fill_1um,True,
od_no_nan,halt,293.tiff,1,hem_mask_fill_1um,True,
od_no_nan,halt,293.tiff,2,default_51,True,
od_no_nan,halt,293.tiff,2,default_51,True,
od_no_nan,halt,293.tiff,2,hem_rect_fill,True,
od_no_nan,halt,293.tiff,2,hem_rect_fill,True,
od_no_nan,halt,293.tiff,2,hem_rect_fill_1um,True,
od_no_nan,halt,293.tiff,2,hem_rect_fill_1um,True,
od_no_nan,halt,293.tiff,2,hem_mask_fill_1um,True,
od_no_nan,halt,293.tiff,2,hem_mask_fill_1um,True,
od_no_nan,halt,293.tiff,3,default_51,True,
od_no_nan,halt,293.tiff,3,default_51,True,
od_no_nan,halt,293.tiff,3,hem_rect_fill,True,
od_no_nan,halt,293.tiff,3,hem_rect_fill,True,
od_no_nan,halt,293.tiff,3,hem_rect_fill_1um,True,
od_no_nan,halt,293.tiff,3,hem_rect_fill_1um,True,
od_no_nan,halt,293.tiff,3,hem_mask_fill_1um,True,
od_no_nan,halt,293.tiff,3,hem_mask_fill_1um,True,
od_no_nan,halt,293.tiff,4,default_51,True,
od_no_nan,halt,293.tiff,4,default_51,True,
od_no_nan,halt,293.tiff,4,hem_rect_fill,True,
od_no_nan,halt,293.tiff,4,hem_rect_fill,True,
od_no_nan,halt,293.tiff,4,hem_rect_fill_1um,True,
od_no_nan,halt,293.tiff,4,hem_rect_fill_1um,True,
od_no_nan,halt,293.tiff,4,hem_mask_fill_1um,True,
od_no_nan,halt,293.tiff,4,hem_mask_fill_1um,True,
od_no_nan,halt,293.tiff,5,default_51,True,
od_no_nan,halt,293.tiff,5,default_51,True,
od_no_nan,halt,293.tiff,5,hem_rect_fill,True,
od_no_nan,halt,293.tiff,5,hem_rect_fill,True,
od_no_nan,halt,293.tiff,5,hem_rect_fill_1um,True,
od_no_nan,halt,293.tiff,5,hem_rect_fill_1um,True,
od_no_nan,halt,293.tiff,5,hem_mask_fill_1um,True,
od_no_nan,halt,293.tiff,5,hem_mask_fill_1um,True,
od_no_nan,halt,459.tiff,0,default_51,True,
od_no_nan,halt,459.tiff,0,default_51,True,
od_no_nan,halt,459.tiff,0,hem_rect_fill,True,
od_no_nan,halt,459.tiff,0,hem_rect_fill,True,
od_no_nan,halt,459.tiff,0,hem_rect_fill_1um,True,
od_no_nan,halt,459.tiff,0,hem_rect_fill_1um,True,
od_no_nan,halt,459.tiff,0,hem_mask_fill_1um,True,
od_no_nan,halt,459.tiff,0,hem_mask_fill_1um,True,
od_no_nan,halt,459.tiff,1,default_51,True,
od_no_nan,halt,459.tiff,1,default_51,True,
od_no_nan,halt,459.tiff,1,hem_rect_fill,True,
od_no_nan,halt,459.tiff,1,hem_rect_fill,True,
od_no_nan,halt,459.tiff,1,hem_rect_fill_1um,True,
od_no_nan,halt,459.tiff,1,hem_rect_fill_1um,True,
od_no_nan,halt,459.tiff,1,hem_mask_fill_1um,True,
od_no_nan,halt,459.tiff,1,hem_mask_fill_1um,True,
od_no_nan,halt,459.tiff,2,default_51,True,
od_no_nan,halt,459.tiff,2,default_51,True,
od_no_nan,halt,459.tiff,2,hem_rect_fill,True,
od_no_nan,halt,459.tiff,2,hem_rect_fill,True,
od_no_nan,halt,459.tiff,2,hem_rect_fill_1um,True,
od_no_nan,halt,459.tiff,2,hem_rect_fill_1um,True,
od_no_nan,halt,459.tiff,2,hem_mask_fill_1um,True,
od_no_nan,halt,459.tiff,2,hem_mask_fill_1um,True,
od_no_nan,halt,459.tiff,3,default_51,True,
od_no_nan,halt,459.tiff,3,default_51,True,
od_no_nan,halt,459.tiff,3,hem_rect_fill,True,
od_no_nan,halt,459.tiff,3,hem_rect_fill,True,
od_no_nan,halt,459.tiff,3,hem_rect_fill_1um,True,
od_no_nan,halt,459.tiff,3,hem_rect_fill_1um,True,
od_no_nan,halt,459.tiff,3,hem_mask_fill_1um,True,
od_no_nan,halt,459.tiff,3,hem_mask_fill_1um,True,
od_no_nan,halt,459.tiff,4,default_51,True,
od_no_nan,halt,459.tiff,4,default_51,True,
od_no_nan,halt,459.tiff,4,hem_rect_fill,True,
od_no_nan,halt,459.tiff,4,hem_rect_fill,True,
od_no_nan,halt,459.tiff,4,hem_rect_fill_1um,True,
od_no_nan,halt,459.tiff,4,hem_rect_fill_1um,True,
od_no_nan,halt,459.tiff,4,hem_mask_fill_1um,True,
od_no_nan,halt,459.tiff,4,hem_mask_fill_1um,True,
od_no_nan,halt,459.tiff,5,default_51,True,
od_no_nan,halt,459.tiff,5,default_51,True,
od_no_nan,halt,459.tiff,5,hem_rect_fill,True,
od_no_nan,halt,459.tiff,5,hem_rect_fill,True,
od_no_nan,halt,459.tiff,5,hem_rect_fill_1um,True,
od_no_nan,halt,459.tiff,5,hem_rect_fill_1um,True,
od_no_nan,halt,459.tiff,5,hem_mask_fill_1um,True,
od_no_nan,halt,459.tiff,5,hem_mask_fill_1um,True,
od_no_nan,halt,460.tiff,0,default_51,True,
od_no_nan,halt,460.tiff,0,default_51,True,
od_no_nan,halt,460.tiff,0,hem_rect_fill,True,
od_no_nan,halt,460.tiff,0,hem_rect_fill,True,
od_no_nan,halt,460.tiff,0,hem_rect_fill_1um,True,
od_no_nan,halt,460.tiff,0,hem_rect_fill_1um,True,
od_no_nan,halt,460.tiff,0,hem_mask_fill_1um,True,
od_no_nan,halt,460.tiff,0,hem_mask_fill_1um,True,
od_no_nan,halt,460.tiff,1,default_51,True,
od_no_nan,halt,460.tiff,1,default_51,True,
od_no_nan,halt,460.tiff,1,hem_rect_fill,True,
od_no_nan,halt,460.tiff,1,hem_rect_fill,True,
od_no_nan,halt,460.tiff,1,hem_rect_fill_1um,True,
od_no_nan,halt,460.tiff,1,hem_rect_fill_1um,True,
od_no_nan,halt,460.tiff,1,hem_mask_fill_1um,True,
od_no_nan,halt,460.tiff,1,hem_mask_fill_1um,True,
od_no_nan,halt,460.tiff,2,default_51,True,
od_no_nan,halt,460.tiff,2,default_51,True,
od_no_nan,halt,460.tiff,2,hem_rect_fill,True,
od_no_nan,halt,460.tiff,2,hem_rect_fill,True,
od_no_nan,halt,460.tiff,2,hem_rect_fill_1um,True,
od_no_nan,halt,460.tiff,2,hem_rect_fill_1um,True,
od_no_nan,halt,460.tiff,2,hem_mask_fill_1um,True,
od_no_nan,halt,460.tiff,2,hem_mask_fill_1um,True,
od_no_nan,halt,460.tiff,3,default_51,True,
od_no_nan,halt,460.tiff,3,default_51,True,
od_no_nan,halt,460.tiff,3,hem_rect_fill,True,
od_no_nan,halt,460.tiff,3,hem_rect_fill,True,
od_no_nan,halt,460.tiff,3,hem_rect_fill_1um,True,
od_no_nan,halt,460.tiff,3,hem_rect_fill_1um,True,
od_no_nan,halt,460.tiff,3,hem_mask_fill_1um,True,
od_no_nan,halt,460.tiff,3,hem_mask_fill_1um,True,
od_no_nan,halt,460.tiff,4,default_51,True,
od_no_nan,halt,460.tiff,4,default_51,True,
od_no_nan,halt,460.tiff,4,hem_rect_fill,True,
od_no_nan,halt,460.tiff,4,hem_rect_fill,True,
od_no_nan,halt,460.tiff,4,hem_rect_fill_1um,True,
od_no_nan,halt,460.tiff,4,hem_rect_fill_1um,True,
od_no_nan,halt,460.tiff,4,hem_mask_fill_1um,True,
od_no_nan,halt,460.tiff,4,hem_mask_fill_1um,True,
od_no_nan,halt,460.tiff,5,default_51,True,
od_no_nan,halt,460.tiff,5,default_51,True,
od_no_nan,halt,460.tiff,5,hem_rect_fill,True,
od_no_nan,halt,460.tiff,5,hem_rect_fill,True,
od_no_nan,halt,460.tiff,5,hem_rect_fill_1um,True,
od_no_nan,halt,460.tiff,5,hem_rect_fill_1um,True,
od_no_nan,halt,460.tiff,5,hem_mask_fill_1um,True,
od_no_nan,halt,460.tiff,5,hem_mask_fill_1um,True,
od_no_nan,halt,410.tiff,0,default_51,True,
od_no_nan,halt,410.tiff,0,default_51,True,
od_no_nan,halt,410.tiff,0,hem_rect_fill,True,
od_no_nan,halt,410.tiff,0,hem_rect_fill,True,
od_no_nan,halt,410.tiff,0,hem_rect_fill_1um,True,
od_no_nan,halt,410.tiff,0,hem_rect_fill_1um,True,
od_no_nan,halt,410.tiff,0,hem_mask_fill_1um,True,
od_no_nan,halt,410.tiff,0,hem_mask_fill_1um,True,
od_no_nan,halt,410.tiff,1,default_51,True,
od_no_nan,halt,410.tiff,1,default_51,True,
od_no_nan,halt,410.tiff,1,hem_rect_fill,True,
od_no_nan,halt,410.tiff,1,hem_rect_fill,True,
od_no_nan,halt,410.tiff,1,hem_rect_fill_1um,True,
od_no_nan,halt,410.tiff,1,hem_rect_fill_1um,True,
od_no_nan,halt,410.tiff,1,hem_mask_fill_1um,True,
od_no_nan,halt,410.tiff,1,hem_mask_fill_1um,True,
od_no_nan,halt,410.tiff,2,default_51,True,
od_no_nan,halt,410.tiff,2,default_51,True,
od_no_nan,halt,410.tiff,2,hem_rect_fill,True,
od_no_nan,halt,410.tiff,2,hem_rect_fill,True,
od_no_nan,halt,410.tiff,2,hem_rect_fill_1um,True,
od_no_nan,halt,410.tiff,2,hem_rect_fill_1um,True,
od_no_nan,halt,410.tiff,2,hem_mask_fill_1um,True,
od_no_nan,halt,410.tiff,2,hem_mask_fill_1um,True,
od_no_nan,halt,410.tiff,3,default_51,True,
od_no_nan,halt,410.tiff,3,default_51,True,
od_no_nan,halt,410.tiff,3,hem_rect_fill,True,
od_no_nan,halt,410.tiff,3,hem_rect_fill,True,
od_no_nan,halt,410.tiff,3,hem_rect_fill_1um,True,
od_no_nan,halt,410.tiff,3,hem_rect_fill_1um,True,
od_no_nan,halt,410.tiff,3,hem_mask_fill_1um,True,
od_no_nan,halt,410.tiff,3,hem_mask_fill_1um,True,
od_no_nan,halt,410.tiff,4,default_51,True,
od_no_nan,halt,410.tiff,4,default_51,True,
od_no_nan,halt,410.tiff,4,hem_rect_fill,True,
od_no_nan,halt,410.tiff,4,hem_rect_fill,True,
od_no_nan,halt,410.tiff,4,hem_rect_fill_1um,True,
od_no_nan,halt,410.tiff,4,hem_rect_fill_1um,True,
od_no_nan,halt,410.tiff,4,hem_mask_fill_1um,True,
od_no_nan,halt,410.tiff,4,hem_mask_fill_1um,True,
od_no_nan,halt,410.tiff,5,default_51,True,
od_no_nan,halt,410.tiff,5,default_51,True,
od_no_nan,halt,410.tiff,5,hem_rect_fill,True,
od_no_nan,halt,410.tiff,5,hem_rect_fill,True,
od_no_nan,halt,410.tiff,5,hem_rect_fill_1um,True,
od_no_nan,halt,410.tiff,5,hem_rect_fill_1um,True,
od_no_nan,halt,410.tiff,5,hem_mask_fill_1um,True,
od_no_nan,halt,410.tiff,5,hem_mask_fill_1um,True,
od_no_nan,halt,425.tiff,0,default_51,True,
od_no_nan,halt,425.tiff,0,default_51,True,
od_no_nan,halt,425.tiff,0,hem_rect_fill,True,
od_no_nan,halt,425.tiff,0,hem_rect_fill,True,
od_no_nan,halt,425.tiff,0,hem_rect_fill_1um,True,
od_no_nan,halt,425.tiff,0,hem_rect_fill_1um,True,
od_no_nan,halt,425.tiff,0,hem_mask_fill_1um,True,
od_no_nan,halt,425.tiff,0,hem_mask_fill_1um,True,
od_no_nan,halt,425.tiff,1,default_51,True,
od_no_nan,halt,425.tiff,1,default_51,True,
od_no_nan,halt,425.tiff,1,hem_rect_fill,True,
od_no_nan,halt,425.tiff,1,hem_rect_fill,True,
od_no_nan,halt,425.tiff,1,hem_rect_fill_1um,True,
od_no_nan,halt,425.tiff,1,hem_rect_fill_1um,True,
od_no_nan,halt,425.tiff,1,hem_mask_fill_1um,True,
od_no_nan,halt,425.tiff,1,hem_mask_fill_1um,True,
od_no_nan,halt,425.tiff,2,default_51,True,
od_no_nan,halt,425.tiff,2,default_51,True,
od_no_nan,halt,425.tiff,2,hem_rect_fill,True,
od_no_nan,halt,425.tiff,2,hem_rect_fill,True,
od_no_nan,halt,425.tiff,2,hem_rect_fill_1um,True,
od_no_nan,halt,425.tiff,2,hem_rect_fill_1um,True,
od_no_nan,halt,425.tiff,2,hem_mask_fill_1um,True,
od_no_nan,halt,425.tiff,2,hem_mask_fill_1um,True,
od_no_nan,halt,425.tiff,3,default_51,True,
od_no_nan,halt,425.tiff,3,default_51,True,
od_no_nan,halt,425.tiff,3,hem_rect_fill,True,
od_no_nan,halt,425.tiff,3,hem_rect_fill,True,
od_no_nan,halt,425.tiff,3,hem_rect_fill_1um,True,
od_no_nan,halt,425.tiff,3,hem_rect_fill_1um,True,
od_no_nan,halt,425.tiff,3,hem_mask_fill_1um,True,
od_no_nan,halt,425.tiff,3,hem_mask_fill_1um,True,
od_no_nan,halt,425.tiff,4,default_51,True,
od_no_nan,halt,425.tiff,4,default_51,True,
od_no_nan,halt,425.tiff,4,hem_rect_fill,True,
od_no_nan,halt,425.tiff,4,hem_rect_fill,True,
od_no_nan,halt,425.tiff,4,hem_rect_fill_1um,True,
od_no_nan,halt,425.tiff,4,hem_rect_fill_1um,True,
od_no_nan,halt,425.tiff,4,hem_mask_fill_1um,True,
od_no_nan,halt,425.tiff,4,hem_mask_fill_1um,True,
od_no_nan,halt,425.tiff,5,default_51,True,
od_no_nan,halt,425.tiff,5,default_51,True,
od_no_nan,halt,425.tiff,5,hem_rect_fill,True,
od_no_nan,halt,425.tiff,5,hem_rect_fill,True,
od_no_nan,halt,425.tiff,5,hem_rect_fill_1um,True,
od_no_nan,halt,425.tiff,5,hem_rect_fill_1um,True,
od_no_nan,halt,425.tiff,5,hem_mask_fill_1um,True,
od_no_nan,halt,425.tiff,5,hem_mask_fill_1um,True,
od_no_nan,halt,435.tiff,0,default_51,True,
od_no_nan,halt,435.tiff,0,default_51,True,
od_no_nan,halt,435.tiff,0,hem_rect_fill,True,
od_no_nan,halt,435.tiff,0,hem_rect_fill,True,
od_no_nan,halt,435.tiff,0,hem_rect_fill_1um,True,
od_no_nan,halt,435.tiff,0,hem_rect_fill_1um,True,
od_no_nan,halt,435.tiff,0,hem_mask_fill_1um,True,
od_no_nan,halt,435.tiff,0,hem_mask_fill_1um,True,
od_no_nan,halt,435.tiff,1,default_51,True,
od_no_nan,halt,435.tiff,1,default_51,True,
od_no_nan,halt,435.tiff,1,hem_rect_fill,True,
od_no_nan,halt,435.tiff,1,hem_rect_fill,True,
od_no_nan,halt,435.tiff,1,hem_rect_fill_1um,True,
od_no_nan,halt,435.tiff,1,hem_rect_fill_1um,True,
od_no_nan,halt,435.tiff,1,hem_mask_fill_1um,True,
od_no_nan,halt,435.tiff,1,hem_mask_fill_1um,True,
od_no_nan,halt,435.tiff,2,default_51,True,
od_no_nan,halt,435.tiff,2,default_51,True,
od_no_nan,halt,435.tiff,2,hem_rect_fill,True,
od_no_nan,halt,435.tiff,2,hem_rect_fill,True,
od_no_nan,halt,435.tiff,2,hem_rect_fill_1um,True,
od_no_nan,halt,435.tiff,2,hem_rect_fill_1um,True,
od_no_nan,halt,435.tiff,2,hem_mask_fill_1um,True,
od_no_nan,halt,435.tiff,2,hem_mask_fill_1um,True,
od_no_nan,halt,435.tiff,3,default_51,True,
od_no_nan,halt,435.tiff,3,default_51,True,
od_no_nan,halt,435.tiff,3,hem_rect_fill,True,
od_no_nan,halt,435.tiff,3,hem_rect_fill,True,
od_no_nan,halt,435.tiff,3,hem_rect_fill_1um,True,
od_no_nan,halt,435.tiff,3,hem_rect_fill_1um,True,
od_no_nan,halt,435.tiff,3,hem_mask_fill_1um,True,
od_no_nan,halt,435.tiff,3,hem_mask_fill_1um,True,
od_no_nan,halt,435.tiff,4,default_51,True,
od_no_nan,halt,435.tiff,4,default_51,True,
od_no_nan,halt,435.tiff,4,hem_rect_fill,True,
od_no_nan,halt,435.tiff,4,hem_rect_fill,True,
od_no_nan,halt,435.tiff,4,hem_rect_fill_1um,True,
od_no_nan,halt,435.tiff,4,hem_rect_fill_1um,True,
od_no_nan,halt,435.tiff,4,hem_mask_fill_1um,True,
od_no_nan,halt,435.tiff,4,hem_mask_fill_1um,True,
od_no_nan,halt,435.tiff,5,default_51,True,
od_no_nan,halt,435.tiff,5,default_51,True,
od_no_nan,halt,435.tiff,5,hem_rect_fill,True,
od_no_nan,halt,435.tiff,5,hem_rect_fill,True,
od_no_nan,halt,435.tiff,5,hem_rect_fill_1um,True,
od_no_nan,halt,435.tiff,5,hem_rect_fill_1um,True,
od_no_nan,halt,435.tiff,5,hem_mask_fill_1um,True,
od_no_nan,halt,435.tiff,5,hem_mask_fill_1um,True,
od_no_nan,halt,462.tiff,0,default_51,True,
od_no_nan,halt,462.tiff,0,default_51,True,
od_no_nan,halt,462.tiff,0,hem_rect_fill,True,
od_no_nan,halt,462.tiff,0,hem_rect_fill,True,
od_no_nan,halt,462.tiff,0,hem_rect_fill_1um,True,
od_no_nan,halt,462.tiff,0,hem_rect_fill_1um,True,
od_no_nan,halt,462.tiff,0,hem_mask_fill_1um,True,
od_no_nan,halt,462.tiff,0,hem_mask_fill_1um,True,
od_no_nan,halt,462.tiff,1,default_51,True,
od_no_nan,halt,462.tiff,1,default_51,True,
od_no_nan,halt,462.tiff,1,hem_rect_fill,True,
od_no_nan,halt,462.tiff,1,hem_rect_fill,True,
od_no_nan,halt,462.tiff,1,hem_rect_fill_1um,True,
od_no_nan,halt,462.tiff,1,hem_rect_fill_1um,True,
od_no_nan,halt,462.tiff,1,hem_mask_fill_1um,True,
od_no_nan,halt,462.tiff,1,hem_mask_fill_1um,True,
od_no_nan,halt,462.tiff,2,default_51,True,
od_no_nan,halt,462.tiff,2,default_51,True,
od_no_nan,halt,462.tiff,2,hem_rect_fill,True,
od_no_nan,halt,462.tiff,2,hem_rect_fill,True,
od_no_nan,halt,462.tiff,2,hem_rect_fill_1um,True,
od_no_nan,halt,462.tiff,2,hem_rect_fill_1um,True,
od_no_nan,halt,462.tiff,2,hem_mask_fill_1um,True,
od_no_nan,halt,462.tiff,2,hem_mask_fill_1um,True,
od_no_nan,halt,462.tiff,3,default_51,True,
od_no_nan,halt,462.tiff,3,default_51,True,
od_no_nan,halt,462.tiff,3,hem_rect_fill,True,
od_no_nan,halt,462.tiff,3,hem_rect_fill,True,
od_no_nan,halt,462.tiff,3,hem_rect_fill_1um,True,
od_no_nan,halt,462.tiff,3,hem_rect_fill_1um,True,
od_no_nan,halt,462.tiff,3,hem_mask_fill_1um,True,
od_no_nan,halt,462.tiff,3,hem_mask_fill_1um,True,
od_no_nan,halt,462.tiff,4,default_51,True,
od_no_nan,halt,462.tiff,4,default_51,True,
od_no_nan,halt,462.tiff,4,hem_rect_fill,True,
od_no_nan,halt,462.tiff,4,hem_rect_fill,True,
od_no_nan,halt,462.tiff,4,hem_rect_fill_1um,True,
od_no_nan,halt,462.tiff,4,hem_rect_fill_1um,True,
od_no_nan,halt,462.tiff,4,hem_mask_fill_1um,True,
od_no_nan,halt,462.tiff,4,hem_mask_fill_1um,True,
od_no_nan,halt,462.tiff,5,default_51,True,
od_no_nan,halt,462.tiff,5,default_51,True,
od_no_nan,halt,462.tiff,5,hem_rect_fill,True,
od_no_nan,halt,462.tiff,5,hem_rect_fill,True,
od_no_nan,halt,462.tiff,5,hem_rect_fill_1um,True,
od_no_nan,halt,462.tiff,5,hem_rect_fill_1um,True,
od_no_nan,halt,462.tiff,5,hem_mask_fill_1um,True,
od_no_nan,halt,462.tiff,5,hem_mask_fill_1um,True,
od_no_nan,halt,499.tiff,0,default_51,True,
od_no_nan,halt,499.tiff,0,default_51,True,
od_no_nan,halt,499.tiff,0,hem_rect_fill,True,
od_no_nan,halt,499.tiff,0,hem_rect_fill,True,
od_no_nan,halt,499.tiff,0,hem_rect_fill_1um,True,
od_no_nan,halt,499.tiff,0,hem_rect_fill_1um,True,
od_no_nan,halt,499.tiff,0,hem_mask_fill_1um,True,
od_no_nan,halt,499.tiff,0,hem_mask_fill_1um,True,
od_no_nan,halt,499.tiff,1,default_51,True,
od_no_nan,halt,499.tiff,1,default_51,True,
od_no_nan,halt,499.tiff,1,hem_rect_fill,True,
od_no_nan,halt,499.tiff,1,hem_rect_fill,True,
od_no_nan,halt,499.tiff,1,hem_rect_fill_1um,True,
od_no_nan,halt,499.tiff,1,hem_rect_fill_1um,True,
od_no_nan,halt,499.tiff,1,hem_mask_fill_1um,True,
od_no_nan,halt,499.tiff,1,hem_mask_fill_1um,True,
od_no_nan,halt,499.tiff,2,default_51,True,
od_no_nan,halt,499.tiff,2,default_51,True,
od_no_nan,halt,499.tiff,2,hem_rect_fill,True,
od_no_nan,halt,499.tiff,2,hem_rect_fill,True,
od_no_nan,halt,499.tiff,2,hem_rect_fill_1um,True,
od_no_nan,halt,499.tiff,2,hem_rect_fill_1um,True,
od_no_nan,halt,499.tiff,2,hem_mask_fill_1um,True,
od_no_nan,halt,499.tiff,2,hem_mask_fill_1um,True,
od_no_nan,halt,499.tiff,3,default_51,True,
od_no_nan,halt,499.tiff,3,default_51,True,
od_no_nan,halt,499.tiff,3,hem_rect_fill,True,
od_no_nan,halt,499.tiff,3,hem_rect_fill,True,
od_no_nan,halt,499.tiff,3,hem_rect_fill_1um,True,
od_no_nan,halt,499.tiff,3,hem_rect_fill_1um,True,
od_no_nan,halt,499.tiff,3,hem_mask_fill_1um,True,
od_no_nan,halt,499.tiff,3,hem_mask_fill_1um,True,
od_no_nan,halt,499.tiff,4,default_51,True,
od_no_nan,halt,499.tiff,4,default_51,True,
od_no_nan,halt,499.tiff,4,hem_rect_fill,True,
od_no_nan,halt,499.tiff,4,hem_rect_fill,True,
od_no_nan,halt,499.tiff,4,hem_rect_fill_1um,True,
od_no_nan,halt,499.tiff,4,hem_rect_fill_1um,True,
od_no_nan,halt,499.tiff,4,hem_mask_fill_1um,True,
od_no_nan,halt,499.tiff,4,hem_mask_fill_1um,True,
od_no_nan,halt,499.tiff,5,default_51,True,
od_no_nan,halt,499.tiff,5,default_51,True,
od_no_nan,halt,499.tiff,5,hem_rect_fill,True,
od_no_nan,halt,499.tiff,5,hem_rect_fill,True,
od_no_nan,halt,499.tiff,5,hem_rect_fill_1um,True,
od_no_nan,halt,499.tiff,5,hem_rect_fill_1um,True,
od_no_nan,halt,499.tiff,5,hem_mask_fill_1um,True,
od_no_nan,halt,499.tiff,5,hem_mask_fill_1um,True,
od_no_nan,halt,013.tiff,0,default_51,True,
od_no_nan,halt,013.tiff,0,default_51,True,
od_no_nan,halt,013.tiff,0,hem_rect_fill,True,
od_no_nan,halt,013.tiff,0,hem_rect_fill,True,
od_no_nan,halt,013.tiff,0,hem_rect_fill_1um,True,
od_no_nan,halt,013.tiff,0,hem_rect_fill_1um,True,
od_no_nan,halt,013.tiff,0,hem_mask_fill_1um,True,
od_no_nan,halt,013.tiff,0,hem_mask_fill_1um,True,
od_no_nan,halt,013.tiff,1,default_51,True,
od_no_nan,halt,013.tiff,1,default_51,True,
od_no_nan,halt,013.tiff,1,hem_rect_fill,True,
od_no_nan,halt,013.tiff,1,hem_rect_fill,True,
od_no_nan,halt,013.tiff,1,hem_rect_fill_1um,True,
od_no_nan,halt,013.tiff,1,hem_rect_fill_1um,True,
od_no_nan,halt,013.tiff,1,hem_mask_fill_1um,True,
od_no_nan,halt,013.tiff,1,hem_mask_fill_1um,True,
od_no_nan,halt,013.tiff,2,default_51,True,
od_no_nan,halt,013.tiff,2,default_51,True,
od_no_nan,halt,013.tiff,2,hem_rect_fill,True,
od_no_nan,halt,013.tiff,2,hem_rect_fill,True,
od_no_nan,halt,013.tiff,2,hem_rect_fill_1um,True,
od_no_nan,halt,013.tiff,2,hem_rect_fill_1um,True,
od_no_nan,halt,013.tiff,2,hem_mask_fill_1um,True,
od_no_nan,halt,013.tiff,2,hem_mask_fill_1um,True,
od_no_nan,halt,013.tiff,3,default_51,True,
od_no_nan,halt,013.tiff,3,default_51,True,
od_no_nan,halt,013.tiff,3,hem_rect_fill,True,
od_no_nan,halt,013.tiff,3,hem_rect_fill,True,
od_no_nan,halt,013.tiff,3,hem_rect_fill_1um,True,
od_no_nan,halt,013.tiff,3,hem_rect_fill_1um,True,
od_no_nan,halt,013.tiff,3,hem_mask_fill_1um,True,
od_no_nan,halt,013.tiff,3,hem_mask_fill_1um,True,
od_no_nan,halt,013.tiff,4,default_51,True,
od_no_nan,halt,013.tiff,4,default_51,True,
od_no_nan,halt,013.tiff,4,hem_rect_fill,True,
od_no_nan,halt,013.tiff,4,hem_rect_fill,True,
od_no_nan,halt,013.tiff,4,hem_rect_fill_1um,True,
od_no_nan,halt,013.tiff,4,hem_rect_fill_1um,True,
od_no_nan,halt,013.tiff,4,hem_mask_fill_1um,True,
od_no_nan,halt,013.tiff,4,hem_mask_fill_1um,True,
od_no_nan,halt,013.tiff,5,default_51,True,
od_no_nan,halt,013.tiff,5,default_51,True,
od_no_nan,halt,013.tiff,5,hem_rect_fill,True,
od_no_nan,halt,013.tiff,5,hem_rect_fill,True,
od_no_nan,halt,013.tiff,5,hem_rect_fill_1um,True,
od_no_nan,halt,013.tiff,5,hem_rect_fill_1um,True,
od_no_nan,halt,013.tiff,5,hem_mask_fill_1um,True,
od_no_nan,halt,013.tiff,5,hem_mask_fill_1um,True,
od_no_nan,halt,094.tiff,0,default_51,True,
od_no_nan,halt,094.tiff,0,default_51,True,
od_no_nan,halt,094.tiff,0,hem_rect_fill,True,
od_no_nan,halt,094.tiff,0,hem_rect_fill,True,
od_no_nan,halt,094.tiff,0,hem_rect_fill_1um,True,
od_no_nan,halt,094.tiff,0,hem_rect_fill_1um,True,
od_no_nan,halt,094.tiff,0,hem_mask_fill_1um,True,
od_no_nan,halt,094.tiff,0,hem_mask_fill_1um,True,
od_no_nan,halt,094.tiff,1,default_51,True,
od_no_nan,halt,094.tiff,1,default_51,True,
od_no_nan,halt,094.tiff,1,hem_rect_fill,True,
od_no_nan,halt,094.tiff,1,hem_rect_fill,True,
od_no_nan,halt,094.tiff,1,hem_rect_fill_1um,True,
od_no_nan,halt,094.tiff,1,hem_rect_fill_1um,True,
od_no_nan,halt,094.tiff,1,hem_mask_fill_1um,True,
od_no_nan,halt,094.tiff,1,hem_mask_fill_1um,True,
od_no_nan,halt,094.tiff,2,default_51,True,
od_no_nan,halt,094.tiff,2,default_51,True,
od_no_nan,halt,094.tiff,2,hem_rect_fill,True,
od_no_nan,halt,094.tiff,2,hem_rect_fill,True,
od_no_nan,halt,094.tiff,2,hem_rect_fill_1um,True,
od_no_nan,halt,094.tiff,2,hem_rect_fill_1um,True,
od_no_nan,halt,094.tiff,2,hem_mask_fill_1um,True,
od_no_nan,halt,094.tiff,2,hem_mask_fill_1um,True,
od_no_nan,halt,094.tiff,3,default_51,True,
od_no_nan,halt,094.tiff,3,default_51,True,
od_no_nan,halt,094.tiff,3,hem_rect_fill,True,
od_no_nan,halt,094.tiff,3,hem_rect_fill,True,
od_no_nan,halt,094.tiff,3,hem_rect_fill_1um,True,
od_no_nan,halt,094.tiff,3,hem_rect_fill_1um,True,
od_no_nan,halt,094.tiff,3,hem_mask_fill_1um,True,
od_no_nan,halt,094.tiff,3,hem_mask_fill_1um,True,
od_no_nan,halt,094.tiff,4,default_51,True,
od_no_nan,halt,094.tiff,4,default_51,True,
od_no_nan,halt,094.tiff,4,hem_rect_fill,True,
od_no_nan,halt,094.tiff,4,hem_rect_fill,True,
od_no_nan,halt,094.tiff,4,hem_rect_fill_1um,True,
od_no_nan,halt,094.tiff,4,hem_rect_fill_1um,True,
od_no_nan,halt,094.tiff,4,hem_mask_fill_1um,True,
od_no_nan,halt,094.tiff,4,hem_mask_fill_1um,True,
od_no_nan,halt,094.tiff,5,default_51,True,
od_no_nan,halt,094.tiff,5,default_51,True,
od_no_nan,halt,094.tiff,5,hem_rect_fill,True,
od_no_nan,halt,094.tiff,5,hem_rect_fill,True,
od_no_nan,halt,094.tiff,5,hem_rect_fill_1um,True,
od_no_nan,halt,094.tiff,5,hem_rect_fill_1um,True,
od_no_nan,halt,094.tiff,5,hem_mask_fill_1um,True,
od_no_nan,halt,094.tiff,5,hem_mask_fill_1um,True,
od_no_nan,halt,007.tiff,0,default_51,True,
od_no_nan,halt,007.tiff,0,default_51,True,
od_no_nan,halt,007.tiff,0,hem_rect_fill,True,
od_no_nan,halt,007.tiff,0,hem_rect_fill,True,
od_no_nan,halt,007.tiff,0,hem_rect_fill_1um,True,
od_no_nan,halt,007.tiff,0,hem_rect_fill_1um,True,
od_no_nan,halt,007.tiff,0,hem_mask_fill_1um,True,
od_no_nan,halt,007.tiff,0,hem_mask_fill_1um,True,
od_no_nan,halt,007.tiff,1,default_51,True,
od_no_nan,halt,007.tiff,1,default_51,True,
od_no_nan,halt,007.tiff,1,hem_rect_fill,True,
od_no_nan,halt,007.tiff,1,hem_rect_fill,True,
od_no_nan,halt,007.tiff,1,hem_rect_fill_1um,True,
od_no_nan,halt,007.tiff,1,hem_rect_fill_1um,True,
od_no_nan,halt,007.tiff,1,hem_mask_fill_1um,True,
od_no_nan,halt,007.tiff,1,hem_mask_fill_1um,True,
od_no_nan,halt,007.tiff,2,default_51,True,
od_no_nan,halt,007.tiff,2,default_51,True,
od_no_nan,halt,007.tiff,2,hem_rect_fill,True,
od_no_nan,halt,007.tiff,2,hem_rect_fill,True,
od_no_nan,halt,007.tiff,2,hem_rect_fill_1um,True,
od_no_nan,halt,007.tiff,2,hem_rect_fill_1um,True,
od_no_nan,halt,007.tiff,2,hem_mask_fill_1um,True,
od_no_nan,halt,007.tiff,2,hem_mask_fill_1um,True,
od_no_nan,halt,007.tiff,3,default_51,True,
od_no_nan,halt,007.tiff,3,default_51,True,
od_no_nan,halt,007.tiff,3,hem_rect_fill,True,
od_no_nan,halt,007.tiff,3,hem_rect_fill,True,
od_no_nan,halt,007.tiff,3,hem_rect_fill_1um,True,
od_no_nan,halt,007.tiff,3,hem_rect_fill_1um,True,
od_no_nan,halt,007.tiff,3,hem_mask_fill_1um,True,
od_no_nan,halt,007.tiff,3,hem_mask_fill_1um,True,
od_no_nan,halt,007.tiff,4,default_51,True,
od_no_nan,halt,007.tiff,4,default_51,True,
od_no_nan,halt,007.tiff,4,hem_rect_fill,True,
od_no_nan,halt,007.tiff,4,hem_rect_fill,True,
od_no_nan,halt,007.tiff,4,hem_rect_fill_1um,True,
od_no_nan,halt,007.tiff,4,hem_rect_fill_1um,True,
od_no_nan,halt,007.tiff,4,hem_mask_fill_1um,True,
od_no_nan,halt,007.tiff,4,hem_mask_fill_1um,True,
od_no_nan,halt,007.tiff,5,default_51,True,
od_no_nan,halt,007.tiff,5,default_51,True,
od_no_nan,halt,007.tiff,5,hem_rect_fill,True,
od_no_nan,halt,007.tiff,5,hem_rect_fill,True,
od_no_nan,halt,007.tiff,5,hem_rect_fill_1um,True,
od_no_nan,halt,007.tiff,5,hem_rect_fill_1um,True,
od_no_nan,halt,007.tiff,5,hem_mask_fill_1um,True,
od_no_nan,halt,007.tiff,5,hem_mask_fill_1um,True,
od_no_nan,halt,072.tiff,0,default_51,True,
od_no_nan,halt,072.tiff,0,default_51,True,
od_no_nan,halt,072.tiff,0,hem_rect_fill,True,
od_no_nan,halt,072.tiff,0,hem_rect_fill,True,
od_no_nan,halt,072.tiff,0,hem_rect_fill_1um,True,
od_no_nan,halt,072.tiff,0,hem_rect_fill_1um,True,
od_no_nan,halt,072.tiff,0,hem_mask_fill_1um,True,
od_no_nan,halt,072.tiff,0,hem_mask_fill_1um,True,
od_no_nan,halt,072.tiff,1,default_51,True,
od_no_nan,halt,072.tiff,1,default_51,True,
od_no_nan,halt,072.tiff,1,hem_rect_fill,True,
od_no_nan,halt,072.tiff,1,hem_rect_fill,True,
od_no_nan,halt,072.tiff,1,hem_rect_fill_1um,True,
od_no_nan,halt,072.tiff,1,hem_rect_fill_1um,True,
od_no_nan,halt,072.tiff,1,hem_mask_fill_1um,True,
od_no_nan,halt,072.tiff,1,hem_mask_fill_1um,True,
od_no_nan,halt,072.tiff,2,default_51,True,
od_no_nan,halt,072.tiff,2,default_51,True,
od_no_nan,halt,072.tiff,2,hem_rect_fill,True,
od_no_nan,halt,072.tiff,2,hem_rect_fill,True,
od_no_nan,halt,072.tiff,2,hem_rect_fill_1um,True,
od_no_nan,halt,072.tiff,2,hem_rect_fill_1um,True,
od_no_nan,halt,072.tiff,2,hem_mask_fill_1um,True,
od_no_nan,halt,072.tiff,2,hem_mask_fill_1um,True,
od_no_nan,halt,072.tiff,3,default_51,True,
od_no_nan,halt,072.tiff,3,default_51,True,
od_no_nan,halt,072.tiff,3,hem_rect_fill,True,
od_no_nan,halt,072.tiff,3,hem_rect_fill,True,
od_no_nan,halt,072.tiff,3,hem_rect_fill_1um,True,
od_no_nan,halt,072.tiff,3,hem_rect_fill_1um,True,
od_no_nan,halt,072.tiff,3,hem_mask_fill_1um,True,
od_no_nan,halt,072.tiff,3,hem_mask_fill_1um,True,
od_no_nan,halt,072.tiff,4,default_51,True,
od_no_nan,halt,072.tiff,4,default_51,True,
od_no_nan,halt,072.tiff,4,hem_rect_fill,True,
od_no_nan,halt,072.tiff,4,hem_rect_fill,True,
od_no_nan,halt,072.tiff,4,hem_rect_fill_1um,True,
od_no_nan,halt,072.tiff,4,hem_rect_fill_1um,True,
od_no_nan,halt,072.tiff,4,hem_mask_fill_1um,True,
od_no_nan,halt,072.tiff,4,hem_mask_fill_1um,True,
od_no_nan,halt,072.tiff,5,default_51,True,
od_no_nan,halt,072.tiff,5,default_51,True,
od_no_nan,halt,072.tiff,5,hem_rect_fill,True,
od_no_nan,halt,072.tiff,5,hem_rect_fill,True,
od_no_nan,halt,072.tiff,5,hem_rect_fill_1um,True,
od_no_nan,halt,072.tiff,5,hem_rect_fill_1um,True,
od_no_nan,halt,072.tiff,5,hem_mask_fill_1um,True,
od_no_nan,halt,072.tiff,5,hem_mask_fill_1um,True,
od_no_nan,halt,100.tiff,0,default_51,True,
od_no_nan,halt,100.tiff,0,default_51,True,
od_no_nan,halt,100.tiff,0,hem_rect_fill,True,
od_no_nan,halt,100.tiff,0,hem_rect_fill,True,
od_no_nan,halt,100.tiff,0,hem_rect_fill_1um,True,
od_no_nan,halt,100.tiff,0,hem_rect_fill_1um,True,
od_no_nan,halt,100.tiff,0,hem_mask_fill_1um,True,
od_no_nan,halt,100.tiff,0,hem_mask_fill_1um,True,
od_no_nan,halt,100.tiff,1,default_51,True,
od_no_nan,halt,100.tiff,1,default_51,True,
od_no_nan,halt,100.tiff,1,hem_rect_fill,True,
od_no_nan,halt,100.tiff,1,hem_rect_fill,True,
od_no_nan,halt,100.tiff,1,hem_rect_fill_1um,True,
od_no_nan,halt,100.tiff,1,hem_rect_fill_1um,True,
od_no_nan,halt,100.tiff,1,hem_mask_fill_1um,True,
od_no_nan,halt,100.tiff,1,hem_mask_fill_1um,True,
od_no_nan,halt,100.tiff,2,default_51,True,
od_no_nan,halt,100.tiff,2,default_51,True,
od_no_nan,halt,100.tiff,2,hem_rect_fill,True,
od_no_nan,halt,100.tiff,2,hem_rect_fill,True,
od_no_nan,halt,100.tiff,2,hem_rect_fill_1um,True,
od_no_nan,halt,100.tiff,2,hem_rect_fill_1um,True,
od_no_nan,halt,100.tiff,2,hem_mask_fill_1um,True,
od_no_nan,halt,100.tiff,2,hem_mask_fill_1um,True,
od_no_nan,halt,100.tiff,3,default_51,True,
od_no_nan,halt,100.tiff,3,default_51,True,
od_no_nan,halt,100.tiff,3,hem_rect_fill,True,
od_no_nan,halt,100.tiff,3,hem_rect_fill,True,
od_no_nan,halt,100.tiff,3,hem_rect_fill_1um,True,
od_no_nan,halt,100.tiff,3,hem_rect_fill_1um,True,
od_no_nan,halt,100.tiff,3,hem_mask_fill_1um,True,
od_no_nan,halt,100.tiff,3,hem_mask_fill_1um,True,
od_no_nan,halt,100.tiff,4,default_51,True,
od_no_nan,halt,100.tiff,4,default_51,True,
od_no_nan,halt,100.tiff,4,hem_rect_fill,True,
od_no_nan,halt,100.tiff,4,hem_rect_fill,True,
od_no_nan,halt,100.tiff,4,hem_rect_fill_1um,True,
od_no_nan,halt,100.tiff,4,hem_rect_fill_1um,True,
od_no_nan,halt,100.tiff,4,hem_mask_fill_1um,True,
od_no_nan,halt,100.tiff,4,hem_mask_fill_1um,True,
od_no_nan,halt,100.tiff,5,default_51,True,
od_no_nan,halt,100.tiff,5,default_51,True,
od_no_nan,halt,100.tiff,5,hem_rect_fill,True,
od_no_nan,halt,100.tiff,5,hem_rect_fill,True,
od_no_nan,halt,100.tiff,5,hem_rect_fill_1um,True,
od_no_nan,halt,100.tiff,5,hem_rect_fill_1um,True,
od_no_nan,halt,100.tiff,5,hem_mask_fill_1um,True,
od_no_nan,halt,100.tiff,5,hem_mask_fill_1um,True,
od_no_nan,halt,123.tiff,0,default_51,True,
od_no_nan,halt,123.tiff,0,default_51,True,
od_no_nan,halt,123.tiff,0,hem_rect_fill,True,
od_no_nan,halt,123.tiff,0,hem_rect_fill,True,
od_no_nan,halt,123.tiff,0,hem_rect_fill_1um,True,
od_no_nan,halt,123.tiff,0,hem_rect_fill_1um,True,
od_no_nan,halt,123.tiff,0,hem_mask_fill_1um,True,
od_no_nan,halt,123.tiff,0,hem_mask_fill_1um,True,
od_no_nan,halt,123.tiff,1,default_51,True,
od_no_nan,halt,123.tiff,1,default_51,True,
od_no_nan,halt,123.tiff,1,hem_rect_fill,True,
od_no_nan,halt,123.tiff,1,hem_rect_fill,True,
od_no_nan,halt,123.tiff,1,hem_rect_fill_1um,True,
od_no_nan,halt,123.tiff,1,hem_rect_fill_1um,True,
od_no_nan,halt,123.tiff,1,hem_mask_fill_1um,True,
od_no_nan,halt,123.tiff,1,hem_mask_fill_1um,True,
od_no_nan,halt,123.tiff,2,default_51,True,
od_no_nan,halt,123.tiff,2,default_51,True,
od_no_nan,halt,123.tiff,2,hem_rect_fill,True,
od_no_nan,halt,123.tiff,2,hem_rect_fill,True,
od_no_nan,halt,123.tiff,2,hem_rect_fill_1um,True,
od_no_nan,halt,123.tiff,2,hem_rect_fill_1um,True,
od_no_nan,halt,123.tiff,2,hem_mask_fill_1um,True,
od_no_nan,halt,123.tiff,2,hem_mask_fill_1um,True,
od_no_nan,halt,123.tiff,3,default_51,True,
od_no_nan,halt,123.tiff,3,default_51,True,
od_no_nan,halt,123.tiff,3,hem_rect_fill,True,
od_no_nan,halt,123.tiff,3,hem_rect_fill,True,
od_no_nan,halt,123.tiff,3,hem_rect_fill_1um,True,
od_no_nan,halt,123.tiff,3,hem_rect_fill_1um,True,
od_no_nan,halt,123.tiff,3,hem_mask_fill_1um,True,
od_no_nan,halt,123.tiff,3,hem_mask_fill_1um,True,
od_no_nan,halt,123.tiff,4,default_51,True,
od_no_nan,halt,123.tiff,4,default_51,True,
od_no_nan,halt,123.tiff,4,hem_rect_fill,True,
od_no_nan,halt,123.tiff,4,hem_rect_fill,True,
od_no_nan,halt,123.tiff,4,hem_rect_fill_1um,True,
od_no_nan,halt,123.tiff,4,hem_rect_fill_1um,True,
od_no_nan,halt,123.tiff,4,hem_mask_fill_1um,True,
od_no_nan,halt,123.tiff,4,hem_mask_fill_1um,True,
od_no_nan,halt,123.tiff,5,default_51,True,
od_no_nan,halt,123.tiff,5,default_51,True,
od_no_nan,halt,123.tiff,5,hem_rect_fill,True,
od_no_nan,halt,123.tiff,5,hem_rect_fill,True,
od_no_nan,halt,123.tiff,5,hem_rect_fill_1um,True,
od_no_nan,halt,123.tiff,5,hem_rect_fill_1um,True,
od_no_nan,halt,123.tiff,5,hem_mask_fill_1um,True,
od_no_nan,halt,123.tiff,5,hem_mask_fill_1um,True,
od_no_nan,halt,128.tiff,0,default_51,True,
od_no_nan,halt,128.tiff,0,default_51,True,
od_no_nan,halt,128.tiff,0,hem_rect_fill,True,
od_no_nan,halt,128.tiff,0,hem_rect_fill,True,
od_no_nan,halt,128.tiff,0,hem_rect_fill_1um,True,
od_no_nan,halt,128.tiff,0,hem_rect_fill_1um,True,
od_no_nan,halt,128.tiff,0,hem_mask_fill_1um,True,
od_no_nan,halt,128.tiff,0,hem_mask_fill_1um,True,
od_no_nan,halt,128.tiff,1,default_51,True,
od_no_nan,halt,128.tiff,1,default_51,True,
od_no_nan,halt,128.tiff,1,hem_rect_fill,True,
od_no_nan,halt,128.tiff,1,hem_rect_fill,True,
od_no_nan,halt,128.tiff,1,hem_rect_fill_1um,True,
od_no_nan,halt,128.tiff,1,hem_rect_fill_1um,True,
od_no_nan,halt,128.tiff,1,hem_mask_fill_1um,True,
od_no_nan,halt,128.tiff,1,hem_mask_fill_1um,True,
od_no_nan,halt,128.tiff,2,default_51,True,
od_no_nan,halt,128.tiff,2,default_51,True,
od_no_nan,halt,128.tiff,2,hem_rect_fill,True,
od_no_nan,halt,128.tiff,2,hem_rect_fill,True,
od_no_nan,halt,128.tiff,2,hem_rect_fill_1um,True,
od_no_nan,halt,128.tiff,2,hem_rect_fill_1um,True,
od_no_nan,halt,128.tiff,2,hem_mask_fill_1um,True,
od_no_nan,halt,128.tiff,2,hem_mask_fill_1um,True,
od_no_nan,halt,128.tiff,3,default_51,True,
od_no_nan,halt,128.tiff,3,default_51,True,
od_no_nan,halt,128.tiff,3,hem_rect_fill,True,
od_no_nan,halt,128.tiff,3,hem_rect_fill,True,
od_no_nan,halt,128.tiff,3,hem_rect_fill_1um,True,
od_no_nan,halt,128.tiff,3,hem_rect_fill_1um,True,
od_no_nan,halt,128.tiff,3,hem_mask_fill_1um,True,
od_no_nan,halt,128.tiff,3,hem_mask_fill_1um,True,
od_no_nan,halt,128.tiff,4,default_51,True,
od_no_nan,halt,128.tiff,4,default_51,True,
od_no_nan,halt,128.tiff,4,hem_rect_fill,True,
od_no_nan,halt,128.tiff,4,hem_rect_fill,True,
od_no_nan,halt,128.tiff,4,hem_rect_fill_1um,True,
od_no_nan,halt,128.tiff,4,hem_rect_fill_1um,True,
od_no_nan,halt,128.tiff,4,hem_mask_fill_1um,True,
od_no_nan,halt,128.tiff,4,hem_mask_fill_1um,True,
od_no_nan,halt,128.tiff,5,default_51,True,
od_no_nan,halt,128.tiff,5,default_51,True,
od_no_nan,halt,128.tiff,5,hem_rect_fill,True,
od_no_nan,halt,128.tiff,5,hem_rect_fill,True,
od_no_nan,halt,128.tiff,5,hem_rect_fill_1um,True,
od_no_nan,halt,128.tiff,5,hem_rect_fill_1um,True,
od_no_nan,halt,128.tiff,5,hem_mask_fill_1um,True,
od_no_nan,halt,128.tiff,5,hem_mask_fill_1um,True,
od_no_nan,halt,529.tiff,0,default_51,True,
od_no_nan,halt,529.tiff,0,default_51,True,
od_no_nan,halt,529.tiff,0,hem_rect_fill,True,
od_no_nan,halt,529.tiff,0,hem_rect_fill,True,
od_no_nan,halt,529.tiff,0,hem_rect_fill_1um,True,
od_no_nan,halt,529.tiff,0,hem_rect_fill_1um,True,
od_no_nan,halt,529.tiff,0,hem_mask_fill_1um,True,
od_no_nan,halt,529.tiff,0,hem_mask_fill_1um,True,
od_no_nan,halt,529.tiff,1,default_51,True,
od_no_nan,halt,529.tiff,1,default_51,True,
od_no_nan,halt,529.tiff,1,hem_rect_fill,True,
od_no_nan,halt,529.tiff,1,hem_rect_fill,True,
od_no_nan,halt,529.tiff,1,hem_rect_fill_1um,True,
od_no_nan,halt,529.tiff,1,hem_rect_fill_1um,True,
od_no_nan,halt,529.tiff,1,hem_mask_fill_1um,True,
od_no_nan,halt,529.tiff,1,hem_mask_fill_1um,True,
od_no_nan,halt,529.tiff,2,default_51,True,
od_no_nan,halt,529.tiff,2,default_51,True,
od_no_nan,halt,529.tiff,2,hem_rect_fill,True,
od_no_nan,halt,529.tiff,2,hem_rect_fill,True,
od_no_nan,halt,529.tiff,2,hem_rect_fill_1um,True,
od_no_nan,halt,529.tiff,2,hem_rect_fill_1um,True,
od_no_nan,halt,529.tiff,2,hem_mask_fill_1um,True,
od_no_nan,halt,529.tiff,2,hem_mask_fill_1um,True,
od_no_nan,halt,529.tiff,3,default_51,True,
od_no_nan,halt,529.tiff,3,default_51,True,
od_no_nan,halt,529.tiff,3,hem_rect_fill,True,
od_no_nan,halt,529.tiff,3,hem_rect_fill,True,
od_no_nan,halt,529.tiff,3,hem_rect_fill_1um,True,
od_no_nan,halt,529.tiff,3,hem_rect_fill_1um,True,
od_no_nan,halt,529.tiff,3,hem_mask_fill_1um,True,
od_no_nan,halt,529.tiff,3,hem_mask_fill_1um,True,
od_no_nan,halt,529.tiff,4,default_51,True,
od_no_nan,halt,529.tiff,4,default_51,True,
od_no_nan,halt,529.tiff,4,hem_rect_fill,True,
od_no_nan,halt,529.tiff,4,hem_rect_fill,True,
od_no_nan,halt,529.tiff,4,hem_rect_fill_1um,True,
od_no_nan,halt,529.tiff,4,hem_rect_fill_1um,True,
od_no_nan,halt,529.tiff,4,hem_mask_fill_1um,True,
od_no_nan,halt,529.tiff,4,hem_mask_fill_1um,True,
od_no_nan,halt,529.tiff,5,default_51,True,
od_no_nan,halt,529.tiff,5,default_51,True,
od_no_nan,halt,529.tiff,5,hem_rect_fill,True,
od_no_nan,halt,529.tiff,5,hem_rect_fill,True,
od_no_nan,halt,529.tiff,5,hem_rect_fill_1um,True,
od_no_nan,halt,529.tiff,5,hem_rect_fill_1um,True,
od_no_nan,halt,529.tiff,5,hem_mask_fill_1um,True,
od_no_nan,halt,529.tiff,5,hem_mask_fill_1um,True,
od_no_nan,halt,548.tiff,0,default_51,True,
od_no_nan,halt,548.tiff,0,default_51,True,
od_no_nan,halt,548.tiff,0,hem_rect_fill,True,
od_no_nan,halt,548.tiff,0,hem_rect_fill,True,
od_no_nan,halt,548.tiff,0,hem_rect_fill_1um,True,
od_no_nan,halt,548.tiff,0,hem_rect_fill_1um,True,
od_no_nan,halt,548.tiff,0,hem_mask_fill_1um,True,
od_no_nan,halt,548.tiff,0,hem_mask_fill_1um,True,
od_no_nan,halt,548.tiff,1,default_51,True,
od_no_nan,halt,548.tiff,1,default_51,True,
od_no_nan,halt,548.tiff,1,hem_rect_fill,True,
od_no_nan,halt,548.tiff,1,hem_rect_fill,True,
od_no_nan,halt,548.tiff,1,hem_rect_fill_1um,True,
od_no_nan,halt,548.tiff,1,hem_rect_fill_1um,True,
od_no_nan,halt,548.tiff,1,hem_mask_fill_1um,True,
od_no_nan,halt,548.tiff,1,hem_mask_fill_1um,True,
od_no_nan,halt,548.tiff,2,default_51,True,
od_no_nan,halt,548.tiff,2,default_51,True,
od_no_nan,halt,548.tiff,2,hem_rect_fill,True,
od_no_nan,halt,548.tiff,2,hem_rect_fill,True,
od_no_nan,halt,548.tiff,2,hem_rect_fill_1um,True,
od_no_nan,halt,548.tiff,2,hem_rect_fill_1um,True,
od_no_nan,halt,548.tiff,2,hem_mask_fill_1um,True,
od_no_nan,halt,548.tiff,2,hem_mask_fill_1um,True,
od_no_nan,halt,548.tiff,3,default_51,True,
od_no_nan,halt,548.tiff,3,default_51,True,
od_no_nan,halt,548.tiff,3,hem_rect_fill,True,
od_no_nan,halt,548.tiff,3,hem_rect_fill,True,
od_no_nan,halt,548.tiff,3,hem_rect_fill_1um,True,
od_no_nan,halt,548.tiff,3,hem_rect_fill_1um,True,
od_no_nan,halt,548.tiff,3,hem_mask_fill_1um,True,
od_no_nan,halt,548.tiff,3,hem_mask_fill_1um,True,
od_no_nan,halt,548.tiff,4,default_51,True,
od_no_nan,halt,548.tiff,4,default_51,True,
od_no_nan,halt,548.tiff,4,hem_rect_fill,True,
od_no_nan,halt,548.tiff,4,hem_rect_fill,True,
od_no_nan,halt,548.tiff,4,hem_rect_fill_1um,True,
od_no_nan,halt,548.tiff,4,hem_rect_fill_1um,True,
od_no_nan,halt,548.tiff,4,hem_mask_fill_1um,True,
od_no_nan,halt,548.tiff,4,hem_mask_fill_1um,True,
od_no_nan,halt,548.tiff,5,default_51,True,
od_no_nan,halt,548.tiff,5,default_51,True,
od_no_nan,halt,548.tiff,5,hem_rect_fill,True,
od_no_nan,halt,548.tiff,5,hem_rect_fill,True,
od_no_nan,halt,548.tiff,5,hem_rect_fill_1um,True,
od_no_nan,halt,548.tiff,5,hem_rect_fill_1um,True,
od_no_nan,halt,548.tiff,5,hem_mask_fill_1um,True,
od_no_nan,halt,548.tiff,5,hem_mask_fill_1um,True,
od_no_nan,halt,509.tiff,0,default_51,True,
od_no_nan,halt,509.tiff,0,default_51,True,
od_no_nan,halt,509.tiff,0,hem_rect_fill,True,
od_no_nan,halt,509.tiff,0,hem_rect_fill,True,
od_no_nan,halt,509.tiff,0,hem_rect_fill_1um,True,
od_no_nan,halt,509.tiff,0,hem_rect_fill_1um,True,
od_no_nan,halt,509.tiff,0,hem_mask_fill_1um,True,
od_no_nan,halt,509.tiff,0,hem_mask_fill_1um,True,
od_no_nan,halt,509.tiff,1,default_51,True,
od_no_nan,halt,509.tiff,1,default_51,True,
od_no_nan,halt,509.tiff,1,hem_rect_fill,True,
od_no_nan,halt,509.tiff,1,hem_rect_fill,True,
od_no_nan,halt,509.tiff,1,hem_rect_fill_1um,True,
od_no_nan,halt,509.tiff,1,hem_rect_fill_1um,True,
od_no_nan,halt,509.tiff,1,hem_mask_fill_1um,True,
od_no_nan,halt,509.tiff,1,hem_mask_fill_1um,True,
od_no_nan,halt,509.tiff,2,default_51,True,
od_no_nan,halt,509.tiff,2,default_51,True,
od_no_nan,halt,509.tiff,2,hem_rect_fill,True,
od_no_nan,halt,509.tiff,2,hem_rect_fill,True,
od_no_nan,halt,509.tiff,2,hem_rect_fill_1um,True,
od_no_nan,halt,509.tiff,2,hem_rect_fill_1um,True,
od_no_nan,halt,509.tiff,2,hem_mask_fill_1um,True,
od_no_nan,halt,509.tiff,2,hem_mask_fill_1um,True,
od_no_nan,halt,509.tiff,3,default_51,True,
od_no_nan,halt,509.tiff,3,default_51,True,
od_no_nan,halt,509.tiff,3,hem_rect_fill,True,
od_no_nan,halt,509.tiff,3,hem_rect_fill,True,
od_no_nan,halt,509.tiff,3,hem_rect_fill_1um,True,
od_no_nan,halt,509.tiff,3,hem_rect_fill_1um,True,
od_no_nan,halt,509.tiff,3,hem_mask_fill_1um,True,
od_no_nan,halt,509.tiff,3,hem_mask_fill_1um,True,
od_no_nan,halt,509.tiff,4,default_51,True,
od_no_nan,halt,509.tiff,4,default_51,True,
od_no_nan,halt,509.tiff,4,hem_rect_fill,True,
od_no_nan,halt,509.tiff,4,hem_rect_fill,True,
od_no_nan,halt,509.tiff,4,hem_rect_fill_1um,True,
od_no_nan,halt,509.tiff,4,hem_rect_fill_1um,True,
od_no_nan,halt,509.tiff,4,hem_mask_fill_1um,True,
od_no_nan,halt,509.tiff,4,hem_mask_fill_1um,True,
od_no_nan,halt,509.tiff,5,default_51,True,
od_no_nan,halt,509.tiff,5,default_51,True,
od_no_nan,halt,509.tiff,5,hem_rect_fill,True,
od_no_nan,halt,509.tiff,5,hem_rect_fill,True,
od_no_nan,halt,509.tiff,5,hem_rect_fill_1um,True,
od_no_nan,halt,509.tiff,5,hem_rect_fill_1um,True,
od_no_nan,halt,509.tiff,5,hem_mask_fill_1um,True,
od_no_nan,halt,509.tiff,5,hem_mask_fill_1um,True,
od_no_nan,halt,524.tiff,0,default_51,True,
od_no_nan,halt,524.tiff,0,default_51,True,
od_no_nan,halt,524.tiff,0,hem_rect_fill,True,
od_no_nan,halt,524.tiff,0,hem_rect_fill,True,
od_no_nan,halt,524.tiff,0,hem_rect_fill_1um,True,
od_no_nan,halt,524.tiff,0,hem_rect_fill_1um,True,
od_no_nan,halt,524.tiff,0,hem_mask_fill_1um,True,
od_no_nan,halt,524.tiff,0,hem_mask_fill_1um,True,
od_no_nan,halt,524.tiff,1,default_51,True,
od_no_nan,halt,524.tiff,1,default_51,True,
od_no_nan,halt,524.tiff,1,hem_rect_fill,True,
od_no_nan,halt,524.tiff,1,hem_rect_fill,True,
od_no_nan,halt,524.tiff,1,hem_rect_fill_1um,True,
od_no_nan,halt,524.tiff,1,hem_rect_fill_1um,True,
od_no_nan,halt,524.tiff,1,hem_mask_fill_1um,True,
od_no_nan,halt,524.tiff,1,hem_mask_fill_1um,True,
od_no_nan,halt,524.tiff,2,default_51,True,
od_no_nan,halt,524.tiff,2,default_51,True,
od_no_nan,halt,524.tiff,2,hem_rect_fill,True,
od_no_nan,halt,524.tiff,2,hem_rect_fill,True,
od_no_nan,halt,524.tiff,2,hem_rect_fill_1um,True,
od_no_nan,halt,524.tiff,2,hem_rect_fill_1um,True,
od_no_nan,halt,524.tiff,2,hem_mask_fill_1um,True,
od_no_nan,halt,524.tiff,2,hem_mask_fill_1um,True,
od_no_nan,halt,524.tiff,3,default_51,True,
od_no_nan,halt,524.tiff,3,default_51,True,
od_no_nan,halt,524.tiff,3,hem_rect_fill,True,
od_no_nan,halt,524.tiff,3,hem_rect_fill,True,
od_no_nan,halt,524.tiff,3,hem_rect_fill_1um,True,
od_no_nan,halt,524.tiff,3,hem_rect_fill_1um,True,
od_no_nan,halt,524.tiff,3,hem_mask_fill_1um,True,
od_no_nan,halt,524.tiff,3,hem_mask_fill_1um,True,
od_no_nan,halt,524.tiff,4,default_51,True,
od_no_nan,halt,524.tiff,4,default_51,True,
od_no_nan,halt,524.tiff,4,hem_rect_fill,True,
od_no_nan,halt,524.tiff,4,hem_rect_fill,True,
od_no_nan,halt,524.tiff,4,hem_rect_fill_1um,True,
od_no_nan,halt,524.tiff,4,hem_rect_fill_1um,True,
od_no_nan,halt,524.tiff,4,hem_mask_fill_1um,True,
od_no_nan,halt,524.tiff,4,hem_mask_fill_1um,True,
od_no_nan,halt,524.tiff,5,default_51,True,
od_no_nan,halt,524.tiff,5,default_51,True,
od_no_nan,halt,524.tiff,5,hem_rect_fill,True,
od_no_nan,halt,524.tiff,5,hem_rect_fill,True,
od_no_nan,halt,524.tiff,5,hem_rect_fill_1um,True,
od_no_nan,halt,524.tiff,5,hem_rect_fill_1um,True,
od_no_nan,halt,524.tiff,5,hem_mask_fill_1um,True,
od_no_nan,halt,524.tiff,5,hem_mask_fill_1um,True,
od_no_nan,halt,527.tiff,0,default_51,True,
od_no_nan,halt,527.tiff,0,default_51,True,
od_no_nan,halt,527.tiff,0,hem_rect_fill,True,
od_no_nan,halt,527.tiff,0,hem_rect_fill,True,
od_no_nan,halt,527.tiff,0,hem_rect_fill_1um,True,
od_no_nan,halt,527.tiff,0,hem_rect_fill_1um,True,
od_no_nan,halt,527.tiff,0,hem_mask_fill_1um,True,
od_no_nan,halt,527.tiff,0,hem_mask_fill_1um,True,
od_no_nan,halt,527.tiff,1,default_51,True,
od_no_nan,halt,527.tiff,1,default_51,True,
od_no_nan,halt,527.tiff,1,hem_rect_fill,True,
od_no_nan,halt,527.tiff,1,hem_rect_fill,True,
od_no_nan,halt,527.tiff,1,hem_rect_fill_1um,True,
od_no_nan,halt,527.tiff,1,hem_rect_fill_1um,True,
od_no_nan,halt,527.tiff,1,hem_mask_fill_1um,True,
od_no_nan,halt,527.tiff,1,hem_mask_fill_1um,True,
od_no_nan,halt,527.tiff,2,default_51,True,
od_no_nan,halt,527.tiff,2,default_51,True,
od_no_nan,halt,527.tiff,2,hem_rect_fill,True,
od_no_nan,halt,527.tiff,2,hem_rect_fill,True,
od_no_nan,halt,527.tiff,2,hem_rect_fill_1um,True,
od_no_nan,halt,527.tiff,2,hem_rect_fill_1um,True,
od_no_nan,halt,527.tiff,2,hem_mask_fill_1um,True,
od_no_nan,halt,527.tiff,2,hem_mask_fill_1um,True,
od_no_nan,halt,527.tiff,3,default_51,True,
od_no_nan,halt,527.tiff,3,default_51,True,
od_no_nan,halt,527.tiff,3,hem_rect_fill,True,
od_no_nan,halt,527.tiff,3,hem_rect_fill,True,
od_no_nan,halt,527.tiff,3,hem_rect_fill_1um,True,
od_no_nan,halt,527.tiff,3,hem_rect_fill_1um,True,
od_no_nan,halt,527.tiff,3,hem_mask_fill_1um,True,
od_no_nan,halt,527.tiff,3,hem_mask_fill_1um,True,
od_no_nan,halt,527.tiff,4,default_51,True,
od_no_nan,halt,527.tiff,4,default_51,True,
od_no_nan,halt,527.tiff,4,hem_rect_fill,True,
od_no_nan,halt,527.tiff,4,hem_rect_fill,True,
od_no_nan,halt,527.tiff,4,hem_rect_fill_1um,True,
od_no_nan,halt,527.tiff,4,hem_rect_fill_1um,True,
od_no_nan,halt,527.tiff,4,hem_mask_fill_1um,True,
od_no_nan,halt,527.tiff,4,hem_mask_fill_1um,True,
od_no_nan,halt,527.tiff,5,default_51,True,
od_no_nan,halt,527.tiff,5,default_51,True,
od_no_nan,halt,527.tiff,5,hem_rect_fill,True,
od_no_nan,halt,527.tiff,5,hem_rect_fill,True,
od_no_nan,halt,527.tiff,5,hem_rect_fill_1um,True,
od_no_nan,halt,527.tiff,5,hem_rect_fill_1um,True,
od_no_nan,halt,527.tiff,5,hem_mask_fill_1um,True,
od_no_nan,halt,527.tiff,5,hem_mask_fill_1um,True,
od_no_nan,halt,546.tiff,0,default_51,True,
od_no_nan,halt,546.tiff,0,default_51,True,
od_no_nan,halt,546.tiff,0,hem_rect_fill,True,
od_no_nan,halt,546.tiff,0,hem_rect_fill,True,
od_no_nan,halt,546.tiff,0,hem_rect_fill_1um,True,
od_no_nan,halt,546.tiff,0,hem_rect_fill_1um,True,
od_no_nan,halt,546.tiff,0,hem_mask_fill_1um,True,
od_no_nan,halt,546.tiff,0,hem_mask_fill_1um,True,
od_no_nan,halt,546.tiff,1,default_51,True,
od_no_nan,halt,546.tiff,1,default_51,True,
od_no_nan,halt,546.tiff,1,hem_rect_fill,True,
od_no_nan,halt,546.tiff,1,hem_rect_fill,True,
od_no_nan,halt,546.tiff,1,hem_rect_fill_1um,True,
od_no_nan,halt,546.tiff,1,hem_rect_fill_1um,True,
od_no_nan,halt,546.tiff,1,hem_mask_fill_1um,True,
od_no_nan,halt,546.tiff,1,hem_mask_fill_1um,True,
od_no_nan,halt,546.tiff,2,default_51,True,
od_no_nan,halt,546.tiff,2,default_51,True,
od_no_nan,halt,546.tiff,2,hem_rect_fill,True,
od_no_nan,halt,546.tiff,2,hem_rect_fill,True,
od_no_nan,halt,546.tiff,2,hem_rect_fill_1um,True,
od_no_nan,halt,546.tiff,2,hem_rect_fill_1um,True,
od_no_nan,halt,546.tiff,2,hem_mask_fill_1um,True,
od_no_nan,halt,546.tiff,2,hem_mask_fill_1um,True,
od_no_nan,halt,546.tiff,3,default_51,True,
od_no_nan,halt,546.tiff,3,default_51,True,
od_no_nan,halt,546.tiff,3,hem_rect_fill,True,
od_no_nan,halt,546.tiff,3,hem_rect_fill,True,
od_no_nan,halt,546.tiff,3,hem_rect_fill_1um,True,
od_no_nan,halt,546.tiff,3,hem_rect_fill_1um,True,
od_no_nan,halt,546.tiff,3,hem_mask_fill_1um,True,
od_no_nan,halt,546.tiff,3,hem_mask_fill_1um,True,
od_no_nan,halt,546.tiff,4,default_51,True,
od_no_nan,halt,546.tiff,4,default_51,True,
od_no_nan,halt,546.tiff,4,hem_rect_fill,True,
od_no_nan,halt,546.tiff,4,hem_rect_fill,True,
od_no_nan,halt,546.tiff,4,hem_rect_fill_1um,True,
od_no_nan,halt,546.tiff,4,hem_rect_fill_1um,True,
od_no_nan,halt,546.tiff,4,hem_mask_fill_1um,True,
od_no_nan,halt,546.tiff,4,hem_mask_fill_1um,True,
od_no_nan,halt,546.tiff,5,default_51,True,
od_no_nan,halt,546.tiff,5,default_51,True,
od_no_nan,halt,546.tiff,5,hem_rect_fill,True,
od_no_nan,halt,546.tiff,5,hem_rect_fill,True,
od_no_nan,halt,546.tiff,5,hem_rect_fill_1um,True,
od_no_nan,halt,546.tiff,5,hem_rect_fill_1um,True,
od_no_nan,halt,546.tiff,5,hem_mask_fill_1um,True,
od_no_nan,halt,546.tiff,5,hem_mask_fill_1um,True,
od_no_nan,halt,549.tiff,0,default_51,True,
od_no_nan,halt,549.tiff,0,default_51,True,
od_no_nan,halt,549.tiff,0,hem_rect_fill,True,
od_no_nan,halt,549.tiff,0,hem_rect_fill,True,
od_no_nan,halt,549.tiff,0,hem_rect_fill_1um,True,
od_no_nan,halt,549.tiff,0,hem_rect_fill_1um,True,
od_no_nan,halt,549.tiff,0,hem_mask_fill_1um,True,
od_no_nan,halt,549.tiff,0,hem_mask_fill_1um,True,
od_no_nan,halt,549.tiff,1,default_51,True,
od_no_nan,halt,549.tiff,1,default_51,True,
od_no_nan,halt,549.tiff,1,hem_rect_fill,True,
od_no_nan,halt,549.tiff,1,hem_rect_fill,True,
od_no_nan,halt,549.tiff,1,hem_rect_fill_1um,True,
od_no_nan,halt,549.tiff,1,hem_rect_fill_1um,True,
od_no_nan,halt,549.tiff,1,hem_mask_fill_1um,True,
od_no_nan,halt,549.tiff,1,hem_mask_fill_1um,True,
od_no_nan,halt,549.tiff,2,default_51,True,
od_no_nan,halt,549.tiff,2,default_51,True,
od_no_nan,halt,549.tiff,2,hem_rect_fill,True,
od_no_nan,halt,549.tiff,2,hem_rect_fill,True,
od_no_nan,halt,549.tiff,2,hem_rect_fill_1um,True,
od_no_nan,halt,549.tiff,2,hem_rect_fill_1um,True,
od_no_nan,halt,549.tiff,2,hem_mask_fill_1um,True,
od_no_nan,halt,549.tiff,2,hem_mask_fill_1um,True,
od_no_nan,halt,549.tiff,3,default_51,True,
od_no_nan,halt,549.tiff,3,default_51,True,
od_no_nan,halt,549.tiff,3,hem_rect_fill,True,
od_no_nan,halt,549.tiff,3,hem_rect_fill,True,
od_no_nan,halt,549.tiff,3,hem_rect_fill_1um,True,
od_no_nan,halt,549.tiff,3,hem_rect_fill_1um,True,
od_no_nan,halt,549.tiff,3,hem_mask_fill_1um,True,
od_no_nan,halt,549.tiff,3,hem_mask_fill_1um,True,
od_no_nan,halt,549.tiff,4,default_51,True,
od_no_nan,halt,549.tiff,4,default_51,True,
od_no_nan,halt,549.tiff,4,hem_rect_fill,True,
od_no_nan,halt,549.tiff,4,hem_rect_fill,True,
od_no_nan,halt,549.tiff,4,hem_rect_fill_1um,True,
od_no_nan,halt,549.tiff,4,hem_rect_fill_1um,True,
od_no_nan,halt,549.tiff,4,hem_mask_fill_1um,True,
od_no_nan,halt,549.tiff,4,hem_mask_fill_1um,True,
od_no_nan,halt,549.tiff,5,default_51,True,
od_no_nan,halt,549.tiff,5,default_51,True,
od_no_nan,halt,549.tiff,5,hem_rect_fill,True,
od_no_nan,halt,549.tiff,5,hem_rect_fill,True,
od_no_nan,halt,549.tiff,5,hem_rect_fill_1um,True,
od_no_nan,halt,549.tiff,5,hem_rect_fill_1um,True,
od_no_nan,halt,549.tiff,5,hem_mask_fill_1um,True,
od_no_nan,halt,549.tiff,5,hem_mask_fill_1um,True,
od_no_nan,halt,402.tiff,0,default_51,True,
od_no_nan,halt,402.tiff,0,default_51,True,
od_no_nan,halt,402.tiff,0,hem_rect_fill,True,
od_no_nan,halt,402.tiff,0,hem_rect_fill,True,
od_no_nan,halt,402.tiff,0,hem_rect_fill_1um,True,
od_no_nan,halt,402.tiff,0,hem_rect_fill_1um,True,
od_no_nan,halt,402.tiff,0,hem_mask_fill_1um,True,
od_no_nan,halt,402.tiff,0,hem_mask_fill_1um,True,
od_no_nan,halt,402.tiff,1,default_51,True,
od_no_nan,halt,402.tiff,1,default_51,True,
od_no_nan,halt,402.tiff,1,hem_rect_fill,True,
od_no_nan,halt,402.tiff,1,hem_rect_fill,True,
od_no_nan,halt,402.tiff,1,hem_rect_fill_1um,True,
od_no_nan,halt,402.tiff,1,hem_rect_fill_1um,True,
od_no_nan,halt,402.tiff,1,hem_mask_fill_1um,True,
od_no_nan,halt,402.tiff,1,hem_mask_fill_1um,True,
od_no_nan,halt,402.tiff,2,default_51,True,
od_no_nan,halt,402.tiff,2,default_51,True,
od_no_nan,halt,402.tiff,2,hem_rect_fill,True,
od_no_nan,halt,402.tiff,2,hem_rect_fill,True,
od_no_nan,halt,402.tiff,2,hem_rect_fill_1um,True,
od_no_nan,halt,402.tiff,2,hem_rect_fill_1um,True,
od_no_nan,halt,402.tiff,2,hem_mask_fill_1um,True,
od_no_nan,halt,402.tiff,2,hem_mask_fill_1um,True,
od_no_nan,halt,402.tiff,3,default_51,True,
od_no_nan,halt,402.tiff,3,default_51,True,
od_no_nan,halt,402.tiff,3,hem_rect_fill,True,
od_no_nan,halt,402.tiff,3,hem_rect_fill,True,
od_no_nan,halt,402.tiff,3,hem_rect_fill_1um,True,
od_no_nan,halt,402.tiff,3,hem_rect_fill_1um,True,
od_no_nan,halt,402.tiff,3,hem_mask_fill_1um,True,
od_no_nan,halt,402.tiff,3,hem_mask_fill_1um,True,
od_no_nan,halt,402.tiff,4,default_51,True,
od_no_nan,halt,402.tiff,4,default_51,True,
od_no_nan,halt,402.tiff,4,hem_rect_fill,True,
od_no_nan,halt,402.tiff,4,hem_rect_fill,True,
od_no_nan,halt,402.tiff,4,hem_rect_fill_1um,True,
od_no_nan,halt,402.tiff,4,hem_rect_fill_1um,True,
od_no_nan,halt,402.tiff,4,hem_mask_fill_1um,True,
od_no_nan,halt,402.tiff,4,hem_mask_fill_1um,True,
od_no_nan,halt,402.tiff,5,default_51,True,
od_no_nan,halt,402.tiff,5,default_51,True,
od_no_nan,halt,402.tiff,5,hem_rect_fill,True,
od_no_nan,halt,402.tiff,5,hem_rect_fill,True,
od_no_nan,halt,402.tiff,5,hem_rect_fill_1um,True,
od_no_nan,halt,402.tiff,5,hem_rect_fill_1um,True,
od_no_nan,halt,402.tiff,5,hem_mask_fill_1um,True,
od_no_nan,halt,402.tiff,5,hem_mask_fill_1um,True,
od_no_nan,halt,403.tiff,0,default_51,True,
od_no_nan,halt,403.tiff,0,default_51,True,
od_no_nan,halt,403.tiff,0,hem_rect_fill,True,
od_no_nan,halt,403.tiff,0,hem_rect_fill,True,
od_no_nan,halt,403.tiff,0,hem_rect_fill_1um,True,
od_no_nan,halt,403.tiff,0,hem_rect_fill_1um,True,
od_no_nan,halt,403.tiff,0,hem_mask_fill_1um,True,
od_no_nan,halt,403.tiff,0,hem_mask_fill_1um,True,
od_no_nan,halt,403.tiff,1,default_51,True,
od_no_nan,halt,403.tiff,1,default_51,True,
od_no_nan,halt,403.tiff,1,hem_rect_fill,True,
od_no_nan,halt,403.tiff,1,hem_rect_fill,True,
od_no_nan,halt,403.tiff,1,hem_rect_fill_1um,True,
od_no_nan,halt,403.tiff,1,hem_rect_fill_1um,True,
od_no_nan,halt,403.tiff,1,hem_mask_fill_1um,True,
od_no_nan,halt,403.tiff,1,hem_mask_fill_1um,True,
od_no_nan,halt,403.tiff,2,default_51,True,
od_no_nan,halt,403.tiff,2,default_51,True,
od_no_nan,halt,403.tiff,2,hem_rect_fill,True,
od_no_nan,halt,403.tiff,2,hem_rect_fill,True,
od_no_nan,halt,403.tiff,2,hem_rect_fill_1um,True,
od_no_nan,halt,403.tiff,2,hem_rect_fill_1um,True,
od_no_nan,halt,403.tiff,2,hem_mask_fill_1um,True,
od_no_nan,halt,403.tiff,2,hem_mask_fill_1um,True,
od_no_nan,halt,403.tiff,3,default_51,True,
od_no_nan,halt,403.tiff,3,default_51,True,
od_no_nan,halt,403.tiff,3,hem_rect_fill,True,
od_no_nan,halt,403.tiff,3,hem_rect_fill,True,
od_no_nan,halt,403.tiff,3,hem_rect_fill_1um,True,
od_no_nan,halt,403.tiff,3,hem_rect_fill_1um,True,
od_no_nan,halt,403.tiff,3,hem_mask_fill_1um,True,
od_no_nan,halt,403.tiff,3,hem_mask_fill_1um,True,
od_no_nan,halt,403.tiff,4,default_51,True,
od_no_nan,halt,403.tiff,4,default_51,True,
od_no_nan,halt,403.tiff,4,hem_rect_fill,True,
od_no_nan,halt,403.tiff,4,hem_rect_fill,True,
od_no_nan,halt,403.tiff,4,hem_rect_fill_1um,True,
od_no_nan,halt,403.tiff,4,hem_rect_fill_1um,True,
od_no_nan,halt,403.tiff,4,hem_mask_fill_1um,True,
od_no_nan,halt,403.tiff,4,hem_mask_fill_1um,True,
od_no_nan,halt,403.tiff,5,default_51,True,
od_no_nan,halt,403.tiff,5,default_51,True,
od_no_nan,halt,403.tiff,5,hem_rect_fill,True,
od_no_nan,halt,403.tiff,5,hem_rect_fill,True,
od_no_nan,halt,403.tiff,5,hem_rect_fill_1um,True,
od_no_nan,halt,403.tiff,5,hem_rect_fill_1um,True,
od_no_nan,halt,403.tiff,5,hem_mask_fill_1um,True,
od_no_nan,halt,403.tiff,5,hem_mask_fill_1um,True,
od_no_nan,halt,353.tiff,0,default_51,True,
od_no_nan,halt,353.tiff,0,default_51,True,
od_no_nan,halt,353.tiff,0,hem_rect_fill,True,
od_no_nan,halt,353.tiff,0,hem_rect_fill,True,
od_no_nan,halt,353.tiff,0,hem_rect_fill_1um,True,
od_no_nan,halt,353.tiff,0,hem_rect_fill_1um,True,
od_no_nan,halt,353.tiff,0,hem_mask_fill_1um,True,
od_no_nan,halt,353.tiff,0,hem_mask_fill_1um,True,
od_no_nan,halt,353.tiff,1,default_51,True,
od_no_nan,halt,353.tiff,1,default_51,True,
od_no_nan,halt,353.tiff,1,hem_rect_fill,True,
od_no_nan,halt,353.tiff,1,hem_rect_fill,True,
od_no_nan,halt,353.tiff,1,hem_rect_fill_1um,True,
od_no_nan,halt,353.tiff,1,hem_rect_fill_1um,True,
od_no_nan,halt,353.tiff,1,hem_mask_fill_1um,True,
od_no_nan,halt,353.tiff,1,hem_mask_fill_1um,True,
od_no_nan,halt,353.tiff,2,default_51,True,
od_no_nan,halt,353.tiff,2,default_51,True,
od_no_nan,halt,353.tiff,2,hem_rect_fill,True,
od_no_nan,halt,353.tiff,2,hem_rect_fill,True,
od_no_nan,halt,353.tiff,2,hem_rect_fill_1um,True,
od_no_nan,halt,353.tiff,2,hem_rect_fill_1um,True,
od_no_nan,halt,353.tiff,2,hem_mask_fill_1um,True,
od_no_nan,halt,353.tiff,2,hem_mask_fill_1um,True,
od_no_nan,halt,353.tiff,3,default_51,True,
od_no_nan,halt,353.tiff,3,default_51,True,
od_no_nan,halt,353.tiff,3,hem_rect_fill,True,
od_no_nan,halt,353.tiff,3,hem_rect_fill,True,
od_no_nan,halt,353.tiff,3,hem_rect_fill_1um,True,
od_no_nan,halt,353.tiff,3,hem_rect_fill_1um,True,
od_no_nan,halt,353.tiff,3,hem_mask_fill_1um,True,
od_no_nan,halt,353.tiff,3,hem_mask_fill_1um,True,
od_no_nan,halt,353.tiff,4,default_51,True,
od_no_nan,halt,353.tiff,4,default_51,True,
od_no_nan,halt,353.tiff,4,hem_rect_fill,True,
od_no_nan,halt,353.tiff,4,hem_rect_fill,True,
od_no_nan,halt,353.tiff,4,hem_rect_fill_1um,True,
od_no_nan,halt,353.tiff,4,hem_rect_fill_1um,True,
od_no_nan,halt,353.tiff,4,hem_mask_fill_1um,True,
od_no_nan,halt,353.tiff,4,hem_mask_fill_1um,True,
od_no_nan,halt,353.tiff,5,default_51,True,
od_no_nan,halt,353.tiff,5,default_51,True,
od_no_nan,halt,353.tiff,5,hem_rect_fill,True,
od_no_nan,halt,353.tiff,5,hem_rect_fill,True,
od_no_nan,halt,353.tiff,5,hem_rect_fill_1um,True,
od_no_nan,halt,353.tiff,5,hem_rect_fill_1um,True,
od_no_nan,halt,353.tiff,5,hem_mask_fill_1um,True,
od_no_nan,halt,353.tiff,5,hem_mask_fill_1um,True,
od_no_nan,halt,364.tiff,0,default_51,True,
od_no_nan,halt,364.tiff,0,default_51,True,
od_no_nan,halt,364.tiff,0,hem_rect_fill,True,
od_no_nan,halt,364.tiff,0,hem_rect_fill,True,
od_no_nan,halt,364.tiff,0,hem_rect_fill_1um,True,
od_no_nan,halt,364.tiff,0,hem_rect_fill_1um,True,
od_no_nan,halt,364.tiff,0,hem_mask_fill_1um,True,
od_no_nan,halt,364.tiff,0,hem_mask_fill_1um,True,
od_no_nan,halt,364.tiff,1,default_51,True,
od_no_nan,halt,364.tiff,1,default_51,True,
od_no_nan,halt,364.tiff,1,hem_rect_fill,True,
od_no_nan,halt,364.tiff,1,hem_rect_fill,True,
od_no_nan,halt,364.tiff,1,hem_rect_fill_1um,True,
od_no_nan,halt,364.tiff,1,hem_rect_fill_1um,True,
od_no_nan,halt,364.tiff,1,hem_mask_fill_1um,True,
od_no_nan,halt,364.tiff,1,hem_mask_fill_1um,True,
od_no_nan,halt,364.tiff,2,default_51,True,
od_no_nan,halt,364.tiff,2,default_51,True,
od_no_nan,halt,364.tiff,2,hem_rect_fill,True,
od_no_nan,halt,364.tiff,2,hem_rect_fill,True,
od_no_nan,halt,364.tiff,2,hem_rect_fill_1um,True,
od_no_nan,halt,364.tiff,2,hem_rect_fill_1um,True,
od_no_nan,halt,364.tiff,2,hem_mask_fill_1um,True,
od_no_nan,halt,364.tiff,2,hem_mask_fill_1um,True,
od_no_nan,halt,364.tiff,3,default_51,True,
od_no_nan,halt,364.tiff,3,default_51,True,
od_no_nan,halt,364.tiff,3,hem_rect_fill,True,
od_no_nan,halt,364.tiff,3,hem_rect_fill,True,
od_no_nan,halt,364.tiff,3,hem_rect_fill_1um,True,
od_no_nan,halt,364.tiff,3,hem_rect_fill_1um,True,
od_no_nan,halt,364.tiff,3,hem_mask_fill_1um,True,
od_no_nan,halt,364.tiff,3,hem_mask_fill_1um,True,
od_no_nan,halt,364.tiff,4,default_51,True,
od_no_nan,halt,364.tiff,4,default_51,True,
od_no_nan,halt,364.tiff,4,hem_rect_fill,True,
od_no_nan,halt,364.tiff,4,hem_rect_fill,True,
od_no_nan,halt,364.tiff,4,hem_rect_fill_1um,True,
od_no_nan,halt,364.tiff,4,hem_rect_fill_1um,True,
od_no_nan,halt,364.tiff,4,hem_mask_fill_1um,True,
od_no_nan,halt,364.tiff,4,hem_mask_fill_1um,True,
od_no_nan,halt,364.tiff,5,default_51,True,
od_no_nan,halt,364.tiff,5,default_51,True,
od_no_nan,halt,364.tiff,5,hem_rect_fill,True,
od_no_nan,halt,364.tiff,5,hem_rect_fill,True,
od_no_nan,halt,364.tiff,5,hem_rect_fill_1um,True,
od_no_nan,halt,364.tiff,5,hem_rect_fill_1um,True,
od_no_nan,halt,364.tiff,5,hem_mask_fill_1um,True,
od_no_nan,halt,364.tiff,5,hem_mask_fill_1um,True,
od_no_nan,halt,400.tiff,0,default_51,True,
od_no_nan,halt,400.tiff,0,default_51,True,
od_no_nan,halt,400.tiff,0,hem_rect_fill,True,
od_no_nan,halt,400.tiff,0,hem_rect_fill,True,
od_no_nan,halt,400.tiff,0,hem_rect_fill_1um,True,
od_no_nan,halt,400.tiff,0,hem_rect_fill_1um,True,
od_no_nan,halt,400.tiff,0,hem_mask_fill_1um,True,
od_no_nan,halt,400.tiff,0,hem_mask_fill_1um,True,
od_no_nan,halt,400.tiff,1,default_51,True,
od_no_nan,halt,400.tiff,1,default_51,True,
od_no_nan,halt,400.tiff,1,hem_rect_fill,True,
od_no_nan,halt,400.tiff,1,hem_rect_fill,True,
od_no_nan,halt,400.tiff,1,hem_rect_fill_1um,True,
od_no_nan,halt,400.tiff,1,hem_rect_fill_1um,True,
od_no_nan,halt,400.tiff,1,hem_mask_fill_1um,True,
od_no_nan,halt,400.tiff,1,hem_mask_fill_1um,True,
od_no_nan,halt,400.tiff,2,default_51,True,
od_no_nan,halt,400.tiff,2,default_51,True,
od_no_nan,halt,400.tiff,2,hem_rect_fill,True,
od_no_nan,halt,400.tiff,2,hem_rect_fill,True,
od_no_nan,halt,400.tiff,2,hem_rect_fill_1um,True,
od_no_nan,halt,400.tiff,2,hem_rect_fill_1um,True,
od_no_nan,halt,400.tiff,2,hem_mask_fill_1um,True,
od_no_nan,halt,400.tiff,2,hem_mask_fill_1um,True,
od_no_nan,halt,400.tiff,3,default_51,True,
od_no_nan,halt,400.tiff,3,default_51,True,
od_no_nan,halt,400.tiff,3,hem_rect_fill,True,
od_no_nan,halt,400.tiff,3,hem_rect_fill,True,
od_no_nan,halt,400.tiff,3,hem_rect_fill_1um,True,
od_no_nan,halt,400.tiff,3,hem_rect_fill_1um,True,
od_no_nan,halt,400.tiff,3,hem_mask_fill_1um,True,
od_no_nan,halt,400.tiff,3,hem_mask_fill_1um,True,
od_no_nan,halt,400.tiff,4,default_51,True,
od_no_nan,halt,400.tiff,4,default_51,True,
od_no_nan,halt,400.tiff,4,hem_rect_fill,True,
od_no_nan,halt,400.tiff,4,hem_rect_fill,True,
od_no_nan,halt,400.tiff,4,hem_rect_fill_1um,True,
od_no_nan,halt,400.tiff,4,hem_rect_fill_1um,True,
od_no_nan,halt,400.tiff,4,hem_mask_fill_1um,True,
od_no_nan,halt,400.tiff,4,hem_mask_fill_1um,True,
od_no_nan,halt,400.tiff,5,default_51,True,
od_no_nan,halt,400.tiff,5,default_51,True,
od_no_nan,halt,400.tiff,5,hem_rect_fill,True,
od_no_nan,halt,400.tiff,5,hem_rect_fill,True,
od_no_nan,halt,400.tiff,5,hem_rect_fill_1um,True,
od_no_nan,halt,400.tiff,5,hem_rect_fill_1um,True,
od_no_nan,halt,400.tiff,5,hem_mask_fill_1um,True,
od_no_nan,halt,400.tiff,5,hem_mask_fill_1um,True,
od_no_nan,halt,401.tiff,0,default_51,True,
od_no_nan,halt,401.tiff,0,default_51,True,
od_no_nan,halt,401.tiff,0,hem_rect_fill,True,
od_no_nan,halt,401.tiff,0,hem_rect_fill,True,
od_no_nan,halt,401.tiff,0,hem_rect_fill_1um,True,
od_no_nan,halt,401.tiff,0,hem_rect_fill_1um,True,
od_no_nan,halt,401.tiff,0,hem_mask_fill_1um,True,
od_no_nan,halt,401.tiff,0,hem_mask_fill_1um,True,
od_no_nan,halt,401.tiff,1,default_51,True,
od_no_nan,halt,401.tiff,1,default_51,True,
od_no_nan,halt,401.tiff,1,hem_rect_fill,True,
od_no_nan,halt,401.tiff,1,hem_rect_fill,True,
od_no_nan,halt,401.tiff,1,hem_rect_fill_1um,True,
od_no_nan,halt,401.tiff,1,hem_rect_fill_1um,True,
od_no_nan,halt,401.tiff,1,hem_mask_fill_1um,True,
od_no_nan,halt,401.tiff,1,hem_mask_fill_1um,True,
od_no_nan,halt,401.tiff,2,default_51,True,
od_no_nan,halt,401.tiff,2,default_51,True,
od_no_nan,halt,401.tiff,2,hem_rect_fill,True,
od_no_nan,halt,401.tiff,2,hem_rect_fill,True,
od_no_nan,halt,401.tiff,2,hem_rect_fill_1um,True,
od_no_nan,halt,401.tiff,2,hem_rect_fill_1um,True,
od_no_nan,halt,401.tiff,2,hem_mask_fill_1um,True,
od_no_nan,halt,401.tiff,2,hem_mask_fill_1um,True,
od_no_nan,halt,401.tiff,3,default_51,True,
od_no_nan,halt,401.tiff,3,default_51,True,
od_no_nan,halt,401.tiff,3,hem_rect_fill,True,
od_no_nan,halt,401.tiff,3,hem_rect_fill,True,
od_no_nan,halt,401.tiff,3,hem_rect_fill_1um,True,
od_no_nan,halt,401.tiff,3,hem_rect_fill_1um,True,
od_no_nan,halt,401.tiff,3,hem_mask_fill_1um,True,
od_no_nan,halt,401.tiff,3,hem_mask_fill_1um,True,
od_no_nan,halt,401.tiff,4,default_51,True,
od_no_nan,halt,401.tiff,4,default_51,True,
od_no_nan,halt,401.tiff,4,hem_rect_fill,True,
od_no_nan,halt,401.tiff,4,hem_rect_fill,True,
od_no_nan,halt,401.tiff,4,hem_rect_fill_1um,True,
od_no_nan,halt,401.tiff,4,hem_rect_fill_1um,True,
od_no_nan,halt,401.tiff,4,hem_mask_fill_1um,True,
od_no_nan,halt,401.tiff,4,hem_mask_fill_1um,True,
od_no_nan,halt,401.tiff,5,default_51,True,
od_no_nan,halt,401.tiff,5,default_51,True,
od_no_nan,halt,401.tiff,5,hem_rect_fill,True,
od_no_nan,halt,401.tiff,5,hem_rect_fill,True,
od_no_nan,halt,401.tiff,5,hem_rect_fill_1um,True,
od_no_nan,halt,401.tiff,5,hem_rect_fill_1um,True,
od_no_nan,halt,401.tiff,5,hem_mask_fill_1um,True,
od_no_nan,halt,401.tiff,5,hem_mask_fill_1um,True,
od_no_nan,halt,404.tiff,0,default_51,True,
od_no_nan,halt,404.tiff,0,default_51,True,
od_no_nan,halt,404.tiff,0,hem_rect_fill,True,
od_no_nan,halt,404.tiff,0,hem_rect_fill,True,
od_no_nan,halt,404.tiff,0,hem_rect_fill_1um,True,
od_no_nan,halt,404.tiff,0,hem_rect_fill_1um,True,
od_no_nan,halt,404.tiff,0,hem_mask_fill_1um,True,
od_no_nan,halt,404.tiff,0,hem_mask_fill_1um,True,
od_no_nan,halt,404.tiff,1,default_51,True,
od_no_nan,halt,404.tiff,1,default_51,True,
od_no_nan,halt,404.tiff,1,hem_rect_fill,True,
od_no_nan,halt,404.tiff,1,hem_rect_fill,True,
od_no_nan,halt,404.tiff,1,hem_rect_fill_1um,True,
od_no_nan,halt,404.tiff,1,hem_rect_fill_1um,True,
od_no_nan,halt,404.tiff,1,hem_mask_fill_1um,True,
od_no_nan,halt,404.tiff,1,hem_mask_fill_1um,True,
od_no_nan,halt,404.tiff,2,default_51,True,
od_no_nan,halt,404.tiff,2,default_51,True,
od_no_nan,halt,404.tiff,2,hem_rect_fill,True,
od_no_nan,halt,404.tiff,2,hem_rect_fill,True,
od_no_nan,halt,404.tiff,2,hem_rect_fill_1um,True,
od_no_nan,halt,404.tiff,2,hem_rect_fill_1um,True,
od_no_nan,halt,404.tiff,2,hem_mask_fill_1um,True,
od_no_nan,halt,404.tiff,2,hem_mask_fill_1um,True,
od_no_nan,halt,404.tiff,3,default_51,True,
od_no_nan,halt,404.tiff,3,default_51,True,
od_no_nan,halt,404.tiff,3,hem_rect_fill,True,
od_no_nan,halt,404.tiff,3,hem_rect_fill,True,
od_no_nan,halt,404.tiff,3,hem_rect_fill_1um,True,
od_no_nan,halt,404.tiff,3,hem_rect_fill_1um,True,
od_no_nan,halt,404.tiff,3,hem_mask_fill_1um,True,
od_no_nan,halt,404.tiff,3,hem_mask_fill_1um,True,
od_no_nan,halt,404.tiff,4,default_51,True,
od_no_nan,halt,404.tiff,4,default_51,True,
od_no_nan,halt,404.tiff,4,hem_rect_fill,True,
od_no_nan,halt,404.tiff,4,hem_rect_fill,True,
od_no_nan,halt,404.tiff,4,hem_rect_fill_1um,True,
od_no_nan,halt,404.tiff,4,hem_rect_fill_1um,True,
od_no_nan,halt,404.tiff,4,hem_mask_fill_1um,True,
od_no_nan,halt,404.tiff,4,hem_mask_fill_1um,True,
od_no_nan,halt,404.tiff,5,default_51,True,
od_no_nan,halt,404.tiff,5,default_51,True,
od_no_nan,halt,404.tiff,5,hem_rect_fill,True,
od_no_nan,halt,404.tiff,5,hem_rect_fill,True,
od_no_nan,halt,404.tiff,5,hem_rect_fill_1um,True,
od_no_nan,halt,404.tiff,5,hem_rect_fill_1um,True,
od_no_nan,halt,404.tiff,5,hem_mask_fill_1um,True,
od_no_nan,halt,404.tiff,5,hem_mask_fill_1um,True,
rank_key_descending,halt,300.tiff,0,default_51,True,chromatin_od sorted
rank_key_descending,halt,300.tiff,0,default_51,True,tm_score sorted
rank_key_descending,halt,300.tiff,0,hem_rect_fill,True,chromatin_od sorted
rank_key_descending,halt,300.tiff,0,hem_rect_fill,True,tm_score sorted
rank_key_descending,halt,300.tiff,0,hem_rect_fill_1um,True,chromatin_od sorted
rank_key_descending,halt,300.tiff,0,hem_rect_fill_1um,True,tm_score sorted
rank_key_descending,halt,300.tiff,0,hem_mask_fill_1um,True,chromatin_od sorted
rank_key_descending,halt,300.tiff,0,hem_mask_fill_1um,True,tm_score sorted
rank_key_descending,halt,300.tiff,1,default_51,True,chromatin_od sorted
rank_key_descending,halt,300.tiff,1,default_51,True,tm_score sorted
rank_key_descending,halt,300.tiff,1,hem_rect_fill,True,chromatin_od sorted
rank_key_descending,halt,300.tiff,1,hem_rect_fill,True,tm_score sorted
rank_key_descending,halt,300.tiff,1,hem_rect_fill_1um,True,chromatin_od sorted
rank_key_descending,halt,300.tiff,1,hem_rect_fill_1um,True,tm_score sorted
rank_key_descending,halt,300.tiff,1,hem_mask_fill_1um,True,chromatin_od sorted
rank_key_descending,halt,300.tiff,1,hem_mask_fill_1um,True,tm_score sorted
rank_key_descending,halt,300.tiff,2,default_51,True,chromatin_od sorted
rank_key_descending,halt,300.tiff,2,default_51,True,tm_score sorted
rank_key_descending,halt,300.tiff,2,hem_rect_fill,True,chromatin_od sorted
rank_key_descending,halt,300.tiff,2,hem_rect_fill,True,tm_score sorted
rank_key_descending,halt,300.tiff,2,hem_rect_fill_1um,True,chromatin_od sorted
rank_key_descending,halt,300.tiff,2,hem_rect_fill_1um,True,tm_score sorted
rank_key_descending,halt,300.tiff,2,hem_mask_fill_1um,True,chromatin_od sorted
rank_key_descending,halt,300.tiff,2,hem_mask_fill_1um,True,tm_score sorted
rank_key_descending,halt,300.tiff,3,default_51,True,chromatin_od sorted
rank_key_descending,halt,300.tiff,3,default_51,True,tm_score sorted
rank_key_descending,halt,300.tiff,3,hem_rect_fill,True,chromatin_od sorted
rank_key_descending,halt,300.tiff,3,hem_rect_fill,True,tm_score sorted
rank_key_descending,halt,300.tiff,3,hem_rect_fill_1um,True,chromatin_od sorted
rank_key_descending,halt,300.tiff,3,hem_rect_fill_1um,True,tm_score sorted
rank_key_descending,halt,300.tiff,3,hem_mask_fill_1um,True,chromatin_od sorted
rank_key_descending,halt,300.tiff,3,hem_mask_fill_1um,True,tm_score sorted
rank_key_descending,halt,300.tiff,4,default_51,True,chromatin_od sorted
rank_key_descending,halt,300.tiff,4,default_51,True,tm_score sorted
rank_key_descending,halt,300.tiff,4,hem_rect_fill,True,chromatin_od sorted
rank_key_descending,halt,300.tiff,4,hem_rect_fill,True,tm_score sorted
rank_key_descending,halt,300.tiff,4,hem_rect_fill_1um,True,chromatin_od sorted
rank_key_descending,halt,300.tiff,4,hem_rect_fill_1um,True,tm_score sorted
rank_key_descending,halt,300.tiff,4,hem_mask_fill_1um,True,chromatin_od sorted
rank_key_descending,halt,300.tiff,4,hem_mask_fill_1um,True,tm_score sorted
rank_key_descending,halt,300.tiff,5,default_51,True,chromatin_od sorted
rank_key_descending,halt,300.tiff,5,default_51,True,tm_score sorted
rank_key_descending,halt,300.tiff,5,hem_rect_fill,True,chromatin_od sorted
rank_key_descending,halt,300.tiff,5,hem_rect_fill,True,tm_score sorted
rank_key_descending,halt,300.tiff,5,hem_rect_fill_1um,True,chromatin_od sorted
rank_key_descending,halt,300.tiff,5,hem_rect_fill_1um,True,tm_score sorted
rank_key_descending,halt,300.tiff,5,hem_mask_fill_1um,True,chromatin_od sorted
rank_key_descending,halt,300.tiff,5,hem_mask_fill_1um,True,tm_score sorted
rank_key_descending,halt,301.tiff,0,default_51,True,chromatin_od sorted
rank_key_descending,halt,301.tiff,0,default_51,True,tm_score sorted
rank_key_descending,halt,301.tiff,0,hem_rect_fill,True,chromatin_od sorted
rank_key_descending,halt,301.tiff,0,hem_rect_fill,True,tm_score sorted
rank_key_descending,halt,301.tiff,0,hem_rect_fill_1um,True,chromatin_od sorted
rank_key_descending,halt,301.tiff,0,hem_rect_fill_1um,True,tm_score sorted
rank_key_descending,halt,301.tiff,0,hem_mask_fill_1um,True,chromatin_od sorted
rank_key_descending,halt,301.tiff,0,hem_mask_fill_1um,True,tm_score sorted
rank_key_descending,halt,301.tiff,1,default_51,True,chromatin_od sorted
rank_key_descending,halt,301.tiff,1,default_51,True,tm_score sorted
rank_key_descending,halt,301.tiff,1,hem_rect_fill,True,chromatin_od sorted
rank_key_descending,halt,301.tiff,1,hem_rect_fill,True,tm_score sorted
rank_key_descending,halt,301.tiff,1,hem_rect_fill_1um,True,chromatin_od sorted
rank_key_descending,halt,301.tiff,1,hem_rect_fill_1um,True,tm_score sorted
rank_key_descending,halt,301.tiff,1,hem_mask_fill_1um,True,chromatin_od sorted
rank_key_descending,halt,301.tiff,1,hem_mask_fill_1um,True,tm_score sorted
rank_key_descending,halt,301.tiff,2,default_51,True,chromatin_od sorted
rank_key_descending,halt,301.tiff,2,default_51,True,tm_score sorted
rank_key_descending,halt,301.tiff,2,hem_rect_fill,True,chromatin_od sorted
rank_key_descending,halt,301.tiff,2,hem_rect_fill,True,tm_score sorted
rank_key_descending,halt,301.tiff,2,hem_rect_fill_1um,True,chromatin_od sorted
rank_key_descending,halt,301.tiff,2,hem_rect_fill_1um,True,tm_score sorted
rank_key_descending,halt,301.tiff,2,hem_mask_fill_1um,True,chromatin_od sorted
rank_key_descending,halt,301.tiff,2,hem_mask_fill_1um,True,tm_score sorted
rank_key_descending,halt,301.tiff,3,default_51,True,chromatin_od sorted
rank_key_descending,halt,301.tiff,3,default_51,True,tm_score sorted
rank_key_descending,halt,301.tiff,3,hem_rect_fill,True,chromatin_od sorted
rank_key_descending,halt,301.tiff,3,hem_rect_fill,True,tm_score sorted
rank_key_descending,halt,301.tiff,3,hem_rect_fill_1um,True,chromatin_od sorted
rank_key_descending,halt,301.tiff,3,hem_rect_fill_1um,True,tm_score sorted
rank_key_descending,halt,301.tiff,3,hem_mask_fill_1um,True,chromatin_od sorted
rank_key_descending,halt,301.tiff,3,hem_mask_fill_1um,True,tm_score sorted
rank_key_descending,halt,301.tiff,4,default_51,True,chromatin_od sorted
rank_key_descending,halt,301.tiff,4,default_51,True,tm_score sorted
rank_key_descending,halt,301.tiff,4,hem_rect_fill,True,chromatin_od sorted
rank_key_descending,halt,301.tiff,4,hem_rect_fill,True,tm_score sorted
rank_key_descending,halt,301.tiff,4,hem_rect_fill_1um,True,chromatin_od sorted
rank_key_descending,halt,301.tiff,4,hem_rect_fill_1um,True,tm_score sorted
rank_key_descending,halt,301.tiff,4,hem_mask_fill_1um,True,chromatin_od sorted
rank_key_descending,halt,301.tiff,4,hem_mask_fill_1um,True,tm_score sorted
rank_key_descending,halt,301.tiff,5,default_51,True,chromatin_od sorted
rank_key_descending,halt,301.tiff,5,default_51,True,tm_score sorted
rank_key_descending,halt,301.tiff,5,hem_rect_fill,True,chromatin_od sorted
rank_key_descending,halt,301.tiff,5,hem_rect_fill,True,tm_score sorted
rank_key_descending,halt,301.tiff,5,hem_rect_fill_1um,True,chromatin_od sorted
rank_key_descending,halt,301.tiff,5,hem_rect_fill_1um,True,tm_score sorted
rank_key_descending,halt,301.tiff,5,hem_mask_fill_1um,True,chromatin_od sorted
rank_key_descending,halt,301.tiff,5,hem_mask_fill_1um,True,tm_score sorted
rank_key_descending,halt,322.tiff,0,default_51,True,chromatin_od sorted
rank_key_descending,halt,322.tiff,0,default_51,True,tm_score sorted
rank_key_descending,halt,322.tiff,0,hem_rect_fill,True,chromatin_od sorted
rank_key_descending,halt,322.tiff,0,hem_rect_fill,True,tm_score sorted
rank_key_descending,halt,322.tiff,0,hem_rect_fill_1um,True,chromatin_od sorted
rank_key_descending,halt,322.tiff,0,hem_rect_fill_1um,True,tm_score sorted
rank_key_descending,halt,322.tiff,0,hem_mask_fill_1um,True,chromatin_od sorted
rank_key_descending,halt,322.tiff,0,hem_mask_fill_1um,True,tm_score sorted
rank_key_descending,halt,322.tiff,1,default_51,True,chromatin_od sorted
rank_key_descending,halt,322.tiff,1,default_51,True,tm_score sorted
rank_key_descending,halt,322.tiff,1,hem_rect_fill,True,chromatin_od sorted
rank_key_descending,halt,322.tiff,1,hem_rect_fill,True,tm_score sorted
rank_key_descending,halt,322.tiff,1,hem_rect_fill_1um,True,chromatin_od sorted
rank_key_descending,halt,322.tiff,1,hem_rect_fill_1um,True,tm_score sorted
rank_key_descending,halt,322.tiff,1,hem_mask_fill_1um,True,chromatin_od sorted
rank_key_descending,halt,322.tiff,1,hem_mask_fill_1um,True,tm_score sorted
rank_key_descending,halt,322.tiff,2,default_51,True,chromatin_od sorted
rank_key_descending,halt,322.tiff,2,default_51,True,tm_score sorted
rank_key_descending,halt,322.tiff,2,hem_rect_fill,True,chromatin_od sorted
rank_key_descending,halt,322.tiff,2,hem_rect_fill,True,tm_score sorted
rank_key_descending,halt,322.tiff,2,hem_rect_fill_1um,True,chromatin_od sorted
rank_key_descending,halt,322.tiff,2,hem_rect_fill_1um,True,tm_score sorted
rank_key_descending,halt,322.tiff,2,hem_mask_fill_1um,True,chromatin_od sorted
rank_key_descending,halt,322.tiff,2,hem_mask_fill_1um,True,tm_score sorted
rank_key_descending,halt,322.tiff,3,default_51,True,chromatin_od sorted
rank_key_descending,halt,322.tiff,3,default_51,True,tm_score sorted
rank_key_descending,halt,322.tiff,3,hem_rect_fill,True,chromatin_od sorted
rank_key_descending,halt,322.tiff,3,hem_rect_fill,True,tm_score sorted
rank_key_descending,halt,322.tiff,3,hem_rect_fill_1um,True,chromatin_od sorted
rank_key_descending,halt,322.tiff,3,hem_rect_fill_1um,True,tm_score sorted
rank_key_descending,halt,322.tiff,3,hem_mask_fill_1um,True,chromatin_od sorted
rank_key_descending,halt,322.tiff,3,hem_mask_fill_1um,True,tm_score sorted
rank_key_descending,halt,322.tiff,4,default_51,True,chromatin_od sorted
rank_key_descending,halt,322.tiff,4,default_51,True,tm_score sorted
rank_key_descending,halt,322.tiff,4,hem_rect_fill,True,chromatin_od sorted
rank_key_descending,halt,322.tiff,4,hem_rect_fill,True,tm_score sorted
rank_key_descending,halt,322.tiff,4,hem_rect_fill_1um,True,chromatin_od sorted
rank_key_descending,halt,322.tiff,4,hem_rect_fill_1um,True,tm_score sorted
rank_key_descending,halt,322.tiff,4,hem_mask_fill_1um,True,chromatin_od sorted
rank_key_descending,halt,322.tiff,4,hem_mask_fill_1um,True,tm_score sorted
rank_key_descending,halt,322.tiff,5,default_51,True,chromatin_od sorted
rank_key_descending,halt,322.tiff,5,default_51,True,tm_score sorted
rank_key_descending,halt,322.tiff,5,hem_rect_fill,True,chromatin_od sorted
rank_key_descending,halt,322.tiff,5,hem_rect_fill,True,tm_score sorted
rank_key_descending,halt,322.tiff,5,hem_rect_fill_1um,True,chromatin_od sorted
rank_key_descending,halt,322.tiff,5,hem_rect_fill_1um,True,tm_score sorted
rank_key_descending,halt,322.tiff,5,hem_mask_fill_1um,True,chromatin_od sorted
rank_key_descending,halt,322.tiff,5,hem_mask_fill_1um,True,tm_score sorted
rank_key_descending,halt,337.tiff,0,default_51,True,chromatin_od sorted
rank_key_descending,halt,337.tiff,0,default_51,True,tm_score sorted
rank_key_descending,halt,337.tiff,0,hem_rect_fill,True,chromatin_od sorted
rank_key_descending,halt,337.tiff,0,hem_rect_fill,True,tm_score sorted
rank_key_descending,halt,337.tiff,0,hem_rect_fill_1um,True,chromatin_od sorted
rank_key_descending,halt,337.tiff,0,hem_rect_fill_1um,True,tm_score sorted
rank_key_descending,halt,337.tiff,0,hem_mask_fill_1um,True,chromatin_od sorted
rank_key_descending,halt,337.tiff,0,hem_mask_fill_1um,True,tm_score sorted
rank_key_descending,halt,337.tiff,1,default_51,True,chromatin_od sorted
rank_key_descending,halt,337.tiff,1,default_51,True,tm_score sorted
rank_key_descending,halt,337.tiff,1,hem_rect_fill,True,chromatin_od sorted
rank_key_descending,halt,337.tiff,1,hem_rect_fill,True,tm_score sorted
rank_key_descending,halt,337.tiff,1,hem_rect_fill_1um,True,chromatin_od sorted
rank_key_descending,halt,337.tiff,1,hem_rect_fill_1um,True,tm_score sorted
rank_key_descending,halt,337.tiff,1,hem_mask_fill_1um,True,chromatin_od sorted
rank_key_descending,halt,337.tiff,1,hem_mask_fill_1um,True,tm_score sorted
rank_key_descending,halt,337.tiff,2,default_51,True,chromatin_od sorted
rank_key_descending,halt,337.tiff,2,default_51,True,tm_score sorted
rank_key_descending,halt,337.tiff,2,hem_rect_fill,True,chromatin_od sorted
rank_key_descending,halt,337.tiff,2,hem_rect_fill,True,tm_score sorted
rank_key_descending,halt,337.tiff,2,hem_rect_fill_1um,True,chromatin_od sorted
rank_key_descending,halt,337.tiff,2,hem_rect_fill_1um,True,tm_score sorted
rank_key_descending,halt,337.tiff,2,hem_mask_fill_1um,True,chromatin_od sorted
rank_key_descending,halt,337.tiff,2,hem_mask_fill_1um,True,tm_score sorted
rank_key_descending,halt,337.tiff,3,default_51,True,chromatin_od sorted
rank_key_descending,halt,337.tiff,3,default_51,True,tm_score sorted
rank_key_descending,halt,337.tiff,3,hem_rect_fill,True,chromatin_od sorted
rank_key_descending,halt,337.tiff,3,hem_rect_fill,True,tm_score sorted
rank_key_descending,halt,337.tiff,3,hem_rect_fill_1um,True,chromatin_od sorted
rank_key_descending,halt,337.tiff,3,hem_rect_fill_1um,True,tm_score sorted
rank_key_descending,halt,337.tiff,3,hem_mask_fill_1um,True,chromatin_od sorted
rank_key_descending,halt,337.tiff,3,hem_mask_fill_1um,True,tm_score sorted
rank_key_descending,halt,337.tiff,4,default_51,True,chromatin_od sorted
rank_key_descending,halt,337.tiff,4,default_51,True,tm_score sorted
rank_key_descending,halt,337.tiff,4,hem_rect_fill,True,chromatin_od sorted
rank_key_descending,halt,337.tiff,4,hem_rect_fill,True,tm_score sorted
rank_key_descending,halt,337.tiff,4,hem_rect_fill_1um,True,chromatin_od sorted
rank_key_descending,halt,337.tiff,4,hem_rect_fill_1um,True,tm_score sorted
rank_key_descending,halt,337.tiff,4,hem_mask_fill_1um,True,chromatin_od sorted
rank_key_descending,halt,337.tiff,4,hem_mask_fill_1um,True,tm_score sorted
rank_key_descending,halt,337.tiff,5,default_51,True,chromatin_od sorted
rank_key_descending,halt,337.tiff,5,default_51,True,tm_score sorted
rank_key_descending,halt,337.tiff,5,hem_rect_fill,True,chromatin_od sorted
rank_key_descending,halt,337.tiff,5,hem_rect_fill,True,tm_score sorted
rank_key_descending,halt,337.tiff,5,hem_rect_fill_1um,True,chromatin_od sorted
rank_key_descending,halt,337.tiff,5,hem_rect_fill_1um,True,tm_score sorted
rank_key_descending,halt,337.tiff,5,hem_mask_fill_1um,True,chromatin_od sorted
rank_key_descending,halt,337.tiff,5,hem_mask_fill_1um,True,tm_score sorted
rank_key_descending,halt,339.tiff,0,default_51,True,chromatin_od sorted
rank_key_descending,halt,339.tiff,0,default_51,True,tm_score sorted
rank_key_descending,halt,339.tiff,0,hem_rect_fill,True,chromatin_od sorted
rank_key_descending,halt,339.tiff,0,hem_rect_fill,True,tm_score sorted
rank_key_descending,halt,339.tiff,0,hem_rect_fill_1um,True,chromatin_od sorted
rank_key_descending,halt,339.tiff,0,hem_rect_fill_1um,True,tm_score sorted
rank_key_descending,halt,339.tiff,0,hem_mask_fill_1um,True,chromatin_od sorted
rank_key_descending,halt,339.tiff,0,hem_mask_fill_1um,True,tm_score sorted
rank_key_descending,halt,339.tiff,1,default_51,True,chromatin_od sorted
rank_key_descending,halt,339.tiff,1,default_51,True,tm_score sorted
rank_key_descending,halt,339.tiff,1,hem_rect_fill,True,chromatin_od sorted
rank_key_descending,halt,339.tiff,1,hem_rect_fill,True,tm_score sorted
rank_key_descending,halt,339.tiff,1,hem_rect_fill_1um,True,chromatin_od sorted
rank_key_descending,halt,339.tiff,1,hem_rect_fill_1um,True,tm_score sorted
rank_key_descending,halt,339.tiff,1,hem_mask_fill_1um,True,chromatin_od sorted
rank_key_descending,halt,339.tiff,1,hem_mask_fill_1um,True,tm_score sorted
rank_key_descending,halt,339.tiff,2,default_51,True,chromatin_od sorted
rank_key_descending,halt,339.tiff,2,default_51,True,tm_score sorted
rank_key_descending,halt,339.tiff,2,hem_rect_fill,True,chromatin_od sorted
rank_key_descending,halt,339.tiff,2,hem_rect_fill,True,tm_score sorted
rank_key_descending,halt,339.tiff,2,hem_rect_fill_1um,True,chromatin_od sorted
rank_key_descending,halt,339.tiff,2,hem_rect_fill_1um,True,tm_score sorted
rank_key_descending,halt,339.tiff,2,hem_mask_fill_1um,True,chromatin_od sorted
rank_key_descending,halt,339.tiff,2,hem_mask_fill_1um,True,tm_score sorted
rank_key_descending,halt,339.tiff,3,default_51,True,chromatin_od sorted
rank_key_descending,halt,339.tiff,3,default_51,True,tm_score sorted
rank_key_descending,halt,339.tiff,3,hem_rect_fill,True,chromatin_od sorted
rank_key_descending,halt,339.tiff,3,hem_rect_fill,True,tm_score sorted
rank_key_descending,halt,339.tiff,3,hem_rect_fill_1um,True,chromatin_od sorted
rank_key_descending,halt,339.tiff,3,hem_rect_fill_1um,True,tm_score sorted
rank_key_descending,halt,339.tiff,3,hem_mask_fill_1um,True,chromatin_od sorted
rank_key_descending,halt,339.tiff,3,hem_mask_fill_1um,True,tm_score sorted
rank_key_descending,halt,339.tiff,4,default_51,True,chromatin_od sorted
rank_key_descending,halt,339.tiff,4,default_51,True,tm_score sorted
rank_key_descending,halt,339.tiff,4,hem_rect_fill,True,chromatin_od sorted
rank_key_descending,halt,339.tiff,4,hem_rect_fill,True,tm_score sorted
rank_key_descending,halt,339.tiff,4,hem_rect_fill_1um,True,chromatin_od sorted
rank_key_descending,halt,339.tiff,4,hem_rect_fill_1um,True,tm_score sorted
rank_key_descending,halt,339.tiff,4,hem_mask_fill_1um,True,chromatin_od sorted
rank_key_descending,halt,339.tiff,4,hem_mask_fill_1um,True,tm_score sorted
rank_key_descending,halt,339.tiff,5,default_51,True,chromatin_od sorted
rank_key_descending,halt,339.tiff,5,default_51,True,tm_score sorted
rank_key_descending,halt,339.tiff,5,hem_rect_fill,True,chromatin_od sorted
rank_key_descending,halt,339.tiff,5,hem_rect_fill,True,tm_score sorted
rank_key_descending,halt,339.tiff,5,hem_rect_fill_1um,True,chromatin_od sorted
rank_key_descending,halt,339.tiff,5,hem_rect_fill_1um,True,tm_score sorted
rank_key_descending,halt,339.tiff,5,hem_mask_fill_1um,True,chromatin_od sorted
rank_key_descending,halt,339.tiff,5,hem_mask_fill_1um,True,tm_score sorted
rank_key_descending,halt,343.tiff,0,default_51,True,chromatin_od sorted
rank_key_descending,halt,343.tiff,0,default_51,True,tm_score sorted
rank_key_descending,halt,343.tiff,0,hem_rect_fill,True,chromatin_od sorted
rank_key_descending,halt,343.tiff,0,hem_rect_fill,True,tm_score sorted
rank_key_descending,halt,343.tiff,0,hem_rect_fill_1um,True,chromatin_od sorted
rank_key_descending,halt,343.tiff,0,hem_rect_fill_1um,True,tm_score sorted
rank_key_descending,halt,343.tiff,0,hem_mask_fill_1um,True,chromatin_od sorted
rank_key_descending,halt,343.tiff,0,hem_mask_fill_1um,True,tm_score sorted
rank_key_descending,halt,343.tiff,1,default_51,True,chromatin_od sorted
rank_key_descending,halt,343.tiff,1,default_51,True,tm_score sorted
rank_key_descending,halt,343.tiff,1,hem_rect_fill,True,chromatin_od sorted
rank_key_descending,halt,343.tiff,1,hem_rect_fill,True,tm_score sorted
rank_key_descending,halt,343.tiff,1,hem_rect_fill_1um,True,chromatin_od sorted
rank_key_descending,halt,343.tiff,1,hem_rect_fill_1um,True,tm_score sorted
rank_key_descending,halt,343.tiff,1,hem_mask_fill_1um,True,chromatin_od sorted
rank_key_descending,halt,343.tiff,1,hem_mask_fill_1um,True,tm_score sorted
rank_key_descending,halt,343.tiff,2,default_51,True,chromatin_od sorted
rank_key_descending,halt,343.tiff,2,default_51,True,tm_score sorted
rank_key_descending,halt,343.tiff,2,hem_rect_fill,True,chromatin_od sorted
rank_key_descending,halt,343.tiff,2,hem_rect_fill,True,tm_score sorted
rank_key_descending,halt,343.tiff,2,hem_rect_fill_1um,True,chromatin_od sorted
rank_key_descending,halt,343.tiff,2,hem_rect_fill_1um,True,tm_score sorted
rank_key_descending,halt,343.tiff,2,hem_mask_fill_1um,True,chromatin_od sorted
rank_key_descending,halt,343.tiff,2,hem_mask_fill_1um,True,tm_score sorted
rank_key_descending,halt,343.tiff,3,default_51,True,chromatin_od sorted
rank_key_descending,halt,343.tiff,3,default_51,True,tm_score sorted
rank_key_descending,halt,343.tiff,3,hem_rect_fill,True,chromatin_od sorted
rank_key_descending,halt,343.tiff,3,hem_rect_fill,True,tm_score sorted
rank_key_descending,halt,343.tiff,3,hem_rect_fill_1um,True,chromatin_od sorted
rank_key_descending,halt,343.tiff,3,hem_rect_fill_1um,True,tm_score sorted
rank_key_descending,halt,343.tiff,3,hem_mask_fill_1um,True,chromatin_od sorted
rank_key_descending,halt,343.tiff,3,hem_mask_fill_1um,True,tm_score sorted
rank_key_descending,halt,343.tiff,4,default_51,True,chromatin_od sorted
rank_key_descending,halt,343.tiff,4,default_51,True,tm_score sorted
rank_key_descending,halt,343.tiff,4,hem_rect_fill,True,chromatin_od sorted
rank_key_descending,halt,343.tiff,4,hem_rect_fill,True,tm_score sorted
rank_key_descending,halt,343.tiff,4,hem_rect_fill_1um,True,chromatin_od sorted
rank_key_descending,halt,343.tiff,4,hem_rect_fill_1um,True,tm_score sorted
rank_key_descending,halt,343.tiff,4,hem_mask_fill_1um,True,chromatin_od sorted
rank_key_descending,halt,343.tiff,4,hem_mask_fill_1um,True,tm_score sorted
rank_key_descending,halt,343.tiff,5,default_51,True,chromatin_od sorted
rank_key_descending,halt,343.tiff,5,default_51,True,tm_score sorted
rank_key_descending,halt,343.tiff,5,hem_rect_fill,True,chromatin_od sorted
rank_key_descending,halt,343.tiff,5,hem_rect_fill,True,tm_score sorted
rank_key_descending,halt,343.tiff,5,hem_rect_fill_1um,True,chromatin_od sorted
rank_key_descending,halt,343.tiff,5,hem_rect_fill_1um,True,tm_score sorted
rank_key_descending,halt,343.tiff,5,hem_mask_fill_1um,True,chromatin_od sorted
rank_key_descending,halt,343.tiff,5,hem_mask_fill_1um,True,tm_score sorted
rank_key_descending,halt,344.tiff,0,default_51,True,chromatin_od sorted
rank_key_descending,halt,344.tiff,0,default_51,True,tm_score sorted
rank_key_descending,halt,344.tiff,0,hem_rect_fill,True,chromatin_od sorted
rank_key_descending,halt,344.tiff,0,hem_rect_fill,True,tm_score sorted
rank_key_descending,halt,344.tiff,0,hem_rect_fill_1um,True,chromatin_od sorted
rank_key_descending,halt,344.tiff,0,hem_rect_fill_1um,True,tm_score sorted
rank_key_descending,halt,344.tiff,0,hem_mask_fill_1um,True,chromatin_od sorted
rank_key_descending,halt,344.tiff,0,hem_mask_fill_1um,True,tm_score sorted
rank_key_descending,halt,344.tiff,1,default_51,True,chromatin_od sorted
rank_key_descending,halt,344.tiff,1,default_51,True,tm_score sorted
rank_key_descending,halt,344.tiff,1,hem_rect_fill,True,chromatin_od sorted
rank_key_descending,halt,344.tiff,1,hem_rect_fill,True,tm_score sorted
rank_key_descending,halt,344.tiff,1,hem_rect_fill_1um,True,chromatin_od sorted
rank_key_descending,halt,344.tiff,1,hem_rect_fill_1um,True,tm_score sorted
rank_key_descending,halt,344.tiff,1,hem_mask_fill_1um,True,chromatin_od sorted
rank_key_descending,halt,344.tiff,1,hem_mask_fill_1um,True,tm_score sorted
rank_key_descending,halt,344.tiff,2,default_51,True,chromatin_od sorted
rank_key_descending,halt,344.tiff,2,default_51,True,tm_score sorted
rank_key_descending,halt,344.tiff,2,hem_rect_fill,True,chromatin_od sorted
rank_key_descending,halt,344.tiff,2,hem_rect_fill,True,tm_score sorted
rank_key_descending,halt,344.tiff,2,hem_rect_fill_1um,True,chromatin_od sorted
rank_key_descending,halt,344.tiff,2,hem_rect_fill_1um,True,tm_score sorted
rank_key_descending,halt,344.tiff,2,hem_mask_fill_1um,True,chromatin_od sorted
rank_key_descending,halt,344.tiff,2,hem_mask_fill_1um,True,tm_score sorted
rank_key_descending,halt,344.tiff,3,default_51,True,chromatin_od sorted
rank_key_descending,halt,344.tiff,3,default_51,True,tm_score sorted
rank_key_descending,halt,344.tiff,3,hem_rect_fill,True,chromatin_od sorted
rank_key_descending,halt,344.tiff,3,hem_rect_fill,True,tm_score sorted
rank_key_descending,halt,344.tiff,3,hem_rect_fill_1um,True,chromatin_od sorted
rank_key_descending,halt,344.tiff,3,hem_rect_fill_1um,True,tm_score sorted
rank_key_descending,halt,344.tiff,3,hem_mask_fill_1um,True,chromatin_od sorted
rank_key_descending,halt,344.tiff,3,hem_mask_fill_1um,True,tm_score sorted
rank_key_descending,halt,344.tiff,4,default_51,True,chromatin_od sorted
rank_key_descending,halt,344.tiff,4,default_51,True,tm_score sorted
rank_key_descending,halt,344.tiff,4,hem_rect_fill,True,chromatin_od sorted
rank_key_descending,halt,344.tiff,4,hem_rect_fill,True,tm_score sorted
rank_key_descending,halt,344.tiff,4,hem_rect_fill_1um,True,chromatin_od sorted
rank_key_descending,halt,344.tiff,4,hem_rect_fill_1um,True,tm_score sorted
rank_key_descending,halt,344.tiff,4,hem_mask_fill_1um,True,chromatin_od sorted
rank_key_descending,halt,344.tiff,4,hem_mask_fill_1um,True,tm_score sorted
rank_key_descending,halt,344.tiff,5,default_51,True,chromatin_od sorted
rank_key_descending,halt,344.tiff,5,default_51,True,tm_score sorted
rank_key_descending,halt,344.tiff,5,hem_rect_fill,True,chromatin_od sorted
rank_key_descending,halt,344.tiff,5,hem_rect_fill,True,tm_score sorted
rank_key_descending,halt,344.tiff,5,hem_rect_fill_1um,True,chromatin_od sorted
rank_key_descending,halt,344.tiff,5,hem_rect_fill_1um,True,tm_score sorted
rank_key_descending,halt,344.tiff,5,hem_mask_fill_1um,True,chromatin_od sorted
rank_key_descending,halt,344.tiff,5,hem_mask_fill_1um,True,tm_score sorted
rank_key_descending,halt,201.tiff,0,default_51,True,chromatin_od sorted
rank_key_descending,halt,201.tiff,0,default_51,True,tm_score sorted
rank_key_descending,halt,201.tiff,0,hem_rect_fill,True,chromatin_od sorted
rank_key_descending,halt,201.tiff,0,hem_rect_fill,True,tm_score sorted
rank_key_descending,halt,201.tiff,0,hem_rect_fill_1um,True,chromatin_od sorted
rank_key_descending,halt,201.tiff,0,hem_rect_fill_1um,True,tm_score sorted
rank_key_descending,halt,201.tiff,0,hem_mask_fill_1um,True,chromatin_od sorted
rank_key_descending,halt,201.tiff,0,hem_mask_fill_1um,True,tm_score sorted
rank_key_descending,halt,201.tiff,1,default_51,True,chromatin_od sorted
rank_key_descending,halt,201.tiff,1,default_51,True,tm_score sorted
rank_key_descending,halt,201.tiff,1,hem_rect_fill,True,chromatin_od sorted
rank_key_descending,halt,201.tiff,1,hem_rect_fill,True,tm_score sorted
rank_key_descending,halt,201.tiff,1,hem_rect_fill_1um,True,chromatin_od sorted
rank_key_descending,halt,201.tiff,1,hem_rect_fill_1um,True,tm_score sorted
rank_key_descending,halt,201.tiff,1,hem_mask_fill_1um,True,chromatin_od sorted
rank_key_descending,halt,201.tiff,1,hem_mask_fill_1um,True,tm_score sorted
rank_key_descending,halt,201.tiff,2,default_51,True,chromatin_od sorted
rank_key_descending,halt,201.tiff,2,default_51,True,tm_score sorted
rank_key_descending,halt,201.tiff,2,hem_rect_fill,True,chromatin_od sorted
rank_key_descending,halt,201.tiff,2,hem_rect_fill,True,tm_score sorted
rank_key_descending,halt,201.tiff,2,hem_rect_fill_1um,True,chromatin_od sorted
rank_key_descending,halt,201.tiff,2,hem_rect_fill_1um,True,tm_score sorted
rank_key_descending,halt,201.tiff,2,hem_mask_fill_1um,True,chromatin_od sorted
rank_key_descending,halt,201.tiff,2,hem_mask_fill_1um,True,tm_score sorted
rank_key_descending,halt,201.tiff,3,default_51,True,chromatin_od sorted
rank_key_descending,halt,201.tiff,3,default_51,True,tm_score sorted
rank_key_descending,halt,201.tiff,3,hem_rect_fill,True,chromatin_od sorted
rank_key_descending,halt,201.tiff,3,hem_rect_fill,True,tm_score sorted
rank_key_descending,halt,201.tiff,3,hem_rect_fill_1um,True,chromatin_od sorted
rank_key_descending,halt,201.tiff,3,hem_rect_fill_1um,True,tm_score sorted
rank_key_descending,halt,201.tiff,3,hem_mask_fill_1um,True,chromatin_od sorted
rank_key_descending,halt,201.tiff,3,hem_mask_fill_1um,True,tm_score sorted
rank_key_descending,halt,201.tiff,4,default_51,True,chromatin_od sorted
rank_key_descending,halt,201.tiff,4,default_51,True,tm_score sorted
rank_key_descending,halt,201.tiff,4,hem_rect_fill,True,chromatin_od sorted
rank_key_descending,halt,201.tiff,4,hem_rect_fill,True,tm_score sorted
rank_key_descending,halt,201.tiff,4,hem_rect_fill_1um,True,chromatin_od sorted
rank_key_descending,halt,201.tiff,4,hem_rect_fill_1um,True,tm_score sorted
rank_key_descending,halt,201.tiff,4,hem_mask_fill_1um,True,chromatin_od sorted
rank_key_descending,halt,201.tiff,4,hem_mask_fill_1um,True,tm_score sorted
rank_key_descending,halt,201.tiff,5,default_51,True,chromatin_od sorted
rank_key_descending,halt,201.tiff,5,default_51,True,tm_score sorted
rank_key_descending,halt,201.tiff,5,hem_rect_fill,True,chromatin_od sorted
rank_key_descending,halt,201.tiff,5,hem_rect_fill,True,tm_score sorted
rank_key_descending,halt,201.tiff,5,hem_rect_fill_1um,True,chromatin_od sorted
rank_key_descending,halt,201.tiff,5,hem_rect_fill_1um,True,tm_score sorted
rank_key_descending,halt,201.tiff,5,hem_mask_fill_1um,True,chromatin_od sorted
rank_key_descending,halt,201.tiff,5,hem_mask_fill_1um,True,tm_score sorted
rank_key_descending,halt,233.tiff,0,default_51,True,chromatin_od sorted
rank_key_descending,halt,233.tiff,0,default_51,True,tm_score sorted
rank_key_descending,halt,233.tiff,0,hem_rect_fill,True,chromatin_od sorted
rank_key_descending,halt,233.tiff,0,hem_rect_fill,True,tm_score sorted
rank_key_descending,halt,233.tiff,0,hem_rect_fill_1um,True,chromatin_od sorted
rank_key_descending,halt,233.tiff,0,hem_rect_fill_1um,True,tm_score sorted
rank_key_descending,halt,233.tiff,0,hem_mask_fill_1um,True,chromatin_od sorted
rank_key_descending,halt,233.tiff,0,hem_mask_fill_1um,True,tm_score sorted
rank_key_descending,halt,233.tiff,1,default_51,True,chromatin_od sorted
rank_key_descending,halt,233.tiff,1,default_51,True,tm_score sorted
rank_key_descending,halt,233.tiff,1,hem_rect_fill,True,chromatin_od sorted
rank_key_descending,halt,233.tiff,1,hem_rect_fill,True,tm_score sorted
rank_key_descending,halt,233.tiff,1,hem_rect_fill_1um,True,chromatin_od sorted
rank_key_descending,halt,233.tiff,1,hem_rect_fill_1um,True,tm_score sorted
rank_key_descending,halt,233.tiff,1,hem_mask_fill_1um,True,chromatin_od sorted
rank_key_descending,halt,233.tiff,1,hem_mask_fill_1um,True,tm_score sorted
rank_key_descending,halt,233.tiff,2,default_51,True,chromatin_od sorted
rank_key_descending,halt,233.tiff,2,default_51,True,tm_score sorted
rank_key_descending,halt,233.tiff,2,hem_rect_fill,True,chromatin_od sorted
rank_key_descending,halt,233.tiff,2,hem_rect_fill,True,tm_score sorted
rank_key_descending,halt,233.tiff,2,hem_rect_fill_1um,True,chromatin_od sorted
rank_key_descending,halt,233.tiff,2,hem_rect_fill_1um,True,tm_score sorted
rank_key_descending,halt,233.tiff,2,hem_mask_fill_1um,True,chromatin_od sorted
rank_key_descending,halt,233.tiff,2,hem_mask_fill_1um,True,tm_score sorted
rank_key_descending,halt,233.tiff,3,default_51,True,chromatin_od sorted
rank_key_descending,halt,233.tiff,3,default_51,True,tm_score sorted
rank_key_descending,halt,233.tiff,3,hem_rect_fill,True,chromatin_od sorted
rank_key_descending,halt,233.tiff,3,hem_rect_fill,True,tm_score sorted
rank_key_descending,halt,233.tiff,3,hem_rect_fill_1um,True,chromatin_od sorted
rank_key_descending,halt,233.tiff,3,hem_rect_fill_1um,True,tm_score sorted
rank_key_descending,halt,233.tiff,3,hem_mask_fill_1um,True,chromatin_od sorted
rank_key_descending,halt,233.tiff,3,hem_mask_fill_1um,True,tm_score sorted
rank_key_descending,halt,233.tiff,4,default_51,True,chromatin_od sorted
rank_key_descending,halt,233.tiff,4,default_51,True,tm_score sorted
rank_key_descending,halt,233.tiff,4,hem_rect_fill,True,chromatin_od sorted
rank_key_descending,halt,233.tiff,4,hem_rect_fill,True,tm_score sorted
rank_key_descending,halt,233.tiff,4,hem_rect_fill_1um,True,chromatin_od sorted
rank_key_descending,halt,233.tiff,4,hem_rect_fill_1um,True,tm_score sorted
rank_key_descending,halt,233.tiff,4,hem_mask_fill_1um,True,chromatin_od sorted
rank_key_descending,halt,233.tiff,4,hem_mask_fill_1um,True,tm_score sorted
rank_key_descending,halt,233.tiff,5,default_51,True,chromatin_od sorted
rank_key_descending,halt,233.tiff,5,default_51,True,tm_score sorted
rank_key_descending,halt,233.tiff,5,hem_rect_fill,True,chromatin_od sorted
rank_key_descending,halt,233.tiff,5,hem_rect_fill,True,tm_score sorted
rank_key_descending,halt,233.tiff,5,hem_rect_fill_1um,True,chromatin_od sorted
rank_key_descending,halt,233.tiff,5,hem_rect_fill_1um,True,tm_score sorted
rank_key_descending,halt,233.tiff,5,hem_mask_fill_1um,True,chromatin_od sorted
rank_key_descending,halt,233.tiff,5,hem_mask_fill_1um,True,tm_score sorted
rank_key_descending,halt,211.tiff,0,default_51,True,chromatin_od sorted
rank_key_descending,halt,211.tiff,0,default_51,True,tm_score sorted
rank_key_descending,halt,211.tiff,0,hem_rect_fill,True,chromatin_od sorted
rank_key_descending,halt,211.tiff,0,hem_rect_fill,True,tm_score sorted
rank_key_descending,halt,211.tiff,0,hem_rect_fill_1um,True,chromatin_od sorted
rank_key_descending,halt,211.tiff,0,hem_rect_fill_1um,True,tm_score sorted
rank_key_descending,halt,211.tiff,0,hem_mask_fill_1um,True,chromatin_od sorted
rank_key_descending,halt,211.tiff,0,hem_mask_fill_1um,True,tm_score sorted
rank_key_descending,halt,211.tiff,1,default_51,True,chromatin_od sorted
rank_key_descending,halt,211.tiff,1,default_51,True,tm_score sorted
rank_key_descending,halt,211.tiff,1,hem_rect_fill,True,chromatin_od sorted
rank_key_descending,halt,211.tiff,1,hem_rect_fill,True,tm_score sorted
rank_key_descending,halt,211.tiff,1,hem_rect_fill_1um,True,chromatin_od sorted
rank_key_descending,halt,211.tiff,1,hem_rect_fill_1um,True,tm_score sorted
rank_key_descending,halt,211.tiff,1,hem_mask_fill_1um,True,chromatin_od sorted
rank_key_descending,halt,211.tiff,1,hem_mask_fill_1um,True,tm_score sorted
rank_key_descending,halt,211.tiff,2,default_51,True,chromatin_od sorted
rank_key_descending,halt,211.tiff,2,default_51,True,tm_score sorted
rank_key_descending,halt,211.tiff,2,hem_rect_fill,True,chromatin_od sorted
rank_key_descending,halt,211.tiff,2,hem_rect_fill,True,tm_score sorted
rank_key_descending,halt,211.tiff,2,hem_rect_fill_1um,True,chromatin_od sorted
rank_key_descending,halt,211.tiff,2,hem_rect_fill_1um,True,tm_score sorted
rank_key_descending,halt,211.tiff,2,hem_mask_fill_1um,True,chromatin_od sorted
rank_key_descending,halt,211.tiff,2,hem_mask_fill_1um,True,tm_score sorted
rank_key_descending,halt,211.tiff,3,default_51,True,chromatin_od sorted
rank_key_descending,halt,211.tiff,3,default_51,True,tm_score sorted
rank_key_descending,halt,211.tiff,3,hem_rect_fill,True,chromatin_od sorted
rank_key_descending,halt,211.tiff,3,hem_rect_fill,True,tm_score sorted
rank_key_descending,halt,211.tiff,3,hem_rect_fill_1um,True,chromatin_od sorted
rank_key_descending,halt,211.tiff,3,hem_rect_fill_1um,True,tm_score sorted
rank_key_descending,halt,211.tiff,3,hem_mask_fill_1um,True,chromatin_od sorted
rank_key_descending,halt,211.tiff,3,hem_mask_fill_1um,True,tm_score sorted
rank_key_descending,halt,211.tiff,4,default_51,True,chromatin_od sorted
rank_key_descending,halt,211.tiff,4,default_51,True,tm_score sorted
rank_key_descending,halt,211.tiff,4,hem_rect_fill,True,chromatin_od sorted
rank_key_descending,halt,211.tiff,4,hem_rect_fill,True,tm_score sorted
rank_key_descending,halt,211.tiff,4,hem_rect_fill_1um,True,chromatin_od sorted
rank_key_descending,halt,211.tiff,4,hem_rect_fill_1um,True,tm_score sorted
rank_key_descending,halt,211.tiff,4,hem_mask_fill_1um,True,chromatin_od sorted
rank_key_descending,halt,211.tiff,4,hem_mask_fill_1um,True,tm_score sorted
rank_key_descending,halt,211.tiff,5,default_51,True,chromatin_od sorted
rank_key_descending,halt,211.tiff,5,default_51,True,tm_score sorted
rank_key_descending,halt,211.tiff,5,hem_rect_fill,True,chromatin_od sorted
rank_key_descending,halt,211.tiff,5,hem_rect_fill,True,tm_score sorted
rank_key_descending,halt,211.tiff,5,hem_rect_fill_1um,True,chromatin_od sorted
rank_key_descending,halt,211.tiff,5,hem_rect_fill_1um,True,tm_score sorted
rank_key_descending,halt,211.tiff,5,hem_mask_fill_1um,True,chromatin_od sorted
rank_key_descending,halt,211.tiff,5,hem_mask_fill_1um,True,tm_score sorted
rank_key_descending,halt,220.tiff,0,default_51,True,chromatin_od sorted
rank_key_descending,halt,220.tiff,0,default_51,True,tm_score sorted
rank_key_descending,halt,220.tiff,0,hem_rect_fill,True,chromatin_od sorted
rank_key_descending,halt,220.tiff,0,hem_rect_fill,True,tm_score sorted
rank_key_descending,halt,220.tiff,0,hem_rect_fill_1um,True,chromatin_od sorted
rank_key_descending,halt,220.tiff,0,hem_rect_fill_1um,True,tm_score sorted
rank_key_descending,halt,220.tiff,0,hem_mask_fill_1um,True,chromatin_od sorted
rank_key_descending,halt,220.tiff,0,hem_mask_fill_1um,True,tm_score sorted
rank_key_descending,halt,220.tiff,1,default_51,True,chromatin_od sorted
rank_key_descending,halt,220.tiff,1,default_51,True,tm_score sorted
rank_key_descending,halt,220.tiff,1,hem_rect_fill,True,chromatin_od sorted
rank_key_descending,halt,220.tiff,1,hem_rect_fill,True,tm_score sorted
rank_key_descending,halt,220.tiff,1,hem_rect_fill_1um,True,chromatin_od sorted
rank_key_descending,halt,220.tiff,1,hem_rect_fill_1um,True,tm_score sorted
rank_key_descending,halt,220.tiff,1,hem_mask_fill_1um,True,chromatin_od sorted
rank_key_descending,halt,220.tiff,1,hem_mask_fill_1um,True,tm_score sorted
rank_key_descending,halt,220.tiff,2,default_51,True,chromatin_od sorted
rank_key_descending,halt,220.tiff,2,default_51,True,tm_score sorted
rank_key_descending,halt,220.tiff,2,hem_rect_fill,True,chromatin_od sorted
rank_key_descending,halt,220.tiff,2,hem_rect_fill,True,tm_score sorted
rank_key_descending,halt,220.tiff,2,hem_rect_fill_1um,True,chromatin_od sorted
rank_key_descending,halt,220.tiff,2,hem_rect_fill_1um,True,tm_score sorted
rank_key_descending,halt,220.tiff,2,hem_mask_fill_1um,True,chromatin_od sorted
rank_key_descending,halt,220.tiff,2,hem_mask_fill_1um,True,tm_score sorted
rank_key_descending,halt,220.tiff,3,default_51,True,chromatin_od sorted
rank_key_descending,halt,220.tiff,3,default_51,True,tm_score sorted
rank_key_descending,halt,220.tiff,3,hem_rect_fill,True,chromatin_od sorted
rank_key_descending,halt,220.tiff,3,hem_rect_fill,True,tm_score sorted
rank_key_descending,halt,220.tiff,3,hem_rect_fill_1um,True,chromatin_od sorted
rank_key_descending,halt,220.tiff,3,hem_rect_fill_1um,True,tm_score sorted
rank_key_descending,halt,220.tiff,3,hem_mask_fill_1um,True,chromatin_od sorted
rank_key_descending,halt,220.tiff,3,hem_mask_fill_1um,True,tm_score sorted
rank_key_descending,halt,220.tiff,4,default_51,True,chromatin_od sorted
rank_key_descending,halt,220.tiff,4,default_51,True,tm_score sorted
rank_key_descending,halt,220.tiff,4,hem_rect_fill,True,chromatin_od sorted
rank_key_descending,halt,220.tiff,4,hem_rect_fill,True,tm_score sorted
rank_key_descending,halt,220.tiff,4,hem_rect_fill_1um,True,chromatin_od sorted
rank_key_descending,halt,220.tiff,4,hem_rect_fill_1um,True,tm_score sorted
rank_key_descending,halt,220.tiff,4,hem_mask_fill_1um,True,chromatin_od sorted
rank_key_descending,halt,220.tiff,4,hem_mask_fill_1um,True,tm_score sorted
rank_key_descending,halt,220.tiff,5,default_51,True,chromatin_od sorted
rank_key_descending,halt,220.tiff,5,default_51,True,tm_score sorted
rank_key_descending,halt,220.tiff,5,hem_rect_fill,True,chromatin_od sorted
rank_key_descending,halt,220.tiff,5,hem_rect_fill,True,tm_score sorted
rank_key_descending,halt,220.tiff,5,hem_rect_fill_1um,True,chromatin_od sorted
rank_key_descending,halt,220.tiff,5,hem_rect_fill_1um,True,tm_score sorted
rank_key_descending,halt,220.tiff,5,hem_mask_fill_1um,True,chromatin_od sorted
rank_key_descending,halt,220.tiff,5,hem_mask_fill_1um,True,tm_score sorted
rank_key_descending,halt,230.tiff,0,default_51,True,chromatin_od sorted
rank_key_descending,halt,230.tiff,0,default_51,True,tm_score sorted
rank_key_descending,halt,230.tiff,0,hem_rect_fill,True,chromatin_od sorted
rank_key_descending,halt,230.tiff,0,hem_rect_fill,True,tm_score sorted
rank_key_descending,halt,230.tiff,0,hem_rect_fill_1um,True,chromatin_od sorted
rank_key_descending,halt,230.tiff,0,hem_rect_fill_1um,True,tm_score sorted
rank_key_descending,halt,230.tiff,0,hem_mask_fill_1um,True,chromatin_od sorted
rank_key_descending,halt,230.tiff,0,hem_mask_fill_1um,True,tm_score sorted
rank_key_descending,halt,230.tiff,1,default_51,True,chromatin_od sorted
rank_key_descending,halt,230.tiff,1,default_51,True,tm_score sorted
rank_key_descending,halt,230.tiff,1,hem_rect_fill,True,chromatin_od sorted
rank_key_descending,halt,230.tiff,1,hem_rect_fill,True,tm_score sorted
rank_key_descending,halt,230.tiff,1,hem_rect_fill_1um,True,chromatin_od sorted
rank_key_descending,halt,230.tiff,1,hem_rect_fill_1um,True,tm_score sorted
rank_key_descending,halt,230.tiff,1,hem_mask_fill_1um,True,chromatin_od sorted
rank_key_descending,halt,230.tiff,1,hem_mask_fill_1um,True,tm_score sorted
rank_key_descending,halt,230.tiff,2,default_51,True,chromatin_od sorted
rank_key_descending,halt,230.tiff,2,default_51,True,tm_score sorted
rank_key_descending,halt,230.tiff,2,hem_rect_fill,True,chromatin_od sorted
rank_key_descending,halt,230.tiff,2,hem_rect_fill,True,tm_score sorted
rank_key_descending,halt,230.tiff,2,hem_rect_fill_1um,True,chromatin_od sorted
rank_key_descending,halt,230.tiff,2,hem_rect_fill_1um,True,tm_score sorted
rank_key_descending,halt,230.tiff,2,hem_mask_fill_1um,True,chromatin_od sorted
rank_key_descending,halt,230.tiff,2,hem_mask_fill_1um,True,tm_score sorted
rank_key_descending,halt,230.tiff,3,default_51,True,chromatin_od sorted
rank_key_descending,halt,230.tiff,3,default_51,True,tm_score sorted
rank_key_descending,halt,230.tiff,3,hem_rect_fill,True,chromatin_od sorted
rank_key_descending,halt,230.tiff,3,hem_rect_fill,True,tm_score sorted
rank_key_descending,halt,230.tiff,3,hem_rect_fill_1um,True,chromatin_od sorted
rank_key_descending,halt,230.tiff,3,hem_rect_fill_1um,True,tm_score sorted
rank_key_descending,halt,230.tiff,3,hem_mask_fill_1um,True,chromatin_od sorted
rank_key_descending,halt,230.tiff,3,hem_mask_fill_1um,True,tm_score sorted
rank_key_descending,halt,230.tiff,4,default_51,True,chromatin_od sorted
rank_key_descending,halt,230.tiff,4,default_51,True,tm_score sorted
rank_key_descending,halt,230.tiff,4,hem_rect_fill,True,chromatin_od sorted
rank_key_descending,halt,230.tiff,4,hem_rect_fill,True,tm_score sorted
rank_key_descending,halt,230.tiff,4,hem_rect_fill_1um,True,chromatin_od sorted
rank_key_descending,halt,230.tiff,4,hem_rect_fill_1um,True,tm_score sorted
rank_key_descending,halt,230.tiff,4,hem_mask_fill_1um,True,chromatin_od sorted
rank_key_descending,halt,230.tiff,4,hem_mask_fill_1um,True,tm_score sorted
rank_key_descending,halt,230.tiff,5,default_51,True,chromatin_od sorted
rank_key_descending,halt,230.tiff,5,default_51,True,tm_score sorted
rank_key_descending,halt,230.tiff,5,hem_rect_fill,True,chromatin_od sorted
rank_key_descending,halt,230.tiff,5,hem_rect_fill,True,tm_score sorted
rank_key_descending,halt,230.tiff,5,hem_rect_fill_1um,True,chromatin_od sorted
rank_key_descending,halt,230.tiff,5,hem_rect_fill_1um,True,tm_score sorted
rank_key_descending,halt,230.tiff,5,hem_mask_fill_1um,True,chromatin_od sorted
rank_key_descending,halt,230.tiff,5,hem_mask_fill_1um,True,tm_score sorted
rank_key_descending,halt,235.tiff,0,default_51,True,chromatin_od sorted
rank_key_descending,halt,235.tiff,0,default_51,True,tm_score sorted
rank_key_descending,halt,235.tiff,0,hem_rect_fill,True,chromatin_od sorted
rank_key_descending,halt,235.tiff,0,hem_rect_fill,True,tm_score sorted
rank_key_descending,halt,235.tiff,0,hem_rect_fill_1um,True,chromatin_od sorted
rank_key_descending,halt,235.tiff,0,hem_rect_fill_1um,True,tm_score sorted
rank_key_descending,halt,235.tiff,0,hem_mask_fill_1um,True,chromatin_od sorted
rank_key_descending,halt,235.tiff,0,hem_mask_fill_1um,True,tm_score sorted
rank_key_descending,halt,235.tiff,1,default_51,True,chromatin_od sorted
rank_key_descending,halt,235.tiff,1,default_51,True,tm_score sorted
rank_key_descending,halt,235.tiff,1,hem_rect_fill,True,chromatin_od sorted
rank_key_descending,halt,235.tiff,1,hem_rect_fill,True,tm_score sorted
rank_key_descending,halt,235.tiff,1,hem_rect_fill_1um,True,chromatin_od sorted
rank_key_descending,halt,235.tiff,1,hem_rect_fill_1um,True,tm_score sorted
rank_key_descending,halt,235.tiff,1,hem_mask_fill_1um,True,chromatin_od sorted
rank_key_descending,halt,235.tiff,1,hem_mask_fill_1um,True,tm_score sorted
rank_key_descending,halt,235.tiff,2,default_51,True,chromatin_od sorted
rank_key_descending,halt,235.tiff,2,default_51,True,tm_score sorted
rank_key_descending,halt,235.tiff,2,hem_rect_fill,True,chromatin_od sorted
rank_key_descending,halt,235.tiff,2,hem_rect_fill,True,tm_score sorted
rank_key_descending,halt,235.tiff,2,hem_rect_fill_1um,True,chromatin_od sorted
rank_key_descending,halt,235.tiff,2,hem_rect_fill_1um,True,tm_score sorted
rank_key_descending,halt,235.tiff,2,hem_mask_fill_1um,True,chromatin_od sorted
rank_key_descending,halt,235.tiff,2,hem_mask_fill_1um,True,tm_score sorted
rank_key_descending,halt,235.tiff,3,default_51,True,chromatin_od sorted
rank_key_descending,halt,235.tiff,3,default_51,True,tm_score sorted
rank_key_descending,halt,235.tiff,3,hem_rect_fill,True,chromatin_od sorted
rank_key_descending,halt,235.tiff,3,hem_rect_fill,True,tm_score sorted
rank_key_descending,halt,235.tiff,3,hem_rect_fill_1um,True,chromatin_od sorted
rank_key_descending,halt,235.tiff,3,hem_rect_fill_1um,True,tm_score sorted
rank_key_descending,halt,235.tiff,3,hem_mask_fill_1um,True,chromatin_od sorted
rank_key_descending,halt,235.tiff,3,hem_mask_fill_1um,True,tm_score sorted
rank_key_descending,halt,235.tiff,4,default_51,True,chromatin_od sorted
rank_key_descending,halt,235.tiff,4,default_51,True,tm_score sorted
rank_key_descending,halt,235.tiff,4,hem_rect_fill,True,chromatin_od sorted
rank_key_descending,halt,235.tiff,4,hem_rect_fill,True,tm_score sorted
rank_key_descending,halt,235.tiff,4,hem_rect_fill_1um,True,chromatin_od sorted
rank_key_descending,halt,235.tiff,4,hem_rect_fill_1um,True,tm_score sorted
rank_key_descending,halt,235.tiff,4,hem_mask_fill_1um,True,chromatin_od sorted
rank_key_descending,halt,235.tiff,4,hem_mask_fill_1um,True,tm_score sorted
rank_key_descending,halt,235.tiff,5,default_51,True,chromatin_od sorted
rank_key_descending,halt,235.tiff,5,default_51,True,tm_score sorted
rank_key_descending,halt,235.tiff,5,hem_rect_fill,True,chromatin_od sorted
rank_key_descending,halt,235.tiff,5,hem_rect_fill,True,tm_score sorted
rank_key_descending,halt,235.tiff,5,hem_rect_fill_1um,True,chromatin_od sorted
rank_key_descending,halt,235.tiff,5,hem_rect_fill_1um,True,tm_score sorted
rank_key_descending,halt,235.tiff,5,hem_mask_fill_1um,True,chromatin_od sorted
rank_key_descending,halt,235.tiff,5,hem_mask_fill_1um,True,tm_score sorted
rank_key_descending,halt,242.tiff,0,default_51,True,chromatin_od sorted
rank_key_descending,halt,242.tiff,0,default_51,True,tm_score sorted
rank_key_descending,halt,242.tiff,0,hem_rect_fill,True,chromatin_od sorted
rank_key_descending,halt,242.tiff,0,hem_rect_fill,True,tm_score sorted
rank_key_descending,halt,242.tiff,0,hem_rect_fill_1um,True,chromatin_od sorted
rank_key_descending,halt,242.tiff,0,hem_rect_fill_1um,True,tm_score sorted
rank_key_descending,halt,242.tiff,0,hem_mask_fill_1um,True,chromatin_od sorted
rank_key_descending,halt,242.tiff,0,hem_mask_fill_1um,True,tm_score sorted
rank_key_descending,halt,242.tiff,1,default_51,True,chromatin_od sorted
rank_key_descending,halt,242.tiff,1,default_51,True,tm_score sorted
rank_key_descending,halt,242.tiff,1,hem_rect_fill,True,chromatin_od sorted
rank_key_descending,halt,242.tiff,1,hem_rect_fill,True,tm_score sorted
rank_key_descending,halt,242.tiff,1,hem_rect_fill_1um,True,chromatin_od sorted
rank_key_descending,halt,242.tiff,1,hem_rect_fill_1um,True,tm_score sorted
rank_key_descending,halt,242.tiff,1,hem_mask_fill_1um,True,chromatin_od sorted
rank_key_descending,halt,242.tiff,1,hem_mask_fill_1um,True,tm_score sorted
rank_key_descending,halt,242.tiff,2,default_51,True,chromatin_od sorted
rank_key_descending,halt,242.tiff,2,default_51,True,tm_score sorted
rank_key_descending,halt,242.tiff,2,hem_rect_fill,True,chromatin_od sorted
rank_key_descending,halt,242.tiff,2,hem_rect_fill,True,tm_score sorted
rank_key_descending,halt,242.tiff,2,hem_rect_fill_1um,True,chromatin_od sorted
rank_key_descending,halt,242.tiff,2,hem_rect_fill_1um,True,tm_score sorted
rank_key_descending,halt,242.tiff,2,hem_mask_fill_1um,True,chromatin_od sorted
rank_key_descending,halt,242.tiff,2,hem_mask_fill_1um,True,tm_score sorted
rank_key_descending,halt,242.tiff,3,default_51,True,chromatin_od sorted
rank_key_descending,halt,242.tiff,3,default_51,True,tm_score sorted
rank_key_descending,halt,242.tiff,3,hem_rect_fill,True,chromatin_od sorted
rank_key_descending,halt,242.tiff,3,hem_rect_fill,True,tm_score sorted
rank_key_descending,halt,242.tiff,3,hem_rect_fill_1um,True,chromatin_od sorted
rank_key_descending,halt,242.tiff,3,hem_rect_fill_1um,True,tm_score sorted
rank_key_descending,halt,242.tiff,3,hem_mask_fill_1um,True,chromatin_od sorted
rank_key_descending,halt,242.tiff,3,hem_mask_fill_1um,True,tm_score sorted
rank_key_descending,halt,242.tiff,4,default_51,True,chromatin_od sorted
rank_key_descending,halt,242.tiff,4,default_51,True,tm_score sorted
rank_key_descending,halt,242.tiff,4,hem_rect_fill,True,chromatin_od sorted
rank_key_descending,halt,242.tiff,4,hem_rect_fill,True,tm_score sorted
rank_key_descending,halt,242.tiff,4,hem_rect_fill_1um,True,chromatin_od sorted
rank_key_descending,halt,242.tiff,4,hem_rect_fill_1um,True,tm_score sorted
rank_key_descending,halt,242.tiff,4,hem_mask_fill_1um,True,chromatin_od sorted
rank_key_descending,halt,242.tiff,4,hem_mask_fill_1um,True,tm_score sorted
rank_key_descending,halt,242.tiff,5,default_51,True,chromatin_od sorted
rank_key_descending,halt,242.tiff,5,default_51,True,tm_score sorted
rank_key_descending,halt,242.tiff,5,hem_rect_fill,True,chromatin_od sorted
rank_key_descending,halt,242.tiff,5,hem_rect_fill,True,tm_score sorted
rank_key_descending,halt,242.tiff,5,hem_rect_fill_1um,True,chromatin_od sorted
rank_key_descending,halt,242.tiff,5,hem_rect_fill_1um,True,tm_score sorted
rank_key_descending,halt,242.tiff,5,hem_mask_fill_1um,True,chromatin_od sorted
rank_key_descending,halt,242.tiff,5,hem_mask_fill_1um,True,tm_score sorted
rank_key_descending,halt,245.tiff,0,default_51,True,chromatin_od sorted
rank_key_descending,halt,245.tiff,0,default_51,True,tm_score sorted
rank_key_descending,halt,245.tiff,0,hem_rect_fill,True,chromatin_od sorted
rank_key_descending,halt,245.tiff,0,hem_rect_fill,True,tm_score sorted
rank_key_descending,halt,245.tiff,0,hem_rect_fill_1um,True,chromatin_od sorted
rank_key_descending,halt,245.tiff,0,hem_rect_fill_1um,True,tm_score sorted
rank_key_descending,halt,245.tiff,0,hem_mask_fill_1um,True,chromatin_od sorted
rank_key_descending,halt,245.tiff,0,hem_mask_fill_1um,True,tm_score sorted
rank_key_descending,halt,245.tiff,1,default_51,True,chromatin_od sorted
rank_key_descending,halt,245.tiff,1,default_51,True,tm_score sorted
rank_key_descending,halt,245.tiff,1,hem_rect_fill,True,chromatin_od sorted
rank_key_descending,halt,245.tiff,1,hem_rect_fill,True,tm_score sorted
rank_key_descending,halt,245.tiff,1,hem_rect_fill_1um,True,chromatin_od sorted
rank_key_descending,halt,245.tiff,1,hem_rect_fill_1um,True,tm_score sorted
rank_key_descending,halt,245.tiff,1,hem_mask_fill_1um,True,chromatin_od sorted
rank_key_descending,halt,245.tiff,1,hem_mask_fill_1um,True,tm_score sorted
rank_key_descending,halt,245.tiff,2,default_51,True,chromatin_od sorted
rank_key_descending,halt,245.tiff,2,default_51,True,tm_score sorted
rank_key_descending,halt,245.tiff,2,hem_rect_fill,True,chromatin_od sorted
rank_key_descending,halt,245.tiff,2,hem_rect_fill,True,tm_score sorted
rank_key_descending,halt,245.tiff,2,hem_rect_fill_1um,True,chromatin_od sorted
rank_key_descending,halt,245.tiff,2,hem_rect_fill_1um,True,tm_score sorted
rank_key_descending,halt,245.tiff,2,hem_mask_fill_1um,True,chromatin_od sorted
rank_key_descending,halt,245.tiff,2,hem_mask_fill_1um,True,tm_score sorted
rank_key_descending,halt,245.tiff,3,default_51,True,chromatin_od sorted
rank_key_descending,halt,245.tiff,3,default_51,True,tm_score sorted
rank_key_descending,halt,245.tiff,3,hem_rect_fill,True,chromatin_od sorted
rank_key_descending,halt,245.tiff,3,hem_rect_fill,True,tm_score sorted
rank_key_descending,halt,245.tiff,3,hem_rect_fill_1um,True,chromatin_od sorted
rank_key_descending,halt,245.tiff,3,hem_rect_fill_1um,True,tm_score sorted
rank_key_descending,halt,245.tiff,3,hem_mask_fill_1um,True,chromatin_od sorted
rank_key_descending,halt,245.tiff,3,hem_mask_fill_1um,True,tm_score sorted
rank_key_descending,halt,245.tiff,4,default_51,True,chromatin_od sorted
rank_key_descending,halt,245.tiff,4,default_51,True,tm_score sorted
rank_key_descending,halt,245.tiff,4,hem_rect_fill,True,chromatin_od sorted
rank_key_descending,halt,245.tiff,4,hem_rect_fill,True,tm_score sorted
rank_key_descending,halt,245.tiff,4,hem_rect_fill_1um,True,chromatin_od sorted
rank_key_descending,halt,245.tiff,4,hem_rect_fill_1um,True,tm_score sorted
rank_key_descending,halt,245.tiff,4,hem_mask_fill_1um,True,chromatin_od sorted
rank_key_descending,halt,245.tiff,4,hem_mask_fill_1um,True,tm_score sorted
rank_key_descending,halt,245.tiff,5,default_51,True,chromatin_od sorted
rank_key_descending,halt,245.tiff,5,default_51,True,tm_score sorted
rank_key_descending,halt,245.tiff,5,hem_rect_fill,True,chromatin_od sorted
rank_key_descending,halt,245.tiff,5,hem_rect_fill,True,tm_score sorted
rank_key_descending,halt,245.tiff,5,hem_rect_fill_1um,True,chromatin_od sorted
rank_key_descending,halt,245.tiff,5,hem_rect_fill_1um,True,tm_score sorted
rank_key_descending,halt,245.tiff,5,hem_mask_fill_1um,True,chromatin_od sorted
rank_key_descending,halt,245.tiff,5,hem_mask_fill_1um,True,tm_score sorted
rank_key_descending,halt,246.tiff,0,default_51,True,chromatin_od sorted
rank_key_descending,halt,246.tiff,0,default_51,True,tm_score sorted
rank_key_descending,halt,246.tiff,0,hem_rect_fill,True,chromatin_od sorted
rank_key_descending,halt,246.tiff,0,hem_rect_fill,True,tm_score sorted
rank_key_descending,halt,246.tiff,0,hem_rect_fill_1um,True,chromatin_od sorted
rank_key_descending,halt,246.tiff,0,hem_rect_fill_1um,True,tm_score sorted
rank_key_descending,halt,246.tiff,0,hem_mask_fill_1um,True,chromatin_od sorted
rank_key_descending,halt,246.tiff,0,hem_mask_fill_1um,True,tm_score sorted
rank_key_descending,halt,246.tiff,1,default_51,True,chromatin_od sorted
rank_key_descending,halt,246.tiff,1,default_51,True,tm_score sorted
rank_key_descending,halt,246.tiff,1,hem_rect_fill,True,chromatin_od sorted
rank_key_descending,halt,246.tiff,1,hem_rect_fill,True,tm_score sorted
rank_key_descending,halt,246.tiff,1,hem_rect_fill_1um,True,chromatin_od sorted
rank_key_descending,halt,246.tiff,1,hem_rect_fill_1um,True,tm_score sorted
rank_key_descending,halt,246.tiff,1,hem_mask_fill_1um,True,chromatin_od sorted
rank_key_descending,halt,246.tiff,1,hem_mask_fill_1um,True,tm_score sorted
rank_key_descending,halt,246.tiff,2,default_51,True,chromatin_od sorted
rank_key_descending,halt,246.tiff,2,default_51,True,tm_score sorted
rank_key_descending,halt,246.tiff,2,hem_rect_fill,True,chromatin_od sorted
rank_key_descending,halt,246.tiff,2,hem_rect_fill,True,tm_score sorted
rank_key_descending,halt,246.tiff,2,hem_rect_fill_1um,True,chromatin_od sorted
rank_key_descending,halt,246.tiff,2,hem_rect_fill_1um,True,tm_score sorted
rank_key_descending,halt,246.tiff,2,hem_mask_fill_1um,True,chromatin_od sorted
rank_key_descending,halt,246.tiff,2,hem_mask_fill_1um,True,tm_score sorted
rank_key_descending,halt,246.tiff,3,default_51,True,chromatin_od sorted
rank_key_descending,halt,246.tiff,3,default_51,True,tm_score sorted
rank_key_descending,halt,246.tiff,3,hem_rect_fill,True,chromatin_od sorted
rank_key_descending,halt,246.tiff,3,hem_rect_fill,True,tm_score sorted
rank_key_descending,halt,246.tiff,3,hem_rect_fill_1um,True,chromatin_od sorted
rank_key_descending,halt,246.tiff,3,hem_rect_fill_1um,True,tm_score sorted
rank_key_descending,halt,246.tiff,3,hem_mask_fill_1um,True,chromatin_od sorted
rank_key_descending,halt,246.tiff,3,hem_mask_fill_1um,True,tm_score sorted
rank_key_descending,halt,246.tiff,4,default_51,True,chromatin_od sorted
rank_key_descending,halt,246.tiff,4,default_51,True,tm_score sorted
rank_key_descending,halt,246.tiff,4,hem_rect_fill,True,chromatin_od sorted
rank_key_descending,halt,246.tiff,4,hem_rect_fill,True,tm_score sorted
rank_key_descending,halt,246.tiff,4,hem_rect_fill_1um,True,chromatin_od sorted
rank_key_descending,halt,246.tiff,4,hem_rect_fill_1um,True,tm_score sorted
rank_key_descending,halt,246.tiff,4,hem_mask_fill_1um,True,chromatin_od sorted
rank_key_descending,halt,246.tiff,4,hem_mask_fill_1um,True,tm_score sorted
rank_key_descending,halt,246.tiff,5,default_51,True,chromatin_od sorted
rank_key_descending,halt,246.tiff,5,default_51,True,tm_score sorted
rank_key_descending,halt,246.tiff,5,hem_rect_fill,True,chromatin_od sorted
rank_key_descending,halt,246.tiff,5,hem_rect_fill,True,tm_score sorted
rank_key_descending,halt,246.tiff,5,hem_rect_fill_1um,True,chromatin_od sorted
rank_key_descending,halt,246.tiff,5,hem_rect_fill_1um,True,tm_score sorted
rank_key_descending,halt,246.tiff,5,hem_mask_fill_1um,True,chromatin_od sorted
rank_key_descending,halt,246.tiff,5,hem_mask_fill_1um,True,tm_score sorted
rank_key_descending,halt,249.tiff,0,default_51,True,chromatin_od sorted
rank_key_descending,halt,249.tiff,0,default_51,True,tm_score sorted
rank_key_descending,halt,249.tiff,0,hem_rect_fill,True,chromatin_od sorted
rank_key_descending,halt,249.tiff,0,hem_rect_fill,True,tm_score sorted
rank_key_descending,halt,249.tiff,0,hem_rect_fill_1um,True,chromatin_od sorted
rank_key_descending,halt,249.tiff,0,hem_rect_fill_1um,True,tm_score sorted
rank_key_descending,halt,249.tiff,0,hem_mask_fill_1um,True,chromatin_od sorted
rank_key_descending,halt,249.tiff,0,hem_mask_fill_1um,True,tm_score sorted
rank_key_descending,halt,249.tiff,1,default_51,True,chromatin_od sorted
rank_key_descending,halt,249.tiff,1,default_51,True,tm_score sorted
rank_key_descending,halt,249.tiff,1,hem_rect_fill,True,chromatin_od sorted
rank_key_descending,halt,249.tiff,1,hem_rect_fill,True,tm_score sorted
rank_key_descending,halt,249.tiff,1,hem_rect_fill_1um,True,chromatin_od sorted
rank_key_descending,halt,249.tiff,1,hem_rect_fill_1um,True,tm_score sorted
rank_key_descending,halt,249.tiff,1,hem_mask_fill_1um,True,chromatin_od sorted
rank_key_descending,halt,249.tiff,1,hem_mask_fill_1um,True,tm_score sorted
rank_key_descending,halt,249.tiff,2,default_51,True,chromatin_od sorted
rank_key_descending,halt,249.tiff,2,default_51,True,tm_score sorted
rank_key_descending,halt,249.tiff,2,hem_rect_fill,True,chromatin_od sorted
rank_key_descending,halt,249.tiff,2,hem_rect_fill,True,tm_score sorted
rank_key_descending,halt,249.tiff,2,hem_rect_fill_1um,True,chromatin_od sorted
rank_key_descending,halt,249.tiff,2,hem_rect_fill_1um,True,tm_score sorted
rank_key_descending,halt,249.tiff,2,hem_mask_fill_1um,True,chromatin_od sorted
rank_key_descending,halt,249.tiff,2,hem_mask_fill_1um,True,tm_score sorted
rank_key_descending,halt,249.tiff,3,default_51,True,chromatin_od sorted
rank_key_descending,halt,249.tiff,3,default_51,True,tm_score sorted
rank_key_descending,halt,249.tiff,3,hem_rect_fill,True,chromatin_od sorted
rank_key_descending,halt,249.tiff,3,hem_rect_fill,True,tm_score sorted
rank_key_descending,halt,249.tiff,3,hem_rect_fill_1um,True,chromatin_od sorted
rank_key_descending,halt,249.tiff,3,hem_rect_fill_1um,True,tm_score sorted
rank_key_descending,halt,249.tiff,3,hem_mask_fill_1um,True,chromatin_od sorted
rank_key_descending,halt,249.tiff,3,hem_mask_fill_1um,True,tm_score sorted
rank_key_descending,halt,249.tiff,4,default_51,True,chromatin_od sorted
rank_key_descending,halt,249.tiff,4,default_51,True,tm_score sorted
rank_key_descending,halt,249.tiff,4,hem_rect_fill,True,chromatin_od sorted
rank_key_descending,halt,249.tiff,4,hem_rect_fill,True,tm_score sorted
rank_key_descending,halt,249.tiff,4,hem_rect_fill_1um,True,chromatin_od sorted
rank_key_descending,halt,249.tiff,4,hem_rect_fill_1um,True,tm_score sorted
rank_key_descending,halt,249.tiff,4,hem_mask_fill_1um,True,chromatin_od sorted
rank_key_descending,halt,249.tiff,4,hem_mask_fill_1um,True,tm_score sorted
rank_key_descending,halt,249.tiff,5,default_51,True,chromatin_od sorted
rank_key_descending,halt,249.tiff,5,default_51,True,tm_score sorted
rank_key_descending,halt,249.tiff,5,hem_rect_fill,True,chromatin_od sorted
rank_key_descending,halt,249.tiff,5,hem_rect_fill,True,tm_score sorted
rank_key_descending,halt,249.tiff,5,hem_rect_fill_1um,True,chromatin_od sorted
rank_key_descending,halt,249.tiff,5,hem_rect_fill_1um,True,tm_score sorted
rank_key_descending,halt,249.tiff,5,hem_mask_fill_1um,True,chromatin_od sorted
rank_key_descending,halt,249.tiff,5,hem_mask_fill_1um,True,tm_score sorted
rank_key_descending,halt,284.tiff,0,default_51,True,chromatin_od sorted
rank_key_descending,halt,284.tiff,0,default_51,True,tm_score sorted
rank_key_descending,halt,284.tiff,0,hem_rect_fill,True,chromatin_od sorted
rank_key_descending,halt,284.tiff,0,hem_rect_fill,True,tm_score sorted
rank_key_descending,halt,284.tiff,0,hem_rect_fill_1um,True,chromatin_od sorted
rank_key_descending,halt,284.tiff,0,hem_rect_fill_1um,True,tm_score sorted
rank_key_descending,halt,284.tiff,0,hem_mask_fill_1um,True,chromatin_od sorted
rank_key_descending,halt,284.tiff,0,hem_mask_fill_1um,True,tm_score sorted
rank_key_descending,halt,284.tiff,1,default_51,True,chromatin_od sorted
rank_key_descending,halt,284.tiff,1,default_51,True,tm_score sorted
rank_key_descending,halt,284.tiff,1,hem_rect_fill,True,chromatin_od sorted
rank_key_descending,halt,284.tiff,1,hem_rect_fill,True,tm_score sorted
rank_key_descending,halt,284.tiff,1,hem_rect_fill_1um,True,chromatin_od sorted
rank_key_descending,halt,284.tiff,1,hem_rect_fill_1um,True,tm_score sorted
rank_key_descending,halt,284.tiff,1,hem_mask_fill_1um,True,chromatin_od sorted
rank_key_descending,halt,284.tiff,1,hem_mask_fill_1um,True,tm_score sorted
rank_key_descending,halt,284.tiff,2,default_51,True,chromatin_od sorted
rank_key_descending,halt,284.tiff,2,default_51,True,tm_score sorted
rank_key_descending,halt,284.tiff,2,hem_rect_fill,True,chromatin_od sorted
rank_key_descending,halt,284.tiff,2,hem_rect_fill,True,tm_score sorted
rank_key_descending,halt,284.tiff,2,hem_rect_fill_1um,True,chromatin_od sorted
rank_key_descending,halt,284.tiff,2,hem_rect_fill_1um,True,tm_score sorted
rank_key_descending,halt,284.tiff,2,hem_mask_fill_1um,True,chromatin_od sorted
rank_key_descending,halt,284.tiff,2,hem_mask_fill_1um,True,tm_score sorted
rank_key_descending,halt,284.tiff,3,default_51,True,chromatin_od sorted
rank_key_descending,halt,284.tiff,3,default_51,True,tm_score sorted
rank_key_descending,halt,284.tiff,3,hem_rect_fill,True,chromatin_od sorted
rank_key_descending,halt,284.tiff,3,hem_rect_fill,True,tm_score sorted
rank_key_descending,halt,284.tiff,3,hem_rect_fill_1um,True,chromatin_od sorted
rank_key_descending,halt,284.tiff,3,hem_rect_fill_1um,True,tm_score sorted
rank_key_descending,halt,284.tiff,3,hem_mask_fill_1um,True,chromatin_od sorted
rank_key_descending,halt,284.tiff,3,hem_mask_fill_1um,True,tm_score sorted
rank_key_descending,halt,284.tiff,4,default_51,True,chromatin_od sorted
rank_key_descending,halt,284.tiff,4,default_51,True,tm_score sorted
rank_key_descending,halt,284.tiff,4,hem_rect_fill,True,chromatin_od sorted
rank_key_descending,halt,284.tiff,4,hem_rect_fill,True,tm_score sorted
rank_key_descending,halt,284.tiff,4,hem_rect_fill_1um,True,chromatin_od sorted
rank_key_descending,halt,284.tiff,4,hem_rect_fill_1um,True,tm_score sorted
rank_key_descending,halt,284.tiff,4,hem_mask_fill_1um,True,chromatin_od sorted
rank_key_descending,halt,284.tiff,4,hem_mask_fill_1um,True,tm_score sorted
rank_key_descending,halt,284.tiff,5,default_51,True,chromatin_od sorted
rank_key_descending,halt,284.tiff,5,default_51,True,tm_score sorted
rank_key_descending,halt,284.tiff,5,hem_rect_fill,True,chromatin_od sorted
rank_key_descending,halt,284.tiff,5,hem_rect_fill,True,tm_score sorted
rank_key_descending,halt,284.tiff,5,hem_rect_fill_1um,True,chromatin_od sorted
rank_key_descending,halt,284.tiff,5,hem_rect_fill_1um,True,tm_score sorted
rank_key_descending,halt,284.tiff,5,hem_mask_fill_1um,True,chromatin_od sorted
rank_key_descending,halt,284.tiff,5,hem_mask_fill_1um,True,tm_score sorted
rank_key_descending,halt,289.tiff,0,default_51,True,chromatin_od sorted
rank_key_descending,halt,289.tiff,0,default_51,True,tm_score sorted
rank_key_descending,halt,289.tiff,0,hem_rect_fill,True,chromatin_od sorted
rank_key_descending,halt,289.tiff,0,hem_rect_fill,True,tm_score sorted
rank_key_descending,halt,289.tiff,0,hem_rect_fill_1um,True,chromatin_od sorted
rank_key_descending,halt,289.tiff,0,hem_rect_fill_1um,True,tm_score sorted
rank_key_descending,halt,289.tiff,0,hem_mask_fill_1um,True,chromatin_od sorted
rank_key_descending,halt,289.tiff,0,hem_mask_fill_1um,True,tm_score sorted
rank_key_descending,halt,289.tiff,1,default_51,True,chromatin_od sorted
rank_key_descending,halt,289.tiff,1,default_51,True,tm_score sorted
rank_key_descending,halt,289.tiff,1,hem_rect_fill,True,chromatin_od sorted
rank_key_descending,halt,289.tiff,1,hem_rect_fill,True,tm_score sorted
rank_key_descending,halt,289.tiff,1,hem_rect_fill_1um,True,chromatin_od sorted
rank_key_descending,halt,289.tiff,1,hem_rect_fill_1um,True,tm_score sorted
rank_key_descending,halt,289.tiff,1,hem_mask_fill_1um,True,chromatin_od sorted
rank_key_descending,halt,289.tiff,1,hem_mask_fill_1um,True,tm_score sorted
rank_key_descending,halt,289.tiff,2,default_51,True,chromatin_od sorted
rank_key_descending,halt,289.tiff,2,default_51,True,tm_score sorted
rank_key_descending,halt,289.tiff,2,hem_rect_fill,True,chromatin_od sorted
rank_key_descending,halt,289.tiff,2,hem_rect_fill,True,tm_score sorted
rank_key_descending,halt,289.tiff,2,hem_rect_fill_1um,True,chromatin_od sorted
rank_key_descending,halt,289.tiff,2,hem_rect_fill_1um,True,tm_score sorted
rank_key_descending,halt,289.tiff,2,hem_mask_fill_1um,True,chromatin_od sorted
rank_key_descending,halt,289.tiff,2,hem_mask_fill_1um,True,tm_score sorted
rank_key_descending,halt,289.tiff,3,default_51,True,chromatin_od sorted
rank_key_descending,halt,289.tiff,3,default_51,True,tm_score sorted
rank_key_descending,halt,289.tiff,3,hem_rect_fill,True,chromatin_od sorted
rank_key_descending,halt,289.tiff,3,hem_rect_fill,True,tm_score sorted
rank_key_descending,halt,289.tiff,3,hem_rect_fill_1um,True,chromatin_od sorted
rank_key_descending,halt,289.tiff,3,hem_rect_fill_1um,True,tm_score sorted
rank_key_descending,halt,289.tiff,3,hem_mask_fill_1um,True,chromatin_od sorted
rank_key_descending,halt,289.tiff,3,hem_mask_fill_1um,True,tm_score sorted
rank_key_descending,halt,289.tiff,4,default_51,True,chromatin_od sorted
rank_key_descending,halt,289.tiff,4,default_51,True,tm_score sorted
rank_key_descending,halt,289.tiff,4,hem_rect_fill,True,chromatin_od sorted
rank_key_descending,halt,289.tiff,4,hem_rect_fill,True,tm_score sorted
rank_key_descending,halt,289.tiff,4,hem_rect_fill_1um,True,chromatin_od sorted
rank_key_descending,halt,289.tiff,4,hem_rect_fill_1um,True,tm_score sorted
rank_key_descending,halt,289.tiff,4,hem_mask_fill_1um,True,chromatin_od sorted
rank_key_descending,halt,289.tiff,4,hem_mask_fill_1um,True,tm_score sorted
rank_key_descending,halt,289.tiff,5,default_51,True,chromatin_od sorted
rank_key_descending,halt,289.tiff,5,default_51,True,tm_score sorted
rank_key_descending,halt,289.tiff,5,hem_rect_fill,True,chromatin_od sorted
rank_key_descending,halt,289.tiff,5,hem_rect_fill,True,tm_score sorted
rank_key_descending,halt,289.tiff,5,hem_rect_fill_1um,True,chromatin_od sorted
rank_key_descending,halt,289.tiff,5,hem_rect_fill_1um,True,tm_score sorted
rank_key_descending,halt,289.tiff,5,hem_mask_fill_1um,True,chromatin_od sorted
rank_key_descending,halt,289.tiff,5,hem_mask_fill_1um,True,tm_score sorted
rank_key_descending,halt,291.tiff,0,default_51,True,chromatin_od sorted
rank_key_descending,halt,291.tiff,0,default_51,True,tm_score sorted
rank_key_descending,halt,291.tiff,0,hem_rect_fill,True,chromatin_od sorted
rank_key_descending,halt,291.tiff,0,hem_rect_fill,True,tm_score sorted
rank_key_descending,halt,291.tiff,0,hem_rect_fill_1um,True,chromatin_od sorted
rank_key_descending,halt,291.tiff,0,hem_rect_fill_1um,True,tm_score sorted
rank_key_descending,halt,291.tiff,0,hem_mask_fill_1um,True,chromatin_od sorted
rank_key_descending,halt,291.tiff,0,hem_mask_fill_1um,True,tm_score sorted
rank_key_descending,halt,291.tiff,1,default_51,True,chromatin_od sorted
rank_key_descending,halt,291.tiff,1,default_51,True,tm_score sorted
rank_key_descending,halt,291.tiff,1,hem_rect_fill,True,chromatin_od sorted
rank_key_descending,halt,291.tiff,1,hem_rect_fill,True,tm_score sorted
rank_key_descending,halt,291.tiff,1,hem_rect_fill_1um,True,chromatin_od sorted
rank_key_descending,halt,291.tiff,1,hem_rect_fill_1um,True,tm_score sorted
rank_key_descending,halt,291.tiff,1,hem_mask_fill_1um,True,chromatin_od sorted
rank_key_descending,halt,291.tiff,1,hem_mask_fill_1um,True,tm_score sorted
rank_key_descending,halt,291.tiff,2,default_51,True,chromatin_od sorted
rank_key_descending,halt,291.tiff,2,default_51,True,tm_score sorted
rank_key_descending,halt,291.tiff,2,hem_rect_fill,True,chromatin_od sorted
rank_key_descending,halt,291.tiff,2,hem_rect_fill,True,tm_score sorted
rank_key_descending,halt,291.tiff,2,hem_rect_fill_1um,True,chromatin_od sorted
rank_key_descending,halt,291.tiff,2,hem_rect_fill_1um,True,tm_score sorted
rank_key_descending,halt,291.tiff,2,hem_mask_fill_1um,True,chromatin_od sorted
rank_key_descending,halt,291.tiff,2,hem_mask_fill_1um,True,tm_score sorted
rank_key_descending,halt,291.tiff,3,default_51,True,chromatin_od sorted
rank_key_descending,halt,291.tiff,3,default_51,True,tm_score sorted
rank_key_descending,halt,291.tiff,3,hem_rect_fill,True,chromatin_od sorted
rank_key_descending,halt,291.tiff,3,hem_rect_fill,True,tm_score sorted
rank_key_descending,halt,291.tiff,3,hem_rect_fill_1um,True,chromatin_od sorted
rank_key_descending,halt,291.tiff,3,hem_rect_fill_1um,True,tm_score sorted
rank_key_descending,halt,291.tiff,3,hem_mask_fill_1um,True,chromatin_od sorted
rank_key_descending,halt,291.tiff,3,hem_mask_fill_1um,True,tm_score sorted
rank_key_descending,halt,291.tiff,4,default_51,True,chromatin_od sorted
rank_key_descending,halt,291.tiff,4,default_51,True,tm_score sorted
rank_key_descending,halt,291.tiff,4,hem_rect_fill,True,chromatin_od sorted
rank_key_descending,halt,291.tiff,4,hem_rect_fill,True,tm_score sorted
rank_key_descending,halt,291.tiff,4,hem_rect_fill_1um,True,chromatin_od sorted
rank_key_descending,halt,291.tiff,4,hem_rect_fill_1um,True,tm_score sorted
rank_key_descending,halt,291.tiff,4,hem_mask_fill_1um,True,chromatin_od sorted
rank_key_descending,halt,291.tiff,4,hem_mask_fill_1um,True,tm_score sorted
rank_key_descending,halt,291.tiff,5,default_51,True,chromatin_od sorted
rank_key_descending,halt,291.tiff,5,default_51,True,tm_score sorted
rank_key_descending,halt,291.tiff,5,hem_rect_fill,True,chromatin_od sorted
rank_key_descending,halt,291.tiff,5,hem_rect_fill,True,tm_score sorted
rank_key_descending,halt,291.tiff,5,hem_rect_fill_1um,True,chromatin_od sorted
rank_key_descending,halt,291.tiff,5,hem_rect_fill_1um,True,tm_score sorted
rank_key_descending,halt,291.tiff,5,hem_mask_fill_1um,True,chromatin_od sorted
rank_key_descending,halt,291.tiff,5,hem_mask_fill_1um,True,tm_score sorted
rank_key_descending,halt,293.tiff,0,default_51,True,chromatin_od sorted
rank_key_descending,halt,293.tiff,0,default_51,True,tm_score sorted
rank_key_descending,halt,293.tiff,0,hem_rect_fill,True,chromatin_od sorted
rank_key_descending,halt,293.tiff,0,hem_rect_fill,True,tm_score sorted
rank_key_descending,halt,293.tiff,0,hem_rect_fill_1um,True,chromatin_od sorted
rank_key_descending,halt,293.tiff,0,hem_rect_fill_1um,True,tm_score sorted
rank_key_descending,halt,293.tiff,0,hem_mask_fill_1um,True,chromatin_od sorted
rank_key_descending,halt,293.tiff,0,hem_mask_fill_1um,True,tm_score sorted
rank_key_descending,halt,293.tiff,1,default_51,True,chromatin_od sorted
rank_key_descending,halt,293.tiff,1,default_51,True,tm_score sorted
rank_key_descending,halt,293.tiff,1,hem_rect_fill,True,chromatin_od sorted
rank_key_descending,halt,293.tiff,1,hem_rect_fill,True,tm_score sorted
rank_key_descending,halt,293.tiff,1,hem_rect_fill_1um,True,chromatin_od sorted
rank_key_descending,halt,293.tiff,1,hem_rect_fill_1um,True,tm_score sorted
rank_key_descending,halt,293.tiff,1,hem_mask_fill_1um,True,chromatin_od sorted
rank_key_descending,halt,293.tiff,1,hem_mask_fill_1um,True,tm_score sorted
rank_key_descending,halt,293.tiff,2,default_51,True,chromatin_od sorted
rank_key_descending,halt,293.tiff,2,default_51,True,tm_score sorted
rank_key_descending,halt,293.tiff,2,hem_rect_fill,True,chromatin_od sorted
rank_key_descending,halt,293.tiff,2,hem_rect_fill,True,tm_score sorted
rank_key_descending,halt,293.tiff,2,hem_rect_fill_1um,True,chromatin_od sorted
rank_key_descending,halt,293.tiff,2,hem_rect_fill_1um,True,tm_score sorted
rank_key_descending,halt,293.tiff,2,hem_mask_fill_1um,True,chromatin_od sorted
rank_key_descending,halt,293.tiff,2,hem_mask_fill_1um,True,tm_score sorted
rank_key_descending,halt,293.tiff,3,default_51,True,chromatin_od sorted
rank_key_descending,halt,293.tiff,3,default_51,True,tm_score sorted
rank_key_descending,halt,293.tiff,3,hem_rect_fill,True,chromatin_od sorted
rank_key_descending,halt,293.tiff,3,hem_rect_fill,True,tm_score sorted
rank_key_descending,halt,293.tiff,3,hem_rect_fill_1um,True,chromatin_od sorted
rank_key_descending,halt,293.tiff,3,hem_rect_fill_1um,True,tm_score sorted
rank_key_descending,halt,293.tiff,3,hem_mask_fill_1um,True,chromatin_od sorted
rank_key_descending,halt,293.tiff,3,hem_mask_fill_1um,True,tm_score sorted
rank_key_descending,halt,293.tiff,4,default_51,True,chromatin_od sorted
rank_key_descending,halt,293.tiff,4,default_51,True,tm_score sorted
rank_key_descending,halt,293.tiff,4,hem_rect_fill,True,chromatin_od sorted
rank_key_descending,halt,293.tiff,4,hem_rect_fill,True,tm_score sorted
rank_key_descending,halt,293.tiff,4,hem_rect_fill_1um,True,chromatin_od sorted
rank_key_descending,halt,293.tiff,4,hem_rect_fill_1um,True,tm_score sorted
rank_key_descending,halt,293.tiff,4,hem_mask_fill_1um,True,chromatin_od sorted
rank_key_descending,halt,293.tiff,4,hem_mask_fill_1um,True,tm_score sorted
rank_key_descending,halt,293.tiff,5,default_51,True,chromatin_od sorted
rank_key_descending,halt,293.tiff,5,default_51,True,tm_score sorted
rank_key_descending,halt,293.tiff,5,hem_rect_fill,True,chromatin_od sorted
rank_key_descending,halt,293.tiff,5,hem_rect_fill,True,tm_score sorted
rank_key_descending,halt,293.tiff,5,hem_rect_fill_1um,True,chromatin_od sorted
rank_key_descending,halt,293.tiff,5,hem_rect_fill_1um,True,tm_score sorted
rank_key_descending,halt,293.tiff,5,hem_mask_fill_1um,True,chromatin_od sorted
rank_key_descending,halt,293.tiff,5,hem_mask_fill_1um,True,tm_score sorted
rank_key_descending,halt,459.tiff,0,default_51,True,chromatin_od sorted
rank_key_descending,halt,459.tiff,0,default_51,True,tm_score sorted
rank_key_descending,halt,459.tiff,0,hem_rect_fill,True,chromatin_od sorted
rank_key_descending,halt,459.tiff,0,hem_rect_fill,True,tm_score sorted
rank_key_descending,halt,459.tiff,0,hem_rect_fill_1um,True,chromatin_od sorted
rank_key_descending,halt,459.tiff,0,hem_rect_fill_1um,True,tm_score sorted
rank_key_descending,halt,459.tiff,0,hem_mask_fill_1um,True,chromatin_od sorted
rank_key_descending,halt,459.tiff,0,hem_mask_fill_1um,True,tm_score sorted
rank_key_descending,halt,459.tiff,1,default_51,True,chromatin_od sorted
rank_key_descending,halt,459.tiff,1,default_51,True,tm_score sorted
rank_key_descending,halt,459.tiff,1,hem_rect_fill,True,chromatin_od sorted
rank_key_descending,halt,459.tiff,1,hem_rect_fill,True,tm_score sorted
rank_key_descending,halt,459.tiff,1,hem_rect_fill_1um,True,chromatin_od sorted
rank_key_descending,halt,459.tiff,1,hem_rect_fill_1um,True,tm_score sorted
rank_key_descending,halt,459.tiff,1,hem_mask_fill_1um,True,chromatin_od sorted
rank_key_descending,halt,459.tiff,1,hem_mask_fill_1um,True,tm_score sorted
rank_key_descending,halt,459.tiff,2,default_51,True,chromatin_od sorted
rank_key_descending,halt,459.tiff,2,default_51,True,tm_score sorted
rank_key_descending,halt,459.tiff,2,hem_rect_fill,True,chromatin_od sorted
rank_key_descending,halt,459.tiff,2,hem_rect_fill,True,tm_score sorted
rank_key_descending,halt,459.tiff,2,hem_rect_fill_1um,True,chromatin_od sorted
rank_key_descending,halt,459.tiff,2,hem_rect_fill_1um,True,tm_score sorted
rank_key_descending,halt,459.tiff,2,hem_mask_fill_1um,True,chromatin_od sorted
rank_key_descending,halt,459.tiff,2,hem_mask_fill_1um,True,tm_score sorted
rank_key_descending,halt,459.tiff,3,default_51,True,chromatin_od sorted
rank_key_descending,halt,459.tiff,3,default_51,True,tm_score sorted
rank_key_descending,halt,459.tiff,3,hem_rect_fill,True,chromatin_od sorted
rank_key_descending,halt,459.tiff,3,hem_rect_fill,True,tm_score sorted
rank_key_descending,halt,459.tiff,3,hem_rect_fill_1um,True,chromatin_od sorted
rank_key_descending,halt,459.tiff,3,hem_rect_fill_1um,True,tm_score sorted
rank_key_descending,halt,459.tiff,3,hem_mask_fill_1um,True,chromatin_od sorted
rank_key_descending,halt,459.tiff,3,hem_mask_fill_1um,True,tm_score sorted
rank_key_descending,halt,459.tiff,4,default_51,True,chromatin_od sorted
rank_key_descending,halt,459.tiff,4,default_51,True,tm_score sorted
rank_key_descending,halt,459.tiff,4,hem_rect_fill,True,chromatin_od sorted
rank_key_descending,halt,459.tiff,4,hem_rect_fill,True,tm_score sorted
rank_key_descending,halt,459.tiff,4,hem_rect_fill_1um,True,chromatin_od sorted
rank_key_descending,halt,459.tiff,4,hem_rect_fill_1um,True,tm_score sorted
rank_key_descending,halt,459.tiff,4,hem_mask_fill_1um,True,chromatin_od sorted
rank_key_descending,halt,459.tiff,4,hem_mask_fill_1um,True,tm_score sorted
rank_key_descending,halt,459.tiff,5,default_51,True,chromatin_od sorted
rank_key_descending,halt,459.tiff,5,default_51,True,tm_score sorted
rank_key_descending,halt,459.tiff,5,hem_rect_fill,True,chromatin_od sorted
rank_key_descending,halt,459.tiff,5,hem_rect_fill,True,tm_score sorted
rank_key_descending,halt,459.tiff,5,hem_rect_fill_1um,True,chromatin_od sorted
rank_key_descending,halt,459.tiff,5,hem_rect_fill_1um,True,tm_score sorted
rank_key_descending,halt,459.tiff,5,hem_mask_fill_1um,True,chromatin_od sorted
rank_key_descending,halt,459.tiff,5,hem_mask_fill_1um,True,tm_score sorted
rank_key_descending,halt,460.tiff,0,default_51,True,chromatin_od sorted
rank_key_descending,halt,460.tiff,0,default_51,True,tm_score sorted
rank_key_descending,halt,460.tiff,0,hem_rect_fill,True,chromatin_od sorted
rank_key_descending,halt,460.tiff,0,hem_rect_fill,True,tm_score sorted
rank_key_descending,halt,460.tiff,0,hem_rect_fill_1um,True,chromatin_od sorted
rank_key_descending,halt,460.tiff,0,hem_rect_fill_1um,True,tm_score sorted
rank_key_descending,halt,460.tiff,0,hem_mask_fill_1um,True,chromatin_od sorted
rank_key_descending,halt,460.tiff,0,hem_mask_fill_1um,True,tm_score sorted
rank_key_descending,halt,460.tiff,1,default_51,True,chromatin_od sorted
rank_key_descending,halt,460.tiff,1,default_51,True,tm_score sorted
rank_key_descending,halt,460.tiff,1,hem_rect_fill,True,chromatin_od sorted
rank_key_descending,halt,460.tiff,1,hem_rect_fill,True,tm_score sorted
rank_key_descending,halt,460.tiff,1,hem_rect_fill_1um,True,chromatin_od sorted
rank_key_descending,halt,460.tiff,1,hem_rect_fill_1um,True,tm_score sorted
rank_key_descending,halt,460.tiff,1,hem_mask_fill_1um,True,chromatin_od sorted
rank_key_descending,halt,460.tiff,1,hem_mask_fill_1um,True,tm_score sorted
rank_key_descending,halt,460.tiff,2,default_51,True,chromatin_od sorted
rank_key_descending,halt,460.tiff,2,default_51,True,tm_score sorted
rank_key_descending,halt,460.tiff,2,hem_rect_fill,True,chromatin_od sorted
rank_key_descending,halt,460.tiff,2,hem_rect_fill,True,tm_score sorted
rank_key_descending,halt,460.tiff,2,hem_rect_fill_1um,True,chromatin_od sorted
rank_key_descending,halt,460.tiff,2,hem_rect_fill_1um,True,tm_score sorted
rank_key_descending,halt,460.tiff,2,hem_mask_fill_1um,True,chromatin_od sorted
rank_key_descending,halt,460.tiff,2,hem_mask_fill_1um,True,tm_score sorted
rank_key_descending,halt,460.tiff,3,default_51,True,chromatin_od sorted
rank_key_descending,halt,460.tiff,3,default_51,True,tm_score sorted
rank_key_descending,halt,460.tiff,3,hem_rect_fill,True,chromatin_od sorted
rank_key_descending,halt,460.tiff,3,hem_rect_fill,True,tm_score sorted
rank_key_descending,halt,460.tiff,3,hem_rect_fill_1um,True,chromatin_od sorted
rank_key_descending,halt,460.tiff,3,hem_rect_fill_1um,True,tm_score sorted
rank_key_descending,halt,460.tiff,3,hem_mask_fill_1um,True,chromatin_od sorted
rank_key_descending,halt,460.tiff,3,hem_mask_fill_1um,True,tm_score sorted
rank_key_descending,halt,460.tiff,4,default_51,True,chromatin_od sorted
rank_key_descending,halt,460.tiff,4,default_51,True,tm_score sorted
rank_key_descending,halt,460.tiff,4,hem_rect_fill,True,chromatin_od sorted
rank_key_descending,halt,460.tiff,4,hem_rect_fill,True,tm_score sorted
rank_key_descending,halt,460.tiff,4,hem_rect_fill_1um,True,chromatin_od sorted
rank_key_descending,halt,460.tiff,4,hem_rect_fill_1um,True,tm_score sorted
rank_key_descending,halt,460.tiff,4,hem_mask_fill_1um,True,chromatin_od sorted
rank_key_descending,halt,460.tiff,4,hem_mask_fill_1um,True,tm_score sorted
rank_key_descending,halt,460.tiff,5,default_51,True,chromatin_od sorted
rank_key_descending,halt,460.tiff,5,default_51,True,tm_score sorted
rank_key_descending,halt,460.tiff,5,hem_rect_fill,True,chromatin_od sorted
rank_key_descending,halt,460.tiff,5,hem_rect_fill,True,tm_score sorted
rank_key_descending,halt,460.tiff,5,hem_rect_fill_1um,True,chromatin_od sorted
rank_key_descending,halt,460.tiff,5,hem_rect_fill_1um,True,tm_score sorted
rank_key_descending,halt,460.tiff,5,hem_mask_fill_1um,True,chromatin_od sorted
rank_key_descending,halt,460.tiff,5,hem_mask_fill_1um,True,tm_score sorted
rank_key_descending,halt,410.tiff,0,default_51,True,chromatin_od sorted
rank_key_descending,halt,410.tiff,0,default_51,True,tm_score sorted
rank_key_descending,halt,410.tiff,0,hem_rect_fill,True,chromatin_od sorted
rank_key_descending,halt,410.tiff,0,hem_rect_fill,True,tm_score sorted
rank_key_descending,halt,410.tiff,0,hem_rect_fill_1um,True,chromatin_od sorted
rank_key_descending,halt,410.tiff,0,hem_rect_fill_1um,True,tm_score sorted
rank_key_descending,halt,410.tiff,0,hem_mask_fill_1um,True,chromatin_od sorted
rank_key_descending,halt,410.tiff,0,hem_mask_fill_1um,True,tm_score sorted
rank_key_descending,halt,410.tiff,1,default_51,True,chromatin_od sorted
rank_key_descending,halt,410.tiff,1,default_51,True,tm_score sorted
rank_key_descending,halt,410.tiff,1,hem_rect_fill,True,chromatin_od sorted
rank_key_descending,halt,410.tiff,1,hem_rect_fill,True,tm_score sorted
rank_key_descending,halt,410.tiff,1,hem_rect_fill_1um,True,chromatin_od sorted
rank_key_descending,halt,410.tiff,1,hem_rect_fill_1um,True,tm_score sorted
rank_key_descending,halt,410.tiff,1,hem_mask_fill_1um,True,chromatin_od sorted
rank_key_descending,halt,410.tiff,1,hem_mask_fill_1um,True,tm_score sorted
rank_key_descending,halt,410.tiff,2,default_51,True,chromatin_od sorted
rank_key_descending,halt,410.tiff,2,default_51,True,tm_score sorted
rank_key_descending,halt,410.tiff,2,hem_rect_fill,True,chromatin_od sorted
rank_key_descending,halt,410.tiff,2,hem_rect_fill,True,tm_score sorted
rank_key_descending,halt,410.tiff,2,hem_rect_fill_1um,True,chromatin_od sorted
rank_key_descending,halt,410.tiff,2,hem_rect_fill_1um,True,tm_score sorted
rank_key_descending,halt,410.tiff,2,hem_mask_fill_1um,True,chromatin_od sorted
rank_key_descending,halt,410.tiff,2,hem_mask_fill_1um,True,tm_score sorted
rank_key_descending,halt,410.tiff,3,default_51,True,chromatin_od sorted
rank_key_descending,halt,410.tiff,3,default_51,True,tm_score sorted
rank_key_descending,halt,410.tiff,3,hem_rect_fill,True,chromatin_od sorted
rank_key_descending,halt,410.tiff,3,hem_rect_fill,True,tm_score sorted
rank_key_descending,halt,410.tiff,3,hem_rect_fill_1um,True,chromatin_od sorted
rank_key_descending,halt,410.tiff,3,hem_rect_fill_1um,True,tm_score sorted
rank_key_descending,halt,410.tiff,3,hem_mask_fill_1um,True,chromatin_od sorted
rank_key_descending,halt,410.tiff,3,hem_mask_fill_1um,True,tm_score sorted
rank_key_descending,halt,410.tiff,4,default_51,True,chromatin_od sorted
rank_key_descending,halt,410.tiff,4,default_51,True,tm_score sorted
rank_key_descending,halt,410.tiff,4,hem_rect_fill,True,chromatin_od sorted
rank_key_descending,halt,410.tiff,4,hem_rect_fill,True,tm_score sorted
rank_key_descending,halt,410.tiff,4,hem_rect_fill_1um,True,chromatin_od sorted
rank_key_descending,halt,410.tiff,4,hem_rect_fill_1um,True,tm_score sorted
rank_key_descending,halt,410.tiff,4,hem_mask_fill_1um,True,chromatin_od sorted
rank_key_descending,halt,410.tiff,4,hem_mask_fill_1um,True,tm_score sorted
rank_key_descending,halt,410.tiff,5,default_51,True,chromatin_od sorted
rank_key_descending,halt,410.tiff,5,default_51,True,tm_score sorted
rank_key_descending,halt,410.tiff,5,hem_rect_fill,True,chromatin_od sorted
rank_key_descending,halt,410.tiff,5,hem_rect_fill,True,tm_score sorted
rank_key_descending,halt,410.tiff,5,hem_rect_fill_1um,True,chromatin_od sorted
rank_key_descending,halt,410.tiff,5,hem_rect_fill_1um,True,tm_score sorted
rank_key_descending,halt,410.tiff,5,hem_mask_fill_1um,True,chromatin_od sorted
rank_key_descending,halt,410.tiff,5,hem_mask_fill_1um,True,tm_score sorted
rank_key_descending,halt,425.tiff,0,default_51,True,chromatin_od sorted
rank_key_descending,halt,425.tiff,0,default_51,True,tm_score sorted
rank_key_descending,halt,425.tiff,0,hem_rect_fill,True,chromatin_od sorted
rank_key_descending,halt,425.tiff,0,hem_rect_fill,True,tm_score sorted
rank_key_descending,halt,425.tiff,0,hem_rect_fill_1um,True,chromatin_od sorted
rank_key_descending,halt,425.tiff,0,hem_rect_fill_1um,True,tm_score sorted
rank_key_descending,halt,425.tiff,0,hem_mask_fill_1um,True,chromatin_od sorted
rank_key_descending,halt,425.tiff,0,hem_mask_fill_1um,True,tm_score sorted
rank_key_descending,halt,425.tiff,1,default_51,True,chromatin_od sorted
rank_key_descending,halt,425.tiff,1,default_51,True,tm_score sorted
rank_key_descending,halt,425.tiff,1,hem_rect_fill,True,chromatin_od sorted
rank_key_descending,halt,425.tiff,1,hem_rect_fill,True,tm_score sorted
rank_key_descending,halt,425.tiff,1,hem_rect_fill_1um,True,chromatin_od sorted
rank_key_descending,halt,425.tiff,1,hem_rect_fill_1um,True,tm_score sorted
rank_key_descending,halt,425.tiff,1,hem_mask_fill_1um,True,chromatin_od sorted
rank_key_descending,halt,425.tiff,1,hem_mask_fill_1um,True,tm_score sorted
rank_key_descending,halt,425.tiff,2,default_51,True,chromatin_od sorted
rank_key_descending,halt,425.tiff,2,default_51,True,tm_score sorted
rank_key_descending,halt,425.tiff,2,hem_rect_fill,True,chromatin_od sorted
rank_key_descending,halt,425.tiff,2,hem_rect_fill,True,tm_score sorted
rank_key_descending,halt,425.tiff,2,hem_rect_fill_1um,True,chromatin_od sorted
rank_key_descending,halt,425.tiff,2,hem_rect_fill_1um,True,tm_score sorted
rank_key_descending,halt,425.tiff,2,hem_mask_fill_1um,True,chromatin_od sorted
rank_key_descending,halt,425.tiff,2,hem_mask_fill_1um,True,tm_score sorted
rank_key_descending,halt,425.tiff,3,default_51,True,chromatin_od sorted
rank_key_descending,halt,425.tiff,3,default_51,True,tm_score sorted
rank_key_descending,halt,425.tiff,3,hem_rect_fill,True,chromatin_od sorted
rank_key_descending,halt,425.tiff,3,hem_rect_fill,True,tm_score sorted
rank_key_descending,halt,425.tiff,3,hem_rect_fill_1um,True,chromatin_od sorted
rank_key_descending,halt,425.tiff,3,hem_rect_fill_1um,True,tm_score sorted
rank_key_descending,halt,425.tiff,3,hem_mask_fill_1um,True,chromatin_od sorted
rank_key_descending,halt,425.tiff,3,hem_mask_fill_1um,True,tm_score sorted
rank_key_descending,halt,425.tiff,4,default_51,True,chromatin_od sorted
rank_key_descending,halt,425.tiff,4,default_51,True,tm_score sorted
rank_key_descending,halt,425.tiff,4,hem_rect_fill,True,chromatin_od sorted
rank_key_descending,halt,425.tiff,4,hem_rect_fill,True,tm_score sorted
rank_key_descending,halt,425.tiff,4,hem_rect_fill_1um,True,chromatin_od sorted
rank_key_descending,halt,425.tiff,4,hem_rect_fill_1um,True,tm_score sorted
rank_key_descending,halt,425.tiff,4,hem_mask_fill_1um,True,chromatin_od sorted
rank_key_descending,halt,425.tiff,4,hem_mask_fill_1um,True,tm_score sorted
rank_key_descending,halt,425.tiff,5,default_51,True,chromatin_od sorted
rank_key_descending,halt,425.tiff,5,default_51,True,tm_score sorted
rank_key_descending,halt,425.tiff,5,hem_rect_fill,True,chromatin_od sorted
rank_key_descending,halt,425.tiff,5,hem_rect_fill,True,tm_score sorted
rank_key_descending,halt,425.tiff,5,hem_rect_fill_1um,True,chromatin_od sorted
rank_key_descending,halt,425.tiff,5,hem_rect_fill_1um,True,tm_score sorted
rank_key_descending,halt,425.tiff,5,hem_mask_fill_1um,True,chromatin_od sorted
rank_key_descending,halt,425.tiff,5,hem_mask_fill_1um,True,tm_score sorted
rank_key_descending,halt,435.tiff,0,default_51,True,chromatin_od sorted
rank_key_descending,halt,435.tiff,0,default_51,True,tm_score sorted
rank_key_descending,halt,435.tiff,0,hem_rect_fill,True,chromatin_od sorted
rank_key_descending,halt,435.tiff,0,hem_rect_fill,True,tm_score sorted
rank_key_descending,halt,435.tiff,0,hem_rect_fill_1um,True,chromatin_od sorted
rank_key_descending,halt,435.tiff,0,hem_rect_fill_1um,True,tm_score sorted
rank_key_descending,halt,435.tiff,0,hem_mask_fill_1um,True,chromatin_od sorted
rank_key_descending,halt,435.tiff,0,hem_mask_fill_1um,True,tm_score sorted
rank_key_descending,halt,435.tiff,1,default_51,True,chromatin_od sorted
rank_key_descending,halt,435.tiff,1,default_51,True,tm_score sorted
rank_key_descending,halt,435.tiff,1,hem_rect_fill,True,chromatin_od sorted
rank_key_descending,halt,435.tiff,1,hem_rect_fill,True,tm_score sorted
rank_key_descending,halt,435.tiff,1,hem_rect_fill_1um,True,chromatin_od sorted
rank_key_descending,halt,435.tiff,1,hem_rect_fill_1um,True,tm_score sorted
rank_key_descending,halt,435.tiff,1,hem_mask_fill_1um,True,chromatin_od sorted
rank_key_descending,halt,435.tiff,1,hem_mask_fill_1um,True,tm_score sorted
rank_key_descending,halt,435.tiff,2,default_51,True,chromatin_od sorted
rank_key_descending,halt,435.tiff,2,default_51,True,tm_score sorted
rank_key_descending,halt,435.tiff,2,hem_rect_fill,True,chromatin_od sorted
rank_key_descending,halt,435.tiff,2,hem_rect_fill,True,tm_score sorted
rank_key_descending,halt,435.tiff,2,hem_rect_fill_1um,True,chromatin_od sorted
rank_key_descending,halt,435.tiff,2,hem_rect_fill_1um,True,tm_score sorted
rank_key_descending,halt,435.tiff,2,hem_mask_fill_1um,True,chromatin_od sorted
rank_key_descending,halt,435.tiff,2,hem_mask_fill_1um,True,tm_score sorted
rank_key_descending,halt,435.tiff,3,default_51,True,chromatin_od sorted
rank_key_descending,halt,435.tiff,3,default_51,True,tm_score sorted
rank_key_descending,halt,435.tiff,3,hem_rect_fill,True,chromatin_od sorted
rank_key_descending,halt,435.tiff,3,hem_rect_fill,True,tm_score sorted
rank_key_descending,halt,435.tiff,3,hem_rect_fill_1um,True,chromatin_od sorted
rank_key_descending,halt,435.tiff,3,hem_rect_fill_1um,True,tm_score sorted
rank_key_descending,halt,435.tiff,3,hem_mask_fill_1um,True,chromatin_od sorted
rank_key_descending,halt,435.tiff,3,hem_mask_fill_1um,True,tm_score sorted
rank_key_descending,halt,435.tiff,4,default_51,True,chromatin_od sorted
rank_key_descending,halt,435.tiff,4,default_51,True,tm_score sorted
rank_key_descending,halt,435.tiff,4,hem_rect_fill,True,chromatin_od sorted
rank_key_descending,halt,435.tiff,4,hem_rect_fill,True,tm_score sorted
rank_key_descending,halt,435.tiff,4,hem_rect_fill_1um,True,chromatin_od sorted
rank_key_descending,halt,435.tiff,4,hem_rect_fill_1um,True,tm_score sorted
rank_key_descending,halt,435.tiff,4,hem_mask_fill_1um,True,chromatin_od sorted
rank_key_descending,halt,435.tiff,4,hem_mask_fill_1um,True,tm_score sorted
rank_key_descending,halt,435.tiff,5,default_51,True,chromatin_od sorted
rank_key_descending,halt,435.tiff,5,default_51,True,tm_score sorted
rank_key_descending,halt,435.tiff,5,hem_rect_fill,True,chromatin_od sorted
rank_key_descending,halt,435.tiff,5,hem_rect_fill,True,tm_score sorted
rank_key_descending,halt,435.tiff,5,hem_rect_fill_1um,True,chromatin_od sorted
rank_key_descending,halt,435.tiff,5,hem_rect_fill_1um,True,tm_score sorted
rank_key_descending,halt,435.tiff,5,hem_mask_fill_1um,True,chromatin_od sorted
rank_key_descending,halt,435.tiff,5,hem_mask_fill_1um,True,tm_score sorted
rank_key_descending,halt,462.tiff,0,default_51,True,chromatin_od sorted
rank_key_descending,halt,462.tiff,0,default_51,True,tm_score sorted
rank_key_descending,halt,462.tiff,0,hem_rect_fill,True,chromatin_od sorted
rank_key_descending,halt,462.tiff,0,hem_rect_fill,True,tm_score sorted
rank_key_descending,halt,462.tiff,0,hem_rect_fill_1um,True,chromatin_od sorted
rank_key_descending,halt,462.tiff,0,hem_rect_fill_1um,True,tm_score sorted
rank_key_descending,halt,462.tiff,0,hem_mask_fill_1um,True,chromatin_od sorted
rank_key_descending,halt,462.tiff,0,hem_mask_fill_1um,True,tm_score sorted
rank_key_descending,halt,462.tiff,1,default_51,True,chromatin_od sorted
rank_key_descending,halt,462.tiff,1,default_51,True,tm_score sorted
rank_key_descending,halt,462.tiff,1,hem_rect_fill,True,chromatin_od sorted
rank_key_descending,halt,462.tiff,1,hem_rect_fill,True,tm_score sorted
rank_key_descending,halt,462.tiff,1,hem_rect_fill_1um,True,chromatin_od sorted
rank_key_descending,halt,462.tiff,1,hem_rect_fill_1um,True,tm_score sorted
rank_key_descending,halt,462.tiff,1,hem_mask_fill_1um,True,chromatin_od sorted
rank_key_descending,halt,462.tiff,1,hem_mask_fill_1um,True,tm_score sorted
rank_key_descending,halt,462.tiff,2,default_51,True,chromatin_od sorted
rank_key_descending,halt,462.tiff,2,default_51,True,tm_score sorted
rank_key_descending,halt,462.tiff,2,hem_rect_fill,True,chromatin_od sorted
rank_key_descending,halt,462.tiff,2,hem_rect_fill,True,tm_score sorted
rank_key_descending,halt,462.tiff,2,hem_rect_fill_1um,True,chromatin_od sorted
rank_key_descending,halt,462.tiff,2,hem_rect_fill_1um,True,tm_score sorted
rank_key_descending,halt,462.tiff,2,hem_mask_fill_1um,True,chromatin_od sorted
rank_key_descending,halt,462.tiff,2,hem_mask_fill_1um,True,tm_score sorted
rank_key_descending,halt,462.tiff,3,default_51,True,chromatin_od sorted
rank_key_descending,halt,462.tiff,3,default_51,True,tm_score sorted
rank_key_descending,halt,462.tiff,3,hem_rect_fill,True,chromatin_od sorted
rank_key_descending,halt,462.tiff,3,hem_rect_fill,True,tm_score sorted
rank_key_descending,halt,462.tiff,3,hem_rect_fill_1um,True,chromatin_od sorted
rank_key_descending,halt,462.tiff,3,hem_rect_fill_1um,True,tm_score sorted
rank_key_descending,halt,462.tiff,3,hem_mask_fill_1um,True,chromatin_od sorted
rank_key_descending,halt,462.tiff,3,hem_mask_fill_1um,True,tm_score sorted
rank_key_descending,halt,462.tiff,4,default_51,True,chromatin_od sorted
rank_key_descending,halt,462.tiff,4,default_51,True,tm_score sorted
rank_key_descending,halt,462.tiff,4,hem_rect_fill,True,chromatin_od sorted
rank_key_descending,halt,462.tiff,4,hem_rect_fill,True,tm_score sorted
rank_key_descending,halt,462.tiff,4,hem_rect_fill_1um,True,chromatin_od sorted
rank_key_descending,halt,462.tiff,4,hem_rect_fill_1um,True,tm_score sorted
rank_key_descending,halt,462.tiff,4,hem_mask_fill_1um,True,chromatin_od sorted
rank_key_descending,halt,462.tiff,4,hem_mask_fill_1um,True,tm_score sorted
rank_key_descending,halt,462.tiff,5,default_51,True,chromatin_od sorted
rank_key_descending,halt,462.tiff,5,default_51,True,tm_score sorted
rank_key_descending,halt,462.tiff,5,hem_rect_fill,True,chromatin_od sorted
rank_key_descending,halt,462.tiff,5,hem_rect_fill,True,tm_score sorted
rank_key_descending,halt,462.tiff,5,hem_rect_fill_1um,True,chromatin_od sorted
rank_key_descending,halt,462.tiff,5,hem_rect_fill_1um,True,tm_score sorted
rank_key_descending,halt,462.tiff,5,hem_mask_fill_1um,True,chromatin_od sorted
rank_key_descending,halt,462.tiff,5,hem_mask_fill_1um,True,tm_score sorted
rank_key_descending,halt,499.tiff,0,default_51,True,chromatin_od sorted
rank_key_descending,halt,499.tiff,0,default_51,True,tm_score sorted
rank_key_descending,halt,499.tiff,0,hem_rect_fill,True,chromatin_od sorted
rank_key_descending,halt,499.tiff,0,hem_rect_fill,True,tm_score sorted
rank_key_descending,halt,499.tiff,0,hem_rect_fill_1um,True,chromatin_od sorted
rank_key_descending,halt,499.tiff,0,hem_rect_fill_1um,True,tm_score sorted
rank_key_descending,halt,499.tiff,0,hem_mask_fill_1um,True,chromatin_od sorted
rank_key_descending,halt,499.tiff,0,hem_mask_fill_1um,True,tm_score sorted
rank_key_descending,halt,499.tiff,1,default_51,True,chromatin_od sorted
rank_key_descending,halt,499.tiff,1,default_51,True,tm_score sorted
rank_key_descending,halt,499.tiff,1,hem_rect_fill,True,chromatin_od sorted
rank_key_descending,halt,499.tiff,1,hem_rect_fill,True,tm_score sorted
rank_key_descending,halt,499.tiff,1,hem_rect_fill_1um,True,chromatin_od sorted
rank_key_descending,halt,499.tiff,1,hem_rect_fill_1um,True,tm_score sorted
rank_key_descending,halt,499.tiff,1,hem_mask_fill_1um,True,chromatin_od sorted
rank_key_descending,halt,499.tiff,1,hem_mask_fill_1um,True,tm_score sorted
rank_key_descending,halt,499.tiff,2,default_51,True,chromatin_od sorted
rank_key_descending,halt,499.tiff,2,default_51,True,tm_score sorted
rank_key_descending,halt,499.tiff,2,hem_rect_fill,True,chromatin_od sorted
rank_key_descending,halt,499.tiff,2,hem_rect_fill,True,tm_score sorted
rank_key_descending,halt,499.tiff,2,hem_rect_fill_1um,True,chromatin_od sorted
rank_key_descending,halt,499.tiff,2,hem_rect_fill_1um,True,tm_score sorted
rank_key_descending,halt,499.tiff,2,hem_mask_fill_1um,True,chromatin_od sorted
rank_key_descending,halt,499.tiff,2,hem_mask_fill_1um,True,tm_score sorted
rank_key_descending,halt,499.tiff,3,default_51,True,chromatin_od sorted
rank_key_descending,halt,499.tiff,3,default_51,True,tm_score sorted
rank_key_descending,halt,499.tiff,3,hem_rect_fill,True,chromatin_od sorted
rank_key_descending,halt,499.tiff,3,hem_rect_fill,True,tm_score sorted
rank_key_descending,halt,499.tiff,3,hem_rect_fill_1um,True,chromatin_od sorted
rank_key_descending,halt,499.tiff,3,hem_rect_fill_1um,True,tm_score sorted
rank_key_descending,halt,499.tiff,3,hem_mask_fill_1um,True,chromatin_od sorted
rank_key_descending,halt,499.tiff,3,hem_mask_fill_1um,True,tm_score sorted
rank_key_descending,halt,499.tiff,4,default_51,True,chromatin_od sorted
rank_key_descending,halt,499.tiff,4,default_51,True,tm_score sorted
rank_key_descending,halt,499.tiff,4,hem_rect_fill,True,chromatin_od sorted
rank_key_descending,halt,499.tiff,4,hem_rect_fill,True,tm_score sorted
rank_key_descending,halt,499.tiff,4,hem_rect_fill_1um,True,chromatin_od sorted
rank_key_descending,halt,499.tiff,4,hem_rect_fill_1um,True,tm_score sorted
rank_key_descending,halt,499.tiff,4,hem_mask_fill_1um,True,chromatin_od sorted
rank_key_descending,halt,499.tiff,4,hem_mask_fill_1um,True,tm_score sorted
rank_key_descending,halt,499.tiff,5,default_51,True,chromatin_od sorted
rank_key_descending,halt,499.tiff,5,default_51,True,tm_score sorted
rank_key_descending,halt,499.tiff,5,hem_rect_fill,True,chromatin_od sorted
rank_key_descending,halt,499.tiff,5,hem_rect_fill,True,tm_score sorted
rank_key_descending,halt,499.tiff,5,hem_rect_fill_1um,True,chromatin_od sorted
rank_key_descending,halt,499.tiff,5,hem_rect_fill_1um,True,tm_score sorted
rank_key_descending,halt,499.tiff,5,hem_mask_fill_1um,True,chromatin_od sorted
rank_key_descending,halt,499.tiff,5,hem_mask_fill_1um,True,tm_score sorted
rank_key_descending,halt,013.tiff,0,default_51,True,chromatin_od sorted
rank_key_descending,halt,013.tiff,0,default_51,True,tm_score sorted
rank_key_descending,halt,013.tiff,0,hem_rect_fill,True,chromatin_od sorted
rank_key_descending,halt,013.tiff,0,hem_rect_fill,True,tm_score sorted
rank_key_descending,halt,013.tiff,0,hem_rect_fill_1um,True,chromatin_od sorted
rank_key_descending,halt,013.tiff,0,hem_rect_fill_1um,True,tm_score sorted
rank_key_descending,halt,013.tiff,0,hem_mask_fill_1um,True,chromatin_od sorted
rank_key_descending,halt,013.tiff,0,hem_mask_fill_1um,True,tm_score sorted
rank_key_descending,halt,013.tiff,1,default_51,True,chromatin_od sorted
rank_key_descending,halt,013.tiff,1,default_51,True,tm_score sorted
rank_key_descending,halt,013.tiff,1,hem_rect_fill,True,chromatin_od sorted
rank_key_descending,halt,013.tiff,1,hem_rect_fill,True,tm_score sorted
rank_key_descending,halt,013.tiff,1,hem_rect_fill_1um,True,chromatin_od sorted
rank_key_descending,halt,013.tiff,1,hem_rect_fill_1um,True,tm_score sorted
rank_key_descending,halt,013.tiff,1,hem_mask_fill_1um,True,chromatin_od sorted
rank_key_descending,halt,013.tiff,1,hem_mask_fill_1um,True,tm_score sorted
rank_key_descending,halt,013.tiff,2,default_51,True,chromatin_od sorted
rank_key_descending,halt,013.tiff,2,default_51,True,tm_score sorted
rank_key_descending,halt,013.tiff,2,hem_rect_fill,True,chromatin_od sorted
rank_key_descending,halt,013.tiff,2,hem_rect_fill,True,tm_score sorted
rank_key_descending,halt,013.tiff,2,hem_rect_fill_1um,True,chromatin_od sorted
rank_key_descending,halt,013.tiff,2,hem_rect_fill_1um,True,tm_score sorted
rank_key_descending,halt,013.tiff,2,hem_mask_fill_1um,True,chromatin_od sorted
rank_key_descending,halt,013.tiff,2,hem_mask_fill_1um,True,tm_score sorted
rank_key_descending,halt,013.tiff,3,default_51,True,chromatin_od sorted
rank_key_descending,halt,013.tiff,3,default_51,True,tm_score sorted
rank_key_descending,halt,013.tiff,3,hem_rect_fill,True,chromatin_od sorted
rank_key_descending,halt,013.tiff,3,hem_rect_fill,True,tm_score sorted
rank_key_descending,halt,013.tiff,3,hem_rect_fill_1um,True,chromatin_od sorted
rank_key_descending,halt,013.tiff,3,hem_rect_fill_1um,True,tm_score sorted
rank_key_descending,halt,013.tiff,3,hem_mask_fill_1um,True,chromatin_od sorted
rank_key_descending,halt,013.tiff,3,hem_mask_fill_1um,True,tm_score sorted
rank_key_descending,halt,013.tiff,4,default_51,True,chromatin_od sorted
rank_key_descending,halt,013.tiff,4,default_51,True,tm_score sorted
rank_key_descending,halt,013.tiff,4,hem_rect_fill,True,chromatin_od sorted
rank_key_descending,halt,013.tiff,4,hem_rect_fill,True,tm_score sorted
rank_key_descending,halt,013.tiff,4,hem_rect_fill_1um,True,chromatin_od sorted
rank_key_descending,halt,013.tiff,4,hem_rect_fill_1um,True,tm_score sorted
rank_key_descending,halt,013.tiff,4,hem_mask_fill_1um,True,chromatin_od sorted
rank_key_descending,halt,013.tiff,4,hem_mask_fill_1um,True,tm_score sorted
rank_key_descending,halt,013.tiff,5,default_51,True,chromatin_od sorted
rank_key_descending,halt,013.tiff,5,default_51,True,tm_score sorted
rank_key_descending,halt,013.tiff,5,hem_rect_fill,True,chromatin_od sorted
rank_key_descending,halt,013.tiff,5,hem_rect_fill,True,tm_score sorted
rank_key_descending,halt,013.tiff,5,hem_rect_fill_1um,True,chromatin_od sorted
rank_key_descending,halt,013.tiff,5,hem_rect_fill_1um,True,tm_score sorted
rank_key_descending,halt,013.tiff,5,hem_mask_fill_1um,True,chromatin_od sorted
rank_key_descending,halt,013.tiff,5,hem_mask_fill_1um,True,tm_score sorted
rank_key_descending,halt,094.tiff,0,default_51,True,chromatin_od sorted
rank_key_descending,halt,094.tiff,0,default_51,True,tm_score sorted
rank_key_descending,halt,094.tiff,0,hem_rect_fill,True,chromatin_od sorted
rank_key_descending,halt,094.tiff,0,hem_rect_fill,True,tm_score sorted
rank_key_descending,halt,094.tiff,0,hem_rect_fill_1um,True,chromatin_od sorted
rank_key_descending,halt,094.tiff,0,hem_rect_fill_1um,True,tm_score sorted
rank_key_descending,halt,094.tiff,0,hem_mask_fill_1um,True,chromatin_od sorted
rank_key_descending,halt,094.tiff,0,hem_mask_fill_1um,True,tm_score sorted
rank_key_descending,halt,094.tiff,1,default_51,True,chromatin_od sorted
rank_key_descending,halt,094.tiff,1,default_51,True,tm_score sorted
rank_key_descending,halt,094.tiff,1,hem_rect_fill,True,chromatin_od sorted
rank_key_descending,halt,094.tiff,1,hem_rect_fill,True,tm_score sorted
rank_key_descending,halt,094.tiff,1,hem_rect_fill_1um,True,chromatin_od sorted
rank_key_descending,halt,094.tiff,1,hem_rect_fill_1um,True,tm_score sorted
rank_key_descending,halt,094.tiff,1,hem_mask_fill_1um,True,chromatin_od sorted
rank_key_descending,halt,094.tiff,1,hem_mask_fill_1um,True,tm_score sorted
rank_key_descending,halt,094.tiff,2,default_51,True,chromatin_od sorted
rank_key_descending,halt,094.tiff,2,default_51,True,tm_score sorted
rank_key_descending,halt,094.tiff,2,hem_rect_fill,True,chromatin_od sorted
rank_key_descending,halt,094.tiff,2,hem_rect_fill,True,tm_score sorted
rank_key_descending,halt,094.tiff,2,hem_rect_fill_1um,True,chromatin_od sorted
rank_key_descending,halt,094.tiff,2,hem_rect_fill_1um,True,tm_score sorted
rank_key_descending,halt,094.tiff,2,hem_mask_fill_1um,True,chromatin_od sorted
rank_key_descending,halt,094.tiff,2,hem_mask_fill_1um,True,tm_score sorted
rank_key_descending,halt,094.tiff,3,default_51,True,chromatin_od sorted
rank_key_descending,halt,094.tiff,3,default_51,True,tm_score sorted
rank_key_descending,halt,094.tiff,3,hem_rect_fill,True,chromatin_od sorted
rank_key_descending,halt,094.tiff,3,hem_rect_fill,True,tm_score sorted
rank_key_descending,halt,094.tiff,3,hem_rect_fill_1um,True,chromatin_od sorted
rank_key_descending,halt,094.tiff,3,hem_rect_fill_1um,True,tm_score sorted
rank_key_descending,halt,094.tiff,3,hem_mask_fill_1um,True,chromatin_od sorted
rank_key_descending,halt,094.tiff,3,hem_mask_fill_1um,True,tm_score sorted
rank_key_descending,halt,094.tiff,4,default_51,True,chromatin_od sorted
rank_key_descending,halt,094.tiff,4,default_51,True,tm_score sorted
rank_key_descending,halt,094.tiff,4,hem_rect_fill,True,chromatin_od sorted
rank_key_descending,halt,094.tiff,4,hem_rect_fill,True,tm_score sorted
rank_key_descending,halt,094.tiff,4,hem_rect_fill_1um,True,chromatin_od sorted
rank_key_descending,halt,094.tiff,4,hem_rect_fill_1um,True,tm_score sorted
rank_key_descending,halt,094.tiff,4,hem_mask_fill_1um,True,chromatin_od sorted
rank_key_descending,halt,094.tiff,4,hem_mask_fill_1um,True,tm_score sorted
rank_key_descending,halt,094.tiff,5,default_51,True,chromatin_od sorted
rank_key_descending,halt,094.tiff,5,default_51,True,tm_score sorted
rank_key_descending,halt,094.tiff,5,hem_rect_fill,True,chromatin_od sorted
rank_key_descending,halt,094.tiff,5,hem_rect_fill,True,tm_score sorted
rank_key_descending,halt,094.tiff,5,hem_rect_fill_1um,True,chromatin_od sorted
rank_key_descending,halt,094.tiff,5,hem_rect_fill_1um,True,tm_score sorted
rank_key_descending,halt,094.tiff,5,hem_mask_fill_1um,True,chromatin_od sorted
rank_key_descending,halt,094.tiff,5,hem_mask_fill_1um,True,tm_score sorted
rank_key_descending,halt,007.tiff,0,default_51,True,chromatin_od sorted
rank_key_descending,halt,007.tiff,0,default_51,True,tm_score sorted
rank_key_descending,halt,007.tiff,0,hem_rect_fill,True,chromatin_od sorted
rank_key_descending,halt,007.tiff,0,hem_rect_fill,True,tm_score sorted
rank_key_descending,halt,007.tiff,0,hem_rect_fill_1um,True,chromatin_od sorted
rank_key_descending,halt,007.tiff,0,hem_rect_fill_1um,True,tm_score sorted
rank_key_descending,halt,007.tiff,0,hem_mask_fill_1um,True,chromatin_od sorted
rank_key_descending,halt,007.tiff,0,hem_mask_fill_1um,True,tm_score sorted
rank_key_descending,halt,007.tiff,1,default_51,True,chromatin_od sorted
rank_key_descending,halt,007.tiff,1,default_51,True,tm_score sorted
rank_key_descending,halt,007.tiff,1,hem_rect_fill,True,chromatin_od sorted
rank_key_descending,halt,007.tiff,1,hem_rect_fill,True,tm_score sorted
rank_key_descending,halt,007.tiff,1,hem_rect_fill_1um,True,chromatin_od sorted
rank_key_descending,halt,007.tiff,1,hem_rect_fill_1um,True,tm_score sorted
rank_key_descending,halt,007.tiff,1,hem_mask_fill_1um,True,chromatin_od sorted
rank_key_descending,halt,007.tiff,1,hem_mask_fill_1um,True,tm_score sorted
rank_key_descending,halt,007.tiff,2,default_51,True,chromatin_od sorted
rank_key_descending,halt,007.tiff,2,default_51,True,tm_score sorted
rank_key_descending,halt,007.tiff,2,hem_rect_fill,True,chromatin_od sorted
rank_key_descending,halt,007.tiff,2,hem_rect_fill,True,tm_score sorted
rank_key_descending,halt,007.tiff,2,hem_rect_fill_1um,True,chromatin_od sorted
rank_key_descending,halt,007.tiff,2,hem_rect_fill_1um,True,tm_score sorted
rank_key_descending,halt,007.tiff,2,hem_mask_fill_1um,True,chromatin_od sorted
rank_key_descending,halt,007.tiff,2,hem_mask_fill_1um,True,tm_score sorted
rank_key_descending,halt,007.tiff,3,default_51,True,chromatin_od sorted
rank_key_descending,halt,007.tiff,3,default_51,True,tm_score sorted
rank_key_descending,halt,007.tiff,3,hem_rect_fill,True,chromatin_od sorted
rank_key_descending,halt,007.tiff,3,hem_rect_fill,True,tm_score sorted
rank_key_descending,halt,007.tiff,3,hem_rect_fill_1um,True,chromatin_od sorted
rank_key_descending,halt,007.tiff,3,hem_rect_fill_1um,True,tm_score sorted
rank_key_descending,halt,007.tiff,3,hem_mask_fill_1um,True,chromatin_od sorted
rank_key_descending,halt,007.tiff,3,hem_mask_fill_1um,True,tm_score sorted
rank_key_descending,halt,007.tiff,4,default_51,True,chromatin_od sorted
rank_key_descending,halt,007.tiff,4,default_51,True,tm_score sorted
rank_key_descending,halt,007.tiff,4,hem_rect_fill,True,chromatin_od sorted
rank_key_descending,halt,007.tiff,4,hem_rect_fill,True,tm_score sorted
rank_key_descending,halt,007.tiff,4,hem_rect_fill_1um,True,chromatin_od sorted
rank_key_descending,halt,007.tiff,4,hem_rect_fill_1um,True,tm_score sorted
rank_key_descending,halt,007.tiff,4,hem_mask_fill_1um,True,chromatin_od sorted
rank_key_descending,halt,007.tiff,4,hem_mask_fill_1um,True,tm_score sorted
rank_key_descending,halt,007.tiff,5,default_51,True,chromatin_od sorted
rank_key_descending,halt,007.tiff,5,default_51,True,tm_score sorted
rank_key_descending,halt,007.tiff,5,hem_rect_fill,True,chromatin_od sorted
rank_key_descending,halt,007.tiff,5,hem_rect_fill,True,tm_score sorted
rank_key_descending,halt,007.tiff,5,hem_rect_fill_1um,True,chromatin_od sorted
rank_key_descending,halt,007.tiff,5,hem_rect_fill_1um,True,tm_score sorted
rank_key_descending,halt,007.tiff,5,hem_mask_fill_1um,True,chromatin_od sorted
rank_key_descending,halt,007.tiff,5,hem_mask_fill_1um,True,tm_score sorted
rank_key_descending,halt,072.tiff,0,default_51,True,chromatin_od sorted
rank_key_descending,halt,072.tiff,0,default_51,True,tm_score sorted
rank_key_descending,halt,072.tiff,0,hem_rect_fill,True,chromatin_od sorted
rank_key_descending,halt,072.tiff,0,hem_rect_fill,True,tm_score sorted
rank_key_descending,halt,072.tiff,0,hem_rect_fill_1um,True,chromatin_od sorted
rank_key_descending,halt,072.tiff,0,hem_rect_fill_1um,True,tm_score sorted
rank_key_descending,halt,072.tiff,0,hem_mask_fill_1um,True,chromatin_od sorted
rank_key_descending,halt,072.tiff,0,hem_mask_fill_1um,True,tm_score sorted
rank_key_descending,halt,072.tiff,1,default_51,True,chromatin_od sorted
rank_key_descending,halt,072.tiff,1,default_51,True,tm_score sorted
rank_key_descending,halt,072.tiff,1,hem_rect_fill,True,chromatin_od sorted
rank_key_descending,halt,072.tiff,1,hem_rect_fill,True,tm_score sorted
rank_key_descending,halt,072.tiff,1,hem_rect_fill_1um,True,chromatin_od sorted
rank_key_descending,halt,072.tiff,1,hem_rect_fill_1um,True,tm_score sorted
rank_key_descending,halt,072.tiff,1,hem_mask_fill_1um,True,chromatin_od sorted
rank_key_descending,halt,072.tiff,1,hem_mask_fill_1um,True,tm_score sorted
rank_key_descending,halt,072.tiff,2,default_51,True,chromatin_od sorted
rank_key_descending,halt,072.tiff,2,default_51,True,tm_score sorted
rank_key_descending,halt,072.tiff,2,hem_rect_fill,True,chromatin_od sorted
rank_key_descending,halt,072.tiff,2,hem_rect_fill,True,tm_score sorted
rank_key_descending,halt,072.tiff,2,hem_rect_fill_1um,True,chromatin_od sorted
rank_key_descending,halt,072.tiff,2,hem_rect_fill_1um,True,tm_score sorted
rank_key_descending,halt,072.tiff,2,hem_mask_fill_1um,True,chromatin_od sorted
rank_key_descending,halt,072.tiff,2,hem_mask_fill_1um,True,tm_score sorted
rank_key_descending,halt,072.tiff,3,default_51,True,chromatin_od sorted
rank_key_descending,halt,072.tiff,3,default_51,True,tm_score sorted
rank_key_descending,halt,072.tiff,3,hem_rect_fill,True,chromatin_od sorted
rank_key_descending,halt,072.tiff,3,hem_rect_fill,True,tm_score sorted
rank_key_descending,halt,072.tiff,3,hem_rect_fill_1um,True,chromatin_od sorted
rank_key_descending,halt,072.tiff,3,hem_rect_fill_1um,True,tm_score sorted
rank_key_descending,halt,072.tiff,3,hem_mask_fill_1um,True,chromatin_od sorted
rank_key_descending,halt,072.tiff,3,hem_mask_fill_1um,True,tm_score sorted
rank_key_descending,halt,072.tiff,4,default_51,True,chromatin_od sorted
rank_key_descending,halt,072.tiff,4,default_51,True,tm_score sorted
rank_key_descending,halt,072.tiff,4,hem_rect_fill,True,chromatin_od sorted
rank_key_descending,halt,072.tiff,4,hem_rect_fill,True,tm_score sorted
rank_key_descending,halt,072.tiff,4,hem_rect_fill_1um,True,chromatin_od sorted
rank_key_descending,halt,072.tiff,4,hem_rect_fill_1um,True,tm_score sorted
rank_key_descending,halt,072.tiff,4,hem_mask_fill_1um,True,chromatin_od sorted
rank_key_descending,halt,072.tiff,4,hem_mask_fill_1um,True,tm_score sorted
rank_key_descending,halt,072.tiff,5,default_51,True,chromatin_od sorted
rank_key_descending,halt,072.tiff,5,default_51,True,tm_score sorted
rank_key_descending,halt,072.tiff,5,hem_rect_fill,True,chromatin_od sorted
rank_key_descending,halt,072.tiff,5,hem_rect_fill,True,tm_score sorted
rank_key_descending,halt,072.tiff,5,hem_rect_fill_1um,True,chromatin_od sorted
rank_key_descending,halt,072.tiff,5,hem_rect_fill_1um,True,tm_score sorted
rank_key_descending,halt,072.tiff,5,hem_mask_fill_1um,True,chromatin_od sorted
rank_key_descending,halt,072.tiff,5,hem_mask_fill_1um,True,tm_score sorted
rank_key_descending,halt,100.tiff,0,default_51,True,chromatin_od sorted
rank_key_descending,halt,100.tiff,0,default_51,True,tm_score sorted
rank_key_descending,halt,100.tiff,0,hem_rect_fill,True,chromatin_od sorted
rank_key_descending,halt,100.tiff,0,hem_rect_fill,True,tm_score sorted
rank_key_descending,halt,100.tiff,0,hem_rect_fill_1um,True,chromatin_od sorted
rank_key_descending,halt,100.tiff,0,hem_rect_fill_1um,True,tm_score sorted
rank_key_descending,halt,100.tiff,0,hem_mask_fill_1um,True,chromatin_od sorted
rank_key_descending,halt,100.tiff,0,hem_mask_fill_1um,True,tm_score sorted
rank_key_descending,halt,100.tiff,1,default_51,True,chromatin_od sorted
rank_key_descending,halt,100.tiff,1,default_51,True,tm_score sorted
rank_key_descending,halt,100.tiff,1,hem_rect_fill,True,chromatin_od sorted
rank_key_descending,halt,100.tiff,1,hem_rect_fill,True,tm_score sorted
rank_key_descending,halt,100.tiff,1,hem_rect_fill_1um,True,chromatin_od sorted
rank_key_descending,halt,100.tiff,1,hem_rect_fill_1um,True,tm_score sorted
rank_key_descending,halt,100.tiff,1,hem_mask_fill_1um,True,chromatin_od sorted
rank_key_descending,halt,100.tiff,1,hem_mask_fill_1um,True,tm_score sorted
rank_key_descending,halt,100.tiff,2,default_51,True,chromatin_od sorted
rank_key_descending,halt,100.tiff,2,default_51,True,tm_score sorted
rank_key_descending,halt,100.tiff,2,hem_rect_fill,True,chromatin_od sorted
rank_key_descending,halt,100.tiff,2,hem_rect_fill,True,tm_score sorted
rank_key_descending,halt,100.tiff,2,hem_rect_fill_1um,True,chromatin_od sorted
rank_key_descending,halt,100.tiff,2,hem_rect_fill_1um,True,tm_score sorted
rank_key_descending,halt,100.tiff,2,hem_mask_fill_1um,True,chromatin_od sorted
rank_key_descending,halt,100.tiff,2,hem_mask_fill_1um,True,tm_score sorted
rank_key_descending,halt,100.tiff,3,default_51,True,chromatin_od sorted
rank_key_descending,halt,100.tiff,3,default_51,True,tm_score sorted
rank_key_descending,halt,100.tiff,3,hem_rect_fill,True,chromatin_od sorted
rank_key_descending,halt,100.tiff,3,hem_rect_fill,True,tm_score sorted
rank_key_descending,halt,100.tiff,3,hem_rect_fill_1um,True,chromatin_od sorted
rank_key_descending,halt,100.tiff,3,hem_rect_fill_1um,True,tm_score sorted
rank_key_descending,halt,100.tiff,3,hem_mask_fill_1um,True,chromatin_od sorted
rank_key_descending,halt,100.tiff,3,hem_mask_fill_1um,True,tm_score sorted
rank_key_descending,halt,100.tiff,4,default_51,True,chromatin_od sorted
rank_key_descending,halt,100.tiff,4,default_51,True,tm_score sorted
rank_key_descending,halt,100.tiff,4,hem_rect_fill,True,chromatin_od sorted
rank_key_descending,halt,100.tiff,4,hem_rect_fill,True,tm_score sorted
rank_key_descending,halt,100.tiff,4,hem_rect_fill_1um,True,chromatin_od sorted
rank_key_descending,halt,100.tiff,4,hem_rect_fill_1um,True,tm_score sorted
rank_key_descending,halt,100.tiff,4,hem_mask_fill_1um,True,chromatin_od sorted
rank_key_descending,halt,100.tiff,4,hem_mask_fill_1um,True,tm_score sorted
rank_key_descending,halt,100.tiff,5,default_51,True,chromatin_od sorted
rank_key_descending,halt,100.tiff,5,default_51,True,tm_score sorted
rank_key_descending,halt,100.tiff,5,hem_rect_fill,True,chromatin_od sorted
rank_key_descending,halt,100.tiff,5,hem_rect_fill,True,tm_score sorted
rank_key_descending,halt,100.tiff,5,hem_rect_fill_1um,True,chromatin_od sorted
rank_key_descending,halt,100.tiff,5,hem_rect_fill_1um,True,tm_score sorted
rank_key_descending,halt,100.tiff,5,hem_mask_fill_1um,True,chromatin_od sorted
rank_key_descending,halt,100.tiff,5,hem_mask_fill_1um,True,tm_score sorted
rank_key_descending,halt,123.tiff,0,default_51,True,chromatin_od sorted
rank_key_descending,halt,123.tiff,0,default_51,True,tm_score sorted
rank_key_descending,halt,123.tiff,0,hem_rect_fill,True,chromatin_od sorted
rank_key_descending,halt,123.tiff,0,hem_rect_fill,True,tm_score sorted
rank_key_descending,halt,123.tiff,0,hem_rect_fill_1um,True,chromatin_od sorted
rank_key_descending,halt,123.tiff,0,hem_rect_fill_1um,True,tm_score sorted
rank_key_descending,halt,123.tiff,0,hem_mask_fill_1um,True,chromatin_od sorted
rank_key_descending,halt,123.tiff,0,hem_mask_fill_1um,True,tm_score sorted
rank_key_descending,halt,123.tiff,1,default_51,True,chromatin_od sorted
rank_key_descending,halt,123.tiff,1,default_51,True,tm_score sorted
rank_key_descending,halt,123.tiff,1,hem_rect_fill,True,chromatin_od sorted
rank_key_descending,halt,123.tiff,1,hem_rect_fill,True,tm_score sorted
rank_key_descending,halt,123.tiff,1,hem_rect_fill_1um,True,chromatin_od sorted
rank_key_descending,halt,123.tiff,1,hem_rect_fill_1um,True,tm_score sorted
rank_key_descending,halt,123.tiff,1,hem_mask_fill_1um,True,chromatin_od sorted
rank_key_descending,halt,123.tiff,1,hem_mask_fill_1um,True,tm_score sorted
rank_key_descending,halt,123.tiff,2,default_51,True,chromatin_od sorted
rank_key_descending,halt,123.tiff,2,default_51,True,tm_score sorted
rank_key_descending,halt,123.tiff,2,hem_rect_fill,True,chromatin_od sorted
rank_key_descending,halt,123.tiff,2,hem_rect_fill,True,tm_score sorted
rank_key_descending,halt,123.tiff,2,hem_rect_fill_1um,True,chromatin_od sorted
rank_key_descending,halt,123.tiff,2,hem_rect_fill_1um,True,tm_score sorted
rank_key_descending,halt,123.tiff,2,hem_mask_fill_1um,True,chromatin_od sorted
rank_key_descending,halt,123.tiff,2,hem_mask_fill_1um,True,tm_score sorted
rank_key_descending,halt,123.tiff,3,default_51,True,chromatin_od sorted
rank_key_descending,halt,123.tiff,3,default_51,True,tm_score sorted
rank_key_descending,halt,123.tiff,3,hem_rect_fill,True,chromatin_od sorted
rank_key_descending,halt,123.tiff,3,hem_rect_fill,True,tm_score sorted
rank_key_descending,halt,123.tiff,3,hem_rect_fill_1um,True,chromatin_od sorted
rank_key_descending,halt,123.tiff,3,hem_rect_fill_1um,True,tm_score sorted
rank_key_descending,halt,123.tiff,3,hem_mask_fill_1um,True,chromatin_od sorted
rank_key_descending,halt,123.tiff,3,hem_mask_fill_1um,True,tm_score sorted
rank_key_descending,halt,123.tiff,4,default_51,True,chromatin_od sorted
rank_key_descending,halt,123.tiff,4,default_51,True,tm_score sorted
rank_key_descending,halt,123.tiff,4,hem_rect_fill,True,chromatin_od sorted
rank_key_descending,halt,123.tiff,4,hem_rect_fill,True,tm_score sorted
rank_key_descending,halt,123.tiff,4,hem_rect_fill_1um,True,chromatin_od sorted
rank_key_descending,halt,123.tiff,4,hem_rect_fill_1um,True,tm_score sorted
rank_key_descending,halt,123.tiff,4,hem_mask_fill_1um,True,chromatin_od sorted
rank_key_descending,halt,123.tiff,4,hem_mask_fill_1um,True,tm_score sorted
rank_key_descending,halt,123.tiff,5,default_51,True,chromatin_od sorted
rank_key_descending,halt,123.tiff,5,default_51,True,tm_score sorted
rank_key_descending,halt,123.tiff,5,hem_rect_fill,True,chromatin_od sorted
rank_key_descending,halt,123.tiff,5,hem_rect_fill,True,tm_score sorted
rank_key_descending,halt,123.tiff,5,hem_rect_fill_1um,True,chromatin_od sorted
rank_key_descending,halt,123.tiff,5,hem_rect_fill_1um,True,tm_score sorted
rank_key_descending,halt,123.tiff,5,hem_mask_fill_1um,True,chromatin_od sorted
rank_key_descending,halt,123.tiff,5,hem_mask_fill_1um,True,tm_score sorted
rank_key_descending,halt,128.tiff,0,default_51,True,chromatin_od sorted
rank_key_descending,halt,128.tiff,0,default_51,True,tm_score sorted
rank_key_descending,halt,128.tiff,0,hem_rect_fill,True,chromatin_od sorted
rank_key_descending,halt,128.tiff,0,hem_rect_fill,True,tm_score sorted
rank_key_descending,halt,128.tiff,0,hem_rect_fill_1um,True,chromatin_od sorted
rank_key_descending,halt,128.tiff,0,hem_rect_fill_1um,True,tm_score sorted
rank_key_descending,halt,128.tiff,0,hem_mask_fill_1um,True,chromatin_od sorted
rank_key_descending,halt,128.tiff,0,hem_mask_fill_1um,True,tm_score sorted
rank_key_descending,halt,128.tiff,1,default_51,True,chromatin_od sorted
rank_key_descending,halt,128.tiff,1,default_51,True,tm_score sorted
rank_key_descending,halt,128.tiff,1,hem_rect_fill,True,chromatin_od sorted
rank_key_descending,halt,128.tiff,1,hem_rect_fill,True,tm_score sorted
rank_key_descending,halt,128.tiff,1,hem_rect_fill_1um,True,chromatin_od sorted
rank_key_descending,halt,128.tiff,1,hem_rect_fill_1um,True,tm_score sorted
rank_key_descending,halt,128.tiff,1,hem_mask_fill_1um,True,chromatin_od sorted
rank_key_descending,halt,128.tiff,1,hem_mask_fill_1um,True,tm_score sorted
rank_key_descending,halt,128.tiff,2,default_51,True,chromatin_od sorted
rank_key_descending,halt,128.tiff,2,default_51,True,tm_score sorted
rank_key_descending,halt,128.tiff,2,hem_rect_fill,True,chromatin_od sorted
rank_key_descending,halt,128.tiff,2,hem_rect_fill,True,tm_score sorted
rank_key_descending,halt,128.tiff,2,hem_rect_fill_1um,True,chromatin_od sorted
rank_key_descending,halt,128.tiff,2,hem_rect_fill_1um,True,tm_score sorted
rank_key_descending,halt,128.tiff,2,hem_mask_fill_1um,True,chromatin_od sorted
rank_key_descending,halt,128.tiff,2,hem_mask_fill_1um,True,tm_score sorted
rank_key_descending,halt,128.tiff,3,default_51,True,chromatin_od sorted
rank_key_descending,halt,128.tiff,3,default_51,True,tm_score sorted
rank_key_descending,halt,128.tiff,3,hem_rect_fill,True,chromatin_od sorted
rank_key_descending,halt,128.tiff,3,hem_rect_fill,True,tm_score sorted
rank_key_descending,halt,128.tiff,3,hem_rect_fill_1um,True,chromatin_od sorted
rank_key_descending,halt,128.tiff,3,hem_rect_fill_1um,True,tm_score sorted
rank_key_descending,halt,128.tiff,3,hem_mask_fill_1um,True,chromatin_od sorted
rank_key_descending,halt,128.tiff,3,hem_mask_fill_1um,True,tm_score sorted
rank_key_descending,halt,128.tiff,4,default_51,True,chromatin_od sorted
rank_key_descending,halt,128.tiff,4,default_51,True,tm_score sorted
rank_key_descending,halt,128.tiff,4,hem_rect_fill,True,chromatin_od sorted
rank_key_descending,halt,128.tiff,4,hem_rect_fill,True,tm_score sorted
rank_key_descending,halt,128.tiff,4,hem_rect_fill_1um,True,chromatin_od sorted
rank_key_descending,halt,128.tiff,4,hem_rect_fill_1um,True,tm_score sorted
rank_key_descending,halt,128.tiff,4,hem_mask_fill_1um,True,chromatin_od sorted
rank_key_descending,halt,128.tiff,4,hem_mask_fill_1um,True,tm_score sorted
rank_key_descending,halt,128.tiff,5,default_51,True,chromatin_od sorted
rank_key_descending,halt,128.tiff,5,default_51,True,tm_score sorted
rank_key_descending,halt,128.tiff,5,hem_rect_fill,True,chromatin_od sorted
rank_key_descending,halt,128.tiff,5,hem_rect_fill,True,tm_score sorted
rank_key_descending,halt,128.tiff,5,hem_rect_fill_1um,True,chromatin_od sorted
rank_key_descending,halt,128.tiff,5,hem_rect_fill_1um,True,tm_score sorted
rank_key_descending,halt,128.tiff,5,hem_mask_fill_1um,True,chromatin_od sorted
rank_key_descending,halt,128.tiff,5,hem_mask_fill_1um,True,tm_score sorted
rank_key_descending,halt,529.tiff,0,default_51,True,chromatin_od sorted
rank_key_descending,halt,529.tiff,0,default_51,True,tm_score sorted
rank_key_descending,halt,529.tiff,0,hem_rect_fill,True,chromatin_od sorted
rank_key_descending,halt,529.tiff,0,hem_rect_fill,True,tm_score sorted
rank_key_descending,halt,529.tiff,0,hem_rect_fill_1um,True,chromatin_od sorted
rank_key_descending,halt,529.tiff,0,hem_rect_fill_1um,True,tm_score sorted
rank_key_descending,halt,529.tiff,0,hem_mask_fill_1um,True,chromatin_od sorted
rank_key_descending,halt,529.tiff,0,hem_mask_fill_1um,True,tm_score sorted
rank_key_descending,halt,529.tiff,1,default_51,True,chromatin_od sorted
rank_key_descending,halt,529.tiff,1,default_51,True,tm_score sorted
rank_key_descending,halt,529.tiff,1,hem_rect_fill,True,chromatin_od sorted
rank_key_descending,halt,529.tiff,1,hem_rect_fill,True,tm_score sorted
rank_key_descending,halt,529.tiff,1,hem_rect_fill_1um,True,chromatin_od sorted
rank_key_descending,halt,529.tiff,1,hem_rect_fill_1um,True,tm_score sorted
rank_key_descending,halt,529.tiff,1,hem_mask_fill_1um,True,chromatin_od sorted
rank_key_descending,halt,529.tiff,1,hem_mask_fill_1um,True,tm_score sorted
rank_key_descending,halt,529.tiff,2,default_51,True,chromatin_od sorted
rank_key_descending,halt,529.tiff,2,default_51,True,tm_score sorted
rank_key_descending,halt,529.tiff,2,hem_rect_fill,True,chromatin_od sorted
rank_key_descending,halt,529.tiff,2,hem_rect_fill,True,tm_score sorted
rank_key_descending,halt,529.tiff,2,hem_rect_fill_1um,True,chromatin_od sorted
rank_key_descending,halt,529.tiff,2,hem_rect_fill_1um,True,tm_score sorted
rank_key_descending,halt,529.tiff,2,hem_mask_fill_1um,True,chromatin_od sorted
rank_key_descending,halt,529.tiff,2,hem_mask_fill_1um,True,tm_score sorted
rank_key_descending,halt,529.tiff,3,default_51,True,chromatin_od sorted
rank_key_descending,halt,529.tiff,3,default_51,True,tm_score sorted
rank_key_descending,halt,529.tiff,3,hem_rect_fill,True,chromatin_od sorted
rank_key_descending,halt,529.tiff,3,hem_rect_fill,True,tm_score sorted
rank_key_descending,halt,529.tiff,3,hem_rect_fill_1um,True,chromatin_od sorted
rank_key_descending,halt,529.tiff,3,hem_rect_fill_1um,True,tm_score sorted
rank_key_descending,halt,529.tiff,3,hem_mask_fill_1um,True,chromatin_od sorted
rank_key_descending,halt,529.tiff,3,hem_mask_fill_1um,True,tm_score sorted
rank_key_descending,halt,529.tiff,4,default_51,True,chromatin_od sorted
rank_key_descending,halt,529.tiff,4,default_51,True,tm_score sorted
rank_key_descending,halt,529.tiff,4,hem_rect_fill,True,chromatin_od sorted
rank_key_descending,halt,529.tiff,4,hem_rect_fill,True,tm_score sorted
rank_key_descending,halt,529.tiff,4,hem_rect_fill_1um,True,chromatin_od sorted
rank_key_descending,halt,529.tiff,4,hem_rect_fill_1um,True,tm_score sorted
rank_key_descending,halt,529.tiff,4,hem_mask_fill_1um,True,chromatin_od sorted
rank_key_descending,halt,529.tiff,4,hem_mask_fill_1um,True,tm_score sorted
rank_key_descending,halt,529.tiff,5,default_51,True,chromatin_od sorted
rank_key_descending,halt,529.tiff,5,default_51,True,tm_score sorted
rank_key_descending,halt,529.tiff,5,hem_rect_fill,True,chromatin_od sorted
rank_key_descending,halt,529.tiff,5,hem_rect_fill,True,tm_score sorted
rank_key_descending,halt,529.tiff,5,hem_rect_fill_1um,True,chromatin_od sorted
rank_key_descending,halt,529.tiff,5,hem_rect_fill_1um,True,tm_score sorted
rank_key_descending,halt,529.tiff,5,hem_mask_fill_1um,True,chromatin_od sorted
rank_key_descending,halt,529.tiff,5,hem_mask_fill_1um,True,tm_score sorted
rank_key_descending,halt,548.tiff,0,default_51,True,chromatin_od sorted
rank_key_descending,halt,548.tiff,0,default_51,True,tm_score sorted
rank_key_descending,halt,548.tiff,0,hem_rect_fill,True,chromatin_od sorted
rank_key_descending,halt,548.tiff,0,hem_rect_fill,True,tm_score sorted
rank_key_descending,halt,548.tiff,0,hem_rect_fill_1um,True,chromatin_od sorted
rank_key_descending,halt,548.tiff,0,hem_rect_fill_1um,True,tm_score sorted
rank_key_descending,halt,548.tiff,0,hem_mask_fill_1um,True,chromatin_od sorted
rank_key_descending,halt,548.tiff,0,hem_mask_fill_1um,True,tm_score sorted
rank_key_descending,halt,548.tiff,1,default_51,True,chromatin_od sorted
rank_key_descending,halt,548.tiff,1,default_51,True,tm_score sorted
rank_key_descending,halt,548.tiff,1,hem_rect_fill,True,chromatin_od sorted
rank_key_descending,halt,548.tiff,1,hem_rect_fill,True,tm_score sorted
rank_key_descending,halt,548.tiff,1,hem_rect_fill_1um,True,chromatin_od sorted
rank_key_descending,halt,548.tiff,1,hem_rect_fill_1um,True,tm_score sorted
rank_key_descending,halt,548.tiff,1,hem_mask_fill_1um,True,chromatin_od sorted
rank_key_descending,halt,548.tiff,1,hem_mask_fill_1um,True,tm_score sorted
rank_key_descending,halt,548.tiff,2,default_51,True,chromatin_od sorted
rank_key_descending,halt,548.tiff,2,default_51,True,tm_score sorted
rank_key_descending,halt,548.tiff,2,hem_rect_fill,True,chromatin_od sorted
rank_key_descending,halt,548.tiff,2,hem_rect_fill,True,tm_score sorted
rank_key_descending,halt,548.tiff,2,hem_rect_fill_1um,True,chromatin_od sorted
rank_key_descending,halt,548.tiff,2,hem_rect_fill_1um,True,tm_score sorted
rank_key_descending,halt,548.tiff,2,hem_mask_fill_1um,True,chromatin_od sorted
rank_key_descending,halt,548.tiff,2,hem_mask_fill_1um,True,tm_score sorted
rank_key_descending,halt,548.tiff,3,default_51,True,chromatin_od sorted
rank_key_descending,halt,548.tiff,3,default_51,True,tm_score sorted
rank_key_descending,halt,548.tiff,3,hem_rect_fill,True,chromatin_od sorted
rank_key_descending,halt,548.tiff,3,hem_rect_fill,True,tm_score sorted
rank_key_descending,halt,548.tiff,3,hem_rect_fill_1um,True,chromatin_od sorted
rank_key_descending,halt,548.tiff,3,hem_rect_fill_1um,True,tm_score sorted
rank_key_descending,halt,548.tiff,3,hem_mask_fill_1um,True,chromatin_od sorted
rank_key_descending,halt,548.tiff,3,hem_mask_fill_1um,True,tm_score sorted
rank_key_descending,halt,548.tiff,4,default_51,True,chromatin_od sorted
rank_key_descending,halt,548.tiff,4,default_51,True,tm_score sorted
rank_key_descending,halt,548.tiff,4,hem_rect_fill,True,chromatin_od sorted
rank_key_descending,halt,548.tiff,4,hem_rect_fill,True,tm_score sorted
rank_key_descending,halt,548.tiff,4,hem_rect_fill_1um,True,chromatin_od sorted
rank_key_descending,halt,548.tiff,4,hem_rect_fill_1um,True,tm_score sorted
rank_key_descending,halt,548.tiff,4,hem_mask_fill_1um,True,chromatin_od sorted
rank_key_descending,halt,548.tiff,4,hem_mask_fill_1um,True,tm_score sorted
rank_key_descending,halt,548.tiff,5,default_51,True,chromatin_od sorted
rank_key_descending,halt,548.tiff,5,default_51,True,tm_score sorted
rank_key_descending,halt,548.tiff,5,hem_rect_fill,True,chromatin_od sorted
rank_key_descending,halt,548.tiff,5,hem_rect_fill,True,tm_score sorted
rank_key_descending,halt,548.tiff,5,hem_rect_fill_1um,True,chromatin_od sorted
rank_key_descending,halt,548.tiff,5,hem_rect_fill_1um,True,tm_score sorted
rank_key_descending,halt,548.tiff,5,hem_mask_fill_1um,True,chromatin_od sorted
rank_key_descending,halt,548.tiff,5,hem_mask_fill_1um,True,tm_score sorted
rank_key_descending,halt,509.tiff,0,default_51,True,chromatin_od sorted
rank_key_descending,halt,509.tiff,0,default_51,True,tm_score sorted
rank_key_descending,halt,509.tiff,0,hem_rect_fill,True,chromatin_od sorted
rank_key_descending,halt,509.tiff,0,hem_rect_fill,True,tm_score sorted
rank_key_descending,halt,509.tiff,0,hem_rect_fill_1um,True,chromatin_od sorted
rank_key_descending,halt,509.tiff,0,hem_rect_fill_1um,True,tm_score sorted
rank_key_descending,halt,509.tiff,0,hem_mask_fill_1um,True,chromatin_od sorted
rank_key_descending,halt,509.tiff,0,hem_mask_fill_1um,True,tm_score sorted
rank_key_descending,halt,509.tiff,1,default_51,True,chromatin_od sorted
rank_key_descending,halt,509.tiff,1,default_51,True,tm_score sorted
rank_key_descending,halt,509.tiff,1,hem_rect_fill,True,chromatin_od sorted
rank_key_descending,halt,509.tiff,1,hem_rect_fill,True,tm_score sorted
rank_key_descending,halt,509.tiff,1,hem_rect_fill_1um,True,chromatin_od sorted
rank_key_descending,halt,509.tiff,1,hem_rect_fill_1um,True,tm_score sorted
rank_key_descending,halt,509.tiff,1,hem_mask_fill_1um,True,chromatin_od sorted
rank_key_descending,halt,509.tiff,1,hem_mask_fill_1um,True,tm_score sorted
rank_key_descending,halt,509.tiff,2,default_51,True,chromatin_od sorted
rank_key_descending,halt,509.tiff,2,default_51,True,tm_score sorted
rank_key_descending,halt,509.tiff,2,hem_rect_fill,True,chromatin_od sorted
rank_key_descending,halt,509.tiff,2,hem_rect_fill,True,tm_score sorted
rank_key_descending,halt,509.tiff,2,hem_rect_fill_1um,True,chromatin_od sorted
rank_key_descending,halt,509.tiff,2,hem_rect_fill_1um,True,tm_score sorted
rank_key_descending,halt,509.tiff,2,hem_mask_fill_1um,True,chromatin_od sorted
rank_key_descending,halt,509.tiff,2,hem_mask_fill_1um,True,tm_score sorted
rank_key_descending,halt,509.tiff,3,default_51,True,chromatin_od sorted
rank_key_descending,halt,509.tiff,3,default_51,True,tm_score sorted
rank_key_descending,halt,509.tiff,3,hem_rect_fill,True,chromatin_od sorted
rank_key_descending,halt,509.tiff,3,hem_rect_fill,True,tm_score sorted
rank_key_descending,halt,509.tiff,3,hem_rect_fill_1um,True,chromatin_od sorted
rank_key_descending,halt,509.tiff,3,hem_rect_fill_1um,True,tm_score sorted
rank_key_descending,halt,509.tiff,3,hem_mask_fill_1um,True,chromatin_od sorted
rank_key_descending,halt,509.tiff,3,hem_mask_fill_1um,True,tm_score sorted
rank_key_descending,halt,509.tiff,4,default_51,True,chromatin_od sorted
rank_key_descending,halt,509.tiff,4,default_51,True,tm_score sorted
rank_key_descending,halt,509.tiff,4,hem_rect_fill,True,chromatin_od sorted
rank_key_descending,halt,509.tiff,4,hem_rect_fill,True,tm_score sorted
rank_key_descending,halt,509.tiff,4,hem_rect_fill_1um,True,chromatin_od sorted
rank_key_descending,halt,509.tiff,4,hem_rect_fill_1um,True,tm_score sorted
rank_key_descending,halt,509.tiff,4,hem_mask_fill_1um,True,chromatin_od sorted
rank_key_descending,halt,509.tiff,4,hem_mask_fill_1um,True,tm_score sorted
rank_key_descending,halt,509.tiff,5,default_51,True,chromatin_od sorted
rank_key_descending,halt,509.tiff,5,default_51,True,tm_score sorted
rank_key_descending,halt,509.tiff,5,hem_rect_fill,True,chromatin_od sorted
rank_key_descending,halt,509.tiff,5,hem_rect_fill,True,tm_score sorted
rank_key_descending,halt,509.tiff,5,hem_rect_fill_1um,True,chromatin_od sorted
rank_key_descending,halt,509.tiff,5,hem_rect_fill_1um,True,tm_score sorted
rank_key_descending,halt,509.tiff,5,hem_mask_fill_1um,True,chromatin_od sorted
rank_key_descending,halt,509.tiff,5,hem_mask_fill_1um,True,tm_score sorted
rank_key_descending,halt,524.tiff,0,default_51,True,chromatin_od sorted
rank_key_descending,halt,524.tiff,0,default_51,True,tm_score sorted
rank_key_descending,halt,524.tiff,0,hem_rect_fill,True,chromatin_od sorted
rank_key_descending,halt,524.tiff,0,hem_rect_fill,True,tm_score sorted
rank_key_descending,halt,524.tiff,0,hem_rect_fill_1um,True,chromatin_od sorted
rank_key_descending,halt,524.tiff,0,hem_rect_fill_1um,True,tm_score sorted
rank_key_descending,halt,524.tiff,0,hem_mask_fill_1um,True,chromatin_od sorted
rank_key_descending,halt,524.tiff,0,hem_mask_fill_1um,True,tm_score sorted
rank_key_descending,halt,524.tiff,1,default_51,True,chromatin_od sorted
rank_key_descending,halt,524.tiff,1,default_51,True,tm_score sorted
rank_key_descending,halt,524.tiff,1,hem_rect_fill,True,chromatin_od sorted
rank_key_descending,halt,524.tiff,1,hem_rect_fill,True,tm_score sorted
rank_key_descending,halt,524.tiff,1,hem_rect_fill_1um,True,chromatin_od sorted
rank_key_descending,halt,524.tiff,1,hem_rect_fill_1um,True,tm_score sorted
rank_key_descending,halt,524.tiff,1,hem_mask_fill_1um,True,chromatin_od sorted
rank_key_descending,halt,524.tiff,1,hem_mask_fill_1um,True,tm_score sorted
rank_key_descending,halt,524.tiff,2,default_51,True,chromatin_od sorted
rank_key_descending,halt,524.tiff,2,default_51,True,tm_score sorted
rank_key_descending,halt,524.tiff,2,hem_rect_fill,True,chromatin_od sorted
rank_key_descending,halt,524.tiff,2,hem_rect_fill,True,tm_score sorted
rank_key_descending,halt,524.tiff,2,hem_rect_fill_1um,True,chromatin_od sorted
rank_key_descending,halt,524.tiff,2,hem_rect_fill_1um,True,tm_score sorted
rank_key_descending,halt,524.tiff,2,hem_mask_fill_1um,True,chromatin_od sorted
rank_key_descending,halt,524.tiff,2,hem_mask_fill_1um,True,tm_score sorted
rank_key_descending,halt,524.tiff,3,default_51,True,chromatin_od sorted
rank_key_descending,halt,524.tiff,3,default_51,True,tm_score sorted
rank_key_descending,halt,524.tiff,3,hem_rect_fill,True,chromatin_od sorted
rank_key_descending,halt,524.tiff,3,hem_rect_fill,True,tm_score sorted
rank_key_descending,halt,524.tiff,3,hem_rect_fill_1um,True,chromatin_od sorted
rank_key_descending,halt,524.tiff,3,hem_rect_fill_1um,True,tm_score sorted
rank_key_descending,halt,524.tiff,3,hem_mask_fill_1um,True,chromatin_od sorted
rank_key_descending,halt,524.tiff,3,hem_mask_fill_1um,True,tm_score sorted
rank_key_descending,halt,524.tiff,4,default_51,True,chromatin_od sorted
rank_key_descending,halt,524.tiff,4,default_51,True,tm_score sorted
rank_key_descending,halt,524.tiff,4,hem_rect_fill,True,chromatin_od sorted
rank_key_descending,halt,524.tiff,4,hem_rect_fill,True,tm_score sorted
rank_key_descending,halt,524.tiff,4,hem_rect_fill_1um,True,chromatin_od sorted
rank_key_descending,halt,524.tiff,4,hem_rect_fill_1um,True,tm_score sorted
rank_key_descending,halt,524.tiff,4,hem_mask_fill_1um,True,chromatin_od sorted
rank_key_descending,halt,524.tiff,4,hem_mask_fill_1um,True,tm_score sorted
rank_key_descending,halt,524.tiff,5,default_51,True,chromatin_od sorted
rank_key_descending,halt,524.tiff,5,default_51,True,tm_score sorted
rank_key_descending,halt,524.tiff,5,hem_rect_fill,True,chromatin_od sorted
rank_key_descending,halt,524.tiff,5,hem_rect_fill,True,tm_score sorted
rank_key_descending,halt,524.tiff,5,hem_rect_fill_1um,True,chromatin_od sorted
rank_key_descending,halt,524.tiff,5,hem_rect_fill_1um,True,tm_score sorted
rank_key_descending,halt,524.tiff,5,hem_mask_fill_1um,True,chromatin_od sorted
rank_key_descending,halt,524.tiff,5,hem_mask_fill_1um,True,tm_score sorted
rank_key_descending,halt,527.tiff,0,default_51,True,chromatin_od sorted
rank_key_descending,halt,527.tiff,0,default_51,True,tm_score sorted
rank_key_descending,halt,527.tiff,0,hem_rect_fill,True,chromatin_od sorted
rank_key_descending,halt,527.tiff,0,hem_rect_fill,True,tm_score sorted
rank_key_descending,halt,527.tiff,0,hem_rect_fill_1um,True,chromatin_od sorted
rank_key_descending,halt,527.tiff,0,hem_rect_fill_1um,True,tm_score sorted
rank_key_descending,halt,527.tiff,0,hem_mask_fill_1um,True,chromatin_od sorted
rank_key_descending,halt,527.tiff,0,hem_mask_fill_1um,True,tm_score sorted
rank_key_descending,halt,527.tiff,1,default_51,True,chromatin_od sorted
rank_key_descending,halt,527.tiff,1,default_51,True,tm_score sorted
rank_key_descending,halt,527.tiff,1,hem_rect_fill,True,chromatin_od sorted
rank_key_descending,halt,527.tiff,1,hem_rect_fill,True,tm_score sorted
rank_key_descending,halt,527.tiff,1,hem_rect_fill_1um,True,chromatin_od sorted
rank_key_descending,halt,527.tiff,1,hem_rect_fill_1um,True,tm_score sorted
rank_key_descending,halt,527.tiff,1,hem_mask_fill_1um,True,chromatin_od sorted
rank_key_descending,halt,527.tiff,1,hem_mask_fill_1um,True,tm_score sorted
rank_key_descending,halt,527.tiff,2,default_51,True,chromatin_od sorted
rank_key_descending,halt,527.tiff,2,default_51,True,tm_score sorted
rank_key_descending,halt,527.tiff,2,hem_rect_fill,True,chromatin_od sorted
rank_key_descending,halt,527.tiff,2,hem_rect_fill,True,tm_score sorted
rank_key_descending,halt,527.tiff,2,hem_rect_fill_1um,True,chromatin_od sorted
rank_key_descending,halt,527.tiff,2,hem_rect_fill_1um,True,tm_score sorted
rank_key_descending,halt,527.tiff,2,hem_mask_fill_1um,True,chromatin_od sorted
rank_key_descending,halt,527.tiff,2,hem_mask_fill_1um,True,tm_score sorted
rank_key_descending,halt,527.tiff,3,default_51,True,chromatin_od sorted
rank_key_descending,halt,527.tiff,3,default_51,True,tm_score sorted
rank_key_descending,halt,527.tiff,3,hem_rect_fill,True,chromatin_od sorted
rank_key_descending,halt,527.tiff,3,hem_rect_fill,True,tm_score sorted
rank_key_descending,halt,527.tiff,3,hem_rect_fill_1um,True,chromatin_od sorted
rank_key_descending,halt,527.tiff,3,hem_rect_fill_1um,True,tm_score sorted
rank_key_descending,halt,527.tiff,3,hem_mask_fill_1um,True,chromatin_od sorted
rank_key_descending,halt,527.tiff,3,hem_mask_fill_1um,True,tm_score sorted
rank_key_descending,halt,527.tiff,4,default_51,True,chromatin_od sorted
rank_key_descending,halt,527.tiff,4,default_51,True,tm_score sorted
rank_key_descending,halt,527.tiff,4,hem_rect_fill,True,chromatin_od sorted
rank_key_descending,halt,527.tiff,4,hem_rect_fill,True,tm_score sorted
rank_key_descending,halt,527.tiff,4,hem_rect_fill_1um,True,chromatin_od sorted
rank_key_descending,halt,527.tiff,4,hem_rect_fill_1um,True,tm_score sorted
rank_key_descending,halt,527.tiff,4,hem_mask_fill_1um,True,chromatin_od sorted
rank_key_descending,halt,527.tiff,4,hem_mask_fill_1um,True,tm_score sorted
rank_key_descending,halt,527.tiff,5,default_51,True,chromatin_od sorted
rank_key_descending,halt,527.tiff,5,default_51,True,tm_score sorted
rank_key_descending,halt,527.tiff,5,hem_rect_fill,True,chromatin_od sorted
rank_key_descending,halt,527.tiff,5,hem_rect_fill,True,tm_score sorted
rank_key_descending,halt,527.tiff,5,hem_rect_fill_1um,True,chromatin_od sorted
rank_key_descending,halt,527.tiff,5,hem_rect_fill_1um,True,tm_score sorted
rank_key_descending,halt,527.tiff,5,hem_mask_fill_1um,True,chromatin_od sorted
rank_key_descending,halt,527.tiff,5,hem_mask_fill_1um,True,tm_score sorted
rank_key_descending,halt,546.tiff,0,default_51,True,chromatin_od sorted
rank_key_descending,halt,546.tiff,0,default_51,True,tm_score sorted
rank_key_descending,halt,546.tiff,0,hem_rect_fill,True,chromatin_od sorted
rank_key_descending,halt,546.tiff,0,hem_rect_fill,True,tm_score sorted
rank_key_descending,halt,546.tiff,0,hem_rect_fill_1um,True,chromatin_od sorted
rank_key_descending,halt,546.tiff,0,hem_rect_fill_1um,True,tm_score sorted
rank_key_descending,halt,546.tiff,0,hem_mask_fill_1um,True,chromatin_od sorted
rank_key_descending,halt,546.tiff,0,hem_mask_fill_1um,True,tm_score sorted
rank_key_descending,halt,546.tiff,1,default_51,True,chromatin_od sorted
rank_key_descending,halt,546.tiff,1,default_51,True,tm_score sorted
rank_key_descending,halt,546.tiff,1,hem_rect_fill,True,chromatin_od sorted
rank_key_descending,halt,546.tiff,1,hem_rect_fill,True,tm_score sorted
rank_key_descending,halt,546.tiff,1,hem_rect_fill_1um,True,chromatin_od sorted
rank_key_descending,halt,546.tiff,1,hem_rect_fill_1um,True,tm_score sorted
rank_key_descending,halt,546.tiff,1,hem_mask_fill_1um,True,chromatin_od sorted
rank_key_descending,halt,546.tiff,1,hem_mask_fill_1um,True,tm_score sorted
rank_key_descending,halt,546.tiff,2,default_51,True,chromatin_od sorted
rank_key_descending,halt,546.tiff,2,default_51,True,tm_score sorted
rank_key_descending,halt,546.tiff,2,hem_rect_fill,True,chromatin_od sorted
rank_key_descending,halt,546.tiff,2,hem_rect_fill,True,tm_score sorted
rank_key_descending,halt,546.tiff,2,hem_rect_fill_1um,True,chromatin_od sorted
rank_key_descending,halt,546.tiff,2,hem_rect_fill_1um,True,tm_score sorted
rank_key_descending,halt,546.tiff,2,hem_mask_fill_1um,True,chromatin_od sorted
rank_key_descending,halt,546.tiff,2,hem_mask_fill_1um,True,tm_score sorted
rank_key_descending,halt,546.tiff,3,default_51,True,chromatin_od sorted
rank_key_descending,halt,546.tiff,3,default_51,True,tm_score sorted
rank_key_descending,halt,546.tiff,3,hem_rect_fill,True,chromatin_od sorted
rank_key_descending,halt,546.tiff,3,hem_rect_fill,True,tm_score sorted
rank_key_descending,halt,546.tiff,3,hem_rect_fill_1um,True,chromatin_od sorted
rank_key_descending,halt,546.tiff,3,hem_rect_fill_1um,True,tm_score sorted
rank_key_descending,halt,546.tiff,3,hem_mask_fill_1um,True,chromatin_od sorted
rank_key_descending,halt,546.tiff,3,hem_mask_fill_1um,True,tm_score sorted
rank_key_descending,halt,546.tiff,4,default_51,True,chromatin_od sorted
rank_key_descending,halt,546.tiff,4,default_51,True,tm_score sorted
rank_key_descending,halt,546.tiff,4,hem_rect_fill,True,chromatin_od sorted
rank_key_descending,halt,546.tiff,4,hem_rect_fill,True,tm_score sorted
rank_key_descending,halt,546.tiff,4,hem_rect_fill_1um,True,chromatin_od sorted
rank_key_descending,halt,546.tiff,4,hem_rect_fill_1um,True,tm_score sorted
rank_key_descending,halt,546.tiff,4,hem_mask_fill_1um,True,chromatin_od sorted
rank_key_descending,halt,546.tiff,4,hem_mask_fill_1um,True,tm_score sorted
rank_key_descending,halt,546.tiff,5,default_51,True,chromatin_od sorted
rank_key_descending,halt,546.tiff,5,default_51,True,tm_score sorted
rank_key_descending,halt,546.tiff,5,hem_rect_fill,True,chromatin_od sorted
rank_key_descending,halt,546.tiff,5,hem_rect_fill,True,tm_score sorted
rank_key_descending,halt,546.tiff,5,hem_rect_fill_1um,True,chromatin_od sorted
rank_key_descending,halt,546.tiff,5,hem_rect_fill_1um,True,tm_score sorted
rank_key_descending,halt,546.tiff,5,hem_mask_fill_1um,True,chromatin_od sorted
rank_key_descending,halt,546.tiff,5,hem_mask_fill_1um,True,tm_score sorted
rank_key_descending,halt,549.tiff,0,default_51,True,chromatin_od sorted
rank_key_descending,halt,549.tiff,0,default_51,True,tm_score sorted
rank_key_descending,halt,549.tiff,0,hem_rect_fill,True,chromatin_od sorted
rank_key_descending,halt,549.tiff,0,hem_rect_fill,True,tm_score sorted
rank_key_descending,halt,549.tiff,0,hem_rect_fill_1um,True,chromatin_od sorted
rank_key_descending,halt,549.tiff,0,hem_rect_fill_1um,True,tm_score sorted
rank_key_descending,halt,549.tiff,0,hem_mask_fill_1um,True,chromatin_od sorted
rank_key_descending,halt,549.tiff,0,hem_mask_fill_1um,True,tm_score sorted
rank_key_descending,halt,549.tiff,1,default_51,True,chromatin_od sorted
rank_key_descending,halt,549.tiff,1,default_51,True,tm_score sorted
rank_key_descending,halt,549.tiff,1,hem_rect_fill,True,chromatin_od sorted
rank_key_descending,halt,549.tiff,1,hem_rect_fill,True,tm_score sorted
rank_key_descending,halt,549.tiff,1,hem_rect_fill_1um,True,chromatin_od sorted
rank_key_descending,halt,549.tiff,1,hem_rect_fill_1um,True,tm_score sorted
rank_key_descending,halt,549.tiff,1,hem_mask_fill_1um,True,chromatin_od sorted
rank_key_descending,halt,549.tiff,1,hem_mask_fill_1um,True,tm_score sorted
rank_key_descending,halt,549.tiff,2,default_51,True,chromatin_od sorted
rank_key_descending,halt,549.tiff,2,default_51,True,tm_score sorted
rank_key_descending,halt,549.tiff,2,hem_rect_fill,True,chromatin_od sorted
rank_key_descending,halt,549.tiff,2,hem_rect_fill,True,tm_score sorted
rank_key_descending,halt,549.tiff,2,hem_rect_fill_1um,True,chromatin_od sorted
rank_key_descending,halt,549.tiff,2,hem_rect_fill_1um,True,tm_score sorted
rank_key_descending,halt,549.tiff,2,hem_mask_fill_1um,True,chromatin_od sorted
rank_key_descending,halt,549.tiff,2,hem_mask_fill_1um,True,tm_score sorted
rank_key_descending,halt,549.tiff,3,default_51,True,chromatin_od sorted
rank_key_descending,halt,549.tiff,3,default_51,True,tm_score sorted
rank_key_descending,halt,549.tiff,3,hem_rect_fill,True,chromatin_od sorted
rank_key_descending,halt,549.tiff,3,hem_rect_fill,True,tm_score sorted
rank_key_descending,halt,549.tiff,3,hem_rect_fill_1um,True,chromatin_od sorted
rank_key_descending,halt,549.tiff,3,hem_rect_fill_1um,True,tm_score sorted
rank_key_descending,halt,549.tiff,3,hem_mask_fill_1um,True,chromatin_od sorted
rank_key_descending,halt,549.tiff,3,hem_mask_fill_1um,True,tm_score sorted
rank_key_descending,halt,549.tiff,4,default_51,True,chromatin_od sorted
rank_key_descending,halt,549.tiff,4,default_51,True,tm_score sorted
rank_key_descending,halt,549.tiff,4,hem_rect_fill,True,chromatin_od sorted
rank_key_descending,halt,549.tiff,4,hem_rect_fill,True,tm_score sorted
rank_key_descending,halt,549.tiff,4,hem_rect_fill_1um,True,chromatin_od sorted
rank_key_descending,halt,549.tiff,4,hem_rect_fill_1um,True,tm_score sorted
rank_key_descending,halt,549.tiff,4,hem_mask_fill_1um,True,chromatin_od sorted
rank_key_descending,halt,549.tiff,4,hem_mask_fill_1um,True,tm_score sorted
rank_key_descending,halt,549.tiff,5,default_51,True,chromatin_od sorted
rank_key_descending,halt,549.tiff,5,default_51,True,tm_score sorted
rank_key_descending,halt,549.tiff,5,hem_rect_fill,True,chromatin_od sorted
rank_key_descending,halt,549.tiff,5,hem_rect_fill,True,tm_score sorted
rank_key_descending,halt,549.tiff,5,hem_rect_fill_1um,True,chromatin_od sorted
rank_key_descending,halt,549.tiff,5,hem_rect_fill_1um,True,tm_score sorted
rank_key_descending,halt,549.tiff,5,hem_mask_fill_1um,True,chromatin_od sorted
rank_key_descending,halt,549.tiff,5,hem_mask_fill_1um,True,tm_score sorted
rank_key_descending,halt,402.tiff,0,default_51,True,chromatin_od sorted
rank_key_descending,halt,402.tiff,0,default_51,True,tm_score sorted
rank_key_descending,halt,402.tiff,0,hem_rect_fill,True,chromatin_od sorted
rank_key_descending,halt,402.tiff,0,hem_rect_fill,True,tm_score sorted
rank_key_descending,halt,402.tiff,0,hem_rect_fill_1um,True,chromatin_od sorted
rank_key_descending,halt,402.tiff,0,hem_rect_fill_1um,True,tm_score sorted
rank_key_descending,halt,402.tiff,0,hem_mask_fill_1um,True,chromatin_od sorted
rank_key_descending,halt,402.tiff,0,hem_mask_fill_1um,True,tm_score sorted
rank_key_descending,halt,402.tiff,1,default_51,True,chromatin_od sorted
rank_key_descending,halt,402.tiff,1,default_51,True,tm_score sorted
rank_key_descending,halt,402.tiff,1,hem_rect_fill,True,chromatin_od sorted
rank_key_descending,halt,402.tiff,1,hem_rect_fill,True,tm_score sorted
rank_key_descending,halt,402.tiff,1,hem_rect_fill_1um,True,chromatin_od sorted
rank_key_descending,halt,402.tiff,1,hem_rect_fill_1um,True,tm_score sorted
rank_key_descending,halt,402.tiff,1,hem_mask_fill_1um,True,chromatin_od sorted
rank_key_descending,halt,402.tiff,1,hem_mask_fill_1um,True,tm_score sorted
rank_key_descending,halt,402.tiff,2,default_51,True,chromatin_od sorted
rank_key_descending,halt,402.tiff,2,default_51,True,tm_score sorted
rank_key_descending,halt,402.tiff,2,hem_rect_fill,True,chromatin_od sorted
rank_key_descending,halt,402.tiff,2,hem_rect_fill,True,tm_score sorted
rank_key_descending,halt,402.tiff,2,hem_rect_fill_1um,True,chromatin_od sorted
rank_key_descending,halt,402.tiff,2,hem_rect_fill_1um,True,tm_score sorted
rank_key_descending,halt,402.tiff,2,hem_mask_fill_1um,True,chromatin_od sorted
rank_key_descending,halt,402.tiff,2,hem_mask_fill_1um,True,tm_score sorted
rank_key_descending,halt,402.tiff,3,default_51,True,chromatin_od sorted
rank_key_descending,halt,402.tiff,3,default_51,True,tm_score sorted
rank_key_descending,halt,402.tiff,3,hem_rect_fill,True,chromatin_od sorted
rank_key_descending,halt,402.tiff,3,hem_rect_fill,True,tm_score sorted
rank_key_descending,halt,402.tiff,3,hem_rect_fill_1um,True,chromatin_od sorted
rank_key_descending,halt,402.tiff,3,hem_rect_fill_1um,True,tm_score sorted
rank_key_descending,halt,402.tiff,3,hem_mask_fill_1um,True,chromatin_od sorted
rank_key_descending,halt,402.tiff,3,hem_mask_fill_1um,True,tm_score sorted
rank_key_descending,halt,402.tiff,4,default_51,True,chromatin_od sorted
rank_key_descending,halt,402.tiff,4,default_51,True,tm_score sorted
rank_key_descending,halt,402.tiff,4,hem_rect_fill,True,chromatin_od sorted
rank_key_descending,halt,402.tiff,4,hem_rect_fill,True,tm_score sorted
rank_key_descending,halt,402.tiff,4,hem_rect_fill_1um,True,chromatin_od sorted
rank_key_descending,halt,402.tiff,4,hem_rect_fill_1um,True,tm_score sorted
rank_key_descending,halt,402.tiff,4,hem_mask_fill_1um,True,chromatin_od sorted
rank_key_descending,halt,402.tiff,4,hem_mask_fill_1um,True,tm_score sorted
rank_key_descending,halt,402.tiff,5,default_51,True,chromatin_od sorted
rank_key_descending,halt,402.tiff,5,default_51,True,tm_score sorted
rank_key_descending,halt,402.tiff,5,hem_rect_fill,True,chromatin_od sorted
rank_key_descending,halt,402.tiff,5,hem_rect_fill,True,tm_score sorted
rank_key_descending,halt,402.tiff,5,hem_rect_fill_1um,True,chromatin_od sorted
rank_key_descending,halt,402.tiff,5,hem_rect_fill_1um,True,tm_score sorted
rank_key_descending,halt,402.tiff,5,hem_mask_fill_1um,True,chromatin_od sorted
rank_key_descending,halt,402.tiff,5,hem_mask_fill_1um,True,tm_score sorted
rank_key_descending,halt,403.tiff,0,default_51,True,chromatin_od sorted
rank_key_descending,halt,403.tiff,0,default_51,True,tm_score sorted
rank_key_descending,halt,403.tiff,0,hem_rect_fill,True,chromatin_od sorted
rank_key_descending,halt,403.tiff,0,hem_rect_fill,True,tm_score sorted
rank_key_descending,halt,403.tiff,0,hem_rect_fill_1um,True,chromatin_od sorted
rank_key_descending,halt,403.tiff,0,hem_rect_fill_1um,True,tm_score sorted
rank_key_descending,halt,403.tiff,0,hem_mask_fill_1um,True,chromatin_od sorted
rank_key_descending,halt,403.tiff,0,hem_mask_fill_1um,True,tm_score sorted
rank_key_descending,halt,403.tiff,1,default_51,True,chromatin_od sorted
rank_key_descending,halt,403.tiff,1,default_51,True,tm_score sorted
rank_key_descending,halt,403.tiff,1,hem_rect_fill,True,chromatin_od sorted
rank_key_descending,halt,403.tiff,1,hem_rect_fill,True,tm_score sorted
rank_key_descending,halt,403.tiff,1,hem_rect_fill_1um,True,chromatin_od sorted
rank_key_descending,halt,403.tiff,1,hem_rect_fill_1um,True,tm_score sorted
rank_key_descending,halt,403.tiff,1,hem_mask_fill_1um,True,chromatin_od sorted
rank_key_descending,halt,403.tiff,1,hem_mask_fill_1um,True,tm_score sorted
rank_key_descending,halt,403.tiff,2,default_51,True,chromatin_od sorted
rank_key_descending,halt,403.tiff,2,default_51,True,tm_score sorted
rank_key_descending,halt,403.tiff,2,hem_rect_fill,True,chromatin_od sorted
rank_key_descending,halt,403.tiff,2,hem_rect_fill,True,tm_score sorted
rank_key_descending,halt,403.tiff,2,hem_rect_fill_1um,True,chromatin_od sorted
rank_key_descending,halt,403.tiff,2,hem_rect_fill_1um,True,tm_score sorted
rank_key_descending,halt,403.tiff,2,hem_mask_fill_1um,True,chromatin_od sorted
rank_key_descending,halt,403.tiff,2,hem_mask_fill_1um,True,tm_score sorted
rank_key_descending,halt,403.tiff,3,default_51,True,chromatin_od sorted
rank_key_descending,halt,403.tiff,3,default_51,True,tm_score sorted
rank_key_descending,halt,403.tiff,3,hem_rect_fill,True,chromatin_od sorted
rank_key_descending,halt,403.tiff,3,hem_rect_fill,True,tm_score sorted
rank_key_descending,halt,403.tiff,3,hem_rect_fill_1um,True,chromatin_od sorted
rank_key_descending,halt,403.tiff,3,hem_rect_fill_1um,True,tm_score sorted
rank_key_descending,halt,403.tiff,3,hem_mask_fill_1um,True,chromatin_od sorted
rank_key_descending,halt,403.tiff,3,hem_mask_fill_1um,True,tm_score sorted
rank_key_descending,halt,403.tiff,4,default_51,True,chromatin_od sorted
rank_key_descending,halt,403.tiff,4,default_51,True,tm_score sorted
rank_key_descending,halt,403.tiff,4,hem_rect_fill,True,chromatin_od sorted
rank_key_descending,halt,403.tiff,4,hem_rect_fill,True,tm_score sorted
rank_key_descending,halt,403.tiff,4,hem_rect_fill_1um,True,chromatin_od sorted
rank_key_descending,halt,403.tiff,4,hem_rect_fill_1um,True,tm_score sorted
rank_key_descending,halt,403.tiff,4,hem_mask_fill_1um,True,chromatin_od sorted
rank_key_descending,halt,403.tiff,4,hem_mask_fill_1um,True,tm_score sorted
rank_key_descending,halt,403.tiff,5,default_51,True,chromatin_od sorted
rank_key_descending,halt,403.tiff,5,default_51,True,tm_score sorted
rank_key_descending,halt,403.tiff,5,hem_rect_fill,True,chromatin_od sorted
rank_key_descending,halt,403.tiff,5,hem_rect_fill,True,tm_score sorted
rank_key_descending,halt,403.tiff,5,hem_rect_fill_1um,True,chromatin_od sorted
rank_key_descending,halt,403.tiff,5,hem_rect_fill_1um,True,tm_score sorted
rank_key_descending,halt,403.tiff,5,hem_mask_fill_1um,True,chromatin_od sorted
rank_key_descending,halt,403.tiff,5,hem_mask_fill_1um,True,tm_score sorted
rank_key_descending,halt,353.tiff,0,default_51,True,chromatin_od sorted
rank_key_descending,halt,353.tiff,0,default_51,True,tm_score sorted
rank_key_descending,halt,353.tiff,0,hem_rect_fill,True,chromatin_od sorted
rank_key_descending,halt,353.tiff,0,hem_rect_fill,True,tm_score sorted
rank_key_descending,halt,353.tiff,0,hem_rect_fill_1um,True,chromatin_od sorted
rank_key_descending,halt,353.tiff,0,hem_rect_fill_1um,True,tm_score sorted
rank_key_descending,halt,353.tiff,0,hem_mask_fill_1um,True,chromatin_od sorted
rank_key_descending,halt,353.tiff,0,hem_mask_fill_1um,True,tm_score sorted
rank_key_descending,halt,353.tiff,1,default_51,True,chromatin_od sorted
rank_key_descending,halt,353.tiff,1,default_51,True,tm_score sorted
rank_key_descending,halt,353.tiff,1,hem_rect_fill,True,chromatin_od sorted
rank_key_descending,halt,353.tiff,1,hem_rect_fill,True,tm_score sorted
rank_key_descending,halt,353.tiff,1,hem_rect_fill_1um,True,chromatin_od sorted
rank_key_descending,halt,353.tiff,1,hem_rect_fill_1um,True,tm_score sorted
rank_key_descending,halt,353.tiff,1,hem_mask_fill_1um,True,chromatin_od sorted
rank_key_descending,halt,353.tiff,1,hem_mask_fill_1um,True,tm_score sorted
rank_key_descending,halt,353.tiff,2,default_51,True,chromatin_od sorted
rank_key_descending,halt,353.tiff,2,default_51,True,tm_score sorted
rank_key_descending,halt,353.tiff,2,hem_rect_fill,True,chromatin_od sorted
rank_key_descending,halt,353.tiff,2,hem_rect_fill,True,tm_score sorted
rank_key_descending,halt,353.tiff,2,hem_rect_fill_1um,True,chromatin_od sorted
rank_key_descending,halt,353.tiff,2,hem_rect_fill_1um,True,tm_score sorted
rank_key_descending,halt,353.tiff,2,hem_mask_fill_1um,True,chromatin_od sorted
rank_key_descending,halt,353.tiff,2,hem_mask_fill_1um,True,tm_score sorted
rank_key_descending,halt,353.tiff,3,default_51,True,chromatin_od sorted
rank_key_descending,halt,353.tiff,3,default_51,True,tm_score sorted
rank_key_descending,halt,353.tiff,3,hem_rect_fill,True,chromatin_od sorted
rank_key_descending,halt,353.tiff,3,hem_rect_fill,True,tm_score sorted
rank_key_descending,halt,353.tiff,3,hem_rect_fill_1um,True,chromatin_od sorted
rank_key_descending,halt,353.tiff,3,hem_rect_fill_1um,True,tm_score sorted
rank_key_descending,halt,353.tiff,3,hem_mask_fill_1um,True,chromatin_od sorted
rank_key_descending,halt,353.tiff,3,hem_mask_fill_1um,True,tm_score sorted
rank_key_descending,halt,353.tiff,4,default_51,True,chromatin_od sorted
rank_key_descending,halt,353.tiff,4,default_51,True,tm_score sorted
rank_key_descending,halt,353.tiff,4,hem_rect_fill,True,chromatin_od sorted
rank_key_descending,halt,353.tiff,4,hem_rect_fill,True,tm_score sorted
rank_key_descending,halt,353.tiff,4,hem_rect_fill_1um,True,chromatin_od sorted
rank_key_descending,halt,353.tiff,4,hem_rect_fill_1um,True,tm_score sorted
rank_key_descending,halt,353.tiff,4,hem_mask_fill_1um,True,chromatin_od sorted
rank_key_descending,halt,353.tiff,4,hem_mask_fill_1um,True,tm_score sorted
rank_key_descending,halt,353.tiff,5,default_51,True,chromatin_od sorted
rank_key_descending,halt,353.tiff,5,default_51,True,tm_score sorted
rank_key_descending,halt,353.tiff,5,hem_rect_fill,True,chromatin_od sorted
rank_key_descending,halt,353.tiff,5,hem_rect_fill,True,tm_score sorted
rank_key_descending,halt,353.tiff,5,hem_rect_fill_1um,True,chromatin_od sorted
rank_key_descending,halt,353.tiff,5,hem_rect_fill_1um,True,tm_score sorted
rank_key_descending,halt,353.tiff,5,hem_mask_fill_1um,True,chromatin_od sorted
rank_key_descending,halt,353.tiff,5,hem_mask_fill_1um,True,tm_score sorted
rank_key_descending,halt,364.tiff,0,default_51,True,chromatin_od sorted
rank_key_descending,halt,364.tiff,0,default_51,True,tm_score sorted
rank_key_descending,halt,364.tiff,0,hem_rect_fill,True,chromatin_od sorted
rank_key_descending,halt,364.tiff,0,hem_rect_fill,True,tm_score sorted
rank_key_descending,halt,364.tiff,0,hem_rect_fill_1um,True,chromatin_od sorted
rank_key_descending,halt,364.tiff,0,hem_rect_fill_1um,True,tm_score sorted
rank_key_descending,halt,364.tiff,0,hem_mask_fill_1um,True,chromatin_od sorted
rank_key_descending,halt,364.tiff,0,hem_mask_fill_1um,True,tm_score sorted
rank_key_descending,halt,364.tiff,1,default_51,True,chromatin_od sorted
rank_key_descending,halt,364.tiff,1,default_51,True,tm_score sorted
rank_key_descending,halt,364.tiff,1,hem_rect_fill,True,chromatin_od sorted
rank_key_descending,halt,364.tiff,1,hem_rect_fill,True,tm_score sorted
rank_key_descending,halt,364.tiff,1,hem_rect_fill_1um,True,chromatin_od sorted
rank_key_descending,halt,364.tiff,1,hem_rect_fill_1um,True,tm_score sorted
rank_key_descending,halt,364.tiff,1,hem_mask_fill_1um,True,chromatin_od sorted
rank_key_descending,halt,364.tiff,1,hem_mask_fill_1um,True,tm_score sorted
rank_key_descending,halt,364.tiff,2,default_51,True,chromatin_od sorted
rank_key_descending,halt,364.tiff,2,default_51,True,tm_score sorted
rank_key_descending,halt,364.tiff,2,hem_rect_fill,True,chromatin_od sorted
rank_key_descending,halt,364.tiff,2,hem_rect_fill,True,tm_score sorted
rank_key_descending,halt,364.tiff,2,hem_rect_fill_1um,True,chromatin_od sorted
rank_key_descending,halt,364.tiff,2,hem_rect_fill_1um,True,tm_score sorted
rank_key_descending,halt,364.tiff,2,hem_mask_fill_1um,True,chromatin_od sorted
rank_key_descending,halt,364.tiff,2,hem_mask_fill_1um,True,tm_score sorted
rank_key_descending,halt,364.tiff,3,default_51,True,chromatin_od sorted
rank_key_descending,halt,364.tiff,3,default_51,True,tm_score sorted
rank_key_descending,halt,364.tiff,3,hem_rect_fill,True,chromatin_od sorted
rank_key_descending,halt,364.tiff,3,hem_rect_fill,True,tm_score sorted
rank_key_descending,halt,364.tiff,3,hem_rect_fill_1um,True,chromatin_od sorted
rank_key_descending,halt,364.tiff,3,hem_rect_fill_1um,True,tm_score sorted
rank_key_descending,halt,364.tiff,3,hem_mask_fill_1um,True,chromatin_od sorted
rank_key_descending,halt,364.tiff,3,hem_mask_fill_1um,True,tm_score sorted
rank_key_descending,halt,364.tiff,4,default_51,True,chromatin_od sorted
rank_key_descending,halt,364.tiff,4,default_51,True,tm_score sorted
rank_key_descending,halt,364.tiff,4,hem_rect_fill,True,chromatin_od sorted
rank_key_descending,halt,364.tiff,4,hem_rect_fill,True,tm_score sorted
rank_key_descending,halt,364.tiff,4,hem_rect_fill_1um,True,chromatin_od sorted
rank_key_descending,halt,364.tiff,4,hem_rect_fill_1um,True,tm_score sorted
rank_key_descending,halt,364.tiff,4,hem_mask_fill_1um,True,chromatin_od sorted
rank_key_descending,halt,364.tiff,4,hem_mask_fill_1um,True,tm_score sorted
rank_key_descending,halt,364.tiff,5,default_51,True,chromatin_od sorted
rank_key_descending,halt,364.tiff,5,default_51,True,tm_score sorted
rank_key_descending,halt,364.tiff,5,hem_rect_fill,True,chromatin_od sorted
rank_key_descending,halt,364.tiff,5,hem_rect_fill,True,tm_score sorted
rank_key_descending,halt,364.tiff,5,hem_rect_fill_1um,True,chromatin_od sorted
rank_key_descending,halt,364.tiff,5,hem_rect_fill_1um,True,tm_score sorted
rank_key_descending,halt,364.tiff,5,hem_mask_fill_1um,True,chromatin_od sorted
rank_key_descending,halt,364.tiff,5,hem_mask_fill_1um,True,tm_score sorted
rank_key_descending,halt,400.tiff,0,default_51,True,chromatin_od sorted
rank_key_descending,halt,400.tiff,0,default_51,True,tm_score sorted
rank_key_descending,halt,400.tiff,0,hem_rect_fill,True,chromatin_od sorted
rank_key_descending,halt,400.tiff,0,hem_rect_fill,True,tm_score sorted
rank_key_descending,halt,400.tiff,0,hem_rect_fill_1um,True,chromatin_od sorted
rank_key_descending,halt,400.tiff,0,hem_rect_fill_1um,True,tm_score sorted
rank_key_descending,halt,400.tiff,0,hem_mask_fill_1um,True,chromatin_od sorted
rank_key_descending,halt,400.tiff,0,hem_mask_fill_1um,True,tm_score sorted
rank_key_descending,halt,400.tiff,1,default_51,True,chromatin_od sorted
rank_key_descending,halt,400.tiff,1,default_51,True,tm_score sorted
rank_key_descending,halt,400.tiff,1,hem_rect_fill,True,chromatin_od sorted
rank_key_descending,halt,400.tiff,1,hem_rect_fill,True,tm_score sorted
rank_key_descending,halt,400.tiff,1,hem_rect_fill_1um,True,chromatin_od sorted
rank_key_descending,halt,400.tiff,1,hem_rect_fill_1um,True,tm_score sorted
rank_key_descending,halt,400.tiff,1,hem_mask_fill_1um,True,chromatin_od sorted
rank_key_descending,halt,400.tiff,1,hem_mask_fill_1um,True,tm_score sorted
rank_key_descending,halt,400.tiff,2,default_51,True,chromatin_od sorted
rank_key_descending,halt,400.tiff,2,default_51,True,tm_score sorted
rank_key_descending,halt,400.tiff,2,hem_rect_fill,True,chromatin_od sorted
rank_key_descending,halt,400.tiff,2,hem_rect_fill,True,tm_score sorted
rank_key_descending,halt,400.tiff,2,hem_rect_fill_1um,True,chromatin_od sorted
rank_key_descending,halt,400.tiff,2,hem_rect_fill_1um,True,tm_score sorted
rank_key_descending,halt,400.tiff,2,hem_mask_fill_1um,True,chromatin_od sorted
rank_key_descending,halt,400.tiff,2,hem_mask_fill_1um,True,tm_score sorted
rank_key_descending,halt,400.tiff,3,default_51,True,chromatin_od sorted
rank_key_descending,halt,400.tiff,3,default_51,True,tm_score sorted
rank_key_descending,halt,400.tiff,3,hem_rect_fill,True,chromatin_od sorted
rank_key_descending,halt,400.tiff,3,hem_rect_fill,True,tm_score sorted
rank_key_descending,halt,400.tiff,3,hem_rect_fill_1um,True,chromatin_od sorted
rank_key_descending,halt,400.tiff,3,hem_rect_fill_1um,True,tm_score sorted
rank_key_descending,halt,400.tiff,3,hem_mask_fill_1um,True,chromatin_od sorted
rank_key_descending,halt,400.tiff,3,hem_mask_fill_1um,True,tm_score sorted
rank_key_descending,halt,400.tiff,4,default_51,True,chromatin_od sorted
rank_key_descending,halt,400.tiff,4,default_51,True,tm_score sorted
rank_key_descending,halt,400.tiff,4,hem_rect_fill,True,chromatin_od sorted
rank_key_descending,halt,400.tiff,4,hem_rect_fill,True,tm_score sorted
rank_key_descending,halt,400.tiff,4,hem_rect_fill_1um,True,chromatin_od sorted
rank_key_descending,halt,400.tiff,4,hem_rect_fill_1um,True,tm_score sorted
rank_key_descending,halt,400.tiff,4,hem_mask_fill_1um,True,chromatin_od sorted
rank_key_descending,halt,400.tiff,4,hem_mask_fill_1um,True,tm_score sorted
rank_key_descending,halt,400.tiff,5,default_51,True,chromatin_od sorted
rank_key_descending,halt,400.tiff,5,default_51,True,tm_score sorted
rank_key_descending,halt,400.tiff,5,hem_rect_fill,True,chromatin_od sorted
rank_key_descending,halt,400.tiff,5,hem_rect_fill,True,tm_score sorted
rank_key_descending,halt,400.tiff,5,hem_rect_fill_1um,True,chromatin_od sorted
rank_key_descending,halt,400.tiff,5,hem_rect_fill_1um,True,tm_score sorted
rank_key_descending,halt,400.tiff,5,hem_mask_fill_1um,True,chromatin_od sorted
rank_key_descending,halt,400.tiff,5,hem_mask_fill_1um,True,tm_score sorted
rank_key_descending,halt,401.tiff,0,default_51,True,chromatin_od sorted
rank_key_descending,halt,401.tiff,0,default_51,True,tm_score sorted
rank_key_descending,halt,401.tiff,0,hem_rect_fill,True,chromatin_od sorted
rank_key_descending,halt,401.tiff,0,hem_rect_fill,True,tm_score sorted
rank_key_descending,halt,401.tiff,0,hem_rect_fill_1um,True,chromatin_od sorted
rank_key_descending,halt,401.tiff,0,hem_rect_fill_1um,True,tm_score sorted
rank_key_descending,halt,401.tiff,0,hem_mask_fill_1um,True,chromatin_od sorted
rank_key_descending,halt,401.tiff,0,hem_mask_fill_1um,True,tm_score sorted
rank_key_descending,halt,401.tiff,1,default_51,True,chromatin_od sorted
rank_key_descending,halt,401.tiff,1,default_51,True,tm_score sorted
rank_key_descending,halt,401.tiff,1,hem_rect_fill,True,chromatin_od sorted
rank_key_descending,halt,401.tiff,1,hem_rect_fill,True,tm_score sorted
rank_key_descending,halt,401.tiff,1,hem_rect_fill_1um,True,chromatin_od sorted
rank_key_descending,halt,401.tiff,1,hem_rect_fill_1um,True,tm_score sorted
rank_key_descending,halt,401.tiff,1,hem_mask_fill_1um,True,chromatin_od sorted
rank_key_descending,halt,401.tiff,1,hem_mask_fill_1um,True,tm_score sorted
rank_key_descending,halt,401.tiff,2,default_51,True,chromatin_od sorted
rank_key_descending,halt,401.tiff,2,default_51,True,tm_score sorted
rank_key_descending,halt,401.tiff,2,hem_rect_fill,True,chromatin_od sorted
rank_key_descending,halt,401.tiff,2,hem_rect_fill,True,tm_score sorted
rank_key_descending,halt,401.tiff,2,hem_rect_fill_1um,True,chromatin_od sorted
rank_key_descending,halt,401.tiff,2,hem_rect_fill_1um,True,tm_score sorted
rank_key_descending,halt,401.tiff,2,hem_mask_fill_1um,True,chromatin_od sorted
rank_key_descending,halt,401.tiff,2,hem_mask_fill_1um,True,tm_score sorted
rank_key_descending,halt,401.tiff,3,default_51,True,chromatin_od sorted
rank_key_descending,halt,401.tiff,3,default_51,True,tm_score sorted
rank_key_descending,halt,401.tiff,3,hem_rect_fill,True,chromatin_od sorted
rank_key_descending,halt,401.tiff,3,hem_rect_fill,True,tm_score sorted
rank_key_descending,halt,401.tiff,3,hem_rect_fill_1um,True,chromatin_od sorted
rank_key_descending,halt,401.tiff,3,hem_rect_fill_1um,True,tm_score sorted
rank_key_descending,halt,401.tiff,3,hem_mask_fill_1um,True,chromatin_od sorted
rank_key_descending,halt,401.tiff,3,hem_mask_fill_1um,True,tm_score sorted
rank_key_descending,halt,401.tiff,4,default_51,True,chromatin_od sorted
rank_key_descending,halt,401.tiff,4,default_51,True,tm_score sorted
rank_key_descending,halt,401.tiff,4,hem_rect_fill,True,chromatin_od sorted
rank_key_descending,halt,401.tiff,4,hem_rect_fill,True,tm_score sorted
rank_key_descending,halt,401.tiff,4,hem_rect_fill_1um,True,chromatin_od sorted
rank_key_descending,halt,401.tiff,4,hem_rect_fill_1um,True,tm_score sorted
rank_key_descending,halt,401.tiff,4,hem_mask_fill_1um,True,chromatin_od sorted
rank_key_descending,halt,401.tiff,4,hem_mask_fill_1um,True,tm_score sorted
rank_key_descending,halt,401.tiff,5,default_51,True,chromatin_od sorted
rank_key_descending,halt,401.tiff,5,default_51,True,tm_score sorted
rank_key_descending,halt,401.tiff,5,hem_rect_fill,True,chromatin_od sorted
rank_key_descending,halt,401.tiff,5,hem_rect_fill,True,tm_score sorted
rank_key_descending,halt,401.tiff,5,hem_rect_fill_1um,True,chromatin_od sorted
rank_key_descending,halt,401.tiff,5,hem_rect_fill_1um,True,tm_score sorted
rank_key_descending,halt,401.tiff,5,hem_mask_fill_1um,True,chromatin_od sorted
rank_key_descending,halt,401.tiff,5,hem_mask_fill_1um,True,tm_score sorted
rank_key_descending,halt,404.tiff,0,default_51,True,chromatin_od sorted
rank_key_descending,halt,404.tiff,0,default_51,True,tm_score sorted
rank_key_descending,halt,404.tiff,0,hem_rect_fill,True,chromatin_od sorted
rank_key_descending,halt,404.tiff,0,hem_rect_fill,True,tm_score sorted
rank_key_descending,halt,404.tiff,0,hem_rect_fill_1um,True,chromatin_od sorted
rank_key_descending,halt,404.tiff,0,hem_rect_fill_1um,True,tm_score sorted
rank_key_descending,halt,404.tiff,0,hem_mask_fill_1um,True,chromatin_od sorted
rank_key_descending,halt,404.tiff,0,hem_mask_fill_1um,True,tm_score sorted
rank_key_descending,halt,404.tiff,1,default_51,True,chromatin_od sorted
rank_key_descending,halt,404.tiff,1,default_51,True,tm_score sorted
rank_key_descending,halt,404.tiff,1,hem_rect_fill,True,chromatin_od sorted
rank_key_descending,halt,404.tiff,1,hem_rect_fill,True,tm_score sorted
rank_key_descending,halt,404.tiff,1,hem_rect_fill_1um,True,chromatin_od sorted
rank_key_descending,halt,404.tiff,1,hem_rect_fill_1um,True,tm_score sorted
rank_key_descending,halt,404.tiff,1,hem_mask_fill_1um,True,chromatin_od sorted
rank_key_descending,halt,404.tiff,1,hem_mask_fill_1um,True,tm_score sorted
rank_key_descending,halt,404.tiff,2,default_51,True,chromatin_od sorted
rank_key_descending,halt,404.tiff,2,default_51,True,tm_score sorted
rank_key_descending,halt,404.tiff,2,hem_rect_fill,True,chromatin_od sorted
rank_key_descending,halt,404.tiff,2,hem_rect_fill,True,tm_score sorted
rank_key_descending,halt,404.tiff,2,hem_rect_fill_1um,True,chromatin_od sorted
rank_key_descending,halt,404.tiff,2,hem_rect_fill_1um,True,tm_score sorted
rank_key_descending,halt,404.tiff,2,hem_mask_fill_1um,True,chromatin_od sorted
rank_key_descending,halt,404.tiff,2,hem_mask_fill_1um,True,tm_score sorted
rank_key_descending,halt,404.tiff,3,default_51,True,chromatin_od sorted
rank_key_descending,halt,404.tiff,3,default_51,True,tm_score sorted
rank_key_descending,halt,404.tiff,3,hem_rect_fill,True,chromatin_od sorted
rank_key_descending,halt,404.tiff,3,hem_rect_fill,True,tm_score sorted
rank_key_descending,halt,404.tiff,3,hem_rect_fill_1um,True,chromatin_od sorted
rank_key_descending,halt,404.tiff,3,hem_rect_fill_1um,True,tm_score sorted
rank_key_descending,halt,404.tiff,3,hem_mask_fill_1um,True,chromatin_od sorted
rank_key_descending,halt,404.tiff,3,hem_mask_fill_1um,True,tm_score sorted
rank_key_descending,halt,404.tiff,4,default_51,True,chromatin_od sorted
rank_key_descending,halt,404.tiff,4,default_51,True,tm_score sorted
rank_key_descending,halt,404.tiff,4,hem_rect_fill,True,chromatin_od sorted
rank_key_descending,halt,404.tiff,4,hem_rect_fill,True,tm_score sorted
rank_key_descending,halt,404.tiff,4,hem_rect_fill_1um,True,chromatin_od sorted
rank_key_descending,halt,404.tiff,4,hem_rect_fill_1um,True,tm_score sorted
rank_key_descending,halt,404.tiff,4,hem_mask_fill_1um,True,chromatin_od sorted
rank_key_descending,halt,404.tiff,4,hem_mask_fill_1um,True,tm_score sorted
rank_key_descending,halt,404.tiff,5,default_51,True,chromatin_od sorted
rank_key_descending,halt,404.tiff,5,default_51,True,tm_score sorted
rank_key_descending,halt,404.tiff,5,hem_rect_fill,True,chromatin_od sorted
rank_key_descending,halt,404.tiff,5,hem_rect_fill,True,tm_score sorted
rank_key_descending,halt,404.tiff,5,hem_rect_fill_1um,True,chromatin_od sorted
rank_key_descending,halt,404.tiff,5,hem_rect_fill_1um,True,tm_score sorted
rank_key_descending,halt,404.tiff,5,hem_mask_fill_1um,True,chromatin_od sorted
rank_key_descending,halt,404.tiff,5,hem_mask_fill_1um,True,tm_score sorted
rows_per_click,halt,300.tiff,0,ALL,True,n_rows=8 arms=4 axes=2 blank_values=1
rows_per_click,halt,300.tiff,1,ALL,True,n_rows=8 arms=4 axes=2 blank_values=1
rows_per_click,halt,300.tiff,2,ALL,True,n_rows=8 arms=4 axes=2 blank_values=1
rows_per_click,halt,300.tiff,3,ALL,True,n_rows=8 arms=4 axes=2 blank_values=1
rows_per_click,halt,300.tiff,4,ALL,True,n_rows=8 arms=4 axes=2 blank_values=1
rows_per_click,halt,300.tiff,5,ALL,True,n_rows=8 arms=4 axes=2 blank_values=1
rows_per_click,halt,301.tiff,0,ALL,True,n_rows=8 arms=4 axes=2 blank_values=1
rows_per_click,halt,301.tiff,1,ALL,True,n_rows=8 arms=4 axes=2 blank_values=1
rows_per_click,halt,301.tiff,2,ALL,True,n_rows=8 arms=4 axes=2 blank_values=1
rows_per_click,halt,301.tiff,3,ALL,True,n_rows=8 arms=4 axes=2 blank_values=1
rows_per_click,halt,301.tiff,4,ALL,True,n_rows=8 arms=4 axes=2 blank_values=1
rows_per_click,halt,301.tiff,5,ALL,True,n_rows=8 arms=4 axes=2 blank_values=1
rows_per_click,halt,322.tiff,0,ALL,True,n_rows=8 arms=4 axes=2 blank_values=1
rows_per_click,halt,322.tiff,1,ALL,True,n_rows=8 arms=4 axes=2 blank_values=1
rows_per_click,halt,322.tiff,2,ALL,True,n_rows=8 arms=4 axes=2 blank_values=1
rows_per_click,halt,322.tiff,3,ALL,True,n_rows=8 arms=4 axes=2 blank_values=1
rows_per_click,halt,322.tiff,4,ALL,True,n_rows=8 arms=4 axes=2 blank_values=1
rows_per_click,halt,322.tiff,5,ALL,True,n_rows=8 arms=4 axes=2 blank_values=1
rows_per_click,halt,337.tiff,0,ALL,True,n_rows=8 arms=4 axes=2 blank_values=1
rows_per_click,halt,337.tiff,1,ALL,True,n_rows=8 arms=4 axes=2 blank_values=1
rows_per_click,halt,337.tiff,2,ALL,True,n_rows=8 arms=4 axes=2 blank_values=1
rows_per_click,halt,337.tiff,3,ALL,True,n_rows=8 arms=4 axes=2 blank_values=1
rows_per_click,halt,337.tiff,4,ALL,True,n_rows=8 arms=4 axes=2 blank_values=1
rows_per_click,halt,337.tiff,5,ALL,True,n_rows=8 arms=4 axes=2 blank_values=1
rows_per_click,halt,339.tiff,0,ALL,True,n_rows=8 arms=4 axes=2 blank_values=1
rows_per_click,halt,339.tiff,1,ALL,True,n_rows=8 arms=4 axes=2 blank_values=1
rows_per_click,halt,339.tiff,2,ALL,True,n_rows=8 arms=4 axes=2 blank_values=1
rows_per_click,halt,339.tiff,3,ALL,True,n_rows=8 arms=4 axes=2 blank_values=1
rows_per_click,halt,339.tiff,4,ALL,True,n_rows=8 arms=4 axes=2 blank_values=1
rows_per_click,halt,339.tiff,5,ALL,True,n_rows=8 arms=4 axes=2 blank_values=1
rows_per_click,halt,343.tiff,0,ALL,True,n_rows=8 arms=4 axes=2 blank_values=1
rows_per_click,halt,343.tiff,1,ALL,True,n_rows=8 arms=4 axes=2 blank_values=1
rows_per_click,halt,343.tiff,2,ALL,True,n_rows=8 arms=4 axes=2 blank_values=1
rows_per_click,halt,343.tiff,3,ALL,True,n_rows=8 arms=4 axes=2 blank_values=1
rows_per_click,halt,343.tiff,4,ALL,True,n_rows=8 arms=4 axes=2 blank_values=1
rows_per_click,halt,343.tiff,5,ALL,True,n_rows=8 arms=4 axes=2 blank_values=1
rows_per_click,halt,344.tiff,0,ALL,True,n_rows=8 arms=4 axes=2 blank_values=1
rows_per_click,halt,344.tiff,1,ALL,True,n_rows=8 arms=4 axes=2 blank_values=1
rows_per_click,halt,344.tiff,2,ALL,True,n_rows=8 arms=4 axes=2 blank_values=1
rows_per_click,halt,344.tiff,3,ALL,True,n_rows=8 arms=4 axes=2 blank_values=1
rows_per_click,halt,344.tiff,4,ALL,True,n_rows=8 arms=4 axes=2 blank_values=1
rows_per_click,halt,344.tiff,5,ALL,True,n_rows=8 arms=4 axes=2 blank_values=1
rows_per_click,halt,201.tiff,0,ALL,True,n_rows=8 arms=4 axes=2 blank_values=1
rows_per_click,halt,201.tiff,1,ALL,True,n_rows=8 arms=4 axes=2 blank_values=1
rows_per_click,halt,201.tiff,2,ALL,True,n_rows=8 arms=4 axes=2 blank_values=1
rows_per_click,halt,201.tiff,3,ALL,True,n_rows=8 arms=4 axes=2 blank_values=1
rows_per_click,halt,201.tiff,4,ALL,True,n_rows=8 arms=4 axes=2 blank_values=1
rows_per_click,halt,201.tiff,5,ALL,True,n_rows=8 arms=4 axes=2 blank_values=1
rows_per_click,halt,233.tiff,0,ALL,True,n_rows=8 arms=4 axes=2 blank_values=1
rows_per_click,halt,233.tiff,1,ALL,True,n_rows=8 arms=4 axes=2 blank_values=1
rows_per_click,halt,233.tiff,2,ALL,True,n_rows=8 arms=4 axes=2 blank_values=1
rows_per_click,halt,233.tiff,3,ALL,True,n_rows=8 arms=4 axes=2 blank_values=1
rows_per_click,halt,233.tiff,4,ALL,True,n_rows=8 arms=4 axes=2 blank_values=1
rows_per_click,halt,233.tiff,5,ALL,True,n_rows=8 arms=4 axes=2 blank_values=1
rows_per_click,halt,211.tiff,0,ALL,True,n_rows=8 arms=4 axes=2 blank_values=1
rows_per_click,halt,211.tiff,1,ALL,True,n_rows=8 arms=4 axes=2 blank_values=1
rows_per_click,halt,211.tiff,2,ALL,True,n_rows=8 arms=4 axes=2 blank_values=1
rows_per_click,halt,211.tiff,3,ALL,True,n_rows=8 arms=4 axes=2 blank_values=1
rows_per_click,halt,211.tiff,4,ALL,True,n_rows=8 arms=4 axes=2 blank_values=1
rows_per_click,halt,211.tiff,5,ALL,True,n_rows=8 arms=4 axes=2 blank_values=1
rows_per_click,halt,220.tiff,0,ALL,True,n_rows=8 arms=4 axes=2 blank_values=1
rows_per_click,halt,220.tiff,1,ALL,True,n_rows=8 arms=4 axes=2 blank_values=1
rows_per_click,halt,220.tiff,2,ALL,True,n_rows=8 arms=4 axes=2 blank_values=1
rows_per_click,halt,220.tiff,3,ALL,True,n_rows=8 arms=4 axes=2 blank_values=1
rows_per_click,halt,220.tiff,4,ALL,True,n_rows=8 arms=4 axes=2 blank_values=1
rows_per_click,halt,220.tiff,5,ALL,True,n_rows=8 arms=4 axes=2 blank_values=1
rows_per_click,halt,230.tiff,0,ALL,True,n_rows=8 arms=4 axes=2 blank_values=1
rows_per_click,halt,230.tiff,1,ALL,True,n_rows=8 arms=4 axes=2 blank_values=1
rows_per_click,halt,230.tiff,2,ALL,True,n_rows=8 arms=4 axes=2 blank_values=1
rows_per_click,halt,230.tiff,3,ALL,True,n_rows=8 arms=4 axes=2 blank_values=1
rows_per_click,halt,230.tiff,4,ALL,True,n_rows=8 arms=4 axes=2 blank_values=1
rows_per_click,halt,230.tiff,5,ALL,True,n_rows=8 arms=4 axes=2 blank_values=1
rows_per_click,halt,235.tiff,0,ALL,True,n_rows=8 arms=4 axes=2 blank_values=1
rows_per_click,halt,235.tiff,1,ALL,True,n_rows=8 arms=4 axes=2 blank_values=1
rows_per_click,halt,235.tiff,2,ALL,True,n_rows=8 arms=4 axes=2 blank_values=1
rows_per_click,halt,235.tiff,3,ALL,True,n_rows=8 arms=4 axes=2 blank_values=1
rows_per_click,halt,235.tiff,4,ALL,True,n_rows=8 arms=4 axes=2 blank_values=1
rows_per_click,halt,235.tiff,5,ALL,True,n_rows=8 arms=4 axes=2 blank_values=1
rows_per_click,halt,242.tiff,0,ALL,True,n_rows=8 arms=4 axes=2 blank_values=1
rows_per_click,halt,242.tiff,1,ALL,True,n_rows=8 arms=4 axes=2 blank_values=1
rows_per_click,halt,242.tiff,2,ALL,True,n_rows=8 arms=4 axes=2 blank_values=1
rows_per_click,halt,242.tiff,3,ALL,True,n_rows=8 arms=4 axes=2 blank_values=1
rows_per_click,halt,242.tiff,4,ALL,True,n_rows=8 arms=4 axes=2 blank_values=1
rows_per_click,halt,242.tiff,5,ALL,True,n_rows=8 arms=4 axes=2 blank_values=1
rows_per_click,halt,245.tiff,0,ALL,True,n_rows=8 arms=4 axes=2 blank_values=1
rows_per_click,halt,245.tiff,1,ALL,True,n_rows=8 arms=4 axes=2 blank_values=1
rows_per_click,halt,245.tiff,2,ALL,True,n_rows=8 arms=4 axes=2 blank_values=1
rows_per_click,halt,245.tiff,3,ALL,True,n_rows=8 arms=4 axes=2 blank_values=1
rows_per_click,halt,245.tiff,4,ALL,True,n_rows=8 arms=4 axes=2 blank_values=1
rows_per_click,halt,245.tiff,5,ALL,True,n_rows=8 arms=4 axes=2 blank_values=1
rows_per_click,halt,246.tiff,0,ALL,True,n_rows=8 arms=4 axes=2 blank_values=1
rows_per_click,halt,246.tiff,1,ALL,True,n_rows=8 arms=4 axes=2 blank_values=1
rows_per_click,halt,246.tiff,2,ALL,True,n_rows=8 arms=4 axes=2 blank_values=1
rows_per_click,halt,246.tiff,3,ALL,True,n_rows=8 arms=4 axes=2 blank_values=1
rows_per_click,halt,246.tiff,4,ALL,True,n_rows=8 arms=4 axes=2 blank_values=1
rows_per_click,halt,246.tiff,5,ALL,True,n_rows=8 arms=4 axes=2 blank_values=1
rows_per_click,halt,249.tiff,0,ALL,True,n_rows=8 arms=4 axes=2 blank_values=1
rows_per_click,halt,249.tiff,1,ALL,True,n_rows=8 arms=4 axes=2 blank_values=1
rows_per_click,halt,249.tiff,2,ALL,True,n_rows=8 arms=4 axes=2 blank_values=1
rows_per_click,halt,249.tiff,3,ALL,True,n_rows=8 arms=4 axes=2 blank_values=1
rows_per_click,halt,249.tiff,4,ALL,True,n_rows=8 arms=4 axes=2 blank_values=1
rows_per_click,halt,249.tiff,5,ALL,True,n_rows=8 arms=4 axes=2 blank_values=1
rows_per_click,halt,284.tiff,0,ALL,True,n_rows=8 arms=4 axes=2 blank_values=1
rows_per_click,halt,284.tiff,1,ALL,True,n_rows=8 arms=4 axes=2 blank_values=1
rows_per_click,halt,284.tiff,2,ALL,True,n_rows=8 arms=4 axes=2 blank_values=1
rows_per_click,halt,284.tiff,3,ALL,True,n_rows=8 arms=4 axes=2 blank_values=1
rows_per_click,halt,284.tiff,4,ALL,True,n_rows=8 arms=4 axes=2 blank_values=1
rows_per_click,halt,284.tiff,5,ALL,True,n_rows=8 arms=4 axes=2 blank_values=1
rows_per_click,halt,289.tiff,0,ALL,True,n_rows=8 arms=4 axes=2 blank_values=1
rows_per_click,halt,289.tiff,1,ALL,True,n_rows=8 arms=4 axes=2 blank_values=1
rows_per_click,halt,289.tiff,2,ALL,True,n_rows=8 arms=4 axes=2 blank_values=1
rows_per_click,halt,289.tiff,3,ALL,True,n_rows=8 arms=4 axes=2 blank_values=1
rows_per_click,halt,289.tiff,4,ALL,True,n_rows=8 arms=4 axes=2 blank_values=1
rows_per_click,halt,289.tiff,5,ALL,True,n_rows=8 arms=4 axes=2 blank_values=1
rows_per_click,halt,291.tiff,0,ALL,True,n_rows=8 arms=4 axes=2 blank_values=1
rows_per_click,halt,291.tiff,1,ALL,True,n_rows=8 arms=4 axes=2 blank_values=1
rows_per_click,halt,291.tiff,2,ALL,True,n_rows=8 arms=4 axes=2 blank_values=1
rows_per_click,halt,291.tiff,3,ALL,True,n_rows=8 arms=4 axes=2 blank_values=1
rows_per_click,halt,291.tiff,4,ALL,True,n_rows=8 arms=4 axes=2 blank_values=1
rows_per_click,halt,291.tiff,5,ALL,True,n_rows=8 arms=4 axes=2 blank_values=1
rows_per_click,halt,293.tiff,0,ALL,True,n_rows=8 arms=4 axes=2 blank_values=1
rows_per_click,halt,293.tiff,1,ALL,True,n_rows=8 arms=4 axes=2 blank_values=1
rows_per_click,halt,293.tiff,2,ALL,True,n_rows=8 arms=4 axes=2 blank_values=1
rows_per_click,halt,293.tiff,3,ALL,True,n_rows=8 arms=4 axes=2 blank_values=1
rows_per_click,halt,293.tiff,4,ALL,True,n_rows=8 arms=4 axes=2 blank_values=1
rows_per_click,halt,293.tiff,5,ALL,True,n_rows=8 arms=4 axes=2 blank_values=1
rows_per_click,halt,459.tiff,0,ALL,True,n_rows=8 arms=4 axes=2 blank_values=1
rows_per_click,halt,459.tiff,1,ALL,True,n_rows=8 arms=4 axes=2 blank_values=1
rows_per_click,halt,459.tiff,2,ALL,True,n_rows=8 arms=4 axes=2 blank_values=1
rows_per_click,halt,459.tiff,3,ALL,True,n_rows=8 arms=4 axes=2 blank_values=1
rows_per_click,halt,459.tiff,4,ALL,True,n_rows=8 arms=4 axes=2 blank_values=1
rows_per_click,halt,459.tiff,5,ALL,True,n_rows=8 arms=4 axes=2 blank_values=1
rows_per_click,halt,460.tiff,0,ALL,True,n_rows=8 arms=4 axes=2 blank_values=1
rows_per_click,halt,460.tiff,1,ALL,True,n_rows=8 arms=4 axes=2 blank_values=1
rows_per_click,halt,460.tiff,2,ALL,True,n_rows=8 arms=4 axes=2 blank_values=1
rows_per_click,halt,460.tiff,3,ALL,True,n_rows=8 arms=4 axes=2 blank_values=1
rows_per_click,halt,460.tiff,4,ALL,True,n_rows=8 arms=4 axes=2 blank_values=1
rows_per_click,halt,460.tiff,5,ALL,True,n_rows=8 arms=4 axes=2 blank_values=1
rows_per_click,halt,410.tiff,0,ALL,True,n_rows=8 arms=4 axes=2 blank_values=1
rows_per_click,halt,410.tiff,1,ALL,True,n_rows=8 arms=4 axes=2 blank_values=1
rows_per_click,halt,410.tiff,2,ALL,True,n_rows=8 arms=4 axes=2 blank_values=1
rows_per_click,halt,410.tiff,3,ALL,True,n_rows=8 arms=4 axes=2 blank_values=1
rows_per_click,halt,410.tiff,4,ALL,True,n_rows=8 arms=4 axes=2 blank_values=1
rows_per_click,halt,410.tiff,5,ALL,True,n_rows=8 arms=4 axes=2 blank_values=1
rows_per_click,halt,425.tiff,0,ALL,True,n_rows=8 arms=4 axes=2 blank_values=1
rows_per_click,halt,425.tiff,1,ALL,True,n_rows=8 arms=4 axes=2 blank_values=1
rows_per_click,halt,425.tiff,2,ALL,True,n_rows=8 arms=4 axes=2 blank_values=1
rows_per_click,halt,425.tiff,3,ALL,True,n_rows=8 arms=4 axes=2 blank_values=1
rows_per_click,halt,425.tiff,4,ALL,True,n_rows=8 arms=4 axes=2 blank_values=1
rows_per_click,halt,425.tiff,5,ALL,True,n_rows=8 arms=4 axes=2 blank_values=1
rows_per_click,halt,435.tiff,0,ALL,True,n_rows=8 arms=4 axes=2 blank_values=1
rows_per_click,halt,435.tiff,1,ALL,True,n_rows=8 arms=4 axes=2 blank_values=1
rows_per_click,halt,435.tiff,2,ALL,True,n_rows=8 arms=4 axes=2 blank_values=1
rows_per_click,halt,435.tiff,3,ALL,True,n_rows=8 arms=4 axes=2 blank_values=1
rows_per_click,halt,435.tiff,4,ALL,True,n_rows=8 arms=4 axes=2 blank_values=1
rows_per_click,halt,435.tiff,5,ALL,True,n_rows=8 arms=4 axes=2 blank_values=1
rows_per_click,halt,462.tiff,0,ALL,True,n_rows=8 arms=4 axes=2 blank_values=1
rows_per_click,halt,462.tiff,1,ALL,True,n_rows=8 arms=4 axes=2 blank_values=1
rows_per_click,halt,462.tiff,2,ALL,True,n_rows=8 arms=4 axes=2 blank_values=1
rows_per_click,halt,462.tiff,3,ALL,True,n_rows=8 arms=4 axes=2 blank_values=1
rows_per_click,halt,462.tiff,4,ALL,True,n_rows=8 arms=4 axes=2 blank_values=1
rows_per_click,halt,462.tiff,5,ALL,True,n_rows=8 arms=4 axes=2 blank_values=1
rows_per_click,halt,499.tiff,0,ALL,True,n_rows=8 arms=4 axes=2 blank_values=1
rows_per_click,halt,499.tiff,1,ALL,True,n_rows=8 arms=4 axes=2 blank_values=1
rows_per_click,halt,499.tiff,2,ALL,True,n_rows=8 arms=4 axes=2 blank_values=1
rows_per_click,halt,499.tiff,3,ALL,True,n_rows=8 arms=4 axes=2 blank_values=1
rows_per_click,halt,499.tiff,4,ALL,True,n_rows=8 arms=4 axes=2 blank_values=1
rows_per_click,halt,499.tiff,5,ALL,True,n_rows=8 arms=4 axes=2 blank_values=1
rows_per_click,halt,013.tiff,0,ALL,True,n_rows=8 arms=4 axes=2 blank_values=1
rows_per_click,halt,013.tiff,1,ALL,True,n_rows=8 arms=4 axes=2 blank_values=1
rows_per_click,halt,013.tiff,2,ALL,True,n_rows=8 arms=4 axes=2 blank_values=1
rows_per_click,halt,013.tiff,3,ALL,True,n_rows=8 arms=4 axes=2 blank_values=1
rows_per_click,halt,013.tiff,4,ALL,True,n_rows=8 arms=4 axes=2 blank_values=1
rows_per_click,halt,013.tiff,5,ALL,True,n_rows=8 arms=4 axes=2 blank_values=1
rows_per_click,halt,094.tiff,0,ALL,True,n_rows=8 arms=4 axes=2 blank_values=1
rows_per_click,halt,094.tiff,1,ALL,True,n_rows=8 arms=4 axes=2 blank_values=1
rows_per_click,halt,094.tiff,2,ALL,True,n_rows=8 arms=4 axes=2 blank_values=1
rows_per_click,halt,094.tiff,3,ALL,True,n_rows=8 arms=4 axes=2 blank_values=1
rows_per_click,halt,094.tiff,4,ALL,True,n_rows=8 arms=4 axes=2 blank_values=1
rows_per_click,halt,094.tiff,5,ALL,True,n_rows=8 arms=4 axes=2 blank_values=1
rows_per_click,halt,007.tiff,0,ALL,True,n_rows=8 arms=4 axes=2 blank_values=1
rows_per_click,halt,007.tiff,1,ALL,True,n_rows=8 arms=4 axes=2 blank_values=1
rows_per_click,halt,007.tiff,2,ALL,True,n_rows=8 arms=4 axes=2 blank_values=1
rows_per_click,halt,007.tiff,3,ALL,True,n_rows=8 arms=4 axes=2 blank_values=1
rows_per_click,halt,007.tiff,4,ALL,True,n_rows=8 arms=4 axes=2 blank_values=1
rows_per_click,halt,007.tiff,5,ALL,True,n_rows=8 arms=4 axes=2 blank_values=1
rows_per_click,halt,072.tiff,0,ALL,True,n_rows=8 arms=4 axes=2 blank_values=1
rows_per_click,halt,072.tiff,1,ALL,True,n_rows=8 arms=4 axes=2 blank_values=1
rows_per_click,halt,072.tiff,2,ALL,True,n_rows=8 arms=4 axes=2 blank_values=1
rows_per_click,halt,072.tiff,3,ALL,True,n_rows=8 arms=4 axes=2 blank_values=1
rows_per_click,halt,072.tiff,4,ALL,True,n_rows=8 arms=4 axes=2 blank_values=1
rows_per_click,halt,072.tiff,5,ALL,True,n_rows=8 arms=4 axes=2 blank_values=1
rows_per_click,halt,100.tiff,0,ALL,True,n_rows=8 arms=4 axes=2 blank_values=1
rows_per_click,halt,100.tiff,1,ALL,True,n_rows=8 arms=4 axes=2 blank_values=1
rows_per_click,halt,100.tiff,2,ALL,True,n_rows=8 arms=4 axes=2 blank_values=1
rows_per_click,halt,100.tiff,3,ALL,True,n_rows=8 arms=4 axes=2 blank_values=1
rows_per_click,halt,100.tiff,4,ALL,True,n_rows=8 arms=4 axes=2 blank_values=1
rows_per_click,halt,100.tiff,5,ALL,True,n_rows=8 arms=4 axes=2 blank_values=1
rows_per_click,halt,123.tiff,0,ALL,True,n_rows=8 arms=4 axes=2 blank_values=1
rows_per_click,halt,123.tiff,1,ALL,True,n_rows=8 arms=4 axes=2 blank_values=1
rows_per_click,halt,123.tiff,2,ALL,True,n_rows=8 arms=4 axes=2 blank_values=1
rows_per_click,halt,123.tiff,3,ALL,True,n_rows=8 arms=4 axes=2 blank_values=1
rows_per_click,halt,123.tiff,4,ALL,True,n_rows=8 arms=4 axes=2 blank_values=1
rows_per_click,halt,123.tiff,5,ALL,True,n_rows=8 arms=4 axes=2 blank_values=1
rows_per_click,halt,128.tiff,0,ALL,True,n_rows=8 arms=4 axes=2 blank_values=1
rows_per_click,halt,128.tiff,1,ALL,True,n_rows=8 arms=4 axes=2 blank_values=1
rows_per_click,halt,128.tiff,2,ALL,True,n_rows=8 arms=4 axes=2 blank_values=1
rows_per_click,halt,128.tiff,3,ALL,True,n_rows=8 arms=4 axes=2 blank_values=1
rows_per_click,halt,128.tiff,4,ALL,True,n_rows=8 arms=4 axes=2 blank_values=1
rows_per_click,halt,128.tiff,5,ALL,True,n_rows=8 arms=4 axes=2 blank_values=1
rows_per_click,halt,529.tiff,0,ALL,True,n_rows=8 arms=4 axes=2 blank_values=1
rows_per_click,halt,529.tiff,1,ALL,True,n_rows=8 arms=4 axes=2 blank_values=1
rows_per_click,halt,529.tiff,2,ALL,True,n_rows=8 arms=4 axes=2 blank_values=1
rows_per_click,halt,529.tiff,3,ALL,True,n_rows=8 arms=4 axes=2 blank_values=1
rows_per_click,halt,529.tiff,4,ALL,True,n_rows=8 arms=4 axes=2 blank_values=1
rows_per_click,halt,529.tiff,5,ALL,True,n_rows=8 arms=4 axes=2 blank_values=1
rows_per_click,halt,548.tiff,0,ALL,True,n_rows=8 arms=4 axes=2 blank_values=1
rows_per_click,halt,548.tiff,1,ALL,True,n_rows=8 arms=4 axes=2 blank_values=1
rows_per_click,halt,548.tiff,2,ALL,True,n_rows=8 arms=4 axes=2 blank_values=1
rows_per_click,halt,548.tiff,3,ALL,True,n_rows=8 arms=4 axes=2 blank_values=1
rows_per_click,halt,548.tiff,4,ALL,True,n_rows=8 arms=4 axes=2 blank_values=1
rows_per_click,halt,548.tiff,5,ALL,True,n_rows=8 arms=4 axes=2 blank_values=1
rows_per_click,halt,509.tiff,0,ALL,True,n_rows=8 arms=4 axes=2 blank_values=1
rows_per_click,halt,509.tiff,1,ALL,True,n_rows=8 arms=4 axes=2 blank_values=1
rows_per_click,halt,509.tiff,2,ALL,True,n_rows=8 arms=4 axes=2 blank_values=1
rows_per_click,halt,509.tiff,3,ALL,True,n_rows=8 arms=4 axes=2 blank_values=1
rows_per_click,halt,509.tiff,4,ALL,True,n_rows=8 arms=4 axes=2 blank_values=1
rows_per_click,halt,509.tiff,5,ALL,True,n_rows=8 arms=4 axes=2 blank_values=1
rows_per_click,halt,524.tiff,0,ALL,True,n_rows=8 arms=4 axes=2 blank_values=1
rows_per_click,halt,524.tiff,1,ALL,True,n_rows=8 arms=4 axes=2 blank_values=1
rows_per_click,halt,524.tiff,2,ALL,True,n_rows=8 arms=4 axes=2 blank_values=1
rows_per_click,halt,524.tiff,3,ALL,True,n_rows=8 arms=4 axes=2 blank_values=1
rows_per_click,halt,524.tiff,4,ALL,True,n_rows=8 arms=4 axes=2 blank_values=1
rows_per_click,halt,524.tiff,5,ALL,True,n_rows=8 arms=4 axes=2 blank_values=1
rows_per_click,halt,527.tiff,0,ALL,True,n_rows=8 arms=4 axes=2 blank_values=1
rows_per_click,halt,527.tiff,1,ALL,True,n_rows=8 arms=4 axes=2 blank_values=1
rows_per_click,halt,527.tiff,2,ALL,True,n_rows=8 arms=4 axes=2 blank_values=1
rows_per_click,halt,527.tiff,3,ALL,True,n_rows=8 arms=4 axes=2 blank_values=1
rows_per_click,halt,527.tiff,4,ALL,True,n_rows=8 arms=4 axes=2 blank_values=1
rows_per_click,halt,527.tiff,5,ALL,True,n_rows=8 arms=4 axes=2 blank_values=1
rows_per_click,halt,546.tiff,0,ALL,True,n_rows=8 arms=4 axes=2 blank_values=1
rows_per_click,halt,546.tiff,1,ALL,True,n_rows=8 arms=4 axes=2 blank_values=1
rows_per_click,halt,546.tiff,2,ALL,True,n_rows=8 arms=4 axes=2 blank_values=1
rows_per_click,halt,546.tiff,3,ALL,True,n_rows=8 arms=4 axes=2 blank_values=1
rows_per_click,halt,546.tiff,4,ALL,True,n_rows=8 arms=4 axes=2 blank_values=1
rows_per_click,halt,546.tiff,5,ALL,True,n_rows=8 arms=4 axes=2 blank_values=1
rows_per_click,halt,549.tiff,0,ALL,True,n_rows=8 arms=4 axes=2 blank_values=1
rows_per_click,halt,549.tiff,1,ALL,True,n_rows=8 arms=4 axes=2 blank_values=1
rows_per_click,halt,549.tiff,2,ALL,True,n_rows=8 arms=4 axes=2 blank_values=1
rows_per_click,halt,549.tiff,3,ALL,True,n_rows=8 arms=4 axes=2 blank_values=1
rows_per_click,halt,549.tiff,4,ALL,True,n_rows=8 arms=4 axes=2 blank_values=1
rows_per_click,halt,549.tiff,5,ALL,True,n_rows=8 arms=4 axes=2 blank_values=1
rows_per_click,halt,402.tiff,0,ALL,True,n_rows=8 arms=4 axes=2 blank_values=1
rows_per_click,halt,402.tiff,1,ALL,True,n_rows=8 arms=4 axes=2 blank_values=1
rows_per_click,halt,402.tiff,2,ALL,True,n_rows=8 arms=4 axes=2 blank_values=1
rows_per_click,halt,402.tiff,3,ALL,True,n_rows=8 arms=4 axes=2 blank_values=1
rows_per_click,halt,402.tiff,4,ALL,True,n_rows=8 arms=4 axes=2 blank_values=1
rows_per_click,halt,402.tiff,5,ALL,True,n_rows=8 arms=4 axes=2 blank_values=1
rows_per_click,halt,403.tiff,0,ALL,True,n_rows=8 arms=4 axes=2 blank_values=1
rows_per_click,halt,403.tiff,1,ALL,True,n_rows=8 arms=4 axes=2 blank_values=1
rows_per_click,halt,403.tiff,2,ALL,True,n_rows=8 arms=4 axes=2 blank_values=1
rows_per_click,halt,403.tiff,3,ALL,True,n_rows=8 arms=4 axes=2 blank_values=1
rows_per_click,halt,403.tiff,4,ALL,True,n_rows=8 arms=4 axes=2 blank_values=1
rows_per_click,halt,403.tiff,5,ALL,True,n_rows=8 arms=4 axes=2 blank_values=1
rows_per_click,halt,353.tiff,0,ALL,True,n_rows=8 arms=4 axes=2 blank_values=1
rows_per_click,halt,353.tiff,1,ALL,True,n_rows=8 arms=4 axes=2 blank_values=1
rows_per_click,halt,353.tiff,2,ALL,True,n_rows=8 arms=4 axes=2 blank_values=1
rows_per_click,halt,353.tiff,3,ALL,True,n_rows=8 arms=4 axes=2 blank_values=1
rows_per_click,halt,353.tiff,4,ALL,True,n_rows=8 arms=4 axes=2 blank_values=1
rows_per_click,halt,353.tiff,5,ALL,True,n_rows=8 arms=4 axes=2 blank_values=1
rows_per_click,halt,364.tiff,0,ALL,True,n_rows=8 arms=4 axes=2 blank_values=1
rows_per_click,halt,364.tiff,1,ALL,True,n_rows=8 arms=4 axes=2 blank_values=1
rows_per_click,halt,364.tiff,2,ALL,True,n_rows=8 arms=4 axes=2 blank_values=1
rows_per_click,halt,364.tiff,3,ALL,True,n_rows=8 arms=4 axes=2 blank_values=1
rows_per_click,halt,364.tiff,4,ALL,True,n_rows=8 arms=4 axes=2 blank_values=1
rows_per_click,halt,364.tiff,5,ALL,True,n_rows=8 arms=4 axes=2 blank_values=1
rows_per_click,halt,400.tiff,0,ALL,True,n_rows=8 arms=4 axes=2 blank_values=1
rows_per_click,halt,400.tiff,1,ALL,True,n_rows=8 arms=4 axes=2 blank_values=1
rows_per_click,halt,400.tiff,2,ALL,True,n_rows=8 arms=4 axes=2 blank_values=1
rows_per_click,halt,400.tiff,3,ALL,True,n_rows=8 arms=4 axes=2 blank_values=1
rows_per_click,halt,400.tiff,4,ALL,True,n_rows=8 arms=4 axes=2 blank_values=1
rows_per_click,halt,400.tiff,5,ALL,True,n_rows=8 arms=4 axes=2 blank_values=1
rows_per_click,halt,401.tiff,0,ALL,True,n_rows=8 arms=4 axes=2 blank_values=1
rows_per_click,halt,401.tiff,1,ALL,True,n_rows=8 arms=4 axes=2 blank_values=1
rows_per_click,halt,401.tiff,2,ALL,True,n_rows=8 arms=4 axes=2 blank_values=1
rows_per_click,halt,401.tiff,3,ALL,True,n_rows=8 arms=4 axes=2 blank_values=1
rows_per_click,halt,401.tiff,4,ALL,True,n_rows=8 arms=4 axes=2 blank_values=1
rows_per_click,halt,401.tiff,5,ALL,True,n_rows=8 arms=4 axes=2 blank_values=1
rows_per_click,halt,404.tiff,0,ALL,True,n_rows=8 arms=4 axes=2 blank_values=1
rows_per_click,halt,404.tiff,1,ALL,True,n_rows=8 arms=4 axes=2 blank_values=1
rows_per_click,halt,404.tiff,2,ALL,True,n_rows=8 arms=4 axes=2 blank_values=1
rows_per_click,halt,404.tiff,3,ALL,True,n_rows=8 arms=4 axes=2 blank_values=1
rows_per_click,halt,404.tiff,4,ALL,True,n_rows=8 arms=4 axes=2 blank_values=1
rows_per_click,halt,404.tiff,5,ALL,True,n_rows=8 arms=4 axes=2 blank_values=1
one_search_per_arm_both_axes,halt,300.tiff,0,default_51,True,n_peak_values=1 n_det_values=1
one_search_per_arm_both_axes,halt,300.tiff,0,hem_rect_fill,True,n_peak_values=1 n_det_values=1
one_search_per_arm_both_axes,halt,300.tiff,0,hem_rect_fill_1um,True,n_peak_values=1 n_det_values=1
one_search_per_arm_both_axes,halt,300.tiff,0,hem_mask_fill_1um,True,n_peak_values=1 n_det_values=1
one_search_per_arm_both_axes,halt,300.tiff,1,default_51,True,n_peak_values=1 n_det_values=1
one_search_per_arm_both_axes,halt,300.tiff,1,hem_rect_fill,True,n_peak_values=1 n_det_values=1
one_search_per_arm_both_axes,halt,300.tiff,1,hem_rect_fill_1um,True,n_peak_values=1 n_det_values=1
one_search_per_arm_both_axes,halt,300.tiff,1,hem_mask_fill_1um,True,n_peak_values=1 n_det_values=1
one_search_per_arm_both_axes,halt,300.tiff,2,default_51,True,n_peak_values=1 n_det_values=1
one_search_per_arm_both_axes,halt,300.tiff,2,hem_rect_fill,True,n_peak_values=1 n_det_values=1
one_search_per_arm_both_axes,halt,300.tiff,2,hem_rect_fill_1um,True,n_peak_values=1 n_det_values=1
one_search_per_arm_both_axes,halt,300.tiff,2,hem_mask_fill_1um,True,n_peak_values=1 n_det_values=1
one_search_per_arm_both_axes,halt,300.tiff,3,default_51,True,n_peak_values=1 n_det_values=1
one_search_per_arm_both_axes,halt,300.tiff,3,hem_rect_fill,True,n_peak_values=1 n_det_values=1
one_search_per_arm_both_axes,halt,300.tiff,3,hem_rect_fill_1um,True,n_peak_values=1 n_det_values=1
one_search_per_arm_both_axes,halt,300.tiff,3,hem_mask_fill_1um,True,n_peak_values=1 n_det_values=1
one_search_per_arm_both_axes,halt,300.tiff,4,default_51,True,n_peak_values=1 n_det_values=1
one_search_per_arm_both_axes,halt,300.tiff,4,hem_rect_fill,True,n_peak_values=1 n_det_values=1
one_search_per_arm_both_axes,halt,300.tiff,4,hem_rect_fill_1um,True,n_peak_values=1 n_det_values=1
one_search_per_arm_both_axes,halt,300.tiff,4,hem_mask_fill_1um,True,n_peak_values=1 n_det_values=1
one_search_per_arm_both_axes,halt,300.tiff,5,default_51,True,n_peak_values=1 n_det_values=1
one_search_per_arm_both_axes,halt,300.tiff,5,hem_rect_fill,True,n_peak_values=1 n_det_values=1
one_search_per_arm_both_axes,halt,300.tiff,5,hem_rect_fill_1um,True,n_peak_values=1 n_det_values=1
one_search_per_arm_both_axes,halt,300.tiff,5,hem_mask_fill_1um,True,n_peak_values=1 n_det_values=1
one_search_per_arm_both_axes,halt,301.tiff,0,default_51,True,n_peak_values=1 n_det_values=1
one_search_per_arm_both_axes,halt,301.tiff,0,hem_rect_fill,True,n_peak_values=1 n_det_values=1
one_search_per_arm_both_axes,halt,301.tiff,0,hem_rect_fill_1um,True,n_peak_values=1 n_det_values=1
one_search_per_arm_both_axes,halt,301.tiff,0,hem_mask_fill_1um,True,n_peak_values=1 n_det_values=1
one_search_per_arm_both_axes,halt,301.tiff,1,default_51,True,n_peak_values=1 n_det_values=1
one_search_per_arm_both_axes,halt,301.tiff,1,hem_rect_fill,True,n_peak_values=1 n_det_values=1
one_search_per_arm_both_axes,halt,301.tiff,1,hem_rect_fill_1um,True,n_peak_values=1 n_det_values=1
one_search_per_arm_both_axes,halt,301.tiff,1,hem_mask_fill_1um,True,n_peak_values=1 n_det_values=1
one_search_per_arm_both_axes,halt,301.tiff,2,default_51,True,n_peak_values=1 n_det_values=1
one_search_per_arm_both_axes,halt,301.tiff,2,hem_rect_fill,True,n_peak_values=1 n_det_values=1
one_search_per_arm_both_axes,halt,301.tiff,2,hem_rect_fill_1um,True,n_peak_values=1 n_det_values=1
one_search_per_arm_both_axes,halt,301.tiff,2,hem_mask_fill_1um,True,n_peak_values=1 n_det_values=1
one_search_per_arm_both_axes,halt,301.tiff,3,default_51,True,n_peak_values=1 n_det_values=1
one_search_per_arm_both_axes,halt,301.tiff,3,hem_rect_fill,True,n_peak_values=1 n_det_values=1
one_search_per_arm_both_axes,halt,301.tiff,3,hem_rect_fill_1um,True,n_peak_values=1 n_det_values=1
one_search_per_arm_both_axes,halt,301.tiff,3,hem_mask_fill_1um,True,n_peak_values=1 n_det_values=1
one_search_per_arm_both_axes,halt,301.tiff,4,default_51,True,n_peak_values=1 n_det_values=1
one_search_per_arm_both_axes,halt,301.tiff,4,hem_rect_fill,True,n_peak_values=1 n_det_values=1
one_search_per_arm_both_axes,halt,301.tiff,4,hem_rect_fill_1um,True,n_peak_values=1 n_det_values=1
one_search_per_arm_both_axes,halt,301.tiff,4,hem_mask_fill_1um,True,n_peak_values=1 n_det_values=1
one_search_per_arm_both_axes,halt,301.tiff,5,default_51,True,n_peak_values=1 n_det_values=1
one_search_per_arm_both_axes,halt,301.tiff,5,hem_rect_fill,True,n_peak_values=1 n_det_values=1
one_search_per_arm_both_axes,halt,301.tiff,5,hem_rect_fill_1um,True,n_peak_values=1 n_det_values=1
one_search_per_arm_both_axes,halt,301.tiff,5,hem_mask_fill_1um,True,n_peak_values=1 n_det_values=1
one_search_per_arm_both_axes,halt,322.tiff,0,default_51,True,n_peak_values=1 n_det_values=1
one_search_per_arm_both_axes,halt,322.tiff,0,hem_rect_fill,True,n_peak_values=1 n_det_values=1
one_search_per_arm_both_axes,halt,322.tiff,0,hem_rect_fill_1um,True,n_peak_values=1 n_det_values=1
one_search_per_arm_both_axes,halt,322.tiff,0,hem_mask_fill_1um,True,n_peak_values=1 n_det_values=1
one_search_per_arm_both_axes,halt,322.tiff,1,default_51,True,n_peak_values=1 n_det_values=1
one_search_per_arm_both_axes,halt,322.tiff,1,hem_rect_fill,True,n_peak_values=1 n_det_values=1
one_search_per_arm_both_axes,halt,322.tiff,1,hem_rect_fill_1um,True,n_peak_values=1 n_det_values=1
one_search_per_arm_both_axes,halt,322.tiff,1,hem_mask_fill_1um,True,n_peak_values=1 n_det_values=1
one_search_per_arm_both_axes,halt,322.tiff,2,default_51,True,n_peak_values=1 n_det_values=1
one_search_per_arm_both_axes,halt,322.tiff,2,hem_rect_fill,True,n_peak_values=1 n_det_values=1
one_search_per_arm_both_axes,halt,322.tiff,2,hem_rect_fill_1um,True,n_peak_values=1 n_det_values=1
one_search_per_arm_both_axes,halt,322.tiff,2,hem_mask_fill_1um,True,n_peak_values=1 n_det_values=1
one_search_per_arm_both_axes,halt,322.tiff,3,default_51,True,n_peak_values=1 n_det_values=1
one_search_per_arm_both_axes,halt,322.tiff,3,hem_rect_fill,True,n_peak_values=1 n_det_values=1
one_search_per_arm_both_axes,halt,322.tiff,3,hem_rect_fill_1um,True,n_peak_values=1 n_det_values=1
one_search_per_arm_both_axes,halt,322.tiff,3,hem_mask_fill_1um,True,n_peak_values=1 n_det_values=1
one_search_per_arm_both_axes,halt,322.tiff,4,default_51,True,n_peak_values=1 n_det_values=1
one_search_per_arm_both_axes,halt,322.tiff,4,hem_rect_fill,True,n_peak_values=1 n_det_values=1
one_search_per_arm_both_axes,halt,322.tiff,4,hem_rect_fill_1um,True,n_peak_values=1 n_det_values=1
one_search_per_arm_both_axes,halt,322.tiff,4,hem_mask_fill_1um,True,n_peak_values=1 n_det_values=1
one_search_per_arm_both_axes,halt,322.tiff,5,default_51,True,n_peak_values=1 n_det_values=1
one_search_per_arm_both_axes,halt,322.tiff,5,hem_rect_fill,True,n_peak_values=1 n_det_values=1
one_search_per_arm_both_axes,halt,322.tiff,5,hem_rect_fill_1um,True,n_peak_values=1 n_det_values=1
one_search_per_arm_both_axes,halt,322.tiff,5,hem_mask_fill_1um,True,n_peak_values=1 n_det_values=1
one_search_per_arm_both_axes,halt,337.tiff,0,default_51,True,n_peak_values=1 n_det_values=1
one_search_per_arm_both_axes,halt,337.tiff,0,hem_rect_fill,True,n_peak_values=1 n_det_values=1
one_search_per_arm_both_axes,halt,337.tiff,0,hem_rect_fill_1um,True,n_peak_values=1 n_det_values=1
one_search_per_arm_both_axes,halt,337.tiff,0,hem_mask_fill_1um,True,n_peak_values=1 n_det_values=1
one_search_per_arm_both_axes,halt,337.tiff,1,default_51,True,n_peak_values=1 n_det_values=1
one_search_per_arm_both_axes,halt,337.tiff,1,hem_rect_fill,True,n_peak_values=1 n_det_values=1
one_search_per_arm_both_axes,halt,337.tiff,1,hem_rect_fill_1um,True,n_peak_values=1 n_det_values=1
one_search_per_arm_both_axes,halt,337.tiff,1,hem_mask_fill_1um,True,n_peak_values=1 n_det_values=1
one_search_per_arm_both_axes,halt,337.tiff,2,default_51,True,n_peak_values=1 n_det_values=1
one_search_per_arm_both_axes,halt,337.tiff,2,hem_rect_fill,True,n_peak_values=1 n_det_values=1
one_search_per_arm_both_axes,halt,337.tiff,2,hem_rect_fill_1um,True,n_peak_values=1 n_det_values=1
one_search_per_arm_both_axes,halt,337.tiff,2,hem_mask_fill_1um,True,n_peak_values=1 n_det_values=1
one_search_per_arm_both_axes,halt,337.tiff,3,default_51,True,n_peak_values=1 n_det_values=1
one_search_per_arm_both_axes,halt,337.tiff,3,hem_rect_fill,True,n_peak_values=1 n_det_values=1
one_search_per_arm_both_axes,halt,337.tiff,3,hem_rect_fill_1um,True,n_peak_values=1 n_det_values=1
one_search_per_arm_both_axes,halt,337.tiff,3,hem_mask_fill_1um,True,n_peak_values=1 n_det_values=1
one_search_per_arm_both_axes,halt,337.tiff,4,default_51,True,n_peak_values=1 n_det_values=1
one_search_per_arm_both_axes,halt,337.tiff,4,hem_rect_fill,True,n_peak_values=1 n_det_values=1
one_search_per_arm_both_axes,halt,337.tiff,4,hem_rect_fill_1um,True,n_peak_values=1 n_det_values=1
one_search_per_arm_both_axes,halt,337.tiff,4,hem_mask_fill_1um,True,n_peak_values=1 n_det_values=1
one_search_per_arm_both_axes,halt,337.tiff,5,default_51,True,n_peak_values=1 n_det_values=1
one_search_per_arm_both_axes,halt,337.tiff,5,hem_rect_fill,True,n_peak_values=1 n_det_values=1
one_search_per_arm_both_axes,halt,337.tiff,5,hem_rect_fill_1um,True,n_peak_values=1 n_det_values=1
one_search_per_arm_both_axes,halt,337.tiff,5,hem_mask_fill_1um,True,n_peak_values=1 n_det_values=1
one_search_per_arm_both_axes,halt,339.tiff,0,default_51,True,n_peak_values=1 n_det_values=1
one_search_per_arm_both_axes,halt,339.tiff,0,hem_rect_fill,True,n_peak_values=1 n_det_values=1
one_search_per_arm_both_axes,halt,339.tiff,0,hem_rect_fill_1um,True,n_peak_values=1 n_det_values=1
one_search_per_arm_both_axes,halt,339.tiff,0,hem_mask_fill_1um,True,n_peak_values=1 n_det_values=1
one_search_per_arm_both_axes,halt,339.tiff,1,default_51,True,n_peak_values=1 n_det_values=1
one_search_per_arm_both_axes,halt,339.tiff,1,hem_rect_fill,True,n_peak_values=1 n_det_values=1
one_search_per_arm_both_axes,halt,339.tiff,1,hem_rect_fill_1um,True,n_peak_values=1 n_det_values=1
one_search_per_arm_both_axes,halt,339.tiff,1,hem_mask_fill_1um,True,n_peak_values=1 n_det_values=1
one_search_per_arm_both_axes,halt,339.tiff,2,default_51,True,n_peak_values=1 n_det_values=1
one_search_per_arm_both_axes,halt,339.tiff,2,hem_rect_fill,True,n_peak_values=1 n_det_values=1
one_search_per_arm_both_axes,halt,339.tiff,2,hem_rect_fill_1um,True,n_peak_values=1 n_det_values=1
one_search_per_arm_both_axes,halt,339.tiff,2,hem_mask_fill_1um,True,n_peak_values=1 n_det_values=1
one_search_per_arm_both_axes,halt,339.tiff,3,default_51,True,n_peak_values=1 n_det_values=1
one_search_per_arm_both_axes,halt,339.tiff,3,hem_rect_fill,True,n_peak_values=1 n_det_values=1
one_search_per_arm_both_axes,halt,339.tiff,3,hem_rect_fill_1um,True,n_peak_values=1 n_det_values=1
one_search_per_arm_both_axes,halt,339.tiff,3,hem_mask_fill_1um,True,n_peak_values=1 n_det_values=1
one_search_per_arm_both_axes,halt,339.tiff,4,default_51,True,n_peak_values=1 n_det_values=1
one_search_per_arm_both_axes,halt,339.tiff,4,hem_rect_fill,True,n_peak_values=1 n_det_values=1
one_search_per_arm_both_axes,halt,339.tiff,4,hem_rect_fill_1um,True,n_peak_values=1 n_det_values=1
one_search_per_arm_both_axes,halt,339.tiff,4,hem_mask_fill_1um,True,n_peak_values=1 n_det_values=1
one_search_per_arm_both_axes,halt,339.tiff,5,default_51,True,n_peak_values=1 n_det_values=1
one_search_per_arm_both_axes,halt,339.tiff,5,hem_rect_fill,True,n_peak_values=1 n_det_values=1
one_search_per_arm_both_axes,halt,339.tiff,5,hem_rect_fill_1um,True,n_peak_values=1 n_det_values=1
one_search_per_arm_both_axes,halt,339.tiff,5,hem_mask_fill_1um,True,n_peak_values=1 n_det_values=1
one_search_per_arm_both_axes,halt,343.tiff,0,default_51,True,n_peak_values=1 n_det_values=1
one_search_per_arm_both_axes,halt,343.tiff,0,hem_rect_fill,True,n_peak_values=1 n_det_values=1
one_search_per_arm_both_axes,halt,343.tiff,0,hem_rect_fill_1um,True,n_peak_values=1 n_det_values=1
one_search_per_arm_both_axes,halt,343.tiff,0,hem_mask_fill_1um,True,n_peak_values=1 n_det_values=1
one_search_per_arm_both_axes,halt,343.tiff,1,default_51,True,n_peak_values=1 n_det_values=1
one_search_per_arm_both_axes,halt,343.tiff,1,hem_rect_fill,True,n_peak_values=1 n_det_values=1
one_search_per_arm_both_axes,halt,343.tiff,1,hem_rect_fill_1um,True,n_peak_values=1 n_det_values=1
one_search_per_arm_both_axes,halt,343.tiff,1,hem_mask_fill_1um,True,n_peak_values=1 n_det_values=1
one_search_per_arm_both_axes,halt,343.tiff,2,default_51,True,n_peak_values=1 n_det_values=1
one_search_per_arm_both_axes,halt,343.tiff,2,hem_rect_fill,True,n_peak_values=1 n_det_values=1
one_search_per_arm_both_axes,halt,343.tiff,2,hem_rect_fill_1um,True,n_peak_values=1 n_det_values=1
one_search_per_arm_both_axes,halt,343.tiff,2,hem_mask_fill_1um,True,n_peak_values=1 n_det_values=1
one_search_per_arm_both_axes,halt,343.tiff,3,default_51,True,n_peak_values=1 n_det_values=1
one_search_per_arm_both_axes,halt,343.tiff,3,hem_rect_fill,True,n_peak_values=1 n_det_values=1
one_search_per_arm_both_axes,halt,343.tiff,3,hem_rect_fill_1um,True,n_peak_values=1 n_det_values=1
one_search_per_arm_both_axes,halt,343.tiff,3,hem_mask_fill_1um,True,n_peak_values=1 n_det_values=1
one_search_per_arm_both_axes,halt,343.tiff,4,default_51,True,n_peak_values=1 n_det_values=1
one_search_per_arm_both_axes,halt,343.tiff,4,hem_rect_fill,True,n_peak_values=1 n_det_values=1
one_search_per_arm_both_axes,halt,343.tiff,4,hem_rect_fill_1um,True,n_peak_values=1 n_det_values=1
one_search_per_arm_both_axes,halt,343.tiff,4,hem_mask_fill_1um,True,n_peak_values=1 n_det_values=1
one_search_per_arm_both_axes,halt,343.tiff,5,default_51,True,n_peak_values=1 n_det_values=1
one_search_per_arm_both_axes,halt,343.tiff,5,hem_rect_fill,True,n_peak_values=1 n_det_values=1
one_search_per_arm_both_axes,halt,343.tiff,5,hem_rect_fill_1um,True,n_peak_values=1 n_det_values=1
one_search_per_arm_both_axes,halt,343.tiff,5,hem_mask_fill_1um,True,n_peak_values=1 n_det_values=1
one_search_per_arm_both_axes,halt,344.tiff,0,default_51,True,n_peak_values=1 n_det_values=1
one_search_per_arm_both_axes,halt,344.tiff,0,hem_rect_fill,True,n_peak_values=1 n_det_values=1
one_search_per_arm_both_axes,halt,344.tiff,0,hem_rect_fill_1um,True,n_peak_values=1 n_det_values=1
one_search_per_arm_both_axes,halt,344.tiff,0,hem_mask_fill_1um,True,n_peak_values=1 n_det_values=1
one_search_per_arm_both_axes,halt,344.tiff,1,default_51,True,n_peak_values=1 n_det_values=1
one_search_per_arm_both_axes,halt,344.tiff,1,hem_rect_fill,True,n_peak_values=1 n_det_values=1
one_search_per_arm_both_axes,halt,344.tiff,1,hem_rect_fill_1um,True,n_peak_values=1 n_det_values=1
one_search_per_arm_both_axes,halt,344.tiff,1,hem_mask_fill_1um,True,n_peak_values=1 n_det_values=1
one_search_per_arm_both_axes,halt,344.tiff,2,default_51,True,n_peak_values=1 n_det_values=1
one_search_per_arm_both_axes,halt,344.tiff,2,hem_rect_fill,True,n_peak_values=1 n_det_values=1
one_search_per_arm_both_axes,halt,344.tiff,2,hem_rect_fill_1um,True,n_peak_values=1 n_det_values=1
one_search_per_arm_both_axes,halt,344.tiff,2,hem_mask_fill_1um,True,n_peak_values=1 n_det_values=1
one_search_per_arm_both_axes,halt,344.tiff,3,default_51,True,n_peak_values=1 n_det_values=1
one_search_per_arm_both_axes,halt,344.tiff,3,hem_rect_fill,True,n_peak_values=1 n_det_values=1
one_search_per_arm_both_axes,halt,344.tiff,3,hem_rect_fill_1um,True,n_peak_values=1 n_det_values=1
one_search_per_arm_both_axes,halt,344.tiff,3,hem_mask_fill_1um,True,n_peak_values=1 n_det_values=1
one_search_per_arm_both_axes,halt,344.tiff,4,default_51,True,n_peak_values=1 n_det_values=1
one_search_per_arm_both_axes,halt,344.tiff,4,hem_rect_fill,True,n_peak_values=1 n_det_values=1
one_search_per_arm_both_axes,halt,344.tiff,4,hem_rect_fill_1um,True,n_peak_values=1 n_det_values=1
one_search_per_arm_both_axes,halt,344.tiff,4,hem_mask_fill_1um,True,n_peak_values=1 n_det_values=1
one_search_per_arm_both_axes,halt,344.tiff,5,default_51,True,n_peak_values=1 n_det_values=1
one_search_per_arm_both_axes,halt,344.tiff,5,hem_rect_fill,True,n_peak_values=1 n_det_values=1
one_search_per_arm_both_axes,halt,344.tiff,5,hem_rect_fill_1um,True,n_peak_values=1 n_det_values=1
one_search_per_arm_both_axes,halt,344.tiff,5,hem_mask_fill_1um,True,n_peak_values=1 n_det_values=1
one_search_per_arm_both_axes,halt,201.tiff,0,default_51,True,n_peak_values=1 n_det_values=1
one_search_per_arm_both_axes,halt,201.tiff,0,hem_rect_fill,True,n_peak_values=1 n_det_values=1
one_search_per_arm_both_axes,halt,201.tiff,0,hem_rect_fill_1um,True,n_peak_values=1 n_det_values=1
one_search_per_arm_both_axes,halt,201.tiff,0,hem_mask_fill_1um,True,n_peak_values=1 n_det_values=1
one_search_per_arm_both_axes,halt,201.tiff,1,default_51,True,n_peak_values=1 n_det_values=1
one_search_per_arm_both_axes,halt,201.tiff,1,hem_rect_fill,True,n_peak_values=1 n_det_values=1
one_search_per_arm_both_axes,halt,201.tiff,1,hem_rect_fill_1um,True,n_peak_values=1 n_det_values=1
one_search_per_arm_both_axes,halt,201.tiff,1,hem_mask_fill_1um,True,n_peak_values=1 n_det_values=1
one_search_per_arm_both_axes,halt,201.tiff,2,default_51,True,n_peak_values=1 n_det_values=1
one_search_per_arm_both_axes,halt,201.tiff,2,hem_rect_fill,True,n_peak_values=1 n_det_values=1
one_search_per_arm_both_axes,halt,201.tiff,2,hem_rect_fill_1um,True,n_peak_values=1 n_det_values=1
one_search_per_arm_both_axes,halt,201.tiff,2,hem_mask_fill_1um,True,n_peak_values=1 n_det_values=1
one_search_per_arm_both_axes,halt,201.tiff,3,default_51,True,n_peak_values=1 n_det_values=1
one_search_per_arm_both_axes,halt,201.tiff,3,hem_rect_fill,True,n_peak_values=1 n_det_values=1
one_search_per_arm_both_axes,halt,201.tiff,3,hem_rect_fill_1um,True,n_peak_values=1 n_det_values=1
one_search_per_arm_both_axes,halt,201.tiff,3,hem_mask_fill_1um,True,n_peak_values=1 n_det_values=1
one_search_per_arm_both_axes,halt,201.tiff,4,default_51,True,n_peak_values=1 n_det_values=1
one_search_per_arm_both_axes,halt,201.tiff,4,hem_rect_fill,True,n_peak_values=1 n_det_values=1
one_search_per_arm_both_axes,halt,201.tiff,4,hem_rect_fill_1um,True,n_peak_values=1 n_det_values=1
one_search_per_arm_both_axes,halt,201.tiff,4,hem_mask_fill_1um,True,n_peak_values=1 n_det_values=1
one_search_per_arm_both_axes,halt,201.tiff,5,default_51,True,n_peak_values=1 n_det_values=1
one_search_per_arm_both_axes,halt,201.tiff,5,hem_rect_fill,True,n_peak_values=1 n_det_values=1
one_search_per_arm_both_axes,halt,201.tiff,5,hem_rect_fill_1um,True,n_peak_values=1 n_det_values=1
one_search_per_arm_both_axes,halt,201.tiff,5,hem_mask_fill_1um,True,n_peak_values=1 n_det_values=1
one_search_per_arm_both_axes,halt,233.tiff,0,default_51,True,n_peak_values=1 n_det_values=1
one_search_per_arm_both_axes,halt,233.tiff,0,hem_rect_fill,True,n_peak_values=1 n_det_values=1
one_search_per_arm_both_axes,halt,233.tiff,0,hem_rect_fill_1um,True,n_peak_values=1 n_det_values=1
one_search_per_arm_both_axes,halt,233.tiff,0,hem_mask_fill_1um,True,n_peak_values=1 n_det_values=1
one_search_per_arm_both_axes,halt,233.tiff,1,default_51,True,n_peak_values=1 n_det_values=1
one_search_per_arm_both_axes,halt,233.tiff,1,hem_rect_fill,True,n_peak_values=1 n_det_values=1
one_search_per_arm_both_axes,halt,233.tiff,1,hem_rect_fill_1um,True,n_peak_values=1 n_det_values=1
one_search_per_arm_both_axes,halt,233.tiff,1,hem_mask_fill_1um,True,n_peak_values=1 n_det_values=1
one_search_per_arm_both_axes,halt,233.tiff,2,default_51,True,n_peak_values=1 n_det_values=1
one_search_per_arm_both_axes,halt,233.tiff,2,hem_rect_fill,True,n_peak_values=1 n_det_values=1
one_search_per_arm_both_axes,halt,233.tiff,2,hem_rect_fill_1um,True,n_peak_values=1 n_det_values=1
one_search_per_arm_both_axes,halt,233.tiff,2,hem_mask_fill_1um,True,n_peak_values=1 n_det_values=1
one_search_per_arm_both_axes,halt,233.tiff,3,default_51,True,n_peak_values=1 n_det_values=1
one_search_per_arm_both_axes,halt,233.tiff,3,hem_rect_fill,True,n_peak_values=1 n_det_values=1
one_search_per_arm_both_axes,halt,233.tiff,3,hem_rect_fill_1um,True,n_peak_values=1 n_det_values=1
one_search_per_arm_both_axes,halt,233.tiff,3,hem_mask_fill_1um,True,n_peak_values=1 n_det_values=1
one_search_per_arm_both_axes,halt,233.tiff,4,default_51,True,n_peak_values=1 n_det_values=1
one_search_per_arm_both_axes,halt,233.tiff,4,hem_rect_fill,True,n_peak_values=1 n_det_values=1
one_search_per_arm_both_axes,halt,233.tiff,4,hem_rect_fill_1um,True,n_peak_values=1 n_det_values=1
one_search_per_arm_both_axes,halt,233.tiff,4,hem_mask_fill_1um,True,n_peak_values=1 n_det_values=1
one_search_per_arm_both_axes,halt,233.tiff,5,default_51,True,n_peak_values=1 n_det_values=1
one_search_per_arm_both_axes,halt,233.tiff,5,hem_rect_fill,True,n_peak_values=1 n_det_values=1
one_search_per_arm_both_axes,halt,233.tiff,5,hem_rect_fill_1um,True,n_peak_values=1 n_det_values=1
one_search_per_arm_both_axes,halt,233.tiff,5,hem_mask_fill_1um,True,n_peak_values=1 n_det_values=1
one_search_per_arm_both_axes,halt,211.tiff,0,default_51,True,n_peak_values=1 n_det_values=1
one_search_per_arm_both_axes,halt,211.tiff,0,hem_rect_fill,True,n_peak_values=1 n_det_values=1
one_search_per_arm_both_axes,halt,211.tiff,0,hem_rect_fill_1um,True,n_peak_values=1 n_det_values=1
one_search_per_arm_both_axes,halt,211.tiff,0,hem_mask_fill_1um,True,n_peak_values=1 n_det_values=1
one_search_per_arm_both_axes,halt,211.tiff,1,default_51,True,n_peak_values=1 n_det_values=1
one_search_per_arm_both_axes,halt,211.tiff,1,hem_rect_fill,True,n_peak_values=1 n_det_values=1
one_search_per_arm_both_axes,halt,211.tiff,1,hem_rect_fill_1um,True,n_peak_values=1 n_det_values=1
one_search_per_arm_both_axes,halt,211.tiff,1,hem_mask_fill_1um,True,n_peak_values=1 n_det_values=1
one_search_per_arm_both_axes,halt,211.tiff,2,default_51,True,n_peak_values=1 n_det_values=1
one_search_per_arm_both_axes,halt,211.tiff,2,hem_rect_fill,True,n_peak_values=1 n_det_values=1
one_search_per_arm_both_axes,halt,211.tiff,2,hem_rect_fill_1um,True,n_peak_values=1 n_det_values=1
one_search_per_arm_both_axes,halt,211.tiff,2,hem_mask_fill_1um,True,n_peak_values=1 n_det_values=1
one_search_per_arm_both_axes,halt,211.tiff,3,default_51,True,n_peak_values=1 n_det_values=1
one_search_per_arm_both_axes,halt,211.tiff,3,hem_rect_fill,True,n_peak_values=1 n_det_values=1
one_search_per_arm_both_axes,halt,211.tiff,3,hem_rect_fill_1um,True,n_peak_values=1 n_det_values=1
one_search_per_arm_both_axes,halt,211.tiff,3,hem_mask_fill_1um,True,n_peak_values=1 n_det_values=1
one_search_per_arm_both_axes,halt,211.tiff,4,default_51,True,n_peak_values=1 n_det_values=1
one_search_per_arm_both_axes,halt,211.tiff,4,hem_rect_fill,True,n_peak_values=1 n_det_values=1
one_search_per_arm_both_axes,halt,211.tiff,4,hem_rect_fill_1um,True,n_peak_values=1 n_det_values=1
one_search_per_arm_both_axes,halt,211.tiff,4,hem_mask_fill_1um,True,n_peak_values=1 n_det_values=1
one_search_per_arm_both_axes,halt,211.tiff,5,default_51,True,n_peak_values=1 n_det_values=1
one_search_per_arm_both_axes,halt,211.tiff,5,hem_rect_fill,True,n_peak_values=1 n_det_values=1
one_search_per_arm_both_axes,halt,211.tiff,5,hem_rect_fill_1um,True,n_peak_values=1 n_det_values=1
one_search_per_arm_both_axes,halt,211.tiff,5,hem_mask_fill_1um,True,n_peak_values=1 n_det_values=1
one_search_per_arm_both_axes,halt,220.tiff,0,default_51,True,n_peak_values=1 n_det_values=1
one_search_per_arm_both_axes,halt,220.tiff,0,hem_rect_fill,True,n_peak_values=1 n_det_values=1
one_search_per_arm_both_axes,halt,220.tiff,0,hem_rect_fill_1um,True,n_peak_values=1 n_det_values=1
one_search_per_arm_both_axes,halt,220.tiff,0,hem_mask_fill_1um,True,n_peak_values=1 n_det_values=1
one_search_per_arm_both_axes,halt,220.tiff,1,default_51,True,n_peak_values=1 n_det_values=1
one_search_per_arm_both_axes,halt,220.tiff,1,hem_rect_fill,True,n_peak_values=1 n_det_values=1
one_search_per_arm_both_axes,halt,220.tiff,1,hem_rect_fill_1um,True,n_peak_values=1 n_det_values=1
one_search_per_arm_both_axes,halt,220.tiff,1,hem_mask_fill_1um,True,n_peak_values=1 n_det_values=1
one_search_per_arm_both_axes,halt,220.tiff,2,default_51,True,n_peak_values=1 n_det_values=1
one_search_per_arm_both_axes,halt,220.tiff,2,hem_rect_fill,True,n_peak_values=1 n_det_values=1
one_search_per_arm_both_axes,halt,220.tiff,2,hem_rect_fill_1um,True,n_peak_values=1 n_det_values=1
one_search_per_arm_both_axes,halt,220.tiff,2,hem_mask_fill_1um,True,n_peak_values=1 n_det_values=1
one_search_per_arm_both_axes,halt,220.tiff,3,default_51,True,n_peak_values=1 n_det_values=1
one_search_per_arm_both_axes,halt,220.tiff,3,hem_rect_fill,True,n_peak_values=1 n_det_values=1
one_search_per_arm_both_axes,halt,220.tiff,3,hem_rect_fill_1um,True,n_peak_values=1 n_det_values=1
one_search_per_arm_both_axes,halt,220.tiff,3,hem_mask_fill_1um,True,n_peak_values=1 n_det_values=1
one_search_per_arm_both_axes,halt,220.tiff,4,default_51,True,n_peak_values=1 n_det_values=1
one_search_per_arm_both_axes,halt,220.tiff,4,hem_rect_fill,True,n_peak_values=1 n_det_values=1
one_search_per_arm_both_axes,halt,220.tiff,4,hem_rect_fill_1um,True,n_peak_values=1 n_det_values=1
one_search_per_arm_both_axes,halt,220.tiff,4,hem_mask_fill_1um,True,n_peak_values=1 n_det_values=1
one_search_per_arm_both_axes,halt,220.tiff,5,default_51,True,n_peak_values=1 n_det_values=1
one_search_per_arm_both_axes,halt,220.tiff,5,hem_rect_fill,True,n_peak_values=1 n_det_values=1
one_search_per_arm_both_axes,halt,220.tiff,5,hem_rect_fill_1um,True,n_peak_values=1 n_det_values=1
one_search_per_arm_both_axes,halt,220.tiff,5,hem_mask_fill_1um,True,n_peak_values=1 n_det_values=1
one_search_per_arm_both_axes,halt,230.tiff,0,default_51,True,n_peak_values=1 n_det_values=1
one_search_per_arm_both_axes,halt,230.tiff,0,hem_rect_fill,True,n_peak_values=1 n_det_values=1
one_search_per_arm_both_axes,halt,230.tiff,0,hem_rect_fill_1um,True,n_peak_values=1 n_det_values=1
one_search_per_arm_both_axes,halt,230.tiff,0,hem_mask_fill_1um,True,n_peak_values=1 n_det_values=1
one_search_per_arm_both_axes,halt,230.tiff,1,default_51,True,n_peak_values=1 n_det_values=1
one_search_per_arm_both_axes,halt,230.tiff,1,hem_rect_fill,True,n_peak_values=1 n_det_values=1
one_search_per_arm_both_axes,halt,230.tiff,1,hem_rect_fill_1um,True,n_peak_values=1 n_det_values=1
one_search_per_arm_both_axes,halt,230.tiff,1,hem_mask_fill_1um,True,n_peak_values=1 n_det_values=1
one_search_per_arm_both_axes,halt,230.tiff,2,default_51,True,n_peak_values=1 n_det_values=1
one_search_per_arm_both_axes,halt,230.tiff,2,hem_rect_fill,True,n_peak_values=1 n_det_values=1
one_search_per_arm_both_axes,halt,230.tiff,2,hem_rect_fill_1um,True,n_peak_values=1 n_det_values=1
one_search_per_arm_both_axes,halt,230.tiff,2,hem_mask_fill_1um,True,n_peak_values=1 n_det_values=1
one_search_per_arm_both_axes,halt,230.tiff,3,default_51,True,n_peak_values=1 n_det_values=1
one_search_per_arm_both_axes,halt,230.tiff,3,hem_rect_fill,True,n_peak_values=1 n_det_values=1
one_search_per_arm_both_axes,halt,230.tiff,3,hem_rect_fill_1um,True,n_peak_values=1 n_det_values=1
one_search_per_arm_both_axes,halt,230.tiff,3,hem_mask_fill_1um,True,n_peak_values=1 n_det_values=1
one_search_per_arm_both_axes,halt,230.tiff,4,default_51,True,n_peak_values=1 n_det_values=1
one_search_per_arm_both_axes,halt,230.tiff,4,hem_rect_fill,True,n_peak_values=1 n_det_values=1
one_search_per_arm_both_axes,halt,230.tiff,4,hem_rect_fill_1um,True,n_peak_values=1 n_det_values=1
one_search_per_arm_both_axes,halt,230.tiff,4,hem_mask_fill_1um,True,n_peak_values=1 n_det_values=1
one_search_per_arm_both_axes,halt,230.tiff,5,default_51,True,n_peak_values=1 n_det_values=1
one_search_per_arm_both_axes,halt,230.tiff,5,hem_rect_fill,True,n_peak_values=1 n_det_values=1
one_search_per_arm_both_axes,halt,230.tiff,5,hem_rect_fill_1um,True,n_peak_values=1 n_det_values=1
one_search_per_arm_both_axes,halt,230.tiff,5,hem_mask_fill_1um,True,n_peak_values=1 n_det_values=1
one_search_per_arm_both_axes,halt,235.tiff,0,default_51,True,n_peak_values=1 n_det_values=1
one_search_per_arm_both_axes,halt,235.tiff,0,hem_rect_fill,True,n_peak_values=1 n_det_values=1
one_search_per_arm_both_axes,halt,235.tiff,0,hem_rect_fill_1um,True,n_peak_values=1 n_det_values=1
one_search_per_arm_both_axes,halt,235.tiff,0,hem_mask_fill_1um,True,n_peak_values=1 n_det_values=1
one_search_per_arm_both_axes,halt,235.tiff,1,default_51,True,n_peak_values=1 n_det_values=1
one_search_per_arm_both_axes,halt,235.tiff,1,hem_rect_fill,True,n_peak_values=1 n_det_values=1
one_search_per_arm_both_axes,halt,235.tiff,1,hem_rect_fill_1um,True,n_peak_values=1 n_det_values=1
one_search_per_arm_both_axes,halt,235.tiff,1,hem_mask_fill_1um,True,n_peak_values=1 n_det_values=1
one_search_per_arm_both_axes,halt,235.tiff,2,default_51,True,n_peak_values=1 n_det_values=1
one_search_per_arm_both_axes,halt,235.tiff,2,hem_rect_fill,True,n_peak_values=1 n_det_values=1
one_search_per_arm_both_axes,halt,235.tiff,2,hem_rect_fill_1um,True,n_peak_values=1 n_det_values=1
one_search_per_arm_both_axes,halt,235.tiff,2,hem_mask_fill_1um,True,n_peak_values=1 n_det_values=1
one_search_per_arm_both_axes,halt,235.tiff,3,default_51,True,n_peak_values=1 n_det_values=1
one_search_per_arm_both_axes,halt,235.tiff,3,hem_rect_fill,True,n_peak_values=1 n_det_values=1
one_search_per_arm_both_axes,halt,235.tiff,3,hem_rect_fill_1um,True,n_peak_values=1 n_det_values=1
one_search_per_arm_both_axes,halt,235.tiff,3,hem_mask_fill_1um,True,n_peak_values=1 n_det_values=1
one_search_per_arm_both_axes,halt,235.tiff,4,default_51,True,n_peak_values=1 n_det_values=1
one_search_per_arm_both_axes,halt,235.tiff,4,hem_rect_fill,True,n_peak_values=1 n_det_values=1
one_search_per_arm_both_axes,halt,235.tiff,4,hem_rect_fill_1um,True,n_peak_values=1 n_det_values=1
one_search_per_arm_both_axes,halt,235.tiff,4,hem_mask_fill_1um,True,n_peak_values=1 n_det_values=1
one_search_per_arm_both_axes,halt,235.tiff,5,default_51,True,n_peak_values=1 n_det_values=1
one_search_per_arm_both_axes,halt,235.tiff,5,hem_rect_fill,True,n_peak_values=1 n_det_values=1
one_search_per_arm_both_axes,halt,235.tiff,5,hem_rect_fill_1um,True,n_peak_values=1 n_det_values=1
one_search_per_arm_both_axes,halt,235.tiff,5,hem_mask_fill_1um,True,n_peak_values=1 n_det_values=1
one_search_per_arm_both_axes,halt,242.tiff,0,default_51,True,n_peak_values=1 n_det_values=1
one_search_per_arm_both_axes,halt,242.tiff,0,hem_rect_fill,True,n_peak_values=1 n_det_values=1
one_search_per_arm_both_axes,halt,242.tiff,0,hem_rect_fill_1um,True,n_peak_values=1 n_det_values=1
one_search_per_arm_both_axes,halt,242.tiff,0,hem_mask_fill_1um,True,n_peak_values=1 n_det_values=1
one_search_per_arm_both_axes,halt,242.tiff,1,default_51,True,n_peak_values=1 n_det_values=1
one_search_per_arm_both_axes,halt,242.tiff,1,hem_rect_fill,True,n_peak_values=1 n_det_values=1
one_search_per_arm_both_axes,halt,242.tiff,1,hem_rect_fill_1um,True,n_peak_values=1 n_det_values=1
one_search_per_arm_both_axes,halt,242.tiff,1,hem_mask_fill_1um,True,n_peak_values=1 n_det_values=1
one_search_per_arm_both_axes,halt,242.tiff,2,default_51,True,n_peak_values=1 n_det_values=1
one_search_per_arm_both_axes,halt,242.tiff,2,hem_rect_fill,True,n_peak_values=1 n_det_values=1
one_search_per_arm_both_axes,halt,242.tiff,2,hem_rect_fill_1um,True,n_peak_values=1 n_det_values=1
one_search_per_arm_both_axes,halt,242.tiff,2,hem_mask_fill_1um,True,n_peak_values=1 n_det_values=1
one_search_per_arm_both_axes,halt,242.tiff,3,default_51,True,n_peak_values=1 n_det_values=1
one_search_per_arm_both_axes,halt,242.tiff,3,hem_rect_fill,True,n_peak_values=1 n_det_values=1
one_search_per_arm_both_axes,halt,242.tiff,3,hem_rect_fill_1um,True,n_peak_values=1 n_det_values=1
one_search_per_arm_both_axes,halt,242.tiff,3,hem_mask_fill_1um,True,n_peak_values=1 n_det_values=1
one_search_per_arm_both_axes,halt,242.tiff,4,default_51,True,n_peak_values=1 n_det_values=1
one_search_per_arm_both_axes,halt,242.tiff,4,hem_rect_fill,True,n_peak_values=1 n_det_values=1
one_search_per_arm_both_axes,halt,242.tiff,4,hem_rect_fill_1um,True,n_peak_values=1 n_det_values=1
one_search_per_arm_both_axes,halt,242.tiff,4,hem_mask_fill_1um,True,n_peak_values=1 n_det_values=1
one_search_per_arm_both_axes,halt,242.tiff,5,default_51,True,n_peak_values=1 n_det_values=1
one_search_per_arm_both_axes,halt,242.tiff,5,hem_rect_fill,True,n_peak_values=1 n_det_values=1
one_search_per_arm_both_axes,halt,242.tiff,5,hem_rect_fill_1um,True,n_peak_values=1 n_det_values=1
one_search_per_arm_both_axes,halt,242.tiff,5,hem_mask_fill_1um,True,n_peak_values=1 n_det_values=1
one_search_per_arm_both_axes,halt,245.tiff,0,default_51,True,n_peak_values=1 n_det_values=1
one_search_per_arm_both_axes,halt,245.tiff,0,hem_rect_fill,True,n_peak_values=1 n_det_values=1
one_search_per_arm_both_axes,halt,245.tiff,0,hem_rect_fill_1um,True,n_peak_values=1 n_det_values=1
one_search_per_arm_both_axes,halt,245.tiff,0,hem_mask_fill_1um,True,n_peak_values=1 n_det_values=1
one_search_per_arm_both_axes,halt,245.tiff,1,default_51,True,n_peak_values=1 n_det_values=1
one_search_per_arm_both_axes,halt,245.tiff,1,hem_rect_fill,True,n_peak_values=1 n_det_values=1
one_search_per_arm_both_axes,halt,245.tiff,1,hem_rect_fill_1um,True,n_peak_values=1 n_det_values=1
one_search_per_arm_both_axes,halt,245.tiff,1,hem_mask_fill_1um,True,n_peak_values=1 n_det_values=1
one_search_per_arm_both_axes,halt,245.tiff,2,default_51,True,n_peak_values=1 n_det_values=1
one_search_per_arm_both_axes,halt,245.tiff,2,hem_rect_fill,True,n_peak_values=1 n_det_values=1
one_search_per_arm_both_axes,halt,245.tiff,2,hem_rect_fill_1um,True,n_peak_values=1 n_det_values=1
one_search_per_arm_both_axes,halt,245.tiff,2,hem_mask_fill_1um,True,n_peak_values=1 n_det_values=1
one_search_per_arm_both_axes,halt,245.tiff,3,default_51,True,n_peak_values=1 n_det_values=1
one_search_per_arm_both_axes,halt,245.tiff,3,hem_rect_fill,True,n_peak_values=1 n_det_values=1
one_search_per_arm_both_axes,halt,245.tiff,3,hem_rect_fill_1um,True,n_peak_values=1 n_det_values=1
one_search_per_arm_both_axes,halt,245.tiff,3,hem_mask_fill_1um,True,n_peak_values=1 n_det_values=1
one_search_per_arm_both_axes,halt,245.tiff,4,default_51,True,n_peak_values=1 n_det_values=1
one_search_per_arm_both_axes,halt,245.tiff,4,hem_rect_fill,True,n_peak_values=1 n_det_values=1
one_search_per_arm_both_axes,halt,245.tiff,4,hem_rect_fill_1um,True,n_peak_values=1 n_det_values=1
one_search_per_arm_both_axes,halt,245.tiff,4,hem_mask_fill_1um,True,n_peak_values=1 n_det_values=1
one_search_per_arm_both_axes,halt,245.tiff,5,default_51,True,n_peak_values=1 n_det_values=1
one_search_per_arm_both_axes,halt,245.tiff,5,hem_rect_fill,True,n_peak_values=1 n_det_values=1
one_search_per_arm_both_axes,halt,245.tiff,5,hem_rect_fill_1um,True,n_peak_values=1 n_det_values=1
one_search_per_arm_both_axes,halt,245.tiff,5,hem_mask_fill_1um,True,n_peak_values=1 n_det_values=1
one_search_per_arm_both_axes,halt,246.tiff,0,default_51,True,n_peak_values=1 n_det_values=1
one_search_per_arm_both_axes,halt,246.tiff,0,hem_rect_fill,True,n_peak_values=1 n_det_values=1
one_search_per_arm_both_axes,halt,246.tiff,0,hem_rect_fill_1um,True,n_peak_values=1 n_det_values=1
one_search_per_arm_both_axes,halt,246.tiff,0,hem_mask_fill_1um,True,n_peak_values=1 n_det_values=1
one_search_per_arm_both_axes,halt,246.tiff,1,default_51,True,n_peak_values=1 n_det_values=1
one_search_per_arm_both_axes,halt,246.tiff,1,hem_rect_fill,True,n_peak_values=1 n_det_values=1
one_search_per_arm_both_axes,halt,246.tiff,1,hem_rect_fill_1um,True,n_peak_values=1 n_det_values=1
one_search_per_arm_both_axes,halt,246.tiff,1,hem_mask_fill_1um,True,n_peak_values=1 n_det_values=1
one_search_per_arm_both_axes,halt,246.tiff,2,default_51,True,n_peak_values=1 n_det_values=1
one_search_per_arm_both_axes,halt,246.tiff,2,hem_rect_fill,True,n_peak_values=1 n_det_values=1
one_search_per_arm_both_axes,halt,246.tiff,2,hem_rect_fill_1um,True,n_peak_values=1 n_det_values=1
one_search_per_arm_both_axes,halt,246.tiff,2,hem_mask_fill_1um,True,n_peak_values=1 n_det_values=1
one_search_per_arm_both_axes,halt,246.tiff,3,default_51,True,n_peak_values=1 n_det_values=1
one_search_per_arm_both_axes,halt,246.tiff,3,hem_rect_fill,True,n_peak_values=1 n_det_values=1
one_search_per_arm_both_axes,halt,246.tiff,3,hem_rect_fill_1um,True,n_peak_values=1 n_det_values=1
one_search_per_arm_both_axes,halt,246.tiff,3,hem_mask_fill_1um,True,n_peak_values=1 n_det_values=1
one_search_per_arm_both_axes,halt,246.tiff,4,default_51,True,n_peak_values=1 n_det_values=1
one_search_per_arm_both_axes,halt,246.tiff,4,hem_rect_fill,True,n_peak_values=1 n_det_values=1
one_search_per_arm_both_axes,halt,246.tiff,4,hem_rect_fill_1um,True,n_peak_values=1 n_det_values=1
one_search_per_arm_both_axes,halt,246.tiff,4,hem_mask_fill_1um,True,n_peak_values=1 n_det_values=1
one_search_per_arm_both_axes,halt,246.tiff,5,default_51,True,n_peak_values=1 n_det_values=1
one_search_per_arm_both_axes,halt,246.tiff,5,hem_rect_fill,True,n_peak_values=1 n_det_values=1
one_search_per_arm_both_axes,halt,246.tiff,5,hem_rect_fill_1um,True,n_peak_values=1 n_det_values=1
one_search_per_arm_both_axes,halt,246.tiff,5,hem_mask_fill_1um,True,n_peak_values=1 n_det_values=1
one_search_per_arm_both_axes,halt,249.tiff,0,default_51,True,n_peak_values=1 n_det_values=1
one_search_per_arm_both_axes,halt,249.tiff,0,hem_rect_fill,True,n_peak_values=1 n_det_values=1
one_search_per_arm_both_axes,halt,249.tiff,0,hem_rect_fill_1um,True,n_peak_values=1 n_det_values=1
one_search_per_arm_both_axes,halt,249.tiff,0,hem_mask_fill_1um,True,n_peak_values=1 n_det_values=1
one_search_per_arm_both_axes,halt,249.tiff,1,default_51,True,n_peak_values=1 n_det_values=1
one_search_per_arm_both_axes,halt,249.tiff,1,hem_rect_fill,True,n_peak_values=1 n_det_values=1
one_search_per_arm_both_axes,halt,249.tiff,1,hem_rect_fill_1um,True,n_peak_values=1 n_det_values=1
one_search_per_arm_both_axes,halt,249.tiff,1,hem_mask_fill_1um,True,n_peak_values=1 n_det_values=1
one_search_per_arm_both_axes,halt,249.tiff,2,default_51,True,n_peak_values=1 n_det_values=1
one_search_per_arm_both_axes,halt,249.tiff,2,hem_rect_fill,True,n_peak_values=1 n_det_values=1
one_search_per_arm_both_axes,halt,249.tiff,2,hem_rect_fill_1um,True,n_peak_values=1 n_det_values=1
one_search_per_arm_both_axes,halt,249.tiff,2,hem_mask_fill_1um,True,n_peak_values=1 n_det_values=1
one_search_per_arm_both_axes,halt,249.tiff,3,default_51,True,n_peak_values=1 n_det_values=1
one_search_per_arm_both_axes,halt,249.tiff,3,hem_rect_fill,True,n_peak_values=1 n_det_values=1
one_search_per_arm_both_axes,halt,249.tiff,3,hem_rect_fill_1um,True,n_peak_values=1 n_det_values=1
one_search_per_arm_both_axes,halt,249.tiff,3,hem_mask_fill_1um,True,n_peak_values=1 n_det_values=1
one_search_per_arm_both_axes,halt,249.tiff,4,default_51,True,n_peak_values=1 n_det_values=1
one_search_per_arm_both_axes,halt,249.tiff,4,hem_rect_fill,True,n_peak_values=1 n_det_values=1
one_search_per_arm_both_axes,halt,249.tiff,4,hem_rect_fill_1um,True,n_peak_values=1 n_det_values=1
one_search_per_arm_both_axes,halt,249.tiff,4,hem_mask_fill_1um,True,n_peak_values=1 n_det_values=1
one_search_per_arm_both_axes,halt,249.tiff,5,default_51,True,n_peak_values=1 n_det_values=1
one_search_per_arm_both_axes,halt,249.tiff,5,hem_rect_fill,True,n_peak_values=1 n_det_values=1
one_search_per_arm_both_axes,halt,249.tiff,5,hem_rect_fill_1um,True,n_peak_values=1 n_det_values=1
one_search_per_arm_both_axes,halt,249.tiff,5,hem_mask_fill_1um,True,n_peak_values=1 n_det_values=1
one_search_per_arm_both_axes,halt,284.tiff,0,default_51,True,n_peak_values=1 n_det_values=1
one_search_per_arm_both_axes,halt,284.tiff,0,hem_rect_fill,True,n_peak_values=1 n_det_values=1
one_search_per_arm_both_axes,halt,284.tiff,0,hem_rect_fill_1um,True,n_peak_values=1 n_det_values=1
one_search_per_arm_both_axes,halt,284.tiff,0,hem_mask_fill_1um,True,n_peak_values=1 n_det_values=1
one_search_per_arm_both_axes,halt,284.tiff,1,default_51,True,n_peak_values=1 n_det_values=1
one_search_per_arm_both_axes,halt,284.tiff,1,hem_rect_fill,True,n_peak_values=1 n_det_values=1
one_search_per_arm_both_axes,halt,284.tiff,1,hem_rect_fill_1um,True,n_peak_values=1 n_det_values=1
one_search_per_arm_both_axes,halt,284.tiff,1,hem_mask_fill_1um,True,n_peak_values=1 n_det_values=1
one_search_per_arm_both_axes,halt,284.tiff,2,default_51,True,n_peak_values=1 n_det_values=1
one_search_per_arm_both_axes,halt,284.tiff,2,hem_rect_fill,True,n_peak_values=1 n_det_values=1
one_search_per_arm_both_axes,halt,284.tiff,2,hem_rect_fill_1um,True,n_peak_values=1 n_det_values=1
one_search_per_arm_both_axes,halt,284.tiff,2,hem_mask_fill_1um,True,n_peak_values=1 n_det_values=1
one_search_per_arm_both_axes,halt,284.tiff,3,default_51,True,n_peak_values=1 n_det_values=1
one_search_per_arm_both_axes,halt,284.tiff,3,hem_rect_fill,True,n_peak_values=1 n_det_values=1
one_search_per_arm_both_axes,halt,284.tiff,3,hem_rect_fill_1um,True,n_peak_values=1 n_det_values=1
one_search_per_arm_both_axes,halt,284.tiff,3,hem_mask_fill_1um,True,n_peak_values=1 n_det_values=1
one_search_per_arm_both_axes,halt,284.tiff,4,default_51,True,n_peak_values=1 n_det_values=1
one_search_per_arm_both_axes,halt,284.tiff,4,hem_rect_fill,True,n_peak_values=1 n_det_values=1
one_search_per_arm_both_axes,halt,284.tiff,4,hem_rect_fill_1um,True,n_peak_values=1 n_det_values=1
one_search_per_arm_both_axes,halt,284.tiff,4,hem_mask_fill_1um,True,n_peak_values=1 n_det_values=1
one_search_per_arm_both_axes,halt,284.tiff,5,default_51,True,n_peak_values=1 n_det_values=1
one_search_per_arm_both_axes,halt,284.tiff,5,hem_rect_fill,True,n_peak_values=1 n_det_values=1
one_search_per_arm_both_axes,halt,284.tiff,5,hem_rect_fill_1um,True,n_peak_values=1 n_det_values=1
one_search_per_arm_both_axes,halt,284.tiff,5,hem_mask_fill_1um,True,n_peak_values=1 n_det_values=1
one_search_per_arm_both_axes,halt,289.tiff,0,default_51,True,n_peak_values=1 n_det_values=1
one_search_per_arm_both_axes,halt,289.tiff,0,hem_rect_fill,True,n_peak_values=1 n_det_values=1
one_search_per_arm_both_axes,halt,289.tiff,0,hem_rect_fill_1um,True,n_peak_values=1 n_det_values=1
one_search_per_arm_both_axes,halt,289.tiff,0,hem_mask_fill_1um,True,n_peak_values=1 n_det_values=1
one_search_per_arm_both_axes,halt,289.tiff,1,default_51,True,n_peak_values=1 n_det_values=1
one_search_per_arm_both_axes,halt,289.tiff,1,hem_rect_fill,True,n_peak_values=1 n_det_values=1
one_search_per_arm_both_axes,halt,289.tiff,1,hem_rect_fill_1um,True,n_peak_values=1 n_det_values=1
one_search_per_arm_both_axes,halt,289.tiff,1,hem_mask_fill_1um,True,n_peak_values=1 n_det_values=1
one_search_per_arm_both_axes,halt,289.tiff,2,default_51,True,n_peak_values=1 n_det_values=1
one_search_per_arm_both_axes,halt,289.tiff,2,hem_rect_fill,True,n_peak_values=1 n_det_values=1
one_search_per_arm_both_axes,halt,289.tiff,2,hem_rect_fill_1um,True,n_peak_values=1 n_det_values=1
one_search_per_arm_both_axes,halt,289.tiff,2,hem_mask_fill_1um,True,n_peak_values=1 n_det_values=1
one_search_per_arm_both_axes,halt,289.tiff,3,default_51,True,n_peak_values=1 n_det_values=1
one_search_per_arm_both_axes,halt,289.tiff,3,hem_rect_fill,True,n_peak_values=1 n_det_values=1
one_search_per_arm_both_axes,halt,289.tiff,3,hem_rect_fill_1um,True,n_peak_values=1 n_det_values=1
one_search_per_arm_both_axes,halt,289.tiff,3,hem_mask_fill_1um,True,n_peak_values=1 n_det_values=1
one_search_per_arm_both_axes,halt,289.tiff,4,default_51,True,n_peak_values=1 n_det_values=1
one_search_per_arm_both_axes,halt,289.tiff,4,hem_rect_fill,True,n_peak_values=1 n_det_values=1
one_search_per_arm_both_axes,halt,289.tiff,4,hem_rect_fill_1um,True,n_peak_values=1 n_det_values=1
one_search_per_arm_both_axes,halt,289.tiff,4,hem_mask_fill_1um,True,n_peak_values=1 n_det_values=1
one_search_per_arm_both_axes,halt,289.tiff,5,default_51,True,n_peak_values=1 n_det_values=1
one_search_per_arm_both_axes,halt,289.tiff,5,hem_rect_fill,True,n_peak_values=1 n_det_values=1
one_search_per_arm_both_axes,halt,289.tiff,5,hem_rect_fill_1um,True,n_peak_values=1 n_det_values=1
one_search_per_arm_both_axes,halt,289.tiff,5,hem_mask_fill_1um,True,n_peak_values=1 n_det_values=1
one_search_per_arm_both_axes,halt,291.tiff,0,default_51,True,n_peak_values=1 n_det_values=1
one_search_per_arm_both_axes,halt,291.tiff,0,hem_rect_fill,True,n_peak_values=1 n_det_values=1
one_search_per_arm_both_axes,halt,291.tiff,0,hem_rect_fill_1um,True,n_peak_values=1 n_det_values=1
one_search_per_arm_both_axes,halt,291.tiff,0,hem_mask_fill_1um,True,n_peak_values=1 n_det_values=1
one_search_per_arm_both_axes,halt,291.tiff,1,default_51,True,n_peak_values=1 n_det_values=1
one_search_per_arm_both_axes,halt,291.tiff,1,hem_rect_fill,True,n_peak_values=1 n_det_values=1
one_search_per_arm_both_axes,halt,291.tiff,1,hem_rect_fill_1um,True,n_peak_values=1 n_det_values=1
one_search_per_arm_both_axes,halt,291.tiff,1,hem_mask_fill_1um,True,n_peak_values=1 n_det_values=1
one_search_per_arm_both_axes,halt,291.tiff,2,default_51,True,n_peak_values=1 n_det_values=1
one_search_per_arm_both_axes,halt,291.tiff,2,hem_rect_fill,True,n_peak_values=1 n_det_values=1
one_search_per_arm_both_axes,halt,291.tiff,2,hem_rect_fill_1um,True,n_peak_values=1 n_det_values=1
one_search_per_arm_both_axes,halt,291.tiff,2,hem_mask_fill_1um,True,n_peak_values=1 n_det_values=1
one_search_per_arm_both_axes,halt,291.tiff,3,default_51,True,n_peak_values=1 n_det_values=1
one_search_per_arm_both_axes,halt,291.tiff,3,hem_rect_fill,True,n_peak_values=1 n_det_values=1
one_search_per_arm_both_axes,halt,291.tiff,3,hem_rect_fill_1um,True,n_peak_values=1 n_det_values=1
one_search_per_arm_both_axes,halt,291.tiff,3,hem_mask_fill_1um,True,n_peak_values=1 n_det_values=1
one_search_per_arm_both_axes,halt,291.tiff,4,default_51,True,n_peak_values=1 n_det_values=1
one_search_per_arm_both_axes,halt,291.tiff,4,hem_rect_fill,True,n_peak_values=1 n_det_values=1
one_search_per_arm_both_axes,halt,291.tiff,4,hem_rect_fill_1um,True,n_peak_values=1 n_det_values=1
one_search_per_arm_both_axes,halt,291.tiff,4,hem_mask_fill_1um,True,n_peak_values=1 n_det_values=1
one_search_per_arm_both_axes,halt,291.tiff,5,default_51,True,n_peak_values=1 n_det_values=1
one_search_per_arm_both_axes,halt,291.tiff,5,hem_rect_fill,True,n_peak_values=1 n_det_values=1
one_search_per_arm_both_axes,halt,291.tiff,5,hem_rect_fill_1um,True,n_peak_values=1 n_det_values=1
one_search_per_arm_both_axes,halt,291.tiff,5,hem_mask_fill_1um,True,n_peak_values=1 n_det_values=1
one_search_per_arm_both_axes,halt,293.tiff,0,default_51,True,n_peak_values=1 n_det_values=1
one_search_per_arm_both_axes,halt,293.tiff,0,hem_rect_fill,True,n_peak_values=1 n_det_values=1
one_search_per_arm_both_axes,halt,293.tiff,0,hem_rect_fill_1um,True,n_peak_values=1 n_det_values=1
one_search_per_arm_both_axes,halt,293.tiff,0,hem_mask_fill_1um,True,n_peak_values=1 n_det_values=1
one_search_per_arm_both_axes,halt,293.tiff,1,default_51,True,n_peak_values=1 n_det_values=1
one_search_per_arm_both_axes,halt,293.tiff,1,hem_rect_fill,True,n_peak_values=1 n_det_values=1
one_search_per_arm_both_axes,halt,293.tiff,1,hem_rect_fill_1um,True,n_peak_values=1 n_det_values=1
one_search_per_arm_both_axes,halt,293.tiff,1,hem_mask_fill_1um,True,n_peak_values=1 n_det_values=1
one_search_per_arm_both_axes,halt,293.tiff,2,default_51,True,n_peak_values=1 n_det_values=1
one_search_per_arm_both_axes,halt,293.tiff,2,hem_rect_fill,True,n_peak_values=1 n_det_values=1
one_search_per_arm_both_axes,halt,293.tiff,2,hem_rect_fill_1um,True,n_peak_values=1 n_det_values=1
one_search_per_arm_both_axes,halt,293.tiff,2,hem_mask_fill_1um,True,n_peak_values=1 n_det_values=1
one_search_per_arm_both_axes,halt,293.tiff,3,default_51,True,n_peak_values=1 n_det_values=1
one_search_per_arm_both_axes,halt,293.tiff,3,hem_rect_fill,True,n_peak_values=1 n_det_values=1
one_search_per_arm_both_axes,halt,293.tiff,3,hem_rect_fill_1um,True,n_peak_values=1 n_det_values=1
one_search_per_arm_both_axes,halt,293.tiff,3,hem_mask_fill_1um,True,n_peak_values=1 n_det_values=1
one_search_per_arm_both_axes,halt,293.tiff,4,default_51,True,n_peak_values=1 n_det_values=1
one_search_per_arm_both_axes,halt,293.tiff,4,hem_rect_fill,True,n_peak_values=1 n_det_values=1
one_search_per_arm_both_axes,halt,293.tiff,4,hem_rect_fill_1um,True,n_peak_values=1 n_det_values=1
one_search_per_arm_both_axes,halt,293.tiff,4,hem_mask_fill_1um,True,n_peak_values=1 n_det_values=1
one_search_per_arm_both_axes,halt,293.tiff,5,default_51,True,n_peak_values=1 n_det_values=1
one_search_per_arm_both_axes,halt,293.tiff,5,hem_rect_fill,True,n_peak_values=1 n_det_values=1
one_search_per_arm_both_axes,halt,293.tiff,5,hem_rect_fill_1um,True,n_peak_values=1 n_det_values=1
one_search_per_arm_both_axes,halt,293.tiff,5,hem_mask_fill_1um,True,n_peak_values=1 n_det_values=1
one_search_per_arm_both_axes,halt,459.tiff,0,default_51,True,n_peak_values=1 n_det_values=1
one_search_per_arm_both_axes,halt,459.tiff,0,hem_rect_fill,True,n_peak_values=1 n_det_values=1
one_search_per_arm_both_axes,halt,459.tiff,0,hem_rect_fill_1um,True,n_peak_values=1 n_det_values=1
one_search_per_arm_both_axes,halt,459.tiff,0,hem_mask_fill_1um,True,n_peak_values=1 n_det_values=1
one_search_per_arm_both_axes,halt,459.tiff,1,default_51,True,n_peak_values=1 n_det_values=1
one_search_per_arm_both_axes,halt,459.tiff,1,hem_rect_fill,True,n_peak_values=1 n_det_values=1
one_search_per_arm_both_axes,halt,459.tiff,1,hem_rect_fill_1um,True,n_peak_values=1 n_det_values=1
one_search_per_arm_both_axes,halt,459.tiff,1,hem_mask_fill_1um,True,n_peak_values=1 n_det_values=1
one_search_per_arm_both_axes,halt,459.tiff,2,default_51,True,n_peak_values=1 n_det_values=1
one_search_per_arm_both_axes,halt,459.tiff,2,hem_rect_fill,True,n_peak_values=1 n_det_values=1
one_search_per_arm_both_axes,halt,459.tiff,2,hem_rect_fill_1um,True,n_peak_values=1 n_det_values=1
one_search_per_arm_both_axes,halt,459.tiff,2,hem_mask_fill_1um,True,n_peak_values=1 n_det_values=1
one_search_per_arm_both_axes,halt,459.tiff,3,default_51,True,n_peak_values=1 n_det_values=1
one_search_per_arm_both_axes,halt,459.tiff,3,hem_rect_fill,True,n_peak_values=1 n_det_values=1
one_search_per_arm_both_axes,halt,459.tiff,3,hem_rect_fill_1um,True,n_peak_values=1 n_det_values=1
one_search_per_arm_both_axes,halt,459.tiff,3,hem_mask_fill_1um,True,n_peak_values=1 n_det_values=1
one_search_per_arm_both_axes,halt,459.tiff,4,default_51,True,n_peak_values=1 n_det_values=1
one_search_per_arm_both_axes,halt,459.tiff,4,hem_rect_fill,True,n_peak_values=1 n_det_values=1
one_search_per_arm_both_axes,halt,459.tiff,4,hem_rect_fill_1um,True,n_peak_values=1 n_det_values=1
one_search_per_arm_both_axes,halt,459.tiff,4,hem_mask_fill_1um,True,n_peak_values=1 n_det_values=1
one_search_per_arm_both_axes,halt,459.tiff,5,default_51,True,n_peak_values=1 n_det_values=1
one_search_per_arm_both_axes,halt,459.tiff,5,hem_rect_fill,True,n_peak_values=1 n_det_values=1
one_search_per_arm_both_axes,halt,459.tiff,5,hem_rect_fill_1um,True,n_peak_values=1 n_det_values=1
one_search_per_arm_both_axes,halt,459.tiff,5,hem_mask_fill_1um,True,n_peak_values=1 n_det_values=1
one_search_per_arm_both_axes,halt,460.tiff,0,default_51,True,n_peak_values=1 n_det_values=1
one_search_per_arm_both_axes,halt,460.tiff,0,hem_rect_fill,True,n_peak_values=1 n_det_values=1
one_search_per_arm_both_axes,halt,460.tiff,0,hem_rect_fill_1um,True,n_peak_values=1 n_det_values=1
one_search_per_arm_both_axes,halt,460.tiff,0,hem_mask_fill_1um,True,n_peak_values=1 n_det_values=1
one_search_per_arm_both_axes,halt,460.tiff,1,default_51,True,n_peak_values=1 n_det_values=1
one_search_per_arm_both_axes,halt,460.tiff,1,hem_rect_fill,True,n_peak_values=1 n_det_values=1
one_search_per_arm_both_axes,halt,460.tiff,1,hem_rect_fill_1um,True,n_peak_values=1 n_det_values=1
one_search_per_arm_both_axes,halt,460.tiff,1,hem_mask_fill_1um,True,n_peak_values=1 n_det_values=1
one_search_per_arm_both_axes,halt,460.tiff,2,default_51,True,n_peak_values=1 n_det_values=1
one_search_per_arm_both_axes,halt,460.tiff,2,hem_rect_fill,True,n_peak_values=1 n_det_values=1
one_search_per_arm_both_axes,halt,460.tiff,2,hem_rect_fill_1um,True,n_peak_values=1 n_det_values=1
one_search_per_arm_both_axes,halt,460.tiff,2,hem_mask_fill_1um,True,n_peak_values=1 n_det_values=1
one_search_per_arm_both_axes,halt,460.tiff,3,default_51,True,n_peak_values=1 n_det_values=1
one_search_per_arm_both_axes,halt,460.tiff,3,hem_rect_fill,True,n_peak_values=1 n_det_values=1
one_search_per_arm_both_axes,halt,460.tiff,3,hem_rect_fill_1um,True,n_peak_values=1 n_det_values=1
one_search_per_arm_both_axes,halt,460.tiff,3,hem_mask_fill_1um,True,n_peak_values=1 n_det_values=1
one_search_per_arm_both_axes,halt,460.tiff,4,default_51,True,n_peak_values=1 n_det_values=1
one_search_per_arm_both_axes,halt,460.tiff,4,hem_rect_fill,True,n_peak_values=1 n_det_values=1
one_search_per_arm_both_axes,halt,460.tiff,4,hem_rect_fill_1um,True,n_peak_values=1 n_det_values=1
one_search_per_arm_both_axes,halt,460.tiff,4,hem_mask_fill_1um,True,n_peak_values=1 n_det_values=1
one_search_per_arm_both_axes,halt,460.tiff,5,default_51,True,n_peak_values=1 n_det_values=1
one_search_per_arm_both_axes,halt,460.tiff,5,hem_rect_fill,True,n_peak_values=1 n_det_values=1
one_search_per_arm_both_axes,halt,460.tiff,5,hem_rect_fill_1um,True,n_peak_values=1 n_det_values=1
one_search_per_arm_both_axes,halt,460.tiff,5,hem_mask_fill_1um,True,n_peak_values=1 n_det_values=1
one_search_per_arm_both_axes,halt,410.tiff,0,default_51,True,n_peak_values=1 n_det_values=1
one_search_per_arm_both_axes,halt,410.tiff,0,hem_rect_fill,True,n_peak_values=1 n_det_values=1
one_search_per_arm_both_axes,halt,410.tiff,0,hem_rect_fill_1um,True,n_peak_values=1 n_det_values=1
one_search_per_arm_both_axes,halt,410.tiff,0,hem_mask_fill_1um,True,n_peak_values=1 n_det_values=1
one_search_per_arm_both_axes,halt,410.tiff,1,default_51,True,n_peak_values=1 n_det_values=1
one_search_per_arm_both_axes,halt,410.tiff,1,hem_rect_fill,True,n_peak_values=1 n_det_values=1
one_search_per_arm_both_axes,halt,410.tiff,1,hem_rect_fill_1um,True,n_peak_values=1 n_det_values=1
one_search_per_arm_both_axes,halt,410.tiff,1,hem_mask_fill_1um,True,n_peak_values=1 n_det_values=1
one_search_per_arm_both_axes,halt,410.tiff,2,default_51,True,n_peak_values=1 n_det_values=1
one_search_per_arm_both_axes,halt,410.tiff,2,hem_rect_fill,True,n_peak_values=1 n_det_values=1
one_search_per_arm_both_axes,halt,410.tiff,2,hem_rect_fill_1um,True,n_peak_values=1 n_det_values=1
one_search_per_arm_both_axes,halt,410.tiff,2,hem_mask_fill_1um,True,n_peak_values=1 n_det_values=1
one_search_per_arm_both_axes,halt,410.tiff,3,default_51,True,n_peak_values=1 n_det_values=1
one_search_per_arm_both_axes,halt,410.tiff,3,hem_rect_fill,True,n_peak_values=1 n_det_values=1
one_search_per_arm_both_axes,halt,410.tiff,3,hem_rect_fill_1um,True,n_peak_values=1 n_det_values=1
one_search_per_arm_both_axes,halt,410.tiff,3,hem_mask_fill_1um,True,n_peak_values=1 n_det_values=1
one_search_per_arm_both_axes,halt,410.tiff,4,default_51,True,n_peak_values=1 n_det_values=1
one_search_per_arm_both_axes,halt,410.tiff,4,hem_rect_fill,True,n_peak_values=1 n_det_values=1
one_search_per_arm_both_axes,halt,410.tiff,4,hem_rect_fill_1um,True,n_peak_values=1 n_det_values=1
one_search_per_arm_both_axes,halt,410.tiff,4,hem_mask_fill_1um,True,n_peak_values=1 n_det_values=1
one_search_per_arm_both_axes,halt,410.tiff,5,default_51,True,n_peak_values=1 n_det_values=1
one_search_per_arm_both_axes,halt,410.tiff,5,hem_rect_fill,True,n_peak_values=1 n_det_values=1
one_search_per_arm_both_axes,halt,410.tiff,5,hem_rect_fill_1um,True,n_peak_values=1 n_det_values=1
one_search_per_arm_both_axes,halt,410.tiff,5,hem_mask_fill_1um,True,n_peak_values=1 n_det_values=1
one_search_per_arm_both_axes,halt,425.tiff,0,default_51,True,n_peak_values=1 n_det_values=1
one_search_per_arm_both_axes,halt,425.tiff,0,hem_rect_fill,True,n_peak_values=1 n_det_values=1
one_search_per_arm_both_axes,halt,425.tiff,0,hem_rect_fill_1um,True,n_peak_values=1 n_det_values=1
one_search_per_arm_both_axes,halt,425.tiff,0,hem_mask_fill_1um,True,n_peak_values=1 n_det_values=1
one_search_per_arm_both_axes,halt,425.tiff,1,default_51,True,n_peak_values=1 n_det_values=1
one_search_per_arm_both_axes,halt,425.tiff,1,hem_rect_fill,True,n_peak_values=1 n_det_values=1
one_search_per_arm_both_axes,halt,425.tiff,1,hem_rect_fill_1um,True,n_peak_values=1 n_det_values=1
one_search_per_arm_both_axes,halt,425.tiff,1,hem_mask_fill_1um,True,n_peak_values=1 n_det_values=1
one_search_per_arm_both_axes,halt,425.tiff,2,default_51,True,n_peak_values=1 n_det_values=1
one_search_per_arm_both_axes,halt,425.tiff,2,hem_rect_fill,True,n_peak_values=1 n_det_values=1
one_search_per_arm_both_axes,halt,425.tiff,2,hem_rect_fill_1um,True,n_peak_values=1 n_det_values=1
one_search_per_arm_both_axes,halt,425.tiff,2,hem_mask_fill_1um,True,n_peak_values=1 n_det_values=1
one_search_per_arm_both_axes,halt,425.tiff,3,default_51,True,n_peak_values=1 n_det_values=1
one_search_per_arm_both_axes,halt,425.tiff,3,hem_rect_fill,True,n_peak_values=1 n_det_values=1
one_search_per_arm_both_axes,halt,425.tiff,3,hem_rect_fill_1um,True,n_peak_values=1 n_det_values=1
one_search_per_arm_both_axes,halt,425.tiff,3,hem_mask_fill_1um,True,n_peak_values=1 n_det_values=1
one_search_per_arm_both_axes,halt,425.tiff,4,default_51,True,n_peak_values=1 n_det_values=1
one_search_per_arm_both_axes,halt,425.tiff,4,hem_rect_fill,True,n_peak_values=1 n_det_values=1
one_search_per_arm_both_axes,halt,425.tiff,4,hem_rect_fill_1um,True,n_peak_values=1 n_det_values=1
one_search_per_arm_both_axes,halt,425.tiff,4,hem_mask_fill_1um,True,n_peak_values=1 n_det_values=1
one_search_per_arm_both_axes,halt,425.tiff,5,default_51,True,n_peak_values=1 n_det_values=1
one_search_per_arm_both_axes,halt,425.tiff,5,hem_rect_fill,True,n_peak_values=1 n_det_values=1
one_search_per_arm_both_axes,halt,425.tiff,5,hem_rect_fill_1um,True,n_peak_values=1 n_det_values=1
one_search_per_arm_both_axes,halt,425.tiff,5,hem_mask_fill_1um,True,n_peak_values=1 n_det_values=1
one_search_per_arm_both_axes,halt,435.tiff,0,default_51,True,n_peak_values=1 n_det_values=1
one_search_per_arm_both_axes,halt,435.tiff,0,hem_rect_fill,True,n_peak_values=1 n_det_values=1
one_search_per_arm_both_axes,halt,435.tiff,0,hem_rect_fill_1um,True,n_peak_values=1 n_det_values=1
one_search_per_arm_both_axes,halt,435.tiff,0,hem_mask_fill_1um,True,n_peak_values=1 n_det_values=1
one_search_per_arm_both_axes,halt,435.tiff,1,default_51,True,n_peak_values=1 n_det_values=1
one_search_per_arm_both_axes,halt,435.tiff,1,hem_rect_fill,True,n_peak_values=1 n_det_values=1
one_search_per_arm_both_axes,halt,435.tiff,1,hem_rect_fill_1um,True,n_peak_values=1 n_det_values=1
one_search_per_arm_both_axes,halt,435.tiff,1,hem_mask_fill_1um,True,n_peak_values=1 n_det_values=1
one_search_per_arm_both_axes,halt,435.tiff,2,default_51,True,n_peak_values=1 n_det_values=1
one_search_per_arm_both_axes,halt,435.tiff,2,hem_rect_fill,True,n_peak_values=1 n_det_values=1
one_search_per_arm_both_axes,halt,435.tiff,2,hem_rect_fill_1um,True,n_peak_values=1 n_det_values=1
one_search_per_arm_both_axes,halt,435.tiff,2,hem_mask_fill_1um,True,n_peak_values=1 n_det_values=1
one_search_per_arm_both_axes,halt,435.tiff,3,default_51,True,n_peak_values=1 n_det_values=1
one_search_per_arm_both_axes,halt,435.tiff,3,hem_rect_fill,True,n_peak_values=1 n_det_values=1
one_search_per_arm_both_axes,halt,435.tiff,3,hem_rect_fill_1um,True,n_peak_values=1 n_det_values=1
one_search_per_arm_both_axes,halt,435.tiff,3,hem_mask_fill_1um,True,n_peak_values=1 n_det_values=1
one_search_per_arm_both_axes,halt,435.tiff,4,default_51,True,n_peak_values=1 n_det_values=1
one_search_per_arm_both_axes,halt,435.tiff,4,hem_rect_fill,True,n_peak_values=1 n_det_values=1
one_search_per_arm_both_axes,halt,435.tiff,4,hem_rect_fill_1um,True,n_peak_values=1 n_det_values=1
one_search_per_arm_both_axes,halt,435.tiff,4,hem_mask_fill_1um,True,n_peak_values=1 n_det_values=1
one_search_per_arm_both_axes,halt,435.tiff,5,default_51,True,n_peak_values=1 n_det_values=1
one_search_per_arm_both_axes,halt,435.tiff,5,hem_rect_fill,True,n_peak_values=1 n_det_values=1
one_search_per_arm_both_axes,halt,435.tiff,5,hem_rect_fill_1um,True,n_peak_values=1 n_det_values=1
one_search_per_arm_both_axes,halt,435.tiff,5,hem_mask_fill_1um,True,n_peak_values=1 n_det_values=1
one_search_per_arm_both_axes,halt,462.tiff,0,default_51,True,n_peak_values=1 n_det_values=1
one_search_per_arm_both_axes,halt,462.tiff,0,hem_rect_fill,True,n_peak_values=1 n_det_values=1
one_search_per_arm_both_axes,halt,462.tiff,0,hem_rect_fill_1um,True,n_peak_values=1 n_det_values=1
one_search_per_arm_both_axes,halt,462.tiff,0,hem_mask_fill_1um,True,n_peak_values=1 n_det_values=1
one_search_per_arm_both_axes,halt,462.tiff,1,default_51,True,n_peak_values=1 n_det_values=1
one_search_per_arm_both_axes,halt,462.tiff,1,hem_rect_fill,True,n_peak_values=1 n_det_values=1
one_search_per_arm_both_axes,halt,462.tiff,1,hem_rect_fill_1um,True,n_peak_values=1 n_det_values=1
one_search_per_arm_both_axes,halt,462.tiff,1,hem_mask_fill_1um,True,n_peak_values=1 n_det_values=1
one_search_per_arm_both_axes,halt,462.tiff,2,default_51,True,n_peak_values=1 n_det_values=1
one_search_per_arm_both_axes,halt,462.tiff,2,hem_rect_fill,True,n_peak_values=1 n_det_values=1
one_search_per_arm_both_axes,halt,462.tiff,2,hem_rect_fill_1um,True,n_peak_values=1 n_det_values=1
one_search_per_arm_both_axes,halt,462.tiff,2,hem_mask_fill_1um,True,n_peak_values=1 n_det_values=1
one_search_per_arm_both_axes,halt,462.tiff,3,default_51,True,n_peak_values=1 n_det_values=1
one_search_per_arm_both_axes,halt,462.tiff,3,hem_rect_fill,True,n_peak_values=1 n_det_values=1
one_search_per_arm_both_axes,halt,462.tiff,3,hem_rect_fill_1um,True,n_peak_values=1 n_det_values=1
one_search_per_arm_both_axes,halt,462.tiff,3,hem_mask_fill_1um,True,n_peak_values=1 n_det_values=1
one_search_per_arm_both_axes,halt,462.tiff,4,default_51,True,n_peak_values=1 n_det_values=1
one_search_per_arm_both_axes,halt,462.tiff,4,hem_rect_fill,True,n_peak_values=1 n_det_values=1
one_search_per_arm_both_axes,halt,462.tiff,4,hem_rect_fill_1um,True,n_peak_values=1 n_det_values=1
one_search_per_arm_both_axes,halt,462.tiff,4,hem_mask_fill_1um,True,n_peak_values=1 n_det_values=1
one_search_per_arm_both_axes,halt,462.tiff,5,default_51,True,n_peak_values=1 n_det_values=1
one_search_per_arm_both_axes,halt,462.tiff,5,hem_rect_fill,True,n_peak_values=1 n_det_values=1
one_search_per_arm_both_axes,halt,462.tiff,5,hem_rect_fill_1um,True,n_peak_values=1 n_det_values=1
one_search_per_arm_both_axes,halt,462.tiff,5,hem_mask_fill_1um,True,n_peak_values=1 n_det_values=1
one_search_per_arm_both_axes,halt,499.tiff,0,default_51,True,n_peak_values=1 n_det_values=1
one_search_per_arm_both_axes,halt,499.tiff,0,hem_rect_fill,True,n_peak_values=1 n_det_values=1
one_search_per_arm_both_axes,halt,499.tiff,0,hem_rect_fill_1um,True,n_peak_values=1 n_det_values=1
one_search_per_arm_both_axes,halt,499.tiff,0,hem_mask_fill_1um,True,n_peak_values=1 n_det_values=1
one_search_per_arm_both_axes,halt,499.tiff,1,default_51,True,n_peak_values=1 n_det_values=1
one_search_per_arm_both_axes,halt,499.tiff,1,hem_rect_fill,True,n_peak_values=1 n_det_values=1
one_search_per_arm_both_axes,halt,499.tiff,1,hem_rect_fill_1um,True,n_peak_values=1 n_det_values=1
one_search_per_arm_both_axes,halt,499.tiff,1,hem_mask_fill_1um,True,n_peak_values=1 n_det_values=1
one_search_per_arm_both_axes,halt,499.tiff,2,default_51,True,n_peak_values=1 n_det_values=1
one_search_per_arm_both_axes,halt,499.tiff,2,hem_rect_fill,True,n_peak_values=1 n_det_values=1
one_search_per_arm_both_axes,halt,499.tiff,2,hem_rect_fill_1um,True,n_peak_values=1 n_det_values=1
one_search_per_arm_both_axes,halt,499.tiff,2,hem_mask_fill_1um,True,n_peak_values=1 n_det_values=1
one_search_per_arm_both_axes,halt,499.tiff,3,default_51,True,n_peak_values=1 n_det_values=1
one_search_per_arm_both_axes,halt,499.tiff,3,hem_rect_fill,True,n_peak_values=1 n_det_values=1
one_search_per_arm_both_axes,halt,499.tiff,3,hem_rect_fill_1um,True,n_peak_values=1 n_det_values=1
one_search_per_arm_both_axes,halt,499.tiff,3,hem_mask_fill_1um,True,n_peak_values=1 n_det_values=1
one_search_per_arm_both_axes,halt,499.tiff,4,default_51,True,n_peak_values=1 n_det_values=1
one_search_per_arm_both_axes,halt,499.tiff,4,hem_rect_fill,True,n_peak_values=1 n_det_values=1
one_search_per_arm_both_axes,halt,499.tiff,4,hem_rect_fill_1um,True,n_peak_values=1 n_det_values=1
one_search_per_arm_both_axes,halt,499.tiff,4,hem_mask_fill_1um,True,n_peak_values=1 n_det_values=1
one_search_per_arm_both_axes,halt,499.tiff,5,default_51,True,n_peak_values=1 n_det_values=1
one_search_per_arm_both_axes,halt,499.tiff,5,hem_rect_fill,True,n_peak_values=1 n_det_values=1
one_search_per_arm_both_axes,halt,499.tiff,5,hem_rect_fill_1um,True,n_peak_values=1 n_det_values=1
one_search_per_arm_both_axes,halt,499.tiff,5,hem_mask_fill_1um,True,n_peak_values=1 n_det_values=1
one_search_per_arm_both_axes,halt,013.tiff,0,default_51,True,n_peak_values=1 n_det_values=1
one_search_per_arm_both_axes,halt,013.tiff,0,hem_rect_fill,True,n_peak_values=1 n_det_values=1
one_search_per_arm_both_axes,halt,013.tiff,0,hem_rect_fill_1um,True,n_peak_values=1 n_det_values=1
one_search_per_arm_both_axes,halt,013.tiff,0,hem_mask_fill_1um,True,n_peak_values=1 n_det_values=1
one_search_per_arm_both_axes,halt,013.tiff,1,default_51,True,n_peak_values=1 n_det_values=1
one_search_per_arm_both_axes,halt,013.tiff,1,hem_rect_fill,True,n_peak_values=1 n_det_values=1
one_search_per_arm_both_axes,halt,013.tiff,1,hem_rect_fill_1um,True,n_peak_values=1 n_det_values=1
one_search_per_arm_both_axes,halt,013.tiff,1,hem_mask_fill_1um,True,n_peak_values=1 n_det_values=1
one_search_per_arm_both_axes,halt,013.tiff,2,default_51,True,n_peak_values=1 n_det_values=1
one_search_per_arm_both_axes,halt,013.tiff,2,hem_rect_fill,True,n_peak_values=1 n_det_values=1
one_search_per_arm_both_axes,halt,013.tiff,2,hem_rect_fill_1um,True,n_peak_values=1 n_det_values=1
one_search_per_arm_both_axes,halt,013.tiff,2,hem_mask_fill_1um,True,n_peak_values=1 n_det_values=1
one_search_per_arm_both_axes,halt,013.tiff,3,default_51,True,n_peak_values=1 n_det_values=1
one_search_per_arm_both_axes,halt,013.tiff,3,hem_rect_fill,True,n_peak_values=1 n_det_values=1
one_search_per_arm_both_axes,halt,013.tiff,3,hem_rect_fill_1um,True,n_peak_values=1 n_det_values=1
one_search_per_arm_both_axes,halt,013.tiff,3,hem_mask_fill_1um,True,n_peak_values=1 n_det_values=1
one_search_per_arm_both_axes,halt,013.tiff,4,default_51,True,n_peak_values=1 n_det_values=1
one_search_per_arm_both_axes,halt,013.tiff,4,hem_rect_fill,True,n_peak_values=1 n_det_values=1
one_search_per_arm_both_axes,halt,013.tiff,4,hem_rect_fill_1um,True,n_peak_values=1 n_det_values=1
one_search_per_arm_both_axes,halt,013.tiff,4,hem_mask_fill_1um,True,n_peak_values=1 n_det_values=1
one_search_per_arm_both_axes,halt,013.tiff,5,default_51,True,n_peak_values=1 n_det_values=1
one_search_per_arm_both_axes,halt,013.tiff,5,hem_rect_fill,True,n_peak_values=1 n_det_values=1
one_search_per_arm_both_axes,halt,013.tiff,5,hem_rect_fill_1um,True,n_peak_values=1 n_det_values=1
one_search_per_arm_both_axes,halt,013.tiff,5,hem_mask_fill_1um,True,n_peak_values=1 n_det_values=1
one_search_per_arm_both_axes,halt,094.tiff,0,default_51,True,n_peak_values=1 n_det_values=1
one_search_per_arm_both_axes,halt,094.tiff,0,hem_rect_fill,True,n_peak_values=1 n_det_values=1
one_search_per_arm_both_axes,halt,094.tiff,0,hem_rect_fill_1um,True,n_peak_values=1 n_det_values=1
one_search_per_arm_both_axes,halt,094.tiff,0,hem_mask_fill_1um,True,n_peak_values=1 n_det_values=1
one_search_per_arm_both_axes,halt,094.tiff,1,default_51,True,n_peak_values=1 n_det_values=1
one_search_per_arm_both_axes,halt,094.tiff,1,hem_rect_fill,True,n_peak_values=1 n_det_values=1
one_search_per_arm_both_axes,halt,094.tiff,1,hem_rect_fill_1um,True,n_peak_values=1 n_det_values=1
one_search_per_arm_both_axes,halt,094.tiff,1,hem_mask_fill_1um,True,n_peak_values=1 n_det_values=1
one_search_per_arm_both_axes,halt,094.tiff,2,default_51,True,n_peak_values=1 n_det_values=1
one_search_per_arm_both_axes,halt,094.tiff,2,hem_rect_fill,True,n_peak_values=1 n_det_values=1
one_search_per_arm_both_axes,halt,094.tiff,2,hem_rect_fill_1um,True,n_peak_values=1 n_det_values=1
one_search_per_arm_both_axes,halt,094.tiff,2,hem_mask_fill_1um,True,n_peak_values=1 n_det_values=1
one_search_per_arm_both_axes,halt,094.tiff,3,default_51,True,n_peak_values=1 n_det_values=1
one_search_per_arm_both_axes,halt,094.tiff,3,hem_rect_fill,True,n_peak_values=1 n_det_values=1
one_search_per_arm_both_axes,halt,094.tiff,3,hem_rect_fill_1um,True,n_peak_values=1 n_det_values=1
one_search_per_arm_both_axes,halt,094.tiff,3,hem_mask_fill_1um,True,n_peak_values=1 n_det_values=1
one_search_per_arm_both_axes,halt,094.tiff,4,default_51,True,n_peak_values=1 n_det_values=1
one_search_per_arm_both_axes,halt,094.tiff,4,hem_rect_fill,True,n_peak_values=1 n_det_values=1
one_search_per_arm_both_axes,halt,094.tiff,4,hem_rect_fill_1um,True,n_peak_values=1 n_det_values=1
one_search_per_arm_both_axes,halt,094.tiff,4,hem_mask_fill_1um,True,n_peak_values=1 n_det_values=1
one_search_per_arm_both_axes,halt,094.tiff,5,default_51,True,n_peak_values=1 n_det_values=1
one_search_per_arm_both_axes,halt,094.tiff,5,hem_rect_fill,True,n_peak_values=1 n_det_values=1
one_search_per_arm_both_axes,halt,094.tiff,5,hem_rect_fill_1um,True,n_peak_values=1 n_det_values=1
one_search_per_arm_both_axes,halt,094.tiff,5,hem_mask_fill_1um,True,n_peak_values=1 n_det_values=1
one_search_per_arm_both_axes,halt,007.tiff,0,default_51,True,n_peak_values=1 n_det_values=1
one_search_per_arm_both_axes,halt,007.tiff,0,hem_rect_fill,True,n_peak_values=1 n_det_values=1
one_search_per_arm_both_axes,halt,007.tiff,0,hem_rect_fill_1um,True,n_peak_values=1 n_det_values=1
one_search_per_arm_both_axes,halt,007.tiff,0,hem_mask_fill_1um,True,n_peak_values=1 n_det_values=1
one_search_per_arm_both_axes,halt,007.tiff,1,default_51,True,n_peak_values=1 n_det_values=1
one_search_per_arm_both_axes,halt,007.tiff,1,hem_rect_fill,True,n_peak_values=1 n_det_values=1
one_search_per_arm_both_axes,halt,007.tiff,1,hem_rect_fill_1um,True,n_peak_values=1 n_det_values=1
one_search_per_arm_both_axes,halt,007.tiff,1,hem_mask_fill_1um,True,n_peak_values=1 n_det_values=1
one_search_per_arm_both_axes,halt,007.tiff,2,default_51,True,n_peak_values=1 n_det_values=1
one_search_per_arm_both_axes,halt,007.tiff,2,hem_rect_fill,True,n_peak_values=1 n_det_values=1
one_search_per_arm_both_axes,halt,007.tiff,2,hem_rect_fill_1um,True,n_peak_values=1 n_det_values=1
one_search_per_arm_both_axes,halt,007.tiff,2,hem_mask_fill_1um,True,n_peak_values=1 n_det_values=1
one_search_per_arm_both_axes,halt,007.tiff,3,default_51,True,n_peak_values=1 n_det_values=1
one_search_per_arm_both_axes,halt,007.tiff,3,hem_rect_fill,True,n_peak_values=1 n_det_values=1
one_search_per_arm_both_axes,halt,007.tiff,3,hem_rect_fill_1um,True,n_peak_values=1 n_det_values=1
one_search_per_arm_both_axes,halt,007.tiff,3,hem_mask_fill_1um,True,n_peak_values=1 n_det_values=1
one_search_per_arm_both_axes,halt,007.tiff,4,default_51,True,n_peak_values=1 n_det_values=1
one_search_per_arm_both_axes,halt,007.tiff,4,hem_rect_fill,True,n_peak_values=1 n_det_values=1
one_search_per_arm_both_axes,halt,007.tiff,4,hem_rect_fill_1um,True,n_peak_values=1 n_det_values=1
one_search_per_arm_both_axes,halt,007.tiff,4,hem_mask_fill_1um,True,n_peak_values=1 n_det_values=1
one_search_per_arm_both_axes,halt,007.tiff,5,default_51,True,n_peak_values=1 n_det_values=1
one_search_per_arm_both_axes,halt,007.tiff,5,hem_rect_fill,True,n_peak_values=1 n_det_values=1
one_search_per_arm_both_axes,halt,007.tiff,5,hem_rect_fill_1um,True,n_peak_values=1 n_det_values=1
one_search_per_arm_both_axes,halt,007.tiff,5,hem_mask_fill_1um,True,n_peak_values=1 n_det_values=1
one_search_per_arm_both_axes,halt,072.tiff,0,default_51,True,n_peak_values=1 n_det_values=1
one_search_per_arm_both_axes,halt,072.tiff,0,hem_rect_fill,True,n_peak_values=1 n_det_values=1
one_search_per_arm_both_axes,halt,072.tiff,0,hem_rect_fill_1um,True,n_peak_values=1 n_det_values=1
one_search_per_arm_both_axes,halt,072.tiff,0,hem_mask_fill_1um,True,n_peak_values=1 n_det_values=1
one_search_per_arm_both_axes,halt,072.tiff,1,default_51,True,n_peak_values=1 n_det_values=1
one_search_per_arm_both_axes,halt,072.tiff,1,hem_rect_fill,True,n_peak_values=1 n_det_values=1
one_search_per_arm_both_axes,halt,072.tiff,1,hem_rect_fill_1um,True,n_peak_values=1 n_det_values=1
one_search_per_arm_both_axes,halt,072.tiff,1,hem_mask_fill_1um,True,n_peak_values=1 n_det_values=1
one_search_per_arm_both_axes,halt,072.tiff,2,default_51,True,n_peak_values=1 n_det_values=1
one_search_per_arm_both_axes,halt,072.tiff,2,hem_rect_fill,True,n_peak_values=1 n_det_values=1
one_search_per_arm_both_axes,halt,072.tiff,2,hem_rect_fill_1um,True,n_peak_values=1 n_det_values=1
one_search_per_arm_both_axes,halt,072.tiff,2,hem_mask_fill_1um,True,n_peak_values=1 n_det_values=1
one_search_per_arm_both_axes,halt,072.tiff,3,default_51,True,n_peak_values=1 n_det_values=1
one_search_per_arm_both_axes,halt,072.tiff,3,hem_rect_fill,True,n_peak_values=1 n_det_values=1
one_search_per_arm_both_axes,halt,072.tiff,3,hem_rect_fill_1um,True,n_peak_values=1 n_det_values=1
one_search_per_arm_both_axes,halt,072.tiff,3,hem_mask_fill_1um,True,n_peak_values=1 n_det_values=1
one_search_per_arm_both_axes,halt,072.tiff,4,default_51,True,n_peak_values=1 n_det_values=1
one_search_per_arm_both_axes,halt,072.tiff,4,hem_rect_fill,True,n_peak_values=1 n_det_values=1
one_search_per_arm_both_axes,halt,072.tiff,4,hem_rect_fill_1um,True,n_peak_values=1 n_det_values=1
one_search_per_arm_both_axes,halt,072.tiff,4,hem_mask_fill_1um,True,n_peak_values=1 n_det_values=1
one_search_per_arm_both_axes,halt,072.tiff,5,default_51,True,n_peak_values=1 n_det_values=1
one_search_per_arm_both_axes,halt,072.tiff,5,hem_rect_fill,True,n_peak_values=1 n_det_values=1
one_search_per_arm_both_axes,halt,072.tiff,5,hem_rect_fill_1um,True,n_peak_values=1 n_det_values=1
one_search_per_arm_both_axes,halt,072.tiff,5,hem_mask_fill_1um,True,n_peak_values=1 n_det_values=1
one_search_per_arm_both_axes,halt,100.tiff,0,default_51,True,n_peak_values=1 n_det_values=1
one_search_per_arm_both_axes,halt,100.tiff,0,hem_rect_fill,True,n_peak_values=1 n_det_values=1
one_search_per_arm_both_axes,halt,100.tiff,0,hem_rect_fill_1um,True,n_peak_values=1 n_det_values=1
one_search_per_arm_both_axes,halt,100.tiff,0,hem_mask_fill_1um,True,n_peak_values=1 n_det_values=1
one_search_per_arm_both_axes,halt,100.tiff,1,default_51,True,n_peak_values=1 n_det_values=1
one_search_per_arm_both_axes,halt,100.tiff,1,hem_rect_fill,True,n_peak_values=1 n_det_values=1
one_search_per_arm_both_axes,halt,100.tiff,1,hem_rect_fill_1um,True,n_peak_values=1 n_det_values=1
one_search_per_arm_both_axes,halt,100.tiff,1,hem_mask_fill_1um,True,n_peak_values=1 n_det_values=1
one_search_per_arm_both_axes,halt,100.tiff,2,default_51,True,n_peak_values=1 n_det_values=1
one_search_per_arm_both_axes,halt,100.tiff,2,hem_rect_fill,True,n_peak_values=1 n_det_values=1
one_search_per_arm_both_axes,halt,100.tiff,2,hem_rect_fill_1um,True,n_peak_values=1 n_det_values=1
one_search_per_arm_both_axes,halt,100.tiff,2,hem_mask_fill_1um,True,n_peak_values=1 n_det_values=1
one_search_per_arm_both_axes,halt,100.tiff,3,default_51,True,n_peak_values=1 n_det_values=1
one_search_per_arm_both_axes,halt,100.tiff,3,hem_rect_fill,True,n_peak_values=1 n_det_values=1
one_search_per_arm_both_axes,halt,100.tiff,3,hem_rect_fill_1um,True,n_peak_values=1 n_det_values=1
one_search_per_arm_both_axes,halt,100.tiff,3,hem_mask_fill_1um,True,n_peak_values=1 n_det_values=1
one_search_per_arm_both_axes,halt,100.tiff,4,default_51,True,n_peak_values=1 n_det_values=1
one_search_per_arm_both_axes,halt,100.tiff,4,hem_rect_fill,True,n_peak_values=1 n_det_values=1
one_search_per_arm_both_axes,halt,100.tiff,4,hem_rect_fill_1um,True,n_peak_values=1 n_det_values=1
one_search_per_arm_both_axes,halt,100.tiff,4,hem_mask_fill_1um,True,n_peak_values=1 n_det_values=1
one_search_per_arm_both_axes,halt,100.tiff,5,default_51,True,n_peak_values=1 n_det_values=1
one_search_per_arm_both_axes,halt,100.tiff,5,hem_rect_fill,True,n_peak_values=1 n_det_values=1
one_search_per_arm_both_axes,halt,100.tiff,5,hem_rect_fill_1um,True,n_peak_values=1 n_det_values=1
one_search_per_arm_both_axes,halt,100.tiff,5,hem_mask_fill_1um,True,n_peak_values=1 n_det_values=1
one_search_per_arm_both_axes,halt,123.tiff,0,default_51,True,n_peak_values=1 n_det_values=1
one_search_per_arm_both_axes,halt,123.tiff,0,hem_rect_fill,True,n_peak_values=1 n_det_values=1
one_search_per_arm_both_axes,halt,123.tiff,0,hem_rect_fill_1um,True,n_peak_values=1 n_det_values=1
one_search_per_arm_both_axes,halt,123.tiff,0,hem_mask_fill_1um,True,n_peak_values=1 n_det_values=1
one_search_per_arm_both_axes,halt,123.tiff,1,default_51,True,n_peak_values=1 n_det_values=1
one_search_per_arm_both_axes,halt,123.tiff,1,hem_rect_fill,True,n_peak_values=1 n_det_values=1
one_search_per_arm_both_axes,halt,123.tiff,1,hem_rect_fill_1um,True,n_peak_values=1 n_det_values=1
one_search_per_arm_both_axes,halt,123.tiff,1,hem_mask_fill_1um,True,n_peak_values=1 n_det_values=1
one_search_per_arm_both_axes,halt,123.tiff,2,default_51,True,n_peak_values=1 n_det_values=1
one_search_per_arm_both_axes,halt,123.tiff,2,hem_rect_fill,True,n_peak_values=1 n_det_values=1
one_search_per_arm_both_axes,halt,123.tiff,2,hem_rect_fill_1um,True,n_peak_values=1 n_det_values=1
one_search_per_arm_both_axes,halt,123.tiff,2,hem_mask_fill_1um,True,n_peak_values=1 n_det_values=1
one_search_per_arm_both_axes,halt,123.tiff,3,default_51,True,n_peak_values=1 n_det_values=1
one_search_per_arm_both_axes,halt,123.tiff,3,hem_rect_fill,True,n_peak_values=1 n_det_values=1
one_search_per_arm_both_axes,halt,123.tiff,3,hem_rect_fill_1um,True,n_peak_values=1 n_det_values=1
one_search_per_arm_both_axes,halt,123.tiff,3,hem_mask_fill_1um,True,n_peak_values=1 n_det_values=1
one_search_per_arm_both_axes,halt,123.tiff,4,default_51,True,n_peak_values=1 n_det_values=1
one_search_per_arm_both_axes,halt,123.tiff,4,hem_rect_fill,True,n_peak_values=1 n_det_values=1
one_search_per_arm_both_axes,halt,123.tiff,4,hem_rect_fill_1um,True,n_peak_values=1 n_det_values=1
one_search_per_arm_both_axes,halt,123.tiff,4,hem_mask_fill_1um,True,n_peak_values=1 n_det_values=1
one_search_per_arm_both_axes,halt,123.tiff,5,default_51,True,n_peak_values=1 n_det_values=1
one_search_per_arm_both_axes,halt,123.tiff,5,hem_rect_fill,True,n_peak_values=1 n_det_values=1
one_search_per_arm_both_axes,halt,123.tiff,5,hem_rect_fill_1um,True,n_peak_values=1 n_det_values=1
one_search_per_arm_both_axes,halt,123.tiff,5,hem_mask_fill_1um,True,n_peak_values=1 n_det_values=1
one_search_per_arm_both_axes,halt,128.tiff,0,default_51,True,n_peak_values=1 n_det_values=1
one_search_per_arm_both_axes,halt,128.tiff,0,hem_rect_fill,True,n_peak_values=1 n_det_values=1
one_search_per_arm_both_axes,halt,128.tiff,0,hem_rect_fill_1um,True,n_peak_values=1 n_det_values=1
one_search_per_arm_both_axes,halt,128.tiff,0,hem_mask_fill_1um,True,n_peak_values=1 n_det_values=1
one_search_per_arm_both_axes,halt,128.tiff,1,default_51,True,n_peak_values=1 n_det_values=1
one_search_per_arm_both_axes,halt,128.tiff,1,hem_rect_fill,True,n_peak_values=1 n_det_values=1
one_search_per_arm_both_axes,halt,128.tiff,1,hem_rect_fill_1um,True,n_peak_values=1 n_det_values=1
one_search_per_arm_both_axes,halt,128.tiff,1,hem_mask_fill_1um,True,n_peak_values=1 n_det_values=1
one_search_per_arm_both_axes,halt,128.tiff,2,default_51,True,n_peak_values=1 n_det_values=1
one_search_per_arm_both_axes,halt,128.tiff,2,hem_rect_fill,True,n_peak_values=1 n_det_values=1
one_search_per_arm_both_axes,halt,128.tiff,2,hem_rect_fill_1um,True,n_peak_values=1 n_det_values=1
one_search_per_arm_both_axes,halt,128.tiff,2,hem_mask_fill_1um,True,n_peak_values=1 n_det_values=1
one_search_per_arm_both_axes,halt,128.tiff,3,default_51,True,n_peak_values=1 n_det_values=1
one_search_per_arm_both_axes,halt,128.tiff,3,hem_rect_fill,True,n_peak_values=1 n_det_values=1
one_search_per_arm_both_axes,halt,128.tiff,3,hem_rect_fill_1um,True,n_peak_values=1 n_det_values=1
one_search_per_arm_both_axes,halt,128.tiff,3,hem_mask_fill_1um,True,n_peak_values=1 n_det_values=1
one_search_per_arm_both_axes,halt,128.tiff,4,default_51,True,n_peak_values=1 n_det_values=1
one_search_per_arm_both_axes,halt,128.tiff,4,hem_rect_fill,True,n_peak_values=1 n_det_values=1
one_search_per_arm_both_axes,halt,128.tiff,4,hem_rect_fill_1um,True,n_peak_values=1 n_det_values=1
one_search_per_arm_both_axes,halt,128.tiff,4,hem_mask_fill_1um,True,n_peak_values=1 n_det_values=1
one_search_per_arm_both_axes,halt,128.tiff,5,default_51,True,n_peak_values=1 n_det_values=1
one_search_per_arm_both_axes,halt,128.tiff,5,hem_rect_fill,True,n_peak_values=1 n_det_values=1
one_search_per_arm_both_axes,halt,128.tiff,5,hem_rect_fill_1um,True,n_peak_values=1 n_det_values=1
one_search_per_arm_both_axes,halt,128.tiff,5,hem_mask_fill_1um,True,n_peak_values=1 n_det_values=1
one_search_per_arm_both_axes,halt,529.tiff,0,default_51,True,n_peak_values=1 n_det_values=1
one_search_per_arm_both_axes,halt,529.tiff,0,hem_rect_fill,True,n_peak_values=1 n_det_values=1
one_search_per_arm_both_axes,halt,529.tiff,0,hem_rect_fill_1um,True,n_peak_values=1 n_det_values=1
one_search_per_arm_both_axes,halt,529.tiff,0,hem_mask_fill_1um,True,n_peak_values=1 n_det_values=1
one_search_per_arm_both_axes,halt,529.tiff,1,default_51,True,n_peak_values=1 n_det_values=1
one_search_per_arm_both_axes,halt,529.tiff,1,hem_rect_fill,True,n_peak_values=1 n_det_values=1
one_search_per_arm_both_axes,halt,529.tiff,1,hem_rect_fill_1um,True,n_peak_values=1 n_det_values=1
one_search_per_arm_both_axes,halt,529.tiff,1,hem_mask_fill_1um,True,n_peak_values=1 n_det_values=1
one_search_per_arm_both_axes,halt,529.tiff,2,default_51,True,n_peak_values=1 n_det_values=1
one_search_per_arm_both_axes,halt,529.tiff,2,hem_rect_fill,True,n_peak_values=1 n_det_values=1
one_search_per_arm_both_axes,halt,529.tiff,2,hem_rect_fill_1um,True,n_peak_values=1 n_det_values=1
one_search_per_arm_both_axes,halt,529.tiff,2,hem_mask_fill_1um,True,n_peak_values=1 n_det_values=1
one_search_per_arm_both_axes,halt,529.tiff,3,default_51,True,n_peak_values=1 n_det_values=1
one_search_per_arm_both_axes,halt,529.tiff,3,hem_rect_fill,True,n_peak_values=1 n_det_values=1
one_search_per_arm_both_axes,halt,529.tiff,3,hem_rect_fill_1um,True,n_peak_values=1 n_det_values=1
one_search_per_arm_both_axes,halt,529.tiff,3,hem_mask_fill_1um,True,n_peak_values=1 n_det_values=1
one_search_per_arm_both_axes,halt,529.tiff,4,default_51,True,n_peak_values=1 n_det_values=1
one_search_per_arm_both_axes,halt,529.tiff,4,hem_rect_fill,True,n_peak_values=1 n_det_values=1
one_search_per_arm_both_axes,halt,529.tiff,4,hem_rect_fill_1um,True,n_peak_values=1 n_det_values=1
one_search_per_arm_both_axes,halt,529.tiff,4,hem_mask_fill_1um,True,n_peak_values=1 n_det_values=1
one_search_per_arm_both_axes,halt,529.tiff,5,default_51,True,n_peak_values=1 n_det_values=1
one_search_per_arm_both_axes,halt,529.tiff,5,hem_rect_fill,True,n_peak_values=1 n_det_values=1
one_search_per_arm_both_axes,halt,529.tiff,5,hem_rect_fill_1um,True,n_peak_values=1 n_det_values=1
one_search_per_arm_both_axes,halt,529.tiff,5,hem_mask_fill_1um,True,n_peak_values=1 n_det_values=1
one_search_per_arm_both_axes,halt,548.tiff,0,default_51,True,n_peak_values=1 n_det_values=1
one_search_per_arm_both_axes,halt,548.tiff,0,hem_rect_fill,True,n_peak_values=1 n_det_values=1
one_search_per_arm_both_axes,halt,548.tiff,0,hem_rect_fill_1um,True,n_peak_values=1 n_det_values=1
one_search_per_arm_both_axes,halt,548.tiff,0,hem_mask_fill_1um,True,n_peak_values=1 n_det_values=1
one_search_per_arm_both_axes,halt,548.tiff,1,default_51,True,n_peak_values=1 n_det_values=1
one_search_per_arm_both_axes,halt,548.tiff,1,hem_rect_fill,True,n_peak_values=1 n_det_values=1
one_search_per_arm_both_axes,halt,548.tiff,1,hem_rect_fill_1um,True,n_peak_values=1 n_det_values=1
one_search_per_arm_both_axes,halt,548.tiff,1,hem_mask_fill_1um,True,n_peak_values=1 n_det_values=1
one_search_per_arm_both_axes,halt,548.tiff,2,default_51,True,n_peak_values=1 n_det_values=1
one_search_per_arm_both_axes,halt,548.tiff,2,hem_rect_fill,True,n_peak_values=1 n_det_values=1
one_search_per_arm_both_axes,halt,548.tiff,2,hem_rect_fill_1um,True,n_peak_values=1 n_det_values=1
one_search_per_arm_both_axes,halt,548.tiff,2,hem_mask_fill_1um,True,n_peak_values=1 n_det_values=1
one_search_per_arm_both_axes,halt,548.tiff,3,default_51,True,n_peak_values=1 n_det_values=1
one_search_per_arm_both_axes,halt,548.tiff,3,hem_rect_fill,True,n_peak_values=1 n_det_values=1
one_search_per_arm_both_axes,halt,548.tiff,3,hem_rect_fill_1um,True,n_peak_values=1 n_det_values=1
one_search_per_arm_both_axes,halt,548.tiff,3,hem_mask_fill_1um,True,n_peak_values=1 n_det_values=1
one_search_per_arm_both_axes,halt,548.tiff,4,default_51,True,n_peak_values=1 n_det_values=1
one_search_per_arm_both_axes,halt,548.tiff,4,hem_rect_fill,True,n_peak_values=1 n_det_values=1
one_search_per_arm_both_axes,halt,548.tiff,4,hem_rect_fill_1um,True,n_peak_values=1 n_det_values=1
one_search_per_arm_both_axes,halt,548.tiff,4,hem_mask_fill_1um,True,n_peak_values=1 n_det_values=1
one_search_per_arm_both_axes,halt,548.tiff,5,default_51,True,n_peak_values=1 n_det_values=1
one_search_per_arm_both_axes,halt,548.tiff,5,hem_rect_fill,True,n_peak_values=1 n_det_values=1
one_search_per_arm_both_axes,halt,548.tiff,5,hem_rect_fill_1um,True,n_peak_values=1 n_det_values=1
one_search_per_arm_both_axes,halt,548.tiff,5,hem_mask_fill_1um,True,n_peak_values=1 n_det_values=1
one_search_per_arm_both_axes,halt,509.tiff,0,default_51,True,n_peak_values=1 n_det_values=1
one_search_per_arm_both_axes,halt,509.tiff,0,hem_rect_fill,True,n_peak_values=1 n_det_values=1
one_search_per_arm_both_axes,halt,509.tiff,0,hem_rect_fill_1um,True,n_peak_values=1 n_det_values=1
one_search_per_arm_both_axes,halt,509.tiff,0,hem_mask_fill_1um,True,n_peak_values=1 n_det_values=1
one_search_per_arm_both_axes,halt,509.tiff,1,default_51,True,n_peak_values=1 n_det_values=1
one_search_per_arm_both_axes,halt,509.tiff,1,hem_rect_fill,True,n_peak_values=1 n_det_values=1
one_search_per_arm_both_axes,halt,509.tiff,1,hem_rect_fill_1um,True,n_peak_values=1 n_det_values=1
one_search_per_arm_both_axes,halt,509.tiff,1,hem_mask_fill_1um,True,n_peak_values=1 n_det_values=1
one_search_per_arm_both_axes,halt,509.tiff,2,default_51,True,n_peak_values=1 n_det_values=1
one_search_per_arm_both_axes,halt,509.tiff,2,hem_rect_fill,True,n_peak_values=1 n_det_values=1
one_search_per_arm_both_axes,halt,509.tiff,2,hem_rect_fill_1um,True,n_peak_values=1 n_det_values=1
one_search_per_arm_both_axes,halt,509.tiff,2,hem_mask_fill_1um,True,n_peak_values=1 n_det_values=1
one_search_per_arm_both_axes,halt,509.tiff,3,default_51,True,n_peak_values=1 n_det_values=1
one_search_per_arm_both_axes,halt,509.tiff,3,hem_rect_fill,True,n_peak_values=1 n_det_values=1
one_search_per_arm_both_axes,halt,509.tiff,3,hem_rect_fill_1um,True,n_peak_values=1 n_det_values=1
one_search_per_arm_both_axes,halt,509.tiff,3,hem_mask_fill_1um,True,n_peak_values=1 n_det_values=1
one_search_per_arm_both_axes,halt,509.tiff,4,default_51,True,n_peak_values=1 n_det_values=1
one_search_per_arm_both_axes,halt,509.tiff,4,hem_rect_fill,True,n_peak_values=1 n_det_values=1
one_search_per_arm_both_axes,halt,509.tiff,4,hem_rect_fill_1um,True,n_peak_values=1 n_det_values=1
one_search_per_arm_both_axes,halt,509.tiff,4,hem_mask_fill_1um,True,n_peak_values=1 n_det_values=1
one_search_per_arm_both_axes,halt,509.tiff,5,default_51,True,n_peak_values=1 n_det_values=1
one_search_per_arm_both_axes,halt,509.tiff,5,hem_rect_fill,True,n_peak_values=1 n_det_values=1
one_search_per_arm_both_axes,halt,509.tiff,5,hem_rect_fill_1um,True,n_peak_values=1 n_det_values=1
one_search_per_arm_both_axes,halt,509.tiff,5,hem_mask_fill_1um,True,n_peak_values=1 n_det_values=1
one_search_per_arm_both_axes,halt,524.tiff,0,default_51,True,n_peak_values=1 n_det_values=1
one_search_per_arm_both_axes,halt,524.tiff,0,hem_rect_fill,True,n_peak_values=1 n_det_values=1
one_search_per_arm_both_axes,halt,524.tiff,0,hem_rect_fill_1um,True,n_peak_values=1 n_det_values=1
one_search_per_arm_both_axes,halt,524.tiff,0,hem_mask_fill_1um,True,n_peak_values=1 n_det_values=1
one_search_per_arm_both_axes,halt,524.tiff,1,default_51,True,n_peak_values=1 n_det_values=1
one_search_per_arm_both_axes,halt,524.tiff,1,hem_rect_fill,True,n_peak_values=1 n_det_values=1
one_search_per_arm_both_axes,halt,524.tiff,1,hem_rect_fill_1um,True,n_peak_values=1 n_det_values=1
one_search_per_arm_both_axes,halt,524.tiff,1,hem_mask_fill_1um,True,n_peak_values=1 n_det_values=1
one_search_per_arm_both_axes,halt,524.tiff,2,default_51,True,n_peak_values=1 n_det_values=1
one_search_per_arm_both_axes,halt,524.tiff,2,hem_rect_fill,True,n_peak_values=1 n_det_values=1
one_search_per_arm_both_axes,halt,524.tiff,2,hem_rect_fill_1um,True,n_peak_values=1 n_det_values=1
one_search_per_arm_both_axes,halt,524.tiff,2,hem_mask_fill_1um,True,n_peak_values=1 n_det_values=1
one_search_per_arm_both_axes,halt,524.tiff,3,default_51,True,n_peak_values=1 n_det_values=1
one_search_per_arm_both_axes,halt,524.tiff,3,hem_rect_fill,True,n_peak_values=1 n_det_values=1
one_search_per_arm_both_axes,halt,524.tiff,3,hem_rect_fill_1um,True,n_peak_values=1 n_det_values=1
one_search_per_arm_both_axes,halt,524.tiff,3,hem_mask_fill_1um,True,n_peak_values=1 n_det_values=1
one_search_per_arm_both_axes,halt,524.tiff,4,default_51,True,n_peak_values=1 n_det_values=1
one_search_per_arm_both_axes,halt,524.tiff,4,hem_rect_fill,True,n_peak_values=1 n_det_values=1
one_search_per_arm_both_axes,halt,524.tiff,4,hem_rect_fill_1um,True,n_peak_values=1 n_det_values=1
one_search_per_arm_both_axes,halt,524.tiff,4,hem_mask_fill_1um,True,n_peak_values=1 n_det_values=1
one_search_per_arm_both_axes,halt,524.tiff,5,default_51,True,n_peak_values=1 n_det_values=1
one_search_per_arm_both_axes,halt,524.tiff,5,hem_rect_fill,True,n_peak_values=1 n_det_values=1
one_search_per_arm_both_axes,halt,524.tiff,5,hem_rect_fill_1um,True,n_peak_values=1 n_det_values=1
one_search_per_arm_both_axes,halt,524.tiff,5,hem_mask_fill_1um,True,n_peak_values=1 n_det_values=1
one_search_per_arm_both_axes,halt,527.tiff,0,default_51,True,n_peak_values=1 n_det_values=1
one_search_per_arm_both_axes,halt,527.tiff,0,hem_rect_fill,True,n_peak_values=1 n_det_values=1
one_search_per_arm_both_axes,halt,527.tiff,0,hem_rect_fill_1um,True,n_peak_values=1 n_det_values=1
one_search_per_arm_both_axes,halt,527.tiff,0,hem_mask_fill_1um,True,n_peak_values=1 n_det_values=1
one_search_per_arm_both_axes,halt,527.tiff,1,default_51,True,n_peak_values=1 n_det_values=1
one_search_per_arm_both_axes,halt,527.tiff,1,hem_rect_fill,True,n_peak_values=1 n_det_values=1
one_search_per_arm_both_axes,halt,527.tiff,1,hem_rect_fill_1um,True,n_peak_values=1 n_det_values=1
one_search_per_arm_both_axes,halt,527.tiff,1,hem_mask_fill_1um,True,n_peak_values=1 n_det_values=1
one_search_per_arm_both_axes,halt,527.tiff,2,default_51,True,n_peak_values=1 n_det_values=1
one_search_per_arm_both_axes,halt,527.tiff,2,hem_rect_fill,True,n_peak_values=1 n_det_values=1
one_search_per_arm_both_axes,halt,527.tiff,2,hem_rect_fill_1um,True,n_peak_values=1 n_det_values=1
one_search_per_arm_both_axes,halt,527.tiff,2,hem_mask_fill_1um,True,n_peak_values=1 n_det_values=1
one_search_per_arm_both_axes,halt,527.tiff,3,default_51,True,n_peak_values=1 n_det_values=1
one_search_per_arm_both_axes,halt,527.tiff,3,hem_rect_fill,True,n_peak_values=1 n_det_values=1
one_search_per_arm_both_axes,halt,527.tiff,3,hem_rect_fill_1um,True,n_peak_values=1 n_det_values=1
one_search_per_arm_both_axes,halt,527.tiff,3,hem_mask_fill_1um,True,n_peak_values=1 n_det_values=1
one_search_per_arm_both_axes,halt,527.tiff,4,default_51,True,n_peak_values=1 n_det_values=1
one_search_per_arm_both_axes,halt,527.tiff,4,hem_rect_fill,True,n_peak_values=1 n_det_values=1
one_search_per_arm_both_axes,halt,527.tiff,4,hem_rect_fill_1um,True,n_peak_values=1 n_det_values=1
one_search_per_arm_both_axes,halt,527.tiff,4,hem_mask_fill_1um,True,n_peak_values=1 n_det_values=1
one_search_per_arm_both_axes,halt,527.tiff,5,default_51,True,n_peak_values=1 n_det_values=1
one_search_per_arm_both_axes,halt,527.tiff,5,hem_rect_fill,True,n_peak_values=1 n_det_values=1
one_search_per_arm_both_axes,halt,527.tiff,5,hem_rect_fill_1um,True,n_peak_values=1 n_det_values=1
one_search_per_arm_both_axes,halt,527.tiff,5,hem_mask_fill_1um,True,n_peak_values=1 n_det_values=1
one_search_per_arm_both_axes,halt,546.tiff,0,default_51,True,n_peak_values=1 n_det_values=1
one_search_per_arm_both_axes,halt,546.tiff,0,hem_rect_fill,True,n_peak_values=1 n_det_values=1
one_search_per_arm_both_axes,halt,546.tiff,0,hem_rect_fill_1um,True,n_peak_values=1 n_det_values=1
one_search_per_arm_both_axes,halt,546.tiff,0,hem_mask_fill_1um,True,n_peak_values=1 n_det_values=1
one_search_per_arm_both_axes,halt,546.tiff,1,default_51,True,n_peak_values=1 n_det_values=1
one_search_per_arm_both_axes,halt,546.tiff,1,hem_rect_fill,True,n_peak_values=1 n_det_values=1
one_search_per_arm_both_axes,halt,546.tiff,1,hem_rect_fill_1um,True,n_peak_values=1 n_det_values=1
one_search_per_arm_both_axes,halt,546.tiff,1,hem_mask_fill_1um,True,n_peak_values=1 n_det_values=1
one_search_per_arm_both_axes,halt,546.tiff,2,default_51,True,n_peak_values=1 n_det_values=1
one_search_per_arm_both_axes,halt,546.tiff,2,hem_rect_fill,True,n_peak_values=1 n_det_values=1
one_search_per_arm_both_axes,halt,546.tiff,2,hem_rect_fill_1um,True,n_peak_values=1 n_det_values=1
one_search_per_arm_both_axes,halt,546.tiff,2,hem_mask_fill_1um,True,n_peak_values=1 n_det_values=1
one_search_per_arm_both_axes,halt,546.tiff,3,default_51,True,n_peak_values=1 n_det_values=1
one_search_per_arm_both_axes,halt,546.tiff,3,hem_rect_fill,True,n_peak_values=1 n_det_values=1
one_search_per_arm_both_axes,halt,546.tiff,3,hem_rect_fill_1um,True,n_peak_values=1 n_det_values=1
one_search_per_arm_both_axes,halt,546.tiff,3,hem_mask_fill_1um,True,n_peak_values=1 n_det_values=1
one_search_per_arm_both_axes,halt,546.tiff,4,default_51,True,n_peak_values=1 n_det_values=1
one_search_per_arm_both_axes,halt,546.tiff,4,hem_rect_fill,True,n_peak_values=1 n_det_values=1
one_search_per_arm_both_axes,halt,546.tiff,4,hem_rect_fill_1um,True,n_peak_values=1 n_det_values=1
one_search_per_arm_both_axes,halt,546.tiff,4,hem_mask_fill_1um,True,n_peak_values=1 n_det_values=1
one_search_per_arm_both_axes,halt,546.tiff,5,default_51,True,n_peak_values=1 n_det_values=1
one_search_per_arm_both_axes,halt,546.tiff,5,hem_rect_fill,True,n_peak_values=1 n_det_values=1
one_search_per_arm_both_axes,halt,546.tiff,5,hem_rect_fill_1um,True,n_peak_values=1 n_det_values=1
one_search_per_arm_both_axes,halt,546.tiff,5,hem_mask_fill_1um,True,n_peak_values=1 n_det_values=1
one_search_per_arm_both_axes,halt,549.tiff,0,default_51,True,n_peak_values=1 n_det_values=1
one_search_per_arm_both_axes,halt,549.tiff,0,hem_rect_fill,True,n_peak_values=1 n_det_values=1
one_search_per_arm_both_axes,halt,549.tiff,0,hem_rect_fill_1um,True,n_peak_values=1 n_det_values=1
one_search_per_arm_both_axes,halt,549.tiff,0,hem_mask_fill_1um,True,n_peak_values=1 n_det_values=1
one_search_per_arm_both_axes,halt,549.tiff,1,default_51,True,n_peak_values=1 n_det_values=1
one_search_per_arm_both_axes,halt,549.tiff,1,hem_rect_fill,True,n_peak_values=1 n_det_values=1
one_search_per_arm_both_axes,halt,549.tiff,1,hem_rect_fill_1um,True,n_peak_values=1 n_det_values=1
one_search_per_arm_both_axes,halt,549.tiff,1,hem_mask_fill_1um,True,n_peak_values=1 n_det_values=1
one_search_per_arm_both_axes,halt,549.tiff,2,default_51,True,n_peak_values=1 n_det_values=1
one_search_per_arm_both_axes,halt,549.tiff,2,hem_rect_fill,True,n_peak_values=1 n_det_values=1
one_search_per_arm_both_axes,halt,549.tiff,2,hem_rect_fill_1um,True,n_peak_values=1 n_det_values=1
one_search_per_arm_both_axes,halt,549.tiff,2,hem_mask_fill_1um,True,n_peak_values=1 n_det_values=1
one_search_per_arm_both_axes,halt,549.tiff,3,default_51,True,n_peak_values=1 n_det_values=1
one_search_per_arm_both_axes,halt,549.tiff,3,hem_rect_fill,True,n_peak_values=1 n_det_values=1
one_search_per_arm_both_axes,halt,549.tiff,3,hem_rect_fill_1um,True,n_peak_values=1 n_det_values=1
one_search_per_arm_both_axes,halt,549.tiff,3,hem_mask_fill_1um,True,n_peak_values=1 n_det_values=1
one_search_per_arm_both_axes,halt,549.tiff,4,default_51,True,n_peak_values=1 n_det_values=1
one_search_per_arm_both_axes,halt,549.tiff,4,hem_rect_fill,True,n_peak_values=1 n_det_values=1
one_search_per_arm_both_axes,halt,549.tiff,4,hem_rect_fill_1um,True,n_peak_values=1 n_det_values=1
one_search_per_arm_both_axes,halt,549.tiff,4,hem_mask_fill_1um,True,n_peak_values=1 n_det_values=1
one_search_per_arm_both_axes,halt,549.tiff,5,default_51,True,n_peak_values=1 n_det_values=1
one_search_per_arm_both_axes,halt,549.tiff,5,hem_rect_fill,True,n_peak_values=1 n_det_values=1
one_search_per_arm_both_axes,halt,549.tiff,5,hem_rect_fill_1um,True,n_peak_values=1 n_det_values=1
one_search_per_arm_both_axes,halt,549.tiff,5,hem_mask_fill_1um,True,n_peak_values=1 n_det_values=1
one_search_per_arm_both_axes,halt,402.tiff,0,default_51,True,n_peak_values=1 n_det_values=1
one_search_per_arm_both_axes,halt,402.tiff,0,hem_rect_fill,True,n_peak_values=1 n_det_values=1
one_search_per_arm_both_axes,halt,402.tiff,0,hem_rect_fill_1um,True,n_peak_values=1 n_det_values=1
one_search_per_arm_both_axes,halt,402.tiff,0,hem_mask_fill_1um,True,n_peak_values=1 n_det_values=1
one_search_per_arm_both_axes,halt,402.tiff,1,default_51,True,n_peak_values=1 n_det_values=1
one_search_per_arm_both_axes,halt,402.tiff,1,hem_rect_fill,True,n_peak_values=1 n_det_values=1
one_search_per_arm_both_axes,halt,402.tiff,1,hem_rect_fill_1um,True,n_peak_values=1 n_det_values=1
one_search_per_arm_both_axes,halt,402.tiff,1,hem_mask_fill_1um,True,n_peak_values=1 n_det_values=1
one_search_per_arm_both_axes,halt,402.tiff,2,default_51,True,n_peak_values=1 n_det_values=1
one_search_per_arm_both_axes,halt,402.tiff,2,hem_rect_fill,True,n_peak_values=1 n_det_values=1
one_search_per_arm_both_axes,halt,402.tiff,2,hem_rect_fill_1um,True,n_peak_values=1 n_det_values=1
one_search_per_arm_both_axes,halt,402.tiff,2,hem_mask_fill_1um,True,n_peak_values=1 n_det_values=1
one_search_per_arm_both_axes,halt,402.tiff,3,default_51,True,n_peak_values=1 n_det_values=1
one_search_per_arm_both_axes,halt,402.tiff,3,hem_rect_fill,True,n_peak_values=1 n_det_values=1
one_search_per_arm_both_axes,halt,402.tiff,3,hem_rect_fill_1um,True,n_peak_values=1 n_det_values=1
one_search_per_arm_both_axes,halt,402.tiff,3,hem_mask_fill_1um,True,n_peak_values=1 n_det_values=1
one_search_per_arm_both_axes,halt,402.tiff,4,default_51,True,n_peak_values=1 n_det_values=1
one_search_per_arm_both_axes,halt,402.tiff,4,hem_rect_fill,True,n_peak_values=1 n_det_values=1
one_search_per_arm_both_axes,halt,402.tiff,4,hem_rect_fill_1um,True,n_peak_values=1 n_det_values=1
one_search_per_arm_both_axes,halt,402.tiff,4,hem_mask_fill_1um,True,n_peak_values=1 n_det_values=1
one_search_per_arm_both_axes,halt,402.tiff,5,default_51,True,n_peak_values=1 n_det_values=1
one_search_per_arm_both_axes,halt,402.tiff,5,hem_rect_fill,True,n_peak_values=1 n_det_values=1
one_search_per_arm_both_axes,halt,402.tiff,5,hem_rect_fill_1um,True,n_peak_values=1 n_det_values=1
one_search_per_arm_both_axes,halt,402.tiff,5,hem_mask_fill_1um,True,n_peak_values=1 n_det_values=1
one_search_per_arm_both_axes,halt,403.tiff,0,default_51,True,n_peak_values=1 n_det_values=1
one_search_per_arm_both_axes,halt,403.tiff,0,hem_rect_fill,True,n_peak_values=1 n_det_values=1
one_search_per_arm_both_axes,halt,403.tiff,0,hem_rect_fill_1um,True,n_peak_values=1 n_det_values=1
one_search_per_arm_both_axes,halt,403.tiff,0,hem_mask_fill_1um,True,n_peak_values=1 n_det_values=1
one_search_per_arm_both_axes,halt,403.tiff,1,default_51,True,n_peak_values=1 n_det_values=1
one_search_per_arm_both_axes,halt,403.tiff,1,hem_rect_fill,True,n_peak_values=1 n_det_values=1
one_search_per_arm_both_axes,halt,403.tiff,1,hem_rect_fill_1um,True,n_peak_values=1 n_det_values=1
one_search_per_arm_both_axes,halt,403.tiff,1,hem_mask_fill_1um,True,n_peak_values=1 n_det_values=1
one_search_per_arm_both_axes,halt,403.tiff,2,default_51,True,n_peak_values=1 n_det_values=1
one_search_per_arm_both_axes,halt,403.tiff,2,hem_rect_fill,True,n_peak_values=1 n_det_values=1
one_search_per_arm_both_axes,halt,403.tiff,2,hem_rect_fill_1um,True,n_peak_values=1 n_det_values=1
one_search_per_arm_both_axes,halt,403.tiff,2,hem_mask_fill_1um,True,n_peak_values=1 n_det_values=1
one_search_per_arm_both_axes,halt,403.tiff,3,default_51,True,n_peak_values=1 n_det_values=1
one_search_per_arm_both_axes,halt,403.tiff,3,hem_rect_fill,True,n_peak_values=1 n_det_values=1
one_search_per_arm_both_axes,halt,403.tiff,3,hem_rect_fill_1um,True,n_peak_values=1 n_det_values=1
one_search_per_arm_both_axes,halt,403.tiff,3,hem_mask_fill_1um,True,n_peak_values=1 n_det_values=1
one_search_per_arm_both_axes,halt,403.tiff,4,default_51,True,n_peak_values=1 n_det_values=1
one_search_per_arm_both_axes,halt,403.tiff,4,hem_rect_fill,True,n_peak_values=1 n_det_values=1
one_search_per_arm_both_axes,halt,403.tiff,4,hem_rect_fill_1um,True,n_peak_values=1 n_det_values=1
one_search_per_arm_both_axes,halt,403.tiff,4,hem_mask_fill_1um,True,n_peak_values=1 n_det_values=1
one_search_per_arm_both_axes,halt,403.tiff,5,default_51,True,n_peak_values=1 n_det_values=1
one_search_per_arm_both_axes,halt,403.tiff,5,hem_rect_fill,True,n_peak_values=1 n_det_values=1
one_search_per_arm_both_axes,halt,403.tiff,5,hem_rect_fill_1um,True,n_peak_values=1 n_det_values=1
one_search_per_arm_both_axes,halt,403.tiff,5,hem_mask_fill_1um,True,n_peak_values=1 n_det_values=1
one_search_per_arm_both_axes,halt,353.tiff,0,default_51,True,n_peak_values=1 n_det_values=1
one_search_per_arm_both_axes,halt,353.tiff,0,hem_rect_fill,True,n_peak_values=1 n_det_values=1
one_search_per_arm_both_axes,halt,353.tiff,0,hem_rect_fill_1um,True,n_peak_values=1 n_det_values=1
one_search_per_arm_both_axes,halt,353.tiff,0,hem_mask_fill_1um,True,n_peak_values=1 n_det_values=1
one_search_per_arm_both_axes,halt,353.tiff,1,default_51,True,n_peak_values=1 n_det_values=1
one_search_per_arm_both_axes,halt,353.tiff,1,hem_rect_fill,True,n_peak_values=1 n_det_values=1
one_search_per_arm_both_axes,halt,353.tiff,1,hem_rect_fill_1um,True,n_peak_values=1 n_det_values=1
one_search_per_arm_both_axes,halt,353.tiff,1,hem_mask_fill_1um,True,n_peak_values=1 n_det_values=1
one_search_per_arm_both_axes,halt,353.tiff,2,default_51,True,n_peak_values=1 n_det_values=1
one_search_per_arm_both_axes,halt,353.tiff,2,hem_rect_fill,True,n_peak_values=1 n_det_values=1
one_search_per_arm_both_axes,halt,353.tiff,2,hem_rect_fill_1um,True,n_peak_values=1 n_det_values=1
one_search_per_arm_both_axes,halt,353.tiff,2,hem_mask_fill_1um,True,n_peak_values=1 n_det_values=1
one_search_per_arm_both_axes,halt,353.tiff,3,default_51,True,n_peak_values=1 n_det_values=1
one_search_per_arm_both_axes,halt,353.tiff,3,hem_rect_fill,True,n_peak_values=1 n_det_values=1
one_search_per_arm_both_axes,halt,353.tiff,3,hem_rect_fill_1um,True,n_peak_values=1 n_det_values=1
one_search_per_arm_both_axes,halt,353.tiff,3,hem_mask_fill_1um,True,n_peak_values=1 n_det_values=1
one_search_per_arm_both_axes,halt,353.tiff,4,default_51,True,n_peak_values=1 n_det_values=1
one_search_per_arm_both_axes,halt,353.tiff,4,hem_rect_fill,True,n_peak_values=1 n_det_values=1
one_search_per_arm_both_axes,halt,353.tiff,4,hem_rect_fill_1um,True,n_peak_values=1 n_det_values=1
one_search_per_arm_both_axes,halt,353.tiff,4,hem_mask_fill_1um,True,n_peak_values=1 n_det_values=1
one_search_per_arm_both_axes,halt,353.tiff,5,default_51,True,n_peak_values=1 n_det_values=1
one_search_per_arm_both_axes,halt,353.tiff,5,hem_rect_fill,True,n_peak_values=1 n_det_values=1
one_search_per_arm_both_axes,halt,353.tiff,5,hem_rect_fill_1um,True,n_peak_values=1 n_det_values=1
one_search_per_arm_both_axes,halt,353.tiff,5,hem_mask_fill_1um,True,n_peak_values=1 n_det_values=1
one_search_per_arm_both_axes,halt,364.tiff,0,default_51,True,n_peak_values=1 n_det_values=1
one_search_per_arm_both_axes,halt,364.tiff,0,hem_rect_fill,True,n_peak_values=1 n_det_values=1
one_search_per_arm_both_axes,halt,364.tiff,0,hem_rect_fill_1um,True,n_peak_values=1 n_det_values=1
one_search_per_arm_both_axes,halt,364.tiff,0,hem_mask_fill_1um,True,n_peak_values=1 n_det_values=1
one_search_per_arm_both_axes,halt,364.tiff,1,default_51,True,n_peak_values=1 n_det_values=1
one_search_per_arm_both_axes,halt,364.tiff,1,hem_rect_fill,True,n_peak_values=1 n_det_values=1
one_search_per_arm_both_axes,halt,364.tiff,1,hem_rect_fill_1um,True,n_peak_values=1 n_det_values=1
one_search_per_arm_both_axes,halt,364.tiff,1,hem_mask_fill_1um,True,n_peak_values=1 n_det_values=1
one_search_per_arm_both_axes,halt,364.tiff,2,default_51,True,n_peak_values=1 n_det_values=1
one_search_per_arm_both_axes,halt,364.tiff,2,hem_rect_fill,True,n_peak_values=1 n_det_values=1
one_search_per_arm_both_axes,halt,364.tiff,2,hem_rect_fill_1um,True,n_peak_values=1 n_det_values=1
one_search_per_arm_both_axes,halt,364.tiff,2,hem_mask_fill_1um,True,n_peak_values=1 n_det_values=1
one_search_per_arm_both_axes,halt,364.tiff,3,default_51,True,n_peak_values=1 n_det_values=1
one_search_per_arm_both_axes,halt,364.tiff,3,hem_rect_fill,True,n_peak_values=1 n_det_values=1
one_search_per_arm_both_axes,halt,364.tiff,3,hem_rect_fill_1um,True,n_peak_values=1 n_det_values=1
one_search_per_arm_both_axes,halt,364.tiff,3,hem_mask_fill_1um,True,n_peak_values=1 n_det_values=1
one_search_per_arm_both_axes,halt,364.tiff,4,default_51,True,n_peak_values=1 n_det_values=1
one_search_per_arm_both_axes,halt,364.tiff,4,hem_rect_fill,True,n_peak_values=1 n_det_values=1
one_search_per_arm_both_axes,halt,364.tiff,4,hem_rect_fill_1um,True,n_peak_values=1 n_det_values=1
one_search_per_arm_both_axes,halt,364.tiff,4,hem_mask_fill_1um,True,n_peak_values=1 n_det_values=1
one_search_per_arm_both_axes,halt,364.tiff,5,default_51,True,n_peak_values=1 n_det_values=1
one_search_per_arm_both_axes,halt,364.tiff,5,hem_rect_fill,True,n_peak_values=1 n_det_values=1
one_search_per_arm_both_axes,halt,364.tiff,5,hem_rect_fill_1um,True,n_peak_values=1 n_det_values=1
one_search_per_arm_both_axes,halt,364.tiff,5,hem_mask_fill_1um,True,n_peak_values=1 n_det_values=1
one_search_per_arm_both_axes,halt,400.tiff,0,default_51,True,n_peak_values=1 n_det_values=1
one_search_per_arm_both_axes,halt,400.tiff,0,hem_rect_fill,True,n_peak_values=1 n_det_values=1
one_search_per_arm_both_axes,halt,400.tiff,0,hem_rect_fill_1um,True,n_peak_values=1 n_det_values=1
one_search_per_arm_both_axes,halt,400.tiff,0,hem_mask_fill_1um,True,n_peak_values=1 n_det_values=1
one_search_per_arm_both_axes,halt,400.tiff,1,default_51,True,n_peak_values=1 n_det_values=1
one_search_per_arm_both_axes,halt,400.tiff,1,hem_rect_fill,True,n_peak_values=1 n_det_values=1
one_search_per_arm_both_axes,halt,400.tiff,1,hem_rect_fill_1um,True,n_peak_values=1 n_det_values=1
one_search_per_arm_both_axes,halt,400.tiff,1,hem_mask_fill_1um,True,n_peak_values=1 n_det_values=1
one_search_per_arm_both_axes,halt,400.tiff,2,default_51,True,n_peak_values=1 n_det_values=1
one_search_per_arm_both_axes,halt,400.tiff,2,hem_rect_fill,True,n_peak_values=1 n_det_values=1
one_search_per_arm_both_axes,halt,400.tiff,2,hem_rect_fill_1um,True,n_peak_values=1 n_det_values=1
one_search_per_arm_both_axes,halt,400.tiff,2,hem_mask_fill_1um,True,n_peak_values=1 n_det_values=1
one_search_per_arm_both_axes,halt,400.tiff,3,default_51,True,n_peak_values=1 n_det_values=1
one_search_per_arm_both_axes,halt,400.tiff,3,hem_rect_fill,True,n_peak_values=1 n_det_values=1
one_search_per_arm_both_axes,halt,400.tiff,3,hem_rect_fill_1um,True,n_peak_values=1 n_det_values=1
one_search_per_arm_both_axes,halt,400.tiff,3,hem_mask_fill_1um,True,n_peak_values=1 n_det_values=1
one_search_per_arm_both_axes,halt,400.tiff,4,default_51,True,n_peak_values=1 n_det_values=1
one_search_per_arm_both_axes,halt,400.tiff,4,hem_rect_fill,True,n_peak_values=1 n_det_values=1
one_search_per_arm_both_axes,halt,400.tiff,4,hem_rect_fill_1um,True,n_peak_values=1 n_det_values=1
one_search_per_arm_both_axes,halt,400.tiff,4,hem_mask_fill_1um,True,n_peak_values=1 n_det_values=1
one_search_per_arm_both_axes,halt,400.tiff,5,default_51,True,n_peak_values=1 n_det_values=1
one_search_per_arm_both_axes,halt,400.tiff,5,hem_rect_fill,True,n_peak_values=1 n_det_values=1
one_search_per_arm_both_axes,halt,400.tiff,5,hem_rect_fill_1um,True,n_peak_values=1 n_det_values=1
one_search_per_arm_both_axes,halt,400.tiff,5,hem_mask_fill_1um,True,n_peak_values=1 n_det_values=1
one_search_per_arm_both_axes,halt,401.tiff,0,default_51,True,n_peak_values=1 n_det_values=1
one_search_per_arm_both_axes,halt,401.tiff,0,hem_rect_fill,True,n_peak_values=1 n_det_values=1
one_search_per_arm_both_axes,halt,401.tiff,0,hem_rect_fill_1um,True,n_peak_values=1 n_det_values=1
one_search_per_arm_both_axes,halt,401.tiff,0,hem_mask_fill_1um,True,n_peak_values=1 n_det_values=1
one_search_per_arm_both_axes,halt,401.tiff,1,default_51,True,n_peak_values=1 n_det_values=1
one_search_per_arm_both_axes,halt,401.tiff,1,hem_rect_fill,True,n_peak_values=1 n_det_values=1
one_search_per_arm_both_axes,halt,401.tiff,1,hem_rect_fill_1um,True,n_peak_values=1 n_det_values=1
one_search_per_arm_both_axes,halt,401.tiff,1,hem_mask_fill_1um,True,n_peak_values=1 n_det_values=1
one_search_per_arm_both_axes,halt,401.tiff,2,default_51,True,n_peak_values=1 n_det_values=1
one_search_per_arm_both_axes,halt,401.tiff,2,hem_rect_fill,True,n_peak_values=1 n_det_values=1
one_search_per_arm_both_axes,halt,401.tiff,2,hem_rect_fill_1um,True,n_peak_values=1 n_det_values=1
one_search_per_arm_both_axes,halt,401.tiff,2,hem_mask_fill_1um,True,n_peak_values=1 n_det_values=1
one_search_per_arm_both_axes,halt,401.tiff,3,default_51,True,n_peak_values=1 n_det_values=1
one_search_per_arm_both_axes,halt,401.tiff,3,hem_rect_fill,True,n_peak_values=1 n_det_values=1
one_search_per_arm_both_axes,halt,401.tiff,3,hem_rect_fill_1um,True,n_peak_values=1 n_det_values=1
one_search_per_arm_both_axes,halt,401.tiff,3,hem_mask_fill_1um,True,n_peak_values=1 n_det_values=1
one_search_per_arm_both_axes,halt,401.tiff,4,default_51,True,n_peak_values=1 n_det_values=1
one_search_per_arm_both_axes,halt,401.tiff,4,hem_rect_fill,True,n_peak_values=1 n_det_values=1
one_search_per_arm_both_axes,halt,401.tiff,4,hem_rect_fill_1um,True,n_peak_values=1 n_det_values=1
one_search_per_arm_both_axes,halt,401.tiff,4,hem_mask_fill_1um,True,n_peak_values=1 n_det_values=1
one_search_per_arm_both_axes,halt,401.tiff,5,default_51,True,n_peak_values=1 n_det_values=1
one_search_per_arm_both_axes,halt,401.tiff,5,hem_rect_fill,True,n_peak_values=1 n_det_values=1
one_search_per_arm_both_axes,halt,401.tiff,5,hem_rect_fill_1um,True,n_peak_values=1 n_det_values=1
one_search_per_arm_both_axes,halt,401.tiff,5,hem_mask_fill_1um,True,n_peak_values=1 n_det_values=1
one_search_per_arm_both_axes,halt,404.tiff,0,default_51,True,n_peak_values=1 n_det_values=1
one_search_per_arm_both_axes,halt,404.tiff,0,hem_rect_fill,True,n_peak_values=1 n_det_values=1
one_search_per_arm_both_axes,halt,404.tiff,0,hem_rect_fill_1um,True,n_peak_values=1 n_det_values=1
one_search_per_arm_both_axes,halt,404.tiff,0,hem_mask_fill_1um,True,n_peak_values=1 n_det_values=1
one_search_per_arm_both_axes,halt,404.tiff,1,default_51,True,n_peak_values=1 n_det_values=1
one_search_per_arm_both_axes,halt,404.tiff,1,hem_rect_fill,True,n_peak_values=1 n_det_values=1
one_search_per_arm_both_axes,halt,404.tiff,1,hem_rect_fill_1um,True,n_peak_values=1 n_det_values=1
one_search_per_arm_both_axes,halt,404.tiff,1,hem_mask_fill_1um,True,n_peak_values=1 n_det_values=1
one_search_per_arm_both_axes,halt,404.tiff,2,default_51,True,n_peak_values=1 n_det_values=1
one_search_per_arm_both_axes,halt,404.tiff,2,hem_rect_fill,True,n_peak_values=1 n_det_values=1
one_search_per_arm_both_axes,halt,404.tiff,2,hem_rect_fill_1um,True,n_peak_values=1 n_det_values=1
one_search_per_arm_both_axes,halt,404.tiff,2,hem_mask_fill_1um,True,n_peak_values=1 n_det_values=1
one_search_per_arm_both_axes,halt,404.tiff,3,default_51,True,n_peak_values=1 n_det_values=1
one_search_per_arm_both_axes,halt,404.tiff,3,hem_rect_fill,True,n_peak_values=1 n_det_values=1
one_search_per_arm_both_axes,halt,404.tiff,3,hem_rect_fill_1um,True,n_peak_values=1 n_det_values=1
one_search_per_arm_both_axes,halt,404.tiff,3,hem_mask_fill_1um,True,n_peak_values=1 n_det_values=1
one_search_per_arm_both_axes,halt,404.tiff,4,default_51,True,n_peak_values=1 n_det_values=1
one_search_per_arm_both_axes,halt,404.tiff,4,hem_rect_fill,True,n_peak_values=1 n_det_values=1
one_search_per_arm_both_axes,halt,404.tiff,4,hem_rect_fill_1um,True,n_peak_values=1 n_det_values=1
one_search_per_arm_both_axes,halt,404.tiff,4,hem_mask_fill_1um,True,n_peak_values=1 n_det_values=1
one_search_per_arm_both_axes,halt,404.tiff,5,default_51,True,n_peak_values=1 n_det_values=1
one_search_per_arm_both_axes,halt,404.tiff,5,hem_rect_fill,True,n_peak_values=1 n_det_values=1
one_search_per_arm_both_axes,halt,404.tiff,5,hem_rect_fill_1um,True,n_peak_values=1 n_det_values=1
one_search_per_arm_both_axes,halt,404.tiff,5,hem_mask_fill_1um,True,n_peak_values=1 n_det_values=1
four_distinct_templates,report,300.tiff,0,ALL,True,4 distinct SHA-1s
four_distinct_templates,report,300.tiff,1,ALL,True,4 distinct SHA-1s
four_distinct_templates,report,300.tiff,2,ALL,True,4 distinct SHA-1s
four_distinct_templates,report,300.tiff,3,ALL,True,4 distinct SHA-1s
four_distinct_templates,report,300.tiff,4,ALL,True,4 distinct SHA-1s
four_distinct_templates,report,300.tiff,5,ALL,True,4 distinct SHA-1s
four_distinct_templates,report,301.tiff,0,ALL,True,4 distinct SHA-1s
four_distinct_templates,report,301.tiff,1,ALL,True,4 distinct SHA-1s
four_distinct_templates,report,301.tiff,2,ALL,True,4 distinct SHA-1s
four_distinct_templates,report,301.tiff,3,ALL,True,4 distinct SHA-1s
four_distinct_templates,report,301.tiff,4,ALL,True,4 distinct SHA-1s
four_distinct_templates,report,301.tiff,5,ALL,True,4 distinct SHA-1s
four_distinct_templates,report,322.tiff,0,ALL,True,4 distinct SHA-1s
four_distinct_templates,report,322.tiff,1,ALL,True,4 distinct SHA-1s
four_distinct_templates,report,322.tiff,2,ALL,True,4 distinct SHA-1s
four_distinct_templates,report,322.tiff,3,ALL,True,4 distinct SHA-1s
four_distinct_templates,report,322.tiff,4,ALL,True,4 distinct SHA-1s
four_distinct_templates,report,322.tiff,5,ALL,True,4 distinct SHA-1s
four_distinct_templates,report,337.tiff,0,ALL,True,4 distinct SHA-1s
four_distinct_templates,report,337.tiff,1,ALL,True,4 distinct SHA-1s
four_distinct_templates,report,337.tiff,2,ALL,True,4 distinct SHA-1s
four_distinct_templates,report,337.tiff,3,ALL,True,4 distinct SHA-1s
four_distinct_templates,report,337.tiff,4,ALL,True,4 distinct SHA-1s
four_distinct_templates,report,337.tiff,5,ALL,True,4 distinct SHA-1s
four_distinct_templates,report,339.tiff,0,ALL,True,4 distinct SHA-1s
four_distinct_templates,report,339.tiff,1,ALL,True,4 distinct SHA-1s
four_distinct_templates,report,339.tiff,2,ALL,True,4 distinct SHA-1s
four_distinct_templates,report,339.tiff,3,ALL,True,4 distinct SHA-1s
four_distinct_templates,report,339.tiff,4,ALL,True,4 distinct SHA-1s
four_distinct_templates,report,339.tiff,5,ALL,True,4 distinct SHA-1s
four_distinct_templates,report,343.tiff,0,ALL,True,4 distinct SHA-1s
four_distinct_templates,report,343.tiff,1,ALL,True,4 distinct SHA-1s
four_distinct_templates,report,343.tiff,2,ALL,True,4 distinct SHA-1s
four_distinct_templates,report,343.tiff,3,ALL,True,4 distinct SHA-1s
four_distinct_templates,report,343.tiff,4,ALL,True,4 distinct SHA-1s
four_distinct_templates,report,343.tiff,5,ALL,True,4 distinct SHA-1s
four_distinct_templates,report,344.tiff,0,ALL,True,4 distinct SHA-1s
four_distinct_templates,report,344.tiff,1,ALL,True,4 distinct SHA-1s
four_distinct_templates,report,344.tiff,2,ALL,True,4 distinct SHA-1s
four_distinct_templates,report,344.tiff,3,ALL,True,4 distinct SHA-1s
four_distinct_templates,report,344.tiff,4,ALL,True,4 distinct SHA-1s
four_distinct_templates,report,344.tiff,5,ALL,True,4 distinct SHA-1s
four_distinct_templates,report,201.tiff,0,ALL,True,4 distinct SHA-1s
four_distinct_templates,report,201.tiff,1,ALL,True,4 distinct SHA-1s
four_distinct_templates,report,201.tiff,2,ALL,True,4 distinct SHA-1s
four_distinct_templates,report,201.tiff,3,ALL,True,4 distinct SHA-1s
four_distinct_templates,report,201.tiff,4,ALL,True,4 distinct SHA-1s
four_distinct_templates,report,201.tiff,5,ALL,True,4 distinct SHA-1s
four_distinct_templates,report,233.tiff,0,ALL,True,4 distinct SHA-1s
four_distinct_templates,report,233.tiff,1,ALL,True,4 distinct SHA-1s
four_distinct_templates,report,233.tiff,2,ALL,True,4 distinct SHA-1s
four_distinct_templates,report,233.tiff,3,ALL,True,4 distinct SHA-1s
four_distinct_templates,report,233.tiff,4,ALL,True,4 distinct SHA-1s
four_distinct_templates,report,233.tiff,5,ALL,True,4 distinct SHA-1s
four_distinct_templates,report,211.tiff,0,ALL,True,4 distinct SHA-1s
four_distinct_templates,report,211.tiff,1,ALL,True,4 distinct SHA-1s
four_distinct_templates,report,211.tiff,2,ALL,True,4 distinct SHA-1s
four_distinct_templates,report,211.tiff,3,ALL,True,4 distinct SHA-1s
four_distinct_templates,report,211.tiff,4,ALL,True,4 distinct SHA-1s
four_distinct_templates,report,211.tiff,5,ALL,True,4 distinct SHA-1s
four_distinct_templates,report,220.tiff,0,ALL,True,4 distinct SHA-1s
four_distinct_templates,report,220.tiff,1,ALL,True,4 distinct SHA-1s
four_distinct_templates,report,220.tiff,2,ALL,True,4 distinct SHA-1s
four_distinct_templates,report,220.tiff,3,ALL,True,4 distinct SHA-1s
four_distinct_templates,report,220.tiff,4,ALL,True,4 distinct SHA-1s
four_distinct_templates,report,220.tiff,5,ALL,True,4 distinct SHA-1s
four_distinct_templates,report,230.tiff,0,ALL,True,4 distinct SHA-1s
four_distinct_templates,report,230.tiff,1,ALL,True,4 distinct SHA-1s
four_distinct_templates,report,230.tiff,2,ALL,True,4 distinct SHA-1s
four_distinct_templates,report,230.tiff,3,ALL,True,4 distinct SHA-1s
four_distinct_templates,report,230.tiff,4,ALL,True,4 distinct SHA-1s
four_distinct_templates,report,230.tiff,5,ALL,True,4 distinct SHA-1s
four_distinct_templates,report,235.tiff,0,ALL,True,4 distinct SHA-1s
four_distinct_templates,report,235.tiff,1,ALL,True,4 distinct SHA-1s
four_distinct_templates,report,235.tiff,2,ALL,True,4 distinct SHA-1s
four_distinct_templates,report,235.tiff,3,ALL,True,4 distinct SHA-1s
four_distinct_templates,report,235.tiff,4,ALL,True,4 distinct SHA-1s
four_distinct_templates,report,235.tiff,5,ALL,True,4 distinct SHA-1s
four_distinct_templates,report,242.tiff,0,ALL,True,4 distinct SHA-1s
four_distinct_templates,report,242.tiff,1,ALL,True,4 distinct SHA-1s
four_distinct_templates,report,242.tiff,2,ALL,True,4 distinct SHA-1s
four_distinct_templates,report,242.tiff,3,ALL,True,4 distinct SHA-1s
four_distinct_templates,report,242.tiff,4,ALL,True,4 distinct SHA-1s
four_distinct_templates,report,242.tiff,5,ALL,True,4 distinct SHA-1s
four_distinct_templates,report,245.tiff,0,ALL,True,4 distinct SHA-1s
four_distinct_templates,report,245.tiff,1,ALL,True,4 distinct SHA-1s
four_distinct_templates,report,245.tiff,2,ALL,True,4 distinct SHA-1s
four_distinct_templates,report,245.tiff,3,ALL,True,4 distinct SHA-1s
four_distinct_templates,report,245.tiff,4,ALL,True,4 distinct SHA-1s
four_distinct_templates,report,245.tiff,5,ALL,True,4 distinct SHA-1s
four_distinct_templates,report,246.tiff,0,ALL,True,4 distinct SHA-1s
four_distinct_templates,report,246.tiff,1,ALL,True,4 distinct SHA-1s
four_distinct_templates,report,246.tiff,2,ALL,True,4 distinct SHA-1s
four_distinct_templates,report,246.tiff,3,ALL,True,4 distinct SHA-1s
four_distinct_templates,report,246.tiff,4,ALL,True,4 distinct SHA-1s
four_distinct_templates,report,246.tiff,5,ALL,True,4 distinct SHA-1s
four_distinct_templates,report,249.tiff,0,ALL,True,4 distinct SHA-1s
four_distinct_templates,report,249.tiff,1,ALL,True,4 distinct SHA-1s
four_distinct_templates,report,249.tiff,2,ALL,True,4 distinct SHA-1s
four_distinct_templates,report,249.tiff,3,ALL,True,4 distinct SHA-1s
four_distinct_templates,report,249.tiff,4,ALL,True,4 distinct SHA-1s
four_distinct_templates,report,249.tiff,5,ALL,True,4 distinct SHA-1s
four_distinct_templates,report,284.tiff,0,ALL,True,4 distinct SHA-1s
four_distinct_templates,report,284.tiff,1,ALL,True,4 distinct SHA-1s
four_distinct_templates,report,284.tiff,2,ALL,True,4 distinct SHA-1s
four_distinct_templates,report,284.tiff,3,ALL,True,4 distinct SHA-1s
four_distinct_templates,report,284.tiff,4,ALL,True,4 distinct SHA-1s
four_distinct_templates,report,284.tiff,5,ALL,True,4 distinct SHA-1s
four_distinct_templates,report,289.tiff,0,ALL,True,4 distinct SHA-1s
four_distinct_templates,report,289.tiff,1,ALL,True,4 distinct SHA-1s
four_distinct_templates,report,289.tiff,2,ALL,True,4 distinct SHA-1s
four_distinct_templates,report,289.tiff,3,ALL,True,4 distinct SHA-1s
four_distinct_templates,report,289.tiff,4,ALL,True,4 distinct SHA-1s
four_distinct_templates,report,289.tiff,5,ALL,True,4 distinct SHA-1s
four_distinct_templates,report,291.tiff,0,ALL,True,4 distinct SHA-1s
four_distinct_templates,report,291.tiff,1,ALL,True,4 distinct SHA-1s
four_distinct_templates,report,291.tiff,2,ALL,True,4 distinct SHA-1s
four_distinct_templates,report,291.tiff,3,ALL,True,4 distinct SHA-1s
four_distinct_templates,report,291.tiff,4,ALL,True,4 distinct SHA-1s
four_distinct_templates,report,291.tiff,5,ALL,True,4 distinct SHA-1s
four_distinct_templates,report,293.tiff,0,ALL,True,4 distinct SHA-1s
four_distinct_templates,report,293.tiff,1,ALL,True,4 distinct SHA-1s
four_distinct_templates,report,293.tiff,2,ALL,True,4 distinct SHA-1s
four_distinct_templates,report,293.tiff,3,ALL,True,4 distinct SHA-1s
four_distinct_templates,report,293.tiff,4,ALL,True,4 distinct SHA-1s
four_distinct_templates,report,293.tiff,5,ALL,True,4 distinct SHA-1s
four_distinct_templates,report,459.tiff,0,ALL,True,4 distinct SHA-1s
four_distinct_templates,report,459.tiff,1,ALL,True,4 distinct SHA-1s
four_distinct_templates,report,459.tiff,2,ALL,True,4 distinct SHA-1s
four_distinct_templates,report,459.tiff,3,ALL,True,4 distinct SHA-1s
four_distinct_templates,report,459.tiff,4,ALL,True,4 distinct SHA-1s
four_distinct_templates,report,459.tiff,5,ALL,True,4 distinct SHA-1s
four_distinct_templates,report,460.tiff,0,ALL,True,4 distinct SHA-1s
four_distinct_templates,report,460.tiff,1,ALL,True,4 distinct SHA-1s
four_distinct_templates,report,460.tiff,2,ALL,True,4 distinct SHA-1s
four_distinct_templates,report,460.tiff,3,ALL,True,4 distinct SHA-1s
four_distinct_templates,report,460.tiff,4,ALL,True,4 distinct SHA-1s
four_distinct_templates,report,460.tiff,5,ALL,True,4 distinct SHA-1s
four_distinct_templates,report,410.tiff,0,ALL,True,4 distinct SHA-1s
four_distinct_templates,report,410.tiff,1,ALL,True,4 distinct SHA-1s
four_distinct_templates,report,410.tiff,2,ALL,True,4 distinct SHA-1s
four_distinct_templates,report,410.tiff,3,ALL,True,4 distinct SHA-1s
four_distinct_templates,report,410.tiff,4,ALL,True,4 distinct SHA-1s
four_distinct_templates,report,410.tiff,5,ALL,True,4 distinct SHA-1s
four_distinct_templates,report,425.tiff,0,ALL,True,4 distinct SHA-1s
four_distinct_templates,report,425.tiff,1,ALL,True,4 distinct SHA-1s
four_distinct_templates,report,425.tiff,2,ALL,True,4 distinct SHA-1s
four_distinct_templates,report,425.tiff,3,ALL,True,4 distinct SHA-1s
four_distinct_templates,report,425.tiff,4,ALL,True,4 distinct SHA-1s
four_distinct_templates,report,425.tiff,5,ALL,True,4 distinct SHA-1s
four_distinct_templates,report,435.tiff,0,ALL,True,4 distinct SHA-1s
four_distinct_templates,report,435.tiff,1,ALL,True,4 distinct SHA-1s
four_distinct_templates,report,435.tiff,2,ALL,True,4 distinct SHA-1s
four_distinct_templates,report,435.tiff,3,ALL,True,4 distinct SHA-1s
four_distinct_templates,report,435.tiff,4,ALL,True,4 distinct SHA-1s
four_distinct_templates,report,435.tiff,5,ALL,True,4 distinct SHA-1s
four_distinct_templates,report,462.tiff,0,ALL,True,4 distinct SHA-1s
four_distinct_templates,report,462.tiff,1,ALL,True,4 distinct SHA-1s
four_distinct_templates,report,462.tiff,2,ALL,True,4 distinct SHA-1s
four_distinct_templates,report,462.tiff,3,ALL,True,4 distinct SHA-1s
four_distinct_templates,report,462.tiff,4,ALL,True,4 distinct SHA-1s
four_distinct_templates,report,462.tiff,5,ALL,True,4 distinct SHA-1s
four_distinct_templates,report,499.tiff,0,ALL,True,4 distinct SHA-1s
four_distinct_templates,report,499.tiff,1,ALL,True,4 distinct SHA-1s
four_distinct_templates,report,499.tiff,2,ALL,True,4 distinct SHA-1s
four_distinct_templates,report,499.tiff,3,ALL,True,4 distinct SHA-1s
four_distinct_templates,report,499.tiff,4,ALL,True,4 distinct SHA-1s
four_distinct_templates,report,499.tiff,5,ALL,True,4 distinct SHA-1s
four_distinct_templates,report,013.tiff,0,ALL,True,4 distinct SHA-1s
four_distinct_templates,report,013.tiff,1,ALL,True,4 distinct SHA-1s
four_distinct_templates,report,013.tiff,2,ALL,True,4 distinct SHA-1s
four_distinct_templates,report,013.tiff,3,ALL,True,4 distinct SHA-1s
four_distinct_templates,report,013.tiff,4,ALL,True,4 distinct SHA-1s
four_distinct_templates,report,013.tiff,5,ALL,True,4 distinct SHA-1s
four_distinct_templates,report,094.tiff,0,ALL,True,4 distinct SHA-1s
four_distinct_templates,report,094.tiff,1,ALL,True,4 distinct SHA-1s
four_distinct_templates,report,094.tiff,2,ALL,True,4 distinct SHA-1s
four_distinct_templates,report,094.tiff,3,ALL,True,4 distinct SHA-1s
four_distinct_templates,report,094.tiff,4,ALL,True,4 distinct SHA-1s
four_distinct_templates,report,094.tiff,5,ALL,True,4 distinct SHA-1s
four_distinct_templates,report,007.tiff,0,ALL,True,4 distinct SHA-1s
four_distinct_templates,report,007.tiff,1,ALL,True,4 distinct SHA-1s
four_distinct_templates,report,007.tiff,2,ALL,True,4 distinct SHA-1s
four_distinct_templates,report,007.tiff,3,ALL,True,4 distinct SHA-1s
four_distinct_templates,report,007.tiff,4,ALL,True,4 distinct SHA-1s
four_distinct_templates,report,007.tiff,5,ALL,True,4 distinct SHA-1s
four_distinct_templates,report,072.tiff,0,ALL,True,4 distinct SHA-1s
four_distinct_templates,report,072.tiff,1,ALL,True,4 distinct SHA-1s
four_distinct_templates,report,072.tiff,2,ALL,True,4 distinct SHA-1s
four_distinct_templates,report,072.tiff,3,ALL,True,4 distinct SHA-1s
four_distinct_templates,report,072.tiff,4,ALL,True,4 distinct SHA-1s
four_distinct_templates,report,072.tiff,5,ALL,True,4 distinct SHA-1s
four_distinct_templates,report,100.tiff,0,ALL,True,4 distinct SHA-1s
four_distinct_templates,report,100.tiff,1,ALL,True,4 distinct SHA-1s
four_distinct_templates,report,100.tiff,2,ALL,True,4 distinct SHA-1s
four_distinct_templates,report,100.tiff,3,ALL,True,4 distinct SHA-1s
four_distinct_templates,report,100.tiff,4,ALL,True,4 distinct SHA-1s
four_distinct_templates,report,100.tiff,5,ALL,True,4 distinct SHA-1s
four_distinct_templates,report,123.tiff,0,ALL,True,4 distinct SHA-1s
four_distinct_templates,report,123.tiff,1,ALL,True,4 distinct SHA-1s
four_distinct_templates,report,123.tiff,2,ALL,True,4 distinct SHA-1s
four_distinct_templates,report,123.tiff,3,ALL,True,4 distinct SHA-1s
four_distinct_templates,report,123.tiff,4,ALL,True,4 distinct SHA-1s
four_distinct_templates,report,123.tiff,5,ALL,True,4 distinct SHA-1s
four_distinct_templates,report,128.tiff,0,ALL,True,4 distinct SHA-1s
four_distinct_templates,report,128.tiff,1,ALL,True,4 distinct SHA-1s
four_distinct_templates,report,128.tiff,2,ALL,True,4 distinct SHA-1s
four_distinct_templates,report,128.tiff,3,ALL,True,4 distinct SHA-1s
four_distinct_templates,report,128.tiff,4,ALL,True,4 distinct SHA-1s
four_distinct_templates,report,128.tiff,5,ALL,True,4 distinct SHA-1s
four_distinct_templates,report,529.tiff,0,ALL,True,4 distinct SHA-1s
four_distinct_templates,report,529.tiff,1,ALL,True,4 distinct SHA-1s
four_distinct_templates,report,529.tiff,2,ALL,True,4 distinct SHA-1s
four_distinct_templates,report,529.tiff,3,ALL,True,4 distinct SHA-1s
four_distinct_templates,report,529.tiff,4,ALL,True,4 distinct SHA-1s
four_distinct_templates,report,529.tiff,5,ALL,True,4 distinct SHA-1s
four_distinct_templates,report,548.tiff,0,ALL,True,4 distinct SHA-1s
four_distinct_templates,report,548.tiff,1,ALL,True,4 distinct SHA-1s
four_distinct_templates,report,548.tiff,2,ALL,True,4 distinct SHA-1s
four_distinct_templates,report,548.tiff,3,ALL,True,4 distinct SHA-1s
four_distinct_templates,report,548.tiff,4,ALL,True,4 distinct SHA-1s
four_distinct_templates,report,548.tiff,5,ALL,True,4 distinct SHA-1s
four_distinct_templates,report,509.tiff,0,ALL,True,4 distinct SHA-1s
four_distinct_templates,report,509.tiff,1,ALL,True,4 distinct SHA-1s
four_distinct_templates,report,509.tiff,2,ALL,True,4 distinct SHA-1s
four_distinct_templates,report,509.tiff,3,ALL,True,4 distinct SHA-1s
four_distinct_templates,report,509.tiff,4,ALL,True,4 distinct SHA-1s
four_distinct_templates,report,509.tiff,5,ALL,True,4 distinct SHA-1s
four_distinct_templates,report,524.tiff,0,ALL,True,4 distinct SHA-1s
four_distinct_templates,report,524.tiff,1,ALL,True,4 distinct SHA-1s
four_distinct_templates,report,524.tiff,2,ALL,True,4 distinct SHA-1s
four_distinct_templates,report,524.tiff,3,ALL,True,4 distinct SHA-1s
four_distinct_templates,report,524.tiff,4,ALL,True,4 distinct SHA-1s
four_distinct_templates,report,524.tiff,5,ALL,True,4 distinct SHA-1s
four_distinct_templates,report,527.tiff,0,ALL,True,4 distinct SHA-1s
four_distinct_templates,report,527.tiff,1,ALL,True,4 distinct SHA-1s
four_distinct_templates,report,527.tiff,2,ALL,True,4 distinct SHA-1s
four_distinct_templates,report,527.tiff,3,ALL,True,4 distinct SHA-1s
four_distinct_templates,report,527.tiff,4,ALL,True,4 distinct SHA-1s
four_distinct_templates,report,527.tiff,5,ALL,True,4 distinct SHA-1s
four_distinct_templates,report,546.tiff,0,ALL,True,4 distinct SHA-1s
four_distinct_templates,report,546.tiff,1,ALL,True,4 distinct SHA-1s
four_distinct_templates,report,546.tiff,2,ALL,True,4 distinct SHA-1s
four_distinct_templates,report,546.tiff,3,ALL,True,4 distinct SHA-1s
four_distinct_templates,report,546.tiff,4,ALL,True,4 distinct SHA-1s
four_distinct_templates,report,546.tiff,5,ALL,True,4 distinct SHA-1s
four_distinct_templates,report,549.tiff,0,ALL,True,4 distinct SHA-1s
four_distinct_templates,report,549.tiff,1,ALL,True,4 distinct SHA-1s
four_distinct_templates,report,549.tiff,2,ALL,True,4 distinct SHA-1s
four_distinct_templates,report,549.tiff,3,ALL,True,4 distinct SHA-1s
four_distinct_templates,report,549.tiff,4,ALL,True,4 distinct SHA-1s
four_distinct_templates,report,549.tiff,5,ALL,True,4 distinct SHA-1s
four_distinct_templates,report,402.tiff,0,ALL,True,4 distinct SHA-1s
four_distinct_templates,report,402.tiff,1,ALL,True,4 distinct SHA-1s
four_distinct_templates,report,402.tiff,2,ALL,True,4 distinct SHA-1s
four_distinct_templates,report,402.tiff,3,ALL,True,4 distinct SHA-1s
four_distinct_templates,report,402.tiff,4,ALL,True,4 distinct SHA-1s
four_distinct_templates,report,402.tiff,5,ALL,True,4 distinct SHA-1s
four_distinct_templates,report,403.tiff,0,ALL,True,4 distinct SHA-1s
four_distinct_templates,report,403.tiff,1,ALL,True,4 distinct SHA-1s
four_distinct_templates,report,403.tiff,2,ALL,True,4 distinct SHA-1s
four_distinct_templates,report,403.tiff,3,ALL,True,4 distinct SHA-1s
four_distinct_templates,report,403.tiff,4,ALL,True,4 distinct SHA-1s
four_distinct_templates,report,403.tiff,5,ALL,False,3 distinct SHA-1s; hem_rect_fill_1um covers the window and so equals default_51
four_distinct_templates,report,353.tiff,0,ALL,True,4 distinct SHA-1s
four_distinct_templates,report,353.tiff,1,ALL,True,4 distinct SHA-1s
four_distinct_templates,report,353.tiff,2,ALL,True,4 distinct SHA-1s
four_distinct_templates,report,353.tiff,3,ALL,True,4 distinct SHA-1s
four_distinct_templates,report,353.tiff,4,ALL,True,4 distinct SHA-1s
four_distinct_templates,report,353.tiff,5,ALL,True,4 distinct SHA-1s
four_distinct_templates,report,364.tiff,0,ALL,True,4 distinct SHA-1s
four_distinct_templates,report,364.tiff,1,ALL,True,4 distinct SHA-1s
four_distinct_templates,report,364.tiff,2,ALL,True,4 distinct SHA-1s
four_distinct_templates,report,364.tiff,3,ALL,True,4 distinct SHA-1s
four_distinct_templates,report,364.tiff,4,ALL,True,4 distinct SHA-1s
four_distinct_templates,report,364.tiff,5,ALL,True,4 distinct SHA-1s
four_distinct_templates,report,400.tiff,0,ALL,True,4 distinct SHA-1s
four_distinct_templates,report,400.tiff,1,ALL,True,4 distinct SHA-1s
four_distinct_templates,report,400.tiff,2,ALL,True,4 distinct SHA-1s
four_distinct_templates,report,400.tiff,3,ALL,True,4 distinct SHA-1s
four_distinct_templates,report,400.tiff,4,ALL,True,4 distinct SHA-1s
four_distinct_templates,report,400.tiff,5,ALL,True,4 distinct SHA-1s
four_distinct_templates,report,401.tiff,0,ALL,True,4 distinct SHA-1s
four_distinct_templates,report,401.tiff,1,ALL,True,4 distinct SHA-1s
four_distinct_templates,report,401.tiff,2,ALL,True,4 distinct SHA-1s
four_distinct_templates,report,401.tiff,3,ALL,True,4 distinct SHA-1s
four_distinct_templates,report,401.tiff,4,ALL,True,4 distinct SHA-1s
four_distinct_templates,report,401.tiff,5,ALL,True,4 distinct SHA-1s
four_distinct_templates,report,404.tiff,0,ALL,True,4 distinct SHA-1s
four_distinct_templates,report,404.tiff,1,ALL,True,4 distinct SHA-1s
four_distinct_templates,report,404.tiff,2,ALL,True,4 distinct SHA-1s
four_distinct_templates,report,404.tiff,3,ALL,True,4 distinct SHA-1s
four_distinct_templates,report,404.tiff,4,ALL,True,4 distinct SHA-1s
four_distinct_templates,report,404.tiff,5,ALL,True,4 distinct SHA-1s
mask_bbox_is_grown_rect,halt,300.tiff,0,ALL,True,mask 553 px of rect 693 px (0.798)
mask_bbox_is_grown_rect,halt,300.tiff,1,ALL,True,mask 437 px of rect 638 px (0.685)
mask_bbox_is_grown_rect,halt,300.tiff,2,ALL,True,mask 753 px of rect 957 px (0.787)
mask_bbox_is_grown_rect,halt,300.tiff,3,ALL,True,mask 766 px of rect 1020 px (0.751)
mask_bbox_is_grown_rect,halt,300.tiff,4,ALL,True,mask 564 px of rect 756 px (0.746)
mask_bbox_is_grown_rect,halt,300.tiff,5,ALL,True,mask 535 px of rect 684 px (0.782)
mask_bbox_is_grown_rect,halt,301.tiff,0,ALL,True,mask 1041 px of rect 1400 px (0.744)
mask_bbox_is_grown_rect,halt,301.tiff,1,ALL,True,mask 671 px of rect 1056 px (0.635)
mask_bbox_is_grown_rect,halt,301.tiff,2,ALL,True,mask 336 px of rect 486 px (0.691)
mask_bbox_is_grown_rect,halt,301.tiff,3,ALL,True,mask 830 px of rect 1089 px (0.762)
mask_bbox_is_grown_rect,halt,301.tiff,4,ALL,True,mask 544 px of rect 806 px (0.675)
mask_bbox_is_grown_rect,halt,301.tiff,5,ALL,True,mask 547 px of rect 729 px (0.750)
mask_bbox_is_grown_rect,halt,322.tiff,0,ALL,True,mask 663 px of rect 1024 px (0.647)
mask_bbox_is_grown_rect,halt,322.tiff,1,ALL,True,mask 646 px of rect 888 px (0.727)
mask_bbox_is_grown_rect,halt,322.tiff,2,ALL,True,mask 672 px of rect 840 px (0.800)
mask_bbox_is_grown_rect,halt,322.tiff,3,ALL,True,mask 615 px of rect 986 px (0.624)
mask_bbox_is_grown_rect,halt,322.tiff,4,ALL,True,mask 546 px of rect 832 px (0.656)
mask_bbox_is_grown_rect,halt,322.tiff,5,ALL,True,mask 457 px of rect 600 px (0.762)
mask_bbox_is_grown_rect,halt,337.tiff,0,ALL,True,mask 480 px of rect 621 px (0.773)
mask_bbox_is_grown_rect,halt,337.tiff,1,ALL,True,mask 402 px of rect 588 px (0.684)
mask_bbox_is_grown_rect,halt,337.tiff,2,ALL,True,mask 513 px of rect 784 px (0.654)
mask_bbox_is_grown_rect,halt,337.tiff,3,ALL,True,mask 707 px of rect 960 px (0.736)
mask_bbox_is_grown_rect,halt,337.tiff,4,ALL,True,mask 517 px of rect 756 px (0.684)
mask_bbox_is_grown_rect,halt,337.tiff,5,ALL,True,mask 447 px of rect 638 px (0.701)
mask_bbox_is_grown_rect,halt,339.tiff,0,ALL,True,mask 780 px of rect 1248 px (0.625)
mask_bbox_is_grown_rect,halt,339.tiff,1,ALL,True,mask 881 px of rect 1287 px (0.685)
mask_bbox_is_grown_rect,halt,339.tiff,2,ALL,True,mask 352 px of rect 432 px (0.815)
mask_bbox_is_grown_rect,halt,339.tiff,3,ALL,True,mask 545 px of rect 841 px (0.648)
mask_bbox_is_grown_rect,halt,339.tiff,4,ALL,True,mask 624 px of rect 961 px (0.649)
mask_bbox_is_grown_rect,halt,339.tiff,5,ALL,True,mask 1055 px of rect 1720 px (0.613)
mask_bbox_is_grown_rect,halt,343.tiff,0,ALL,True,mask 549 px of rect 784 px (0.700)
mask_bbox_is_grown_rect,halt,343.tiff,1,ALL,True,mask 383 px of rect 572 px (0.670)
mask_bbox_is_grown_rect,halt,343.tiff,2,ALL,True,mask 468 px of rect 620 px (0.755)
mask_bbox_is_grown_rect,halt,343.tiff,3,ALL,True,mask 1018 px of rect 1505 px (0.676)
mask_bbox_is_grown_rect,halt,343.tiff,4,ALL,True,mask 971 px of rect 1260 px (0.771)
mask_bbox_is_grown_rect,halt,343.tiff,5,ALL,True,mask 979 px of rect 1230 px (0.796)
mask_bbox_is_grown_rect,halt,344.tiff,0,ALL,True,mask 519 px of rect 729 px (0.712)
mask_bbox_is_grown_rect,halt,344.tiff,1,ALL,True,mask 506 px of rect 672 px (0.753)
mask_bbox_is_grown_rect,halt,344.tiff,2,ALL,True,mask 531 px of rect 756 px (0.702)
mask_bbox_is_grown_rect,halt,344.tiff,3,ALL,True,mask 601 px of rect 812 px (0.740)
mask_bbox_is_grown_rect,halt,344.tiff,4,ALL,True,mask 546 px of rect 783 px (0.697)
mask_bbox_is_grown_rect,halt,344.tiff,5,ALL,True,mask 627 px of rect 783 px (0.801)
mask_bbox_is_grown_rect,halt,201.tiff,0,ALL,True,mask 794 px of rect 1295 px (0.613)
mask_bbox_is_grown_rect,halt,201.tiff,1,ALL,True,mask 736 px of rect 1178 px (0.625)
mask_bbox_is_grown_rect,halt,201.tiff,2,ALL,True,mask 987 px of rect 1394 px (0.708)
mask_bbox_is_grown_rect,halt,201.tiff,3,ALL,True,mask 731 px of rect 1258 px (0.581)
mask_bbox_is_grown_rect,halt,201.tiff,4,ALL,True,mask 1276 px of rect 1887 px (0.676)
mask_bbox_is_grown_rect,halt,201.tiff,5,ALL,True,mask 1095 px of rect 1482 px (0.739)
mask_bbox_is_grown_rect,halt,233.tiff,0,ALL,True,mask 719 px of rect 961 px (0.748)
mask_bbox_is_grown_rect,halt,233.tiff,1,ALL,True,mask 950 px of rect 1295 px (0.734)
mask_bbox_is_grown_rect,halt,233.tiff,2,ALL,True,mask 922 px of rect 1287 px (0.716)
mask_bbox_is_grown_rect,halt,233.tiff,3,ALL,True,mask 784 px of rect 1190 px (0.659)
mask_bbox_is_grown_rect,halt,233.tiff,4,ALL,True,mask 559 px of rect 783 px (0.714)
mask_bbox_is_grown_rect,halt,233.tiff,5,ALL,True,mask 445 px of rect 580 px (0.767)
mask_bbox_is_grown_rect,halt,211.tiff,0,ALL,True,mask 596 px of rect 806 px (0.739)
mask_bbox_is_grown_rect,halt,211.tiff,1,ALL,True,mask 770 px of rect 1088 px (0.708)
mask_bbox_is_grown_rect,halt,211.tiff,2,ALL,True,mask 579 px of rect 800 px (0.724)
mask_bbox_is_grown_rect,halt,211.tiff,3,ALL,True,mask 864 px of rect 1204 px (0.718)
mask_bbox_is_grown_rect,halt,211.tiff,4,ALL,True,mask 709 px of rect 1088 px (0.652)
mask_bbox_is_grown_rect,halt,211.tiff,5,ALL,True,mask 704 px of rect 1140 px (0.618)
mask_bbox_is_grown_rect,halt,220.tiff,0,ALL,True,mask 608 px of rect 924 px (0.658)
mask_bbox_is_grown_rect,halt,220.tiff,1,ALL,True,mask 808 px of rect 1287 px (0.628)
mask_bbox_is_grown_rect,halt,220.tiff,2,ALL,True,mask 493 px of rect 651 px (0.757)
mask_bbox_is_grown_rect,halt,220.tiff,3,ALL,True,mask 986 px of rect 1512 px (0.652)
mask_bbox_is_grown_rect,halt,220.tiff,4,ALL,True,mask 688 px of rect 980 px (0.702)
mask_bbox_is_grown_rect,halt,220.tiff,5,ALL,True,mask 688 px of rect 1089 px (0.632)
mask_bbox_is_grown_rect,halt,230.tiff,0,ALL,True,mask 779 px of rect 1054 px (0.739)
mask_bbox_is_grown_rect,halt,230.tiff,1,ALL,True,mask 669 px of rect 841 px (0.795)
mask_bbox_is_grown_rect,halt,230.tiff,2,ALL,True,mask 665 px of rect 918 px (0.724)
mask_bbox_is_grown_rect,halt,230.tiff,3,ALL,True,mask 615 px of rect 896 px (0.686)
mask_bbox_is_grown_rect,halt,230.tiff,4,ALL,True,mask 575 px of rect 768 px (0.749)
mask_bbox_is_grown_rect,halt,230.tiff,5,ALL,True,mask 597 px of rect 864 px (0.691)
mask_bbox_is_grown_rect,halt,235.tiff,0,ALL,True,mask 555 px of rect 928 px (0.598)
mask_bbox_is_grown_rect,halt,235.tiff,1,ALL,True,mask 484 px of rect 720 px (0.672)
mask_bbox_is_grown_rect,halt,235.tiff,2,ALL,True,mask 507 px of rect 672 px (0.754)
mask_bbox_is_grown_rect,halt,235.tiff,3,ALL,True,mask 827 px of rect 1184 px (0.698)
mask_bbox_is_grown_rect,halt,235.tiff,4,ALL,True,mask 570 px of rect 828 px (0.688)
mask_bbox_is_grown_rect,halt,235.tiff,5,ALL,True,mask 452 px of rect 575 px (0.786)
mask_bbox_is_grown_rect,halt,242.tiff,0,ALL,True,mask 636 px of rect 930 px (0.684)
mask_bbox_is_grown_rect,halt,242.tiff,1,ALL,True,mask 642 px of rect 936 px (0.686)
mask_bbox_is_grown_rect,halt,242.tiff,2,ALL,True,mask 811 px of rect 1634 px (0.496)
mask_bbox_is_grown_rect,halt,242.tiff,3,ALL,True,mask 475 px of rect 682 px (0.696)
mask_bbox_is_grown_rect,halt,242.tiff,4,ALL,True,mask 1050 px of rect 1360 px (0.772)
mask_bbox_is_grown_rect,halt,242.tiff,5,ALL,True,mask 761 px of rect 1292 px (0.589)
mask_bbox_is_grown_rect,halt,245.tiff,0,ALL,True,mask 714 px of rect 899 px (0.794)
mask_bbox_is_grown_rect,halt,245.tiff,1,ALL,True,mask 798 px of rect 1216 px (0.656)
mask_bbox_is_grown_rect,halt,245.tiff,2,ALL,True,mask 522 px of rect 700 px (0.746)
mask_bbox_is_grown_rect,halt,245.tiff,3,ALL,True,mask 589 px of rect 784 px (0.751)
mask_bbox_is_grown_rect,halt,245.tiff,4,ALL,True,mask 630 px of rect 1102 px (0.572)
mask_bbox_is_grown_rect,halt,245.tiff,5,ALL,True,mask 571 px of rect 841 px (0.679)
mask_bbox_is_grown_rect,halt,246.tiff,0,ALL,True,mask 605 px of rect 840 px (0.720)
mask_bbox_is_grown_rect,halt,246.tiff,1,ALL,True,mask 462 px of rect 682 px (0.677)
mask_bbox_is_grown_rect,halt,246.tiff,2,ALL,True,mask 741 px of rect 1053 px (0.704)
mask_bbox_is_grown_rect,halt,246.tiff,3,ALL,True,mask 842 px of rect 1188 px (0.709)
mask_bbox_is_grown_rect,halt,246.tiff,4,ALL,True,mask 495 px of rect 775 px (0.639)
mask_bbox_is_grown_rect,halt,246.tiff,5,ALL,True,mask 482 px of rect 728 px (0.662)
mask_bbox_is_grown_rect,halt,249.tiff,0,ALL,True,mask 615 px of rect 810 px (0.759)
mask_bbox_is_grown_rect,halt,249.tiff,1,ALL,True,mask 638 px of rect 925 px (0.690)
mask_bbox_is_grown_rect,halt,249.tiff,2,ALL,True,mask 652 px of rect 870 px (0.749)
mask_bbox_is_grown_rect,halt,249.tiff,3,ALL,True,mask 772 px of rect 1024 px (0.754)
mask_bbox_is_grown_rect,halt,249.tiff,4,ALL,True,mask 730 px of rect 1020 px (0.716)
mask_bbox_is_grown_rect,halt,249.tiff,5,ALL,True,mask 544 px of rect 744 px (0.731)
mask_bbox_is_grown_rect,halt,284.tiff,0,ALL,True,mask 578 px of rect 704 px (0.821)
mask_bbox_is_grown_rect,halt,284.tiff,1,ALL,True,mask 588 px of rect 783 px (0.751)
mask_bbox_is_grown_rect,halt,284.tiff,2,ALL,True,mask 552 px of rect 713 px (0.774)
mask_bbox_is_grown_rect,halt,284.tiff,3,ALL,True,mask 445 px of rect 650 px (0.685)
mask_bbox_is_grown_rect,halt,284.tiff,4,ALL,True,mask 538 px of rect 775 px (0.694)
mask_bbox_is_grown_rect,halt,284.tiff,5,ALL,True,mask 712 px of rect 900 px (0.791)
mask_bbox_is_grown_rect,halt,289.tiff,0,ALL,True,mask 552 px of rect 840 px (0.657)
mask_bbox_is_grown_rect,halt,289.tiff,1,ALL,True,mask 744 px of rect 1023 px (0.727)
mask_bbox_is_grown_rect,halt,289.tiff,2,ALL,True,mask 522 px of rect 744 px (0.702)
mask_bbox_is_grown_rect,halt,289.tiff,3,ALL,True,mask 733 px of rect 936 px (0.783)
mask_bbox_is_grown_rect,halt,289.tiff,4,ALL,True,mask 557 px of rect 837 px (0.665)
mask_bbox_is_grown_rect,halt,289.tiff,5,ALL,True,mask 511 px of rect 780 px (0.655)
mask_bbox_is_grown_rect,halt,291.tiff,0,ALL,True,mask 754 px of rect 1085 px (0.695)
mask_bbox_is_grown_rect,halt,291.tiff,1,ALL,True,mask 706 px of rect 961 px (0.735)
mask_bbox_is_grown_rect,halt,291.tiff,2,ALL,True,mask 652 px of rect 870 px (0.749)
mask_bbox_is_grown_rect,halt,291.tiff,3,ALL,True,mask 565 px of rect 754 px (0.749)
mask_bbox_is_grown_rect,halt,291.tiff,4,ALL,True,mask 934 px of rect 1443 px (0.647)
mask_bbox_is_grown_rect,halt,291.tiff,5,ALL,True,mask 895 px of rect 1428 px (0.627)
mask_bbox_is_grown_rect,halt,293.tiff,0,ALL,True,mask 584 px of rect 832 px (0.702)
mask_bbox_is_grown_rect,halt,293.tiff,1,ALL,True,mask 781 px of rect 1056 px (0.740)
mask_bbox_is_grown_rect,halt,293.tiff,2,ALL,True,mask 566 px of rect 812 px (0.697)
mask_bbox_is_grown_rect,halt,293.tiff,3,ALL,True,mask 563 px of rect 806 px (0.699)
mask_bbox_is_grown_rect,halt,293.tiff,4,ALL,True,mask 890 px of rect 1444 px (0.616)
mask_bbox_is_grown_rect,halt,293.tiff,5,ALL,True,mask 741 px of rect 992 px (0.747)
mask_bbox_is_grown_rect,halt,459.tiff,0,ALL,True,mask 1070 px of rect 1443 px (0.742)
mask_bbox_is_grown_rect,halt,459.tiff,1,ALL,True,mask 1308 px of rect 2021 px (0.647)
mask_bbox_is_grown_rect,halt,459.tiff,2,ALL,True,mask 746 px of rect 1200 px (0.622)
mask_bbox_is_grown_rect,halt,459.tiff,3,ALL,True,mask 1199 px of rect 1558 px (0.770)
mask_bbox_is_grown_rect,halt,459.tiff,4,ALL,True,mask 1121 px of rect 1440 px (0.778)
mask_bbox_is_grown_rect,halt,459.tiff,5,ALL,True,mask 1429 px of rect 2025 px (0.706)
mask_bbox_is_grown_rect,halt,460.tiff,0,ALL,True,mask 1160 px of rect 1645 px (0.705)
mask_bbox_is_grown_rect,halt,460.tiff,1,ALL,True,mask 501 px of rect 660 px (0.759)
mask_bbox_is_grown_rect,halt,460.tiff,2,ALL,True,mask 951 px of rect 1332 px (0.714)
mask_bbox_is_grown_rect,halt,460.tiff,3,ALL,True,mask 1155 px of rect 1505 px (0.767)
mask_bbox_is_grown_rect,halt,460.tiff,4,ALL,True,mask 763 px of rect 984 px (0.775)
mask_bbox_is_grown_rect,halt,460.tiff,5,ALL,True,mask 789 px of rect 1089 px (0.725)
mask_bbox_is_grown_rect,halt,410.tiff,0,ALL,True,mask 465 px of rect 644 px (0.722)
mask_bbox_is_grown_rect,halt,410.tiff,1,ALL,True,mask 697 px of rect 1036 px (0.673)
mask_bbox_is_grown_rect,halt,410.tiff,2,ALL,True,mask 619 px of rect 920 px (0.673)
mask_bbox_is_grown_rect,halt,410.tiff,3,ALL,True,mask 469 px of rect 640 px (0.733)
mask_bbox_is_grown_rect,halt,410.tiff,4,ALL,True,mask 450 px of rect 640 px (0.703)
mask_bbox_is_grown_rect,halt,410.tiff,5,ALL,True,mask 963 px of rect 1440 px (0.669)
mask_bbox_is_grown_rect,halt,425.tiff,0,ALL,True,mask 1311 px of rect 1849 px (0.709)
mask_bbox_is_grown_rect,halt,425.tiff,1,ALL,True,mask 1905 px of rect 2550 px (0.747)
mask_bbox_is_grown_rect,halt,425.tiff,2,ALL,True,mask 1073 px of rect 1755 px (0.611)
mask_bbox_is_grown_rect,halt,425.tiff,3,ALL,True,mask 871 px of rect 1280 px (0.680)
mask_bbox_is_grown_rect,halt,425.tiff,4,ALL,True,mask 711 px of rect 1073 px (0.663)
mask_bbox_is_grown_rect,halt,425.tiff,5,ALL,True,mask 1121 px of rect 1848 px (0.607)
mask_bbox_is_grown_rect,halt,435.tiff,0,ALL,True,mask 787 px of rect 1073 px (0.733)
mask_bbox_is_grown_rect,halt,435.tiff,1,ALL,True,mask 679 px of rect 1014 px (0.670)
mask_bbox_is_grown_rect,halt,435.tiff,2,ALL,True,mask 667 px of rect 1023 px (0.652)
mask_bbox_is_grown_rect,halt,435.tiff,3,ALL,True,mask 740 px of rect 1054 px (0.702)
mask_bbox_is_grown_rect,halt,435.tiff,4,ALL,True,mask 677 px of rect 1080 px (0.627)
mask_bbox_is_grown_rect,halt,435.tiff,5,ALL,True,mask 1019 px of rect 1406 px (0.725)
mask_bbox_is_grown_rect,halt,462.tiff,0,ALL,True,mask 801 px of rect 1140 px (0.703)
mask_bbox_is_grown_rect,halt,462.tiff,1,ALL,True,mask 664 px of rect 1044 px (0.636)
mask_bbox_is_grown_rect,halt,462.tiff,2,ALL,True,mask 446 px of rect 616 px (0.724)
mask_bbox_is_grown_rect,halt,462.tiff,3,ALL,True,mask 630 px of rect 805 px (0.783)
mask_bbox_is_grown_rect,halt,462.tiff,4,ALL,True,mask 602 px of rect 918 px (0.656)
mask_bbox_is_grown_rect,halt,462.tiff,5,ALL,True,mask 631 px of rect 832 px (0.758)
mask_bbox_is_grown_rect,halt,499.tiff,0,ALL,True,mask 625 px of rect 816 px (0.766)
mask_bbox_is_grown_rect,halt,499.tiff,1,ALL,True,mask 582 px of rect 775 px (0.751)
mask_bbox_is_grown_rect,halt,499.tiff,2,ALL,True,mask 661 px of rect 1026 px (0.644)
mask_bbox_is_grown_rect,halt,499.tiff,3,ALL,True,mask 599 px of rect 957 px (0.626)
mask_bbox_is_grown_rect,halt,499.tiff,4,ALL,True,mask 831 px of rect 1248 px (0.666)
mask_bbox_is_grown_rect,halt,499.tiff,5,ALL,True,mask 719 px of rect 1015 px (0.708)
mask_bbox_is_grown_rect,halt,013.tiff,0,ALL,True,mask 1479 px of rect 2162 px (0.684)
mask_bbox_is_grown_rect,halt,013.tiff,1,ALL,True,mask 862 px of rect 1122 px (0.768)
mask_bbox_is_grown_rect,halt,013.tiff,2,ALL,True,mask 764 px of rect 1196 px (0.639)
mask_bbox_is_grown_rect,halt,013.tiff,3,ALL,True,mask 1342 px of rect 1794 px (0.748)
mask_bbox_is_grown_rect,halt,013.tiff,4,ALL,True,mask 707 px of rect 1080 px (0.655)
mask_bbox_is_grown_rect,halt,013.tiff,5,ALL,True,mask 811 px of rect 1247 px (0.650)
mask_bbox_is_grown_rect,halt,094.tiff,0,ALL,True,mask 662 px of rect 868 px (0.763)
mask_bbox_is_grown_rect,halt,094.tiff,1,ALL,True,mask 611 px of rect 930 px (0.657)
mask_bbox_is_grown_rect,halt,094.tiff,2,ALL,True,mask 798 px of rect 1160 px (0.688)
mask_bbox_is_grown_rect,halt,094.tiff,3,ALL,True,mask 1086 px of rect 1512 px (0.718)
mask_bbox_is_grown_rect,halt,094.tiff,4,ALL,True,mask 754 px of rect 1044 px (0.722)
mask_bbox_is_grown_rect,halt,094.tiff,5,ALL,True,mask 725 px of rect 900 px (0.806)
mask_bbox_is_grown_rect,halt,007.tiff,0,ALL,True,mask 858 px of rect 1292 px (0.664)
mask_bbox_is_grown_rect,halt,007.tiff,1,ALL,True,mask 823 px of rect 1330 px (0.619)
mask_bbox_is_grown_rect,halt,007.tiff,2,ALL,True,mask 1244 px of rect 1591 px (0.782)
mask_bbox_is_grown_rect,halt,007.tiff,3,ALL,True,mask 1065 px of rect 1530 px (0.696)
mask_bbox_is_grown_rect,halt,007.tiff,4,ALL,True,mask 1441 px of rect 1968 px (0.732)
mask_bbox_is_grown_rect,halt,007.tiff,5,ALL,True,mask 435 px of rect 616 px (0.706)
mask_bbox_is_grown_rect,halt,072.tiff,0,ALL,True,mask 934 px of rect 1369 px (0.682)
mask_bbox_is_grown_rect,halt,072.tiff,1,ALL,True,mask 666 px of rect 980 px (0.680)
mask_bbox_is_grown_rect,halt,072.tiff,2,ALL,True,mask 1304 px of rect 1739 px (0.750)
mask_bbox_is_grown_rect,halt,072.tiff,3,ALL,True,mask 1038 px of rect 1560 px (0.665)
mask_bbox_is_grown_rect,halt,072.tiff,4,ALL,True,mask 1377 px of rect 2070 px (0.665)
mask_bbox_is_grown_rect,halt,072.tiff,5,ALL,True,mask 993 px of rect 1558 px (0.637)
mask_bbox_is_grown_rect,halt,100.tiff,0,ALL,True,mask 615 px of rect 972 px (0.633)
mask_bbox_is_grown_rect,halt,100.tiff,1,ALL,True,mask 973 px of rect 1404 px (0.693)
mask_bbox_is_grown_rect,halt,100.tiff,2,ALL,True,mask 965 px of rect 1260 px (0.766)
mask_bbox_is_grown_rect,halt,100.tiff,3,ALL,True,mask 1741 px of rect 2499 px (0.697)
mask_bbox_is_grown_rect,halt,100.tiff,4,ALL,True,mask 1142 px of rect 1480 px (0.772)
mask_bbox_is_grown_rect,halt,100.tiff,5,ALL,True,mask 1053 px of rect 1470 px (0.716)
mask_bbox_is_grown_rect,halt,123.tiff,0,ALL,True,mask 920 px of rect 1392 px (0.661)
mask_bbox_is_grown_rect,halt,123.tiff,1,ALL,True,mask 606 px of rect 896 px (0.676)
mask_bbox_is_grown_rect,halt,123.tiff,2,ALL,True,mask 767 px of rect 960 px (0.799)
mask_bbox_is_grown_rect,halt,123.tiff,3,ALL,True,mask 1411 px of rect 2058 px (0.686)
mask_bbox_is_grown_rect,halt,123.tiff,4,ALL,True,mask 1337 px of rect 1845 px (0.725)
mask_bbox_is_grown_rect,halt,123.tiff,5,ALL,True,mask 666 px of rect 1056 px (0.631)
mask_bbox_is_grown_rect,halt,128.tiff,0,ALL,True,mask 939 px of rect 1581 px (0.594)
mask_bbox_is_grown_rect,halt,128.tiff,1,ALL,True,mask 917 px of rect 1763 px (0.520)
mask_bbox_is_grown_rect,halt,128.tiff,2,ALL,True,mask 717 px of rect 820 px (0.874)
mask_bbox_is_grown_rect,halt,128.tiff,3,ALL,True,mask 1281 px of rect 2116 px (0.605)
mask_bbox_is_grown_rect,halt,128.tiff,4,ALL,True,mask 1634 px of rect 2250 px (0.726)
mask_bbox_is_grown_rect,halt,128.tiff,5,ALL,True,mask 772 px of rect 1287 px (0.600)
mask_bbox_is_grown_rect,halt,529.tiff,0,ALL,True,mask 1039 px of rect 1520 px (0.684)
mask_bbox_is_grown_rect,halt,529.tiff,1,ALL,True,mask 745 px of rect 1040 px (0.716)
mask_bbox_is_grown_rect,halt,529.tiff,2,ALL,True,mask 650 px of rect 972 px (0.669)
mask_bbox_is_grown_rect,halt,529.tiff,3,ALL,True,mask 1333 px of rect 2064 px (0.646)
mask_bbox_is_grown_rect,halt,529.tiff,4,ALL,True,mask 973 px of rect 1518 px (0.641)
mask_bbox_is_grown_rect,halt,529.tiff,5,ALL,True,mask 1066 px of rect 1656 px (0.644)
mask_bbox_is_grown_rect,halt,548.tiff,0,ALL,True,mask 884 px of rect 1190 px (0.743)
mask_bbox_is_grown_rect,halt,548.tiff,1,ALL,True,mask 1142 px of rect 1599 px (0.714)
mask_bbox_is_grown_rect,halt,548.tiff,2,ALL,True,mask 948 px of rect 1258 px (0.754)
mask_bbox_is_grown_rect,halt,548.tiff,3,ALL,True,mask 760 px of rect 975 px (0.779)
mask_bbox_is_grown_rect,halt,548.tiff,4,ALL,True,mask 1251 px of rect 1564 px (0.800)
mask_bbox_is_grown_rect,halt,548.tiff,5,ALL,True,mask 713 px of rect 1080 px (0.660)
mask_bbox_is_grown_rect,halt,509.tiff,0,ALL,True,mask 1611 px of rect 2397 px (0.672)
mask_bbox_is_grown_rect,halt,509.tiff,1,ALL,True,mask 1850 px of rect 2448 px (0.756)
mask_bbox_is_grown_rect,halt,509.tiff,2,ALL,True,mask 1210 px of rect 1836 px (0.659)
mask_bbox_is_grown_rect,halt,509.tiff,3,ALL,True,mask 1187 px of rect 1734 px (0.685)
mask_bbox_is_grown_rect,halt,509.tiff,4,ALL,True,mask 1330 px of rect 1763 px (0.754)
mask_bbox_is_grown_rect,halt,509.tiff,5,ALL,True,mask 1443 px of rect 2040 px (0.707)
mask_bbox_is_grown_rect,halt,524.tiff,0,ALL,True,mask 1523 px of rect 2300 px (0.662)
mask_bbox_is_grown_rect,halt,524.tiff,1,ALL,True,mask 979 px of rect 1254 px (0.781)
mask_bbox_is_grown_rect,halt,524.tiff,2,ALL,True,mask 768 px of rect 968 px (0.793)
mask_bbox_is_grown_rect,halt,524.tiff,3,ALL,True,mask 1395 px of rect 1824 px (0.765)
mask_bbox_is_grown_rect,halt,524.tiff,4,ALL,True,mask 1026 px of rect 1666 px (0.616)
mask_bbox_is_grown_rect,halt,524.tiff,5,ALL,True,mask 1442 px of rect 2450 px (0.589)
mask_bbox_is_grown_rect,halt,527.tiff,0,ALL,True,mask 925 px of rect 1287 px (0.719)
mask_bbox_is_grown_rect,halt,527.tiff,1,ALL,True,mask 1180 px of rect 1794 px (0.658)
mask_bbox_is_grown_rect,halt,527.tiff,2,ALL,True,mask 1073 px of rect 1628 px (0.659)
mask_bbox_is_grown_rect,halt,527.tiff,3,ALL,True,mask 1058 px of rect 1599 px (0.662)
mask_bbox_is_grown_rect,halt,527.tiff,4,ALL,True,mask 1070 px of rect 1680 px (0.637)
mask_bbox_is_grown_rect,halt,527.tiff,5,ALL,True,mask 1431 px of rect 2205 px (0.649)
mask_bbox_is_grown_rect,halt,546.tiff,0,ALL,True,mask 918 px of rect 1190 px (0.771)
mask_bbox_is_grown_rect,halt,546.tiff,1,ALL,True,mask 690 px of rect 912 px (0.757)
mask_bbox_is_grown_rect,halt,546.tiff,2,ALL,True,mask 1076 px of rect 1584 px (0.679)
mask_bbox_is_grown_rect,halt,546.tiff,3,ALL,True,mask 980 px of rect 1634 px (0.600)
mask_bbox_is_grown_rect,halt,546.tiff,4,ALL,True,mask 1351 px of rect 1755 px (0.770)
mask_bbox_is_grown_rect,halt,546.tiff,5,ALL,True,mask 976 px of rect 1395 px (0.700)
mask_bbox_is_grown_rect,halt,549.tiff,0,ALL,True,mask 978 px of rect 1620 px (0.604)
mask_bbox_is_grown_rect,halt,549.tiff,1,ALL,True,mask 1366 px of rect 1665 px (0.820)
mask_bbox_is_grown_rect,halt,549.tiff,2,ALL,True,mask 1065 px of rect 1665 px (0.640)
mask_bbox_is_grown_rect,halt,549.tiff,3,ALL,True,mask 796 px of rect 1110 px (0.717)
mask_bbox_is_grown_rect,halt,549.tiff,4,ALL,True,mask 605 px of rect 980 px (0.617)
mask_bbox_is_grown_rect,halt,549.tiff,5,ALL,True,mask 486 px of rect 702 px (0.692)
mask_bbox_is_grown_rect,halt,402.tiff,0,ALL,True,mask 754 px of rect 1023 px (0.737)
mask_bbox_is_grown_rect,halt,402.tiff,1,ALL,True,mask 965 px of rect 1360 px (0.710)
mask_bbox_is_grown_rect,halt,402.tiff,2,ALL,True,mask 780 px of rect 1085 px (0.719)
mask_bbox_is_grown_rect,halt,402.tiff,3,ALL,True,mask 690 px of rect 957 px (0.721)
mask_bbox_is_grown_rect,halt,402.tiff,4,ALL,True,mask 792 px of rect 1178 px (0.672)
mask_bbox_is_grown_rect,halt,402.tiff,5,ALL,True,mask 752 px of rect 1085 px (0.693)
mask_bbox_is_grown_rect,halt,403.tiff,0,ALL,True,mask 966 px of rect 1406 px (0.687)
mask_bbox_is_grown_rect,halt,403.tiff,1,ALL,True,mask 1002 px of rect 1640 px (0.611)
mask_bbox_is_grown_rect,halt,403.tiff,2,ALL,True,mask 1377 px of rect 2162 px (0.637)
mask_bbox_is_grown_rect,halt,403.tiff,3,ALL,True,mask 913 px of rect 1150 px (0.794)
mask_bbox_is_grown_rect,halt,403.tiff,4,ALL,True,mask 1172 px of rect 1672 px (0.701)
mask_bbox_is_grown_rect,halt,403.tiff,5,ALL,True,mask 1672 px of rect 2601 px (0.643)
mask_bbox_is_grown_rect,halt,353.tiff,0,ALL,True,mask 1364 px of rect 2300 px (0.593)
mask_bbox_is_grown_rect,halt,353.tiff,1,ALL,True,mask 792 px of rect 1066 px (0.743)
mask_bbox_is_grown_rect,halt,353.tiff,2,ALL,True,mask 959 px of rect 1330 px (0.721)
mask_bbox_is_grown_rect,halt,353.tiff,3,ALL,True,mask 908 px of rect 1225 px (0.741)
mask_bbox_is_grown_rect,halt,353.tiff,4,ALL,True,mask 812 px of rect 1254 px (0.648)
mask_bbox_is_grown_rect,halt,353.tiff,5,ALL,True,mask 615 px of rect 900 px (0.683)
mask_bbox_is_grown_rect,halt,364.tiff,0,ALL,True,mask 716 px of rect 960 px (0.746)
mask_bbox_is_grown_rect,halt,364.tiff,1,ALL,True,mask 551 px of rect 702 px (0.785)
mask_bbox_is_grown_rect,halt,364.tiff,2,ALL,True,mask 565 px of rect 825 px (0.685)
mask_bbox_is_grown_rect,halt,364.tiff,3,ALL,True,mask 736 px of rect 990 px (0.743)
mask_bbox_is_grown_rect,halt,364.tiff,4,ALL,True,mask 819 px of rect 1296 px (0.632)
mask_bbox_is_grown_rect,halt,364.tiff,5,ALL,True,mask 632 px of rect 999 px (0.633)
mask_bbox_is_grown_rect,halt,400.tiff,0,ALL,True,mask 777 px of rect 1170 px (0.664)
mask_bbox_is_grown_rect,halt,400.tiff,1,ALL,True,mask 1049 px of rect 1330 px (0.789)
mask_bbox_is_grown_rect,halt,400.tiff,2,ALL,True,mask 1139 px of rect 1517 px (0.751)
mask_bbox_is_grown_rect,halt,400.tiff,3,ALL,True,mask 701 px of rect 1015 px (0.691)
mask_bbox_is_grown_rect,halt,400.tiff,4,ALL,True,mask 739 px of rect 1000 px (0.739)
mask_bbox_is_grown_rect,halt,400.tiff,5,ALL,True,mask 860 px of rect 1170 px (0.735)
mask_bbox_is_grown_rect,halt,401.tiff,0,ALL,True,mask 800 px of rect 1054 px (0.759)
mask_bbox_is_grown_rect,halt,401.tiff,1,ALL,True,mask 944 px of rect 1365 px (0.692)
mask_bbox_is_grown_rect,halt,401.tiff,2,ALL,True,mask 612 px of rect 930 px (0.658)
mask_bbox_is_grown_rect,halt,401.tiff,3,ALL,True,mask 1274 px of rect 1599 px (0.797)
mask_bbox_is_grown_rect,halt,401.tiff,4,ALL,True,mask 862 px of rect 1190 px (0.724)
mask_bbox_is_grown_rect,halt,401.tiff,5,ALL,True,mask 1356 px of rect 1978 px (0.686)
mask_bbox_is_grown_rect,halt,404.tiff,0,ALL,True,mask 1158 px of rect 1880 px (0.616)
mask_bbox_is_grown_rect,halt,404.tiff,1,ALL,True,mask 894 px of rect 1365 px (0.655)
mask_bbox_is_grown_rect,halt,404.tiff,2,ALL,True,mask 931 px of rect 1680 px (0.554)
mask_bbox_is_grown_rect,halt,404.tiff,3,ALL,True,mask 917 px of rect 1360 px (0.674)
mask_bbox_is_grown_rect,halt,404.tiff,4,ALL,True,mask 917 px of rect 1254 px (0.731)
mask_bbox_is_grown_rect,halt,404.tiff,5,ALL,True,mask 580 px of rect 870 px (0.667)
margin_growth_exact,halt,300.tiff,0,ALL,True,"grew 4,4,4,4"
margin_growth_exact,halt,300.tiff,1,ALL,True,"grew 4,4,4,4"
margin_growth_exact,halt,300.tiff,2,ALL,True,"grew 4,4,4,4"
margin_growth_exact,halt,300.tiff,3,ALL,True,"grew 4,4,4,4"
margin_growth_exact,halt,300.tiff,4,ALL,True,"grew 4,4,4,4"
margin_growth_exact,halt,300.tiff,5,ALL,True,"grew 4,4,4,4"
margin_growth_exact,halt,301.tiff,0,ALL,True,"grew 4,4,4,4"
margin_growth_exact,halt,301.tiff,1,ALL,True,"grew 4,4,4,4"
margin_growth_exact,halt,301.tiff,2,ALL,True,"grew 4,4,4,4"
margin_growth_exact,halt,301.tiff,3,ALL,True,"grew 4,4,4,4"
margin_growth_exact,halt,301.tiff,4,ALL,True,"grew 4,4,4,4"
margin_growth_exact,halt,301.tiff,5,ALL,True,"grew 4,4,4,4"
margin_growth_exact,halt,322.tiff,0,ALL,True,"grew 4,4,4,4"
margin_growth_exact,halt,322.tiff,1,ALL,True,"grew 4,4,4,4"
margin_growth_exact,halt,322.tiff,2,ALL,True,"grew 4,4,4,4"
margin_growth_exact,halt,322.tiff,3,ALL,True,"grew 4,4,4,4"
margin_growth_exact,halt,322.tiff,4,ALL,True,"grew 4,4,4,4"
margin_growth_exact,halt,322.tiff,5,ALL,True,"grew 4,4,4,4"
margin_growth_exact,halt,337.tiff,0,ALL,True,"grew 4,4,4,4"
margin_growth_exact,halt,337.tiff,1,ALL,True,"grew 4,4,4,4"
margin_growth_exact,halt,337.tiff,2,ALL,True,"grew 4,4,4,4"
margin_growth_exact,halt,337.tiff,3,ALL,True,"grew 4,4,4,4"
margin_growth_exact,halt,337.tiff,4,ALL,True,"grew 4,4,4,4"
margin_growth_exact,halt,337.tiff,5,ALL,True,"grew 4,4,4,4"
margin_growth_exact,halt,339.tiff,0,ALL,True,"grew 4,4,4,4"
margin_growth_exact,halt,339.tiff,1,ALL,True,"grew 4,4,4,4"
margin_growth_exact,halt,339.tiff,2,ALL,True,"grew 4,4,4,4"
margin_growth_exact,halt,339.tiff,3,ALL,True,"grew 4,4,4,4"
margin_growth_exact,halt,339.tiff,4,ALL,True,"grew 4,4,4,4"
margin_growth_exact,halt,339.tiff,5,ALL,True,"grew 4,4,0,4"
margin_growth_exact,halt,343.tiff,0,ALL,True,"grew 4,4,4,4"
margin_growth_exact,halt,343.tiff,1,ALL,True,"grew 4,4,4,4"
margin_growth_exact,halt,343.tiff,2,ALL,True,"grew 4,4,4,4"
margin_growth_exact,halt,343.tiff,3,ALL,True,"grew 4,4,4,4"
margin_growth_exact,halt,343.tiff,4,ALL,True,"grew 4,4,4,4"
margin_growth_exact,halt,343.tiff,5,ALL,True,"grew 4,4,4,4"
margin_growth_exact,halt,344.tiff,0,ALL,True,"grew 4,4,4,4"
margin_growth_exact,halt,344.tiff,1,ALL,True,"grew 4,4,4,4"
margin_growth_exact,halt,344.tiff,2,ALL,True,"grew 4,4,4,4"
margin_growth_exact,halt,344.tiff,3,ALL,True,"grew 4,4,4,4"
margin_growth_exact,halt,344.tiff,4,ALL,True,"grew 4,4,4,4"
margin_growth_exact,halt,344.tiff,5,ALL,True,"grew 4,4,4,4"
margin_growth_exact,halt,201.tiff,0,ALL,True,"grew 4,4,4,4"
margin_growth_exact,halt,201.tiff,1,ALL,True,"grew 4,4,4,4"
margin_growth_exact,halt,201.tiff,2,ALL,True,"grew 4,4,4,4"
margin_growth_exact,halt,201.tiff,3,ALL,True,"grew 4,4,4,4"
margin_growth_exact,halt,201.tiff,4,ALL,True,"grew 4,4,2,4"
margin_growth_exact,halt,201.tiff,5,ALL,True,"grew 4,4,4,4"
margin_growth_exact,halt,233.tiff,0,ALL,True,"grew 4,4,4,4"
margin_growth_exact,halt,233.tiff,1,ALL,True,"grew 4,4,4,4"
margin_growth_exact,halt,233.tiff,2,ALL,True,"grew 4,4,4,4"
margin_growth_exact,halt,233.tiff,3,ALL,True,"grew 4,4,4,4"
margin_growth_exact,halt,233.tiff,4,ALL,True,"grew 4,4,4,4"
margin_growth_exact,halt,233.tiff,5,ALL,True,"grew 4,4,4,4"
margin_growth_exact,halt,211.tiff,0,ALL,True,"grew 4,4,4,4"
margin_growth_exact,halt,211.tiff,1,ALL,True,"grew 4,4,4,4"
margin_growth_exact,halt,211.tiff,2,ALL,True,"grew 4,4,4,4"
margin_growth_exact,halt,211.tiff,3,ALL,True,"grew 4,4,4,4"
margin_growth_exact,halt,211.tiff,4,ALL,True,"grew 4,4,4,4"
margin_growth_exact,halt,211.tiff,5,ALL,True,"grew 4,4,4,4"
margin_growth_exact,halt,220.tiff,0,ALL,True,"grew 4,4,4,4"
margin_growth_exact,halt,220.tiff,1,ALL,True,"grew 4,4,4,4"
margin_growth_exact,halt,220.tiff,2,ALL,True,"grew 4,4,4,4"
margin_growth_exact,halt,220.tiff,3,ALL,True,"grew 4,4,4,0"
margin_growth_exact,halt,220.tiff,4,ALL,True,"grew 4,4,4,4"
margin_growth_exact,halt,220.tiff,5,ALL,True,"grew 4,4,4,4"
margin_growth_exact,halt,230.tiff,0,ALL,True,"grew 4,4,4,4"
margin_growth_exact,halt,230.tiff,1,ALL,True,"grew 4,4,4,4"
margin_growth_exact,halt,230.tiff,2,ALL,True,"grew 4,4,4,4"
margin_growth_exact,halt,230.tiff,3,ALL,True,"grew 4,4,4,4"
margin_growth_exact,halt,230.tiff,4,ALL,True,"grew 4,4,4,4"
margin_growth_exact,halt,230.tiff,5,ALL,True,"grew 4,4,4,4"
margin_growth_exact,halt,235.tiff,0,ALL,True,"grew 4,4,4,4"
margin_growth_exact,halt,235.tiff,1,ALL,True,"grew 4,4,4,4"
margin_growth_exact,halt,235.tiff,2,ALL,True,"grew 4,4,4,4"
margin_growth_exact,halt,235.tiff,3,ALL,True,"grew 4,4,4,4"
margin_growth_exact,halt,235.tiff,4,ALL,True,"grew 4,4,4,4"
margin_growth_exact,halt,235.tiff,5,ALL,True,"grew 4,4,4,4"
margin_growth_exact,halt,242.tiff,0,ALL,True,"grew 4,4,4,4"
margin_growth_exact,halt,242.tiff,1,ALL,True,"grew 4,4,4,4"
margin_growth_exact,halt,242.tiff,2,ALL,True,"grew 4,4,4,4"
margin_growth_exact,halt,242.tiff,3,ALL,True,"grew 4,4,4,4"
margin_growth_exact,halt,242.tiff,4,ALL,True,"grew 4,4,4,4"
margin_growth_exact,halt,242.tiff,5,ALL,True,"grew 4,4,4,4"
margin_growth_exact,halt,245.tiff,0,ALL,True,"grew 4,4,4,4"
margin_growth_exact,halt,245.tiff,1,ALL,True,"grew 0,4,0,4"
margin_growth_exact,halt,245.tiff,2,ALL,True,"grew 4,4,4,4"
margin_growth_exact,halt,245.tiff,3,ALL,True,"grew 4,4,4,4"
margin_growth_exact,halt,245.tiff,4,ALL,True,"grew 4,4,4,4"
margin_growth_exact,halt,245.tiff,5,ALL,True,"grew 4,4,4,4"
margin_growth_exact,halt,246.tiff,0,ALL,True,"grew 4,4,4,4"
margin_growth_exact,halt,246.tiff,1,ALL,True,"grew 4,4,4,4"
margin_growth_exact,halt,246.tiff,2,ALL,True,"grew 4,4,4,4"
margin_growth_exact,halt,246.tiff,3,ALL,True,"grew 4,4,4,4"
margin_growth_exact,halt,246.tiff,4,ALL,True,"grew 4,4,4,4"
margin_growth_exact,halt,246.tiff,5,ALL,True,"grew 4,4,4,4"
margin_growth_exact,halt,249.tiff,0,ALL,True,"grew 4,4,4,4"
margin_growth_exact,halt,249.tiff,1,ALL,True,"grew 4,4,4,4"
margin_growth_exact,halt,249.tiff,2,ALL,True,"grew 4,4,4,4"
margin_growth_exact,halt,249.tiff,3,ALL,True,"grew 4,4,4,4"
margin_growth_exact,halt,249.tiff,4,ALL,True,"grew 4,4,4,4"
margin_growth_exact,halt,249.tiff,5,ALL,True,"grew 4,4,4,4"
margin_growth_exact,halt,284.tiff,0,ALL,True,"grew 4,4,4,4"
margin_growth_exact,halt,284.tiff,1,ALL,True,"grew 4,4,4,4"
margin_growth_exact,halt,284.tiff,2,ALL,True,"grew 4,4,4,4"
margin_growth_exact,halt,284.tiff,3,ALL,True,"grew 4,4,4,4"
margin_growth_exact,halt,284.tiff,4,ALL,True,"grew 4,4,4,4"
margin_growth_exact,halt,284.tiff,5,ALL,True,"grew 4,4,4,4"
margin_growth_exact,halt,289.tiff,0,ALL,True,"grew 4,4,4,4"
margin_growth_exact,halt,289.tiff,1,ALL,True,"grew 4,4,4,4"
margin_growth_exact,halt,289.tiff,2,ALL,True,"grew 4,4,4,4"
margin_growth_exact,halt,289.tiff,3,ALL,True,"grew 4,4,4,4"
margin_growth_exact,halt,289.tiff,4,ALL,True,"grew 4,4,4,4"
margin_growth_exact,halt,289.tiff,5,ALL,True,"grew 4,4,4,4"
margin_growth_exact,halt,291.tiff,0,ALL,True,"grew 4,4,4,4"
margin_growth_exact,halt,291.tiff,1,ALL,True,"grew 4,4,4,4"
margin_growth_exact,halt,291.tiff,2,ALL,True,"grew 4,4,4,4"
margin_growth_exact,halt,291.tiff,3,ALL,True,"grew 4,4,4,4"
margin_growth_exact,halt,291.tiff,4,ALL,True,"grew 4,4,4,4"
margin_growth_exact,halt,291.tiff,5,ALL,True,"grew 4,4,0,4"
margin_growth_exact,halt,293.tiff,0,ALL,True,"grew 4,4,4,4"
margin_growth_exact,halt,293.tiff,1,ALL,True,"grew 4,4,4,4"
margin_growth_exact,halt,293.tiff,2,ALL,True,"grew 4,4,4,4"
margin_growth_exact,halt,293.tiff,3,ALL,True,"grew 4,4,4,4"
margin_growth_exact,halt,293.tiff,4,ALL,True,"grew 3,4,4,4"
margin_growth_exact,halt,293.tiff,5,ALL,True,"grew 4,4,4,4"
margin_growth_exact,halt,459.tiff,0,ALL,True,"grew 4,4,4,4"
margin_growth_exact,halt,459.tiff,1,ALL,True,"grew 4,4,4,4"
margin_growth_exact,halt,459.tiff,2,ALL,True,"grew 4,4,4,4"
margin_growth_exact,halt,459.tiff,3,ALL,True,"grew 4,4,4,4"
margin_growth_exact,halt,459.tiff,4,ALL,True,"grew 4,4,4,4"
margin_growth_exact,halt,459.tiff,5,ALL,True,"grew 4,4,4,4"
margin_growth_exact,halt,460.tiff,0,ALL,True,"grew 3,4,4,4"
margin_growth_exact,halt,460.tiff,1,ALL,True,"grew 4,4,4,4"
margin_growth_exact,halt,460.tiff,2,ALL,True,"grew 4,4,4,4"
margin_growth_exact,halt,460.tiff,3,ALL,True,"grew 4,4,4,4"
margin_growth_exact,halt,460.tiff,4,ALL,True,"grew 4,4,4,4"
margin_growth_exact,halt,460.tiff,5,ALL,True,"grew 4,4,4,4"
margin_growth_exact,halt,410.tiff,0,ALL,True,"grew 4,4,4,4"
margin_growth_exact,halt,410.tiff,1,ALL,True,"grew 4,4,4,4"
margin_growth_exact,halt,410.tiff,2,ALL,True,"grew 4,4,4,4"
margin_growth_exact,halt,410.tiff,3,ALL,True,"grew 4,4,4,4"
margin_growth_exact,halt,410.tiff,4,ALL,True,"grew 4,4,4,4"
margin_growth_exact,halt,410.tiff,5,ALL,True,"grew 4,4,4,4"
margin_growth_exact,halt,425.tiff,0,ALL,True,"grew 4,4,0,4"
margin_growth_exact,halt,425.tiff,1,ALL,True,"grew 4,1,0,1"
margin_growth_exact,halt,425.tiff,2,ALL,True,"grew 4,4,4,4"
margin_growth_exact,halt,425.tiff,3,ALL,True,"grew 4,4,4,4"
margin_growth_exact,halt,425.tiff,4,ALL,True,"grew 4,4,4,4"
margin_growth_exact,halt,425.tiff,5,ALL,True,"grew 4,4,4,4"
margin_growth_exact,halt,435.tiff,0,ALL,True,"grew 4,4,4,4"
margin_growth_exact,halt,435.tiff,1,ALL,True,"grew 4,4,4,4"
margin_growth_exact,halt,435.tiff,2,ALL,True,"grew 4,4,4,4"
margin_growth_exact,halt,435.tiff,3,ALL,True,"grew 4,4,4,4"
margin_growth_exact,halt,435.tiff,4,ALL,True,"grew 4,4,4,4"
margin_growth_exact,halt,435.tiff,5,ALL,True,"grew 4,4,4,4"
margin_growth_exact,halt,462.tiff,0,ALL,True,"grew 4,4,4,4"
margin_growth_exact,halt,462.tiff,1,ALL,True,"grew 4,4,4,4"
margin_growth_exact,halt,462.tiff,2,ALL,True,"grew 4,4,4,4"
margin_growth_exact,halt,462.tiff,3,ALL,True,"grew 4,4,4,4"
margin_growth_exact,halt,462.tiff,4,ALL,True,"grew 4,4,4,4"
margin_growth_exact,halt,462.tiff,5,ALL,True,"grew 4,4,4,4"
margin_growth_exact,halt,499.tiff,0,ALL,True,"grew 4,4,4,4"
margin_growth_exact,halt,499.tiff,1,ALL,True,"grew 4,4,4,4"
margin_growth_exact,halt,499.tiff,2,ALL,True,"grew 4,4,4,4"
margin_growth_exact,halt,499.tiff,3,ALL,True,"grew 4,4,4,4"
margin_growth_exact,halt,499.tiff,4,ALL,True,"grew 4,4,4,4"
margin_growth_exact,halt,499.tiff,5,ALL,True,"grew 4,4,4,4"
margin_growth_exact,halt,013.tiff,0,ALL,True,"grew 4,4,4,4"
margin_growth_exact,halt,013.tiff,1,ALL,True,"grew 4,4,4,4"
margin_growth_exact,halt,013.tiff,2,ALL,True,"grew 4,4,3,4"
margin_growth_exact,halt,013.tiff,3,ALL,True,"grew 4,4,4,4"
margin_growth_exact,halt,013.tiff,4,ALL,True,"grew 4,4,4,4"
margin_growth_exact,halt,013.tiff,5,ALL,True,"grew 4,4,4,4"
margin_growth_exact,halt,094.tiff,0,ALL,True,"grew 4,4,4,4"
margin_growth_exact,halt,094.tiff,1,ALL,True,"grew 4,4,4,4"
margin_growth_exact,halt,094.tiff,2,ALL,True,"grew 4,4,4,4"
margin_growth_exact,halt,094.tiff,3,ALL,True,"grew 4,4,4,4"
margin_growth_exact,halt,094.tiff,4,ALL,True,"grew 4,4,4,4"
margin_growth_exact,halt,094.tiff,5,ALL,True,"grew 4,4,4,4"
margin_growth_exact,halt,007.tiff,0,ALL,True,"grew 4,4,4,4"
margin_growth_exact,halt,007.tiff,1,ALL,True,"grew 4,4,4,4"
margin_growth_exact,halt,007.tiff,2,ALL,True,"grew 3,4,4,4"
margin_growth_exact,halt,007.tiff,3,ALL,True,"grew 4,4,0,4"
margin_growth_exact,halt,007.tiff,4,ALL,True,"grew 4,3,4,4"
margin_growth_exact,halt,007.tiff,5,ALL,True,"grew 4,4,4,4"
margin_growth_exact,halt,072.tiff,0,ALL,True,"grew 4,4,4,4"
margin_growth_exact,halt,072.tiff,1,ALL,True,"grew 4,4,4,4"
margin_growth_exact,halt,072.tiff,2,ALL,True,"grew 4,4,4,4"
margin_growth_exact,halt,072.tiff,3,ALL,True,"grew 4,4,4,4"
margin_growth_exact,halt,072.tiff,4,ALL,True,"grew 4,4,2,4"
margin_growth_exact,halt,072.tiff,5,ALL,True,"grew 4,4,3,4"
margin_growth_exact,halt,100.tiff,0,ALL,True,"grew 4,4,4,4"
margin_growth_exact,halt,100.tiff,1,ALL,True,"grew 4,4,4,4"
margin_growth_exact,halt,100.tiff,2,ALL,True,"grew 4,4,4,4"
margin_growth_exact,halt,100.tiff,3,ALL,True,"grew 4,4,2,4"
margin_growth_exact,halt,100.tiff,4,ALL,True,"grew 4,4,4,4"
margin_growth_exact,halt,100.tiff,5,ALL,True,"grew 4,4,4,4"
margin_growth_exact,halt,123.tiff,0,ALL,True,"grew 4,4,4,4"
margin_growth_exact,halt,123.tiff,1,ALL,True,"grew 4,4,4,4"
margin_growth_exact,halt,123.tiff,2,ALL,True,"grew 0,4,4,4"
margin_growth_exact,halt,123.tiff,3,ALL,True,"grew 4,4,4,3"
margin_growth_exact,halt,123.tiff,4,ALL,True,"grew 4,4,4,4"
margin_growth_exact,halt,123.tiff,5,ALL,True,"grew 4,4,4,4"
margin_growth_exact,halt,128.tiff,0,ALL,True,"grew 4,4,2,0"
margin_growth_exact,halt,128.tiff,1,ALL,True,"grew 4,4,3,4"
margin_growth_exact,halt,128.tiff,2,ALL,True,"grew 4,4,4,4"
margin_growth_exact,halt,128.tiff,3,ALL,True,"grew 4,1,2,4"
margin_growth_exact,halt,128.tiff,4,ALL,True,"grew 4,4,4,0"
margin_growth_exact,halt,128.tiff,5,ALL,True,"grew 4,4,4,0"
margin_growth_exact,halt,529.tiff,0,ALL,True,"grew 4,4,4,4"
margin_growth_exact,halt,529.tiff,1,ALL,True,"grew 4,4,4,4"
margin_growth_exact,halt,529.tiff,2,ALL,True,"grew 4,4,4,4"
margin_growth_exact,halt,529.tiff,3,ALL,True,"grew 1,4,4,4"
margin_growth_exact,halt,529.tiff,4,ALL,True,"grew 4,4,4,4"
margin_growth_exact,halt,529.tiff,5,ALL,True,"grew 4,4,4,4"
margin_growth_exact,halt,548.tiff,0,ALL,True,"grew 4,4,4,4"
margin_growth_exact,halt,548.tiff,1,ALL,True,"grew 4,4,4,4"
margin_growth_exact,halt,548.tiff,2,ALL,True,"grew 4,4,4,4"
margin_growth_exact,halt,548.tiff,3,ALL,True,"grew 4,4,4,4"
margin_growth_exact,halt,548.tiff,4,ALL,True,"grew 4,4,4,4"
margin_growth_exact,halt,548.tiff,5,ALL,True,"grew 4,4,4,4"
margin_growth_exact,halt,509.tiff,0,ALL,True,"grew 3,4,3,3"
margin_growth_exact,halt,509.tiff,1,ALL,True,"grew 0,0,4,4"
margin_growth_exact,halt,509.tiff,2,ALL,True,"grew 4,4,0,0"
margin_growth_exact,halt,509.tiff,3,ALL,True,"grew 4,4,0,2"
margin_growth_exact,halt,509.tiff,4,ALL,True,"grew 4,4,4,4"
margin_growth_exact,halt,509.tiff,5,ALL,True,"grew 4,4,0,0"
margin_growth_exact,halt,524.tiff,0,ALL,True,"grew 4,4,4,4"
margin_growth_exact,halt,524.tiff,1,ALL,True,"grew 4,4,4,4"
margin_growth_exact,halt,524.tiff,2,ALL,True,"grew 4,4,4,4"
margin_growth_exact,halt,524.tiff,3,ALL,True,"grew 4,4,4,4"
margin_growth_exact,halt,524.tiff,4,ALL,True,"grew 4,4,3,4"
margin_growth_exact,halt,524.tiff,5,ALL,True,"grew 0,4,4,2"
margin_growth_exact,halt,527.tiff,0,ALL,True,"grew 4,4,4,4"
margin_growth_exact,halt,527.tiff,1,ALL,True,"grew 4,4,4,4"
margin_growth_exact,halt,527.tiff,2,ALL,True,"grew 4,4,4,4"
margin_growth_exact,halt,527.tiff,3,ALL,True,"grew 4,4,4,4"
margin_growth_exact,halt,527.tiff,4,ALL,True,"grew 4,4,4,4"
margin_growth_exact,halt,527.tiff,5,ALL,True,"grew 4,4,4,4"
margin_growth_exact,halt,546.tiff,0,ALL,True,"grew 4,4,4,4"
margin_growth_exact,halt,546.tiff,1,ALL,True,"grew 4,4,4,4"
margin_growth_exact,halt,546.tiff,2,ALL,True,"grew 4,4,4,4"
margin_growth_exact,halt,546.tiff,3,ALL,True,"grew 4,4,4,4"
margin_growth_exact,halt,546.tiff,4,ALL,True,"grew 4,4,4,4"
margin_growth_exact,halt,546.tiff,5,ALL,True,"grew 4,4,4,4"
margin_growth_exact,halt,549.tiff,0,ALL,True,"grew 4,4,4,4"
margin_growth_exact,halt,549.tiff,1,ALL,True,"grew 4,4,1,4"
margin_growth_exact,halt,549.tiff,2,ALL,True,"grew 4,4,0,4"
margin_growth_exact,halt,549.tiff,3,ALL,True,"grew 4,4,4,4"
margin_growth_exact,halt,549.tiff,4,ALL,True,"grew 4,4,4,4"
margin_growth_exact,halt,549.tiff,5,ALL,True,"grew 4,4,4,4"
margin_growth_exact,halt,402.tiff,0,ALL,True,"grew 4,4,4,4"
margin_growth_exact,halt,402.tiff,1,ALL,True,"grew 4,4,4,4"
margin_growth_exact,halt,402.tiff,2,ALL,True,"grew 4,4,4,4"
margin_growth_exact,halt,402.tiff,3,ALL,True,"grew 4,4,4,4"
margin_growth_exact,halt,402.tiff,4,ALL,True,"grew 4,4,4,4"
margin_growth_exact,halt,402.tiff,5,ALL,True,"grew 4,4,4,4"
margin_growth_exact,halt,403.tiff,0,ALL,True,"grew 4,4,4,4"
margin_growth_exact,halt,403.tiff,1,ALL,True,"grew 4,4,4,4"
margin_growth_exact,halt,403.tiff,2,ALL,True,"grew 4,4,4,4"
margin_growth_exact,halt,403.tiff,3,ALL,True,"grew 4,4,4,4"
margin_growth_exact,halt,403.tiff,4,ALL,True,"grew 4,4,4,0"
margin_growth_exact,halt,403.tiff,5,ALL,True,"grew 0,0,2,3"
margin_growth_exact,halt,353.tiff,0,ALL,True,"grew 4,4,4,4"
margin_growth_exact,halt,353.tiff,1,ALL,True,"grew 4,4,4,4"
margin_growth_exact,halt,353.tiff,2,ALL,True,"grew 4,4,4,4"
margin_growth_exact,halt,353.tiff,3,ALL,True,"grew 4,4,4,4"
margin_growth_exact,halt,353.tiff,4,ALL,True,"grew 4,4,4,4"
margin_growth_exact,halt,353.tiff,5,ALL,True,"grew 4,4,4,4"
margin_growth_exact,halt,364.tiff,0,ALL,True,"grew 0,4,4,4"
margin_growth_exact,halt,364.tiff,1,ALL,True,"grew 4,4,4,4"
margin_growth_exact,halt,364.tiff,2,ALL,True,"grew 4,4,4,4"
margin_growth_exact,halt,364.tiff,3,ALL,True,"grew 4,4,4,4"
margin_growth_exact,halt,364.tiff,4,ALL,True,"grew 4,4,4,4"
margin_growth_exact,halt,364.tiff,5,ALL,True,"grew 4,4,4,4"
margin_growth_exact,halt,400.tiff,0,ALL,True,"grew 4,4,4,4"
margin_growth_exact,halt,400.tiff,1,ALL,True,"grew 4,4,4,4"
margin_growth_exact,halt,400.tiff,2,ALL,True,"grew 4,4,4,4"
margin_growth_exact,halt,400.tiff,3,ALL,True,"grew 4,4,4,4"
margin_growth_exact,halt,400.tiff,4,ALL,True,"grew 4,4,4,4"
margin_growth_exact,halt,400.tiff,5,ALL,True,"grew 4,4,4,4"
margin_growth_exact,halt,401.tiff,0,ALL,True,"grew 4,4,4,4"
margin_growth_exact,halt,401.tiff,1,ALL,True,"grew 4,4,4,4"
margin_growth_exact,halt,401.tiff,2,ALL,True,"grew 4,4,4,4"
margin_growth_exact,halt,401.tiff,3,ALL,True,"grew 4,4,4,4"
margin_growth_exact,halt,401.tiff,4,ALL,True,"grew 4,4,4,4"
margin_growth_exact,halt,401.tiff,5,ALL,True,"grew 4,4,4,4"
margin_growth_exact,halt,404.tiff,0,ALL,True,"grew 4,4,4,4"
margin_growth_exact,halt,404.tiff,1,ALL,True,"grew 4,4,4,4"
margin_growth_exact,halt,404.tiff,2,ALL,True,"grew 4,4,4,4"
margin_growth_exact,halt,404.tiff,3,ALL,True,"grew 3,4,4,4"
margin_growth_exact,halt,404.tiff,4,ALL,True,"grew 4,4,4,4"
margin_growth_exact,halt,404.tiff,5,ALL,True,"grew 4,4,4,4"
max_peaks_binds,report,300.tiff,0,default_51,True,n_peaks=100
max_peaks_binds,report,300.tiff,0,default_51,True,n_peaks=100
max_peaks_binds,report,300.tiff,0,hem_rect_fill,True,n_peaks=100
max_peaks_binds,report,300.tiff,0,hem_rect_fill,True,n_peaks=100
max_peaks_binds,report,300.tiff,0,hem_rect_fill_1um,True,n_peaks=100
max_peaks_binds,report,300.tiff,0,hem_rect_fill_1um,True,n_peaks=100
max_peaks_binds,report,300.tiff,0,hem_mask_fill_1um,True,n_peaks=100
max_peaks_binds,report,300.tiff,0,hem_mask_fill_1um,True,n_peaks=100
max_peaks_binds,report,300.tiff,1,default_51,True,n_peaks=100
max_peaks_binds,report,300.tiff,1,default_51,True,n_peaks=100
max_peaks_binds,report,300.tiff,1,hem_rect_fill,True,n_peaks=100
max_peaks_binds,report,300.tiff,1,hem_rect_fill,True,n_peaks=100
max_peaks_binds,report,300.tiff,1,hem_rect_fill_1um,True,n_peaks=100
max_peaks_binds,report,300.tiff,1,hem_rect_fill_1um,True,n_peaks=100
max_peaks_binds,report,300.tiff,1,hem_mask_fill_1um,True,n_peaks=100
max_peaks_binds,report,300.tiff,1,hem_mask_fill_1um,True,n_peaks=100
max_peaks_binds,report,300.tiff,2,default_51,True,n_peaks=100
max_peaks_binds,report,300.tiff,2,default_51,True,n_peaks=100
max_peaks_binds,report,300.tiff,2,hem_rect_fill,True,n_peaks=100
max_peaks_binds,report,300.tiff,2,hem_rect_fill,True,n_peaks=100
max_peaks_binds,report,300.tiff,2,hem_rect_fill_1um,True,n_peaks=100
max_peaks_binds,report,300.tiff,2,hem_rect_fill_1um,True,n_peaks=100
max_peaks_binds,report,300.tiff,2,hem_mask_fill_1um,True,n_peaks=100
max_peaks_binds,report,300.tiff,2,hem_mask_fill_1um,True,n_peaks=100
max_peaks_binds,report,300.tiff,3,default_51,True,n_peaks=100
max_peaks_binds,report,300.tiff,3,default_51,True,n_peaks=100
max_peaks_binds,report,300.tiff,3,hem_rect_fill,True,n_peaks=100
max_peaks_binds,report,300.tiff,3,hem_rect_fill,True,n_peaks=100
max_peaks_binds,report,300.tiff,3,hem_rect_fill_1um,True,n_peaks=100
max_peaks_binds,report,300.tiff,3,hem_rect_fill_1um,True,n_peaks=100
max_peaks_binds,report,300.tiff,3,hem_mask_fill_1um,True,n_peaks=100
max_peaks_binds,report,300.tiff,3,hem_mask_fill_1um,True,n_peaks=100
max_peaks_binds,report,300.tiff,4,default_51,True,n_peaks=100
max_peaks_binds,report,300.tiff,4,default_51,True,n_peaks=100
max_peaks_binds,report,300.tiff,4,hem_rect_fill,True,n_peaks=100
max_peaks_binds,report,300.tiff,4,hem_rect_fill,True,n_peaks=100
max_peaks_binds,report,300.tiff,4,hem_rect_fill_1um,True,n_peaks=100
max_peaks_binds,report,300.tiff,4,hem_rect_fill_1um,True,n_peaks=100
max_peaks_binds,report,300.tiff,4,hem_mask_fill_1um,True,n_peaks=100
max_peaks_binds,report,300.tiff,4,hem_mask_fill_1um,True,n_peaks=100
max_peaks_binds,report,300.tiff,5,default_51,True,n_peaks=100
max_peaks_binds,report,300.tiff,5,default_51,True,n_peaks=100
max_peaks_binds,report,300.tiff,5,hem_rect_fill,True,n_peaks=100
max_peaks_binds,report,300.tiff,5,hem_rect_fill,True,n_peaks=100
max_peaks_binds,report,300.tiff,5,hem_rect_fill_1um,True,n_peaks=100
max_peaks_binds,report,300.tiff,5,hem_rect_fill_1um,True,n_peaks=100
max_peaks_binds,report,300.tiff,5,hem_mask_fill_1um,True,n_peaks=100
max_peaks_binds,report,300.tiff,5,hem_mask_fill_1um,True,n_peaks=100
max_peaks_binds,report,301.tiff,0,default_51,True,n_peaks=100
max_peaks_binds,report,301.tiff,0,default_51,True,n_peaks=100
max_peaks_binds,report,301.tiff,0,hem_rect_fill,True,n_peaks=100
max_peaks_binds,report,301.tiff,0,hem_rect_fill,True,n_peaks=100
max_peaks_binds,report,301.tiff,0,hem_rect_fill_1um,True,n_peaks=100
max_peaks_binds,report,301.tiff,0,hem_rect_fill_1um,True,n_peaks=100
max_peaks_binds,report,301.tiff,0,hem_mask_fill_1um,True,n_peaks=100
max_peaks_binds,report,301.tiff,0,hem_mask_fill_1um,True,n_peaks=100
max_peaks_binds,report,301.tiff,1,default_51,True,n_peaks=100
max_peaks_binds,report,301.tiff,1,default_51,True,n_peaks=100
max_peaks_binds,report,301.tiff,1,hem_rect_fill,True,n_peaks=100
max_peaks_binds,report,301.tiff,1,hem_rect_fill,True,n_peaks=100
max_peaks_binds,report,301.tiff,1,hem_rect_fill_1um,True,n_peaks=100
max_peaks_binds,report,301.tiff,1,hem_rect_fill_1um,True,n_peaks=100
max_peaks_binds,report,301.tiff,1,hem_mask_fill_1um,True,n_peaks=100
max_peaks_binds,report,301.tiff,1,hem_mask_fill_1um,True,n_peaks=100
max_peaks_binds,report,301.tiff,2,default_51,True,n_peaks=100
max_peaks_binds,report,301.tiff,2,default_51,True,n_peaks=100
max_peaks_binds,report,301.tiff,2,hem_rect_fill,True,n_peaks=100
max_peaks_binds,report,301.tiff,2,hem_rect_fill,True,n_peaks=100
max_peaks_binds,report,301.tiff,2,hem_rect_fill_1um,True,n_peaks=100
max_peaks_binds,report,301.tiff,2,hem_rect_fill_1um,True,n_peaks=100
max_peaks_binds,report,301.tiff,2,hem_mask_fill_1um,True,n_peaks=100
max_peaks_binds,report,301.tiff,2,hem_mask_fill_1um,True,n_peaks=100
max_peaks_binds,report,301.tiff,3,default_51,True,n_peaks=100
max_peaks_binds,report,301.tiff,3,default_51,True,n_peaks=100
max_peaks_binds,report,301.tiff,3,hem_rect_fill,True,n_peaks=100
max_peaks_binds,report,301.tiff,3,hem_rect_fill,True,n_peaks=100
max_peaks_binds,report,301.tiff,3,hem_rect_fill_1um,True,n_peaks=100
max_peaks_binds,report,301.tiff,3,hem_rect_fill_1um,True,n_peaks=100
max_peaks_binds,report,301.tiff,3,hem_mask_fill_1um,True,n_peaks=100
max_peaks_binds,report,301.tiff,3,hem_mask_fill_1um,True,n_peaks=100
max_peaks_binds,report,301.tiff,4,default_51,True,n_peaks=100
max_peaks_binds,report,301.tiff,4,default_51,True,n_peaks=100
max_peaks_binds,report,301.tiff,4,hem_rect_fill,True,n_peaks=100
max_peaks_binds,report,301.tiff,4,hem_rect_fill,True,n_peaks=100
max_peaks_binds,report,301.tiff,4,hem_rect_fill_1um,True,n_peaks=100
max_peaks_binds,report,301.tiff,4,hem_rect_fill_1um,True,n_peaks=100
max_peaks_binds,report,301.tiff,4,hem_mask_fill_1um,True,n_peaks=100
max_peaks_binds,report,301.tiff,4,hem_mask_fill_1um,True,n_peaks=100
max_peaks_binds,report,301.tiff,5,default_51,True,n_peaks=100
max_peaks_binds,report,301.tiff,5,default_51,True,n_peaks=100
max_peaks_binds,report,301.tiff,5,hem_rect_fill,True,n_peaks=100
max_peaks_binds,report,301.tiff,5,hem_rect_fill,True,n_peaks=100
max_peaks_binds,report,301.tiff,5,hem_rect_fill_1um,True,n_peaks=100
max_peaks_binds,report,301.tiff,5,hem_rect_fill_1um,True,n_peaks=100
max_peaks_binds,report,301.tiff,5,hem_mask_fill_1um,True,n_peaks=100
max_peaks_binds,report,301.tiff,5,hem_mask_fill_1um,True,n_peaks=100
max_peaks_binds,report,322.tiff,0,default_51,True,n_peaks=100
max_peaks_binds,report,322.tiff,0,default_51,True,n_peaks=100
max_peaks_binds,report,322.tiff,0,hem_rect_fill,True,n_peaks=100
max_peaks_binds,report,322.tiff,0,hem_rect_fill,True,n_peaks=100
max_peaks_binds,report,322.tiff,0,hem_rect_fill_1um,True,n_peaks=100
max_peaks_binds,report,322.tiff,0,hem_rect_fill_1um,True,n_peaks=100
max_peaks_binds,report,322.tiff,0,hem_mask_fill_1um,True,n_peaks=100
max_peaks_binds,report,322.tiff,0,hem_mask_fill_1um,True,n_peaks=100
max_peaks_binds,report,322.tiff,1,default_51,True,n_peaks=100
max_peaks_binds,report,322.tiff,1,default_51,True,n_peaks=100
max_peaks_binds,report,322.tiff,1,hem_rect_fill,True,n_peaks=100
max_peaks_binds,report,322.tiff,1,hem_rect_fill,True,n_peaks=100
max_peaks_binds,report,322.tiff,1,hem_rect_fill_1um,True,n_peaks=100
max_peaks_binds,report,322.tiff,1,hem_rect_fill_1um,True,n_peaks=100
max_peaks_binds,report,322.tiff,1,hem_mask_fill_1um,True,n_peaks=100
max_peaks_binds,report,322.tiff,1,hem_mask_fill_1um,True,n_peaks=100
max_peaks_binds,report,322.tiff,2,default_51,True,n_peaks=100
max_peaks_binds,report,322.tiff,2,default_51,True,n_peaks=100
max_peaks_binds,report,322.tiff,2,hem_rect_fill,True,n_peaks=100
max_peaks_binds,report,322.tiff,2,hem_rect_fill,True,n_peaks=100
max_peaks_binds,report,322.tiff,2,hem_rect_fill_1um,True,n_peaks=100
max_peaks_binds,report,322.tiff,2,hem_rect_fill_1um,True,n_peaks=100
max_peaks_binds,report,322.tiff,2,hem_mask_fill_1um,True,n_peaks=100
max_peaks_binds,report,322.tiff,2,hem_mask_fill_1um,True,n_peaks=100
max_peaks_binds,report,322.tiff,3,default_51,True,n_peaks=100
max_peaks_binds,report,322.tiff,3,default_51,True,n_peaks=100
max_peaks_binds,report,322.tiff,3,hem_rect_fill,True,n_peaks=100
max_peaks_binds,report,322.tiff,3,hem_rect_fill,True,n_peaks=100
max_peaks_binds,report,322.tiff,3,hem_rect_fill_1um,True,n_peaks=100
max_peaks_binds,report,322.tiff,3,hem_rect_fill_1um,True,n_peaks=100
max_peaks_binds,report,322.tiff,3,hem_mask_fill_1um,True,n_peaks=100
max_peaks_binds,report,322.tiff,3,hem_mask_fill_1um,True,n_peaks=100
max_peaks_binds,report,322.tiff,4,default_51,True,n_peaks=100
max_peaks_binds,report,322.tiff,4,default_51,True,n_peaks=100
max_peaks_binds,report,322.tiff,4,hem_rect_fill,True,n_peaks=100
max_peaks_binds,report,322.tiff,4,hem_rect_fill,True,n_peaks=100
max_peaks_binds,report,322.tiff,4,hem_rect_fill_1um,True,n_peaks=100
max_peaks_binds,report,322.tiff,4,hem_rect_fill_1um,True,n_peaks=100
max_peaks_binds,report,322.tiff,4,hem_mask_fill_1um,True,n_peaks=100
max_peaks_binds,report,322.tiff,4,hem_mask_fill_1um,True,n_peaks=100
max_peaks_binds,report,322.tiff,5,default_51,True,n_peaks=100
max_peaks_binds,report,322.tiff,5,default_51,True,n_peaks=100
max_peaks_binds,report,322.tiff,5,hem_rect_fill,True,n_peaks=100
max_peaks_binds,report,322.tiff,5,hem_rect_fill,True,n_peaks=100
max_peaks_binds,report,322.tiff,5,hem_rect_fill_1um,True,n_peaks=100
max_peaks_binds,report,322.tiff,5,hem_rect_fill_1um,True,n_peaks=100
max_peaks_binds,report,322.tiff,5,hem_mask_fill_1um,True,n_peaks=100
max_peaks_binds,report,322.tiff,5,hem_mask_fill_1um,True,n_peaks=100
max_peaks_binds,report,337.tiff,0,default_51,True,n_peaks=100
max_peaks_binds,report,337.tiff,0,default_51,True,n_peaks=100
max_peaks_binds,report,337.tiff,0,hem_rect_fill,True,n_peaks=100
max_peaks_binds,report,337.tiff,0,hem_rect_fill,True,n_peaks=100
max_peaks_binds,report,337.tiff,0,hem_rect_fill_1um,True,n_peaks=100
max_peaks_binds,report,337.tiff,0,hem_rect_fill_1um,True,n_peaks=100
max_peaks_binds,report,337.tiff,0,hem_mask_fill_1um,True,n_peaks=100
max_peaks_binds,report,337.tiff,0,hem_mask_fill_1um,True,n_peaks=100
max_peaks_binds,report,337.tiff,1,default_51,True,n_peaks=100
max_peaks_binds,report,337.tiff,1,default_51,True,n_peaks=100
max_peaks_binds,report,337.tiff,1,hem_rect_fill,True,n_peaks=100
max_peaks_binds,report,337.tiff,1,hem_rect_fill,True,n_peaks=100
max_peaks_binds,report,337.tiff,1,hem_rect_fill_1um,True,n_peaks=100
max_peaks_binds,report,337.tiff,1,hem_rect_fill_1um,True,n_peaks=100
max_peaks_binds,report,337.tiff,1,hem_mask_fill_1um,True,n_peaks=100
max_peaks_binds,report,337.tiff,1,hem_mask_fill_1um,True,n_peaks=100
max_peaks_binds,report,337.tiff,2,default_51,True,n_peaks=100
max_peaks_binds,report,337.tiff,2,default_51,True,n_peaks=100
max_peaks_binds,report,337.tiff,2,hem_rect_fill,True,n_peaks=100
max_peaks_binds,report,337.tiff,2,hem_rect_fill,True,n_peaks=100
max_peaks_binds,report,337.tiff,2,hem_rect_fill_1um,True,n_peaks=100
max_peaks_binds,report,337.tiff,2,hem_rect_fill_1um,True,n_peaks=100
max_peaks_binds,report,337.tiff,2,hem_mask_fill_1um,True,n_peaks=100
max_peaks_binds,report,337.tiff,2,hem_mask_fill_1um,True,n_peaks=100
max_peaks_binds,report,337.tiff,3,default_51,True,n_peaks=100
max_peaks_binds,report,337.tiff,3,default_51,True,n_peaks=100
max_peaks_binds,report,337.tiff,3,hem_rect_fill,True,n_peaks=100
max_peaks_binds,report,337.tiff,3,hem_rect_fill,True,n_peaks=100
max_peaks_binds,report,337.tiff,3,hem_rect_fill_1um,True,n_peaks=100
max_peaks_binds,report,337.tiff,3,hem_rect_fill_1um,True,n_peaks=100
max_peaks_binds,report,337.tiff,3,hem_mask_fill_1um,True,n_peaks=100
max_peaks_binds,report,337.tiff,3,hem_mask_fill_1um,True,n_peaks=100
max_peaks_binds,report,337.tiff,4,default_51,True,n_peaks=100
max_peaks_binds,report,337.tiff,4,default_51,True,n_peaks=100
max_peaks_binds,report,337.tiff,4,hem_rect_fill,True,n_peaks=100
max_peaks_binds,report,337.tiff,4,hem_rect_fill,True,n_peaks=100
max_peaks_binds,report,337.tiff,4,hem_rect_fill_1um,True,n_peaks=100
max_peaks_binds,report,337.tiff,4,hem_rect_fill_1um,True,n_peaks=100
max_peaks_binds,report,337.tiff,4,hem_mask_fill_1um,True,n_peaks=100
max_peaks_binds,report,337.tiff,4,hem_mask_fill_1um,True,n_peaks=100
max_peaks_binds,report,337.tiff,5,default_51,True,n_peaks=100
max_peaks_binds,report,337.tiff,5,default_51,True,n_peaks=100
max_peaks_binds,report,337.tiff,5,hem_rect_fill,True,n_peaks=100
max_peaks_binds,report,337.tiff,5,hem_rect_fill,True,n_peaks=100
max_peaks_binds,report,337.tiff,5,hem_rect_fill_1um,True,n_peaks=100
max_peaks_binds,report,337.tiff,5,hem_rect_fill_1um,True,n_peaks=100
max_peaks_binds,report,337.tiff,5,hem_mask_fill_1um,True,n_peaks=100
max_peaks_binds,report,337.tiff,5,hem_mask_fill_1um,True,n_peaks=100
max_peaks_binds,report,339.tiff,0,default_51,True,n_peaks=100
max_peaks_binds,report,339.tiff,0,default_51,True,n_peaks=100
max_peaks_binds,report,339.tiff,0,hem_rect_fill,True,n_peaks=100
max_peaks_binds,report,339.tiff,0,hem_rect_fill,True,n_peaks=100
max_peaks_binds,report,339.tiff,0,hem_rect_fill_1um,True,n_peaks=100
max_peaks_binds,report,339.tiff,0,hem_rect_fill_1um,True,n_peaks=100
max_peaks_binds,report,339.tiff,0,hem_mask_fill_1um,True,n_peaks=100
max_peaks_binds,report,339.tiff,0,hem_mask_fill_1um,True,n_peaks=100
max_peaks_binds,report,339.tiff,1,default_51,True,n_peaks=100
max_peaks_binds,report,339.tiff,1,default_51,True,n_peaks=100
max_peaks_binds,report,339.tiff,1,hem_rect_fill,True,n_peaks=100
max_peaks_binds,report,339.tiff,1,hem_rect_fill,True,n_peaks=100
max_peaks_binds,report,339.tiff,1,hem_rect_fill_1um,True,n_peaks=100
max_peaks_binds,report,339.tiff,1,hem_rect_fill_1um,True,n_peaks=100
max_peaks_binds,report,339.tiff,1,hem_mask_fill_1um,True,n_peaks=100
max_peaks_binds,report,339.tiff,1,hem_mask_fill_1um,True,n_peaks=100
max_peaks_binds,report,339.tiff,2,default_51,True,n_peaks=100
max_peaks_binds,report,339.tiff,2,default_51,True,n_peaks=100
max_peaks_binds,report,339.tiff,2,hem_rect_fill,True,n_peaks=100
max_peaks_binds,report,339.tiff,2,hem_rect_fill,True,n_peaks=100
max_peaks_binds,report,339.tiff,2,hem_rect_fill_1um,True,n_peaks=100
max_peaks_binds,report,339.tiff,2,hem_rect_fill_1um,True,n_peaks=100
max_peaks_binds,report,339.tiff,2,hem_mask_fill_1um,True,n_peaks=100
max_peaks_binds,report,339.tiff,2,hem_mask_fill_1um,True,n_peaks=100
max_peaks_binds,report,339.tiff,3,default_51,True,n_peaks=100
max_peaks_binds,report,339.tiff,3,default_51,True,n_peaks=100
max_peaks_binds,report,339.tiff,3,hem_rect_fill,True,n_peaks=100
max_peaks_binds,report,339.tiff,3,hem_rect_fill,True,n_peaks=100
max_peaks_binds,report,339.tiff,3,hem_rect_fill_1um,True,n_peaks=100
max_peaks_binds,report,339.tiff,3,hem_rect_fill_1um,True,n_peaks=100
max_peaks_binds,report,339.tiff,3,hem_mask_fill_1um,True,n_peaks=100
max_peaks_binds,report,339.tiff,3,hem_mask_fill_1um,True,n_peaks=100
max_peaks_binds,report,339.tiff,4,default_51,True,n_peaks=100
max_peaks_binds,report,339.tiff,4,default_51,True,n_peaks=100
max_peaks_binds,report,339.tiff,4,hem_rect_fill,True,n_peaks=100
max_peaks_binds,report,339.tiff,4,hem_rect_fill,True,n_peaks=100
max_peaks_binds,report,339.tiff,4,hem_rect_fill_1um,True,n_peaks=100
max_peaks_binds,report,339.tiff,4,hem_rect_fill_1um,True,n_peaks=100
max_peaks_binds,report,339.tiff,4,hem_mask_fill_1um,True,n_peaks=100
max_peaks_binds,report,339.tiff,4,hem_mask_fill_1um,True,n_peaks=100
max_peaks_binds,report,339.tiff,5,default_51,True,n_peaks=100
max_peaks_binds,report,339.tiff,5,default_51,True,n_peaks=100
max_peaks_binds,report,339.tiff,5,hem_rect_fill,True,n_peaks=100
max_peaks_binds,report,339.tiff,5,hem_rect_fill,True,n_peaks=100
max_peaks_binds,report,339.tiff,5,hem_rect_fill_1um,True,n_peaks=100
max_peaks_binds,report,339.tiff,5,hem_rect_fill_1um,True,n_peaks=100
max_peaks_binds,report,339.tiff,5,hem_mask_fill_1um,True,n_peaks=100
max_peaks_binds,report,339.tiff,5,hem_mask_fill_1um,True,n_peaks=100
max_peaks_binds,report,343.tiff,0,default_51,True,n_peaks=100
max_peaks_binds,report,343.tiff,0,default_51,True,n_peaks=100
max_peaks_binds,report,343.tiff,0,hem_rect_fill,True,n_peaks=100
max_peaks_binds,report,343.tiff,0,hem_rect_fill,True,n_peaks=100
max_peaks_binds,report,343.tiff,0,hem_rect_fill_1um,True,n_peaks=100
max_peaks_binds,report,343.tiff,0,hem_rect_fill_1um,True,n_peaks=100
max_peaks_binds,report,343.tiff,0,hem_mask_fill_1um,True,n_peaks=100
max_peaks_binds,report,343.tiff,0,hem_mask_fill_1um,True,n_peaks=100
max_peaks_binds,report,343.tiff,1,default_51,True,n_peaks=100
max_peaks_binds,report,343.tiff,1,default_51,True,n_peaks=100
max_peaks_binds,report,343.tiff,1,hem_rect_fill,True,n_peaks=100
max_peaks_binds,report,343.tiff,1,hem_rect_fill,True,n_peaks=100
max_peaks_binds,report,343.tiff,1,hem_rect_fill_1um,True,n_peaks=100
max_peaks_binds,report,343.tiff,1,hem_rect_fill_1um,True,n_peaks=100
max_peaks_binds,report,343.tiff,1,hem_mask_fill_1um,True,n_peaks=100
max_peaks_binds,report,343.tiff,1,hem_mask_fill_1um,True,n_peaks=100
max_peaks_binds,report,343.tiff,2,default_51,True,n_peaks=100
max_peaks_binds,report,343.tiff,2,default_51,True,n_peaks=100
max_peaks_binds,report,343.tiff,2,hem_rect_fill,True,n_peaks=100
max_peaks_binds,report,343.tiff,2,hem_rect_fill,True,n_peaks=100
max_peaks_binds,report,343.tiff,2,hem_rect_fill_1um,True,n_peaks=100
max_peaks_binds,report,343.tiff,2,hem_rect_fill_1um,True,n_peaks=100
max_peaks_binds,report,343.tiff,2,hem_mask_fill_1um,True,n_peaks=100
max_peaks_binds,report,343.tiff,2,hem_mask_fill_1um,True,n_peaks=100
max_peaks_binds,report,343.tiff,3,default_51,True,n_peaks=100
max_peaks_binds,report,343.tiff,3,default_51,True,n_peaks=100
max_peaks_binds,report,343.tiff,3,hem_rect_fill,True,n_peaks=100
max_peaks_binds,report,343.tiff,3,hem_rect_fill,True,n_peaks=100
max_peaks_binds,report,343.tiff,3,hem_rect_fill_1um,True,n_peaks=100
max_peaks_binds,report,343.tiff,3,hem_rect_fill_1um,True,n_peaks=100
max_peaks_binds,report,343.tiff,3,hem_mask_fill_1um,True,n_peaks=100
max_peaks_binds,report,343.tiff,3,hem_mask_fill_1um,True,n_peaks=100
max_peaks_binds,report,343.tiff,4,default_51,True,n_peaks=100
max_peaks_binds,report,343.tiff,4,default_51,True,n_peaks=100
max_peaks_binds,report,343.tiff,4,hem_rect_fill,True,n_peaks=100
max_peaks_binds,report,343.tiff,4,hem_rect_fill,True,n_peaks=100
max_peaks_binds,report,343.tiff,4,hem_rect_fill_1um,True,n_peaks=100
max_peaks_binds,report,343.tiff,4,hem_rect_fill_1um,True,n_peaks=100
max_peaks_binds,report,343.tiff,4,hem_mask_fill_1um,True,n_peaks=100
max_peaks_binds,report,343.tiff,4,hem_mask_fill_1um,True,n_peaks=100
max_peaks_binds,report,343.tiff,5,default_51,True,n_peaks=100
max_peaks_binds,report,343.tiff,5,default_51,True,n_peaks=100
max_peaks_binds,report,343.tiff,5,hem_rect_fill,True,n_peaks=100
max_peaks_binds,report,343.tiff,5,hem_rect_fill,True,n_peaks=100
max_peaks_binds,report,343.tiff,5,hem_rect_fill_1um,True,n_peaks=100
max_peaks_binds,report,343.tiff,5,hem_rect_fill_1um,True,n_peaks=100
max_peaks_binds,report,343.tiff,5,hem_mask_fill_1um,True,n_peaks=100
max_peaks_binds,report,343.tiff,5,hem_mask_fill_1um,True,n_peaks=100
max_peaks_binds,report,344.tiff,0,default_51,True,n_peaks=100
max_peaks_binds,report,344.tiff,0,default_51,True,n_peaks=100
max_peaks_binds,report,344.tiff,0,hem_rect_fill,True,n_peaks=100
max_peaks_binds,report,344.tiff,0,hem_rect_fill,True,n_peaks=100
max_peaks_binds,report,344.tiff,0,hem_rect_fill_1um,True,n_peaks=100
max_peaks_binds,report,344.tiff,0,hem_rect_fill_1um,True,n_peaks=100
max_peaks_binds,report,344.tiff,0,hem_mask_fill_1um,True,n_peaks=100
max_peaks_binds,report,344.tiff,0,hem_mask_fill_1um,True,n_peaks=100
max_peaks_binds,report,344.tiff,1,default_51,True,n_peaks=100
max_peaks_binds,report,344.tiff,1,default_51,True,n_peaks=100
max_peaks_binds,report,344.tiff,1,hem_rect_fill,True,n_peaks=100
max_peaks_binds,report,344.tiff,1,hem_rect_fill,True,n_peaks=100
max_peaks_binds,report,344.tiff,1,hem_rect_fill_1um,True,n_peaks=100
max_peaks_binds,report,344.tiff,1,hem_rect_fill_1um,True,n_peaks=100
max_peaks_binds,report,344.tiff,1,hem_mask_fill_1um,True,n_peaks=100
max_peaks_binds,report,344.tiff,1,hem_mask_fill_1um,True,n_peaks=100
max_peaks_binds,report,344.tiff,2,default_51,True,n_peaks=100
max_peaks_binds,report,344.tiff,2,default_51,True,n_peaks=100
max_peaks_binds,report,344.tiff,2,hem_rect_fill,True,n_peaks=100
max_peaks_binds,report,344.tiff,2,hem_rect_fill,True,n_peaks=100
max_peaks_binds,report,344.tiff,2,hem_rect_fill_1um,True,n_peaks=100
max_peaks_binds,report,344.tiff,2,hem_rect_fill_1um,True,n_peaks=100
max_peaks_binds,report,344.tiff,2,hem_mask_fill_1um,True,n_peaks=100
max_peaks_binds,report,344.tiff,2,hem_mask_fill_1um,True,n_peaks=100
max_peaks_binds,report,344.tiff,3,default_51,True,n_peaks=100
max_peaks_binds,report,344.tiff,3,default_51,True,n_peaks=100
max_peaks_binds,report,344.tiff,3,hem_rect_fill,True,n_peaks=100
max_peaks_binds,report,344.tiff,3,hem_rect_fill,True,n_peaks=100
max_peaks_binds,report,344.tiff,3,hem_rect_fill_1um,True,n_peaks=100
max_peaks_binds,report,344.tiff,3,hem_rect_fill_1um,True,n_peaks=100
max_peaks_binds,report,344.tiff,3,hem_mask_fill_1um,True,n_peaks=100
max_peaks_binds,report,344.tiff,3,hem_mask_fill_1um,True,n_peaks=100
max_peaks_binds,report,344.tiff,4,default_51,True,n_peaks=100
max_peaks_binds,report,344.tiff,4,default_51,True,n_peaks=100
max_peaks_binds,report,344.tiff,4,hem_rect_fill,True,n_peaks=100
max_peaks_binds,report,344.tiff,4,hem_rect_fill,True,n_peaks=100
max_peaks_binds,report,344.tiff,4,hem_rect_fill_1um,True,n_peaks=100
max_peaks_binds,report,344.tiff,4,hem_rect_fill_1um,True,n_peaks=100
max_peaks_binds,report,344.tiff,4,hem_mask_fill_1um,True,n_peaks=100
max_peaks_binds,report,344.tiff,4,hem_mask_fill_1um,True,n_peaks=100
max_peaks_binds,report,344.tiff,5,default_51,True,n_peaks=100
max_peaks_binds,report,344.tiff,5,default_51,True,n_peaks=100
max_peaks_binds,report,344.tiff,5,hem_rect_fill,True,n_peaks=100
max_peaks_binds,report,344.tiff,5,hem_rect_fill,True,n_peaks=100
max_peaks_binds,report,344.tiff,5,hem_rect_fill_1um,True,n_peaks=100
max_peaks_binds,report,344.tiff,5,hem_rect_fill_1um,True,n_peaks=100
max_peaks_binds,report,344.tiff,5,hem_mask_fill_1um,True,n_peaks=100
max_peaks_binds,report,344.tiff,5,hem_mask_fill_1um,True,n_peaks=100
max_peaks_binds,report,201.tiff,0,default_51,True,n_peaks=100
max_peaks_binds,report,201.tiff,0,default_51,True,n_peaks=100
max_peaks_binds,report,201.tiff,0,hem_rect_fill,True,n_peaks=100
max_peaks_binds,report,201.tiff,0,hem_rect_fill,True,n_peaks=100
max_peaks_binds,report,201.tiff,0,hem_rect_fill_1um,True,n_peaks=100
max_peaks_binds,report,201.tiff,0,hem_rect_fill_1um,True,n_peaks=100
max_peaks_binds,report,201.tiff,0,hem_mask_fill_1um,True,n_peaks=100
max_peaks_binds,report,201.tiff,0,hem_mask_fill_1um,True,n_peaks=100
max_peaks_binds,report,201.tiff,1,default_51,True,n_peaks=100
max_peaks_binds,report,201.tiff,1,default_51,True,n_peaks=100
max_peaks_binds,report,201.tiff,1,hem_rect_fill,True,n_peaks=100
max_peaks_binds,report,201.tiff,1,hem_rect_fill,True,n_peaks=100
max_peaks_binds,report,201.tiff,1,hem_rect_fill_1um,True,n_peaks=100
max_peaks_binds,report,201.tiff,1,hem_rect_fill_1um,True,n_peaks=100
max_peaks_binds,report,201.tiff,1,hem_mask_fill_1um,True,n_peaks=100
max_peaks_binds,report,201.tiff,1,hem_mask_fill_1um,True,n_peaks=100
max_peaks_binds,report,201.tiff,2,default_51,True,n_peaks=100
max_peaks_binds,report,201.tiff,2,default_51,True,n_peaks=100
max_peaks_binds,report,201.tiff,2,hem_rect_fill,True,n_peaks=100
max_peaks_binds,report,201.tiff,2,hem_rect_fill,True,n_peaks=100
max_peaks_binds,report,201.tiff,2,hem_rect_fill_1um,True,n_peaks=100
max_peaks_binds,report,201.tiff,2,hem_rect_fill_1um,True,n_peaks=100
max_peaks_binds,report,201.tiff,2,hem_mask_fill_1um,True,n_peaks=100
max_peaks_binds,report,201.tiff,2,hem_mask_fill_1um,True,n_peaks=100
max_peaks_binds,report,201.tiff,3,default_51,True,n_peaks=100
max_peaks_binds,report,201.tiff,3,default_51,True,n_peaks=100
max_peaks_binds,report,201.tiff,3,hem_rect_fill,True,n_peaks=100
max_peaks_binds,report,201.tiff,3,hem_rect_fill,True,n_peaks=100
max_peaks_binds,report,201.tiff,3,hem_rect_fill_1um,True,n_peaks=100
max_peaks_binds,report,201.tiff,3,hem_rect_fill_1um,True,n_peaks=100
max_peaks_binds,report,201.tiff,3,hem_mask_fill_1um,True,n_peaks=100
max_peaks_binds,report,201.tiff,3,hem_mask_fill_1um,True,n_peaks=100
max_peaks_binds,report,201.tiff,4,default_51,True,n_peaks=100
max_peaks_binds,report,201.tiff,4,default_51,True,n_peaks=100
max_peaks_binds,report,201.tiff,4,hem_rect_fill,True,n_peaks=100
max_peaks_binds,report,201.tiff,4,hem_rect_fill,True,n_peaks=100
max_peaks_binds,report,201.tiff,4,hem_rect_fill_1um,True,n_peaks=100
max_peaks_binds,report,201.tiff,4,hem_rect_fill_1um,True,n_peaks=100
max_peaks_binds,report,201.tiff,4,hem_mask_fill_1um,True,n_peaks=100
max_peaks_binds,report,201.tiff,4,hem_mask_fill_1um,True,n_peaks=100
max_peaks_binds,report,201.tiff,5,default_51,True,n_peaks=100
max_peaks_binds,report,201.tiff,5,default_51,True,n_peaks=100
max_peaks_binds,report,201.tiff,5,hem_rect_fill,True,n_peaks=100
max_peaks_binds,report,201.tiff,5,hem_rect_fill,True,n_peaks=100
max_peaks_binds,report,201.tiff,5,hem_rect_fill_1um,True,n_peaks=100
max_peaks_binds,report,201.tiff,5,hem_rect_fill_1um,True,n_peaks=100
max_peaks_binds,report,201.tiff,5,hem_mask_fill_1um,True,n_peaks=100
max_peaks_binds,report,201.tiff,5,hem_mask_fill_1um,True,n_peaks=100
max_peaks_binds,report,233.tiff,0,default_51,True,n_peaks=100
max_peaks_binds,report,233.tiff,0,default_51,True,n_peaks=100
max_peaks_binds,report,233.tiff,0,hem_rect_fill,True,n_peaks=100
max_peaks_binds,report,233.tiff,0,hem_rect_fill,True,n_peaks=100
max_peaks_binds,report,233.tiff,0,hem_rect_fill_1um,True,n_peaks=100
max_peaks_binds,report,233.tiff,0,hem_rect_fill_1um,True,n_peaks=100
max_peaks_binds,report,233.tiff,0,hem_mask_fill_1um,True,n_peaks=100
max_peaks_binds,report,233.tiff,0,hem_mask_fill_1um,True,n_peaks=100
max_peaks_binds,report,233.tiff,1,default_51,True,n_peaks=100
max_peaks_binds,report,233.tiff,1,default_51,True,n_peaks=100
max_peaks_binds,report,233.tiff,1,hem_rect_fill,True,n_peaks=100
max_peaks_binds,report,233.tiff,1,hem_rect_fill,True,n_peaks=100
max_peaks_binds,report,233.tiff,1,hem_rect_fill_1um,True,n_peaks=100
max_peaks_binds,report,233.tiff,1,hem_rect_fill_1um,True,n_peaks=100
max_peaks_binds,report,233.tiff,1,hem_mask_fill_1um,True,n_peaks=100
max_peaks_binds,report,233.tiff,1,hem_mask_fill_1um,True,n_peaks=100
max_peaks_binds,report,233.tiff,2,default_51,True,n_peaks=100
max_peaks_binds,report,233.tiff,2,default_51,True,n_peaks=100
max_peaks_binds,report,233.tiff,2,hem_rect_fill,True,n_peaks=100
max_peaks_binds,report,233.tiff,2,hem_rect_fill,True,n_peaks=100
max_peaks_binds,report,233.tiff,2,hem_rect_fill_1um,True,n_peaks=100
max_peaks_binds,report,233.tiff,2,hem_rect_fill_1um,True,n_peaks=100
max_peaks_binds,report,233.tiff,2,hem_mask_fill_1um,True,n_peaks=100
max_peaks_binds,report,233.tiff,2,hem_mask_fill_1um,True,n_peaks=100
max_peaks_binds,report,233.tiff,3,default_51,True,n_peaks=100
max_peaks_binds,report,233.tiff,3,default_51,True,n_peaks=100
max_peaks_binds,report,233.tiff,3,hem_rect_fill,True,n_peaks=100
max_peaks_binds,report,233.tiff,3,hem_rect_fill,True,n_peaks=100
max_peaks_binds,report,233.tiff,3,hem_rect_fill_1um,True,n_peaks=100
max_peaks_binds,report,233.tiff,3,hem_rect_fill_1um,True,n_peaks=100
max_peaks_binds,report,233.tiff,3,hem_mask_fill_1um,True,n_peaks=100
max_peaks_binds,report,233.tiff,3,hem_mask_fill_1um,True,n_peaks=100
max_peaks_binds,report,233.tiff,4,default_51,True,n_peaks=100
max_peaks_binds,report,233.tiff,4,default_51,True,n_peaks=100
max_peaks_binds,report,233.tiff,4,hem_rect_fill,True,n_peaks=100
max_peaks_binds,report,233.tiff,4,hem_rect_fill,True,n_peaks=100
max_peaks_binds,report,233.tiff,4,hem_rect_fill_1um,True,n_peaks=100
max_peaks_binds,report,233.tiff,4,hem_rect_fill_1um,True,n_peaks=100
max_peaks_binds,report,233.tiff,4,hem_mask_fill_1um,True,n_peaks=100
max_peaks_binds,report,233.tiff,4,hem_mask_fill_1um,True,n_peaks=100
max_peaks_binds,report,233.tiff,5,default_51,True,n_peaks=100
max_peaks_binds,report,233.tiff,5,default_51,True,n_peaks=100
max_peaks_binds,report,233.tiff,5,hem_rect_fill,True,n_peaks=100
max_peaks_binds,report,233.tiff,5,hem_rect_fill,True,n_peaks=100
max_peaks_binds,report,233.tiff,5,hem_rect_fill_1um,True,n_peaks=100
max_peaks_binds,report,233.tiff,5,hem_rect_fill_1um,True,n_peaks=100
max_peaks_binds,report,233.tiff,5,hem_mask_fill_1um,True,n_peaks=100
max_peaks_binds,report,233.tiff,5,hem_mask_fill_1um,True,n_peaks=100
max_peaks_binds,report,211.tiff,0,default_51,True,n_peaks=100
max_peaks_binds,report,211.tiff,0,default_51,True,n_peaks=100
max_peaks_binds,report,211.tiff,0,hem_rect_fill,True,n_peaks=100
max_peaks_binds,report,211.tiff,0,hem_rect_fill,True,n_peaks=100
max_peaks_binds,report,211.tiff,0,hem_rect_fill_1um,True,n_peaks=100
max_peaks_binds,report,211.tiff,0,hem_rect_fill_1um,True,n_peaks=100
max_peaks_binds,report,211.tiff,0,hem_mask_fill_1um,True,n_peaks=100
max_peaks_binds,report,211.tiff,0,hem_mask_fill_1um,True,n_peaks=100
max_peaks_binds,report,211.tiff,1,default_51,True,n_peaks=100
max_peaks_binds,report,211.tiff,1,default_51,True,n_peaks=100
max_peaks_binds,report,211.tiff,1,hem_rect_fill,True,n_peaks=100
max_peaks_binds,report,211.tiff,1,hem_rect_fill,True,n_peaks=100
max_peaks_binds,report,211.tiff,1,hem_rect_fill_1um,True,n_peaks=100
max_peaks_binds,report,211.tiff,1,hem_rect_fill_1um,True,n_peaks=100
max_peaks_binds,report,211.tiff,1,hem_mask_fill_1um,True,n_peaks=100
max_peaks_binds,report,211.tiff,1,hem_mask_fill_1um,True,n_peaks=100
max_peaks_binds,report,211.tiff,2,default_51,True,n_peaks=100
max_peaks_binds,report,211.tiff,2,default_51,True,n_peaks=100
max_peaks_binds,report,211.tiff,2,hem_rect_fill,True,n_peaks=100
max_peaks_binds,report,211.tiff,2,hem_rect_fill,True,n_peaks=100
max_peaks_binds,report,211.tiff,2,hem_rect_fill_1um,True,n_peaks=100
max_peaks_binds,report,211.tiff,2,hem_rect_fill_1um,True,n_peaks=100
max_peaks_binds,report,211.tiff,2,hem_mask_fill_1um,True,n_peaks=100
max_peaks_binds,report,211.tiff,2,hem_mask_fill_1um,True,n_peaks=100
max_peaks_binds,report,211.tiff,3,default_51,True,n_peaks=100
max_peaks_binds,report,211.tiff,3,default_51,True,n_peaks=100
max_peaks_binds,report,211.tiff,3,hem_rect_fill,True,n_peaks=100
max_peaks_binds,report,211.tiff,3,hem_rect_fill,True,n_peaks=100
max_peaks_binds,report,211.tiff,3,hem_rect_fill_1um,True,n_peaks=100
max_peaks_binds,report,211.tiff,3,hem_rect_fill_1um,True,n_peaks=100
max_peaks_binds,report,211.tiff,3,hem_mask_fill_1um,True,n_peaks=100
max_peaks_binds,report,211.tiff,3,hem_mask_fill_1um,True,n_peaks=100
max_peaks_binds,report,211.tiff,4,default_51,True,n_peaks=100
max_peaks_binds,report,211.tiff,4,default_51,True,n_peaks=100
max_peaks_binds,report,211.tiff,4,hem_rect_fill,True,n_peaks=100
max_peaks_binds,report,211.tiff,4,hem_rect_fill,True,n_peaks=100
max_peaks_binds,report,211.tiff,4,hem_rect_fill_1um,True,n_peaks=100
max_peaks_binds,report,211.tiff,4,hem_rect_fill_1um,True,n_peaks=100
max_peaks_binds,report,211.tiff,4,hem_mask_fill_1um,True,n_peaks=100
max_peaks_binds,report,211.tiff,4,hem_mask_fill_1um,True,n_peaks=100
max_peaks_binds,report,211.tiff,5,default_51,True,n_peaks=100
max_peaks_binds,report,211.tiff,5,default_51,True,n_peaks=100
max_peaks_binds,report,211.tiff,5,hem_rect_fill,True,n_peaks=100
max_peaks_binds,report,211.tiff,5,hem_rect_fill,True,n_peaks=100
max_peaks_binds,report,211.tiff,5,hem_rect_fill_1um,True,n_peaks=100
max_peaks_binds,report,211.tiff,5,hem_rect_fill_1um,True,n_peaks=100
max_peaks_binds,report,211.tiff,5,hem_mask_fill_1um,True,n_peaks=100
max_peaks_binds,report,211.tiff,5,hem_mask_fill_1um,True,n_peaks=100
max_peaks_binds,report,220.tiff,0,default_51,True,n_peaks=100
max_peaks_binds,report,220.tiff,0,default_51,True,n_peaks=100
max_peaks_binds,report,220.tiff,0,hem_rect_fill,True,n_peaks=100
max_peaks_binds,report,220.tiff,0,hem_rect_fill,True,n_peaks=100
max_peaks_binds,report,220.tiff,0,hem_rect_fill_1um,True,n_peaks=100
max_peaks_binds,report,220.tiff,0,hem_rect_fill_1um,True,n_peaks=100
max_peaks_binds,report,220.tiff,0,hem_mask_fill_1um,True,n_peaks=100
max_peaks_binds,report,220.tiff,0,hem_mask_fill_1um,True,n_peaks=100
max_peaks_binds,report,220.tiff,1,default_51,True,n_peaks=100
max_peaks_binds,report,220.tiff,1,default_51,True,n_peaks=100
max_peaks_binds,report,220.tiff,1,hem_rect_fill,True,n_peaks=100
max_peaks_binds,report,220.tiff,1,hem_rect_fill,True,n_peaks=100
max_peaks_binds,report,220.tiff,1,hem_rect_fill_1um,True,n_peaks=100
max_peaks_binds,report,220.tiff,1,hem_rect_fill_1um,True,n_peaks=100
max_peaks_binds,report,220.tiff,1,hem_mask_fill_1um,True,n_peaks=100
max_peaks_binds,report,220.tiff,1,hem_mask_fill_1um,True,n_peaks=100
max_peaks_binds,report,220.tiff,2,default_51,True,n_peaks=100
max_peaks_binds,report,220.tiff,2,default_51,True,n_peaks=100
max_peaks_binds,report,220.tiff,2,hem_rect_fill,True,n_peaks=100
max_peaks_binds,report,220.tiff,2,hem_rect_fill,True,n_peaks=100
max_peaks_binds,report,220.tiff,2,hem_rect_fill_1um,True,n_peaks=100
max_peaks_binds,report,220.tiff,2,hem_rect_fill_1um,True,n_peaks=100
max_peaks_binds,report,220.tiff,2,hem_mask_fill_1um,True,n_peaks=100
max_peaks_binds,report,220.tiff,2,hem_mask_fill_1um,True,n_peaks=100
max_peaks_binds,report,220.tiff,3,default_51,True,n_peaks=100
max_peaks_binds,report,220.tiff,3,default_51,True,n_peaks=100
max_peaks_binds,report,220.tiff,3,hem_rect_fill,True,n_peaks=100
max_peaks_binds,report,220.tiff,3,hem_rect_fill,True,n_peaks=100
max_peaks_binds,report,220.tiff,3,hem_rect_fill_1um,True,n_peaks=100
max_peaks_binds,report,220.tiff,3,hem_rect_fill_1um,True,n_peaks=100
max_peaks_binds,report,220.tiff,3,hem_mask_fill_1um,True,n_peaks=100
max_peaks_binds,report,220.tiff,3,hem_mask_fill_1um,True,n_peaks=100
max_peaks_binds,report,220.tiff,4,default_51,True,n_peaks=100
max_peaks_binds,report,220.tiff,4,default_51,True,n_peaks=100
max_peaks_binds,report,220.tiff,4,hem_rect_fill,True,n_peaks=100
max_peaks_binds,report,220.tiff,4,hem_rect_fill,True,n_peaks=100
max_peaks_binds,report,220.tiff,4,hem_rect_fill_1um,True,n_peaks=100
max_peaks_binds,report,220.tiff,4,hem_rect_fill_1um,True,n_peaks=100
max_peaks_binds,report,220.tiff,4,hem_mask_fill_1um,True,n_peaks=100
max_peaks_binds,report,220.tiff,4,hem_mask_fill_1um,True,n_peaks=100
max_peaks_binds,report,220.tiff,5,default_51,True,n_peaks=100
max_peaks_binds,report,220.tiff,5,default_51,True,n_peaks=100
max_peaks_binds,report,220.tiff,5,hem_rect_fill,True,n_peaks=100
max_peaks_binds,report,220.tiff,5,hem_rect_fill,True,n_peaks=100
max_peaks_binds,report,220.tiff,5,hem_rect_fill_1um,True,n_peaks=100
max_peaks_binds,report,220.tiff,5,hem_rect_fill_1um,True,n_peaks=100
max_peaks_binds,report,220.tiff,5,hem_mask_fill_1um,True,n_peaks=100
max_peaks_binds,report,220.tiff,5,hem_mask_fill_1um,True,n_peaks=100
max_peaks_binds,report,230.tiff,0,default_51,True,n_peaks=100
max_peaks_binds,report,230.tiff,0,default_51,True,n_peaks=100
max_peaks_binds,report,230.tiff,0,hem_rect_fill,True,n_peaks=100
max_peaks_binds,report,230.tiff,0,hem_rect_fill,True,n_peaks=100
max_peaks_binds,report,230.tiff,0,hem_rect_fill_1um,True,n_peaks=100
max_peaks_binds,report,230.tiff,0,hem_rect_fill_1um,True,n_peaks=100
max_peaks_binds,report,230.tiff,0,hem_mask_fill_1um,True,n_peaks=100
max_peaks_binds,report,230.tiff,0,hem_mask_fill_1um,True,n_peaks=100
max_peaks_binds,report,230.tiff,1,default_51,True,n_peaks=100
max_peaks_binds,report,230.tiff,1,default_51,True,n_peaks=100
max_peaks_binds,report,230.tiff,1,hem_rect_fill,True,n_peaks=100
max_peaks_binds,report,230.tiff,1,hem_rect_fill,True,n_peaks=100
max_peaks_binds,report,230.tiff,1,hem_rect_fill_1um,True,n_peaks=100
max_peaks_binds,report,230.tiff,1,hem_rect_fill_1um,True,n_peaks=100
max_peaks_binds,report,230.tiff,1,hem_mask_fill_1um,True,n_peaks=100
max_peaks_binds,report,230.tiff,1,hem_mask_fill_1um,True,n_peaks=100
max_peaks_binds,report,230.tiff,2,default_51,True,n_peaks=100
max_peaks_binds,report,230.tiff,2,default_51,True,n_peaks=100
max_peaks_binds,report,230.tiff,2,hem_rect_fill,True,n_peaks=100
max_peaks_binds,report,230.tiff,2,hem_rect_fill,True,n_peaks=100
max_peaks_binds,report,230.tiff,2,hem_rect_fill_1um,True,n_peaks=100
max_peaks_binds,report,230.tiff,2,hem_rect_fill_1um,True,n_peaks=100
max_peaks_binds,report,230.tiff,2,hem_mask_fill_1um,True,n_peaks=100
max_peaks_binds,report,230.tiff,2,hem_mask_fill_1um,True,n_peaks=100
max_peaks_binds,report,230.tiff,3,default_51,True,n_peaks=100
max_peaks_binds,report,230.tiff,3,default_51,True,n_peaks=100
max_peaks_binds,report,230.tiff,3,hem_rect_fill,True,n_peaks=100
max_peaks_binds,report,230.tiff,3,hem_rect_fill,True,n_peaks=100
max_peaks_binds,report,230.tiff,3,hem_rect_fill_1um,True,n_peaks=100
max_peaks_binds,report,230.tiff,3,hem_rect_fill_1um,True,n_peaks=100
max_peaks_binds,report,230.tiff,3,hem_mask_fill_1um,True,n_peaks=100
max_peaks_binds,report,230.tiff,3,hem_mask_fill_1um,True,n_peaks=100
max_peaks_binds,report,230.tiff,4,default_51,True,n_peaks=100
max_peaks_binds,report,230.tiff,4,default_51,True,n_peaks=100
max_peaks_binds,report,230.tiff,4,hem_rect_fill,True,n_peaks=100
max_peaks_binds,report,230.tiff,4,hem_rect_fill,True,n_peaks=100
max_peaks_binds,report,230.tiff,4,hem_rect_fill_1um,True,n_peaks=100
max_peaks_binds,report,230.tiff,4,hem_rect_fill_1um,True,n_peaks=100
max_peaks_binds,report,230.tiff,4,hem_mask_fill_1um,True,n_peaks=100
max_peaks_binds,report,230.tiff,4,hem_mask_fill_1um,True,n_peaks=100
max_peaks_binds,report,230.tiff,5,default_51,True,n_peaks=100
max_peaks_binds,report,230.tiff,5,default_51,True,n_peaks=100
max_peaks_binds,report,230.tiff,5,hem_rect_fill,True,n_peaks=100
max_peaks_binds,report,230.tiff,5,hem_rect_fill,True,n_peaks=100
max_peaks_binds,report,230.tiff,5,hem_rect_fill_1um,True,n_peaks=100
max_peaks_binds,report,230.tiff,5,hem_rect_fill_1um,True,n_peaks=100
max_peaks_binds,report,230.tiff,5,hem_mask_fill_1um,True,n_peaks=100
max_peaks_binds,report,230.tiff,5,hem_mask_fill_1um,True,n_peaks=100
max_peaks_binds,report,235.tiff,0,default_51,True,n_peaks=100
max_peaks_binds,report,235.tiff,0,default_51,True,n_peaks=100
max_peaks_binds,report,235.tiff,0,hem_rect_fill,True,n_peaks=100
max_peaks_binds,report,235.tiff,0,hem_rect_fill,True,n_peaks=100
max_peaks_binds,report,235.tiff,0,hem_rect_fill_1um,True,n_peaks=100
max_peaks_binds,report,235.tiff,0,hem_rect_fill_1um,True,n_peaks=100
max_peaks_binds,report,235.tiff,0,hem_mask_fill_1um,True,n_peaks=100
max_peaks_binds,report,235.tiff,0,hem_mask_fill_1um,True,n_peaks=100
max_peaks_binds,report,235.tiff,1,default_51,True,n_peaks=100
max_peaks_binds,report,235.tiff,1,default_51,True,n_peaks=100
max_peaks_binds,report,235.tiff,1,hem_rect_fill,True,n_peaks=100
max_peaks_binds,report,235.tiff,1,hem_rect_fill,True,n_peaks=100
max_peaks_binds,report,235.tiff,1,hem_rect_fill_1um,True,n_peaks=100
max_peaks_binds,report,235.tiff,1,hem_rect_fill_1um,True,n_peaks=100
max_peaks_binds,report,235.tiff,1,hem_mask_fill_1um,True,n_peaks=100
max_peaks_binds,report,235.tiff,1,hem_mask_fill_1um,True,n_peaks=100
max_peaks_binds,report,235.tiff,2,default_51,True,n_peaks=100
max_peaks_binds,report,235.tiff,2,default_51,True,n_peaks=100
max_peaks_binds,report,235.tiff,2,hem_rect_fill,True,n_peaks=100
max_peaks_binds,report,235.tiff,2,hem_rect_fill,True,n_peaks=100
max_peaks_binds,report,235.tiff,2,hem_rect_fill_1um,True,n_peaks=100
max_peaks_binds,report,235.tiff,2,hem_rect_fill_1um,True,n_peaks=100
max_peaks_binds,report,235.tiff,2,hem_mask_fill_1um,True,n_peaks=100
max_peaks_binds,report,235.tiff,2,hem_mask_fill_1um,True,n_peaks=100
max_peaks_binds,report,235.tiff,3,default_51,True,n_peaks=100
max_peaks_binds,report,235.tiff,3,default_51,True,n_peaks=100
max_peaks_binds,report,235.tiff,3,hem_rect_fill,True,n_peaks=100
max_peaks_binds,report,235.tiff,3,hem_rect_fill,True,n_peaks=100
max_peaks_binds,report,235.tiff,3,hem_rect_fill_1um,True,n_peaks=100
max_peaks_binds,report,235.tiff,3,hem_rect_fill_1um,True,n_peaks=100
max_peaks_binds,report,235.tiff,3,hem_mask_fill_1um,True,n_peaks=100
max_peaks_binds,report,235.tiff,3,hem_mask_fill_1um,True,n_peaks=100
max_peaks_binds,report,235.tiff,4,default_51,True,n_peaks=100
max_peaks_binds,report,235.tiff,4,default_51,True,n_peaks=100
max_peaks_binds,report,235.tiff,4,hem_rect_fill,True,n_peaks=100
max_peaks_binds,report,235.tiff,4,hem_rect_fill,True,n_peaks=100
max_peaks_binds,report,235.tiff,4,hem_rect_fill_1um,True,n_peaks=100
max_peaks_binds,report,235.tiff,4,hem_rect_fill_1um,True,n_peaks=100
max_peaks_binds,report,235.tiff,4,hem_mask_fill_1um,True,n_peaks=100
max_peaks_binds,report,235.tiff,4,hem_mask_fill_1um,True,n_peaks=100
max_peaks_binds,report,235.tiff,5,default_51,True,n_peaks=100
max_peaks_binds,report,235.tiff,5,default_51,True,n_peaks=100
max_peaks_binds,report,235.tiff,5,hem_rect_fill,True,n_peaks=100
max_peaks_binds,report,235.tiff,5,hem_rect_fill,True,n_peaks=100
max_peaks_binds,report,235.tiff,5,hem_rect_fill_1um,True,n_peaks=100
max_peaks_binds,report,235.tiff,5,hem_rect_fill_1um,True,n_peaks=100
max_peaks_binds,report,235.tiff,5,hem_mask_fill_1um,True,n_peaks=100
max_peaks_binds,report,235.tiff,5,hem_mask_fill_1um,True,n_peaks=100
max_peaks_binds,report,242.tiff,0,default_51,True,n_peaks=100
max_peaks_binds,report,242.tiff,0,default_51,True,n_peaks=100
max_peaks_binds,report,242.tiff,0,hem_rect_fill,True,n_peaks=100
max_peaks_binds,report,242.tiff,0,hem_rect_fill,True,n_peaks=100
max_peaks_binds,report,242.tiff,0,hem_rect_fill_1um,True,n_peaks=100
max_peaks_binds,report,242.tiff,0,hem_rect_fill_1um,True,n_peaks=100
max_peaks_binds,report,242.tiff,0,hem_mask_fill_1um,True,n_peaks=100
max_peaks_binds,report,242.tiff,0,hem_mask_fill_1um,True,n_peaks=100
max_peaks_binds,report,242.tiff,1,default_51,True,n_peaks=100
max_peaks_binds,report,242.tiff,1,default_51,True,n_peaks=100
max_peaks_binds,report,242.tiff,1,hem_rect_fill,True,n_peaks=100
max_peaks_binds,report,242.tiff,1,hem_rect_fill,True,n_peaks=100
max_peaks_binds,report,242.tiff,1,hem_rect_fill_1um,True,n_peaks=100
max_peaks_binds,report,242.tiff,1,hem_rect_fill_1um,True,n_peaks=100
max_peaks_binds,report,242.tiff,1,hem_mask_fill_1um,True,n_peaks=100
max_peaks_binds,report,242.tiff,1,hem_mask_fill_1um,True,n_peaks=100
max_peaks_binds,report,242.tiff,2,default_51,True,n_peaks=100
max_peaks_binds,report,242.tiff,2,default_51,True,n_peaks=100
max_peaks_binds,report,242.tiff,2,hem_rect_fill,True,n_peaks=100
max_peaks_binds,report,242.tiff,2,hem_rect_fill,True,n_peaks=100
max_peaks_binds,report,242.tiff,2,hem_rect_fill_1um,True,n_peaks=100
max_peaks_binds,report,242.tiff,2,hem_rect_fill_1um,True,n_peaks=100
max_peaks_binds,report,242.tiff,2,hem_mask_fill_1um,True,n_peaks=100
max_peaks_binds,report,242.tiff,2,hem_mask_fill_1um,True,n_peaks=100
max_peaks_binds,report,242.tiff,3,default_51,True,n_peaks=100
max_peaks_binds,report,242.tiff,3,default_51,True,n_peaks=100
max_peaks_binds,report,242.tiff,3,hem_rect_fill,True,n_peaks=100
max_peaks_binds,report,242.tiff,3,hem_rect_fill,True,n_peaks=100
max_peaks_binds,report,242.tiff,3,hem_rect_fill_1um,True,n_peaks=100
max_peaks_binds,report,242.tiff,3,hem_rect_fill_1um,True,n_peaks=100
max_peaks_binds,report,242.tiff,3,hem_mask_fill_1um,True,n_peaks=100
max_peaks_binds,report,242.tiff,3,hem_mask_fill_1um,True,n_peaks=100
max_peaks_binds,report,242.tiff,4,default_51,True,n_peaks=100
max_peaks_binds,report,242.tiff,4,default_51,True,n_peaks=100
max_peaks_binds,report,242.tiff,4,hem_rect_fill,True,n_peaks=100
max_peaks_binds,report,242.tiff,4,hem_rect_fill,True,n_peaks=100
max_peaks_binds,report,242.tiff,4,hem_rect_fill_1um,True,n_peaks=100
max_peaks_binds,report,242.tiff,4,hem_rect_fill_1um,True,n_peaks=100
max_peaks_binds,report,242.tiff,4,hem_mask_fill_1um,True,n_peaks=100
max_peaks_binds,report,242.tiff,4,hem_mask_fill_1um,True,n_peaks=100
max_peaks_binds,report,242.tiff,5,default_51,True,n_peaks=100
max_peaks_binds,report,242.tiff,5,default_51,True,n_peaks=100
max_peaks_binds,report,242.tiff,5,hem_rect_fill,True,n_peaks=100
max_peaks_binds,report,242.tiff,5,hem_rect_fill,True,n_peaks=100
max_peaks_binds,report,242.tiff,5,hem_rect_fill_1um,True,n_peaks=100
max_peaks_binds,report,242.tiff,5,hem_rect_fill_1um,True,n_peaks=100
max_peaks_binds,report,242.tiff,5,hem_mask_fill_1um,True,n_peaks=100
max_peaks_binds,report,242.tiff,5,hem_mask_fill_1um,True,n_peaks=100
max_peaks_binds,report,245.tiff,0,default_51,True,n_peaks=100
max_peaks_binds,report,245.tiff,0,default_51,True,n_peaks=100
max_peaks_binds,report,245.tiff,0,hem_rect_fill,True,n_peaks=100
max_peaks_binds,report,245.tiff,0,hem_rect_fill,True,n_peaks=100
max_peaks_binds,report,245.tiff,0,hem_rect_fill_1um,True,n_peaks=100
max_peaks_binds,report,245.tiff,0,hem_rect_fill_1um,True,n_peaks=100
max_peaks_binds,report,245.tiff,0,hem_mask_fill_1um,True,n_peaks=100
max_peaks_binds,report,245.tiff,0,hem_mask_fill_1um,True,n_peaks=100
max_peaks_binds,report,245.tiff,1,default_51,True,n_peaks=100
max_peaks_binds,report,245.tiff,1,default_51,True,n_peaks=100
max_peaks_binds,report,245.tiff,1,hem_rect_fill,True,n_peaks=100
max_peaks_binds,report,245.tiff,1,hem_rect_fill,True,n_peaks=100
max_peaks_binds,report,245.tiff,1,hem_rect_fill_1um,True,n_peaks=100
max_peaks_binds,report,245.tiff,1,hem_rect_fill_1um,True,n_peaks=100
max_peaks_binds,report,245.tiff,1,hem_mask_fill_1um,True,n_peaks=100
max_peaks_binds,report,245.tiff,1,hem_mask_fill_1um,True,n_peaks=100
max_peaks_binds,report,245.tiff,2,default_51,True,n_peaks=100
max_peaks_binds,report,245.tiff,2,default_51,True,n_peaks=100
max_peaks_binds,report,245.tiff,2,hem_rect_fill,True,n_peaks=100
max_peaks_binds,report,245.tiff,2,hem_rect_fill,True,n_peaks=100
max_peaks_binds,report,245.tiff,2,hem_rect_fill_1um,True,n_peaks=100
max_peaks_binds,report,245.tiff,2,hem_rect_fill_1um,True,n_peaks=100
max_peaks_binds,report,245.tiff,2,hem_mask_fill_1um,True,n_peaks=100
max_peaks_binds,report,245.tiff,2,hem_mask_fill_1um,True,n_peaks=100
max_peaks_binds,report,245.tiff,3,default_51,True,n_peaks=100
max_peaks_binds,report,245.tiff,3,default_51,True,n_peaks=100
max_peaks_binds,report,245.tiff,3,hem_rect_fill,True,n_peaks=100
max_peaks_binds,report,245.tiff,3,hem_rect_fill,True,n_peaks=100
max_peaks_binds,report,245.tiff,3,hem_rect_fill_1um,True,n_peaks=100
max_peaks_binds,report,245.tiff,3,hem_rect_fill_1um,True,n_peaks=100
max_peaks_binds,report,245.tiff,3,hem_mask_fill_1um,True,n_peaks=100
max_peaks_binds,report,245.tiff,3,hem_mask_fill_1um,True,n_peaks=100
max_peaks_binds,report,245.tiff,4,default_51,True,n_peaks=100
max_peaks_binds,report,245.tiff,4,default_51,True,n_peaks=100
max_peaks_binds,report,245.tiff,4,hem_rect_fill,True,n_peaks=100
max_peaks_binds,report,245.tiff,4,hem_rect_fill,True,n_peaks=100
max_peaks_binds,report,245.tiff,4,hem_rect_fill_1um,True,n_peaks=100
max_peaks_binds,report,245.tiff,4,hem_rect_fill_1um,True,n_peaks=100
max_peaks_binds,report,245.tiff,4,hem_mask_fill_1um,True,n_peaks=100
max_peaks_binds,report,245.tiff,4,hem_mask_fill_1um,True,n_peaks=100
max_peaks_binds,report,245.tiff,5,default_51,True,n_peaks=100
max_peaks_binds,report,245.tiff,5,default_51,True,n_peaks=100
max_peaks_binds,report,245.tiff,5,hem_rect_fill,True,n_peaks=100
max_peaks_binds,report,245.tiff,5,hem_rect_fill,True,n_peaks=100
max_peaks_binds,report,245.tiff,5,hem_rect_fill_1um,True,n_peaks=100
max_peaks_binds,report,245.tiff,5,hem_rect_fill_1um,True,n_peaks=100
max_peaks_binds,report,245.tiff,5,hem_mask_fill_1um,True,n_peaks=100
max_peaks_binds,report,245.tiff,5,hem_mask_fill_1um,True,n_peaks=100
max_peaks_binds,report,246.tiff,0,default_51,True,n_peaks=100
max_peaks_binds,report,246.tiff,0,default_51,True,n_peaks=100
max_peaks_binds,report,246.tiff,0,hem_rect_fill,True,n_peaks=100
max_peaks_binds,report,246.tiff,0,hem_rect_fill,True,n_peaks=100
max_peaks_binds,report,246.tiff,0,hem_rect_fill_1um,True,n_peaks=100
max_peaks_binds,report,246.tiff,0,hem_rect_fill_1um,True,n_peaks=100
max_peaks_binds,report,246.tiff,0,hem_mask_fill_1um,True,n_peaks=100
max_peaks_binds,report,246.tiff,0,hem_mask_fill_1um,True,n_peaks=100
max_peaks_binds,report,246.tiff,1,default_51,True,n_peaks=100
max_peaks_binds,report,246.tiff,1,default_51,True,n_peaks=100
max_peaks_binds,report,246.tiff,1,hem_rect_fill,True,n_peaks=100
max_peaks_binds,report,246.tiff,1,hem_rect_fill,True,n_peaks=100
max_peaks_binds,report,246.tiff,1,hem_rect_fill_1um,True,n_peaks=100
max_peaks_binds,report,246.tiff,1,hem_rect_fill_1um,True,n_peaks=100
max_peaks_binds,report,246.tiff,1,hem_mask_fill_1um,True,n_peaks=100
max_peaks_binds,report,246.tiff,1,hem_mask_fill_1um,True,n_peaks=100
max_peaks_binds,report,246.tiff,2,default_51,True,n_peaks=100
max_peaks_binds,report,246.tiff,2,default_51,True,n_peaks=100
max_peaks_binds,report,246.tiff,2,hem_rect_fill,True,n_peaks=100
max_peaks_binds,report,246.tiff,2,hem_rect_fill,True,n_peaks=100
max_peaks_binds,report,246.tiff,2,hem_rect_fill_1um,True,n_peaks=100
max_peaks_binds,report,246.tiff,2,hem_rect_fill_1um,True,n_peaks=100
max_peaks_binds,report,246.tiff,2,hem_mask_fill_1um,True,n_peaks=100
max_peaks_binds,report,246.tiff,2,hem_mask_fill_1um,True,n_peaks=100
max_peaks_binds,report,246.tiff,3,default_51,True,n_peaks=100
max_peaks_binds,report,246.tiff,3,default_51,True,n_peaks=100
max_peaks_binds,report,246.tiff,3,hem_rect_fill,True,n_peaks=100
max_peaks_binds,report,246.tiff,3,hem_rect_fill,True,n_peaks=100
max_peaks_binds,report,246.tiff,3,hem_rect_fill_1um,True,n_peaks=100
max_peaks_binds,report,246.tiff,3,hem_rect_fill_1um,True,n_peaks=100
max_peaks_binds,report,246.tiff,3,hem_mask_fill_1um,True,n_peaks=100
max_peaks_binds,report,246.tiff,3,hem_mask_fill_1um,True,n_peaks=100
max_peaks_binds,report,246.tiff,4,default_51,True,n_peaks=100
max_peaks_binds,report,246.tiff,4,default_51,True,n_peaks=100
max_peaks_binds,report,246.tiff,4,hem_rect_fill,True,n_peaks=100
max_peaks_binds,report,246.tiff,4,hem_rect_fill,True,n_peaks=100
max_peaks_binds,report,246.tiff,4,hem_rect_fill_1um,True,n_peaks=100
max_peaks_binds,report,246.tiff,4,hem_rect_fill_1um,True,n_peaks=100
max_peaks_binds,report,246.tiff,4,hem_mask_fill_1um,True,n_peaks=100
max_peaks_binds,report,246.tiff,4,hem_mask_fill_1um,True,n_peaks=100
max_peaks_binds,report,246.tiff,5,default_51,True,n_peaks=100
max_peaks_binds,report,246.tiff,5,default_51,True,n_peaks=100
max_peaks_binds,report,246.tiff,5,hem_rect_fill,True,n_peaks=100
max_peaks_binds,report,246.tiff,5,hem_rect_fill,True,n_peaks=100
max_peaks_binds,report,246.tiff,5,hem_rect_fill_1um,True,n_peaks=100
max_peaks_binds,report,246.tiff,5,hem_rect_fill_1um,True,n_peaks=100
max_peaks_binds,report,246.tiff,5,hem_mask_fill_1um,True,n_peaks=100
max_peaks_binds,report,246.tiff,5,hem_mask_fill_1um,True,n_peaks=100
max_peaks_binds,report,249.tiff,0,default_51,True,n_peaks=100
max_peaks_binds,report,249.tiff,0,default_51,True,n_peaks=100
max_peaks_binds,report,249.tiff,0,hem_rect_fill,True,n_peaks=100
max_peaks_binds,report,249.tiff,0,hem_rect_fill,True,n_peaks=100
max_peaks_binds,report,249.tiff,0,hem_rect_fill_1um,True,n_peaks=100
max_peaks_binds,report,249.tiff,0,hem_rect_fill_1um,True,n_peaks=100
max_peaks_binds,report,249.tiff,0,hem_mask_fill_1um,True,n_peaks=100
max_peaks_binds,report,249.tiff,0,hem_mask_fill_1um,True,n_peaks=100
max_peaks_binds,report,249.tiff,1,default_51,True,n_peaks=100
max_peaks_binds,report,249.tiff,1,default_51,True,n_peaks=100
max_peaks_binds,report,249.tiff,1,hem_rect_fill,True,n_peaks=100
max_peaks_binds,report,249.tiff,1,hem_rect_fill,True,n_peaks=100
max_peaks_binds,report,249.tiff,1,hem_rect_fill_1um,True,n_peaks=100
max_peaks_binds,report,249.tiff,1,hem_rect_fill_1um,True,n_peaks=100
max_peaks_binds,report,249.tiff,1,hem_mask_fill_1um,True,n_peaks=100
max_peaks_binds,report,249.tiff,1,hem_mask_fill_1um,True,n_peaks=100
max_peaks_binds,report,249.tiff,2,default_51,True,n_peaks=100
max_peaks_binds,report,249.tiff,2,default_51,True,n_peaks=100
max_peaks_binds,report,249.tiff,2,hem_rect_fill,True,n_peaks=100
max_peaks_binds,report,249.tiff,2,hem_rect_fill,True,n_peaks=100
max_peaks_binds,report,249.tiff,2,hem_rect_fill_1um,True,n_peaks=100
max_peaks_binds,report,249.tiff,2,hem_rect_fill_1um,True,n_peaks=100
max_peaks_binds,report,249.tiff,2,hem_mask_fill_1um,True,n_peaks=100
max_peaks_binds,report,249.tiff,2,hem_mask_fill_1um,True,n_peaks=100
max_peaks_binds,report,249.tiff,3,default_51,True,n_peaks=100
max_peaks_binds,report,249.tiff,3,default_51,True,n_peaks=100
max_peaks_binds,report,249.tiff,3,hem_rect_fill,True,n_peaks=100
max_peaks_binds,report,249.tiff,3,hem_rect_fill,True,n_peaks=100
max_peaks_binds,report,249.tiff,3,hem_rect_fill_1um,True,n_peaks=100
max_peaks_binds,report,249.tiff,3,hem_rect_fill_1um,True,n_peaks=100
max_peaks_binds,report,249.tiff,3,hem_mask_fill_1um,True,n_peaks=100
max_peaks_binds,report,249.tiff,3,hem_mask_fill_1um,True,n_peaks=100
max_peaks_binds,report,249.tiff,4,default_51,True,n_peaks=100
max_peaks_binds,report,249.tiff,4,default_51,True,n_peaks=100
max_peaks_binds,report,249.tiff,4,hem_rect_fill,True,n_peaks=100
max_peaks_binds,report,249.tiff,4,hem_rect_fill,True,n_peaks=100
max_peaks_binds,report,249.tiff,4,hem_rect_fill_1um,True,n_peaks=100
max_peaks_binds,report,249.tiff,4,hem_rect_fill_1um,True,n_peaks=100
max_peaks_binds,report,249.tiff,4,hem_mask_fill_1um,True,n_peaks=100
max_peaks_binds,report,249.tiff,4,hem_mask_fill_1um,True,n_peaks=100
max_peaks_binds,report,249.tiff,5,default_51,True,n_peaks=100
max_peaks_binds,report,249.tiff,5,default_51,True,n_peaks=100
max_peaks_binds,report,249.tiff,5,hem_rect_fill,True,n_peaks=100
max_peaks_binds,report,249.tiff,5,hem_rect_fill,True,n_peaks=100
max_peaks_binds,report,249.tiff,5,hem_rect_fill_1um,True,n_peaks=100
max_peaks_binds,report,249.tiff,5,hem_rect_fill_1um,True,n_peaks=100
max_peaks_binds,report,249.tiff,5,hem_mask_fill_1um,True,n_peaks=100
max_peaks_binds,report,249.tiff,5,hem_mask_fill_1um,True,n_peaks=100
max_peaks_binds,report,284.tiff,0,default_51,True,n_peaks=100
max_peaks_binds,report,284.tiff,0,default_51,True,n_peaks=100
max_peaks_binds,report,284.tiff,0,hem_rect_fill,True,n_peaks=100
max_peaks_binds,report,284.tiff,0,hem_rect_fill,True,n_peaks=100
max_peaks_binds,report,284.tiff,0,hem_rect_fill_1um,True,n_peaks=100
max_peaks_binds,report,284.tiff,0,hem_rect_fill_1um,True,n_peaks=100
max_peaks_binds,report,284.tiff,0,hem_mask_fill_1um,True,n_peaks=100
max_peaks_binds,report,284.tiff,0,hem_mask_fill_1um,True,n_peaks=100
max_peaks_binds,report,284.tiff,1,default_51,True,n_peaks=100
max_peaks_binds,report,284.tiff,1,default_51,True,n_peaks=100
max_peaks_binds,report,284.tiff,1,hem_rect_fill,True,n_peaks=100
max_peaks_binds,report,284.tiff,1,hem_rect_fill,True,n_peaks=100
max_peaks_binds,report,284.tiff,1,hem_rect_fill_1um,True,n_peaks=100
max_peaks_binds,report,284.tiff,1,hem_rect_fill_1um,True,n_peaks=100
max_peaks_binds,report,284.tiff,1,hem_mask_fill_1um,True,n_peaks=100
max_peaks_binds,report,284.tiff,1,hem_mask_fill_1um,True,n_peaks=100
max_peaks_binds,report,284.tiff,2,default_51,True,n_peaks=100
max_peaks_binds,report,284.tiff,2,default_51,True,n_peaks=100
max_peaks_binds,report,284.tiff,2,hem_rect_fill,True,n_peaks=100
max_peaks_binds,report,284.tiff,2,hem_rect_fill,True,n_peaks=100
max_peaks_binds,report,284.tiff,2,hem_rect_fill_1um,True,n_peaks=100
max_peaks_binds,report,284.tiff,2,hem_rect_fill_1um,True,n_peaks=100
max_peaks_binds,report,284.tiff,2,hem_mask_fill_1um,True,n_peaks=100
max_peaks_binds,report,284.tiff,2,hem_mask_fill_1um,True,n_peaks=100
max_peaks_binds,report,284.tiff,3,default_51,True,n_peaks=100
max_peaks_binds,report,284.tiff,3,default_51,True,n_peaks=100
max_peaks_binds,report,284.tiff,3,hem_rect_fill,True,n_peaks=100
max_peaks_binds,report,284.tiff,3,hem_rect_fill,True,n_peaks=100
max_peaks_binds,report,284.tiff,3,hem_rect_fill_1um,True,n_peaks=100
max_peaks_binds,report,284.tiff,3,hem_rect_fill_1um,True,n_peaks=100
max_peaks_binds,report,284.tiff,3,hem_mask_fill_1um,True,n_peaks=100
max_peaks_binds,report,284.tiff,3,hem_mask_fill_1um,True,n_peaks=100
max_peaks_binds,report,284.tiff,4,default_51,True,n_peaks=100
max_peaks_binds,report,284.tiff,4,default_51,True,n_peaks=100
max_peaks_binds,report,284.tiff,4,hem_rect_fill,True,n_peaks=100
max_peaks_binds,report,284.tiff,4,hem_rect_fill,True,n_peaks=100
max_peaks_binds,report,284.tiff,4,hem_rect_fill_1um,True,n_peaks=100
max_peaks_binds,report,284.tiff,4,hem_rect_fill_1um,True,n_peaks=100
max_peaks_binds,report,284.tiff,4,hem_mask_fill_1um,True,n_peaks=100
max_peaks_binds,report,284.tiff,4,hem_mask_fill_1um,True,n_peaks=100
max_peaks_binds,report,284.tiff,5,default_51,True,n_peaks=100
max_peaks_binds,report,284.tiff,5,default_51,True,n_peaks=100
max_peaks_binds,report,284.tiff,5,hem_rect_fill,True,n_peaks=100
max_peaks_binds,report,284.tiff,5,hem_rect_fill,True,n_peaks=100
max_peaks_binds,report,284.tiff,5,hem_rect_fill_1um,True,n_peaks=100
max_peaks_binds,report,284.tiff,5,hem_rect_fill_1um,True,n_peaks=100
max_peaks_binds,report,284.tiff,5,hem_mask_fill_1um,True,n_peaks=100
max_peaks_binds,report,284.tiff,5,hem_mask_fill_1um,True,n_peaks=100
max_peaks_binds,report,289.tiff,0,default_51,True,n_peaks=100
max_peaks_binds,report,289.tiff,0,default_51,True,n_peaks=100
max_peaks_binds,report,289.tiff,0,hem_rect_fill,True,n_peaks=100
max_peaks_binds,report,289.tiff,0,hem_rect_fill,True,n_peaks=100
max_peaks_binds,report,289.tiff,0,hem_rect_fill_1um,True,n_peaks=100
max_peaks_binds,report,289.tiff,0,hem_rect_fill_1um,True,n_peaks=100
max_peaks_binds,report,289.tiff,0,hem_mask_fill_1um,True,n_peaks=100
max_peaks_binds,report,289.tiff,0,hem_mask_fill_1um,True,n_peaks=100
max_peaks_binds,report,289.tiff,1,default_51,True,n_peaks=100
max_peaks_binds,report,289.tiff,1,default_51,True,n_peaks=100
max_peaks_binds,report,289.tiff,1,hem_rect_fill,True,n_peaks=100
max_peaks_binds,report,289.tiff,1,hem_rect_fill,True,n_peaks=100
max_peaks_binds,report,289.tiff,1,hem_rect_fill_1um,True,n_peaks=100
max_peaks_binds,report,289.tiff,1,hem_rect_fill_1um,True,n_peaks=100
max_peaks_binds,report,289.tiff,1,hem_mask_fill_1um,True,n_peaks=100
max_peaks_binds,report,289.tiff,1,hem_mask_fill_1um,True,n_peaks=100
max_peaks_binds,report,289.tiff,2,default_51,True,n_peaks=100
max_peaks_binds,report,289.tiff,2,default_51,True,n_peaks=100
max_peaks_binds,report,289.tiff,2,hem_rect_fill,True,n_peaks=100
max_peaks_binds,report,289.tiff,2,hem_rect_fill,True,n_peaks=100
max_peaks_binds,report,289.tiff,2,hem_rect_fill_1um,True,n_peaks=100
max_peaks_binds,report,289.tiff,2,hem_rect_fill_1um,True,n_peaks=100
max_peaks_binds,report,289.tiff,2,hem_mask_fill_1um,True,n_peaks=100
max_peaks_binds,report,289.tiff,2,hem_mask_fill_1um,True,n_peaks=100
max_peaks_binds,report,289.tiff,3,default_51,True,n_peaks=100
max_peaks_binds,report,289.tiff,3,default_51,True,n_peaks=100
max_peaks_binds,report,289.tiff,3,hem_rect_fill,True,n_peaks=100
max_peaks_binds,report,289.tiff,3,hem_rect_fill,True,n_peaks=100
max_peaks_binds,report,289.tiff,3,hem_rect_fill_1um,True,n_peaks=100
max_peaks_binds,report,289.tiff,3,hem_rect_fill_1um,True,n_peaks=100
max_peaks_binds,report,289.tiff,3,hem_mask_fill_1um,True,n_peaks=100
max_peaks_binds,report,289.tiff,3,hem_mask_fill_1um,True,n_peaks=100
max_peaks_binds,report,289.tiff,4,default_51,True,n_peaks=100
max_peaks_binds,report,289.tiff,4,default_51,True,n_peaks=100
max_peaks_binds,report,289.tiff,4,hem_rect_fill,True,n_peaks=100
max_peaks_binds,report,289.tiff,4,hem_rect_fill,True,n_peaks=100
max_peaks_binds,report,289.tiff,4,hem_rect_fill_1um,True,n_peaks=100
max_peaks_binds,report,289.tiff,4,hem_rect_fill_1um,True,n_peaks=100
max_peaks_binds,report,289.tiff,4,hem_mask_fill_1um,True,n_peaks=100
max_peaks_binds,report,289.tiff,4,hem_mask_fill_1um,True,n_peaks=100
max_peaks_binds,report,289.tiff,5,default_51,True,n_peaks=100
max_peaks_binds,report,289.tiff,5,default_51,True,n_peaks=100
max_peaks_binds,report,289.tiff,5,hem_rect_fill,True,n_peaks=100
max_peaks_binds,report,289.tiff,5,hem_rect_fill,True,n_peaks=100
max_peaks_binds,report,289.tiff,5,hem_rect_fill_1um,True,n_peaks=100
max_peaks_binds,report,289.tiff,5,hem_rect_fill_1um,True,n_peaks=100
max_peaks_binds,report,289.tiff,5,hem_mask_fill_1um,True,n_peaks=100
max_peaks_binds,report,289.tiff,5,hem_mask_fill_1um,True,n_peaks=100
max_peaks_binds,report,291.tiff,0,default_51,True,n_peaks=100
max_peaks_binds,report,291.tiff,0,default_51,True,n_peaks=100
max_peaks_binds,report,291.tiff,0,hem_rect_fill,True,n_peaks=100
max_peaks_binds,report,291.tiff,0,hem_rect_fill,True,n_peaks=100
max_peaks_binds,report,291.tiff,0,hem_rect_fill_1um,True,n_peaks=100
max_peaks_binds,report,291.tiff,0,hem_rect_fill_1um,True,n_peaks=100
max_peaks_binds,report,291.tiff,0,hem_mask_fill_1um,True,n_peaks=100
max_peaks_binds,report,291.tiff,0,hem_mask_fill_1um,True,n_peaks=100
max_peaks_binds,report,291.tiff,1,default_51,True,n_peaks=100
max_peaks_binds,report,291.tiff,1,default_51,True,n_peaks=100
max_peaks_binds,report,291.tiff,1,hem_rect_fill,True,n_peaks=100
max_peaks_binds,report,291.tiff,1,hem_rect_fill,True,n_peaks=100
max_peaks_binds,report,291.tiff,1,hem_rect_fill_1um,True,n_peaks=100
max_peaks_binds,report,291.tiff,1,hem_rect_fill_1um,True,n_peaks=100
max_peaks_binds,report,291.tiff,1,hem_mask_fill_1um,True,n_peaks=100
max_peaks_binds,report,291.tiff,1,hem_mask_fill_1um,True,n_peaks=100
max_peaks_binds,report,291.tiff,2,default_51,True,n_peaks=100
max_peaks_binds,report,291.tiff,2,default_51,True,n_peaks=100
max_peaks_binds,report,291.tiff,2,hem_rect_fill,True,n_peaks=100
max_peaks_binds,report,291.tiff,2,hem_rect_fill,True,n_peaks=100
max_peaks_binds,report,291.tiff,2,hem_rect_fill_1um,True,n_peaks=100
max_peaks_binds,report,291.tiff,2,hem_rect_fill_1um,True,n_peaks=100
max_peaks_binds,report,291.tiff,2,hem_mask_fill_1um,True,n_peaks=100
max_peaks_binds,report,291.tiff,2,hem_mask_fill_1um,True,n_peaks=100
max_peaks_binds,report,291.tiff,3,default_51,True,n_peaks=100
max_peaks_binds,report,291.tiff,3,default_51,True,n_peaks=100
max_peaks_binds,report,291.tiff,3,hem_rect_fill,True,n_peaks=100
max_peaks_binds,report,291.tiff,3,hem_rect_fill,True,n_peaks=100
max_peaks_binds,report,291.tiff,3,hem_rect_fill_1um,True,n_peaks=100
max_peaks_binds,report,291.tiff,3,hem_rect_fill_1um,True,n_peaks=100
max_peaks_binds,report,291.tiff,3,hem_mask_fill_1um,True,n_peaks=100
max_peaks_binds,report,291.tiff,3,hem_mask_fill_1um,True,n_peaks=100
max_peaks_binds,report,291.tiff,4,default_51,True,n_peaks=100
max_peaks_binds,report,291.tiff,4,default_51,True,n_peaks=100
max_peaks_binds,report,291.tiff,4,hem_rect_fill,True,n_peaks=100
max_peaks_binds,report,291.tiff,4,hem_rect_fill,True,n_peaks=100
max_peaks_binds,report,291.tiff,4,hem_rect_fill_1um,True,n_peaks=100
max_peaks_binds,report,291.tiff,4,hem_rect_fill_1um,True,n_peaks=100
max_peaks_binds,report,291.tiff,4,hem_mask_fill_1um,True,n_peaks=100
max_peaks_binds,report,291.tiff,4,hem_mask_fill_1um,True,n_peaks=100
max_peaks_binds,report,291.tiff,5,default_51,True,n_peaks=100
max_peaks_binds,report,291.tiff,5,default_51,True,n_peaks=100
max_peaks_binds,report,291.tiff,5,hem_rect_fill,True,n_peaks=100
max_peaks_binds,report,291.tiff,5,hem_rect_fill,True,n_peaks=100
max_peaks_binds,report,291.tiff,5,hem_rect_fill_1um,True,n_peaks=100
max_peaks_binds,report,291.tiff,5,hem_rect_fill_1um,True,n_peaks=100
max_peaks_binds,report,291.tiff,5,hem_mask_fill_1um,True,n_peaks=100
max_peaks_binds,report,291.tiff,5,hem_mask_fill_1um,True,n_peaks=100
max_peaks_binds,report,293.tiff,0,default_51,True,n_peaks=100
max_peaks_binds,report,293.tiff,0,default_51,True,n_peaks=100
max_peaks_binds,report,293.tiff,0,hem_rect_fill,True,n_peaks=100
max_peaks_binds,report,293.tiff,0,hem_rect_fill,True,n_peaks=100
max_peaks_binds,report,293.tiff,0,hem_rect_fill_1um,True,n_peaks=100
max_peaks_binds,report,293.tiff,0,hem_rect_fill_1um,True,n_peaks=100
max_peaks_binds,report,293.tiff,0,hem_mask_fill_1um,True,n_peaks=100
max_peaks_binds,report,293.tiff,0,hem_mask_fill_1um,True,n_peaks=100
max_peaks_binds,report,293.tiff,1,default_51,True,n_peaks=100
max_peaks_binds,report,293.tiff,1,default_51,True,n_peaks=100
max_peaks_binds,report,293.tiff,1,hem_rect_fill,True,n_peaks=100
max_peaks_binds,report,293.tiff,1,hem_rect_fill,True,n_peaks=100
max_peaks_binds,report,293.tiff,1,hem_rect_fill_1um,True,n_peaks=100
max_peaks_binds,report,293.tiff,1,hem_rect_fill_1um,True,n_peaks=100
max_peaks_binds,report,293.tiff,1,hem_mask_fill_1um,True,n_peaks=100
max_peaks_binds,report,293.tiff,1,hem_mask_fill_1um,True,n_peaks=100
max_peaks_binds,report,293.tiff,2,default_51,True,n_peaks=100
max_peaks_binds,report,293.tiff,2,default_51,True,n_peaks=100
max_peaks_binds,report,293.tiff,2,hem_rect_fill,True,n_peaks=100
max_peaks_binds,report,293.tiff,2,hem_rect_fill,True,n_peaks=100
max_peaks_binds,report,293.tiff,2,hem_rect_fill_1um,True,n_peaks=100
max_peaks_binds,report,293.tiff,2,hem_rect_fill_1um,True,n_peaks=100
max_peaks_binds,report,293.tiff,2,hem_mask_fill_1um,True,n_peaks=100
max_peaks_binds,report,293.tiff,2,hem_mask_fill_1um,True,n_peaks=100
max_peaks_binds,report,293.tiff,3,default_51,True,n_peaks=100
max_peaks_binds,report,293.tiff,3,default_51,True,n_peaks=100
max_peaks_binds,report,293.tiff,3,hem_rect_fill,True,n_peaks=100
max_peaks_binds,report,293.tiff,3,hem_rect_fill,True,n_peaks=100
max_peaks_binds,report,293.tiff,3,hem_rect_fill_1um,True,n_peaks=100
max_peaks_binds,report,293.tiff,3,hem_rect_fill_1um,True,n_peaks=100
max_peaks_binds,report,293.tiff,3,hem_mask_fill_1um,True,n_peaks=100
max_peaks_binds,report,293.tiff,3,hem_mask_fill_1um,True,n_peaks=100
max_peaks_binds,report,293.tiff,4,default_51,True,n_peaks=100
max_peaks_binds,report,293.tiff,4,default_51,True,n_peaks=100
max_peaks_binds,report,293.tiff,4,hem_rect_fill,True,n_peaks=100
max_peaks_binds,report,293.tiff,4,hem_rect_fill,True,n_peaks=100
max_peaks_binds,report,293.tiff,4,hem_rect_fill_1um,True,n_peaks=100
max_peaks_binds,report,293.tiff,4,hem_rect_fill_1um,True,n_peaks=100
max_peaks_binds,report,293.tiff,4,hem_mask_fill_1um,True,n_peaks=100
max_peaks_binds,report,293.tiff,4,hem_mask_fill_1um,True,n_peaks=100
max_peaks_binds,report,293.tiff,5,default_51,True,n_peaks=100
max_peaks_binds,report,293.tiff,5,default_51,True,n_peaks=100
max_peaks_binds,report,293.tiff,5,hem_rect_fill,True,n_peaks=100
max_peaks_binds,report,293.tiff,5,hem_rect_fill,True,n_peaks=100
max_peaks_binds,report,293.tiff,5,hem_rect_fill_1um,True,n_peaks=100
max_peaks_binds,report,293.tiff,5,hem_rect_fill_1um,True,n_peaks=100
max_peaks_binds,report,293.tiff,5,hem_mask_fill_1um,True,n_peaks=100
max_peaks_binds,report,293.tiff,5,hem_mask_fill_1um,True,n_peaks=100
max_peaks_binds,report,459.tiff,0,default_51,True,n_peaks=100
max_peaks_binds,report,459.tiff,0,default_51,True,n_peaks=100
max_peaks_binds,report,459.tiff,0,hem_rect_fill,True,n_peaks=100
max_peaks_binds,report,459.tiff,0,hem_rect_fill,True,n_peaks=100
max_peaks_binds,report,459.tiff,0,hem_rect_fill_1um,True,n_peaks=100
max_peaks_binds,report,459.tiff,0,hem_rect_fill_1um,True,n_peaks=100
max_peaks_binds,report,459.tiff,0,hem_mask_fill_1um,True,n_peaks=100
max_peaks_binds,report,459.tiff,0,hem_mask_fill_1um,True,n_peaks=100
max_peaks_binds,report,459.tiff,1,default_51,True,n_peaks=100
max_peaks_binds,report,459.tiff,1,default_51,True,n_peaks=100
max_peaks_binds,report,459.tiff,1,hem_rect_fill,True,n_peaks=100
max_peaks_binds,report,459.tiff,1,hem_rect_fill,True,n_peaks=100
max_peaks_binds,report,459.tiff,1,hem_rect_fill_1um,True,n_peaks=100
max_peaks_binds,report,459.tiff,1,hem_rect_fill_1um,True,n_peaks=100
max_peaks_binds,report,459.tiff,1,hem_mask_fill_1um,True,n_peaks=100
max_peaks_binds,report,459.tiff,1,hem_mask_fill_1um,True,n_peaks=100
max_peaks_binds,report,459.tiff,2,default_51,True,n_peaks=100
max_peaks_binds,report,459.tiff,2,default_51,True,n_peaks=100
max_peaks_binds,report,459.tiff,2,hem_rect_fill,True,n_peaks=100
max_peaks_binds,report,459.tiff,2,hem_rect_fill,True,n_peaks=100
max_peaks_binds,report,459.tiff,2,hem_rect_fill_1um,True,n_peaks=100
max_peaks_binds,report,459.tiff,2,hem_rect_fill_1um,True,n_peaks=100
max_peaks_binds,report,459.tiff,2,hem_mask_fill_1um,True,n_peaks=100
max_peaks_binds,report,459.tiff,2,hem_mask_fill_1um,True,n_peaks=100
max_peaks_binds,report,459.tiff,3,default_51,True,n_peaks=100
max_peaks_binds,report,459.tiff,3,default_51,True,n_peaks=100
max_peaks_binds,report,459.tiff,3,hem_rect_fill,True,n_peaks=100
max_peaks_binds,report,459.tiff,3,hem_rect_fill,True,n_peaks=100
max_peaks_binds,report,459.tiff,3,hem_rect_fill_1um,True,n_peaks=100
max_peaks_binds,report,459.tiff,3,hem_rect_fill_1um,True,n_peaks=100
max_peaks_binds,report,459.tiff,3,hem_mask_fill_1um,True,n_peaks=100
max_peaks_binds,report,459.tiff,3,hem_mask_fill_1um,True,n_peaks=100
max_peaks_binds,report,459.tiff,4,default_51,True,n_peaks=100
max_peaks_binds,report,459.tiff,4,default_51,True,n_peaks=100
max_peaks_binds,report,459.tiff,4,hem_rect_fill,True,n_peaks=100
max_peaks_binds,report,459.tiff,4,hem_rect_fill,True,n_peaks=100
max_peaks_binds,report,459.tiff,4,hem_rect_fill_1um,True,n_peaks=100
max_peaks_binds,report,459.tiff,4,hem_rect_fill_1um,True,n_peaks=100
max_peaks_binds,report,459.tiff,4,hem_mask_fill_1um,True,n_peaks=100
max_peaks_binds,report,459.tiff,4,hem_mask_fill_1um,True,n_peaks=100
max_peaks_binds,report,459.tiff,5,default_51,True,n_peaks=100
max_peaks_binds,report,459.tiff,5,default_51,True,n_peaks=100
max_peaks_binds,report,459.tiff,5,hem_rect_fill,True,n_peaks=100
max_peaks_binds,report,459.tiff,5,hem_rect_fill,True,n_peaks=100
max_peaks_binds,report,459.tiff,5,hem_rect_fill_1um,True,n_peaks=100
max_peaks_binds,report,459.tiff,5,hem_rect_fill_1um,True,n_peaks=100
max_peaks_binds,report,459.tiff,5,hem_mask_fill_1um,True,n_peaks=100
max_peaks_binds,report,459.tiff,5,hem_mask_fill_1um,True,n_peaks=100
max_peaks_binds,report,460.tiff,0,default_51,True,n_peaks=100
max_peaks_binds,report,460.tiff,0,default_51,True,n_peaks=100
max_peaks_binds,report,460.tiff,0,hem_rect_fill,True,n_peaks=100
max_peaks_binds,report,460.tiff,0,hem_rect_fill,True,n_peaks=100
max_peaks_binds,report,460.tiff,0,hem_rect_fill_1um,True,n_peaks=100
max_peaks_binds,report,460.tiff,0,hem_rect_fill_1um,True,n_peaks=100
max_peaks_binds,report,460.tiff,0,hem_mask_fill_1um,True,n_peaks=100
max_peaks_binds,report,460.tiff,0,hem_mask_fill_1um,True,n_peaks=100
max_peaks_binds,report,460.tiff,1,default_51,True,n_peaks=100
max_peaks_binds,report,460.tiff,1,default_51,True,n_peaks=100
max_peaks_binds,report,460.tiff,1,hem_rect_fill,True,n_peaks=100
max_peaks_binds,report,460.tiff,1,hem_rect_fill,True,n_peaks=100
max_peaks_binds,report,460.tiff,1,hem_rect_fill_1um,True,n_peaks=100
max_peaks_binds,report,460.tiff,1,hem_rect_fill_1um,True,n_peaks=100
max_peaks_binds,report,460.tiff,1,hem_mask_fill_1um,True,n_peaks=100
max_peaks_binds,report,460.tiff,1,hem_mask_fill_1um,True,n_peaks=100
max_peaks_binds,report,460.tiff,2,default_51,True,n_peaks=100
max_peaks_binds,report,460.tiff,2,default_51,True,n_peaks=100
max_peaks_binds,report,460.tiff,2,hem_rect_fill,True,n_peaks=100
max_peaks_binds,report,460.tiff,2,hem_rect_fill,True,n_peaks=100
max_peaks_binds,report,460.tiff,2,hem_rect_fill_1um,True,n_peaks=100
max_peaks_binds,report,460.tiff,2,hem_rect_fill_1um,True,n_peaks=100
max_peaks_binds,report,460.tiff,2,hem_mask_fill_1um,True,n_peaks=100
max_peaks_binds,report,460.tiff,2,hem_mask_fill_1um,True,n_peaks=100
max_peaks_binds,report,460.tiff,3,default_51,True,n_peaks=100
max_peaks_binds,report,460.tiff,3,default_51,True,n_peaks=100
max_peaks_binds,report,460.tiff,3,hem_rect_fill,True,n_peaks=100
max_peaks_binds,report,460.tiff,3,hem_rect_fill,True,n_peaks=100
max_peaks_binds,report,460.tiff,3,hem_rect_fill_1um,True,n_peaks=100
max_peaks_binds,report,460.tiff,3,hem_rect_fill_1um,True,n_peaks=100
max_peaks_binds,report,460.tiff,3,hem_mask_fill_1um,True,n_peaks=100
max_peaks_binds,report,460.tiff,3,hem_mask_fill_1um,True,n_peaks=100
max_peaks_binds,report,460.tiff,4,default_51,True,n_peaks=100
max_peaks_binds,report,460.tiff,4,default_51,True,n_peaks=100
max_peaks_binds,report,460.tiff,4,hem_rect_fill,True,n_peaks=100
max_peaks_binds,report,460.tiff,4,hem_rect_fill,True,n_peaks=100
max_peaks_binds,report,460.tiff,4,hem_rect_fill_1um,True,n_peaks=100
max_peaks_binds,report,460.tiff,4,hem_rect_fill_1um,True,n_peaks=100
max_peaks_binds,report,460.tiff,4,hem_mask_fill_1um,True,n_peaks=100
max_peaks_binds,report,460.tiff,4,hem_mask_fill_1um,True,n_peaks=100
max_peaks_binds,report,460.tiff,5,default_51,True,n_peaks=100
max_peaks_binds,report,460.tiff,5,default_51,True,n_peaks=100
max_peaks_binds,report,460.tiff,5,hem_rect_fill,True,n_peaks=100
max_peaks_binds,report,460.tiff,5,hem_rect_fill,True,n_peaks=100
max_peaks_binds,report,460.tiff,5,hem_rect_fill_1um,True,n_peaks=100
max_peaks_binds,report,460.tiff,5,hem_rect_fill_1um,True,n_peaks=100
max_peaks_binds,report,460.tiff,5,hem_mask_fill_1um,True,n_peaks=100
max_peaks_binds,report,460.tiff,5,hem_mask_fill_1um,True,n_peaks=100
max_peaks_binds,report,410.tiff,0,default_51,True,n_peaks=100
max_peaks_binds,report,410.tiff,0,default_51,True,n_peaks=100
max_peaks_binds,report,410.tiff,0,hem_rect_fill,True,n_peaks=100
max_peaks_binds,report,410.tiff,0,hem_rect_fill,True,n_peaks=100
max_peaks_binds,report,410.tiff,0,hem_rect_fill_1um,True,n_peaks=100
max_peaks_binds,report,410.tiff,0,hem_rect_fill_1um,True,n_peaks=100
max_peaks_binds,report,410.tiff,0,hem_mask_fill_1um,True,n_peaks=100
max_peaks_binds,report,410.tiff,0,hem_mask_fill_1um,True,n_peaks=100
max_peaks_binds,report,410.tiff,1,default_51,True,n_peaks=100
max_peaks_binds,report,410.tiff,1,default_51,True,n_peaks=100
max_peaks_binds,report,410.tiff,1,hem_rect_fill,True,n_peaks=100
max_peaks_binds,report,410.tiff,1,hem_rect_fill,True,n_peaks=100
max_peaks_binds,report,410.tiff,1,hem_rect_fill_1um,True,n_peaks=100
max_peaks_binds,report,410.tiff,1,hem_rect_fill_1um,True,n_peaks=100
max_peaks_binds,report,410.tiff,1,hem_mask_fill_1um,True,n_peaks=100
max_peaks_binds,report,410.tiff,1,hem_mask_fill_1um,True,n_peaks=100
max_peaks_binds,report,410.tiff,2,default_51,True,n_peaks=100
max_peaks_binds,report,410.tiff,2,default_51,True,n_peaks=100
max_peaks_binds,report,410.tiff,2,hem_rect_fill,True,n_peaks=100
max_peaks_binds,report,410.tiff,2,hem_rect_fill,True,n_peaks=100
max_peaks_binds,report,410.tiff,2,hem_rect_fill_1um,True,n_peaks=100
max_peaks_binds,report,410.tiff,2,hem_rect_fill_1um,True,n_peaks=100
max_peaks_binds,report,410.tiff,2,hem_mask_fill_1um,True,n_peaks=100
max_peaks_binds,report,410.tiff,2,hem_mask_fill_1um,True,n_peaks=100
max_peaks_binds,report,410.tiff,3,default_51,True,n_peaks=100
max_peaks_binds,report,410.tiff,3,default_51,True,n_peaks=100
max_peaks_binds,report,410.tiff,3,hem_rect_fill,True,n_peaks=100
max_peaks_binds,report,410.tiff,3,hem_rect_fill,True,n_peaks=100
max_peaks_binds,report,410.tiff,3,hem_rect_fill_1um,True,n_peaks=100
max_peaks_binds,report,410.tiff,3,hem_rect_fill_1um,True,n_peaks=100
max_peaks_binds,report,410.tiff,3,hem_mask_fill_1um,True,n_peaks=100
max_peaks_binds,report,410.tiff,3,hem_mask_fill_1um,True,n_peaks=100
max_peaks_binds,report,410.tiff,4,default_51,True,n_peaks=100
max_peaks_binds,report,410.tiff,4,default_51,True,n_peaks=100
max_peaks_binds,report,410.tiff,4,hem_rect_fill,True,n_peaks=100
max_peaks_binds,report,410.tiff,4,hem_rect_fill,True,n_peaks=100
max_peaks_binds,report,410.tiff,4,hem_rect_fill_1um,True,n_peaks=100
max_peaks_binds,report,410.tiff,4,hem_rect_fill_1um,True,n_peaks=100
max_peaks_binds,report,410.tiff,4,hem_mask_fill_1um,True,n_peaks=100
max_peaks_binds,report,410.tiff,4,hem_mask_fill_1um,True,n_peaks=100
max_peaks_binds,report,410.tiff,5,default_51,True,n_peaks=100
max_peaks_binds,report,410.tiff,5,default_51,True,n_peaks=100
max_peaks_binds,report,410.tiff,5,hem_rect_fill,True,n_peaks=100
max_peaks_binds,report,410.tiff,5,hem_rect_fill,True,n_peaks=100
max_peaks_binds,report,410.tiff,5,hem_rect_fill_1um,True,n_peaks=100
max_peaks_binds,report,410.tiff,5,hem_rect_fill_1um,True,n_peaks=100
max_peaks_binds,report,410.tiff,5,hem_mask_fill_1um,True,n_peaks=100
max_peaks_binds,report,410.tiff,5,hem_mask_fill_1um,True,n_peaks=100
max_peaks_binds,report,425.tiff,0,default_51,True,n_peaks=100
max_peaks_binds,report,425.tiff,0,default_51,True,n_peaks=100
max_peaks_binds,report,425.tiff,0,hem_rect_fill,True,n_peaks=100
max_peaks_binds,report,425.tiff,0,hem_rect_fill,True,n_peaks=100
max_peaks_binds,report,425.tiff,0,hem_rect_fill_1um,True,n_peaks=100
max_peaks_binds,report,425.tiff,0,hem_rect_fill_1um,True,n_peaks=100
max_peaks_binds,report,425.tiff,0,hem_mask_fill_1um,True,n_peaks=100
max_peaks_binds,report,425.tiff,0,hem_mask_fill_1um,True,n_peaks=100
max_peaks_binds,report,425.tiff,1,default_51,True,n_peaks=100
max_peaks_binds,report,425.tiff,1,default_51,True,n_peaks=100
max_peaks_binds,report,425.tiff,1,hem_rect_fill,True,n_peaks=100
max_peaks_binds,report,425.tiff,1,hem_rect_fill,True,n_peaks=100
max_peaks_binds,report,425.tiff,1,hem_rect_fill_1um,True,n_peaks=100
max_peaks_binds,report,425.tiff,1,hem_rect_fill_1um,True,n_peaks=100
max_peaks_binds,report,425.tiff,1,hem_mask_fill_1um,True,n_peaks=100
max_peaks_binds,report,425.tiff,1,hem_mask_fill_1um,True,n_peaks=100
max_peaks_binds,report,425.tiff,2,default_51,True,n_peaks=100
max_peaks_binds,report,425.tiff,2,default_51,True,n_peaks=100
max_peaks_binds,report,425.tiff,2,hem_rect_fill,True,n_peaks=100
max_peaks_binds,report,425.tiff,2,hem_rect_fill,True,n_peaks=100
max_peaks_binds,report,425.tiff,2,hem_rect_fill_1um,True,n_peaks=100
max_peaks_binds,report,425.tiff,2,hem_rect_fill_1um,True,n_peaks=100
max_peaks_binds,report,425.tiff,2,hem_mask_fill_1um,True,n_peaks=100
max_peaks_binds,report,425.tiff,2,hem_mask_fill_1um,True,n_peaks=100
max_peaks_binds,report,425.tiff,3,default_51,True,n_peaks=100
max_peaks_binds,report,425.tiff,3,default_51,True,n_peaks=100
max_peaks_binds,report,425.tiff,3,hem_rect_fill,True,n_peaks=100
max_peaks_binds,report,425.tiff,3,hem_rect_fill,True,n_peaks=100
max_peaks_binds,report,425.tiff,3,hem_rect_fill_1um,True,n_peaks=100
max_peaks_binds,report,425.tiff,3,hem_rect_fill_1um,True,n_peaks=100
max_peaks_binds,report,425.tiff,3,hem_mask_fill_1um,True,n_peaks=100
max_peaks_binds,report,425.tiff,3,hem_mask_fill_1um,True,n_peaks=100
max_peaks_binds,report,425.tiff,4,default_51,True,n_peaks=100
max_peaks_binds,report,425.tiff,4,default_51,True,n_peaks=100
max_peaks_binds,report,425.tiff,4,hem_rect_fill,True,n_peaks=100
max_peaks_binds,report,425.tiff,4,hem_rect_fill,True,n_peaks=100
max_peaks_binds,report,425.tiff,4,hem_rect_fill_1um,True,n_peaks=100
max_peaks_binds,report,425.tiff,4,hem_rect_fill_1um,True,n_peaks=100
max_peaks_binds,report,425.tiff,4,hem_mask_fill_1um,True,n_peaks=100
max_peaks_binds,report,425.tiff,4,hem_mask_fill_1um,True,n_peaks=100
max_peaks_binds,report,425.tiff,5,default_51,True,n_peaks=100
max_peaks_binds,report,425.tiff,5,default_51,True,n_peaks=100
max_peaks_binds,report,425.tiff,5,hem_rect_fill,True,n_peaks=100
max_peaks_binds,report,425.tiff,5,hem_rect_fill,True,n_peaks=100
max_peaks_binds,report,425.tiff,5,hem_rect_fill_1um,True,n_peaks=100
max_peaks_binds,report,425.tiff,5,hem_rect_fill_1um,True,n_peaks=100
max_peaks_binds,report,425.tiff,5,hem_mask_fill_1um,True,n_peaks=100
max_peaks_binds,report,425.tiff,5,hem_mask_fill_1um,True,n_peaks=100
max_peaks_binds,report,435.tiff,0,default_51,True,n_peaks=100
max_peaks_binds,report,435.tiff,0,default_51,True,n_peaks=100
max_peaks_binds,report,435.tiff,0,hem_rect_fill,True,n_peaks=100
max_peaks_binds,report,435.tiff,0,hem_rect_fill,True,n_peaks=100
max_peaks_binds,report,435.tiff,0,hem_rect_fill_1um,True,n_peaks=100
max_peaks_binds,report,435.tiff,0,hem_rect_fill_1um,True,n_peaks=100
max_peaks_binds,report,435.tiff,0,hem_mask_fill_1um,True,n_peaks=100
max_peaks_binds,report,435.tiff,0,hem_mask_fill_1um,True,n_peaks=100
max_peaks_binds,report,435.tiff,1,default_51,True,n_peaks=100
max_peaks_binds,report,435.tiff,1,default_51,True,n_peaks=100
max_peaks_binds,report,435.tiff,1,hem_rect_fill,True,n_peaks=100
max_peaks_binds,report,435.tiff,1,hem_rect_fill,True,n_peaks=100
max_peaks_binds,report,435.tiff,1,hem_rect_fill_1um,True,n_peaks=100
max_peaks_binds,report,435.tiff,1,hem_rect_fill_1um,True,n_peaks=100
max_peaks_binds,report,435.tiff,1,hem_mask_fill_1um,True,n_peaks=100
max_peaks_binds,report,435.tiff,1,hem_mask_fill_1um,True,n_peaks=100
max_peaks_binds,report,435.tiff,2,default_51,True,n_peaks=100
max_peaks_binds,report,435.tiff,2,default_51,True,n_peaks=100
max_peaks_binds,report,435.tiff,2,hem_rect_fill,True,n_peaks=100
max_peaks_binds,report,435.tiff,2,hem_rect_fill,True,n_peaks=100
max_peaks_binds,report,435.tiff,2,hem_rect_fill_1um,True,n_peaks=100
max_peaks_binds,report,435.tiff,2,hem_rect_fill_1um,True,n_peaks=100
max_peaks_binds,report,435.tiff,2,hem_mask_fill_1um,True,n_peaks=100
max_peaks_binds,report,435.tiff,2,hem_mask_fill_1um,True,n_peaks=100
max_peaks_binds,report,435.tiff,3,default_51,True,n_peaks=100
max_peaks_binds,report,435.tiff,3,default_51,True,n_peaks=100
max_peaks_binds,report,435.tiff,3,hem_rect_fill,True,n_peaks=100
max_peaks_binds,report,435.tiff,3,hem_rect_fill,True,n_peaks=100
max_peaks_binds,report,435.tiff,3,hem_rect_fill_1um,True,n_peaks=100
max_peaks_binds,report,435.tiff,3,hem_rect_fill_1um,True,n_peaks=100
max_peaks_binds,report,435.tiff,3,hem_mask_fill_1um,True,n_peaks=100
max_peaks_binds,report,435.tiff,3,hem_mask_fill_1um,True,n_peaks=100
max_peaks_binds,report,435.tiff,4,default_51,True,n_peaks=100
max_peaks_binds,report,435.tiff,4,default_51,True,n_peaks=100
max_peaks_binds,report,435.tiff,4,hem_rect_fill,True,n_peaks=100
max_peaks_binds,report,435.tiff,4,hem_rect_fill,True,n_peaks=100
max_peaks_binds,report,435.tiff,4,hem_rect_fill_1um,True,n_peaks=100
max_peaks_binds,report,435.tiff,4,hem_rect_fill_1um,True,n_peaks=100
max_peaks_binds,report,435.tiff,4,hem_mask_fill_1um,True,n_peaks=100
max_peaks_binds,report,435.tiff,4,hem_mask_fill_1um,True,n_peaks=100
max_peaks_binds,report,435.tiff,5,default_51,True,n_peaks=100
max_peaks_binds,report,435.tiff,5,default_51,True,n_peaks=100
max_peaks_binds,report,435.tiff,5,hem_rect_fill,True,n_peaks=100
max_peaks_binds,report,435.tiff,5,hem_rect_fill,True,n_peaks=100
max_peaks_binds,report,435.tiff,5,hem_rect_fill_1um,True,n_peaks=100
max_peaks_binds,report,435.tiff,5,hem_rect_fill_1um,True,n_peaks=100
max_peaks_binds,report,435.tiff,5,hem_mask_fill_1um,True,n_peaks=100
max_peaks_binds,report,435.tiff,5,hem_mask_fill_1um,True,n_peaks=100
max_peaks_binds,report,462.tiff,0,default_51,True,n_peaks=100
max_peaks_binds,report,462.tiff,0,default_51,True,n_peaks=100
max_peaks_binds,report,462.tiff,0,hem_rect_fill,True,n_peaks=100
max_peaks_binds,report,462.tiff,0,hem_rect_fill,True,n_peaks=100
max_peaks_binds,report,462.tiff,0,hem_rect_fill_1um,True,n_peaks=100
max_peaks_binds,report,462.tiff,0,hem_rect_fill_1um,True,n_peaks=100
max_peaks_binds,report,462.tiff,0,hem_mask_fill_1um,True,n_peaks=100
max_peaks_binds,report,462.tiff,0,hem_mask_fill_1um,True,n_peaks=100
max_peaks_binds,report,462.tiff,1,default_51,True,n_peaks=100
max_peaks_binds,report,462.tiff,1,default_51,True,n_peaks=100
max_peaks_binds,report,462.tiff,1,hem_rect_fill,True,n_peaks=100
max_peaks_binds,report,462.tiff,1,hem_rect_fill,True,n_peaks=100
max_peaks_binds,report,462.tiff,1,hem_rect_fill_1um,True,n_peaks=100
max_peaks_binds,report,462.tiff,1,hem_rect_fill_1um,True,n_peaks=100
max_peaks_binds,report,462.tiff,1,hem_mask_fill_1um,True,n_peaks=100
max_peaks_binds,report,462.tiff,1,hem_mask_fill_1um,True,n_peaks=100
max_peaks_binds,report,462.tiff,2,default_51,True,n_peaks=100
max_peaks_binds,report,462.tiff,2,default_51,True,n_peaks=100
max_peaks_binds,report,462.tiff,2,hem_rect_fill,True,n_peaks=100
max_peaks_binds,report,462.tiff,2,hem_rect_fill,True,n_peaks=100
max_peaks_binds,report,462.tiff,2,hem_rect_fill_1um,True,n_peaks=100
max_peaks_binds,report,462.tiff,2,hem_rect_fill_1um,True,n_peaks=100
max_peaks_binds,report,462.tiff,2,hem_mask_fill_1um,True,n_peaks=100
max_peaks_binds,report,462.tiff,2,hem_mask_fill_1um,True,n_peaks=100
max_peaks_binds,report,462.tiff,3,default_51,True,n_peaks=100
max_peaks_binds,report,462.tiff,3,default_51,True,n_peaks=100
max_peaks_binds,report,462.tiff,3,hem_rect_fill,True,n_peaks=100
max_peaks_binds,report,462.tiff,3,hem_rect_fill,True,n_peaks=100
max_peaks_binds,report,462.tiff,3,hem_rect_fill_1um,True,n_peaks=100
max_peaks_binds,report,462.tiff,3,hem_rect_fill_1um,True,n_peaks=100
max_peaks_binds,report,462.tiff,3,hem_mask_fill_1um,True,n_peaks=100
max_peaks_binds,report,462.tiff,3,hem_mask_fill_1um,True,n_peaks=100
max_peaks_binds,report,462.tiff,4,default_51,True,n_peaks=100
max_peaks_binds,report,462.tiff,4,default_51,True,n_peaks=100
max_peaks_binds,report,462.tiff,4,hem_rect_fill,True,n_peaks=100
max_peaks_binds,report,462.tiff,4,hem_rect_fill,True,n_peaks=100
max_peaks_binds,report,462.tiff,4,hem_rect_fill_1um,True,n_peaks=100
max_peaks_binds,report,462.tiff,4,hem_rect_fill_1um,True,n_peaks=100
max_peaks_binds,report,462.tiff,4,hem_mask_fill_1um,True,n_peaks=100
max_peaks_binds,report,462.tiff,4,hem_mask_fill_1um,True,n_peaks=100
max_peaks_binds,report,462.tiff,5,default_51,True,n_peaks=100
max_peaks_binds,report,462.tiff,5,default_51,True,n_peaks=100
max_peaks_binds,report,462.tiff,5,hem_rect_fill,True,n_peaks=100
max_peaks_binds,report,462.tiff,5,hem_rect_fill,True,n_peaks=100
max_peaks_binds,report,462.tiff,5,hem_rect_fill_1um,True,n_peaks=100
max_peaks_binds,report,462.tiff,5,hem_rect_fill_1um,True,n_peaks=100
max_peaks_binds,report,462.tiff,5,hem_mask_fill_1um,True,n_peaks=100
max_peaks_binds,report,462.tiff,5,hem_mask_fill_1um,True,n_peaks=100
max_peaks_binds,report,499.tiff,0,default_51,True,n_peaks=100
max_peaks_binds,report,499.tiff,0,default_51,True,n_peaks=100
max_peaks_binds,report,499.tiff,0,hem_rect_fill,True,n_peaks=100
max_peaks_binds,report,499.tiff,0,hem_rect_fill,True,n_peaks=100
max_peaks_binds,report,499.tiff,0,hem_rect_fill_1um,True,n_peaks=100
max_peaks_binds,report,499.tiff,0,hem_rect_fill_1um,True,n_peaks=100
max_peaks_binds,report,499.tiff,0,hem_mask_fill_1um,True,n_peaks=100
max_peaks_binds,report,499.tiff,0,hem_mask_fill_1um,True,n_peaks=100
max_peaks_binds,report,499.tiff,1,default_51,True,n_peaks=100
max_peaks_binds,report,499.tiff,1,default_51,True,n_peaks=100
max_peaks_binds,report,499.tiff,1,hem_rect_fill,True,n_peaks=100
max_peaks_binds,report,499.tiff,1,hem_rect_fill,True,n_peaks=100
max_peaks_binds,report,499.tiff,1,hem_rect_fill_1um,True,n_peaks=100
max_peaks_binds,report,499.tiff,1,hem_rect_fill_1um,True,n_peaks=100
max_peaks_binds,report,499.tiff,1,hem_mask_fill_1um,True,n_peaks=100
max_peaks_binds,report,499.tiff,1,hem_mask_fill_1um,True,n_peaks=100
max_peaks_binds,report,499.tiff,2,default_51,True,n_peaks=100
max_peaks_binds,report,499.tiff,2,default_51,True,n_peaks=100
max_peaks_binds,report,499.tiff,2,hem_rect_fill,True,n_peaks=100
max_peaks_binds,report,499.tiff,2,hem_rect_fill,True,n_peaks=100
max_peaks_binds,report,499.tiff,2,hem_rect_fill_1um,True,n_peaks=100
max_peaks_binds,report,499.tiff,2,hem_rect_fill_1um,True,n_peaks=100
max_peaks_binds,report,499.tiff,2,hem_mask_fill_1um,True,n_peaks=100
max_peaks_binds,report,499.tiff,2,hem_mask_fill_1um,True,n_peaks=100
max_peaks_binds,report,499.tiff,3,default_51,True,n_peaks=100
max_peaks_binds,report,499.tiff,3,default_51,True,n_peaks=100
max_peaks_binds,report,499.tiff,3,hem_rect_fill,True,n_peaks=100
max_peaks_binds,report,499.tiff,3,hem_rect_fill,True,n_peaks=100
max_peaks_binds,report,499.tiff,3,hem_rect_fill_1um,True,n_peaks=100
max_peaks_binds,report,499.tiff,3,hem_rect_fill_1um,True,n_peaks=100
max_peaks_binds,report,499.tiff,3,hem_mask_fill_1um,True,n_peaks=100
max_peaks_binds,report,499.tiff,3,hem_mask_fill_1um,True,n_peaks=100
max_peaks_binds,report,499.tiff,4,default_51,True,n_peaks=100
max_peaks_binds,report,499.tiff,4,default_51,True,n_peaks=100
max_peaks_binds,report,499.tiff,4,hem_rect_fill,True,n_peaks=100
max_peaks_binds,report,499.tiff,4,hem_rect_fill,True,n_peaks=100
max_peaks_binds,report,499.tiff,4,hem_rect_fill_1um,True,n_peaks=100
max_peaks_binds,report,499.tiff,4,hem_rect_fill_1um,True,n_peaks=100
max_peaks_binds,report,499.tiff,4,hem_mask_fill_1um,True,n_peaks=100
max_peaks_binds,report,499.tiff,4,hem_mask_fill_1um,True,n_peaks=100
max_peaks_binds,report,499.tiff,5,default_51,True,n_peaks=100
max_peaks_binds,report,499.tiff,5,default_51,True,n_peaks=100
max_peaks_binds,report,499.tiff,5,hem_rect_fill,True,n_peaks=100
max_peaks_binds,report,499.tiff,5,hem_rect_fill,True,n_peaks=100
max_peaks_binds,report,499.tiff,5,hem_rect_fill_1um,True,n_peaks=100
max_peaks_binds,report,499.tiff,5,hem_rect_fill_1um,True,n_peaks=100
max_peaks_binds,report,499.tiff,5,hem_mask_fill_1um,True,n_peaks=100
max_peaks_binds,report,499.tiff,5,hem_mask_fill_1um,True,n_peaks=100
max_peaks_binds,report,013.tiff,0,default_51,True,n_peaks=100
max_peaks_binds,report,013.tiff,0,default_51,True,n_peaks=100
max_peaks_binds,report,013.tiff,0,hem_rect_fill,True,n_peaks=100
max_peaks_binds,report,013.tiff,0,hem_rect_fill,True,n_peaks=100
max_peaks_binds,report,013.tiff,0,hem_rect_fill_1um,True,n_peaks=100
max_peaks_binds,report,013.tiff,0,hem_rect_fill_1um,True,n_peaks=100
max_peaks_binds,report,013.tiff,0,hem_mask_fill_1um,True,n_peaks=100
max_peaks_binds,report,013.tiff,0,hem_mask_fill_1um,True,n_peaks=100
max_peaks_binds,report,013.tiff,1,default_51,True,n_peaks=100
max_peaks_binds,report,013.tiff,1,default_51,True,n_peaks=100
max_peaks_binds,report,013.tiff,1,hem_rect_fill,True,n_peaks=100
max_peaks_binds,report,013.tiff,1,hem_rect_fill,True,n_peaks=100
max_peaks_binds,report,013.tiff,1,hem_rect_fill_1um,True,n_peaks=100
max_peaks_binds,report,013.tiff,1,hem_rect_fill_1um,True,n_peaks=100
max_peaks_binds,report,013.tiff,1,hem_mask_fill_1um,True,n_peaks=100
max_peaks_binds,report,013.tiff,1,hem_mask_fill_1um,True,n_peaks=100
max_peaks_binds,report,013.tiff,2,default_51,True,n_peaks=100
max_peaks_binds,report,013.tiff,2,default_51,True,n_peaks=100
max_peaks_binds,report,013.tiff,2,hem_rect_fill,True,n_peaks=100
max_peaks_binds,report,013.tiff,2,hem_rect_fill,True,n_peaks=100
max_peaks_binds,report,013.tiff,2,hem_rect_fill_1um,True,n_peaks=100
max_peaks_binds,report,013.tiff,2,hem_rect_fill_1um,True,n_peaks=100
max_peaks_binds,report,013.tiff,2,hem_mask_fill_1um,True,n_peaks=100
max_peaks_binds,report,013.tiff,2,hem_mask_fill_1um,True,n_peaks=100
max_peaks_binds,report,013.tiff,3,default_51,True,n_peaks=100
max_peaks_binds,report,013.tiff,3,default_51,True,n_peaks=100
max_peaks_binds,report,013.tiff,3,hem_rect_fill,True,n_peaks=100
max_peaks_binds,report,013.tiff,3,hem_rect_fill,True,n_peaks=100
max_peaks_binds,report,013.tiff,3,hem_rect_fill_1um,True,n_peaks=100
max_peaks_binds,report,013.tiff,3,hem_rect_fill_1um,True,n_peaks=100
max_peaks_binds,report,013.tiff,3,hem_mask_fill_1um,True,n_peaks=100
max_peaks_binds,report,013.tiff,3,hem_mask_fill_1um,True,n_peaks=100
max_peaks_binds,report,013.tiff,4,default_51,True,n_peaks=100
max_peaks_binds,report,013.tiff,4,default_51,True,n_peaks=100
max_peaks_binds,report,013.tiff,4,hem_rect_fill,True,n_peaks=100
max_peaks_binds,report,013.tiff,4,hem_rect_fill,True,n_peaks=100
max_peaks_binds,report,013.tiff,4,hem_rect_fill_1um,True,n_peaks=100
max_peaks_binds,report,013.tiff,4,hem_rect_fill_1um,True,n_peaks=100
max_peaks_binds,report,013.tiff,4,hem_mask_fill_1um,True,n_peaks=100
max_peaks_binds,report,013.tiff,4,hem_mask_fill_1um,True,n_peaks=100
max_peaks_binds,report,013.tiff,5,default_51,True,n_peaks=100
max_peaks_binds,report,013.tiff,5,default_51,True,n_peaks=100
max_peaks_binds,report,013.tiff,5,hem_rect_fill,True,n_peaks=100
max_peaks_binds,report,013.tiff,5,hem_rect_fill,True,n_peaks=100
max_peaks_binds,report,013.tiff,5,hem_rect_fill_1um,True,n_peaks=100
max_peaks_binds,report,013.tiff,5,hem_rect_fill_1um,True,n_peaks=100
max_peaks_binds,report,013.tiff,5,hem_mask_fill_1um,True,n_peaks=100
max_peaks_binds,report,013.tiff,5,hem_mask_fill_1um,True,n_peaks=100
max_peaks_binds,report,094.tiff,0,default_51,True,n_peaks=100
max_peaks_binds,report,094.tiff,0,default_51,True,n_peaks=100
max_peaks_binds,report,094.tiff,0,hem_rect_fill,True,n_peaks=100
max_peaks_binds,report,094.tiff,0,hem_rect_fill,True,n_peaks=100
max_peaks_binds,report,094.tiff,0,hem_rect_fill_1um,True,n_peaks=100
max_peaks_binds,report,094.tiff,0,hem_rect_fill_1um,True,n_peaks=100
max_peaks_binds,report,094.tiff,0,hem_mask_fill_1um,True,n_peaks=100
max_peaks_binds,report,094.tiff,0,hem_mask_fill_1um,True,n_peaks=100
max_peaks_binds,report,094.tiff,1,default_51,True,n_peaks=100
max_peaks_binds,report,094.tiff,1,default_51,True,n_peaks=100
max_peaks_binds,report,094.tiff,1,hem_rect_fill,True,n_peaks=100
max_peaks_binds,report,094.tiff,1,hem_rect_fill,True,n_peaks=100
max_peaks_binds,report,094.tiff,1,hem_rect_fill_1um,True,n_peaks=100
max_peaks_binds,report,094.tiff,1,hem_rect_fill_1um,True,n_peaks=100
max_peaks_binds,report,094.tiff,1,hem_mask_fill_1um,True,n_peaks=100
max_peaks_binds,report,094.tiff,1,hem_mask_fill_1um,True,n_peaks=100
max_peaks_binds,report,094.tiff,2,default_51,True,n_peaks=100
max_peaks_binds,report,094.tiff,2,default_51,True,n_peaks=100
max_peaks_binds,report,094.tiff,2,hem_rect_fill,True,n_peaks=100
max_peaks_binds,report,094.tiff,2,hem_rect_fill,True,n_peaks=100
max_peaks_binds,report,094.tiff,2,hem_rect_fill_1um,True,n_peaks=100
max_peaks_binds,report,094.tiff,2,hem_rect_fill_1um,True,n_peaks=100
max_peaks_binds,report,094.tiff,2,hem_mask_fill_1um,True,n_peaks=100
max_peaks_binds,report,094.tiff,2,hem_mask_fill_1um,True,n_peaks=100
max_peaks_binds,report,094.tiff,3,default_51,True,n_peaks=100
max_peaks_binds,report,094.tiff,3,default_51,True,n_peaks=100
max_peaks_binds,report,094.tiff,3,hem_rect_fill,True,n_peaks=100
max_peaks_binds,report,094.tiff,3,hem_rect_fill,True,n_peaks=100
max_peaks_binds,report,094.tiff,3,hem_rect_fill_1um,True,n_peaks=100
max_peaks_binds,report,094.tiff,3,hem_rect_fill_1um,True,n_peaks=100
max_peaks_binds,report,094.tiff,3,hem_mask_fill_1um,True,n_peaks=100
max_peaks_binds,report,094.tiff,3,hem_mask_fill_1um,True,n_peaks=100
max_peaks_binds,report,094.tiff,4,default_51,True,n_peaks=100
max_peaks_binds,report,094.tiff,4,default_51,True,n_peaks=100
max_peaks_binds,report,094.tiff,4,hem_rect_fill,True,n_peaks=100
max_peaks_binds,report,094.tiff,4,hem_rect_fill,True,n_peaks=100
max_peaks_binds,report,094.tiff,4,hem_rect_fill_1um,True,n_peaks=100
max_peaks_binds,report,094.tiff,4,hem_rect_fill_1um,True,n_peaks=100
max_peaks_binds,report,094.tiff,4,hem_mask_fill_1um,True,n_peaks=100
max_peaks_binds,report,094.tiff,4,hem_mask_fill_1um,True,n_peaks=100
max_peaks_binds,report,094.tiff,5,default_51,True,n_peaks=100
max_peaks_binds,report,094.tiff,5,default_51,True,n_peaks=100
max_peaks_binds,report,094.tiff,5,hem_rect_fill,True,n_peaks=100
max_peaks_binds,report,094.tiff,5,hem_rect_fill,True,n_peaks=100
max_peaks_binds,report,094.tiff,5,hem_rect_fill_1um,True,n_peaks=100
max_peaks_binds,report,094.tiff,5,hem_rect_fill_1um,True,n_peaks=100
max_peaks_binds,report,094.tiff,5,hem_mask_fill_1um,True,n_peaks=100
max_peaks_binds,report,094.tiff,5,hem_mask_fill_1um,True,n_peaks=100
max_peaks_binds,report,007.tiff,0,default_51,True,n_peaks=100
max_peaks_binds,report,007.tiff,0,default_51,True,n_peaks=100
max_peaks_binds,report,007.tiff,0,hem_rect_fill,True,n_peaks=100
max_peaks_binds,report,007.tiff,0,hem_rect_fill,True,n_peaks=100
max_peaks_binds,report,007.tiff,0,hem_rect_fill_1um,True,n_peaks=100
max_peaks_binds,report,007.tiff,0,hem_rect_fill_1um,True,n_peaks=100
max_peaks_binds,report,007.tiff,0,hem_mask_fill_1um,True,n_peaks=100
max_peaks_binds,report,007.tiff,0,hem_mask_fill_1um,True,n_peaks=100
max_peaks_binds,report,007.tiff,1,default_51,True,n_peaks=100
max_peaks_binds,report,007.tiff,1,default_51,True,n_peaks=100
max_peaks_binds,report,007.tiff,1,hem_rect_fill,True,n_peaks=100
max_peaks_binds,report,007.tiff,1,hem_rect_fill,True,n_peaks=100
max_peaks_binds,report,007.tiff,1,hem_rect_fill_1um,True,n_peaks=100
max_peaks_binds,report,007.tiff,1,hem_rect_fill_1um,True,n_peaks=100
max_peaks_binds,report,007.tiff,1,hem_mask_fill_1um,True,n_peaks=100
max_peaks_binds,report,007.tiff,1,hem_mask_fill_1um,True,n_peaks=100
max_peaks_binds,report,007.tiff,2,default_51,True,n_peaks=100
max_peaks_binds,report,007.tiff,2,default_51,True,n_peaks=100
max_peaks_binds,report,007.tiff,2,hem_rect_fill,True,n_peaks=100
max_peaks_binds,report,007.tiff,2,hem_rect_fill,True,n_peaks=100
max_peaks_binds,report,007.tiff,2,hem_rect_fill_1um,True,n_peaks=100
max_peaks_binds,report,007.tiff,2,hem_rect_fill_1um,True,n_peaks=100
max_peaks_binds,report,007.tiff,2,hem_mask_fill_1um,True,n_peaks=100
max_peaks_binds,report,007.tiff,2,hem_mask_fill_1um,True,n_peaks=100
max_peaks_binds,report,007.tiff,3,default_51,True,n_peaks=100
max_peaks_binds,report,007.tiff,3,default_51,True,n_peaks=100
max_peaks_binds,report,007.tiff,3,hem_rect_fill,True,n_peaks=100
max_peaks_binds,report,007.tiff,3,hem_rect_fill,True,n_peaks=100
max_peaks_binds,report,007.tiff,3,hem_rect_fill_1um,True,n_peaks=100
max_peaks_binds,report,007.tiff,3,hem_rect_fill_1um,True,n_peaks=100
max_peaks_binds,report,007.tiff,3,hem_mask_fill_1um,True,n_peaks=100
max_peaks_binds,report,007.tiff,3,hem_mask_fill_1um,True,n_peaks=100
max_peaks_binds,report,007.tiff,4,default_51,True,n_peaks=100
max_peaks_binds,report,007.tiff,4,default_51,True,n_peaks=100
max_peaks_binds,report,007.tiff,4,hem_rect_fill,True,n_peaks=100
max_peaks_binds,report,007.tiff,4,hem_rect_fill,True,n_peaks=100
max_peaks_binds,report,007.tiff,4,hem_rect_fill_1um,True,n_peaks=100
max_peaks_binds,report,007.tiff,4,hem_rect_fill_1um,True,n_peaks=100
max_peaks_binds,report,007.tiff,4,hem_mask_fill_1um,True,n_peaks=100
max_peaks_binds,report,007.tiff,4,hem_mask_fill_1um,True,n_peaks=100
max_peaks_binds,report,007.tiff,5,default_51,True,n_peaks=100
max_peaks_binds,report,007.tiff,5,default_51,True,n_peaks=100
max_peaks_binds,report,007.tiff,5,hem_rect_fill,True,n_peaks=100
max_peaks_binds,report,007.tiff,5,hem_rect_fill,True,n_peaks=100
max_peaks_binds,report,007.tiff,5,hem_rect_fill_1um,True,n_peaks=100
max_peaks_binds,report,007.tiff,5,hem_rect_fill_1um,True,n_peaks=100
max_peaks_binds,report,007.tiff,5,hem_mask_fill_1um,True,n_peaks=100
max_peaks_binds,report,007.tiff,5,hem_mask_fill_1um,True,n_peaks=100
max_peaks_binds,report,072.tiff,0,default_51,True,n_peaks=100
max_peaks_binds,report,072.tiff,0,default_51,True,n_peaks=100
max_peaks_binds,report,072.tiff,0,hem_rect_fill,True,n_peaks=100
max_peaks_binds,report,072.tiff,0,hem_rect_fill,True,n_peaks=100
max_peaks_binds,report,072.tiff,0,hem_rect_fill_1um,True,n_peaks=100
max_peaks_binds,report,072.tiff,0,hem_rect_fill_1um,True,n_peaks=100
max_peaks_binds,report,072.tiff,0,hem_mask_fill_1um,True,n_peaks=100
max_peaks_binds,report,072.tiff,0,hem_mask_fill_1um,True,n_peaks=100
max_peaks_binds,report,072.tiff,1,default_51,True,n_peaks=100
max_peaks_binds,report,072.tiff,1,default_51,True,n_peaks=100
max_peaks_binds,report,072.tiff,1,hem_rect_fill,True,n_peaks=100
max_peaks_binds,report,072.tiff,1,hem_rect_fill,True,n_peaks=100
max_peaks_binds,report,072.tiff,1,hem_rect_fill_1um,True,n_peaks=100
max_peaks_binds,report,072.tiff,1,hem_rect_fill_1um,True,n_peaks=100
max_peaks_binds,report,072.tiff,1,hem_mask_fill_1um,True,n_peaks=100
max_peaks_binds,report,072.tiff,1,hem_mask_fill_1um,True,n_peaks=100
max_peaks_binds,report,072.tiff,2,default_51,True,n_peaks=100
max_peaks_binds,report,072.tiff,2,default_51,True,n_peaks=100
max_peaks_binds,report,072.tiff,2,hem_rect_fill,True,n_peaks=100
max_peaks_binds,report,072.tiff,2,hem_rect_fill,True,n_peaks=100
max_peaks_binds,report,072.tiff,2,hem_rect_fill_1um,True,n_peaks=100
max_peaks_binds,report,072.tiff,2,hem_rect_fill_1um,True,n_peaks=100
max_peaks_binds,report,072.tiff,2,hem_mask_fill_1um,True,n_peaks=100
max_peaks_binds,report,072.tiff,2,hem_mask_fill_1um,True,n_peaks=100
max_peaks_binds,report,072.tiff,3,default_51,True,n_peaks=100
max_peaks_binds,report,072.tiff,3,default_51,True,n_peaks=100
max_peaks_binds,report,072.tiff,3,hem_rect_fill,True,n_peaks=100
max_peaks_binds,report,072.tiff,3,hem_rect_fill,True,n_peaks=100
max_peaks_binds,report,072.tiff,3,hem_rect_fill_1um,True,n_peaks=100
max_peaks_binds,report,072.tiff,3,hem_rect_fill_1um,True,n_peaks=100
max_peaks_binds,report,072.tiff,3,hem_mask_fill_1um,True,n_peaks=100
max_peaks_binds,report,072.tiff,3,hem_mask_fill_1um,True,n_peaks=100
max_peaks_binds,report,072.tiff,4,default_51,True,n_peaks=100
max_peaks_binds,report,072.tiff,4,default_51,True,n_peaks=100
max_peaks_binds,report,072.tiff,4,hem_rect_fill,True,n_peaks=100
max_peaks_binds,report,072.tiff,4,hem_rect_fill,True,n_peaks=100
max_peaks_binds,report,072.tiff,4,hem_rect_fill_1um,True,n_peaks=100
max_peaks_binds,report,072.tiff,4,hem_rect_fill_1um,True,n_peaks=100
max_peaks_binds,report,072.tiff,4,hem_mask_fill_1um,True,n_peaks=100
max_peaks_binds,report,072.tiff,4,hem_mask_fill_1um,True,n_peaks=100
max_peaks_binds,report,072.tiff,5,default_51,True,n_peaks=100
max_peaks_binds,report,072.tiff,5,default_51,True,n_peaks=100
max_peaks_binds,report,072.tiff,5,hem_rect_fill,True,n_peaks=100
max_peaks_binds,report,072.tiff,5,hem_rect_fill,True,n_peaks=100
max_peaks_binds,report,072.tiff,5,hem_rect_fill_1um,True,n_peaks=100
max_peaks_binds,report,072.tiff,5,hem_rect_fill_1um,True,n_peaks=100
max_peaks_binds,report,072.tiff,5,hem_mask_fill_1um,True,n_peaks=100
max_peaks_binds,report,072.tiff,5,hem_mask_fill_1um,True,n_peaks=100
max_peaks_binds,report,100.tiff,0,default_51,True,n_peaks=100
max_peaks_binds,report,100.tiff,0,default_51,True,n_peaks=100
max_peaks_binds,report,100.tiff,0,hem_rect_fill,True,n_peaks=100
max_peaks_binds,report,100.tiff,0,hem_rect_fill,True,n_peaks=100
max_peaks_binds,report,100.tiff,0,hem_rect_fill_1um,True,n_peaks=100
max_peaks_binds,report,100.tiff,0,hem_rect_fill_1um,True,n_peaks=100
max_peaks_binds,report,100.tiff,0,hem_mask_fill_1um,True,n_peaks=100
max_peaks_binds,report,100.tiff,0,hem_mask_fill_1um,True,n_peaks=100
max_peaks_binds,report,100.tiff,1,default_51,True,n_peaks=100
max_peaks_binds,report,100.tiff,1,default_51,True,n_peaks=100
max_peaks_binds,report,100.tiff,1,hem_rect_fill,True,n_peaks=100
max_peaks_binds,report,100.tiff,1,hem_rect_fill,True,n_peaks=100
max_peaks_binds,report,100.tiff,1,hem_rect_fill_1um,True,n_peaks=100
max_peaks_binds,report,100.tiff,1,hem_rect_fill_1um,True,n_peaks=100
max_peaks_binds,report,100.tiff,1,hem_mask_fill_1um,True,n_peaks=100
max_peaks_binds,report,100.tiff,1,hem_mask_fill_1um,True,n_peaks=100
max_peaks_binds,report,100.tiff,2,default_51,True,n_peaks=100
max_peaks_binds,report,100.tiff,2,default_51,True,n_peaks=100
max_peaks_binds,report,100.tiff,2,hem_rect_fill,True,n_peaks=100
max_peaks_binds,report,100.tiff,2,hem_rect_fill,True,n_peaks=100
max_peaks_binds,report,100.tiff,2,hem_rect_fill_1um,True,n_peaks=100
max_peaks_binds,report,100.tiff,2,hem_rect_fill_1um,True,n_peaks=100
max_peaks_binds,report,100.tiff,2,hem_mask_fill_1um,True,n_peaks=100
max_peaks_binds,report,100.tiff,2,hem_mask_fill_1um,True,n_peaks=100
max_peaks_binds,report,100.tiff,3,default_51,True,n_peaks=100
max_peaks_binds,report,100.tiff,3,default_51,True,n_peaks=100
max_peaks_binds,report,100.tiff,3,hem_rect_fill,True,n_peaks=100
max_peaks_binds,report,100.tiff,3,hem_rect_fill,True,n_peaks=100
max_peaks_binds,report,100.tiff,3,hem_rect_fill_1um,True,n_peaks=100
max_peaks_binds,report,100.tiff,3,hem_rect_fill_1um,True,n_peaks=100
max_peaks_binds,report,100.tiff,3,hem_mask_fill_1um,True,n_peaks=100
max_peaks_binds,report,100.tiff,3,hem_mask_fill_1um,True,n_peaks=100
max_peaks_binds,report,100.tiff,4,default_51,True,n_peaks=100
max_peaks_binds,report,100.tiff,4,default_51,True,n_peaks=100
max_peaks_binds,report,100.tiff,4,hem_rect_fill,True,n_peaks=100
max_peaks_binds,report,100.tiff,4,hem_rect_fill,True,n_peaks=100
max_peaks_binds,report,100.tiff,4,hem_rect_fill_1um,True,n_peaks=100
max_peaks_binds,report,100.tiff,4,hem_rect_fill_1um,True,n_peaks=100
max_peaks_binds,report,100.tiff,4,hem_mask_fill_1um,True,n_peaks=100
max_peaks_binds,report,100.tiff,4,hem_mask_fill_1um,True,n_peaks=100
max_peaks_binds,report,100.tiff,5,default_51,True,n_peaks=100
max_peaks_binds,report,100.tiff,5,default_51,True,n_peaks=100
max_peaks_binds,report,100.tiff,5,hem_rect_fill,True,n_peaks=100
max_peaks_binds,report,100.tiff,5,hem_rect_fill,True,n_peaks=100
max_peaks_binds,report,100.tiff,5,hem_rect_fill_1um,True,n_peaks=100
max_peaks_binds,report,100.tiff,5,hem_rect_fill_1um,True,n_peaks=100
max_peaks_binds,report,100.tiff,5,hem_mask_fill_1um,True,n_peaks=100
max_peaks_binds,report,100.tiff,5,hem_mask_fill_1um,True,n_peaks=100
max_peaks_binds,report,123.tiff,0,default_51,True,n_peaks=100
max_peaks_binds,report,123.tiff,0,default_51,True,n_peaks=100
max_peaks_binds,report,123.tiff,0,hem_rect_fill,True,n_peaks=100
max_peaks_binds,report,123.tiff,0,hem_rect_fill,True,n_peaks=100
max_peaks_binds,report,123.tiff,0,hem_rect_fill_1um,True,n_peaks=100
max_peaks_binds,report,123.tiff,0,hem_rect_fill_1um,True,n_peaks=100
max_peaks_binds,report,123.tiff,0,hem_mask_fill_1um,True,n_peaks=100
max_peaks_binds,report,123.tiff,0,hem_mask_fill_1um,True,n_peaks=100
max_peaks_binds,report,123.tiff,1,default_51,True,n_peaks=100
max_peaks_binds,report,123.tiff,1,default_51,True,n_peaks=100
max_peaks_binds,report,123.tiff,1,hem_rect_fill,True,n_peaks=100
max_peaks_binds,report,123.tiff,1,hem_rect_fill,True,n_peaks=100
max_peaks_binds,report,123.tiff,1,hem_rect_fill_1um,True,n_peaks=100
max_peaks_binds,report,123.tiff,1,hem_rect_fill_1um,True,n_peaks=100
max_peaks_binds,report,123.tiff,1,hem_mask_fill_1um,True,n_peaks=100
max_peaks_binds,report,123.tiff,1,hem_mask_fill_1um,True,n_peaks=100
max_peaks_binds,report,123.tiff,2,default_51,True,n_peaks=100
max_peaks_binds,report,123.tiff,2,default_51,True,n_peaks=100
max_peaks_binds,report,123.tiff,2,hem_rect_fill,True,n_peaks=100
max_peaks_binds,report,123.tiff,2,hem_rect_fill,True,n_peaks=100
max_peaks_binds,report,123.tiff,2,hem_rect_fill_1um,True,n_peaks=100
max_peaks_binds,report,123.tiff,2,hem_rect_fill_1um,True,n_peaks=100
max_peaks_binds,report,123.tiff,2,hem_mask_fill_1um,True,n_peaks=100
max_peaks_binds,report,123.tiff,2,hem_mask_fill_1um,True,n_peaks=100
max_peaks_binds,report,123.tiff,3,default_51,True,n_peaks=100
max_peaks_binds,report,123.tiff,3,default_51,True,n_peaks=100
max_peaks_binds,report,123.tiff,3,hem_rect_fill,True,n_peaks=100
max_peaks_binds,report,123.tiff,3,hem_rect_fill,True,n_peaks=100
max_peaks_binds,report,123.tiff,3,hem_rect_fill_1um,True,n_peaks=100
max_peaks_binds,report,123.tiff,3,hem_rect_fill_1um,True,n_peaks=100
max_peaks_binds,report,123.tiff,3,hem_mask_fill_1um,True,n_peaks=100
max_peaks_binds,report,123.tiff,3,hem_mask_fill_1um,True,n_peaks=100
max_peaks_binds,report,123.tiff,4,default_51,True,n_peaks=100
max_peaks_binds,report,123.tiff,4,default_51,True,n_peaks=100
max_peaks_binds,report,123.tiff,4,hem_rect_fill,True,n_peaks=100
max_peaks_binds,report,123.tiff,4,hem_rect_fill,True,n_peaks=100
max_peaks_binds,report,123.tiff,4,hem_rect_fill_1um,True,n_peaks=100
max_peaks_binds,report,123.tiff,4,hem_rect_fill_1um,True,n_peaks=100
max_peaks_binds,report,123.tiff,4,hem_mask_fill_1um,True,n_peaks=100
max_peaks_binds,report,123.tiff,4,hem_mask_fill_1um,True,n_peaks=100
max_peaks_binds,report,123.tiff,5,default_51,True,n_peaks=100
max_peaks_binds,report,123.tiff,5,default_51,True,n_peaks=100
max_peaks_binds,report,123.tiff,5,hem_rect_fill,True,n_peaks=100
max_peaks_binds,report,123.tiff,5,hem_rect_fill,True,n_peaks=100
max_peaks_binds,report,123.tiff,5,hem_rect_fill_1um,True,n_peaks=100
max_peaks_binds,report,123.tiff,5,hem_rect_fill_1um,True,n_peaks=100
max_peaks_binds,report,123.tiff,5,hem_mask_fill_1um,True,n_peaks=100
max_peaks_binds,report,123.tiff,5,hem_mask_fill_1um,True,n_peaks=100
max_peaks_binds,report,128.tiff,0,default_51,True,n_peaks=100
max_peaks_binds,report,128.tiff,0,default_51,True,n_peaks=100
max_peaks_binds,report,128.tiff,0,hem_rect_fill,True,n_peaks=100
max_peaks_binds,report,128.tiff,0,hem_rect_fill,True,n_peaks=100
max_peaks_binds,report,128.tiff,0,hem_rect_fill_1um,True,n_peaks=100
max_peaks_binds,report,128.tiff,0,hem_rect_fill_1um,True,n_peaks=100
max_peaks_binds,report,128.tiff,0,hem_mask_fill_1um,True,n_peaks=100
max_peaks_binds,report,128.tiff,0,hem_mask_fill_1um,True,n_peaks=100
max_peaks_binds,report,128.tiff,1,default_51,True,n_peaks=100
max_peaks_binds,report,128.tiff,1,default_51,True,n_peaks=100
max_peaks_binds,report,128.tiff,1,hem_rect_fill,True,n_peaks=100
max_peaks_binds,report,128.tiff,1,hem_rect_fill,True,n_peaks=100
max_peaks_binds,report,128.tiff,1,hem_rect_fill_1um,True,n_peaks=100
max_peaks_binds,report,128.tiff,1,hem_rect_fill_1um,True,n_peaks=100
max_peaks_binds,report,128.tiff,1,hem_mask_fill_1um,True,n_peaks=100
max_peaks_binds,report,128.tiff,1,hem_mask_fill_1um,True,n_peaks=100
max_peaks_binds,report,128.tiff,2,default_51,True,n_peaks=100
max_peaks_binds,report,128.tiff,2,default_51,True,n_peaks=100
max_peaks_binds,report,128.tiff,2,hem_rect_fill,True,n_peaks=100
max_peaks_binds,report,128.tiff,2,hem_rect_fill,True,n_peaks=100
max_peaks_binds,report,128.tiff,2,hem_rect_fill_1um,True,n_peaks=100
max_peaks_binds,report,128.tiff,2,hem_rect_fill_1um,True,n_peaks=100
max_peaks_binds,report,128.tiff,2,hem_mask_fill_1um,True,n_peaks=100
max_peaks_binds,report,128.tiff,2,hem_mask_fill_1um,True,n_peaks=100
max_peaks_binds,report,128.tiff,3,default_51,True,n_peaks=100
max_peaks_binds,report,128.tiff,3,default_51,True,n_peaks=100
max_peaks_binds,report,128.tiff,3,hem_rect_fill,True,n_peaks=100
max_peaks_binds,report,128.tiff,3,hem_rect_fill,True,n_peaks=100
max_peaks_binds,report,128.tiff,3,hem_rect_fill_1um,True,n_peaks=100
max_peaks_binds,report,128.tiff,3,hem_rect_fill_1um,True,n_peaks=100
max_peaks_binds,report,128.tiff,3,hem_mask_fill_1um,True,n_peaks=100
max_peaks_binds,report,128.tiff,3,hem_mask_fill_1um,True,n_peaks=100
max_peaks_binds,report,128.tiff,4,default_51,True,n_peaks=100
max_peaks_binds,report,128.tiff,4,default_51,True,n_peaks=100
max_peaks_binds,report,128.tiff,4,hem_rect_fill,True,n_peaks=100
max_peaks_binds,report,128.tiff,4,hem_rect_fill,True,n_peaks=100
max_peaks_binds,report,128.tiff,4,hem_rect_fill_1um,True,n_peaks=100
max_peaks_binds,report,128.tiff,4,hem_rect_fill_1um,True,n_peaks=100
max_peaks_binds,report,128.tiff,4,hem_mask_fill_1um,True,n_peaks=100
max_peaks_binds,report,128.tiff,4,hem_mask_fill_1um,True,n_peaks=100
max_peaks_binds,report,128.tiff,5,default_51,True,n_peaks=100
max_peaks_binds,report,128.tiff,5,default_51,True,n_peaks=100
max_peaks_binds,report,128.tiff,5,hem_rect_fill,True,n_peaks=100
max_peaks_binds,report,128.tiff,5,hem_rect_fill,True,n_peaks=100
max_peaks_binds,report,128.tiff,5,hem_rect_fill_1um,True,n_peaks=100
max_peaks_binds,report,128.tiff,5,hem_rect_fill_1um,True,n_peaks=100
max_peaks_binds,report,128.tiff,5,hem_mask_fill_1um,True,n_peaks=100
max_peaks_binds,report,128.tiff,5,hem_mask_fill_1um,True,n_peaks=100
max_peaks_binds,report,529.tiff,0,default_51,True,n_peaks=100
max_peaks_binds,report,529.tiff,0,default_51,True,n_peaks=100
max_peaks_binds,report,529.tiff,0,hem_rect_fill,True,n_peaks=100
max_peaks_binds,report,529.tiff,0,hem_rect_fill,True,n_peaks=100
max_peaks_binds,report,529.tiff,0,hem_rect_fill_1um,True,n_peaks=100
max_peaks_binds,report,529.tiff,0,hem_rect_fill_1um,True,n_peaks=100
max_peaks_binds,report,529.tiff,0,hem_mask_fill_1um,True,n_peaks=100
max_peaks_binds,report,529.tiff,0,hem_mask_fill_1um,True,n_peaks=100
max_peaks_binds,report,529.tiff,1,default_51,True,n_peaks=100
max_peaks_binds,report,529.tiff,1,default_51,True,n_peaks=100
max_peaks_binds,report,529.tiff,1,hem_rect_fill,True,n_peaks=100
max_peaks_binds,report,529.tiff,1,hem_rect_fill,True,n_peaks=100
max_peaks_binds,report,529.tiff,1,hem_rect_fill_1um,True,n_peaks=100
max_peaks_binds,report,529.tiff,1,hem_rect_fill_1um,True,n_peaks=100
max_peaks_binds,report,529.tiff,1,hem_mask_fill_1um,True,n_peaks=100
max_peaks_binds,report,529.tiff,1,hem_mask_fill_1um,True,n_peaks=100
max_peaks_binds,report,529.tiff,2,default_51,True,n_peaks=100
max_peaks_binds,report,529.tiff,2,default_51,True,n_peaks=100
max_peaks_binds,report,529.tiff,2,hem_rect_fill,True,n_peaks=100
max_peaks_binds,report,529.tiff,2,hem_rect_fill,True,n_peaks=100
max_peaks_binds,report,529.tiff,2,hem_rect_fill_1um,True,n_peaks=100
max_peaks_binds,report,529.tiff,2,hem_rect_fill_1um,True,n_peaks=100
max_peaks_binds,report,529.tiff,2,hem_mask_fill_1um,True,n_peaks=100
max_peaks_binds,report,529.tiff,2,hem_mask_fill_1um,True,n_peaks=100
max_peaks_binds,report,529.tiff,3,default_51,True,n_peaks=100
max_peaks_binds,report,529.tiff,3,default_51,True,n_peaks=100
max_peaks_binds,report,529.tiff,3,hem_rect_fill,True,n_peaks=100
max_peaks_binds,report,529.tiff,3,hem_rect_fill,True,n_peaks=100
max_peaks_binds,report,529.tiff,3,hem_rect_fill_1um,True,n_peaks=100
max_peaks_binds,report,529.tiff,3,hem_rect_fill_1um,True,n_peaks=100
max_peaks_binds,report,529.tiff,3,hem_mask_fill_1um,True,n_peaks=100
max_peaks_binds,report,529.tiff,3,hem_mask_fill_1um,True,n_peaks=100
max_peaks_binds,report,529.tiff,4,default_51,True,n_peaks=100
max_peaks_binds,report,529.tiff,4,default_51,True,n_peaks=100
max_peaks_binds,report,529.tiff,4,hem_rect_fill,True,n_peaks=100
max_peaks_binds,report,529.tiff,4,hem_rect_fill,True,n_peaks=100
max_peaks_binds,report,529.tiff,4,hem_rect_fill_1um,True,n_peaks=100
max_peaks_binds,report,529.tiff,4,hem_rect_fill_1um,True,n_peaks=100
max_peaks_binds,report,529.tiff,4,hem_mask_fill_1um,True,n_peaks=100
max_peaks_binds,report,529.tiff,4,hem_mask_fill_1um,True,n_peaks=100
max_peaks_binds,report,529.tiff,5,default_51,True,n_peaks=100
max_peaks_binds,report,529.tiff,5,default_51,True,n_peaks=100
max_peaks_binds,report,529.tiff,5,hem_rect_fill,True,n_peaks=100
max_peaks_binds,report,529.tiff,5,hem_rect_fill,True,n_peaks=100
max_peaks_binds,report,529.tiff,5,hem_rect_fill_1um,True,n_peaks=100
max_peaks_binds,report,529.tiff,5,hem_rect_fill_1um,True,n_peaks=100
max_peaks_binds,report,529.tiff,5,hem_mask_fill_1um,True,n_peaks=100
max_peaks_binds,report,529.tiff,5,hem_mask_fill_1um,True,n_peaks=100
max_peaks_binds,report,548.tiff,0,default_51,True,n_peaks=100
max_peaks_binds,report,548.tiff,0,default_51,True,n_peaks=100
max_peaks_binds,report,548.tiff,0,hem_rect_fill,True,n_peaks=100
max_peaks_binds,report,548.tiff,0,hem_rect_fill,True,n_peaks=100
max_peaks_binds,report,548.tiff,0,hem_rect_fill_1um,True,n_peaks=100
max_peaks_binds,report,548.tiff,0,hem_rect_fill_1um,True,n_peaks=100
max_peaks_binds,report,548.tiff,0,hem_mask_fill_1um,True,n_peaks=100
max_peaks_binds,report,548.tiff,0,hem_mask_fill_1um,True,n_peaks=100
max_peaks_binds,report,548.tiff,1,default_51,True,n_peaks=100
max_peaks_binds,report,548.tiff,1,default_51,True,n_peaks=100
max_peaks_binds,report,548.tiff,1,hem_rect_fill,True,n_peaks=100
max_peaks_binds,report,548.tiff,1,hem_rect_fill,True,n_peaks=100
max_peaks_binds,report,548.tiff,1,hem_rect_fill_1um,True,n_peaks=100
max_peaks_binds,report,548.tiff,1,hem_rect_fill_1um,True,n_peaks=100
max_peaks_binds,report,548.tiff,1,hem_mask_fill_1um,True,n_peaks=100
max_peaks_binds,report,548.tiff,1,hem_mask_fill_1um,True,n_peaks=100
max_peaks_binds,report,548.tiff,2,default_51,True,n_peaks=100
max_peaks_binds,report,548.tiff,2,default_51,True,n_peaks=100
max_peaks_binds,report,548.tiff,2,hem_rect_fill,True,n_peaks=100
max_peaks_binds,report,548.tiff,2,hem_rect_fill,True,n_peaks=100
max_peaks_binds,report,548.tiff,2,hem_rect_fill_1um,True,n_peaks=100
max_peaks_binds,report,548.tiff,2,hem_rect_fill_1um,True,n_peaks=100
max_peaks_binds,report,548.tiff,2,hem_mask_fill_1um,True,n_peaks=100
max_peaks_binds,report,548.tiff,2,hem_mask_fill_1um,True,n_peaks=100
max_peaks_binds,report,548.tiff,3,default_51,True,n_peaks=100
max_peaks_binds,report,548.tiff,3,default_51,True,n_peaks=100
max_peaks_binds,report,548.tiff,3,hem_rect_fill,True,n_peaks=100
max_peaks_binds,report,548.tiff,3,hem_rect_fill,True,n_peaks=100
max_peaks_binds,report,548.tiff,3,hem_rect_fill_1um,True,n_peaks=100
max_peaks_binds,report,548.tiff,3,hem_rect_fill_1um,True,n_peaks=100
max_peaks_binds,report,548.tiff,3,hem_mask_fill_1um,True,n_peaks=100
max_peaks_binds,report,548.tiff,3,hem_mask_fill_1um,True,n_peaks=100
max_peaks_binds,report,548.tiff,4,default_51,True,n_peaks=100
max_peaks_binds,report,548.tiff,4,default_51,True,n_peaks=100
max_peaks_binds,report,548.tiff,4,hem_rect_fill,True,n_peaks=100
max_peaks_binds,report,548.tiff,4,hem_rect_fill,True,n_peaks=100
max_peaks_binds,report,548.tiff,4,hem_rect_fill_1um,True,n_peaks=100
max_peaks_binds,report,548.tiff,4,hem_rect_fill_1um,True,n_peaks=100
max_peaks_binds,report,548.tiff,4,hem_mask_fill_1um,True,n_peaks=100
max_peaks_binds,report,548.tiff,4,hem_mask_fill_1um,True,n_peaks=100
max_peaks_binds,report,548.tiff,5,default_51,True,n_peaks=100
max_peaks_binds,report,548.tiff,5,default_51,True,n_peaks=100
max_peaks_binds,report,548.tiff,5,hem_rect_fill,True,n_peaks=100
max_peaks_binds,report,548.tiff,5,hem_rect_fill,True,n_peaks=100
max_peaks_binds,report,548.tiff,5,hem_rect_fill_1um,True,n_peaks=100
max_peaks_binds,report,548.tiff,5,hem_rect_fill_1um,True,n_peaks=100
max_peaks_binds,report,548.tiff,5,hem_mask_fill_1um,True,n_peaks=100
max_peaks_binds,report,548.tiff,5,hem_mask_fill_1um,True,n_peaks=100
max_peaks_binds,report,509.tiff,0,default_51,True,n_peaks=100
max_peaks_binds,report,509.tiff,0,default_51,True,n_peaks=100
max_peaks_binds,report,509.tiff,0,hem_rect_fill,True,n_peaks=100
max_peaks_binds,report,509.tiff,0,hem_rect_fill,True,n_peaks=100
max_peaks_binds,report,509.tiff,0,hem_rect_fill_1um,True,n_peaks=100
max_peaks_binds,report,509.tiff,0,hem_rect_fill_1um,True,n_peaks=100
max_peaks_binds,report,509.tiff,0,hem_mask_fill_1um,True,n_peaks=100
max_peaks_binds,report,509.tiff,0,hem_mask_fill_1um,True,n_peaks=100
max_peaks_binds,report,509.tiff,1,default_51,True,n_peaks=100
max_peaks_binds,report,509.tiff,1,default_51,True,n_peaks=100
max_peaks_binds,report,509.tiff,1,hem_rect_fill,True,n_peaks=100
max_peaks_binds,report,509.tiff,1,hem_rect_fill,True,n_peaks=100
max_peaks_binds,report,509.tiff,1,hem_rect_fill_1um,True,n_peaks=100
max_peaks_binds,report,509.tiff,1,hem_rect_fill_1um,True,n_peaks=100
max_peaks_binds,report,509.tiff,1,hem_mask_fill_1um,True,n_peaks=100
max_peaks_binds,report,509.tiff,1,hem_mask_fill_1um,True,n_peaks=100
max_peaks_binds,report,509.tiff,2,default_51,True,n_peaks=100
max_peaks_binds,report,509.tiff,2,default_51,True,n_peaks=100
max_peaks_binds,report,509.tiff,2,hem_rect_fill,True,n_peaks=100
max_peaks_binds,report,509.tiff,2,hem_rect_fill,True,n_peaks=100
max_peaks_binds,report,509.tiff,2,hem_rect_fill_1um,True,n_peaks=100
max_peaks_binds,report,509.tiff,2,hem_rect_fill_1um,True,n_peaks=100
max_peaks_binds,report,509.tiff,2,hem_mask_fill_1um,True,n_peaks=100
max_peaks_binds,report,509.tiff,2,hem_mask_fill_1um,True,n_peaks=100
max_peaks_binds,report,509.tiff,3,default_51,True,n_peaks=100
max_peaks_binds,report,509.tiff,3,default_51,True,n_peaks=100
max_peaks_binds,report,509.tiff,3,hem_rect_fill,True,n_peaks=100
max_peaks_binds,report,509.tiff,3,hem_rect_fill,True,n_peaks=100
max_peaks_binds,report,509.tiff,3,hem_rect_fill_1um,True,n_peaks=100
max_peaks_binds,report,509.tiff,3,hem_rect_fill_1um,True,n_peaks=100
max_peaks_binds,report,509.tiff,3,hem_mask_fill_1um,True,n_peaks=100
max_peaks_binds,report,509.tiff,3,hem_mask_fill_1um,True,n_peaks=100
max_peaks_binds,report,509.tiff,4,default_51,True,n_peaks=100
max_peaks_binds,report,509.tiff,4,default_51,True,n_peaks=100
max_peaks_binds,report,509.tiff,4,hem_rect_fill,True,n_peaks=100
max_peaks_binds,report,509.tiff,4,hem_rect_fill,True,n_peaks=100
max_peaks_binds,report,509.tiff,4,hem_rect_fill_1um,True,n_peaks=100
max_peaks_binds,report,509.tiff,4,hem_rect_fill_1um,True,n_peaks=100
max_peaks_binds,report,509.tiff,4,hem_mask_fill_1um,True,n_peaks=100
max_peaks_binds,report,509.tiff,4,hem_mask_fill_1um,True,n_peaks=100
max_peaks_binds,report,509.tiff,5,default_51,True,n_peaks=100
max_peaks_binds,report,509.tiff,5,default_51,True,n_peaks=100
max_peaks_binds,report,509.tiff,5,hem_rect_fill,True,n_peaks=100
max_peaks_binds,report,509.tiff,5,hem_rect_fill,True,n_peaks=100
max_peaks_binds,report,509.tiff,5,hem_rect_fill_1um,True,n_peaks=100
max_peaks_binds,report,509.tiff,5,hem_rect_fill_1um,True,n_peaks=100
max_peaks_binds,report,509.tiff,5,hem_mask_fill_1um,True,n_peaks=100
max_peaks_binds,report,509.tiff,5,hem_mask_fill_1um,True,n_peaks=100
max_peaks_binds,report,524.tiff,0,default_51,True,n_peaks=100
max_peaks_binds,report,524.tiff,0,default_51,True,n_peaks=100
max_peaks_binds,report,524.tiff,0,hem_rect_fill,True,n_peaks=100
max_peaks_binds,report,524.tiff,0,hem_rect_fill,True,n_peaks=100
max_peaks_binds,report,524.tiff,0,hem_rect_fill_1um,True,n_peaks=100
max_peaks_binds,report,524.tiff,0,hem_rect_fill_1um,True,n_peaks=100
max_peaks_binds,report,524.tiff,0,hem_mask_fill_1um,True,n_peaks=100
max_peaks_binds,report,524.tiff,0,hem_mask_fill_1um,True,n_peaks=100
max_peaks_binds,report,524.tiff,1,default_51,True,n_peaks=100
max_peaks_binds,report,524.tiff,1,default_51,True,n_peaks=100
max_peaks_binds,report,524.tiff,1,hem_rect_fill,True,n_peaks=100
max_peaks_binds,report,524.tiff,1,hem_rect_fill,True,n_peaks=100
max_peaks_binds,report,524.tiff,1,hem_rect_fill_1um,True,n_peaks=100
max_peaks_binds,report,524.tiff,1,hem_rect_fill_1um,True,n_peaks=100
max_peaks_binds,report,524.tiff,1,hem_mask_fill_1um,True,n_peaks=100
max_peaks_binds,report,524.tiff,1,hem_mask_fill_1um,True,n_peaks=100
max_peaks_binds,report,524.tiff,2,default_51,True,n_peaks=100
max_peaks_binds,report,524.tiff,2,default_51,True,n_peaks=100
max_peaks_binds,report,524.tiff,2,hem_rect_fill,True,n_peaks=100
max_peaks_binds,report,524.tiff,2,hem_rect_fill,True,n_peaks=100
max_peaks_binds,report,524.tiff,2,hem_rect_fill_1um,True,n_peaks=100
max_peaks_binds,report,524.tiff,2,hem_rect_fill_1um,True,n_peaks=100
max_peaks_binds,report,524.tiff,2,hem_mask_fill_1um,True,n_peaks=100
max_peaks_binds,report,524.tiff,2,hem_mask_fill_1um,True,n_peaks=100
max_peaks_binds,report,524.tiff,3,default_51,True,n_peaks=100
max_peaks_binds,report,524.tiff,3,default_51,True,n_peaks=100
max_peaks_binds,report,524.tiff,3,hem_rect_fill,True,n_peaks=100
max_peaks_binds,report,524.tiff,3,hem_rect_fill,True,n_peaks=100
max_peaks_binds,report,524.tiff,3,hem_rect_fill_1um,True,n_peaks=100
max_peaks_binds,report,524.tiff,3,hem_rect_fill_1um,True,n_peaks=100
max_peaks_binds,report,524.tiff,3,hem_mask_fill_1um,True,n_peaks=100
max_peaks_binds,report,524.tiff,3,hem_mask_fill_1um,True,n_peaks=100
max_peaks_binds,report,524.tiff,4,default_51,True,n_peaks=100
max_peaks_binds,report,524.tiff,4,default_51,True,n_peaks=100
max_peaks_binds,report,524.tiff,4,hem_rect_fill,True,n_peaks=100
max_peaks_binds,report,524.tiff,4,hem_rect_fill,True,n_peaks=100
max_peaks_binds,report,524.tiff,4,hem_rect_fill_1um,True,n_peaks=100
max_peaks_binds,report,524.tiff,4,hem_rect_fill_1um,True,n_peaks=100
max_peaks_binds,report,524.tiff,4,hem_mask_fill_1um,True,n_peaks=100
max_peaks_binds,report,524.tiff,4,hem_mask_fill_1um,True,n_peaks=100
max_peaks_binds,report,524.tiff,5,default_51,True,n_peaks=100
max_peaks_binds,report,524.tiff,5,default_51,True,n_peaks=100
max_peaks_binds,report,524.tiff,5,hem_rect_fill,True,n_peaks=100
max_peaks_binds,report,524.tiff,5,hem_rect_fill,True,n_peaks=100
max_peaks_binds,report,524.tiff,5,hem_rect_fill_1um,True,n_peaks=100
max_peaks_binds,report,524.tiff,5,hem_rect_fill_1um,True,n_peaks=100
max_peaks_binds,report,524.tiff,5,hem_mask_fill_1um,True,n_peaks=100
max_peaks_binds,report,524.tiff,5,hem_mask_fill_1um,True,n_peaks=100
max_peaks_binds,report,527.tiff,0,default_51,True,n_peaks=100
max_peaks_binds,report,527.tiff,0,default_51,True,n_peaks=100
max_peaks_binds,report,527.tiff,0,hem_rect_fill,True,n_peaks=100
max_peaks_binds,report,527.tiff,0,hem_rect_fill,True,n_peaks=100
max_peaks_binds,report,527.tiff,0,hem_rect_fill_1um,True,n_peaks=100
max_peaks_binds,report,527.tiff,0,hem_rect_fill_1um,True,n_peaks=100
max_peaks_binds,report,527.tiff,0,hem_mask_fill_1um,True,n_peaks=100
max_peaks_binds,report,527.tiff,0,hem_mask_fill_1um,True,n_peaks=100
max_peaks_binds,report,527.tiff,1,default_51,True,n_peaks=100
max_peaks_binds,report,527.tiff,1,default_51,True,n_peaks=100
max_peaks_binds,report,527.tiff,1,hem_rect_fill,True,n_peaks=100
max_peaks_binds,report,527.tiff,1,hem_rect_fill,True,n_peaks=100
max_peaks_binds,report,527.tiff,1,hem_rect_fill_1um,True,n_peaks=100
max_peaks_binds,report,527.tiff,1,hem_rect_fill_1um,True,n_peaks=100
max_peaks_binds,report,527.tiff,1,hem_mask_fill_1um,True,n_peaks=100
max_peaks_binds,report,527.tiff,1,hem_mask_fill_1um,True,n_peaks=100
max_peaks_binds,report,527.tiff,2,default_51,True,n_peaks=100
max_peaks_binds,report,527.tiff,2,default_51,True,n_peaks=100
max_peaks_binds,report,527.tiff,2,hem_rect_fill,True,n_peaks=100
max_peaks_binds,report,527.tiff,2,hem_rect_fill,True,n_peaks=100
max_peaks_binds,report,527.tiff,2,hem_rect_fill_1um,True,n_peaks=100
max_peaks_binds,report,527.tiff,2,hem_rect_fill_1um,True,n_peaks=100
max_peaks_binds,report,527.tiff,2,hem_mask_fill_1um,True,n_peaks=100
max_peaks_binds,report,527.tiff,2,hem_mask_fill_1um,True,n_peaks=100
max_peaks_binds,report,527.tiff,3,default_51,True,n_peaks=100
max_peaks_binds,report,527.tiff,3,default_51,True,n_peaks=100
max_peaks_binds,report,527.tiff,3,hem_rect_fill,True,n_peaks=100
max_peaks_binds,report,527.tiff,3,hem_rect_fill,True,n_peaks=100
max_peaks_binds,report,527.tiff,3,hem_rect_fill_1um,True,n_peaks=100
max_peaks_binds,report,527.tiff,3,hem_rect_fill_1um,True,n_peaks=100
max_peaks_binds,report,527.tiff,3,hem_mask_fill_1um,True,n_peaks=100
max_peaks_binds,report,527.tiff,3,hem_mask_fill_1um,True,n_peaks=100
max_peaks_binds,report,527.tiff,4,default_51,True,n_peaks=100
max_peaks_binds,report,527.tiff,4,default_51,True,n_peaks=100
max_peaks_binds,report,527.tiff,4,hem_rect_fill,True,n_peaks=100
max_peaks_binds,report,527.tiff,4,hem_rect_fill,True,n_peaks=100
max_peaks_binds,report,527.tiff,4,hem_rect_fill_1um,True,n_peaks=100
max_peaks_binds,report,527.tiff,4,hem_rect_fill_1um,True,n_peaks=100
max_peaks_binds,report,527.tiff,4,hem_mask_fill_1um,True,n_peaks=100
max_peaks_binds,report,527.tiff,4,hem_mask_fill_1um,True,n_peaks=100
max_peaks_binds,report,527.tiff,5,default_51,True,n_peaks=100
max_peaks_binds,report,527.tiff,5,default_51,True,n_peaks=100
max_peaks_binds,report,527.tiff,5,hem_rect_fill,True,n_peaks=100
max_peaks_binds,report,527.tiff,5,hem_rect_fill,True,n_peaks=100
max_peaks_binds,report,527.tiff,5,hem_rect_fill_1um,True,n_peaks=100
max_peaks_binds,report,527.tiff,5,hem_rect_fill_1um,True,n_peaks=100
max_peaks_binds,report,527.tiff,5,hem_mask_fill_1um,True,n_peaks=100
max_peaks_binds,report,527.tiff,5,hem_mask_fill_1um,True,n_peaks=100
max_peaks_binds,report,546.tiff,0,default_51,True,n_peaks=100
max_peaks_binds,report,546.tiff,0,default_51,True,n_peaks=100
max_peaks_binds,report,546.tiff,0,hem_rect_fill,True,n_peaks=100
max_peaks_binds,report,546.tiff,0,hem_rect_fill,True,n_peaks=100
max_peaks_binds,report,546.tiff,0,hem_rect_fill_1um,True,n_peaks=100
max_peaks_binds,report,546.tiff,0,hem_rect_fill_1um,True,n_peaks=100
max_peaks_binds,report,546.tiff,0,hem_mask_fill_1um,True,n_peaks=100
max_peaks_binds,report,546.tiff,0,hem_mask_fill_1um,True,n_peaks=100
max_peaks_binds,report,546.tiff,1,default_51,True,n_peaks=100
max_peaks_binds,report,546.tiff,1,default_51,True,n_peaks=100
max_peaks_binds,report,546.tiff,1,hem_rect_fill,True,n_peaks=100
max_peaks_binds,report,546.tiff,1,hem_rect_fill,True,n_peaks=100
max_peaks_binds,report,546.tiff,1,hem_rect_fill_1um,True,n_peaks=100
max_peaks_binds,report,546.tiff,1,hem_rect_fill_1um,True,n_peaks=100
max_peaks_binds,report,546.tiff,1,hem_mask_fill_1um,True,n_peaks=100
max_peaks_binds,report,546.tiff,1,hem_mask_fill_1um,True,n_peaks=100
max_peaks_binds,report,546.tiff,2,default_51,True,n_peaks=100
max_peaks_binds,report,546.tiff,2,default_51,True,n_peaks=100
max_peaks_binds,report,546.tiff,2,hem_rect_fill,True,n_peaks=100
max_peaks_binds,report,546.tiff,2,hem_rect_fill,True,n_peaks=100
max_peaks_binds,report,546.tiff,2,hem_rect_fill_1um,True,n_peaks=100
max_peaks_binds,report,546.tiff,2,hem_rect_fill_1um,True,n_peaks=100
max_peaks_binds,report,546.tiff,2,hem_mask_fill_1um,True,n_peaks=100
max_peaks_binds,report,546.tiff,2,hem_mask_fill_1um,True,n_peaks=100
max_peaks_binds,report,546.tiff,3,default_51,True,n_peaks=100
max_peaks_binds,report,546.tiff,3,default_51,True,n_peaks=100
max_peaks_binds,report,546.tiff,3,hem_rect_fill,True,n_peaks=100
max_peaks_binds,report,546.tiff,3,hem_rect_fill,True,n_peaks=100
max_peaks_binds,report,546.tiff,3,hem_rect_fill_1um,True,n_peaks=100
max_peaks_binds,report,546.tiff,3,hem_rect_fill_1um,True,n_peaks=100
max_peaks_binds,report,546.tiff,3,hem_mask_fill_1um,True,n_peaks=100
max_peaks_binds,report,546.tiff,3,hem_mask_fill_1um,True,n_peaks=100
max_peaks_binds,report,546.tiff,4,default_51,True,n_peaks=100
max_peaks_binds,report,546.tiff,4,default_51,True,n_peaks=100
max_peaks_binds,report,546.tiff,4,hem_rect_fill,True,n_peaks=100
max_peaks_binds,report,546.tiff,4,hem_rect_fill,True,n_peaks=100
max_peaks_binds,report,546.tiff,4,hem_rect_fill_1um,True,n_peaks=100
max_peaks_binds,report,546.tiff,4,hem_rect_fill_1um,True,n_peaks=100
max_peaks_binds,report,546.tiff,4,hem_mask_fill_1um,True,n_peaks=100
max_peaks_binds,report,546.tiff,4,hem_mask_fill_1um,True,n_peaks=100
max_peaks_binds,report,546.tiff,5,default_51,True,n_peaks=100
max_peaks_binds,report,546.tiff,5,default_51,True,n_peaks=100
max_peaks_binds,report,546.tiff,5,hem_rect_fill,True,n_peaks=100
max_peaks_binds,report,546.tiff,5,hem_rect_fill,True,n_peaks=100
max_peaks_binds,report,546.tiff,5,hem_rect_fill_1um,True,n_peaks=100
max_peaks_binds,report,546.tiff,5,hem_rect_fill_1um,True,n_peaks=100
max_peaks_binds,report,546.tiff,5,hem_mask_fill_1um,True,n_peaks=100
max_peaks_binds,report,546.tiff,5,hem_mask_fill_1um,True,n_peaks=100
max_peaks_binds,report,549.tiff,0,default_51,True,n_peaks=100
max_peaks_binds,report,549.tiff,0,default_51,True,n_peaks=100
max_peaks_binds,report,549.tiff,0,hem_rect_fill,True,n_peaks=100
max_peaks_binds,report,549.tiff,0,hem_rect_fill,True,n_peaks=100
max_peaks_binds,report,549.tiff,0,hem_rect_fill_1um,True,n_peaks=100
max_peaks_binds,report,549.tiff,0,hem_rect_fill_1um,True,n_peaks=100
max_peaks_binds,report,549.tiff,0,hem_mask_fill_1um,True,n_peaks=100
max_peaks_binds,report,549.tiff,0,hem_mask_fill_1um,True,n_peaks=100
max_peaks_binds,report,549.tiff,1,default_51,True,n_peaks=100
max_peaks_binds,report,549.tiff,1,default_51,True,n_peaks=100
max_peaks_binds,report,549.tiff,1,hem_rect_fill,True,n_peaks=100
max_peaks_binds,report,549.tiff,1,hem_rect_fill,True,n_peaks=100
max_peaks_binds,report,549.tiff,1,hem_rect_fill_1um,True,n_peaks=100
max_peaks_binds,report,549.tiff,1,hem_rect_fill_1um,True,n_peaks=100
max_peaks_binds,report,549.tiff,1,hem_mask_fill_1um,True,n_peaks=100
max_peaks_binds,report,549.tiff,1,hem_mask_fill_1um,True,n_peaks=100
max_peaks_binds,report,549.tiff,2,default_51,True,n_peaks=100
max_peaks_binds,report,549.tiff,2,default_51,True,n_peaks=100
max_peaks_binds,report,549.tiff,2,hem_rect_fill,True,n_peaks=100
max_peaks_binds,report,549.tiff,2,hem_rect_fill,True,n_peaks=100
max_peaks_binds,report,549.tiff,2,hem_rect_fill_1um,True,n_peaks=100
max_peaks_binds,report,549.tiff,2,hem_rect_fill_1um,True,n_peaks=100
max_peaks_binds,report,549.tiff,2,hem_mask_fill_1um,True,n_peaks=100
max_peaks_binds,report,549.tiff,2,hem_mask_fill_1um,True,n_peaks=100
max_peaks_binds,report,549.tiff,3,default_51,True,n_peaks=100
max_peaks_binds,report,549.tiff,3,default_51,True,n_peaks=100
max_peaks_binds,report,549.tiff,3,hem_rect_fill,True,n_peaks=100
max_peaks_binds,report,549.tiff,3,hem_rect_fill,True,n_peaks=100
max_peaks_binds,report,549.tiff,3,hem_rect_fill_1um,True,n_peaks=100
max_peaks_binds,report,549.tiff,3,hem_rect_fill_1um,True,n_peaks=100
max_peaks_binds,report,549.tiff,3,hem_mask_fill_1um,True,n_peaks=100
max_peaks_binds,report,549.tiff,3,hem_mask_fill_1um,True,n_peaks=100
max_peaks_binds,report,549.tiff,4,default_51,True,n_peaks=100
max_peaks_binds,report,549.tiff,4,default_51,True,n_peaks=100
max_peaks_binds,report,549.tiff,4,hem_rect_fill,True,n_peaks=100
max_peaks_binds,report,549.tiff,4,hem_rect_fill,True,n_peaks=100
max_peaks_binds,report,549.tiff,4,hem_rect_fill_1um,True,n_peaks=100
max_peaks_binds,report,549.tiff,4,hem_rect_fill_1um,True,n_peaks=100
max_peaks_binds,report,549.tiff,4,hem_mask_fill_1um,True,n_peaks=100
max_peaks_binds,report,549.tiff,4,hem_mask_fill_1um,True,n_peaks=100
max_peaks_binds,report,549.tiff,5,default_51,True,n_peaks=100
max_peaks_binds,report,549.tiff,5,default_51,True,n_peaks=100
max_peaks_binds,report,549.tiff,5,hem_rect_fill,True,n_peaks=100
max_peaks_binds,report,549.tiff,5,hem_rect_fill,True,n_peaks=100
max_peaks_binds,report,549.tiff,5,hem_rect_fill_1um,True,n_peaks=100
max_peaks_binds,report,549.tiff,5,hem_rect_fill_1um,True,n_peaks=100
max_peaks_binds,report,549.tiff,5,hem_mask_fill_1um,True,n_peaks=100
max_peaks_binds,report,549.tiff,5,hem_mask_fill_1um,True,n_peaks=100
max_peaks_binds,report,402.tiff,0,default_51,True,n_peaks=100
max_peaks_binds,report,402.tiff,0,default_51,True,n_peaks=100
max_peaks_binds,report,402.tiff,0,hem_rect_fill,True,n_peaks=100
max_peaks_binds,report,402.tiff,0,hem_rect_fill,True,n_peaks=100
max_peaks_binds,report,402.tiff,0,hem_rect_fill_1um,True,n_peaks=100
max_peaks_binds,report,402.tiff,0,hem_rect_fill_1um,True,n_peaks=100
max_peaks_binds,report,402.tiff,0,hem_mask_fill_1um,True,n_peaks=100
max_peaks_binds,report,402.tiff,0,hem_mask_fill_1um,True,n_peaks=100
max_peaks_binds,report,402.tiff,1,default_51,True,n_peaks=100
max_peaks_binds,report,402.tiff,1,default_51,True,n_peaks=100
max_peaks_binds,report,402.tiff,1,hem_rect_fill,True,n_peaks=100
max_peaks_binds,report,402.tiff,1,hem_rect_fill,True,n_peaks=100
max_peaks_binds,report,402.tiff,1,hem_rect_fill_1um,True,n_peaks=100
max_peaks_binds,report,402.tiff,1,hem_rect_fill_1um,True,n_peaks=100
max_peaks_binds,report,402.tiff,1,hem_mask_fill_1um,True,n_peaks=100
max_peaks_binds,report,402.tiff,1,hem_mask_fill_1um,True,n_peaks=100
max_peaks_binds,report,402.tiff,2,default_51,True,n_peaks=100
max_peaks_binds,report,402.tiff,2,default_51,True,n_peaks=100
max_peaks_binds,report,402.tiff,2,hem_rect_fill,True,n_peaks=100
max_peaks_binds,report,402.tiff,2,hem_rect_fill,True,n_peaks=100
max_peaks_binds,report,402.tiff,2,hem_rect_fill_1um,True,n_peaks=100
max_peaks_binds,report,402.tiff,2,hem_rect_fill_1um,True,n_peaks=100
max_peaks_binds,report,402.tiff,2,hem_mask_fill_1um,True,n_peaks=100
max_peaks_binds,report,402.tiff,2,hem_mask_fill_1um,True,n_peaks=100
max_peaks_binds,report,402.tiff,3,default_51,True,n_peaks=100
max_peaks_binds,report,402.tiff,3,default_51,True,n_peaks=100
max_peaks_binds,report,402.tiff,3,hem_rect_fill,True,n_peaks=100
max_peaks_binds,report,402.tiff,3,hem_rect_fill,True,n_peaks=100
max_peaks_binds,report,402.tiff,3,hem_rect_fill_1um,True,n_peaks=100
max_peaks_binds,report,402.tiff,3,hem_rect_fill_1um,True,n_peaks=100
max_peaks_binds,report,402.tiff,3,hem_mask_fill_1um,True,n_peaks=100
max_peaks_binds,report,402.tiff,3,hem_mask_fill_1um,True,n_peaks=100
max_peaks_binds,report,402.tiff,4,default_51,True,n_peaks=100
max_peaks_binds,report,402.tiff,4,default_51,True,n_peaks=100
max_peaks_binds,report,402.tiff,4,hem_rect_fill,True,n_peaks=100
max_peaks_binds,report,402.tiff,4,hem_rect_fill,True,n_peaks=100
max_peaks_binds,report,402.tiff,4,hem_rect_fill_1um,True,n_peaks=100
max_peaks_binds,report,402.tiff,4,hem_rect_fill_1um,True,n_peaks=100
max_peaks_binds,report,402.tiff,4,hem_mask_fill_1um,True,n_peaks=100
max_peaks_binds,report,402.tiff,4,hem_mask_fill_1um,True,n_peaks=100
max_peaks_binds,report,402.tiff,5,default_51,True,n_peaks=100
max_peaks_binds,report,402.tiff,5,default_51,True,n_peaks=100
max_peaks_binds,report,402.tiff,5,hem_rect_fill,True,n_peaks=100
max_peaks_binds,report,402.tiff,5,hem_rect_fill,True,n_peaks=100
max_peaks_binds,report,402.tiff,5,hem_rect_fill_1um,True,n_peaks=100
max_peaks_binds,report,402.tiff,5,hem_rect_fill_1um,True,n_peaks=100
max_peaks_binds,report,402.tiff,5,hem_mask_fill_1um,True,n_peaks=100
max_peaks_binds,report,402.tiff,5,hem_mask_fill_1um,True,n_peaks=100
max_peaks_binds,report,403.tiff,0,default_51,True,n_peaks=100
max_peaks_binds,report,403.tiff,0,default_51,True,n_peaks=100
max_peaks_binds,report,403.tiff,0,hem_rect_fill,True,n_peaks=100
max_peaks_binds,report,403.tiff,0,hem_rect_fill,True,n_peaks=100
max_peaks_binds,report,403.tiff,0,hem_rect_fill_1um,True,n_peaks=100
max_peaks_binds,report,403.tiff,0,hem_rect_fill_1um,True,n_peaks=100
max_peaks_binds,report,403.tiff,0,hem_mask_fill_1um,True,n_peaks=100
max_peaks_binds,report,403.tiff,0,hem_mask_fill_1um,True,n_peaks=100
max_peaks_binds,report,403.tiff,1,default_51,True,n_peaks=100
max_peaks_binds,report,403.tiff,1,default_51,True,n_peaks=100
max_peaks_binds,report,403.tiff,1,hem_rect_fill,True,n_peaks=100
max_peaks_binds,report,403.tiff,1,hem_rect_fill,True,n_peaks=100
max_peaks_binds,report,403.tiff,1,hem_rect_fill_1um,True,n_peaks=100
max_peaks_binds,report,403.tiff,1,hem_rect_fill_1um,True,n_peaks=100
max_peaks_binds,report,403.tiff,1,hem_mask_fill_1um,True,n_peaks=100
max_peaks_binds,report,403.tiff,1,hem_mask_fill_1um,True,n_peaks=100
max_peaks_binds,report,403.tiff,2,default_51,True,n_peaks=100
max_peaks_binds,report,403.tiff,2,default_51,True,n_peaks=100
max_peaks_binds,report,403.tiff,2,hem_rect_fill,True,n_peaks=100
max_peaks_binds,report,403.tiff,2,hem_rect_fill,True,n_peaks=100
max_peaks_binds,report,403.tiff,2,hem_rect_fill_1um,True,n_peaks=100
max_peaks_binds,report,403.tiff,2,hem_rect_fill_1um,True,n_peaks=100
max_peaks_binds,report,403.tiff,2,hem_mask_fill_1um,True,n_peaks=100
max_peaks_binds,report,403.tiff,2,hem_mask_fill_1um,True,n_peaks=100
max_peaks_binds,report,403.tiff,3,default_51,True,n_peaks=100
max_peaks_binds,report,403.tiff,3,default_51,True,n_peaks=100
max_peaks_binds,report,403.tiff,3,hem_rect_fill,True,n_peaks=100
max_peaks_binds,report,403.tiff,3,hem_rect_fill,True,n_peaks=100
max_peaks_binds,report,403.tiff,3,hem_rect_fill_1um,True,n_peaks=100
max_peaks_binds,report,403.tiff,3,hem_rect_fill_1um,True,n_peaks=100
max_peaks_binds,report,403.tiff,3,hem_mask_fill_1um,True,n_peaks=100
max_peaks_binds,report,403.tiff,3,hem_mask_fill_1um,True,n_peaks=100
max_peaks_binds,report,403.tiff,4,default_51,True,n_peaks=100
max_peaks_binds,report,403.tiff,4,default_51,True,n_peaks=100
max_peaks_binds,report,403.tiff,4,hem_rect_fill,True,n_peaks=100
max_peaks_binds,report,403.tiff,4,hem_rect_fill,True,n_peaks=100
max_peaks_binds,report,403.tiff,4,hem_rect_fill_1um,True,n_peaks=100
max_peaks_binds,report,403.tiff,4,hem_rect_fill_1um,True,n_peaks=100
max_peaks_binds,report,403.tiff,4,hem_mask_fill_1um,True,n_peaks=100
max_peaks_binds,report,403.tiff,4,hem_mask_fill_1um,True,n_peaks=100
max_peaks_binds,report,403.tiff,5,default_51,True,n_peaks=100
max_peaks_binds,report,403.tiff,5,default_51,True,n_peaks=100
max_peaks_binds,report,403.tiff,5,hem_rect_fill,True,n_peaks=100
max_peaks_binds,report,403.tiff,5,hem_rect_fill,True,n_peaks=100
max_peaks_binds,report,403.tiff,5,hem_rect_fill_1um,True,n_peaks=100
max_peaks_binds,report,403.tiff,5,hem_rect_fill_1um,True,n_peaks=100
max_peaks_binds,report,403.tiff,5,hem_mask_fill_1um,True,n_peaks=100
max_peaks_binds,report,403.tiff,5,hem_mask_fill_1um,True,n_peaks=100
max_peaks_binds,report,353.tiff,0,default_51,True,n_peaks=100
max_peaks_binds,report,353.tiff,0,default_51,True,n_peaks=100
max_peaks_binds,report,353.tiff,0,hem_rect_fill,True,n_peaks=100
max_peaks_binds,report,353.tiff,0,hem_rect_fill,True,n_peaks=100
max_peaks_binds,report,353.tiff,0,hem_rect_fill_1um,True,n_peaks=100
max_peaks_binds,report,353.tiff,0,hem_rect_fill_1um,True,n_peaks=100
max_peaks_binds,report,353.tiff,0,hem_mask_fill_1um,True,n_peaks=100
max_peaks_binds,report,353.tiff,0,hem_mask_fill_1um,True,n_peaks=100
max_peaks_binds,report,353.tiff,1,default_51,True,n_peaks=100
max_peaks_binds,report,353.tiff,1,default_51,True,n_peaks=100
max_peaks_binds,report,353.tiff,1,hem_rect_fill,True,n_peaks=100
max_peaks_binds,report,353.tiff,1,hem_rect_fill,True,n_peaks=100
max_peaks_binds,report,353.tiff,1,hem_rect_fill_1um,True,n_peaks=100
max_peaks_binds,report,353.tiff,1,hem_rect_fill_1um,True,n_peaks=100
max_peaks_binds,report,353.tiff,1,hem_mask_fill_1um,True,n_peaks=100
max_peaks_binds,report,353.tiff,1,hem_mask_fill_1um,True,n_peaks=100
max_peaks_binds,report,353.tiff,2,default_51,True,n_peaks=100
max_peaks_binds,report,353.tiff,2,default_51,True,n_peaks=100
max_peaks_binds,report,353.tiff,2,hem_rect_fill,True,n_peaks=100
max_peaks_binds,report,353.tiff,2,hem_rect_fill,True,n_peaks=100
max_peaks_binds,report,353.tiff,2,hem_rect_fill_1um,True,n_peaks=100
max_peaks_binds,report,353.tiff,2,hem_rect_fill_1um,True,n_peaks=100
max_peaks_binds,report,353.tiff,2,hem_mask_fill_1um,True,n_peaks=100
max_peaks_binds,report,353.tiff,2,hem_mask_fill_1um,True,n_peaks=100
max_peaks_binds,report,353.tiff,3,default_51,True,n_peaks=100
max_peaks_binds,report,353.tiff,3,default_51,True,n_peaks=100
max_peaks_binds,report,353.tiff,3,hem_rect_fill,True,n_peaks=100
max_peaks_binds,report,353.tiff,3,hem_rect_fill,True,n_peaks=100
max_peaks_binds,report,353.tiff,3,hem_rect_fill_1um,True,n_peaks=100
max_peaks_binds,report,353.tiff,3,hem_rect_fill_1um,True,n_peaks=100
max_peaks_binds,report,353.tiff,3,hem_mask_fill_1um,True,n_peaks=100
max_peaks_binds,report,353.tiff,3,hem_mask_fill_1um,True,n_peaks=100
max_peaks_binds,report,353.tiff,4,default_51,True,n_peaks=100
max_peaks_binds,report,353.tiff,4,default_51,True,n_peaks=100
max_peaks_binds,report,353.tiff,4,hem_rect_fill,True,n_peaks=100
max_peaks_binds,report,353.tiff,4,hem_rect_fill,True,n_peaks=100
max_peaks_binds,report,353.tiff,4,hem_rect_fill_1um,True,n_peaks=100
max_peaks_binds,report,353.tiff,4,hem_rect_fill_1um,True,n_peaks=100
max_peaks_binds,report,353.tiff,4,hem_mask_fill_1um,True,n_peaks=100
max_peaks_binds,report,353.tiff,4,hem_mask_fill_1um,True,n_peaks=100
max_peaks_binds,report,353.tiff,5,default_51,True,n_peaks=100
max_peaks_binds,report,353.tiff,5,default_51,True,n_peaks=100
max_peaks_binds,report,353.tiff,5,hem_rect_fill,True,n_peaks=100
max_peaks_binds,report,353.tiff,5,hem_rect_fill,True,n_peaks=100
max_peaks_binds,report,353.tiff,5,hem_rect_fill_1um,True,n_peaks=100
max_peaks_binds,report,353.tiff,5,hem_rect_fill_1um,True,n_peaks=100
max_peaks_binds,report,353.tiff,5,hem_mask_fill_1um,True,n_peaks=100
max_peaks_binds,report,353.tiff,5,hem_mask_fill_1um,True,n_peaks=100
max_peaks_binds,report,364.tiff,0,default_51,True,n_peaks=100
max_peaks_binds,report,364.tiff,0,default_51,True,n_peaks=100
max_peaks_binds,report,364.tiff,0,hem_rect_fill,True,n_peaks=100
max_peaks_binds,report,364.tiff,0,hem_rect_fill,True,n_peaks=100
max_peaks_binds,report,364.tiff,0,hem_rect_fill_1um,True,n_peaks=100
max_peaks_binds,report,364.tiff,0,hem_rect_fill_1um,True,n_peaks=100
max_peaks_binds,report,364.tiff,0,hem_mask_fill_1um,True,n_peaks=100
max_peaks_binds,report,364.tiff,0,hem_mask_fill_1um,True,n_peaks=100
max_peaks_binds,report,364.tiff,1,default_51,True,n_peaks=100
max_peaks_binds,report,364.tiff,1,default_51,True,n_peaks=100
max_peaks_binds,report,364.tiff,1,hem_rect_fill,True,n_peaks=100
max_peaks_binds,report,364.tiff,1,hem_rect_fill,True,n_peaks=100
max_peaks_binds,report,364.tiff,1,hem_rect_fill_1um,True,n_peaks=100
max_peaks_binds,report,364.tiff,1,hem_rect_fill_1um,True,n_peaks=100
max_peaks_binds,report,364.tiff,1,hem_mask_fill_1um,True,n_peaks=100
max_peaks_binds,report,364.tiff,1,hem_mask_fill_1um,True,n_peaks=100
max_peaks_binds,report,364.tiff,2,default_51,True,n_peaks=100
max_peaks_binds,report,364.tiff,2,default_51,True,n_peaks=100
max_peaks_binds,report,364.tiff,2,hem_rect_fill,True,n_peaks=100
max_peaks_binds,report,364.tiff,2,hem_rect_fill,True,n_peaks=100
max_peaks_binds,report,364.tiff,2,hem_rect_fill_1um,True,n_peaks=100
max_peaks_binds,report,364.tiff,2,hem_rect_fill_1um,True,n_peaks=100
max_peaks_binds,report,364.tiff,2,hem_mask_fill_1um,True,n_peaks=100
max_peaks_binds,report,364.tiff,2,hem_mask_fill_1um,True,n_peaks=100
max_peaks_binds,report,364.tiff,3,default_51,True,n_peaks=100
max_peaks_binds,report,364.tiff,3,default_51,True,n_peaks=100
max_peaks_binds,report,364.tiff,3,hem_rect_fill,True,n_peaks=100
max_peaks_binds,report,364.tiff,3,hem_rect_fill,True,n_peaks=100
max_peaks_binds,report,364.tiff,3,hem_rect_fill_1um,True,n_peaks=100
max_peaks_binds,report,364.tiff,3,hem_rect_fill_1um,True,n_peaks=100
max_peaks_binds,report,364.tiff,3,hem_mask_fill_1um,True,n_peaks=100
max_peaks_binds,report,364.tiff,3,hem_mask_fill_1um,True,n_peaks=100
max_peaks_binds,report,364.tiff,4,default_51,True,n_peaks=100
max_peaks_binds,report,364.tiff,4,default_51,True,n_peaks=100
max_peaks_binds,report,364.tiff,4,hem_rect_fill,True,n_peaks=100
max_peaks_binds,report,364.tiff,4,hem_rect_fill,True,n_peaks=100
max_peaks_binds,report,364.tiff,4,hem_rect_fill_1um,True,n_peaks=100
max_peaks_binds,report,364.tiff,4,hem_rect_fill_1um,True,n_peaks=100
max_peaks_binds,report,364.tiff,4,hem_mask_fill_1um,True,n_peaks=100
max_peaks_binds,report,364.tiff,4,hem_mask_fill_1um,True,n_peaks=100
max_peaks_binds,report,364.tiff,5,default_51,True,n_peaks=100
max_peaks_binds,report,364.tiff,5,default_51,True,n_peaks=100
max_peaks_binds,report,364.tiff,5,hem_rect_fill,True,n_peaks=100
max_peaks_binds,report,364.tiff,5,hem_rect_fill,True,n_peaks=100
max_peaks_binds,report,364.tiff,5,hem_rect_fill_1um,True,n_peaks=100
max_peaks_binds,report,364.tiff,5,hem_rect_fill_1um,True,n_peaks=100
max_peaks_binds,report,364.tiff,5,hem_mask_fill_1um,True,n_peaks=100
max_peaks_binds,report,364.tiff,5,hem_mask_fill_1um,True,n_peaks=100
max_peaks_binds,report,400.tiff,0,default_51,True,n_peaks=100
max_peaks_binds,report,400.tiff,0,default_51,True,n_peaks=100
max_peaks_binds,report,400.tiff,0,hem_rect_fill,True,n_peaks=100
max_peaks_binds,report,400.tiff,0,hem_rect_fill,True,n_peaks=100
max_peaks_binds,report,400.tiff,0,hem_rect_fill_1um,True,n_peaks=100
max_peaks_binds,report,400.tiff,0,hem_rect_fill_1um,True,n_peaks=100
max_peaks_binds,report,400.tiff,0,hem_mask_fill_1um,True,n_peaks=100
max_peaks_binds,report,400.tiff,0,hem_mask_fill_1um,True,n_peaks=100
max_peaks_binds,report,400.tiff,1,default_51,True,n_peaks=100
max_peaks_binds,report,400.tiff,1,default_51,True,n_peaks=100
max_peaks_binds,report,400.tiff,1,hem_rect_fill,True,n_peaks=100
max_peaks_binds,report,400.tiff,1,hem_rect_fill,True,n_peaks=100
max_peaks_binds,report,400.tiff,1,hem_rect_fill_1um,True,n_peaks=100
max_peaks_binds,report,400.tiff,1,hem_rect_fill_1um,True,n_peaks=100
max_peaks_binds,report,400.tiff,1,hem_mask_fill_1um,True,n_peaks=100
max_peaks_binds,report,400.tiff,1,hem_mask_fill_1um,True,n_peaks=100
max_peaks_binds,report,400.tiff,2,default_51,True,n_peaks=100
max_peaks_binds,report,400.tiff,2,default_51,True,n_peaks=100
max_peaks_binds,report,400.tiff,2,hem_rect_fill,True,n_peaks=100
max_peaks_binds,report,400.tiff,2,hem_rect_fill,True,n_peaks=100
max_peaks_binds,report,400.tiff,2,hem_rect_fill_1um,True,n_peaks=100
max_peaks_binds,report,400.tiff,2,hem_rect_fill_1um,True,n_peaks=100
max_peaks_binds,report,400.tiff,2,hem_mask_fill_1um,True,n_peaks=100
max_peaks_binds,report,400.tiff,2,hem_mask_fill_1um,True,n_peaks=100
max_peaks_binds,report,400.tiff,3,default_51,True,n_peaks=100
max_peaks_binds,report,400.tiff,3,default_51,True,n_peaks=100
max_peaks_binds,report,400.tiff,3,hem_rect_fill,True,n_peaks=100
max_peaks_binds,report,400.tiff,3,hem_rect_fill,True,n_peaks=100
max_peaks_binds,report,400.tiff,3,hem_rect_fill_1um,True,n_peaks=100
max_peaks_binds,report,400.tiff,3,hem_rect_fill_1um,True,n_peaks=100
max_peaks_binds,report,400.tiff,3,hem_mask_fill_1um,True,n_peaks=100
max_peaks_binds,report,400.tiff,3,hem_mask_fill_1um,True,n_peaks=100
max_peaks_binds,report,400.tiff,4,default_51,True,n_peaks=100
max_peaks_binds,report,400.tiff,4,default_51,True,n_peaks=100
max_peaks_binds,report,400.tiff,4,hem_rect_fill,True,n_peaks=100
max_peaks_binds,report,400.tiff,4,hem_rect_fill,True,n_peaks=100
max_peaks_binds,report,400.tiff,4,hem_rect_fill_1um,True,n_peaks=100
max_peaks_binds,report,400.tiff,4,hem_rect_fill_1um,True,n_peaks=100
max_peaks_binds,report,400.tiff,4,hem_mask_fill_1um,True,n_peaks=100
max_peaks_binds,report,400.tiff,4,hem_mask_fill_1um,True,n_peaks=100
max_peaks_binds,report,400.tiff,5,default_51,True,n_peaks=100
max_peaks_binds,report,400.tiff,5,default_51,True,n_peaks=100
max_peaks_binds,report,400.tiff,5,hem_rect_fill,True,n_peaks=100
max_peaks_binds,report,400.tiff,5,hem_rect_fill,True,n_peaks=100
max_peaks_binds,report,400.tiff,5,hem_rect_fill_1um,True,n_peaks=100
max_peaks_binds,report,400.tiff,5,hem_rect_fill_1um,True,n_peaks=100
max_peaks_binds,report,400.tiff,5,hem_mask_fill_1um,True,n_peaks=100
max_peaks_binds,report,400.tiff,5,hem_mask_fill_1um,True,n_peaks=100
max_peaks_binds,report,401.tiff,0,default_51,True,n_peaks=100
max_peaks_binds,report,401.tiff,0,default_51,True,n_peaks=100
max_peaks_binds,report,401.tiff,0,hem_rect_fill,True,n_peaks=100
max_peaks_binds,report,401.tiff,0,hem_rect_fill,True,n_peaks=100
max_peaks_binds,report,401.tiff,0,hem_rect_fill_1um,True,n_peaks=100
max_peaks_binds,report,401.tiff,0,hem_rect_fill_1um,True,n_peaks=100
max_peaks_binds,report,401.tiff,0,hem_mask_fill_1um,True,n_peaks=100
max_peaks_binds,report,401.tiff,0,hem_mask_fill_1um,True,n_peaks=100
max_peaks_binds,report,401.tiff,1,default_51,True,n_peaks=100
max_peaks_binds,report,401.tiff,1,default_51,True,n_peaks=100
max_peaks_binds,report,401.tiff,1,hem_rect_fill,True,n_peaks=100
max_peaks_binds,report,401.tiff,1,hem_rect_fill,True,n_peaks=100
max_peaks_binds,report,401.tiff,1,hem_rect_fill_1um,True,n_peaks=100
max_peaks_binds,report,401.tiff,1,hem_rect_fill_1um,True,n_peaks=100
max_peaks_binds,report,401.tiff,1,hem_mask_fill_1um,True,n_peaks=100
max_peaks_binds,report,401.tiff,1,hem_mask_fill_1um,True,n_peaks=100
max_peaks_binds,report,401.tiff,2,default_51,True,n_peaks=100
max_peaks_binds,report,401.tiff,2,default_51,True,n_peaks=100
max_peaks_binds,report,401.tiff,2,hem_rect_fill,True,n_peaks=100
max_peaks_binds,report,401.tiff,2,hem_rect_fill,True,n_peaks=100
max_peaks_binds,report,401.tiff,2,hem_rect_fill_1um,True,n_peaks=100
max_peaks_binds,report,401.tiff,2,hem_rect_fill_1um,True,n_peaks=100
max_peaks_binds,report,401.tiff,2,hem_mask_fill_1um,True,n_peaks=100
max_peaks_binds,report,401.tiff,2,hem_mask_fill_1um,True,n_peaks=100
max_peaks_binds,report,401.tiff,3,default_51,True,n_peaks=100
max_peaks_binds,report,401.tiff,3,default_51,True,n_peaks=100
max_peaks_binds,report,401.tiff,3,hem_rect_fill,True,n_peaks=100
max_peaks_binds,report,401.tiff,3,hem_rect_fill,True,n_peaks=100
max_peaks_binds,report,401.tiff,3,hem_rect_fill_1um,True,n_peaks=100
max_peaks_binds,report,401.tiff,3,hem_rect_fill_1um,True,n_peaks=100
max_peaks_binds,report,401.tiff,3,hem_mask_fill_1um,True,n_peaks=100
max_peaks_binds,report,401.tiff,3,hem_mask_fill_1um,True,n_peaks=100
max_peaks_binds,report,401.tiff,4,default_51,True,n_peaks=100
max_peaks_binds,report,401.tiff,4,default_51,True,n_peaks=100
max_peaks_binds,report,401.tiff,4,hem_rect_fill,True,n_peaks=100
max_peaks_binds,report,401.tiff,4,hem_rect_fill,True,n_peaks=100
max_peaks_binds,report,401.tiff,4,hem_rect_fill_1um,True,n_peaks=100
max_peaks_binds,report,401.tiff,4,hem_rect_fill_1um,True,n_peaks=100
max_peaks_binds,report,401.tiff,4,hem_mask_fill_1um,True,n_peaks=100
max_peaks_binds,report,401.tiff,4,hem_mask_fill_1um,True,n_peaks=100
max_peaks_binds,report,401.tiff,5,default_51,True,n_peaks=100
max_peaks_binds,report,401.tiff,5,default_51,True,n_peaks=100
max_peaks_binds,report,401.tiff,5,hem_rect_fill,True,n_peaks=100
max_peaks_binds,report,401.tiff,5,hem_rect_fill,True,n_peaks=100
max_peaks_binds,report,401.tiff,5,hem_rect_fill_1um,True,n_peaks=100
max_peaks_binds,report,401.tiff,5,hem_rect_fill_1um,True,n_peaks=100
max_peaks_binds,report,401.tiff,5,hem_mask_fill_1um,True,n_peaks=100
max_peaks_binds,report,401.tiff,5,hem_mask_fill_1um,True,n_peaks=100
max_peaks_binds,report,404.tiff,0,default_51,True,n_peaks=100
max_peaks_binds,report,404.tiff,0,default_51,True,n_peaks=100
max_peaks_binds,report,404.tiff,0,hem_rect_fill,True,n_peaks=100
max_peaks_binds,report,404.tiff,0,hem_rect_fill,True,n_peaks=100
max_peaks_binds,report,404.tiff,0,hem_rect_fill_1um,True,n_peaks=100
max_peaks_binds,report,404.tiff,0,hem_rect_fill_1um,True,n_peaks=100
max_peaks_binds,report,404.tiff,0,hem_mask_fill_1um,True,n_peaks=100
max_peaks_binds,report,404.tiff,0,hem_mask_fill_1um,True,n_peaks=100
max_peaks_binds,report,404.tiff,1,default_51,True,n_peaks=100
max_peaks_binds,report,404.tiff,1,default_51,True,n_peaks=100
max_peaks_binds,report,404.tiff,1,hem_rect_fill,True,n_peaks=100
max_peaks_binds,report,404.tiff,1,hem_rect_fill,True,n_peaks=100
max_peaks_binds,report,404.tiff,1,hem_rect_fill_1um,True,n_peaks=100
max_peaks_binds,report,404.tiff,1,hem_rect_fill_1um,True,n_peaks=100
max_peaks_binds,report,404.tiff,1,hem_mask_fill_1um,True,n_peaks=100
max_peaks_binds,report,404.tiff,1,hem_mask_fill_1um,True,n_peaks=100
max_peaks_binds,report,404.tiff,2,default_51,True,n_peaks=100
max_peaks_binds,report,404.tiff,2,default_51,True,n_peaks=100
max_peaks_binds,report,404.tiff,2,hem_rect_fill,True,n_peaks=100
max_peaks_binds,report,404.tiff,2,hem_rect_fill,True,n_peaks=100
max_peaks_binds,report,404.tiff,2,hem_rect_fill_1um,True,n_peaks=100
max_peaks_binds,report,404.tiff,2,hem_rect_fill_1um,True,n_peaks=100
max_peaks_binds,report,404.tiff,2,hem_mask_fill_1um,True,n_peaks=100
max_peaks_binds,report,404.tiff,2,hem_mask_fill_1um,True,n_peaks=100
max_peaks_binds,report,404.tiff,3,default_51,True,n_peaks=100
max_peaks_binds,report,404.tiff,3,default_51,True,n_peaks=100
max_peaks_binds,report,404.tiff,3,hem_rect_fill,True,n_peaks=100
max_peaks_binds,report,404.tiff,3,hem_rect_fill,True,n_peaks=100
max_peaks_binds,report,404.tiff,3,hem_rect_fill_1um,True,n_peaks=100
max_peaks_binds,report,404.tiff,3,hem_rect_fill_1um,True,n_peaks=100
max_peaks_binds,report,404.tiff,3,hem_mask_fill_1um,True,n_peaks=100
max_peaks_binds,report,404.tiff,3,hem_mask_fill_1um,True,n_peaks=100
max_peaks_binds,report,404.tiff,4,default_51,True,n_peaks=100
max_peaks_binds,report,404.tiff,4,default_51,True,n_peaks=100
max_peaks_binds,report,404.tiff,4,hem_rect_fill,True,n_peaks=100
max_peaks_binds,report,404.tiff,4,hem_rect_fill,True,n_peaks=100
max_peaks_binds,report,404.tiff,4,hem_rect_fill_1um,True,n_peaks=100
max_peaks_binds,report,404.tiff,4,hem_rect_fill_1um,True,n_peaks=100
max_peaks_binds,report,404.tiff,4,hem_mask_fill_1um,True,n_peaks=100
max_peaks_binds,report,404.tiff,4,hem_mask_fill_1um,True,n_peaks=100
max_peaks_binds,report,404.tiff,5,default_51,True,n_peaks=100
max_peaks_binds,report,404.tiff,5,default_51,True,n_peaks=100
max_peaks_binds,report,404.tiff,5,hem_rect_fill,True,n_peaks=100
max_peaks_binds,report,404.tiff,5,hem_rect_fill,True,n_peaks=100
max_peaks_binds,report,404.tiff,5,hem_rect_fill_1um,True,n_peaks=100
max_peaks_binds,report,404.tiff,5,hem_rect_fill_1um,True,n_peaks=100
max_peaks_binds,report,404.tiff,5,hem_mask_fill_1um,True,n_peaks=100
max_peaks_binds,report,404.tiff,5,hem_mask_fill_1um,True,n_peaks=100
seed_annulus_empty,report,300.tiff,0,default_51,True,
seed_annulus_empty,report,300.tiff,0,default_51,True,
seed_annulus_empty,report,300.tiff,0,hem_rect_fill,True,
seed_annulus_empty,report,300.tiff,0,hem_rect_fill,True,
seed_annulus_empty,report,300.tiff,0,hem_rect_fill_1um,True,
seed_annulus_empty,report,300.tiff,0,hem_rect_fill_1um,True,
seed_annulus_empty,report,300.tiff,0,hem_mask_fill_1um,True,
seed_annulus_empty,report,300.tiff,0,hem_mask_fill_1um,True,
seed_annulus_empty,report,300.tiff,1,default_51,True,
seed_annulus_empty,report,300.tiff,1,default_51,True,
seed_annulus_empty,report,300.tiff,1,hem_rect_fill,True,
seed_annulus_empty,report,300.tiff,1,hem_rect_fill,True,
seed_annulus_empty,report,300.tiff,1,hem_rect_fill_1um,True,
seed_annulus_empty,report,300.tiff,1,hem_rect_fill_1um,True,
seed_annulus_empty,report,300.tiff,1,hem_mask_fill_1um,True,
seed_annulus_empty,report,300.tiff,1,hem_mask_fill_1um,True,
seed_annulus_empty,report,300.tiff,2,default_51,True,
seed_annulus_empty,report,300.tiff,2,default_51,True,
seed_annulus_empty,report,300.tiff,2,hem_rect_fill,True,
seed_annulus_empty,report,300.tiff,2,hem_rect_fill,True,
seed_annulus_empty,report,300.tiff,2,hem_rect_fill_1um,True,
seed_annulus_empty,report,300.tiff,2,hem_rect_fill_1um,True,
seed_annulus_empty,report,300.tiff,2,hem_mask_fill_1um,True,
seed_annulus_empty,report,300.tiff,2,hem_mask_fill_1um,True,
seed_annulus_empty,report,300.tiff,3,default_51,True,
seed_annulus_empty,report,300.tiff,3,default_51,True,
seed_annulus_empty,report,300.tiff,3,hem_rect_fill,True,
seed_annulus_empty,report,300.tiff,3,hem_rect_fill,True,
seed_annulus_empty,report,300.tiff,3,hem_rect_fill_1um,True,
seed_annulus_empty,report,300.tiff,3,hem_rect_fill_1um,True,
seed_annulus_empty,report,300.tiff,3,hem_mask_fill_1um,True,
seed_annulus_empty,report,300.tiff,3,hem_mask_fill_1um,True,
seed_annulus_empty,report,300.tiff,4,default_51,True,
seed_annulus_empty,report,300.tiff,4,default_51,True,
seed_annulus_empty,report,300.tiff,4,hem_rect_fill,True,
seed_annulus_empty,report,300.tiff,4,hem_rect_fill,True,
seed_annulus_empty,report,300.tiff,4,hem_rect_fill_1um,True,
seed_annulus_empty,report,300.tiff,4,hem_rect_fill_1um,True,
seed_annulus_empty,report,300.tiff,4,hem_mask_fill_1um,True,
seed_annulus_empty,report,300.tiff,4,hem_mask_fill_1um,True,
seed_annulus_empty,report,300.tiff,5,default_51,True,
seed_annulus_empty,report,300.tiff,5,default_51,True,
seed_annulus_empty,report,300.tiff,5,hem_rect_fill,True,
seed_annulus_empty,report,300.tiff,5,hem_rect_fill,True,
seed_annulus_empty,report,300.tiff,5,hem_rect_fill_1um,True,
seed_annulus_empty,report,300.tiff,5,hem_rect_fill_1um,True,
seed_annulus_empty,report,300.tiff,5,hem_mask_fill_1um,True,
seed_annulus_empty,report,300.tiff,5,hem_mask_fill_1um,True,
seed_annulus_empty,report,301.tiff,0,default_51,True,
seed_annulus_empty,report,301.tiff,0,default_51,True,
seed_annulus_empty,report,301.tiff,0,hem_rect_fill,True,
seed_annulus_empty,report,301.tiff,0,hem_rect_fill,True,
seed_annulus_empty,report,301.tiff,0,hem_rect_fill_1um,True,
seed_annulus_empty,report,301.tiff,0,hem_rect_fill_1um,True,
seed_annulus_empty,report,301.tiff,0,hem_mask_fill_1um,True,
seed_annulus_empty,report,301.tiff,0,hem_mask_fill_1um,True,
seed_annulus_empty,report,301.tiff,1,default_51,True,
seed_annulus_empty,report,301.tiff,1,default_51,True,
seed_annulus_empty,report,301.tiff,1,hem_rect_fill,True,
seed_annulus_empty,report,301.tiff,1,hem_rect_fill,True,
seed_annulus_empty,report,301.tiff,1,hem_rect_fill_1um,True,
seed_annulus_empty,report,301.tiff,1,hem_rect_fill_1um,True,
seed_annulus_empty,report,301.tiff,1,hem_mask_fill_1um,True,
seed_annulus_empty,report,301.tiff,1,hem_mask_fill_1um,True,
seed_annulus_empty,report,301.tiff,2,default_51,True,
seed_annulus_empty,report,301.tiff,2,default_51,True,
seed_annulus_empty,report,301.tiff,2,hem_rect_fill,True,
seed_annulus_empty,report,301.tiff,2,hem_rect_fill,True,
seed_annulus_empty,report,301.tiff,2,hem_rect_fill_1um,True,
seed_annulus_empty,report,301.tiff,2,hem_rect_fill_1um,True,
seed_annulus_empty,report,301.tiff,2,hem_mask_fill_1um,True,
seed_annulus_empty,report,301.tiff,2,hem_mask_fill_1um,True,
seed_annulus_empty,report,301.tiff,3,default_51,True,
seed_annulus_empty,report,301.tiff,3,default_51,True,
seed_annulus_empty,report,301.tiff,3,hem_rect_fill,True,
seed_annulus_empty,report,301.tiff,3,hem_rect_fill,True,
seed_annulus_empty,report,301.tiff,3,hem_rect_fill_1um,True,
seed_annulus_empty,report,301.tiff,3,hem_rect_fill_1um,True,
seed_annulus_empty,report,301.tiff,3,hem_mask_fill_1um,True,
seed_annulus_empty,report,301.tiff,3,hem_mask_fill_1um,True,
seed_annulus_empty,report,301.tiff,4,default_51,True,
seed_annulus_empty,report,301.tiff,4,default_51,True,
seed_annulus_empty,report,301.tiff,4,hem_rect_fill,True,
seed_annulus_empty,report,301.tiff,4,hem_rect_fill,True,
seed_annulus_empty,report,301.tiff,4,hem_rect_fill_1um,True,
seed_annulus_empty,report,301.tiff,4,hem_rect_fill_1um,True,
seed_annulus_empty,report,301.tiff,4,hem_mask_fill_1um,True,
seed_annulus_empty,report,301.tiff,4,hem_mask_fill_1um,True,
seed_annulus_empty,report,301.tiff,5,default_51,True,
seed_annulus_empty,report,301.tiff,5,default_51,True,
seed_annulus_empty,report,301.tiff,5,hem_rect_fill,True,
seed_annulus_empty,report,301.tiff,5,hem_rect_fill,True,
seed_annulus_empty,report,301.tiff,5,hem_rect_fill_1um,True,
seed_annulus_empty,report,301.tiff,5,hem_rect_fill_1um,True,
seed_annulus_empty,report,301.tiff,5,hem_mask_fill_1um,True,
seed_annulus_empty,report,301.tiff,5,hem_mask_fill_1um,True,
seed_annulus_empty,report,322.tiff,0,default_51,True,
seed_annulus_empty,report,322.tiff,0,default_51,True,
seed_annulus_empty,report,322.tiff,0,hem_rect_fill,True,
seed_annulus_empty,report,322.tiff,0,hem_rect_fill,True,
seed_annulus_empty,report,322.tiff,0,hem_rect_fill_1um,True,
seed_annulus_empty,report,322.tiff,0,hem_rect_fill_1um,True,
seed_annulus_empty,report,322.tiff,0,hem_mask_fill_1um,True,
seed_annulus_empty,report,322.tiff,0,hem_mask_fill_1um,True,
seed_annulus_empty,report,322.tiff,1,default_51,True,
seed_annulus_empty,report,322.tiff,1,default_51,True,
seed_annulus_empty,report,322.tiff,1,hem_rect_fill,True,
seed_annulus_empty,report,322.tiff,1,hem_rect_fill,True,
seed_annulus_empty,report,322.tiff,1,hem_rect_fill_1um,True,
seed_annulus_empty,report,322.tiff,1,hem_rect_fill_1um,True,
seed_annulus_empty,report,322.tiff,1,hem_mask_fill_1um,True,
seed_annulus_empty,report,322.tiff,1,hem_mask_fill_1um,True,
seed_annulus_empty,report,322.tiff,2,default_51,True,
seed_annulus_empty,report,322.tiff,2,default_51,True,
seed_annulus_empty,report,322.tiff,2,hem_rect_fill,True,
seed_annulus_empty,report,322.tiff,2,hem_rect_fill,True,
seed_annulus_empty,report,322.tiff,2,hem_rect_fill_1um,True,
seed_annulus_empty,report,322.tiff,2,hem_rect_fill_1um,True,
seed_annulus_empty,report,322.tiff,2,hem_mask_fill_1um,True,
seed_annulus_empty,report,322.tiff,2,hem_mask_fill_1um,True,
seed_annulus_empty,report,322.tiff,3,default_51,True,
seed_annulus_empty,report,322.tiff,3,default_51,True,
seed_annulus_empty,report,322.tiff,3,hem_rect_fill,True,
seed_annulus_empty,report,322.tiff,3,hem_rect_fill,True,
seed_annulus_empty,report,322.tiff,3,hem_rect_fill_1um,True,
seed_annulus_empty,report,322.tiff,3,hem_rect_fill_1um,True,
seed_annulus_empty,report,322.tiff,3,hem_mask_fill_1um,True,
seed_annulus_empty,report,322.tiff,3,hem_mask_fill_1um,True,
seed_annulus_empty,report,322.tiff,4,default_51,True,
seed_annulus_empty,report,322.tiff,4,default_51,True,
seed_annulus_empty,report,322.tiff,4,hem_rect_fill,True,
seed_annulus_empty,report,322.tiff,4,hem_rect_fill,True,
seed_annulus_empty,report,322.tiff,4,hem_rect_fill_1um,True,
seed_annulus_empty,report,322.tiff,4,hem_rect_fill_1um,True,
seed_annulus_empty,report,322.tiff,4,hem_mask_fill_1um,True,
seed_annulus_empty,report,322.tiff,4,hem_mask_fill_1um,True,
seed_annulus_empty,report,322.tiff,5,default_51,True,
seed_annulus_empty,report,322.tiff,5,default_51,True,
seed_annulus_empty,report,322.tiff,5,hem_rect_fill,True,
seed_annulus_empty,report,322.tiff,5,hem_rect_fill,True,
seed_annulus_empty,report,322.tiff,5,hem_rect_fill_1um,True,
seed_annulus_empty,report,322.tiff,5,hem_rect_fill_1um,True,
seed_annulus_empty,report,322.tiff,5,hem_mask_fill_1um,True,
seed_annulus_empty,report,322.tiff,5,hem_mask_fill_1um,True,
seed_annulus_empty,report,337.tiff,0,default_51,True,
seed_annulus_empty,report,337.tiff,0,default_51,True,
seed_annulus_empty,report,337.tiff,0,hem_rect_fill,True,
seed_annulus_empty,report,337.tiff,0,hem_rect_fill,True,
seed_annulus_empty,report,337.tiff,0,hem_rect_fill_1um,True,
seed_annulus_empty,report,337.tiff,0,hem_rect_fill_1um,True,
seed_annulus_empty,report,337.tiff,0,hem_mask_fill_1um,True,
seed_annulus_empty,report,337.tiff,0,hem_mask_fill_1um,True,
seed_annulus_empty,report,337.tiff,1,default_51,True,
seed_annulus_empty,report,337.tiff,1,default_51,True,
seed_annulus_empty,report,337.tiff,1,hem_rect_fill,True,
seed_annulus_empty,report,337.tiff,1,hem_rect_fill,True,
seed_annulus_empty,report,337.tiff,1,hem_rect_fill_1um,True,
seed_annulus_empty,report,337.tiff,1,hem_rect_fill_1um,True,
seed_annulus_empty,report,337.tiff,1,hem_mask_fill_1um,True,
seed_annulus_empty,report,337.tiff,1,hem_mask_fill_1um,True,
seed_annulus_empty,report,337.tiff,2,default_51,True,
seed_annulus_empty,report,337.tiff,2,default_51,True,
seed_annulus_empty,report,337.tiff,2,hem_rect_fill,True,
seed_annulus_empty,report,337.tiff,2,hem_rect_fill,True,
seed_annulus_empty,report,337.tiff,2,hem_rect_fill_1um,True,
seed_annulus_empty,report,337.tiff,2,hem_rect_fill_1um,True,
seed_annulus_empty,report,337.tiff,2,hem_mask_fill_1um,True,
seed_annulus_empty,report,337.tiff,2,hem_mask_fill_1um,True,
seed_annulus_empty,report,337.tiff,3,default_51,True,
seed_annulus_empty,report,337.tiff,3,default_51,True,
seed_annulus_empty,report,337.tiff,3,hem_rect_fill,True,
seed_annulus_empty,report,337.tiff,3,hem_rect_fill,True,
seed_annulus_empty,report,337.tiff,3,hem_rect_fill_1um,True,
seed_annulus_empty,report,337.tiff,3,hem_rect_fill_1um,True,
seed_annulus_empty,report,337.tiff,3,hem_mask_fill_1um,True,
seed_annulus_empty,report,337.tiff,3,hem_mask_fill_1um,True,
seed_annulus_empty,report,337.tiff,4,default_51,True,
seed_annulus_empty,report,337.tiff,4,default_51,True,
seed_annulus_empty,report,337.tiff,4,hem_rect_fill,True,
seed_annulus_empty,report,337.tiff,4,hem_rect_fill,True,
seed_annulus_empty,report,337.tiff,4,hem_rect_fill_1um,True,
seed_annulus_empty,report,337.tiff,4,hem_rect_fill_1um,True,
seed_annulus_empty,report,337.tiff,4,hem_mask_fill_1um,True,
seed_annulus_empty,report,337.tiff,4,hem_mask_fill_1um,True,
seed_annulus_empty,report,337.tiff,5,default_51,True,
seed_annulus_empty,report,337.tiff,5,default_51,True,
seed_annulus_empty,report,337.tiff,5,hem_rect_fill,True,
seed_annulus_empty,report,337.tiff,5,hem_rect_fill,True,
seed_annulus_empty,report,337.tiff,5,hem_rect_fill_1um,True,
seed_annulus_empty,report,337.tiff,5,hem_rect_fill_1um,True,
seed_annulus_empty,report,337.tiff,5,hem_mask_fill_1um,True,
seed_annulus_empty,report,337.tiff,5,hem_mask_fill_1um,True,
seed_annulus_empty,report,339.tiff,0,default_51,True,
seed_annulus_empty,report,339.tiff,0,default_51,True,
seed_annulus_empty,report,339.tiff,0,hem_rect_fill,True,
seed_annulus_empty,report,339.tiff,0,hem_rect_fill,True,
seed_annulus_empty,report,339.tiff,0,hem_rect_fill_1um,True,
seed_annulus_empty,report,339.tiff,0,hem_rect_fill_1um,True,
seed_annulus_empty,report,339.tiff,0,hem_mask_fill_1um,True,
seed_annulus_empty,report,339.tiff,0,hem_mask_fill_1um,True,
seed_annulus_empty,report,339.tiff,1,default_51,True,
seed_annulus_empty,report,339.tiff,1,default_51,True,
seed_annulus_empty,report,339.tiff,1,hem_rect_fill,True,
seed_annulus_empty,report,339.tiff,1,hem_rect_fill,True,
seed_annulus_empty,report,339.tiff,1,hem_rect_fill_1um,True,
seed_annulus_empty,report,339.tiff,1,hem_rect_fill_1um,True,
seed_annulus_empty,report,339.tiff,1,hem_mask_fill_1um,True,
seed_annulus_empty,report,339.tiff,1,hem_mask_fill_1um,True,
seed_annulus_empty,report,339.tiff,2,default_51,True,
seed_annulus_empty,report,339.tiff,2,default_51,True,
seed_annulus_empty,report,339.tiff,2,hem_rect_fill,True,
seed_annulus_empty,report,339.tiff,2,hem_rect_fill,True,
seed_annulus_empty,report,339.tiff,2,hem_rect_fill_1um,True,
seed_annulus_empty,report,339.tiff,2,hem_rect_fill_1um,True,
seed_annulus_empty,report,339.tiff,2,hem_mask_fill_1um,True,
seed_annulus_empty,report,339.tiff,2,hem_mask_fill_1um,True,
seed_annulus_empty,report,339.tiff,3,default_51,True,
seed_annulus_empty,report,339.tiff,3,default_51,True,
seed_annulus_empty,report,339.tiff,3,hem_rect_fill,True,
seed_annulus_empty,report,339.tiff,3,hem_rect_fill,True,
seed_annulus_empty,report,339.tiff,3,hem_rect_fill_1um,True,
seed_annulus_empty,report,339.tiff,3,hem_rect_fill_1um,True,
seed_annulus_empty,report,339.tiff,3,hem_mask_fill_1um,True,
seed_annulus_empty,report,339.tiff,3,hem_mask_fill_1um,True,
seed_annulus_empty,report,339.tiff,4,default_51,True,
seed_annulus_empty,report,339.tiff,4,default_51,True,
seed_annulus_empty,report,339.tiff,4,hem_rect_fill,True,
seed_annulus_empty,report,339.tiff,4,hem_rect_fill,True,
seed_annulus_empty,report,339.tiff,4,hem_rect_fill_1um,True,
seed_annulus_empty,report,339.tiff,4,hem_rect_fill_1um,True,
seed_annulus_empty,report,339.tiff,4,hem_mask_fill_1um,True,
seed_annulus_empty,report,339.tiff,4,hem_mask_fill_1um,True,
seed_annulus_empty,report,339.tiff,5,default_51,True,
seed_annulus_empty,report,339.tiff,5,default_51,True,
seed_annulus_empty,report,339.tiff,5,hem_rect_fill,True,
seed_annulus_empty,report,339.tiff,5,hem_rect_fill,True,
seed_annulus_empty,report,339.tiff,5,hem_rect_fill_1um,True,
seed_annulus_empty,report,339.tiff,5,hem_rect_fill_1um,True,
seed_annulus_empty,report,339.tiff,5,hem_mask_fill_1um,True,
seed_annulus_empty,report,339.tiff,5,hem_mask_fill_1um,True,
seed_annulus_empty,report,343.tiff,0,default_51,True,
seed_annulus_empty,report,343.tiff,0,default_51,True,
seed_annulus_empty,report,343.tiff,0,hem_rect_fill,True,
seed_annulus_empty,report,343.tiff,0,hem_rect_fill,True,
seed_annulus_empty,report,343.tiff,0,hem_rect_fill_1um,True,
seed_annulus_empty,report,343.tiff,0,hem_rect_fill_1um,True,
seed_annulus_empty,report,343.tiff,0,hem_mask_fill_1um,True,
seed_annulus_empty,report,343.tiff,0,hem_mask_fill_1um,True,
seed_annulus_empty,report,343.tiff,1,default_51,True,
seed_annulus_empty,report,343.tiff,1,default_51,True,
seed_annulus_empty,report,343.tiff,1,hem_rect_fill,True,
seed_annulus_empty,report,343.tiff,1,hem_rect_fill,True,
seed_annulus_empty,report,343.tiff,1,hem_rect_fill_1um,True,
seed_annulus_empty,report,343.tiff,1,hem_rect_fill_1um,True,
seed_annulus_empty,report,343.tiff,1,hem_mask_fill_1um,True,
seed_annulus_empty,report,343.tiff,1,hem_mask_fill_1um,True,
seed_annulus_empty,report,343.tiff,2,default_51,True,
seed_annulus_empty,report,343.tiff,2,default_51,True,
seed_annulus_empty,report,343.tiff,2,hem_rect_fill,True,
seed_annulus_empty,report,343.tiff,2,hem_rect_fill,True,
seed_annulus_empty,report,343.tiff,2,hem_rect_fill_1um,True,
seed_annulus_empty,report,343.tiff,2,hem_rect_fill_1um,True,
seed_annulus_empty,report,343.tiff,2,hem_mask_fill_1um,True,
seed_annulus_empty,report,343.tiff,2,hem_mask_fill_1um,True,
seed_annulus_empty,report,343.tiff,3,default_51,True,
seed_annulus_empty,report,343.tiff,3,default_51,True,
seed_annulus_empty,report,343.tiff,3,hem_rect_fill,True,
seed_annulus_empty,report,343.tiff,3,hem_rect_fill,True,
seed_annulus_empty,report,343.tiff,3,hem_rect_fill_1um,True,
seed_annulus_empty,report,343.tiff,3,hem_rect_fill_1um,True,
seed_annulus_empty,report,343.tiff,3,hem_mask_fill_1um,True,
seed_annulus_empty,report,343.tiff,3,hem_mask_fill_1um,True,
seed_annulus_empty,report,343.tiff,4,default_51,True,
seed_annulus_empty,report,343.tiff,4,default_51,True,
seed_annulus_empty,report,343.tiff,4,hem_rect_fill,True,
seed_annulus_empty,report,343.tiff,4,hem_rect_fill,True,
seed_annulus_empty,report,343.tiff,4,hem_rect_fill_1um,True,
seed_annulus_empty,report,343.tiff,4,hem_rect_fill_1um,True,
seed_annulus_empty,report,343.tiff,4,hem_mask_fill_1um,True,
seed_annulus_empty,report,343.tiff,4,hem_mask_fill_1um,True,
seed_annulus_empty,report,343.tiff,5,default_51,True,
seed_annulus_empty,report,343.tiff,5,default_51,True,
seed_annulus_empty,report,343.tiff,5,hem_rect_fill,True,
seed_annulus_empty,report,343.tiff,5,hem_rect_fill,True,
seed_annulus_empty,report,343.tiff,5,hem_rect_fill_1um,True,
seed_annulus_empty,report,343.tiff,5,hem_rect_fill_1um,True,
seed_annulus_empty,report,343.tiff,5,hem_mask_fill_1um,True,
seed_annulus_empty,report,343.tiff,5,hem_mask_fill_1um,True,
seed_annulus_empty,report,344.tiff,0,default_51,True,
seed_annulus_empty,report,344.tiff,0,default_51,True,
seed_annulus_empty,report,344.tiff,0,hem_rect_fill,True,
seed_annulus_empty,report,344.tiff,0,hem_rect_fill,True,
seed_annulus_empty,report,344.tiff,0,hem_rect_fill_1um,True,
seed_annulus_empty,report,344.tiff,0,hem_rect_fill_1um,True,
seed_annulus_empty,report,344.tiff,0,hem_mask_fill_1um,True,
seed_annulus_empty,report,344.tiff,0,hem_mask_fill_1um,True,
seed_annulus_empty,report,344.tiff,1,default_51,True,
seed_annulus_empty,report,344.tiff,1,default_51,True,
seed_annulus_empty,report,344.tiff,1,hem_rect_fill,True,
seed_annulus_empty,report,344.tiff,1,hem_rect_fill,True,
seed_annulus_empty,report,344.tiff,1,hem_rect_fill_1um,True,
seed_annulus_empty,report,344.tiff,1,hem_rect_fill_1um,True,
seed_annulus_empty,report,344.tiff,1,hem_mask_fill_1um,True,
seed_annulus_empty,report,344.tiff,1,hem_mask_fill_1um,True,
seed_annulus_empty,report,344.tiff,2,default_51,True,
seed_annulus_empty,report,344.tiff,2,default_51,True,
seed_annulus_empty,report,344.tiff,2,hem_rect_fill,True,
seed_annulus_empty,report,344.tiff,2,hem_rect_fill,True,
seed_annulus_empty,report,344.tiff,2,hem_rect_fill_1um,True,
seed_annulus_empty,report,344.tiff,2,hem_rect_fill_1um,True,
seed_annulus_empty,report,344.tiff,2,hem_mask_fill_1um,True,
seed_annulus_empty,report,344.tiff,2,hem_mask_fill_1um,True,
seed_annulus_empty,report,344.tiff,3,default_51,True,
seed_annulus_empty,report,344.tiff,3,default_51,True,
seed_annulus_empty,report,344.tiff,3,hem_rect_fill,True,
seed_annulus_empty,report,344.tiff,3,hem_rect_fill,True,
seed_annulus_empty,report,344.tiff,3,hem_rect_fill_1um,True,
seed_annulus_empty,report,344.tiff,3,hem_rect_fill_1um,True,
seed_annulus_empty,report,344.tiff,3,hem_mask_fill_1um,True,
seed_annulus_empty,report,344.tiff,3,hem_mask_fill_1um,True,
seed_annulus_empty,report,344.tiff,4,default_51,True,
seed_annulus_empty,report,344.tiff,4,default_51,True,
seed_annulus_empty,report,344.tiff,4,hem_rect_fill,True,
seed_annulus_empty,report,344.tiff,4,hem_rect_fill,True,
seed_annulus_empty,report,344.tiff,4,hem_rect_fill_1um,True,
seed_annulus_empty,report,344.tiff,4,hem_rect_fill_1um,True,
seed_annulus_empty,report,344.tiff,4,hem_mask_fill_1um,True,
seed_annulus_empty,report,344.tiff,4,hem_mask_fill_1um,True,
seed_annulus_empty,report,344.tiff,5,default_51,True,
seed_annulus_empty,report,344.tiff,5,default_51,True,
seed_annulus_empty,report,344.tiff,5,hem_rect_fill,True,
seed_annulus_empty,report,344.tiff,5,hem_rect_fill,True,
seed_annulus_empty,report,344.tiff,5,hem_rect_fill_1um,True,
seed_annulus_empty,report,344.tiff,5,hem_rect_fill_1um,True,
seed_annulus_empty,report,344.tiff,5,hem_mask_fill_1um,True,
seed_annulus_empty,report,344.tiff,5,hem_mask_fill_1um,True,
seed_annulus_empty,report,201.tiff,0,default_51,True,
seed_annulus_empty,report,201.tiff,0,default_51,True,
seed_annulus_empty,report,201.tiff,0,hem_rect_fill,True,
seed_annulus_empty,report,201.tiff,0,hem_rect_fill,True,
seed_annulus_empty,report,201.tiff,0,hem_rect_fill_1um,True,
seed_annulus_empty,report,201.tiff,0,hem_rect_fill_1um,True,
seed_annulus_empty,report,201.tiff,0,hem_mask_fill_1um,True,
seed_annulus_empty,report,201.tiff,0,hem_mask_fill_1um,True,
seed_annulus_empty,report,201.tiff,1,default_51,True,
seed_annulus_empty,report,201.tiff,1,default_51,True,
seed_annulus_empty,report,201.tiff,1,hem_rect_fill,True,
seed_annulus_empty,report,201.tiff,1,hem_rect_fill,True,
seed_annulus_empty,report,201.tiff,1,hem_rect_fill_1um,True,
seed_annulus_empty,report,201.tiff,1,hem_rect_fill_1um,True,
seed_annulus_empty,report,201.tiff,1,hem_mask_fill_1um,True,
seed_annulus_empty,report,201.tiff,1,hem_mask_fill_1um,True,
seed_annulus_empty,report,201.tiff,2,default_51,True,
seed_annulus_empty,report,201.tiff,2,default_51,True,
seed_annulus_empty,report,201.tiff,2,hem_rect_fill,True,
seed_annulus_empty,report,201.tiff,2,hem_rect_fill,True,
seed_annulus_empty,report,201.tiff,2,hem_rect_fill_1um,True,
seed_annulus_empty,report,201.tiff,2,hem_rect_fill_1um,True,
seed_annulus_empty,report,201.tiff,2,hem_mask_fill_1um,True,
seed_annulus_empty,report,201.tiff,2,hem_mask_fill_1um,True,
seed_annulus_empty,report,201.tiff,3,default_51,True,
seed_annulus_empty,report,201.tiff,3,default_51,True,
seed_annulus_empty,report,201.tiff,3,hem_rect_fill,True,
seed_annulus_empty,report,201.tiff,3,hem_rect_fill,True,
seed_annulus_empty,report,201.tiff,3,hem_rect_fill_1um,True,
seed_annulus_empty,report,201.tiff,3,hem_rect_fill_1um,True,
seed_annulus_empty,report,201.tiff,3,hem_mask_fill_1um,True,
seed_annulus_empty,report,201.tiff,3,hem_mask_fill_1um,True,
seed_annulus_empty,report,201.tiff,4,default_51,True,
seed_annulus_empty,report,201.tiff,4,default_51,True,
seed_annulus_empty,report,201.tiff,4,hem_rect_fill,True,
seed_annulus_empty,report,201.tiff,4,hem_rect_fill,True,
seed_annulus_empty,report,201.tiff,4,hem_rect_fill_1um,True,
seed_annulus_empty,report,201.tiff,4,hem_rect_fill_1um,True,
seed_annulus_empty,report,201.tiff,4,hem_mask_fill_1um,True,
seed_annulus_empty,report,201.tiff,4,hem_mask_fill_1um,True,
seed_annulus_empty,report,201.tiff,5,default_51,True,
seed_annulus_empty,report,201.tiff,5,default_51,True,
seed_annulus_empty,report,201.tiff,5,hem_rect_fill,True,
seed_annulus_empty,report,201.tiff,5,hem_rect_fill,True,
seed_annulus_empty,report,201.tiff,5,hem_rect_fill_1um,True,
seed_annulus_empty,report,201.tiff,5,hem_rect_fill_1um,True,
seed_annulus_empty,report,201.tiff,5,hem_mask_fill_1um,True,
seed_annulus_empty,report,201.tiff,5,hem_mask_fill_1um,True,
seed_annulus_empty,report,233.tiff,0,default_51,True,
seed_annulus_empty,report,233.tiff,0,default_51,True,
seed_annulus_empty,report,233.tiff,0,hem_rect_fill,True,
seed_annulus_empty,report,233.tiff,0,hem_rect_fill,True,
seed_annulus_empty,report,233.tiff,0,hem_rect_fill_1um,True,
seed_annulus_empty,report,233.tiff,0,hem_rect_fill_1um,True,
seed_annulus_empty,report,233.tiff,0,hem_mask_fill_1um,True,
seed_annulus_empty,report,233.tiff,0,hem_mask_fill_1um,True,
seed_annulus_empty,report,233.tiff,1,default_51,True,
seed_annulus_empty,report,233.tiff,1,default_51,True,
seed_annulus_empty,report,233.tiff,1,hem_rect_fill,True,
seed_annulus_empty,report,233.tiff,1,hem_rect_fill,True,
seed_annulus_empty,report,233.tiff,1,hem_rect_fill_1um,True,
seed_annulus_empty,report,233.tiff,1,hem_rect_fill_1um,True,
seed_annulus_empty,report,233.tiff,1,hem_mask_fill_1um,True,
seed_annulus_empty,report,233.tiff,1,hem_mask_fill_1um,True,
seed_annulus_empty,report,233.tiff,2,default_51,True,
seed_annulus_empty,report,233.tiff,2,default_51,True,
seed_annulus_empty,report,233.tiff,2,hem_rect_fill,True,
seed_annulus_empty,report,233.tiff,2,hem_rect_fill,True,
seed_annulus_empty,report,233.tiff,2,hem_rect_fill_1um,True,
seed_annulus_empty,report,233.tiff,2,hem_rect_fill_1um,True,
seed_annulus_empty,report,233.tiff,2,hem_mask_fill_1um,True,
seed_annulus_empty,report,233.tiff,2,hem_mask_fill_1um,True,
seed_annulus_empty,report,233.tiff,3,default_51,True,
seed_annulus_empty,report,233.tiff,3,default_51,True,
seed_annulus_empty,report,233.tiff,3,hem_rect_fill,True,
seed_annulus_empty,report,233.tiff,3,hem_rect_fill,True,
seed_annulus_empty,report,233.tiff,3,hem_rect_fill_1um,True,
seed_annulus_empty,report,233.tiff,3,hem_rect_fill_1um,True,
seed_annulus_empty,report,233.tiff,3,hem_mask_fill_1um,True,
seed_annulus_empty,report,233.tiff,3,hem_mask_fill_1um,True,
seed_annulus_empty,report,233.tiff,4,default_51,True,
seed_annulus_empty,report,233.tiff,4,default_51,True,
seed_annulus_empty,report,233.tiff,4,hem_rect_fill,True,
seed_annulus_empty,report,233.tiff,4,hem_rect_fill,True,
seed_annulus_empty,report,233.tiff,4,hem_rect_fill_1um,True,
seed_annulus_empty,report,233.tiff,4,hem_rect_fill_1um,True,
seed_annulus_empty,report,233.tiff,4,hem_mask_fill_1um,True,
seed_annulus_empty,report,233.tiff,4,hem_mask_fill_1um,True,
seed_annulus_empty,report,233.tiff,5,default_51,True,
seed_annulus_empty,report,233.tiff,5,default_51,True,
seed_annulus_empty,report,233.tiff,5,hem_rect_fill,True,
seed_annulus_empty,report,233.tiff,5,hem_rect_fill,True,
seed_annulus_empty,report,233.tiff,5,hem_rect_fill_1um,True,
seed_annulus_empty,report,233.tiff,5,hem_rect_fill_1um,True,
seed_annulus_empty,report,233.tiff,5,hem_mask_fill_1um,True,
seed_annulus_empty,report,233.tiff,5,hem_mask_fill_1um,True,
seed_annulus_empty,report,211.tiff,0,default_51,True,
seed_annulus_empty,report,211.tiff,0,default_51,True,
seed_annulus_empty,report,211.tiff,0,hem_rect_fill,True,
seed_annulus_empty,report,211.tiff,0,hem_rect_fill,True,
seed_annulus_empty,report,211.tiff,0,hem_rect_fill_1um,True,
seed_annulus_empty,report,211.tiff,0,hem_rect_fill_1um,True,
seed_annulus_empty,report,211.tiff,0,hem_mask_fill_1um,True,
seed_annulus_empty,report,211.tiff,0,hem_mask_fill_1um,True,
seed_annulus_empty,report,211.tiff,1,default_51,True,
seed_annulus_empty,report,211.tiff,1,default_51,True,
seed_annulus_empty,report,211.tiff,1,hem_rect_fill,True,
seed_annulus_empty,report,211.tiff,1,hem_rect_fill,True,
seed_annulus_empty,report,211.tiff,1,hem_rect_fill_1um,True,
seed_annulus_empty,report,211.tiff,1,hem_rect_fill_1um,True,
seed_annulus_empty,report,211.tiff,1,hem_mask_fill_1um,True,
seed_annulus_empty,report,211.tiff,1,hem_mask_fill_1um,True,
seed_annulus_empty,report,211.tiff,2,default_51,True,
seed_annulus_empty,report,211.tiff,2,default_51,True,
seed_annulus_empty,report,211.tiff,2,hem_rect_fill,True,
seed_annulus_empty,report,211.tiff,2,hem_rect_fill,True,
seed_annulus_empty,report,211.tiff,2,hem_rect_fill_1um,True,
seed_annulus_empty,report,211.tiff,2,hem_rect_fill_1um,True,
seed_annulus_empty,report,211.tiff,2,hem_mask_fill_1um,True,
seed_annulus_empty,report,211.tiff,2,hem_mask_fill_1um,True,
seed_annulus_empty,report,211.tiff,3,default_51,True,
seed_annulus_empty,report,211.tiff,3,default_51,True,
seed_annulus_empty,report,211.tiff,3,hem_rect_fill,True,
seed_annulus_empty,report,211.tiff,3,hem_rect_fill,True,
seed_annulus_empty,report,211.tiff,3,hem_rect_fill_1um,True,
seed_annulus_empty,report,211.tiff,3,hem_rect_fill_1um,True,
seed_annulus_empty,report,211.tiff,3,hem_mask_fill_1um,True,
seed_annulus_empty,report,211.tiff,3,hem_mask_fill_1um,True,
seed_annulus_empty,report,211.tiff,4,default_51,True,
seed_annulus_empty,report,211.tiff,4,default_51,True,
seed_annulus_empty,report,211.tiff,4,hem_rect_fill,True,
seed_annulus_empty,report,211.tiff,4,hem_rect_fill,True,
seed_annulus_empty,report,211.tiff,4,hem_rect_fill_1um,True,
seed_annulus_empty,report,211.tiff,4,hem_rect_fill_1um,True,
seed_annulus_empty,report,211.tiff,4,hem_mask_fill_1um,True,
seed_annulus_empty,report,211.tiff,4,hem_mask_fill_1um,True,
seed_annulus_empty,report,211.tiff,5,default_51,True,
seed_annulus_empty,report,211.tiff,5,default_51,True,
seed_annulus_empty,report,211.tiff,5,hem_rect_fill,True,
seed_annulus_empty,report,211.tiff,5,hem_rect_fill,True,
seed_annulus_empty,report,211.tiff,5,hem_rect_fill_1um,True,
seed_annulus_empty,report,211.tiff,5,hem_rect_fill_1um,True,
seed_annulus_empty,report,211.tiff,5,hem_mask_fill_1um,True,
seed_annulus_empty,report,211.tiff,5,hem_mask_fill_1um,True,
seed_annulus_empty,report,220.tiff,0,default_51,True,
seed_annulus_empty,report,220.tiff,0,default_51,True,
seed_annulus_empty,report,220.tiff,0,hem_rect_fill,True,
seed_annulus_empty,report,220.tiff,0,hem_rect_fill,True,
seed_annulus_empty,report,220.tiff,0,hem_rect_fill_1um,True,
seed_annulus_empty,report,220.tiff,0,hem_rect_fill_1um,True,
seed_annulus_empty,report,220.tiff,0,hem_mask_fill_1um,True,
seed_annulus_empty,report,220.tiff,0,hem_mask_fill_1um,True,
seed_annulus_empty,report,220.tiff,1,default_51,True,
seed_annulus_empty,report,220.tiff,1,default_51,True,
seed_annulus_empty,report,220.tiff,1,hem_rect_fill,True,
seed_annulus_empty,report,220.tiff,1,hem_rect_fill,True,
seed_annulus_empty,report,220.tiff,1,hem_rect_fill_1um,True,
seed_annulus_empty,report,220.tiff,1,hem_rect_fill_1um,True,
seed_annulus_empty,report,220.tiff,1,hem_mask_fill_1um,True,
seed_annulus_empty,report,220.tiff,1,hem_mask_fill_1um,True,
seed_annulus_empty,report,220.tiff,2,default_51,True,
seed_annulus_empty,report,220.tiff,2,default_51,True,
seed_annulus_empty,report,220.tiff,2,hem_rect_fill,True,
seed_annulus_empty,report,220.tiff,2,hem_rect_fill,True,
seed_annulus_empty,report,220.tiff,2,hem_rect_fill_1um,True,
seed_annulus_empty,report,220.tiff,2,hem_rect_fill_1um,True,
seed_annulus_empty,report,220.tiff,2,hem_mask_fill_1um,True,
seed_annulus_empty,report,220.tiff,2,hem_mask_fill_1um,True,
seed_annulus_empty,report,220.tiff,3,default_51,True,
seed_annulus_empty,report,220.tiff,3,default_51,True,
seed_annulus_empty,report,220.tiff,3,hem_rect_fill,True,
seed_annulus_empty,report,220.tiff,3,hem_rect_fill,True,
seed_annulus_empty,report,220.tiff,3,hem_rect_fill_1um,True,
seed_annulus_empty,report,220.tiff,3,hem_rect_fill_1um,True,
seed_annulus_empty,report,220.tiff,3,hem_mask_fill_1um,True,
seed_annulus_empty,report,220.tiff,3,hem_mask_fill_1um,True,
seed_annulus_empty,report,220.tiff,4,default_51,True,
seed_annulus_empty,report,220.tiff,4,default_51,True,
seed_annulus_empty,report,220.tiff,4,hem_rect_fill,True,
seed_annulus_empty,report,220.tiff,4,hem_rect_fill,True,
seed_annulus_empty,report,220.tiff,4,hem_rect_fill_1um,True,
seed_annulus_empty,report,220.tiff,4,hem_rect_fill_1um,True,
seed_annulus_empty,report,220.tiff,4,hem_mask_fill_1um,True,
seed_annulus_empty,report,220.tiff,4,hem_mask_fill_1um,True,
seed_annulus_empty,report,220.tiff,5,default_51,True,
seed_annulus_empty,report,220.tiff,5,default_51,True,
seed_annulus_empty,report,220.tiff,5,hem_rect_fill,True,
seed_annulus_empty,report,220.tiff,5,hem_rect_fill,True,
seed_annulus_empty,report,220.tiff,5,hem_rect_fill_1um,True,
seed_annulus_empty,report,220.tiff,5,hem_rect_fill_1um,True,
seed_annulus_empty,report,220.tiff,5,hem_mask_fill_1um,True,
seed_annulus_empty,report,220.tiff,5,hem_mask_fill_1um,True,
seed_annulus_empty,report,230.tiff,0,default_51,True,
seed_annulus_empty,report,230.tiff,0,default_51,True,
seed_annulus_empty,report,230.tiff,0,hem_rect_fill,True,
seed_annulus_empty,report,230.tiff,0,hem_rect_fill,True,
seed_annulus_empty,report,230.tiff,0,hem_rect_fill_1um,True,
seed_annulus_empty,report,230.tiff,0,hem_rect_fill_1um,True,
seed_annulus_empty,report,230.tiff,0,hem_mask_fill_1um,True,
seed_annulus_empty,report,230.tiff,0,hem_mask_fill_1um,True,
seed_annulus_empty,report,230.tiff,1,default_51,True,
seed_annulus_empty,report,230.tiff,1,default_51,True,
seed_annulus_empty,report,230.tiff,1,hem_rect_fill,True,
seed_annulus_empty,report,230.tiff,1,hem_rect_fill,True,
seed_annulus_empty,report,230.tiff,1,hem_rect_fill_1um,True,
seed_annulus_empty,report,230.tiff,1,hem_rect_fill_1um,True,
seed_annulus_empty,report,230.tiff,1,hem_mask_fill_1um,True,
seed_annulus_empty,report,230.tiff,1,hem_mask_fill_1um,True,
seed_annulus_empty,report,230.tiff,2,default_51,True,
seed_annulus_empty,report,230.tiff,2,default_51,True,
seed_annulus_empty,report,230.tiff,2,hem_rect_fill,True,
seed_annulus_empty,report,230.tiff,2,hem_rect_fill,True,
seed_annulus_empty,report,230.tiff,2,hem_rect_fill_1um,True,
seed_annulus_empty,report,230.tiff,2,hem_rect_fill_1um,True,
seed_annulus_empty,report,230.tiff,2,hem_mask_fill_1um,True,
seed_annulus_empty,report,230.tiff,2,hem_mask_fill_1um,True,
seed_annulus_empty,report,230.tiff,3,default_51,True,
seed_annulus_empty,report,230.tiff,3,default_51,True,
seed_annulus_empty,report,230.tiff,3,hem_rect_fill,True,
seed_annulus_empty,report,230.tiff,3,hem_rect_fill,True,
seed_annulus_empty,report,230.tiff,3,hem_rect_fill_1um,True,
seed_annulus_empty,report,230.tiff,3,hem_rect_fill_1um,True,
seed_annulus_empty,report,230.tiff,3,hem_mask_fill_1um,True,
seed_annulus_empty,report,230.tiff,3,hem_mask_fill_1um,True,
seed_annulus_empty,report,230.tiff,4,default_51,True,
seed_annulus_empty,report,230.tiff,4,default_51,True,
seed_annulus_empty,report,230.tiff,4,hem_rect_fill,True,
seed_annulus_empty,report,230.tiff,4,hem_rect_fill,True,
seed_annulus_empty,report,230.tiff,4,hem_rect_fill_1um,True,
seed_annulus_empty,report,230.tiff,4,hem_rect_fill_1um,True,
seed_annulus_empty,report,230.tiff,4,hem_mask_fill_1um,True,
seed_annulus_empty,report,230.tiff,4,hem_mask_fill_1um,True,
seed_annulus_empty,report,230.tiff,5,default_51,True,
seed_annulus_empty,report,230.tiff,5,default_51,True,
seed_annulus_empty,report,230.tiff,5,hem_rect_fill,True,
seed_annulus_empty,report,230.tiff,5,hem_rect_fill,True,
seed_annulus_empty,report,230.tiff,5,hem_rect_fill_1um,True,
seed_annulus_empty,report,230.tiff,5,hem_rect_fill_1um,True,
seed_annulus_empty,report,230.tiff,5,hem_mask_fill_1um,True,
seed_annulus_empty,report,230.tiff,5,hem_mask_fill_1um,True,
seed_annulus_empty,report,235.tiff,0,default_51,True,
seed_annulus_empty,report,235.tiff,0,default_51,True,
seed_annulus_empty,report,235.tiff,0,hem_rect_fill,True,
seed_annulus_empty,report,235.tiff,0,hem_rect_fill,True,
seed_annulus_empty,report,235.tiff,0,hem_rect_fill_1um,True,
seed_annulus_empty,report,235.tiff,0,hem_rect_fill_1um,True,
seed_annulus_empty,report,235.tiff,0,hem_mask_fill_1um,True,
seed_annulus_empty,report,235.tiff,0,hem_mask_fill_1um,True,
seed_annulus_empty,report,235.tiff,1,default_51,True,
seed_annulus_empty,report,235.tiff,1,default_51,True,
seed_annulus_empty,report,235.tiff,1,hem_rect_fill,True,
seed_annulus_empty,report,235.tiff,1,hem_rect_fill,True,
seed_annulus_empty,report,235.tiff,1,hem_rect_fill_1um,True,
seed_annulus_empty,report,235.tiff,1,hem_rect_fill_1um,True,
seed_annulus_empty,report,235.tiff,1,hem_mask_fill_1um,True,
seed_annulus_empty,report,235.tiff,1,hem_mask_fill_1um,True,
seed_annulus_empty,report,235.tiff,2,default_51,True,
seed_annulus_empty,report,235.tiff,2,default_51,True,
seed_annulus_empty,report,235.tiff,2,hem_rect_fill,True,
seed_annulus_empty,report,235.tiff,2,hem_rect_fill,True,
seed_annulus_empty,report,235.tiff,2,hem_rect_fill_1um,True,
seed_annulus_empty,report,235.tiff,2,hem_rect_fill_1um,True,
seed_annulus_empty,report,235.tiff,2,hem_mask_fill_1um,True,
seed_annulus_empty,report,235.tiff,2,hem_mask_fill_1um,True,
seed_annulus_empty,report,235.tiff,3,default_51,True,
seed_annulus_empty,report,235.tiff,3,default_51,True,
seed_annulus_empty,report,235.tiff,3,hem_rect_fill,True,
seed_annulus_empty,report,235.tiff,3,hem_rect_fill,True,
seed_annulus_empty,report,235.tiff,3,hem_rect_fill_1um,True,
seed_annulus_empty,report,235.tiff,3,hem_rect_fill_1um,True,
seed_annulus_empty,report,235.tiff,3,hem_mask_fill_1um,True,
seed_annulus_empty,report,235.tiff,3,hem_mask_fill_1um,True,
seed_annulus_empty,report,235.tiff,4,default_51,True,
seed_annulus_empty,report,235.tiff,4,default_51,True,
seed_annulus_empty,report,235.tiff,4,hem_rect_fill,True,
seed_annulus_empty,report,235.tiff,4,hem_rect_fill,True,
seed_annulus_empty,report,235.tiff,4,hem_rect_fill_1um,True,
seed_annulus_empty,report,235.tiff,4,hem_rect_fill_1um,True,
seed_annulus_empty,report,235.tiff,4,hem_mask_fill_1um,True,
seed_annulus_empty,report,235.tiff,4,hem_mask_fill_1um,True,
seed_annulus_empty,report,235.tiff,5,default_51,True,
seed_annulus_empty,report,235.tiff,5,default_51,True,
seed_annulus_empty,report,235.tiff,5,hem_rect_fill,True,
seed_annulus_empty,report,235.tiff,5,hem_rect_fill,True,
seed_annulus_empty,report,235.tiff,5,hem_rect_fill_1um,True,
seed_annulus_empty,report,235.tiff,5,hem_rect_fill_1um,True,
seed_annulus_empty,report,235.tiff,5,hem_mask_fill_1um,True,
seed_annulus_empty,report,235.tiff,5,hem_mask_fill_1um,True,
seed_annulus_empty,report,242.tiff,0,default_51,True,
seed_annulus_empty,report,242.tiff,0,default_51,True,
seed_annulus_empty,report,242.tiff,0,hem_rect_fill,True,
seed_annulus_empty,report,242.tiff,0,hem_rect_fill,True,
seed_annulus_empty,report,242.tiff,0,hem_rect_fill_1um,True,
seed_annulus_empty,report,242.tiff,0,hem_rect_fill_1um,True,
seed_annulus_empty,report,242.tiff,0,hem_mask_fill_1um,True,
seed_annulus_empty,report,242.tiff,0,hem_mask_fill_1um,True,
seed_annulus_empty,report,242.tiff,1,default_51,True,
seed_annulus_empty,report,242.tiff,1,default_51,True,
seed_annulus_empty,report,242.tiff,1,hem_rect_fill,True,
seed_annulus_empty,report,242.tiff,1,hem_rect_fill,True,
seed_annulus_empty,report,242.tiff,1,hem_rect_fill_1um,True,
seed_annulus_empty,report,242.tiff,1,hem_rect_fill_1um,True,
seed_annulus_empty,report,242.tiff,1,hem_mask_fill_1um,True,
seed_annulus_empty,report,242.tiff,1,hem_mask_fill_1um,True,
seed_annulus_empty,report,242.tiff,2,default_51,True,
seed_annulus_empty,report,242.tiff,2,default_51,True,
seed_annulus_empty,report,242.tiff,2,hem_rect_fill,True,
seed_annulus_empty,report,242.tiff,2,hem_rect_fill,True,
seed_annulus_empty,report,242.tiff,2,hem_rect_fill_1um,True,
seed_annulus_empty,report,242.tiff,2,hem_rect_fill_1um,True,
seed_annulus_empty,report,242.tiff,2,hem_mask_fill_1um,True,
seed_annulus_empty,report,242.tiff,2,hem_mask_fill_1um,True,
seed_annulus_empty,report,242.tiff,3,default_51,True,
seed_annulus_empty,report,242.tiff,3,default_51,True,
seed_annulus_empty,report,242.tiff,3,hem_rect_fill,True,
seed_annulus_empty,report,242.tiff,3,hem_rect_fill,True,
seed_annulus_empty,report,242.tiff,3,hem_rect_fill_1um,True,
seed_annulus_empty,report,242.tiff,3,hem_rect_fill_1um,True,
seed_annulus_empty,report,242.tiff,3,hem_mask_fill_1um,True,
seed_annulus_empty,report,242.tiff,3,hem_mask_fill_1um,True,
seed_annulus_empty,report,242.tiff,4,default_51,True,
seed_annulus_empty,report,242.tiff,4,default_51,True,
seed_annulus_empty,report,242.tiff,4,hem_rect_fill,True,
seed_annulus_empty,report,242.tiff,4,hem_rect_fill,True,
seed_annulus_empty,report,242.tiff,4,hem_rect_fill_1um,True,
seed_annulus_empty,report,242.tiff,4,hem_rect_fill_1um,True,
seed_annulus_empty,report,242.tiff,4,hem_mask_fill_1um,True,
seed_annulus_empty,report,242.tiff,4,hem_mask_fill_1um,True,
seed_annulus_empty,report,242.tiff,5,default_51,True,
seed_annulus_empty,report,242.tiff,5,default_51,True,
seed_annulus_empty,report,242.tiff,5,hem_rect_fill,True,
seed_annulus_empty,report,242.tiff,5,hem_rect_fill,True,
seed_annulus_empty,report,242.tiff,5,hem_rect_fill_1um,True,
seed_annulus_empty,report,242.tiff,5,hem_rect_fill_1um,True,
seed_annulus_empty,report,242.tiff,5,hem_mask_fill_1um,True,
seed_annulus_empty,report,242.tiff,5,hem_mask_fill_1um,True,
seed_annulus_empty,report,245.tiff,0,default_51,True,
seed_annulus_empty,report,245.tiff,0,default_51,True,
seed_annulus_empty,report,245.tiff,0,hem_rect_fill,True,
seed_annulus_empty,report,245.tiff,0,hem_rect_fill,True,
seed_annulus_empty,report,245.tiff,0,hem_rect_fill_1um,True,
seed_annulus_empty,report,245.tiff,0,hem_rect_fill_1um,True,
seed_annulus_empty,report,245.tiff,0,hem_mask_fill_1um,True,
seed_annulus_empty,report,245.tiff,0,hem_mask_fill_1um,True,
seed_annulus_empty,report,245.tiff,1,default_51,True,
seed_annulus_empty,report,245.tiff,1,default_51,True,
seed_annulus_empty,report,245.tiff,1,hem_rect_fill,True,
seed_annulus_empty,report,245.tiff,1,hem_rect_fill,True,
seed_annulus_empty,report,245.tiff,1,hem_rect_fill_1um,True,
seed_annulus_empty,report,245.tiff,1,hem_rect_fill_1um,True,
seed_annulus_empty,report,245.tiff,1,hem_mask_fill_1um,True,
seed_annulus_empty,report,245.tiff,1,hem_mask_fill_1um,True,
seed_annulus_empty,report,245.tiff,2,default_51,True,
seed_annulus_empty,report,245.tiff,2,default_51,True,
seed_annulus_empty,report,245.tiff,2,hem_rect_fill,True,
seed_annulus_empty,report,245.tiff,2,hem_rect_fill,True,
seed_annulus_empty,report,245.tiff,2,hem_rect_fill_1um,True,
seed_annulus_empty,report,245.tiff,2,hem_rect_fill_1um,True,
seed_annulus_empty,report,245.tiff,2,hem_mask_fill_1um,True,
seed_annulus_empty,report,245.tiff,2,hem_mask_fill_1um,True,
seed_annulus_empty,report,245.tiff,3,default_51,True,
seed_annulus_empty,report,245.tiff,3,default_51,True,
seed_annulus_empty,report,245.tiff,3,hem_rect_fill,True,
seed_annulus_empty,report,245.tiff,3,hem_rect_fill,True,
seed_annulus_empty,report,245.tiff,3,hem_rect_fill_1um,True,
seed_annulus_empty,report,245.tiff,3,hem_rect_fill_1um,True,
seed_annulus_empty,report,245.tiff,3,hem_mask_fill_1um,True,
seed_annulus_empty,report,245.tiff,3,hem_mask_fill_1um,True,
seed_annulus_empty,report,245.tiff,4,default_51,True,
seed_annulus_empty,report,245.tiff,4,default_51,True,
seed_annulus_empty,report,245.tiff,4,hem_rect_fill,True,
seed_annulus_empty,report,245.tiff,4,hem_rect_fill,True,
seed_annulus_empty,report,245.tiff,4,hem_rect_fill_1um,True,
seed_annulus_empty,report,245.tiff,4,hem_rect_fill_1um,True,
seed_annulus_empty,report,245.tiff,4,hem_mask_fill_1um,True,
seed_annulus_empty,report,245.tiff,4,hem_mask_fill_1um,True,
seed_annulus_empty,report,245.tiff,5,default_51,True,
seed_annulus_empty,report,245.tiff,5,default_51,True,
seed_annulus_empty,report,245.tiff,5,hem_rect_fill,True,
seed_annulus_empty,report,245.tiff,5,hem_rect_fill,True,
seed_annulus_empty,report,245.tiff,5,hem_rect_fill_1um,True,
seed_annulus_empty,report,245.tiff,5,hem_rect_fill_1um,True,
seed_annulus_empty,report,245.tiff,5,hem_mask_fill_1um,True,
seed_annulus_empty,report,245.tiff,5,hem_mask_fill_1um,True,
seed_annulus_empty,report,246.tiff,0,default_51,True,
seed_annulus_empty,report,246.tiff,0,default_51,True,
seed_annulus_empty,report,246.tiff,0,hem_rect_fill,True,
seed_annulus_empty,report,246.tiff,0,hem_rect_fill,True,
seed_annulus_empty,report,246.tiff,0,hem_rect_fill_1um,True,
seed_annulus_empty,report,246.tiff,0,hem_rect_fill_1um,True,
seed_annulus_empty,report,246.tiff,0,hem_mask_fill_1um,True,
seed_annulus_empty,report,246.tiff,0,hem_mask_fill_1um,True,
seed_annulus_empty,report,246.tiff,1,default_51,True,
seed_annulus_empty,report,246.tiff,1,default_51,True,
seed_annulus_empty,report,246.tiff,1,hem_rect_fill,True,
seed_annulus_empty,report,246.tiff,1,hem_rect_fill,True,
seed_annulus_empty,report,246.tiff,1,hem_rect_fill_1um,True,
seed_annulus_empty,report,246.tiff,1,hem_rect_fill_1um,True,
seed_annulus_empty,report,246.tiff,1,hem_mask_fill_1um,True,
seed_annulus_empty,report,246.tiff,1,hem_mask_fill_1um,True,
seed_annulus_empty,report,246.tiff,2,default_51,True,
seed_annulus_empty,report,246.tiff,2,default_51,True,
seed_annulus_empty,report,246.tiff,2,hem_rect_fill,True,
seed_annulus_empty,report,246.tiff,2,hem_rect_fill,True,
seed_annulus_empty,report,246.tiff,2,hem_rect_fill_1um,True,
seed_annulus_empty,report,246.tiff,2,hem_rect_fill_1um,True,
seed_annulus_empty,report,246.tiff,2,hem_mask_fill_1um,True,
seed_annulus_empty,report,246.tiff,2,hem_mask_fill_1um,True,
seed_annulus_empty,report,246.tiff,3,default_51,True,
seed_annulus_empty,report,246.tiff,3,default_51,True,
seed_annulus_empty,report,246.tiff,3,hem_rect_fill,True,
seed_annulus_empty,report,246.tiff,3,hem_rect_fill,True,
seed_annulus_empty,report,246.tiff,3,hem_rect_fill_1um,True,
seed_annulus_empty,report,246.tiff,3,hem_rect_fill_1um,True,
seed_annulus_empty,report,246.tiff,3,hem_mask_fill_1um,True,
seed_annulus_empty,report,246.tiff,3,hem_mask_fill_1um,True,
seed_annulus_empty,report,246.tiff,4,default_51,True,
seed_annulus_empty,report,246.tiff,4,default_51,True,
seed_annulus_empty,report,246.tiff,4,hem_rect_fill,True,
seed_annulus_empty,report,246.tiff,4,hem_rect_fill,True,
seed_annulus_empty,report,246.tiff,4,hem_rect_fill_1um,True,
seed_annulus_empty,report,246.tiff,4,hem_rect_fill_1um,True,
seed_annulus_empty,report,246.tiff,4,hem_mask_fill_1um,True,
seed_annulus_empty,report,246.tiff,4,hem_mask_fill_1um,True,
seed_annulus_empty,report,246.tiff,5,default_51,True,
seed_annulus_empty,report,246.tiff,5,default_51,True,
seed_annulus_empty,report,246.tiff,5,hem_rect_fill,True,
seed_annulus_empty,report,246.tiff,5,hem_rect_fill,True,
seed_annulus_empty,report,246.tiff,5,hem_rect_fill_1um,True,
seed_annulus_empty,report,246.tiff,5,hem_rect_fill_1um,True,
seed_annulus_empty,report,246.tiff,5,hem_mask_fill_1um,True,
seed_annulus_empty,report,246.tiff,5,hem_mask_fill_1um,True,
seed_annulus_empty,report,249.tiff,0,default_51,True,
seed_annulus_empty,report,249.tiff,0,default_51,True,
seed_annulus_empty,report,249.tiff,0,hem_rect_fill,True,
seed_annulus_empty,report,249.tiff,0,hem_rect_fill,True,
seed_annulus_empty,report,249.tiff,0,hem_rect_fill_1um,True,
seed_annulus_empty,report,249.tiff,0,hem_rect_fill_1um,True,
seed_annulus_empty,report,249.tiff,0,hem_mask_fill_1um,True,
seed_annulus_empty,report,249.tiff,0,hem_mask_fill_1um,True,
seed_annulus_empty,report,249.tiff,1,default_51,True,
seed_annulus_empty,report,249.tiff,1,default_51,True,
seed_annulus_empty,report,249.tiff,1,hem_rect_fill,True,
seed_annulus_empty,report,249.tiff,1,hem_rect_fill,True,
seed_annulus_empty,report,249.tiff,1,hem_rect_fill_1um,True,
seed_annulus_empty,report,249.tiff,1,hem_rect_fill_1um,True,
seed_annulus_empty,report,249.tiff,1,hem_mask_fill_1um,True,
seed_annulus_empty,report,249.tiff,1,hem_mask_fill_1um,True,
seed_annulus_empty,report,249.tiff,2,default_51,True,
seed_annulus_empty,report,249.tiff,2,default_51,True,
seed_annulus_empty,report,249.tiff,2,hem_rect_fill,True,
seed_annulus_empty,report,249.tiff,2,hem_rect_fill,True,
seed_annulus_empty,report,249.tiff,2,hem_rect_fill_1um,True,
seed_annulus_empty,report,249.tiff,2,hem_rect_fill_1um,True,
seed_annulus_empty,report,249.tiff,2,hem_mask_fill_1um,True,
seed_annulus_empty,report,249.tiff,2,hem_mask_fill_1um,True,
seed_annulus_empty,report,249.tiff,3,default_51,True,
seed_annulus_empty,report,249.tiff,3,default_51,True,
seed_annulus_empty,report,249.tiff,3,hem_rect_fill,True,
seed_annulus_empty,report,249.tiff,3,hem_rect_fill,True,
seed_annulus_empty,report,249.tiff,3,hem_rect_fill_1um,True,
seed_annulus_empty,report,249.tiff,3,hem_rect_fill_1um,True,
seed_annulus_empty,report,249.tiff,3,hem_mask_fill_1um,True,
seed_annulus_empty,report,249.tiff,3,hem_mask_fill_1um,True,
seed_annulus_empty,report,249.tiff,4,default_51,True,
seed_annulus_empty,report,249.tiff,4,default_51,True,
seed_annulus_empty,report,249.tiff,4,hem_rect_fill,True,
seed_annulus_empty,report,249.tiff,4,hem_rect_fill,True,
seed_annulus_empty,report,249.tiff,4,hem_rect_fill_1um,True,
seed_annulus_empty,report,249.tiff,4,hem_rect_fill_1um,True,
seed_annulus_empty,report,249.tiff,4,hem_mask_fill_1um,True,
seed_annulus_empty,report,249.tiff,4,hem_mask_fill_1um,True,
seed_annulus_empty,report,249.tiff,5,default_51,True,
seed_annulus_empty,report,249.tiff,5,default_51,True,
seed_annulus_empty,report,249.tiff,5,hem_rect_fill,True,
seed_annulus_empty,report,249.tiff,5,hem_rect_fill,True,
seed_annulus_empty,report,249.tiff,5,hem_rect_fill_1um,True,
seed_annulus_empty,report,249.tiff,5,hem_rect_fill_1um,True,
seed_annulus_empty,report,249.tiff,5,hem_mask_fill_1um,True,
seed_annulus_empty,report,249.tiff,5,hem_mask_fill_1um,True,
seed_annulus_empty,report,284.tiff,0,default_51,True,
seed_annulus_empty,report,284.tiff,0,default_51,True,
seed_annulus_empty,report,284.tiff,0,hem_rect_fill,True,
seed_annulus_empty,report,284.tiff,0,hem_rect_fill,True,
seed_annulus_empty,report,284.tiff,0,hem_rect_fill_1um,True,
seed_annulus_empty,report,284.tiff,0,hem_rect_fill_1um,True,
seed_annulus_empty,report,284.tiff,0,hem_mask_fill_1um,True,
seed_annulus_empty,report,284.tiff,0,hem_mask_fill_1um,True,
seed_annulus_empty,report,284.tiff,1,default_51,True,
seed_annulus_empty,report,284.tiff,1,default_51,True,
seed_annulus_empty,report,284.tiff,1,hem_rect_fill,True,
seed_annulus_empty,report,284.tiff,1,hem_rect_fill,True,
seed_annulus_empty,report,284.tiff,1,hem_rect_fill_1um,True,
seed_annulus_empty,report,284.tiff,1,hem_rect_fill_1um,True,
seed_annulus_empty,report,284.tiff,1,hem_mask_fill_1um,True,
seed_annulus_empty,report,284.tiff,1,hem_mask_fill_1um,True,
seed_annulus_empty,report,284.tiff,2,default_51,True,
seed_annulus_empty,report,284.tiff,2,default_51,True,
seed_annulus_empty,report,284.tiff,2,hem_rect_fill,True,
seed_annulus_empty,report,284.tiff,2,hem_rect_fill,True,
seed_annulus_empty,report,284.tiff,2,hem_rect_fill_1um,True,
seed_annulus_empty,report,284.tiff,2,hem_rect_fill_1um,True,
seed_annulus_empty,report,284.tiff,2,hem_mask_fill_1um,True,
seed_annulus_empty,report,284.tiff,2,hem_mask_fill_1um,True,
seed_annulus_empty,report,284.tiff,3,default_51,True,
seed_annulus_empty,report,284.tiff,3,default_51,True,
seed_annulus_empty,report,284.tiff,3,hem_rect_fill,True,
seed_annulus_empty,report,284.tiff,3,hem_rect_fill,True,
seed_annulus_empty,report,284.tiff,3,hem_rect_fill_1um,True,
seed_annulus_empty,report,284.tiff,3,hem_rect_fill_1um,True,
seed_annulus_empty,report,284.tiff,3,hem_mask_fill_1um,True,
seed_annulus_empty,report,284.tiff,3,hem_mask_fill_1um,True,
seed_annulus_empty,report,284.tiff,4,default_51,True,
seed_annulus_empty,report,284.tiff,4,default_51,True,
seed_annulus_empty,report,284.tiff,4,hem_rect_fill,True,
seed_annulus_empty,report,284.tiff,4,hem_rect_fill,True,
seed_annulus_empty,report,284.tiff,4,hem_rect_fill_1um,True,
seed_annulus_empty,report,284.tiff,4,hem_rect_fill_1um,True,
seed_annulus_empty,report,284.tiff,4,hem_mask_fill_1um,True,
seed_annulus_empty,report,284.tiff,4,hem_mask_fill_1um,True,
seed_annulus_empty,report,284.tiff,5,default_51,True,
seed_annulus_empty,report,284.tiff,5,default_51,True,
seed_annulus_empty,report,284.tiff,5,hem_rect_fill,True,
seed_annulus_empty,report,284.tiff,5,hem_rect_fill,True,
seed_annulus_empty,report,284.tiff,5,hem_rect_fill_1um,True,
seed_annulus_empty,report,284.tiff,5,hem_rect_fill_1um,True,
seed_annulus_empty,report,284.tiff,5,hem_mask_fill_1um,True,
seed_annulus_empty,report,284.tiff,5,hem_mask_fill_1um,True,
seed_annulus_empty,report,289.tiff,0,default_51,True,
seed_annulus_empty,report,289.tiff,0,default_51,True,
seed_annulus_empty,report,289.tiff,0,hem_rect_fill,True,
seed_annulus_empty,report,289.tiff,0,hem_rect_fill,True,
seed_annulus_empty,report,289.tiff,0,hem_rect_fill_1um,True,
seed_annulus_empty,report,289.tiff,0,hem_rect_fill_1um,True,
seed_annulus_empty,report,289.tiff,0,hem_mask_fill_1um,True,
seed_annulus_empty,report,289.tiff,0,hem_mask_fill_1um,True,
seed_annulus_empty,report,289.tiff,1,default_51,True,
seed_annulus_empty,report,289.tiff,1,default_51,True,
seed_annulus_empty,report,289.tiff,1,hem_rect_fill,True,
seed_annulus_empty,report,289.tiff,1,hem_rect_fill,True,
seed_annulus_empty,report,289.tiff,1,hem_rect_fill_1um,True,
seed_annulus_empty,report,289.tiff,1,hem_rect_fill_1um,True,
seed_annulus_empty,report,289.tiff,1,hem_mask_fill_1um,True,
seed_annulus_empty,report,289.tiff,1,hem_mask_fill_1um,True,
seed_annulus_empty,report,289.tiff,2,default_51,True,
seed_annulus_empty,report,289.tiff,2,default_51,True,
seed_annulus_empty,report,289.tiff,2,hem_rect_fill,True,
seed_annulus_empty,report,289.tiff,2,hem_rect_fill,True,
seed_annulus_empty,report,289.tiff,2,hem_rect_fill_1um,True,
seed_annulus_empty,report,289.tiff,2,hem_rect_fill_1um,True,
seed_annulus_empty,report,289.tiff,2,hem_mask_fill_1um,True,
seed_annulus_empty,report,289.tiff,2,hem_mask_fill_1um,True,
seed_annulus_empty,report,289.tiff,3,default_51,True,
seed_annulus_empty,report,289.tiff,3,default_51,True,
seed_annulus_empty,report,289.tiff,3,hem_rect_fill,True,
seed_annulus_empty,report,289.tiff,3,hem_rect_fill,True,
seed_annulus_empty,report,289.tiff,3,hem_rect_fill_1um,True,
seed_annulus_empty,report,289.tiff,3,hem_rect_fill_1um,True,
seed_annulus_empty,report,289.tiff,3,hem_mask_fill_1um,True,
seed_annulus_empty,report,289.tiff,3,hem_mask_fill_1um,True,
seed_annulus_empty,report,289.tiff,4,default_51,True,
seed_annulus_empty,report,289.tiff,4,default_51,True,
seed_annulus_empty,report,289.tiff,4,hem_rect_fill,True,
seed_annulus_empty,report,289.tiff,4,hem_rect_fill,True,
seed_annulus_empty,report,289.tiff,4,hem_rect_fill_1um,True,
seed_annulus_empty,report,289.tiff,4,hem_rect_fill_1um,True,
seed_annulus_empty,report,289.tiff,4,hem_mask_fill_1um,True,
seed_annulus_empty,report,289.tiff,4,hem_mask_fill_1um,True,
seed_annulus_empty,report,289.tiff,5,default_51,True,
seed_annulus_empty,report,289.tiff,5,default_51,True,
seed_annulus_empty,report,289.tiff,5,hem_rect_fill,True,
seed_annulus_empty,report,289.tiff,5,hem_rect_fill,True,
seed_annulus_empty,report,289.tiff,5,hem_rect_fill_1um,True,
seed_annulus_empty,report,289.tiff,5,hem_rect_fill_1um,True,
seed_annulus_empty,report,289.tiff,5,hem_mask_fill_1um,True,
seed_annulus_empty,report,289.tiff,5,hem_mask_fill_1um,True,
seed_annulus_empty,report,291.tiff,0,default_51,True,
seed_annulus_empty,report,291.tiff,0,default_51,True,
seed_annulus_empty,report,291.tiff,0,hem_rect_fill,True,
seed_annulus_empty,report,291.tiff,0,hem_rect_fill,True,
seed_annulus_empty,report,291.tiff,0,hem_rect_fill_1um,True,
seed_annulus_empty,report,291.tiff,0,hem_rect_fill_1um,True,
seed_annulus_empty,report,291.tiff,0,hem_mask_fill_1um,True,
seed_annulus_empty,report,291.tiff,0,hem_mask_fill_1um,True,
seed_annulus_empty,report,291.tiff,1,default_51,True,
seed_annulus_empty,report,291.tiff,1,default_51,True,
seed_annulus_empty,report,291.tiff,1,hem_rect_fill,True,
seed_annulus_empty,report,291.tiff,1,hem_rect_fill,True,
seed_annulus_empty,report,291.tiff,1,hem_rect_fill_1um,True,
seed_annulus_empty,report,291.tiff,1,hem_rect_fill_1um,True,
seed_annulus_empty,report,291.tiff,1,hem_mask_fill_1um,True,
seed_annulus_empty,report,291.tiff,1,hem_mask_fill_1um,True,
seed_annulus_empty,report,291.tiff,2,default_51,True,
seed_annulus_empty,report,291.tiff,2,default_51,True,
seed_annulus_empty,report,291.tiff,2,hem_rect_fill,True,
seed_annulus_empty,report,291.tiff,2,hem_rect_fill,True,
seed_annulus_empty,report,291.tiff,2,hem_rect_fill_1um,True,
seed_annulus_empty,report,291.tiff,2,hem_rect_fill_1um,True,
seed_annulus_empty,report,291.tiff,2,hem_mask_fill_1um,True,
seed_annulus_empty,report,291.tiff,2,hem_mask_fill_1um,True,
seed_annulus_empty,report,291.tiff,3,default_51,True,
seed_annulus_empty,report,291.tiff,3,default_51,True,
seed_annulus_empty,report,291.tiff,3,hem_rect_fill,True,
seed_annulus_empty,report,291.tiff,3,hem_rect_fill,True,
seed_annulus_empty,report,291.tiff,3,hem_rect_fill_1um,True,
seed_annulus_empty,report,291.tiff,3,hem_rect_fill_1um,True,
seed_annulus_empty,report,291.tiff,3,hem_mask_fill_1um,True,
seed_annulus_empty,report,291.tiff,3,hem_mask_fill_1um,True,
seed_annulus_empty,report,291.tiff,4,default_51,True,
seed_annulus_empty,report,291.tiff,4,default_51,True,
seed_annulus_empty,report,291.tiff,4,hem_rect_fill,True,
seed_annulus_empty,report,291.tiff,4,hem_rect_fill,True,
seed_annulus_empty,report,291.tiff,4,hem_rect_fill_1um,True,
seed_annulus_empty,report,291.tiff,4,hem_rect_fill_1um,True,
seed_annulus_empty,report,291.tiff,4,hem_mask_fill_1um,True,
seed_annulus_empty,report,291.tiff,4,hem_mask_fill_1um,True,
seed_annulus_empty,report,291.tiff,5,default_51,True,
seed_annulus_empty,report,291.tiff,5,default_51,True,
seed_annulus_empty,report,291.tiff,5,hem_rect_fill,True,
seed_annulus_empty,report,291.tiff,5,hem_rect_fill,True,
seed_annulus_empty,report,291.tiff,5,hem_rect_fill_1um,True,
seed_annulus_empty,report,291.tiff,5,hem_rect_fill_1um,True,
seed_annulus_empty,report,291.tiff,5,hem_mask_fill_1um,True,
seed_annulus_empty,report,291.tiff,5,hem_mask_fill_1um,True,
seed_annulus_empty,report,293.tiff,0,default_51,True,
seed_annulus_empty,report,293.tiff,0,default_51,True,
seed_annulus_empty,report,293.tiff,0,hem_rect_fill,True,
seed_annulus_empty,report,293.tiff,0,hem_rect_fill,True,
seed_annulus_empty,report,293.tiff,0,hem_rect_fill_1um,True,
seed_annulus_empty,report,293.tiff,0,hem_rect_fill_1um,True,
seed_annulus_empty,report,293.tiff,0,hem_mask_fill_1um,True,
seed_annulus_empty,report,293.tiff,0,hem_mask_fill_1um,True,
seed_annulus_empty,report,293.tiff,1,default_51,True,
seed_annulus_empty,report,293.tiff,1,default_51,True,
seed_annulus_empty,report,293.tiff,1,hem_rect_fill,True,
seed_annulus_empty,report,293.tiff,1,hem_rect_fill,True,
seed_annulus_empty,report,293.tiff,1,hem_rect_fill_1um,True,
seed_annulus_empty,report,293.tiff,1,hem_rect_fill_1um,True,
seed_annulus_empty,report,293.tiff,1,hem_mask_fill_1um,True,
seed_annulus_empty,report,293.tiff,1,hem_mask_fill_1um,True,
seed_annulus_empty,report,293.tiff,2,default_51,True,
seed_annulus_empty,report,293.tiff,2,default_51,True,
seed_annulus_empty,report,293.tiff,2,hem_rect_fill,True,
seed_annulus_empty,report,293.tiff,2,hem_rect_fill,True,
seed_annulus_empty,report,293.tiff,2,hem_rect_fill_1um,True,
seed_annulus_empty,report,293.tiff,2,hem_rect_fill_1um,True,
seed_annulus_empty,report,293.tiff,2,hem_mask_fill_1um,True,
seed_annulus_empty,report,293.tiff,2,hem_mask_fill_1um,True,
seed_annulus_empty,report,293.tiff,3,default_51,True,
seed_annulus_empty,report,293.tiff,3,default_51,True,
seed_annulus_empty,report,293.tiff,3,hem_rect_fill,True,
seed_annulus_empty,report,293.tiff,3,hem_rect_fill,True,
seed_annulus_empty,report,293.tiff,3,hem_rect_fill_1um,True,
seed_annulus_empty,report,293.tiff,3,hem_rect_fill_1um,True,
seed_annulus_empty,report,293.tiff,3,hem_mask_fill_1um,True,
seed_annulus_empty,report,293.tiff,3,hem_mask_fill_1um,True,
seed_annulus_empty,report,293.tiff,4,default_51,True,
seed_annulus_empty,report,293.tiff,4,default_51,True,
seed_annulus_empty,report,293.tiff,4,hem_rect_fill,True,
seed_annulus_empty,report,293.tiff,4,hem_rect_fill,True,
seed_annulus_empty,report,293.tiff,4,hem_rect_fill_1um,True,
seed_annulus_empty,report,293.tiff,4,hem_rect_fill_1um,True,
seed_annulus_empty,report,293.tiff,4,hem_mask_fill_1um,True,
seed_annulus_empty,report,293.tiff,4,hem_mask_fill_1um,True,
seed_annulus_empty,report,293.tiff,5,default_51,True,
seed_annulus_empty,report,293.tiff,5,default_51,True,
seed_annulus_empty,report,293.tiff,5,hem_rect_fill,True,
seed_annulus_empty,report,293.tiff,5,hem_rect_fill,True,
seed_annulus_empty,report,293.tiff,5,hem_rect_fill_1um,True,
seed_annulus_empty,report,293.tiff,5,hem_rect_fill_1um,True,
seed_annulus_empty,report,293.tiff,5,hem_mask_fill_1um,True,
seed_annulus_empty,report,293.tiff,5,hem_mask_fill_1um,True,
seed_annulus_empty,report,459.tiff,0,default_51,True,
seed_annulus_empty,report,459.tiff,0,default_51,True,
seed_annulus_empty,report,459.tiff,0,hem_rect_fill,True,
seed_annulus_empty,report,459.tiff,0,hem_rect_fill,True,
seed_annulus_empty,report,459.tiff,0,hem_rect_fill_1um,True,
seed_annulus_empty,report,459.tiff,0,hem_rect_fill_1um,True,
seed_annulus_empty,report,459.tiff,0,hem_mask_fill_1um,True,
seed_annulus_empty,report,459.tiff,0,hem_mask_fill_1um,True,
seed_annulus_empty,report,459.tiff,1,default_51,True,
seed_annulus_empty,report,459.tiff,1,default_51,True,
seed_annulus_empty,report,459.tiff,1,hem_rect_fill,True,
seed_annulus_empty,report,459.tiff,1,hem_rect_fill,True,
seed_annulus_empty,report,459.tiff,1,hem_rect_fill_1um,True,
seed_annulus_empty,report,459.tiff,1,hem_rect_fill_1um,True,
seed_annulus_empty,report,459.tiff,1,hem_mask_fill_1um,True,
seed_annulus_empty,report,459.tiff,1,hem_mask_fill_1um,True,
seed_annulus_empty,report,459.tiff,2,default_51,True,
seed_annulus_empty,report,459.tiff,2,default_51,True,
seed_annulus_empty,report,459.tiff,2,hem_rect_fill,True,
seed_annulus_empty,report,459.tiff,2,hem_rect_fill,True,
seed_annulus_empty,report,459.tiff,2,hem_rect_fill_1um,True,
seed_annulus_empty,report,459.tiff,2,hem_rect_fill_1um,True,
seed_annulus_empty,report,459.tiff,2,hem_mask_fill_1um,True,
seed_annulus_empty,report,459.tiff,2,hem_mask_fill_1um,True,
seed_annulus_empty,report,459.tiff,3,default_51,True,
seed_annulus_empty,report,459.tiff,3,default_51,True,
seed_annulus_empty,report,459.tiff,3,hem_rect_fill,True,
seed_annulus_empty,report,459.tiff,3,hem_rect_fill,True,
seed_annulus_empty,report,459.tiff,3,hem_rect_fill_1um,True,
seed_annulus_empty,report,459.tiff,3,hem_rect_fill_1um,True,
seed_annulus_empty,report,459.tiff,3,hem_mask_fill_1um,True,
seed_annulus_empty,report,459.tiff,3,hem_mask_fill_1um,True,
seed_annulus_empty,report,459.tiff,4,default_51,True,
seed_annulus_empty,report,459.tiff,4,default_51,True,
seed_annulus_empty,report,459.tiff,4,hem_rect_fill,True,
seed_annulus_empty,report,459.tiff,4,hem_rect_fill,True,
seed_annulus_empty,report,459.tiff,4,hem_rect_fill_1um,True,
seed_annulus_empty,report,459.tiff,4,hem_rect_fill_1um,True,
seed_annulus_empty,report,459.tiff,4,hem_mask_fill_1um,True,
seed_annulus_empty,report,459.tiff,4,hem_mask_fill_1um,True,
seed_annulus_empty,report,459.tiff,5,default_51,True,
seed_annulus_empty,report,459.tiff,5,default_51,True,
seed_annulus_empty,report,459.tiff,5,hem_rect_fill,True,
seed_annulus_empty,report,459.tiff,5,hem_rect_fill,True,
seed_annulus_empty,report,459.tiff,5,hem_rect_fill_1um,True,
seed_annulus_empty,report,459.tiff,5,hem_rect_fill_1um,True,
seed_annulus_empty,report,459.tiff,5,hem_mask_fill_1um,True,
seed_annulus_empty,report,459.tiff,5,hem_mask_fill_1um,True,
seed_annulus_empty,report,460.tiff,0,default_51,True,
seed_annulus_empty,report,460.tiff,0,default_51,True,
seed_annulus_empty,report,460.tiff,0,hem_rect_fill,True,
seed_annulus_empty,report,460.tiff,0,hem_rect_fill,True,
seed_annulus_empty,report,460.tiff,0,hem_rect_fill_1um,True,
seed_annulus_empty,report,460.tiff,0,hem_rect_fill_1um,True,
seed_annulus_empty,report,460.tiff,0,hem_mask_fill_1um,True,
seed_annulus_empty,report,460.tiff,0,hem_mask_fill_1um,True,
seed_annulus_empty,report,460.tiff,1,default_51,True,
seed_annulus_empty,report,460.tiff,1,default_51,True,
seed_annulus_empty,report,460.tiff,1,hem_rect_fill,True,
seed_annulus_empty,report,460.tiff,1,hem_rect_fill,True,
seed_annulus_empty,report,460.tiff,1,hem_rect_fill_1um,True,
seed_annulus_empty,report,460.tiff,1,hem_rect_fill_1um,True,
seed_annulus_empty,report,460.tiff,1,hem_mask_fill_1um,True,
seed_annulus_empty,report,460.tiff,1,hem_mask_fill_1um,True,
seed_annulus_empty,report,460.tiff,2,default_51,True,
seed_annulus_empty,report,460.tiff,2,default_51,True,
seed_annulus_empty,report,460.tiff,2,hem_rect_fill,True,
seed_annulus_empty,report,460.tiff,2,hem_rect_fill,True,
seed_annulus_empty,report,460.tiff,2,hem_rect_fill_1um,True,
seed_annulus_empty,report,460.tiff,2,hem_rect_fill_1um,True,
seed_annulus_empty,report,460.tiff,2,hem_mask_fill_1um,True,
seed_annulus_empty,report,460.tiff,2,hem_mask_fill_1um,True,
seed_annulus_empty,report,460.tiff,3,default_51,True,
seed_annulus_empty,report,460.tiff,3,default_51,True,
seed_annulus_empty,report,460.tiff,3,hem_rect_fill,True,
seed_annulus_empty,report,460.tiff,3,hem_rect_fill,True,
seed_annulus_empty,report,460.tiff,3,hem_rect_fill_1um,True,
seed_annulus_empty,report,460.tiff,3,hem_rect_fill_1um,True,
seed_annulus_empty,report,460.tiff,3,hem_mask_fill_1um,True,
seed_annulus_empty,report,460.tiff,3,hem_mask_fill_1um,True,
seed_annulus_empty,report,460.tiff,4,default_51,True,
seed_annulus_empty,report,460.tiff,4,default_51,True,
seed_annulus_empty,report,460.tiff,4,hem_rect_fill,True,
seed_annulus_empty,report,460.tiff,4,hem_rect_fill,True,
seed_annulus_empty,report,460.tiff,4,hem_rect_fill_1um,True,
seed_annulus_empty,report,460.tiff,4,hem_rect_fill_1um,True,
seed_annulus_empty,report,460.tiff,4,hem_mask_fill_1um,True,
seed_annulus_empty,report,460.tiff,4,hem_mask_fill_1um,True,
seed_annulus_empty,report,460.tiff,5,default_51,True,
seed_annulus_empty,report,460.tiff,5,default_51,True,
seed_annulus_empty,report,460.tiff,5,hem_rect_fill,True,
seed_annulus_empty,report,460.tiff,5,hem_rect_fill,True,
seed_annulus_empty,report,460.tiff,5,hem_rect_fill_1um,True,
seed_annulus_empty,report,460.tiff,5,hem_rect_fill_1um,True,
seed_annulus_empty,report,460.tiff,5,hem_mask_fill_1um,True,
seed_annulus_empty,report,460.tiff,5,hem_mask_fill_1um,True,
seed_annulus_empty,report,410.tiff,0,default_51,True,
seed_annulus_empty,report,410.tiff,0,default_51,True,
seed_annulus_empty,report,410.tiff,0,hem_rect_fill,True,
seed_annulus_empty,report,410.tiff,0,hem_rect_fill,True,
seed_annulus_empty,report,410.tiff,0,hem_rect_fill_1um,True,
seed_annulus_empty,report,410.tiff,0,hem_rect_fill_1um,True,
seed_annulus_empty,report,410.tiff,0,hem_mask_fill_1um,True,
seed_annulus_empty,report,410.tiff,0,hem_mask_fill_1um,True,
seed_annulus_empty,report,410.tiff,1,default_51,True,
seed_annulus_empty,report,410.tiff,1,default_51,True,
seed_annulus_empty,report,410.tiff,1,hem_rect_fill,True,
seed_annulus_empty,report,410.tiff,1,hem_rect_fill,True,
seed_annulus_empty,report,410.tiff,1,hem_rect_fill_1um,True,
seed_annulus_empty,report,410.tiff,1,hem_rect_fill_1um,True,
seed_annulus_empty,report,410.tiff,1,hem_mask_fill_1um,True,
seed_annulus_empty,report,410.tiff,1,hem_mask_fill_1um,True,
seed_annulus_empty,report,410.tiff,2,default_51,True,
seed_annulus_empty,report,410.tiff,2,default_51,True,
seed_annulus_empty,report,410.tiff,2,hem_rect_fill,True,
seed_annulus_empty,report,410.tiff,2,hem_rect_fill,True,
seed_annulus_empty,report,410.tiff,2,hem_rect_fill_1um,True,
seed_annulus_empty,report,410.tiff,2,hem_rect_fill_1um,True,
seed_annulus_empty,report,410.tiff,2,hem_mask_fill_1um,True,
seed_annulus_empty,report,410.tiff,2,hem_mask_fill_1um,True,
seed_annulus_empty,report,410.tiff,3,default_51,True,
seed_annulus_empty,report,410.tiff,3,default_51,True,
seed_annulus_empty,report,410.tiff,3,hem_rect_fill,True,
seed_annulus_empty,report,410.tiff,3,hem_rect_fill,True,
seed_annulus_empty,report,410.tiff,3,hem_rect_fill_1um,True,
seed_annulus_empty,report,410.tiff,3,hem_rect_fill_1um,True,
seed_annulus_empty,report,410.tiff,3,hem_mask_fill_1um,True,
seed_annulus_empty,report,410.tiff,3,hem_mask_fill_1um,True,
seed_annulus_empty,report,410.tiff,4,default_51,True,
seed_annulus_empty,report,410.tiff,4,default_51,True,
seed_annulus_empty,report,410.tiff,4,hem_rect_fill,True,
seed_annulus_empty,report,410.tiff,4,hem_rect_fill,True,
seed_annulus_empty,report,410.tiff,4,hem_rect_fill_1um,True,
seed_annulus_empty,report,410.tiff,4,hem_rect_fill_1um,True,
seed_annulus_empty,report,410.tiff,4,hem_mask_fill_1um,True,
seed_annulus_empty,report,410.tiff,4,hem_mask_fill_1um,True,
seed_annulus_empty,report,410.tiff,5,default_51,True,
seed_annulus_empty,report,410.tiff,5,default_51,True,
seed_annulus_empty,report,410.tiff,5,hem_rect_fill,True,
seed_annulus_empty,report,410.tiff,5,hem_rect_fill,True,
seed_annulus_empty,report,410.tiff,5,hem_rect_fill_1um,True,
seed_annulus_empty,report,410.tiff,5,hem_rect_fill_1um,True,
seed_annulus_empty,report,410.tiff,5,hem_mask_fill_1um,True,
seed_annulus_empty,report,410.tiff,5,hem_mask_fill_1um,True,
seed_annulus_empty,report,425.tiff,0,default_51,True,
seed_annulus_empty,report,425.tiff,0,default_51,True,
seed_annulus_empty,report,425.tiff,0,hem_rect_fill,True,
seed_annulus_empty,report,425.tiff,0,hem_rect_fill,True,
seed_annulus_empty,report,425.tiff,0,hem_rect_fill_1um,True,
seed_annulus_empty,report,425.tiff,0,hem_rect_fill_1um,True,
seed_annulus_empty,report,425.tiff,0,hem_mask_fill_1um,True,
seed_annulus_empty,report,425.tiff,0,hem_mask_fill_1um,True,
seed_annulus_empty,report,425.tiff,1,default_51,True,
seed_annulus_empty,report,425.tiff,1,default_51,True,
seed_annulus_empty,report,425.tiff,1,hem_rect_fill,True,
seed_annulus_empty,report,425.tiff,1,hem_rect_fill,True,
seed_annulus_empty,report,425.tiff,1,hem_rect_fill_1um,True,
seed_annulus_empty,report,425.tiff,1,hem_rect_fill_1um,True,
seed_annulus_empty,report,425.tiff,1,hem_mask_fill_1um,True,
seed_annulus_empty,report,425.tiff,1,hem_mask_fill_1um,True,
seed_annulus_empty,report,425.tiff,2,default_51,True,
seed_annulus_empty,report,425.tiff,2,default_51,True,
seed_annulus_empty,report,425.tiff,2,hem_rect_fill,True,
seed_annulus_empty,report,425.tiff,2,hem_rect_fill,True,
seed_annulus_empty,report,425.tiff,2,hem_rect_fill_1um,True,
seed_annulus_empty,report,425.tiff,2,hem_rect_fill_1um,True,
seed_annulus_empty,report,425.tiff,2,hem_mask_fill_1um,True,
seed_annulus_empty,report,425.tiff,2,hem_mask_fill_1um,True,
seed_annulus_empty,report,425.tiff,3,default_51,True,
seed_annulus_empty,report,425.tiff,3,default_51,True,
seed_annulus_empty,report,425.tiff,3,hem_rect_fill,True,
seed_annulus_empty,report,425.tiff,3,hem_rect_fill,True,
seed_annulus_empty,report,425.tiff,3,hem_rect_fill_1um,True,
seed_annulus_empty,report,425.tiff,3,hem_rect_fill_1um,True,
seed_annulus_empty,report,425.tiff,3,hem_mask_fill_1um,True,
seed_annulus_empty,report,425.tiff,3,hem_mask_fill_1um,True,
seed_annulus_empty,report,425.tiff,4,default_51,True,
seed_annulus_empty,report,425.tiff,4,default_51,True,
seed_annulus_empty,report,425.tiff,4,hem_rect_fill,True,
seed_annulus_empty,report,425.tiff,4,hem_rect_fill,True,
seed_annulus_empty,report,425.tiff,4,hem_rect_fill_1um,True,
seed_annulus_empty,report,425.tiff,4,hem_rect_fill_1um,True,
seed_annulus_empty,report,425.tiff,4,hem_mask_fill_1um,True,
seed_annulus_empty,report,425.tiff,4,hem_mask_fill_1um,True,
seed_annulus_empty,report,425.tiff,5,default_51,True,
seed_annulus_empty,report,425.tiff,5,default_51,True,
seed_annulus_empty,report,425.tiff,5,hem_rect_fill,True,
seed_annulus_empty,report,425.tiff,5,hem_rect_fill,True,
seed_annulus_empty,report,425.tiff,5,hem_rect_fill_1um,True,
seed_annulus_empty,report,425.tiff,5,hem_rect_fill_1um,True,
seed_annulus_empty,report,425.tiff,5,hem_mask_fill_1um,True,
seed_annulus_empty,report,425.tiff,5,hem_mask_fill_1um,True,
seed_annulus_empty,report,435.tiff,0,default_51,True,
seed_annulus_empty,report,435.tiff,0,default_51,True,
seed_annulus_empty,report,435.tiff,0,hem_rect_fill,True,
seed_annulus_empty,report,435.tiff,0,hem_rect_fill,True,
seed_annulus_empty,report,435.tiff,0,hem_rect_fill_1um,True,
seed_annulus_empty,report,435.tiff,0,hem_rect_fill_1um,True,
seed_annulus_empty,report,435.tiff,0,hem_mask_fill_1um,True,
seed_annulus_empty,report,435.tiff,0,hem_mask_fill_1um,True,
seed_annulus_empty,report,435.tiff,1,default_51,True,
seed_annulus_empty,report,435.tiff,1,default_51,True,
seed_annulus_empty,report,435.tiff,1,hem_rect_fill,True,
seed_annulus_empty,report,435.tiff,1,hem_rect_fill,True,
seed_annulus_empty,report,435.tiff,1,hem_rect_fill_1um,True,
seed_annulus_empty,report,435.tiff,1,hem_rect_fill_1um,True,
seed_annulus_empty,report,435.tiff,1,hem_mask_fill_1um,True,
seed_annulus_empty,report,435.tiff,1,hem_mask_fill_1um,True,
seed_annulus_empty,report,435.tiff,2,default_51,True,
seed_annulus_empty,report,435.tiff,2,default_51,True,
seed_annulus_empty,report,435.tiff,2,hem_rect_fill,True,
seed_annulus_empty,report,435.tiff,2,hem_rect_fill,True,
seed_annulus_empty,report,435.tiff,2,hem_rect_fill_1um,True,
seed_annulus_empty,report,435.tiff,2,hem_rect_fill_1um,True,
seed_annulus_empty,report,435.tiff,2,hem_mask_fill_1um,True,
seed_annulus_empty,report,435.tiff,2,hem_mask_fill_1um,True,
seed_annulus_empty,report,435.tiff,3,default_51,True,
seed_annulus_empty,report,435.tiff,3,default_51,True,
seed_annulus_empty,report,435.tiff,3,hem_rect_fill,True,
seed_annulus_empty,report,435.tiff,3,hem_rect_fill,True,
seed_annulus_empty,report,435.tiff,3,hem_rect_fill_1um,True,
seed_annulus_empty,report,435.tiff,3,hem_rect_fill_1um,True,
seed_annulus_empty,report,435.tiff,3,hem_mask_fill_1um,True,
seed_annulus_empty,report,435.tiff,3,hem_mask_fill_1um,True,
seed_annulus_empty,report,435.tiff,4,default_51,True,
seed_annulus_empty,report,435.tiff,4,default_51,True,
seed_annulus_empty,report,435.tiff,4,hem_rect_fill,True,
seed_annulus_empty,report,435.tiff,4,hem_rect_fill,True,
seed_annulus_empty,report,435.tiff,4,hem_rect_fill_1um,True,
seed_annulus_empty,report,435.tiff,4,hem_rect_fill_1um,True,
seed_annulus_empty,report,435.tiff,4,hem_mask_fill_1um,True,
seed_annulus_empty,report,435.tiff,4,hem_mask_fill_1um,True,
seed_annulus_empty,report,435.tiff,5,default_51,True,
seed_annulus_empty,report,435.tiff,5,default_51,True,
seed_annulus_empty,report,435.tiff,5,hem_rect_fill,True,
seed_annulus_empty,report,435.tiff,5,hem_rect_fill,True,
seed_annulus_empty,report,435.tiff,5,hem_rect_fill_1um,True,
seed_annulus_empty,report,435.tiff,5,hem_rect_fill_1um,True,
seed_annulus_empty,report,435.tiff,5,hem_mask_fill_1um,True,
seed_annulus_empty,report,435.tiff,5,hem_mask_fill_1um,True,
seed_annulus_empty,report,462.tiff,0,default_51,True,
seed_annulus_empty,report,462.tiff,0,default_51,True,
seed_annulus_empty,report,462.tiff,0,hem_rect_fill,True,
seed_annulus_empty,report,462.tiff,0,hem_rect_fill,True,
seed_annulus_empty,report,462.tiff,0,hem_rect_fill_1um,True,
seed_annulus_empty,report,462.tiff,0,hem_rect_fill_1um,True,
seed_annulus_empty,report,462.tiff,0,hem_mask_fill_1um,True,
seed_annulus_empty,report,462.tiff,0,hem_mask_fill_1um,True,
seed_annulus_empty,report,462.tiff,1,default_51,True,
seed_annulus_empty,report,462.tiff,1,default_51,True,
seed_annulus_empty,report,462.tiff,1,hem_rect_fill,True,
seed_annulus_empty,report,462.tiff,1,hem_rect_fill,True,
seed_annulus_empty,report,462.tiff,1,hem_rect_fill_1um,True,
seed_annulus_empty,report,462.tiff,1,hem_rect_fill_1um,True,
seed_annulus_empty,report,462.tiff,1,hem_mask_fill_1um,True,
seed_annulus_empty,report,462.tiff,1,hem_mask_fill_1um,True,
seed_annulus_empty,report,462.tiff,2,default_51,True,
seed_annulus_empty,report,462.tiff,2,default_51,True,
seed_annulus_empty,report,462.tiff,2,hem_rect_fill,True,
seed_annulus_empty,report,462.tiff,2,hem_rect_fill,True,
seed_annulus_empty,report,462.tiff,2,hem_rect_fill_1um,True,
seed_annulus_empty,report,462.tiff,2,hem_rect_fill_1um,True,
seed_annulus_empty,report,462.tiff,2,hem_mask_fill_1um,True,
seed_annulus_empty,report,462.tiff,2,hem_mask_fill_1um,True,
seed_annulus_empty,report,462.tiff,3,default_51,True,
seed_annulus_empty,report,462.tiff,3,default_51,True,
seed_annulus_empty,report,462.tiff,3,hem_rect_fill,True,
seed_annulus_empty,report,462.tiff,3,hem_rect_fill,True,
seed_annulus_empty,report,462.tiff,3,hem_rect_fill_1um,True,
seed_annulus_empty,report,462.tiff,3,hem_rect_fill_1um,True,
seed_annulus_empty,report,462.tiff,3,hem_mask_fill_1um,True,
seed_annulus_empty,report,462.tiff,3,hem_mask_fill_1um,True,
seed_annulus_empty,report,462.tiff,4,default_51,True,
seed_annulus_empty,report,462.tiff,4,default_51,True,
seed_annulus_empty,report,462.tiff,4,hem_rect_fill,True,
seed_annulus_empty,report,462.tiff,4,hem_rect_fill,True,
seed_annulus_empty,report,462.tiff,4,hem_rect_fill_1um,True,
seed_annulus_empty,report,462.tiff,4,hem_rect_fill_1um,True,
seed_annulus_empty,report,462.tiff,4,hem_mask_fill_1um,True,
seed_annulus_empty,report,462.tiff,4,hem_mask_fill_1um,True,
seed_annulus_empty,report,462.tiff,5,default_51,True,
seed_annulus_empty,report,462.tiff,5,default_51,True,
seed_annulus_empty,report,462.tiff,5,hem_rect_fill,True,
seed_annulus_empty,report,462.tiff,5,hem_rect_fill,True,
seed_annulus_empty,report,462.tiff,5,hem_rect_fill_1um,True,
seed_annulus_empty,report,462.tiff,5,hem_rect_fill_1um,True,
seed_annulus_empty,report,462.tiff,5,hem_mask_fill_1um,True,
seed_annulus_empty,report,462.tiff,5,hem_mask_fill_1um,True,
seed_annulus_empty,report,499.tiff,0,default_51,True,
seed_annulus_empty,report,499.tiff,0,default_51,True,
seed_annulus_empty,report,499.tiff,0,hem_rect_fill,True,
seed_annulus_empty,report,499.tiff,0,hem_rect_fill,True,
seed_annulus_empty,report,499.tiff,0,hem_rect_fill_1um,True,
seed_annulus_empty,report,499.tiff,0,hem_rect_fill_1um,True,
seed_annulus_empty,report,499.tiff,0,hem_mask_fill_1um,True,
seed_annulus_empty,report,499.tiff,0,hem_mask_fill_1um,True,
seed_annulus_empty,report,499.tiff,1,default_51,True,
seed_annulus_empty,report,499.tiff,1,default_51,True,
seed_annulus_empty,report,499.tiff,1,hem_rect_fill,True,
seed_annulus_empty,report,499.tiff,1,hem_rect_fill,True,
seed_annulus_empty,report,499.tiff,1,hem_rect_fill_1um,True,
seed_annulus_empty,report,499.tiff,1,hem_rect_fill_1um,True,
seed_annulus_empty,report,499.tiff,1,hem_mask_fill_1um,True,
seed_annulus_empty,report,499.tiff,1,hem_mask_fill_1um,True,
seed_annulus_empty,report,499.tiff,2,default_51,True,
seed_annulus_empty,report,499.tiff,2,default_51,True,
seed_annulus_empty,report,499.tiff,2,hem_rect_fill,True,
seed_annulus_empty,report,499.tiff,2,hem_rect_fill,True,
seed_annulus_empty,report,499.tiff,2,hem_rect_fill_1um,True,
seed_annulus_empty,report,499.tiff,2,hem_rect_fill_1um,True,
seed_annulus_empty,report,499.tiff,2,hem_mask_fill_1um,True,
seed_annulus_empty,report,499.tiff,2,hem_mask_fill_1um,True,
seed_annulus_empty,report,499.tiff,3,default_51,True,
seed_annulus_empty,report,499.tiff,3,default_51,True,
seed_annulus_empty,report,499.tiff,3,hem_rect_fill,True,
seed_annulus_empty,report,499.tiff,3,hem_rect_fill,True,
seed_annulus_empty,report,499.tiff,3,hem_rect_fill_1um,True,
seed_annulus_empty,report,499.tiff,3,hem_rect_fill_1um,True,
seed_annulus_empty,report,499.tiff,3,hem_mask_fill_1um,True,
seed_annulus_empty,report,499.tiff,3,hem_mask_fill_1um,True,
seed_annulus_empty,report,499.tiff,4,default_51,True,
seed_annulus_empty,report,499.tiff,4,default_51,True,
seed_annulus_empty,report,499.tiff,4,hem_rect_fill,True,
seed_annulus_empty,report,499.tiff,4,hem_rect_fill,True,
seed_annulus_empty,report,499.tiff,4,hem_rect_fill_1um,True,
seed_annulus_empty,report,499.tiff,4,hem_rect_fill_1um,True,
seed_annulus_empty,report,499.tiff,4,hem_mask_fill_1um,True,
seed_annulus_empty,report,499.tiff,4,hem_mask_fill_1um,True,
seed_annulus_empty,report,499.tiff,5,default_51,True,
seed_annulus_empty,report,499.tiff,5,default_51,True,
seed_annulus_empty,report,499.tiff,5,hem_rect_fill,True,
seed_annulus_empty,report,499.tiff,5,hem_rect_fill,True,
seed_annulus_empty,report,499.tiff,5,hem_rect_fill_1um,True,
seed_annulus_empty,report,499.tiff,5,hem_rect_fill_1um,True,
seed_annulus_empty,report,499.tiff,5,hem_mask_fill_1um,True,
seed_annulus_empty,report,499.tiff,5,hem_mask_fill_1um,True,
seed_annulus_empty,report,013.tiff,0,default_51,True,
seed_annulus_empty,report,013.tiff,0,default_51,True,
seed_annulus_empty,report,013.tiff,0,hem_rect_fill,True,
seed_annulus_empty,report,013.tiff,0,hem_rect_fill,True,
seed_annulus_empty,report,013.tiff,0,hem_rect_fill_1um,True,
seed_annulus_empty,report,013.tiff,0,hem_rect_fill_1um,True,
seed_annulus_empty,report,013.tiff,0,hem_mask_fill_1um,True,
seed_annulus_empty,report,013.tiff,0,hem_mask_fill_1um,True,
seed_annulus_empty,report,013.tiff,1,default_51,True,
seed_annulus_empty,report,013.tiff,1,default_51,True,
seed_annulus_empty,report,013.tiff,1,hem_rect_fill,True,
seed_annulus_empty,report,013.tiff,1,hem_rect_fill,True,
seed_annulus_empty,report,013.tiff,1,hem_rect_fill_1um,True,
seed_annulus_empty,report,013.tiff,1,hem_rect_fill_1um,True,
seed_annulus_empty,report,013.tiff,1,hem_mask_fill_1um,True,
seed_annulus_empty,report,013.tiff,1,hem_mask_fill_1um,True,
seed_annulus_empty,report,013.tiff,2,default_51,True,
seed_annulus_empty,report,013.tiff,2,default_51,True,
seed_annulus_empty,report,013.tiff,2,hem_rect_fill,True,
seed_annulus_empty,report,013.tiff,2,hem_rect_fill,True,
seed_annulus_empty,report,013.tiff,2,hem_rect_fill_1um,True,
seed_annulus_empty,report,013.tiff,2,hem_rect_fill_1um,True,
seed_annulus_empty,report,013.tiff,2,hem_mask_fill_1um,True,
seed_annulus_empty,report,013.tiff,2,hem_mask_fill_1um,True,
seed_annulus_empty,report,013.tiff,3,default_51,True,
seed_annulus_empty,report,013.tiff,3,default_51,True,
seed_annulus_empty,report,013.tiff,3,hem_rect_fill,True,
seed_annulus_empty,report,013.tiff,3,hem_rect_fill,True,
seed_annulus_empty,report,013.tiff,3,hem_rect_fill_1um,True,
seed_annulus_empty,report,013.tiff,3,hem_rect_fill_1um,True,
seed_annulus_empty,report,013.tiff,3,hem_mask_fill_1um,True,
seed_annulus_empty,report,013.tiff,3,hem_mask_fill_1um,True,
seed_annulus_empty,report,013.tiff,4,default_51,True,
seed_annulus_empty,report,013.tiff,4,default_51,True,
seed_annulus_empty,report,013.tiff,4,hem_rect_fill,True,
seed_annulus_empty,report,013.tiff,4,hem_rect_fill,True,
seed_annulus_empty,report,013.tiff,4,hem_rect_fill_1um,True,
seed_annulus_empty,report,013.tiff,4,hem_rect_fill_1um,True,
seed_annulus_empty,report,013.tiff,4,hem_mask_fill_1um,True,
seed_annulus_empty,report,013.tiff,4,hem_mask_fill_1um,True,
seed_annulus_empty,report,013.tiff,5,default_51,True,
seed_annulus_empty,report,013.tiff,5,default_51,True,
seed_annulus_empty,report,013.tiff,5,hem_rect_fill,True,
seed_annulus_empty,report,013.tiff,5,hem_rect_fill,True,
seed_annulus_empty,report,013.tiff,5,hem_rect_fill_1um,True,
seed_annulus_empty,report,013.tiff,5,hem_rect_fill_1um,True,
seed_annulus_empty,report,013.tiff,5,hem_mask_fill_1um,True,
seed_annulus_empty,report,013.tiff,5,hem_mask_fill_1um,True,
seed_annulus_empty,report,094.tiff,0,default_51,True,
seed_annulus_empty,report,094.tiff,0,default_51,True,
seed_annulus_empty,report,094.tiff,0,hem_rect_fill,True,
seed_annulus_empty,report,094.tiff,0,hem_rect_fill,True,
seed_annulus_empty,report,094.tiff,0,hem_rect_fill_1um,True,
seed_annulus_empty,report,094.tiff,0,hem_rect_fill_1um,True,
seed_annulus_empty,report,094.tiff,0,hem_mask_fill_1um,True,
seed_annulus_empty,report,094.tiff,0,hem_mask_fill_1um,True,
seed_annulus_empty,report,094.tiff,1,default_51,True,
seed_annulus_empty,report,094.tiff,1,default_51,True,
seed_annulus_empty,report,094.tiff,1,hem_rect_fill,True,
seed_annulus_empty,report,094.tiff,1,hem_rect_fill,True,
seed_annulus_empty,report,094.tiff,1,hem_rect_fill_1um,True,
seed_annulus_empty,report,094.tiff,1,hem_rect_fill_1um,True,
seed_annulus_empty,report,094.tiff,1,hem_mask_fill_1um,True,
seed_annulus_empty,report,094.tiff,1,hem_mask_fill_1um,True,
seed_annulus_empty,report,094.tiff,2,default_51,True,
seed_annulus_empty,report,094.tiff,2,default_51,True,
seed_annulus_empty,report,094.tiff,2,hem_rect_fill,True,
seed_annulus_empty,report,094.tiff,2,hem_rect_fill,True,
seed_annulus_empty,report,094.tiff,2,hem_rect_fill_1um,True,
seed_annulus_empty,report,094.tiff,2,hem_rect_fill_1um,True,
seed_annulus_empty,report,094.tiff,2,hem_mask_fill_1um,True,
seed_annulus_empty,report,094.tiff,2,hem_mask_fill_1um,True,
seed_annulus_empty,report,094.tiff,3,default_51,True,
seed_annulus_empty,report,094.tiff,3,default_51,True,
seed_annulus_empty,report,094.tiff,3,hem_rect_fill,True,
seed_annulus_empty,report,094.tiff,3,hem_rect_fill,True,
seed_annulus_empty,report,094.tiff,3,hem_rect_fill_1um,True,
seed_annulus_empty,report,094.tiff,3,hem_rect_fill_1um,True,
seed_annulus_empty,report,094.tiff,3,hem_mask_fill_1um,True,
seed_annulus_empty,report,094.tiff,3,hem_mask_fill_1um,True,
seed_annulus_empty,report,094.tiff,4,default_51,True,
seed_annulus_empty,report,094.tiff,4,default_51,True,
seed_annulus_empty,report,094.tiff,4,hem_rect_fill,True,
seed_annulus_empty,report,094.tiff,4,hem_rect_fill,True,
seed_annulus_empty,report,094.tiff,4,hem_rect_fill_1um,True,
seed_annulus_empty,report,094.tiff,4,hem_rect_fill_1um,True,
seed_annulus_empty,report,094.tiff,4,hem_mask_fill_1um,True,
seed_annulus_empty,report,094.tiff,4,hem_mask_fill_1um,True,
seed_annulus_empty,report,094.tiff,5,default_51,True,
seed_annulus_empty,report,094.tiff,5,default_51,True,
seed_annulus_empty,report,094.tiff,5,hem_rect_fill,True,
seed_annulus_empty,report,094.tiff,5,hem_rect_fill,True,
seed_annulus_empty,report,094.tiff,5,hem_rect_fill_1um,True,
seed_annulus_empty,report,094.tiff,5,hem_rect_fill_1um,True,
seed_annulus_empty,report,094.tiff,5,hem_mask_fill_1um,True,
seed_annulus_empty,report,094.tiff,5,hem_mask_fill_1um,True,
seed_annulus_empty,report,007.tiff,0,default_51,True,
seed_annulus_empty,report,007.tiff,0,default_51,True,
seed_annulus_empty,report,007.tiff,0,hem_rect_fill,True,
seed_annulus_empty,report,007.tiff,0,hem_rect_fill,True,
seed_annulus_empty,report,007.tiff,0,hem_rect_fill_1um,True,
seed_annulus_empty,report,007.tiff,0,hem_rect_fill_1um,True,
seed_annulus_empty,report,007.tiff,0,hem_mask_fill_1um,True,
seed_annulus_empty,report,007.tiff,0,hem_mask_fill_1um,True,
seed_annulus_empty,report,007.tiff,1,default_51,True,
seed_annulus_empty,report,007.tiff,1,default_51,True,
seed_annulus_empty,report,007.tiff,1,hem_rect_fill,True,
seed_annulus_empty,report,007.tiff,1,hem_rect_fill,True,
seed_annulus_empty,report,007.tiff,1,hem_rect_fill_1um,True,
seed_annulus_empty,report,007.tiff,1,hem_rect_fill_1um,True,
seed_annulus_empty,report,007.tiff,1,hem_mask_fill_1um,True,
seed_annulus_empty,report,007.tiff,1,hem_mask_fill_1um,True,
seed_annulus_empty,report,007.tiff,2,default_51,True,
seed_annulus_empty,report,007.tiff,2,default_51,True,
seed_annulus_empty,report,007.tiff,2,hem_rect_fill,True,
seed_annulus_empty,report,007.tiff,2,hem_rect_fill,True,
seed_annulus_empty,report,007.tiff,2,hem_rect_fill_1um,True,
seed_annulus_empty,report,007.tiff,2,hem_rect_fill_1um,True,
seed_annulus_empty,report,007.tiff,2,hem_mask_fill_1um,True,
seed_annulus_empty,report,007.tiff,2,hem_mask_fill_1um,True,
seed_annulus_empty,report,007.tiff,3,default_51,True,
seed_annulus_empty,report,007.tiff,3,default_51,True,
seed_annulus_empty,report,007.tiff,3,hem_rect_fill,True,
seed_annulus_empty,report,007.tiff,3,hem_rect_fill,True,
seed_annulus_empty,report,007.tiff,3,hem_rect_fill_1um,True,
seed_annulus_empty,report,007.tiff,3,hem_rect_fill_1um,True,
seed_annulus_empty,report,007.tiff,3,hem_mask_fill_1um,True,
seed_annulus_empty,report,007.tiff,3,hem_mask_fill_1um,True,
seed_annulus_empty,report,007.tiff,4,default_51,True,
seed_annulus_empty,report,007.tiff,4,default_51,True,
seed_annulus_empty,report,007.tiff,4,hem_rect_fill,True,
seed_annulus_empty,report,007.tiff,4,hem_rect_fill,True,
seed_annulus_empty,report,007.tiff,4,hem_rect_fill_1um,True,
seed_annulus_empty,report,007.tiff,4,hem_rect_fill_1um,True,
seed_annulus_empty,report,007.tiff,4,hem_mask_fill_1um,True,
seed_annulus_empty,report,007.tiff,4,hem_mask_fill_1um,True,
seed_annulus_empty,report,007.tiff,5,default_51,True,
seed_annulus_empty,report,007.tiff,5,default_51,True,
seed_annulus_empty,report,007.tiff,5,hem_rect_fill,True,
seed_annulus_empty,report,007.tiff,5,hem_rect_fill,True,
seed_annulus_empty,report,007.tiff,5,hem_rect_fill_1um,True,
seed_annulus_empty,report,007.tiff,5,hem_rect_fill_1um,True,
seed_annulus_empty,report,007.tiff,5,hem_mask_fill_1um,True,
seed_annulus_empty,report,007.tiff,5,hem_mask_fill_1um,True,
seed_annulus_empty,report,072.tiff,0,default_51,True,
seed_annulus_empty,report,072.tiff,0,default_51,True,
seed_annulus_empty,report,072.tiff,0,hem_rect_fill,True,
seed_annulus_empty,report,072.tiff,0,hem_rect_fill,True,
seed_annulus_empty,report,072.tiff,0,hem_rect_fill_1um,True,
seed_annulus_empty,report,072.tiff,0,hem_rect_fill_1um,True,
seed_annulus_empty,report,072.tiff,0,hem_mask_fill_1um,True,
seed_annulus_empty,report,072.tiff,0,hem_mask_fill_1um,True,
seed_annulus_empty,report,072.tiff,1,default_51,True,
seed_annulus_empty,report,072.tiff,1,default_51,True,
seed_annulus_empty,report,072.tiff,1,hem_rect_fill,True,
seed_annulus_empty,report,072.tiff,1,hem_rect_fill,True,
seed_annulus_empty,report,072.tiff,1,hem_rect_fill_1um,True,
seed_annulus_empty,report,072.tiff,1,hem_rect_fill_1um,True,
seed_annulus_empty,report,072.tiff,1,hem_mask_fill_1um,True,
seed_annulus_empty,report,072.tiff,1,hem_mask_fill_1um,True,
seed_annulus_empty,report,072.tiff,2,default_51,True,
seed_annulus_empty,report,072.tiff,2,default_51,True,
seed_annulus_empty,report,072.tiff,2,hem_rect_fill,True,
seed_annulus_empty,report,072.tiff,2,hem_rect_fill,True,
seed_annulus_empty,report,072.tiff,2,hem_rect_fill_1um,True,
seed_annulus_empty,report,072.tiff,2,hem_rect_fill_1um,True,
seed_annulus_empty,report,072.tiff,2,hem_mask_fill_1um,True,
seed_annulus_empty,report,072.tiff,2,hem_mask_fill_1um,True,
seed_annulus_empty,report,072.tiff,3,default_51,True,
seed_annulus_empty,report,072.tiff,3,default_51,True,
seed_annulus_empty,report,072.tiff,3,hem_rect_fill,True,
seed_annulus_empty,report,072.tiff,3,hem_rect_fill,True,
seed_annulus_empty,report,072.tiff,3,hem_rect_fill_1um,True,
seed_annulus_empty,report,072.tiff,3,hem_rect_fill_1um,True,
seed_annulus_empty,report,072.tiff,3,hem_mask_fill_1um,True,
seed_annulus_empty,report,072.tiff,3,hem_mask_fill_1um,True,
seed_annulus_empty,report,072.tiff,4,default_51,True,
seed_annulus_empty,report,072.tiff,4,default_51,True,
seed_annulus_empty,report,072.tiff,4,hem_rect_fill,True,
seed_annulus_empty,report,072.tiff,4,hem_rect_fill,True,
seed_annulus_empty,report,072.tiff,4,hem_rect_fill_1um,True,
seed_annulus_empty,report,072.tiff,4,hem_rect_fill_1um,True,
seed_annulus_empty,report,072.tiff,4,hem_mask_fill_1um,True,
seed_annulus_empty,report,072.tiff,4,hem_mask_fill_1um,True,
seed_annulus_empty,report,072.tiff,5,default_51,True,
seed_annulus_empty,report,072.tiff,5,default_51,True,
seed_annulus_empty,report,072.tiff,5,hem_rect_fill,True,
seed_annulus_empty,report,072.tiff,5,hem_rect_fill,True,
seed_annulus_empty,report,072.tiff,5,hem_rect_fill_1um,True,
seed_annulus_empty,report,072.tiff,5,hem_rect_fill_1um,True,
seed_annulus_empty,report,072.tiff,5,hem_mask_fill_1um,True,
seed_annulus_empty,report,072.tiff,5,hem_mask_fill_1um,True,
seed_annulus_empty,report,100.tiff,0,default_51,True,
seed_annulus_empty,report,100.tiff,0,default_51,True,
seed_annulus_empty,report,100.tiff,0,hem_rect_fill,True,
seed_annulus_empty,report,100.tiff,0,hem_rect_fill,True,
seed_annulus_empty,report,100.tiff,0,hem_rect_fill_1um,True,
seed_annulus_empty,report,100.tiff,0,hem_rect_fill_1um,True,
seed_annulus_empty,report,100.tiff,0,hem_mask_fill_1um,True,
seed_annulus_empty,report,100.tiff,0,hem_mask_fill_1um,True,
seed_annulus_empty,report,100.tiff,1,default_51,True,
seed_annulus_empty,report,100.tiff,1,default_51,True,
seed_annulus_empty,report,100.tiff,1,hem_rect_fill,True,
seed_annulus_empty,report,100.tiff,1,hem_rect_fill,True,
seed_annulus_empty,report,100.tiff,1,hem_rect_fill_1um,True,
seed_annulus_empty,report,100.tiff,1,hem_rect_fill_1um,True,
seed_annulus_empty,report,100.tiff,1,hem_mask_fill_1um,True,
seed_annulus_empty,report,100.tiff,1,hem_mask_fill_1um,True,
seed_annulus_empty,report,100.tiff,2,default_51,True,
seed_annulus_empty,report,100.tiff,2,default_51,True,
seed_annulus_empty,report,100.tiff,2,hem_rect_fill,True,
seed_annulus_empty,report,100.tiff,2,hem_rect_fill,True,
seed_annulus_empty,report,100.tiff,2,hem_rect_fill_1um,True,
seed_annulus_empty,report,100.tiff,2,hem_rect_fill_1um,True,
seed_annulus_empty,report,100.tiff,2,hem_mask_fill_1um,True,
seed_annulus_empty,report,100.tiff,2,hem_mask_fill_1um,True,
seed_annulus_empty,report,100.tiff,3,default_51,True,
seed_annulus_empty,report,100.tiff,3,default_51,True,
seed_annulus_empty,report,100.tiff,3,hem_rect_fill,True,
seed_annulus_empty,report,100.tiff,3,hem_rect_fill,True,
seed_annulus_empty,report,100.tiff,3,hem_rect_fill_1um,True,
seed_annulus_empty,report,100.tiff,3,hem_rect_fill_1um,True,
seed_annulus_empty,report,100.tiff,3,hem_mask_fill_1um,True,
seed_annulus_empty,report,100.tiff,3,hem_mask_fill_1um,True,
seed_annulus_empty,report,100.tiff,4,default_51,True,
seed_annulus_empty,report,100.tiff,4,default_51,True,
seed_annulus_empty,report,100.tiff,4,hem_rect_fill,True,
seed_annulus_empty,report,100.tiff,4,hem_rect_fill,True,
seed_annulus_empty,report,100.tiff,4,hem_rect_fill_1um,True,
seed_annulus_empty,report,100.tiff,4,hem_rect_fill_1um,True,
seed_annulus_empty,report,100.tiff,4,hem_mask_fill_1um,True,
seed_annulus_empty,report,100.tiff,4,hem_mask_fill_1um,True,
seed_annulus_empty,report,100.tiff,5,default_51,True,
seed_annulus_empty,report,100.tiff,5,default_51,True,
seed_annulus_empty,report,100.tiff,5,hem_rect_fill,True,
seed_annulus_empty,report,100.tiff,5,hem_rect_fill,True,
seed_annulus_empty,report,100.tiff,5,hem_rect_fill_1um,True,
seed_annulus_empty,report,100.tiff,5,hem_rect_fill_1um,True,
seed_annulus_empty,report,100.tiff,5,hem_mask_fill_1um,True,
seed_annulus_empty,report,100.tiff,5,hem_mask_fill_1um,True,
seed_annulus_empty,report,123.tiff,0,default_51,True,
seed_annulus_empty,report,123.tiff,0,default_51,True,
seed_annulus_empty,report,123.tiff,0,hem_rect_fill,True,
seed_annulus_empty,report,123.tiff,0,hem_rect_fill,True,
seed_annulus_empty,report,123.tiff,0,hem_rect_fill_1um,True,
seed_annulus_empty,report,123.tiff,0,hem_rect_fill_1um,True,
seed_annulus_empty,report,123.tiff,0,hem_mask_fill_1um,True,
seed_annulus_empty,report,123.tiff,0,hem_mask_fill_1um,True,
seed_annulus_empty,report,123.tiff,1,default_51,True,
seed_annulus_empty,report,123.tiff,1,default_51,True,
seed_annulus_empty,report,123.tiff,1,hem_rect_fill,True,
seed_annulus_empty,report,123.tiff,1,hem_rect_fill,True,
seed_annulus_empty,report,123.tiff,1,hem_rect_fill_1um,True,
seed_annulus_empty,report,123.tiff,1,hem_rect_fill_1um,True,
seed_annulus_empty,report,123.tiff,1,hem_mask_fill_1um,True,
seed_annulus_empty,report,123.tiff,1,hem_mask_fill_1um,True,
seed_annulus_empty,report,123.tiff,2,default_51,True,
seed_annulus_empty,report,123.tiff,2,default_51,True,
seed_annulus_empty,report,123.tiff,2,hem_rect_fill,True,
seed_annulus_empty,report,123.tiff,2,hem_rect_fill,True,
seed_annulus_empty,report,123.tiff,2,hem_rect_fill_1um,True,
seed_annulus_empty,report,123.tiff,2,hem_rect_fill_1um,True,
seed_annulus_empty,report,123.tiff,2,hem_mask_fill_1um,True,
seed_annulus_empty,report,123.tiff,2,hem_mask_fill_1um,True,
seed_annulus_empty,report,123.tiff,3,default_51,True,
seed_annulus_empty,report,123.tiff,3,default_51,True,
seed_annulus_empty,report,123.tiff,3,hem_rect_fill,True,
seed_annulus_empty,report,123.tiff,3,hem_rect_fill,True,
seed_annulus_empty,report,123.tiff,3,hem_rect_fill_1um,True,
seed_annulus_empty,report,123.tiff,3,hem_rect_fill_1um,True,
seed_annulus_empty,report,123.tiff,3,hem_mask_fill_1um,True,
seed_annulus_empty,report,123.tiff,3,hem_mask_fill_1um,True,
seed_annulus_empty,report,123.tiff,4,default_51,True,
seed_annulus_empty,report,123.tiff,4,default_51,True,
seed_annulus_empty,report,123.tiff,4,hem_rect_fill,True,
seed_annulus_empty,report,123.tiff,4,hem_rect_fill,True,
seed_annulus_empty,report,123.tiff,4,hem_rect_fill_1um,True,
seed_annulus_empty,report,123.tiff,4,hem_rect_fill_1um,True,
seed_annulus_empty,report,123.tiff,4,hem_mask_fill_1um,True,
seed_annulus_empty,report,123.tiff,4,hem_mask_fill_1um,True,
seed_annulus_empty,report,123.tiff,5,default_51,True,
seed_annulus_empty,report,123.tiff,5,default_51,True,
seed_annulus_empty,report,123.tiff,5,hem_rect_fill,True,
seed_annulus_empty,report,123.tiff,5,hem_rect_fill,True,
seed_annulus_empty,report,123.tiff,5,hem_rect_fill_1um,True,
seed_annulus_empty,report,123.tiff,5,hem_rect_fill_1um,True,
seed_annulus_empty,report,123.tiff,5,hem_mask_fill_1um,True,
seed_annulus_empty,report,123.tiff,5,hem_mask_fill_1um,True,
seed_annulus_empty,report,128.tiff,0,default_51,True,
seed_annulus_empty,report,128.tiff,0,default_51,True,
seed_annulus_empty,report,128.tiff,0,hem_rect_fill,True,
seed_annulus_empty,report,128.tiff,0,hem_rect_fill,True,
seed_annulus_empty,report,128.tiff,0,hem_rect_fill_1um,True,
seed_annulus_empty,report,128.tiff,0,hem_rect_fill_1um,True,
seed_annulus_empty,report,128.tiff,0,hem_mask_fill_1um,True,
seed_annulus_empty,report,128.tiff,0,hem_mask_fill_1um,True,
seed_annulus_empty,report,128.tiff,1,default_51,True,
seed_annulus_empty,report,128.tiff,1,default_51,True,
seed_annulus_empty,report,128.tiff,1,hem_rect_fill,True,
seed_annulus_empty,report,128.tiff,1,hem_rect_fill,True,
seed_annulus_empty,report,128.tiff,1,hem_rect_fill_1um,True,
seed_annulus_empty,report,128.tiff,1,hem_rect_fill_1um,True,
seed_annulus_empty,report,128.tiff,1,hem_mask_fill_1um,True,
seed_annulus_empty,report,128.tiff,1,hem_mask_fill_1um,True,
seed_annulus_empty,report,128.tiff,2,default_51,True,
seed_annulus_empty,report,128.tiff,2,default_51,True,
seed_annulus_empty,report,128.tiff,2,hem_rect_fill,True,
seed_annulus_empty,report,128.tiff,2,hem_rect_fill,True,
seed_annulus_empty,report,128.tiff,2,hem_rect_fill_1um,True,
seed_annulus_empty,report,128.tiff,2,hem_rect_fill_1um,True,
seed_annulus_empty,report,128.tiff,2,hem_mask_fill_1um,True,
seed_annulus_empty,report,128.tiff,2,hem_mask_fill_1um,True,
seed_annulus_empty,report,128.tiff,3,default_51,True,
seed_annulus_empty,report,128.tiff,3,default_51,True,
seed_annulus_empty,report,128.tiff,3,hem_rect_fill,True,
seed_annulus_empty,report,128.tiff,3,hem_rect_fill,True,
seed_annulus_empty,report,128.tiff,3,hem_rect_fill_1um,True,
seed_annulus_empty,report,128.tiff,3,hem_rect_fill_1um,True,
seed_annulus_empty,report,128.tiff,3,hem_mask_fill_1um,True,
seed_annulus_empty,report,128.tiff,3,hem_mask_fill_1um,True,
seed_annulus_empty,report,128.tiff,4,default_51,True,
seed_annulus_empty,report,128.tiff,4,default_51,True,
seed_annulus_empty,report,128.tiff,4,hem_rect_fill,True,
seed_annulus_empty,report,128.tiff,4,hem_rect_fill,True,
seed_annulus_empty,report,128.tiff,4,hem_rect_fill_1um,True,
seed_annulus_empty,report,128.tiff,4,hem_rect_fill_1um,True,
seed_annulus_empty,report,128.tiff,4,hem_mask_fill_1um,True,
seed_annulus_empty,report,128.tiff,4,hem_mask_fill_1um,True,
seed_annulus_empty,report,128.tiff,5,default_51,True,
seed_annulus_empty,report,128.tiff,5,default_51,True,
seed_annulus_empty,report,128.tiff,5,hem_rect_fill,True,
seed_annulus_empty,report,128.tiff,5,hem_rect_fill,True,
seed_annulus_empty,report,128.tiff,5,hem_rect_fill_1um,True,
seed_annulus_empty,report,128.tiff,5,hem_rect_fill_1um,True,
seed_annulus_empty,report,128.tiff,5,hem_mask_fill_1um,True,
seed_annulus_empty,report,128.tiff,5,hem_mask_fill_1um,True,
seed_annulus_empty,report,529.tiff,0,default_51,True,
seed_annulus_empty,report,529.tiff,0,default_51,True,
seed_annulus_empty,report,529.tiff,0,hem_rect_fill,True,
seed_annulus_empty,report,529.tiff,0,hem_rect_fill,True,
seed_annulus_empty,report,529.tiff,0,hem_rect_fill_1um,True,
seed_annulus_empty,report,529.tiff,0,hem_rect_fill_1um,True,
seed_annulus_empty,report,529.tiff,0,hem_mask_fill_1um,True,
seed_annulus_empty,report,529.tiff,0,hem_mask_fill_1um,True,
seed_annulus_empty,report,529.tiff,1,default_51,True,
seed_annulus_empty,report,529.tiff,1,default_51,True,
seed_annulus_empty,report,529.tiff,1,hem_rect_fill,True,
seed_annulus_empty,report,529.tiff,1,hem_rect_fill,True,
seed_annulus_empty,report,529.tiff,1,hem_rect_fill_1um,True,
seed_annulus_empty,report,529.tiff,1,hem_rect_fill_1um,True,
seed_annulus_empty,report,529.tiff,1,hem_mask_fill_1um,True,
seed_annulus_empty,report,529.tiff,1,hem_mask_fill_1um,True,
seed_annulus_empty,report,529.tiff,2,default_51,True,
seed_annulus_empty,report,529.tiff,2,default_51,True,
seed_annulus_empty,report,529.tiff,2,hem_rect_fill,True,
seed_annulus_empty,report,529.tiff,2,hem_rect_fill,True,
seed_annulus_empty,report,529.tiff,2,hem_rect_fill_1um,True,
seed_annulus_empty,report,529.tiff,2,hem_rect_fill_1um,True,
seed_annulus_empty,report,529.tiff,2,hem_mask_fill_1um,True,
seed_annulus_empty,report,529.tiff,2,hem_mask_fill_1um,True,
seed_annulus_empty,report,529.tiff,3,default_51,True,
seed_annulus_empty,report,529.tiff,3,default_51,True,
seed_annulus_empty,report,529.tiff,3,hem_rect_fill,True,
seed_annulus_empty,report,529.tiff,3,hem_rect_fill,True,
seed_annulus_empty,report,529.tiff,3,hem_rect_fill_1um,True,
seed_annulus_empty,report,529.tiff,3,hem_rect_fill_1um,True,
seed_annulus_empty,report,529.tiff,3,hem_mask_fill_1um,True,
seed_annulus_empty,report,529.tiff,3,hem_mask_fill_1um,True,
seed_annulus_empty,report,529.tiff,4,default_51,True,
seed_annulus_empty,report,529.tiff,4,default_51,True,
seed_annulus_empty,report,529.tiff,4,hem_rect_fill,True,
seed_annulus_empty,report,529.tiff,4,hem_rect_fill,True,
seed_annulus_empty,report,529.tiff,4,hem_rect_fill_1um,True,
seed_annulus_empty,report,529.tiff,4,hem_rect_fill_1um,True,
seed_annulus_empty,report,529.tiff,4,hem_mask_fill_1um,True,
seed_annulus_empty,report,529.tiff,4,hem_mask_fill_1um,True,
seed_annulus_empty,report,529.tiff,5,default_51,True,
seed_annulus_empty,report,529.tiff,5,default_51,True,
seed_annulus_empty,report,529.tiff,5,hem_rect_fill,True,
seed_annulus_empty,report,529.tiff,5,hem_rect_fill,True,
seed_annulus_empty,report,529.tiff,5,hem_rect_fill_1um,True,
seed_annulus_empty,report,529.tiff,5,hem_rect_fill_1um,True,
seed_annulus_empty,report,529.tiff,5,hem_mask_fill_1um,True,
seed_annulus_empty,report,529.tiff,5,hem_mask_fill_1um,True,
seed_annulus_empty,report,548.tiff,0,default_51,True,
seed_annulus_empty,report,548.tiff,0,default_51,True,
seed_annulus_empty,report,548.tiff,0,hem_rect_fill,True,
seed_annulus_empty,report,548.tiff,0,hem_rect_fill,True,
seed_annulus_empty,report,548.tiff,0,hem_rect_fill_1um,True,
seed_annulus_empty,report,548.tiff,0,hem_rect_fill_1um,True,
seed_annulus_empty,report,548.tiff,0,hem_mask_fill_1um,True,
seed_annulus_empty,report,548.tiff,0,hem_mask_fill_1um,True,
seed_annulus_empty,report,548.tiff,1,default_51,True,
seed_annulus_empty,report,548.tiff,1,default_51,True,
seed_annulus_empty,report,548.tiff,1,hem_rect_fill,True,
seed_annulus_empty,report,548.tiff,1,hem_rect_fill,True,
seed_annulus_empty,report,548.tiff,1,hem_rect_fill_1um,True,
seed_annulus_empty,report,548.tiff,1,hem_rect_fill_1um,True,
seed_annulus_empty,report,548.tiff,1,hem_mask_fill_1um,True,
seed_annulus_empty,report,548.tiff,1,hem_mask_fill_1um,True,
seed_annulus_empty,report,548.tiff,2,default_51,True,
seed_annulus_empty,report,548.tiff,2,default_51,True,
seed_annulus_empty,report,548.tiff,2,hem_rect_fill,True,
seed_annulus_empty,report,548.tiff,2,hem_rect_fill,True,
seed_annulus_empty,report,548.tiff,2,hem_rect_fill_1um,True,
seed_annulus_empty,report,548.tiff,2,hem_rect_fill_1um,True,
seed_annulus_empty,report,548.tiff,2,hem_mask_fill_1um,True,
seed_annulus_empty,report,548.tiff,2,hem_mask_fill_1um,True,
seed_annulus_empty,report,548.tiff,3,default_51,True,
seed_annulus_empty,report,548.tiff,3,default_51,True,
seed_annulus_empty,report,548.tiff,3,hem_rect_fill,True,
seed_annulus_empty,report,548.tiff,3,hem_rect_fill,True,
seed_annulus_empty,report,548.tiff,3,hem_rect_fill_1um,True,
seed_annulus_empty,report,548.tiff,3,hem_rect_fill_1um,True,
seed_annulus_empty,report,548.tiff,3,hem_mask_fill_1um,True,
seed_annulus_empty,report,548.tiff,3,hem_mask_fill_1um,True,
seed_annulus_empty,report,548.tiff,4,default_51,True,
seed_annulus_empty,report,548.tiff,4,default_51,True,
seed_annulus_empty,report,548.tiff,4,hem_rect_fill,True,
seed_annulus_empty,report,548.tiff,4,hem_rect_fill,True,
seed_annulus_empty,report,548.tiff,4,hem_rect_fill_1um,True,
seed_annulus_empty,report,548.tiff,4,hem_rect_fill_1um,True,
seed_annulus_empty,report,548.tiff,4,hem_mask_fill_1um,True,
seed_annulus_empty,report,548.tiff,4,hem_mask_fill_1um,True,
seed_annulus_empty,report,548.tiff,5,default_51,True,
seed_annulus_empty,report,548.tiff,5,default_51,True,
seed_annulus_empty,report,548.tiff,5,hem_rect_fill,True,
seed_annulus_empty,report,548.tiff,5,hem_rect_fill,True,
seed_annulus_empty,report,548.tiff,5,hem_rect_fill_1um,True,
seed_annulus_empty,report,548.tiff,5,hem_rect_fill_1um,True,
seed_annulus_empty,report,548.tiff,5,hem_mask_fill_1um,True,
seed_annulus_empty,report,548.tiff,5,hem_mask_fill_1um,True,
seed_annulus_empty,report,509.tiff,0,default_51,True,
seed_annulus_empty,report,509.tiff,0,default_51,True,
seed_annulus_empty,report,509.tiff,0,hem_rect_fill,True,
seed_annulus_empty,report,509.tiff,0,hem_rect_fill,True,
seed_annulus_empty,report,509.tiff,0,hem_rect_fill_1um,True,
seed_annulus_empty,report,509.tiff,0,hem_rect_fill_1um,True,
seed_annulus_empty,report,509.tiff,0,hem_mask_fill_1um,True,
seed_annulus_empty,report,509.tiff,0,hem_mask_fill_1um,True,
seed_annulus_empty,report,509.tiff,1,default_51,True,
seed_annulus_empty,report,509.tiff,1,default_51,True,
seed_annulus_empty,report,509.tiff,1,hem_rect_fill,True,
seed_annulus_empty,report,509.tiff,1,hem_rect_fill,True,
seed_annulus_empty,report,509.tiff,1,hem_rect_fill_1um,True,
seed_annulus_empty,report,509.tiff,1,hem_rect_fill_1um,True,
seed_annulus_empty,report,509.tiff,1,hem_mask_fill_1um,True,
seed_annulus_empty,report,509.tiff,1,hem_mask_fill_1um,True,
seed_annulus_empty,report,509.tiff,2,default_51,True,
seed_annulus_empty,report,509.tiff,2,default_51,True,
seed_annulus_empty,report,509.tiff,2,hem_rect_fill,True,
seed_annulus_empty,report,509.tiff,2,hem_rect_fill,True,
seed_annulus_empty,report,509.tiff,2,hem_rect_fill_1um,True,
seed_annulus_empty,report,509.tiff,2,hem_rect_fill_1um,True,
seed_annulus_empty,report,509.tiff,2,hem_mask_fill_1um,True,
seed_annulus_empty,report,509.tiff,2,hem_mask_fill_1um,True,
seed_annulus_empty,report,509.tiff,3,default_51,True,
seed_annulus_empty,report,509.tiff,3,default_51,True,
seed_annulus_empty,report,509.tiff,3,hem_rect_fill,True,
seed_annulus_empty,report,509.tiff,3,hem_rect_fill,True,
seed_annulus_empty,report,509.tiff,3,hem_rect_fill_1um,True,
seed_annulus_empty,report,509.tiff,3,hem_rect_fill_1um,True,
seed_annulus_empty,report,509.tiff,3,hem_mask_fill_1um,True,
seed_annulus_empty,report,509.tiff,3,hem_mask_fill_1um,True,
seed_annulus_empty,report,509.tiff,4,default_51,True,
seed_annulus_empty,report,509.tiff,4,default_51,True,
seed_annulus_empty,report,509.tiff,4,hem_rect_fill,True,
seed_annulus_empty,report,509.tiff,4,hem_rect_fill,True,
seed_annulus_empty,report,509.tiff,4,hem_rect_fill_1um,True,
seed_annulus_empty,report,509.tiff,4,hem_rect_fill_1um,True,
seed_annulus_empty,report,509.tiff,4,hem_mask_fill_1um,True,
seed_annulus_empty,report,509.tiff,4,hem_mask_fill_1um,True,
seed_annulus_empty,report,509.tiff,5,default_51,True,
seed_annulus_empty,report,509.tiff,5,default_51,True,
seed_annulus_empty,report,509.tiff,5,hem_rect_fill,True,
seed_annulus_empty,report,509.tiff,5,hem_rect_fill,True,
seed_annulus_empty,report,509.tiff,5,hem_rect_fill_1um,True,
seed_annulus_empty,report,509.tiff,5,hem_rect_fill_1um,True,
seed_annulus_empty,report,509.tiff,5,hem_mask_fill_1um,True,
seed_annulus_empty,report,509.tiff,5,hem_mask_fill_1um,True,
seed_annulus_empty,report,524.tiff,0,default_51,True,
seed_annulus_empty,report,524.tiff,0,default_51,True,
seed_annulus_empty,report,524.tiff,0,hem_rect_fill,True,
seed_annulus_empty,report,524.tiff,0,hem_rect_fill,True,
seed_annulus_empty,report,524.tiff,0,hem_rect_fill_1um,True,
seed_annulus_empty,report,524.tiff,0,hem_rect_fill_1um,True,
seed_annulus_empty,report,524.tiff,0,hem_mask_fill_1um,True,
seed_annulus_empty,report,524.tiff,0,hem_mask_fill_1um,True,
seed_annulus_empty,report,524.tiff,1,default_51,True,
seed_annulus_empty,report,524.tiff,1,default_51,True,
seed_annulus_empty,report,524.tiff,1,hem_rect_fill,True,
seed_annulus_empty,report,524.tiff,1,hem_rect_fill,True,
seed_annulus_empty,report,524.tiff,1,hem_rect_fill_1um,True,
seed_annulus_empty,report,524.tiff,1,hem_rect_fill_1um,True,
seed_annulus_empty,report,524.tiff,1,hem_mask_fill_1um,True,
seed_annulus_empty,report,524.tiff,1,hem_mask_fill_1um,True,
seed_annulus_empty,report,524.tiff,2,default_51,True,
seed_annulus_empty,report,524.tiff,2,default_51,True,
seed_annulus_empty,report,524.tiff,2,hem_rect_fill,True,
seed_annulus_empty,report,524.tiff,2,hem_rect_fill,True,
seed_annulus_empty,report,524.tiff,2,hem_rect_fill_1um,True,
seed_annulus_empty,report,524.tiff,2,hem_rect_fill_1um,True,
seed_annulus_empty,report,524.tiff,2,hem_mask_fill_1um,True,
seed_annulus_empty,report,524.tiff,2,hem_mask_fill_1um,True,
seed_annulus_empty,report,524.tiff,3,default_51,True,
seed_annulus_empty,report,524.tiff,3,default_51,True,
seed_annulus_empty,report,524.tiff,3,hem_rect_fill,True,
seed_annulus_empty,report,524.tiff,3,hem_rect_fill,True,
seed_annulus_empty,report,524.tiff,3,hem_rect_fill_1um,True,
seed_annulus_empty,report,524.tiff,3,hem_rect_fill_1um,True,
seed_annulus_empty,report,524.tiff,3,hem_mask_fill_1um,True,
seed_annulus_empty,report,524.tiff,3,hem_mask_fill_1um,True,
seed_annulus_empty,report,524.tiff,4,default_51,True,
seed_annulus_empty,report,524.tiff,4,default_51,True,
seed_annulus_empty,report,524.tiff,4,hem_rect_fill,True,
seed_annulus_empty,report,524.tiff,4,hem_rect_fill,True,
seed_annulus_empty,report,524.tiff,4,hem_rect_fill_1um,True,
seed_annulus_empty,report,524.tiff,4,hem_rect_fill_1um,True,
seed_annulus_empty,report,524.tiff,4,hem_mask_fill_1um,True,
seed_annulus_empty,report,524.tiff,4,hem_mask_fill_1um,True,
seed_annulus_empty,report,524.tiff,5,default_51,True,
seed_annulus_empty,report,524.tiff,5,default_51,True,
seed_annulus_empty,report,524.tiff,5,hem_rect_fill,True,
seed_annulus_empty,report,524.tiff,5,hem_rect_fill,True,
seed_annulus_empty,report,524.tiff,5,hem_rect_fill_1um,True,
seed_annulus_empty,report,524.tiff,5,hem_rect_fill_1um,True,
seed_annulus_empty,report,524.tiff,5,hem_mask_fill_1um,True,
seed_annulus_empty,report,524.tiff,5,hem_mask_fill_1um,True,
seed_annulus_empty,report,527.tiff,0,default_51,True,
seed_annulus_empty,report,527.tiff,0,default_51,True,
seed_annulus_empty,report,527.tiff,0,hem_rect_fill,True,
seed_annulus_empty,report,527.tiff,0,hem_rect_fill,True,
seed_annulus_empty,report,527.tiff,0,hem_rect_fill_1um,True,
seed_annulus_empty,report,527.tiff,0,hem_rect_fill_1um,True,
seed_annulus_empty,report,527.tiff,0,hem_mask_fill_1um,True,
seed_annulus_empty,report,527.tiff,0,hem_mask_fill_1um,True,
seed_annulus_empty,report,527.tiff,1,default_51,True,
seed_annulus_empty,report,527.tiff,1,default_51,True,
seed_annulus_empty,report,527.tiff,1,hem_rect_fill,True,
seed_annulus_empty,report,527.tiff,1,hem_rect_fill,True,
seed_annulus_empty,report,527.tiff,1,hem_rect_fill_1um,True,
seed_annulus_empty,report,527.tiff,1,hem_rect_fill_1um,True,
seed_annulus_empty,report,527.tiff,1,hem_mask_fill_1um,True,
seed_annulus_empty,report,527.tiff,1,hem_mask_fill_1um,True,
seed_annulus_empty,report,527.tiff,2,default_51,True,
seed_annulus_empty,report,527.tiff,2,default_51,True,
seed_annulus_empty,report,527.tiff,2,hem_rect_fill,True,
seed_annulus_empty,report,527.tiff,2,hem_rect_fill,True,
seed_annulus_empty,report,527.tiff,2,hem_rect_fill_1um,True,
seed_annulus_empty,report,527.tiff,2,hem_rect_fill_1um,True,
seed_annulus_empty,report,527.tiff,2,hem_mask_fill_1um,True,
seed_annulus_empty,report,527.tiff,2,hem_mask_fill_1um,True,
seed_annulus_empty,report,527.tiff,3,default_51,True,
seed_annulus_empty,report,527.tiff,3,default_51,True,
seed_annulus_empty,report,527.tiff,3,hem_rect_fill,True,
seed_annulus_empty,report,527.tiff,3,hem_rect_fill,True,
seed_annulus_empty,report,527.tiff,3,hem_rect_fill_1um,True,
seed_annulus_empty,report,527.tiff,3,hem_rect_fill_1um,True,
seed_annulus_empty,report,527.tiff,3,hem_mask_fill_1um,True,
seed_annulus_empty,report,527.tiff,3,hem_mask_fill_1um,True,
seed_annulus_empty,report,527.tiff,4,default_51,True,
seed_annulus_empty,report,527.tiff,4,default_51,True,
seed_annulus_empty,report,527.tiff,4,hem_rect_fill,True,
seed_annulus_empty,report,527.tiff,4,hem_rect_fill,True,
seed_annulus_empty,report,527.tiff,4,hem_rect_fill_1um,True,
seed_annulus_empty,report,527.tiff,4,hem_rect_fill_1um,True,
seed_annulus_empty,report,527.tiff,4,hem_mask_fill_1um,True,
seed_annulus_empty,report,527.tiff,4,hem_mask_fill_1um,True,
seed_annulus_empty,report,527.tiff,5,default_51,True,
seed_annulus_empty,report,527.tiff,5,default_51,True,
seed_annulus_empty,report,527.tiff,5,hem_rect_fill,True,
seed_annulus_empty,report,527.tiff,5,hem_rect_fill,True,
seed_annulus_empty,report,527.tiff,5,hem_rect_fill_1um,True,
seed_annulus_empty,report,527.tiff,5,hem_rect_fill_1um,True,
seed_annulus_empty,report,527.tiff,5,hem_mask_fill_1um,True,
seed_annulus_empty,report,527.tiff,5,hem_mask_fill_1um,True,
seed_annulus_empty,report,546.tiff,0,default_51,True,
seed_annulus_empty,report,546.tiff,0,default_51,True,
seed_annulus_empty,report,546.tiff,0,hem_rect_fill,True,
seed_annulus_empty,report,546.tiff,0,hem_rect_fill,True,
seed_annulus_empty,report,546.tiff,0,hem_rect_fill_1um,True,
seed_annulus_empty,report,546.tiff,0,hem_rect_fill_1um,True,
seed_annulus_empty,report,546.tiff,0,hem_mask_fill_1um,True,
seed_annulus_empty,report,546.tiff,0,hem_mask_fill_1um,True,
seed_annulus_empty,report,546.tiff,1,default_51,True,
seed_annulus_empty,report,546.tiff,1,default_51,True,
seed_annulus_empty,report,546.tiff,1,hem_rect_fill,True,
seed_annulus_empty,report,546.tiff,1,hem_rect_fill,True,
seed_annulus_empty,report,546.tiff,1,hem_rect_fill_1um,True,
seed_annulus_empty,report,546.tiff,1,hem_rect_fill_1um,True,
seed_annulus_empty,report,546.tiff,1,hem_mask_fill_1um,True,
seed_annulus_empty,report,546.tiff,1,hem_mask_fill_1um,True,
seed_annulus_empty,report,546.tiff,2,default_51,True,
seed_annulus_empty,report,546.tiff,2,default_51,True,
seed_annulus_empty,report,546.tiff,2,hem_rect_fill,True,
seed_annulus_empty,report,546.tiff,2,hem_rect_fill,True,
seed_annulus_empty,report,546.tiff,2,hem_rect_fill_1um,True,
seed_annulus_empty,report,546.tiff,2,hem_rect_fill_1um,True,
seed_annulus_empty,report,546.tiff,2,hem_mask_fill_1um,True,
seed_annulus_empty,report,546.tiff,2,hem_mask_fill_1um,True,
seed_annulus_empty,report,546.tiff,3,default_51,True,
seed_annulus_empty,report,546.tiff,3,default_51,True,
seed_annulus_empty,report,546.tiff,3,hem_rect_fill,True,
seed_annulus_empty,report,546.tiff,3,hem_rect_fill,True,
seed_annulus_empty,report,546.tiff,3,hem_rect_fill_1um,True,
seed_annulus_empty,report,546.tiff,3,hem_rect_fill_1um,True,
seed_annulus_empty,report,546.tiff,3,hem_mask_fill_1um,True,
seed_annulus_empty,report,546.tiff,3,hem_mask_fill_1um,True,
seed_annulus_empty,report,546.tiff,4,default_51,True,
seed_annulus_empty,report,546.tiff,4,default_51,True,
seed_annulus_empty,report,546.tiff,4,hem_rect_fill,True,
seed_annulus_empty,report,546.tiff,4,hem_rect_fill,True,
seed_annulus_empty,report,546.tiff,4,hem_rect_fill_1um,True,
seed_annulus_empty,report,546.tiff,4,hem_rect_fill_1um,True,
seed_annulus_empty,report,546.tiff,4,hem_mask_fill_1um,True,
seed_annulus_empty,report,546.tiff,4,hem_mask_fill_1um,True,
seed_annulus_empty,report,546.tiff,5,default_51,True,
seed_annulus_empty,report,546.tiff,5,default_51,True,
seed_annulus_empty,report,546.tiff,5,hem_rect_fill,True,
seed_annulus_empty,report,546.tiff,5,hem_rect_fill,True,
seed_annulus_empty,report,546.tiff,5,hem_rect_fill_1um,True,
seed_annulus_empty,report,546.tiff,5,hem_rect_fill_1um,True,
seed_annulus_empty,report,546.tiff,5,hem_mask_fill_1um,True,
seed_annulus_empty,report,546.tiff,5,hem_mask_fill_1um,True,
seed_annulus_empty,report,549.tiff,0,default_51,True,
seed_annulus_empty,report,549.tiff,0,default_51,True,
seed_annulus_empty,report,549.tiff,0,hem_rect_fill,True,
seed_annulus_empty,report,549.tiff,0,hem_rect_fill,True,
seed_annulus_empty,report,549.tiff,0,hem_rect_fill_1um,True,
seed_annulus_empty,report,549.tiff,0,hem_rect_fill_1um,True,
seed_annulus_empty,report,549.tiff,0,hem_mask_fill_1um,True,
seed_annulus_empty,report,549.tiff,0,hem_mask_fill_1um,True,
seed_annulus_empty,report,549.tiff,1,default_51,True,
seed_annulus_empty,report,549.tiff,1,default_51,True,
seed_annulus_empty,report,549.tiff,1,hem_rect_fill,True,
seed_annulus_empty,report,549.tiff,1,hem_rect_fill,True,
seed_annulus_empty,report,549.tiff,1,hem_rect_fill_1um,True,
seed_annulus_empty,report,549.tiff,1,hem_rect_fill_1um,True,
seed_annulus_empty,report,549.tiff,1,hem_mask_fill_1um,True,
seed_annulus_empty,report,549.tiff,1,hem_mask_fill_1um,True,
seed_annulus_empty,report,549.tiff,2,default_51,True,
seed_annulus_empty,report,549.tiff,2,default_51,True,
seed_annulus_empty,report,549.tiff,2,hem_rect_fill,True,
seed_annulus_empty,report,549.tiff,2,hem_rect_fill,True,
seed_annulus_empty,report,549.tiff,2,hem_rect_fill_1um,True,
seed_annulus_empty,report,549.tiff,2,hem_rect_fill_1um,True,
seed_annulus_empty,report,549.tiff,2,hem_mask_fill_1um,True,
seed_annulus_empty,report,549.tiff,2,hem_mask_fill_1um,True,
seed_annulus_empty,report,549.tiff,3,default_51,True,
seed_annulus_empty,report,549.tiff,3,default_51,True,
seed_annulus_empty,report,549.tiff,3,hem_rect_fill,True,
seed_annulus_empty,report,549.tiff,3,hem_rect_fill,True,
seed_annulus_empty,report,549.tiff,3,hem_rect_fill_1um,True,
seed_annulus_empty,report,549.tiff,3,hem_rect_fill_1um,True,
seed_annulus_empty,report,549.tiff,3,hem_mask_fill_1um,True,
seed_annulus_empty,report,549.tiff,3,hem_mask_fill_1um,True,
seed_annulus_empty,report,549.tiff,4,default_51,True,
seed_annulus_empty,report,549.tiff,4,default_51,True,
seed_annulus_empty,report,549.tiff,4,hem_rect_fill,True,
seed_annulus_empty,report,549.tiff,4,hem_rect_fill,True,
seed_annulus_empty,report,549.tiff,4,hem_rect_fill_1um,True,
seed_annulus_empty,report,549.tiff,4,hem_rect_fill_1um,True,
seed_annulus_empty,report,549.tiff,4,hem_mask_fill_1um,True,
seed_annulus_empty,report,549.tiff,4,hem_mask_fill_1um,True,
seed_annulus_empty,report,549.tiff,5,default_51,True,
seed_annulus_empty,report,549.tiff,5,default_51,True,
seed_annulus_empty,report,549.tiff,5,hem_rect_fill,True,
seed_annulus_empty,report,549.tiff,5,hem_rect_fill,True,
seed_annulus_empty,report,549.tiff,5,hem_rect_fill_1um,True,
seed_annulus_empty,report,549.tiff,5,hem_rect_fill_1um,True,
seed_annulus_empty,report,549.tiff,5,hem_mask_fill_1um,True,
seed_annulus_empty,report,549.tiff,5,hem_mask_fill_1um,True,
seed_annulus_empty,report,402.tiff,0,default_51,True,
seed_annulus_empty,report,402.tiff,0,default_51,True,
seed_annulus_empty,report,402.tiff,0,hem_rect_fill,True,
seed_annulus_empty,report,402.tiff,0,hem_rect_fill,True,
seed_annulus_empty,report,402.tiff,0,hem_rect_fill_1um,True,
seed_annulus_empty,report,402.tiff,0,hem_rect_fill_1um,True,
seed_annulus_empty,report,402.tiff,0,hem_mask_fill_1um,True,
seed_annulus_empty,report,402.tiff,0,hem_mask_fill_1um,True,
seed_annulus_empty,report,402.tiff,1,default_51,True,
seed_annulus_empty,report,402.tiff,1,default_51,True,
seed_annulus_empty,report,402.tiff,1,hem_rect_fill,True,
seed_annulus_empty,report,402.tiff,1,hem_rect_fill,True,
seed_annulus_empty,report,402.tiff,1,hem_rect_fill_1um,True,
seed_annulus_empty,report,402.tiff,1,hem_rect_fill_1um,True,
seed_annulus_empty,report,402.tiff,1,hem_mask_fill_1um,True,
seed_annulus_empty,report,402.tiff,1,hem_mask_fill_1um,True,
seed_annulus_empty,report,402.tiff,2,default_51,True,
seed_annulus_empty,report,402.tiff,2,default_51,True,
seed_annulus_empty,report,402.tiff,2,hem_rect_fill,True,
seed_annulus_empty,report,402.tiff,2,hem_rect_fill,True,
seed_annulus_empty,report,402.tiff,2,hem_rect_fill_1um,True,
seed_annulus_empty,report,402.tiff,2,hem_rect_fill_1um,True,
seed_annulus_empty,report,402.tiff,2,hem_mask_fill_1um,True,
seed_annulus_empty,report,402.tiff,2,hem_mask_fill_1um,True,
seed_annulus_empty,report,402.tiff,3,default_51,True,
seed_annulus_empty,report,402.tiff,3,default_51,True,
seed_annulus_empty,report,402.tiff,3,hem_rect_fill,True,
seed_annulus_empty,report,402.tiff,3,hem_rect_fill,True,
seed_annulus_empty,report,402.tiff,3,hem_rect_fill_1um,True,
seed_annulus_empty,report,402.tiff,3,hem_rect_fill_1um,True,
seed_annulus_empty,report,402.tiff,3,hem_mask_fill_1um,True,
seed_annulus_empty,report,402.tiff,3,hem_mask_fill_1um,True,
seed_annulus_empty,report,402.tiff,4,default_51,True,
seed_annulus_empty,report,402.tiff,4,default_51,True,
seed_annulus_empty,report,402.tiff,4,hem_rect_fill,True,
seed_annulus_empty,report,402.tiff,4,hem_rect_fill,True,
seed_annulus_empty,report,402.tiff,4,hem_rect_fill_1um,True,
seed_annulus_empty,report,402.tiff,4,hem_rect_fill_1um,True,
seed_annulus_empty,report,402.tiff,4,hem_mask_fill_1um,True,
seed_annulus_empty,report,402.tiff,4,hem_mask_fill_1um,True,
seed_annulus_empty,report,402.tiff,5,default_51,True,
seed_annulus_empty,report,402.tiff,5,default_51,True,
seed_annulus_empty,report,402.tiff,5,hem_rect_fill,True,
seed_annulus_empty,report,402.tiff,5,hem_rect_fill,True,
seed_annulus_empty,report,402.tiff,5,hem_rect_fill_1um,True,
seed_annulus_empty,report,402.tiff,5,hem_rect_fill_1um,True,
seed_annulus_empty,report,402.tiff,5,hem_mask_fill_1um,True,
seed_annulus_empty,report,402.tiff,5,hem_mask_fill_1um,True,
seed_annulus_empty,report,403.tiff,0,default_51,True,
seed_annulus_empty,report,403.tiff,0,default_51,True,
seed_annulus_empty,report,403.tiff,0,hem_rect_fill,True,
seed_annulus_empty,report,403.tiff,0,hem_rect_fill,True,
seed_annulus_empty,report,403.tiff,0,hem_rect_fill_1um,True,
seed_annulus_empty,report,403.tiff,0,hem_rect_fill_1um,True,
seed_annulus_empty,report,403.tiff,0,hem_mask_fill_1um,True,
seed_annulus_empty,report,403.tiff,0,hem_mask_fill_1um,True,
seed_annulus_empty,report,403.tiff,1,default_51,True,
seed_annulus_empty,report,403.tiff,1,default_51,True,
seed_annulus_empty,report,403.tiff,1,hem_rect_fill,True,
seed_annulus_empty,report,403.tiff,1,hem_rect_fill,True,
seed_annulus_empty,report,403.tiff,1,hem_rect_fill_1um,True,
seed_annulus_empty,report,403.tiff,1,hem_rect_fill_1um,True,
seed_annulus_empty,report,403.tiff,1,hem_mask_fill_1um,True,
seed_annulus_empty,report,403.tiff,1,hem_mask_fill_1um,True,
seed_annulus_empty,report,403.tiff,2,default_51,True,
seed_annulus_empty,report,403.tiff,2,default_51,True,
seed_annulus_empty,report,403.tiff,2,hem_rect_fill,True,
seed_annulus_empty,report,403.tiff,2,hem_rect_fill,True,
seed_annulus_empty,report,403.tiff,2,hem_rect_fill_1um,True,
seed_annulus_empty,report,403.tiff,2,hem_rect_fill_1um,True,
seed_annulus_empty,report,403.tiff,2,hem_mask_fill_1um,True,
seed_annulus_empty,report,403.tiff,2,hem_mask_fill_1um,True,
seed_annulus_empty,report,403.tiff,3,default_51,True,
seed_annulus_empty,report,403.tiff,3,default_51,True,
seed_annulus_empty,report,403.tiff,3,hem_rect_fill,True,
seed_annulus_empty,report,403.tiff,3,hem_rect_fill,True,
seed_annulus_empty,report,403.tiff,3,hem_rect_fill_1um,True,
seed_annulus_empty,report,403.tiff,3,hem_rect_fill_1um,True,
seed_annulus_empty,report,403.tiff,3,hem_mask_fill_1um,True,
seed_annulus_empty,report,403.tiff,3,hem_mask_fill_1um,True,
seed_annulus_empty,report,403.tiff,4,default_51,True,
seed_annulus_empty,report,403.tiff,4,default_51,True,
seed_annulus_empty,report,403.tiff,4,hem_rect_fill,True,
seed_annulus_empty,report,403.tiff,4,hem_rect_fill,True,
seed_annulus_empty,report,403.tiff,4,hem_rect_fill_1um,True,
seed_annulus_empty,report,403.tiff,4,hem_rect_fill_1um,True,
seed_annulus_empty,report,403.tiff,4,hem_mask_fill_1um,True,
seed_annulus_empty,report,403.tiff,4,hem_mask_fill_1um,True,
seed_annulus_empty,report,403.tiff,5,default_51,True,
seed_annulus_empty,report,403.tiff,5,default_51,True,
seed_annulus_empty,report,403.tiff,5,hem_rect_fill,True,
seed_annulus_empty,report,403.tiff,5,hem_rect_fill,True,
seed_annulus_empty,report,403.tiff,5,hem_rect_fill_1um,True,
seed_annulus_empty,report,403.tiff,5,hem_rect_fill_1um,True,
seed_annulus_empty,report,403.tiff,5,hem_mask_fill_1um,True,
seed_annulus_empty,report,403.tiff,5,hem_mask_fill_1um,True,
seed_annulus_empty,report,353.tiff,0,default_51,True,
seed_annulus_empty,report,353.tiff,0,default_51,True,
seed_annulus_empty,report,353.tiff,0,hem_rect_fill,True,
seed_annulus_empty,report,353.tiff,0,hem_rect_fill,True,
seed_annulus_empty,report,353.tiff,0,hem_rect_fill_1um,True,
seed_annulus_empty,report,353.tiff,0,hem_rect_fill_1um,True,
seed_annulus_empty,report,353.tiff,0,hem_mask_fill_1um,True,
seed_annulus_empty,report,353.tiff,0,hem_mask_fill_1um,True,
seed_annulus_empty,report,353.tiff,1,default_51,True,
seed_annulus_empty,report,353.tiff,1,default_51,True,
seed_annulus_empty,report,353.tiff,1,hem_rect_fill,True,
seed_annulus_empty,report,353.tiff,1,hem_rect_fill,True,
seed_annulus_empty,report,353.tiff,1,hem_rect_fill_1um,True,
seed_annulus_empty,report,353.tiff,1,hem_rect_fill_1um,True,
seed_annulus_empty,report,353.tiff,1,hem_mask_fill_1um,True,
seed_annulus_empty,report,353.tiff,1,hem_mask_fill_1um,True,
seed_annulus_empty,report,353.tiff,2,default_51,True,
seed_annulus_empty,report,353.tiff,2,default_51,True,
seed_annulus_empty,report,353.tiff,2,hem_rect_fill,True,
seed_annulus_empty,report,353.tiff,2,hem_rect_fill,True,
seed_annulus_empty,report,353.tiff,2,hem_rect_fill_1um,True,
seed_annulus_empty,report,353.tiff,2,hem_rect_fill_1um,True,
seed_annulus_empty,report,353.tiff,2,hem_mask_fill_1um,True,
seed_annulus_empty,report,353.tiff,2,hem_mask_fill_1um,True,
seed_annulus_empty,report,353.tiff,3,default_51,True,
seed_annulus_empty,report,353.tiff,3,default_51,True,
seed_annulus_empty,report,353.tiff,3,hem_rect_fill,True,
seed_annulus_empty,report,353.tiff,3,hem_rect_fill,True,
seed_annulus_empty,report,353.tiff,3,hem_rect_fill_1um,True,
seed_annulus_empty,report,353.tiff,3,hem_rect_fill_1um,True,
seed_annulus_empty,report,353.tiff,3,hem_mask_fill_1um,True,
seed_annulus_empty,report,353.tiff,3,hem_mask_fill_1um,True,
seed_annulus_empty,report,353.tiff,4,default_51,True,
seed_annulus_empty,report,353.tiff,4,default_51,True,
seed_annulus_empty,report,353.tiff,4,hem_rect_fill,True,
seed_annulus_empty,report,353.tiff,4,hem_rect_fill,True,
seed_annulus_empty,report,353.tiff,4,hem_rect_fill_1um,True,
seed_annulus_empty,report,353.tiff,4,hem_rect_fill_1um,True,
seed_annulus_empty,report,353.tiff,4,hem_mask_fill_1um,True,
seed_annulus_empty,report,353.tiff,4,hem_mask_fill_1um,True,
seed_annulus_empty,report,353.tiff,5,default_51,True,
seed_annulus_empty,report,353.tiff,5,default_51,True,
seed_annulus_empty,report,353.tiff,5,hem_rect_fill,True,
seed_annulus_empty,report,353.tiff,5,hem_rect_fill,True,
seed_annulus_empty,report,353.tiff,5,hem_rect_fill_1um,True,
seed_annulus_empty,report,353.tiff,5,hem_rect_fill_1um,True,
seed_annulus_empty,report,353.tiff,5,hem_mask_fill_1um,True,
seed_annulus_empty,report,353.tiff,5,hem_mask_fill_1um,True,
seed_annulus_empty,report,364.tiff,0,default_51,True,
seed_annulus_empty,report,364.tiff,0,default_51,True,
seed_annulus_empty,report,364.tiff,0,hem_rect_fill,True,
seed_annulus_empty,report,364.tiff,0,hem_rect_fill,True,
seed_annulus_empty,report,364.tiff,0,hem_rect_fill_1um,True,
seed_annulus_empty,report,364.tiff,0,hem_rect_fill_1um,True,
seed_annulus_empty,report,364.tiff,0,hem_mask_fill_1um,True,
seed_annulus_empty,report,364.tiff,0,hem_mask_fill_1um,True,
seed_annulus_empty,report,364.tiff,1,default_51,True,
seed_annulus_empty,report,364.tiff,1,default_51,True,
seed_annulus_empty,report,364.tiff,1,hem_rect_fill,True,
seed_annulus_empty,report,364.tiff,1,hem_rect_fill,True,
seed_annulus_empty,report,364.tiff,1,hem_rect_fill_1um,True,
seed_annulus_empty,report,364.tiff,1,hem_rect_fill_1um,True,
seed_annulus_empty,report,364.tiff,1,hem_mask_fill_1um,True,
seed_annulus_empty,report,364.tiff,1,hem_mask_fill_1um,True,
seed_annulus_empty,report,364.tiff,2,default_51,True,
seed_annulus_empty,report,364.tiff,2,default_51,True,
seed_annulus_empty,report,364.tiff,2,hem_rect_fill,True,
seed_annulus_empty,report,364.tiff,2,hem_rect_fill,True,
seed_annulus_empty,report,364.tiff,2,hem_rect_fill_1um,True,
seed_annulus_empty,report,364.tiff,2,hem_rect_fill_1um,True,
seed_annulus_empty,report,364.tiff,2,hem_mask_fill_1um,True,
seed_annulus_empty,report,364.tiff,2,hem_mask_fill_1um,True,
seed_annulus_empty,report,364.tiff,3,default_51,True,
seed_annulus_empty,report,364.tiff,3,default_51,True,
seed_annulus_empty,report,364.tiff,3,hem_rect_fill,True,
seed_annulus_empty,report,364.tiff,3,hem_rect_fill,True,
seed_annulus_empty,report,364.tiff,3,hem_rect_fill_1um,True,
seed_annulus_empty,report,364.tiff,3,hem_rect_fill_1um,True,
seed_annulus_empty,report,364.tiff,3,hem_mask_fill_1um,True,
seed_annulus_empty,report,364.tiff,3,hem_mask_fill_1um,True,
seed_annulus_empty,report,364.tiff,4,default_51,True,
seed_annulus_empty,report,364.tiff,4,default_51,True,
seed_annulus_empty,report,364.tiff,4,hem_rect_fill,True,
seed_annulus_empty,report,364.tiff,4,hem_rect_fill,True,
seed_annulus_empty,report,364.tiff,4,hem_rect_fill_1um,True,
seed_annulus_empty,report,364.tiff,4,hem_rect_fill_1um,True,
seed_annulus_empty,report,364.tiff,4,hem_mask_fill_1um,True,
seed_annulus_empty,report,364.tiff,4,hem_mask_fill_1um,True,
seed_annulus_empty,report,364.tiff,5,default_51,True,
seed_annulus_empty,report,364.tiff,5,default_51,True,
seed_annulus_empty,report,364.tiff,5,hem_rect_fill,True,
seed_annulus_empty,report,364.tiff,5,hem_rect_fill,True,
seed_annulus_empty,report,364.tiff,5,hem_rect_fill_1um,True,
seed_annulus_empty,report,364.tiff,5,hem_rect_fill_1um,True,
seed_annulus_empty,report,364.tiff,5,hem_mask_fill_1um,True,
seed_annulus_empty,report,364.tiff,5,hem_mask_fill_1um,True,
seed_annulus_empty,report,400.tiff,0,default_51,True,
seed_annulus_empty,report,400.tiff,0,default_51,True,
seed_annulus_empty,report,400.tiff,0,hem_rect_fill,True,
seed_annulus_empty,report,400.tiff,0,hem_rect_fill,True,
seed_annulus_empty,report,400.tiff,0,hem_rect_fill_1um,True,
seed_annulus_empty,report,400.tiff,0,hem_rect_fill_1um,True,
seed_annulus_empty,report,400.tiff,0,hem_mask_fill_1um,True,
seed_annulus_empty,report,400.tiff,0,hem_mask_fill_1um,True,
seed_annulus_empty,report,400.tiff,1,default_51,True,
seed_annulus_empty,report,400.tiff,1,default_51,True,
seed_annulus_empty,report,400.tiff,1,hem_rect_fill,True,
seed_annulus_empty,report,400.tiff,1,hem_rect_fill,True,
seed_annulus_empty,report,400.tiff,1,hem_rect_fill_1um,True,
seed_annulus_empty,report,400.tiff,1,hem_rect_fill_1um,True,
seed_annulus_empty,report,400.tiff,1,hem_mask_fill_1um,True,
seed_annulus_empty,report,400.tiff,1,hem_mask_fill_1um,True,
seed_annulus_empty,report,400.tiff,2,default_51,True,
seed_annulus_empty,report,400.tiff,2,default_51,True,
seed_annulus_empty,report,400.tiff,2,hem_rect_fill,True,
seed_annulus_empty,report,400.tiff,2,hem_rect_fill,True,
seed_annulus_empty,report,400.tiff,2,hem_rect_fill_1um,True,
seed_annulus_empty,report,400.tiff,2,hem_rect_fill_1um,True,
seed_annulus_empty,report,400.tiff,2,hem_mask_fill_1um,True,
seed_annulus_empty,report,400.tiff,2,hem_mask_fill_1um,True,
seed_annulus_empty,report,400.tiff,3,default_51,True,
seed_annulus_empty,report,400.tiff,3,default_51,True,
seed_annulus_empty,report,400.tiff,3,hem_rect_fill,True,
seed_annulus_empty,report,400.tiff,3,hem_rect_fill,True,
seed_annulus_empty,report,400.tiff,3,hem_rect_fill_1um,True,
seed_annulus_empty,report,400.tiff,3,hem_rect_fill_1um,True,
seed_annulus_empty,report,400.tiff,3,hem_mask_fill_1um,True,
seed_annulus_empty,report,400.tiff,3,hem_mask_fill_1um,True,
seed_annulus_empty,report,400.tiff,4,default_51,True,
seed_annulus_empty,report,400.tiff,4,default_51,True,
seed_annulus_empty,report,400.tiff,4,hem_rect_fill,True,
seed_annulus_empty,report,400.tiff,4,hem_rect_fill,True,
seed_annulus_empty,report,400.tiff,4,hem_rect_fill_1um,True,
seed_annulus_empty,report,400.tiff,4,hem_rect_fill_1um,True,
seed_annulus_empty,report,400.tiff,4,hem_mask_fill_1um,True,
seed_annulus_empty,report,400.tiff,4,hem_mask_fill_1um,True,
seed_annulus_empty,report,400.tiff,5,default_51,True,
seed_annulus_empty,report,400.tiff,5,default_51,True,
seed_annulus_empty,report,400.tiff,5,hem_rect_fill,True,
seed_annulus_empty,report,400.tiff,5,hem_rect_fill,True,
seed_annulus_empty,report,400.tiff,5,hem_rect_fill_1um,True,
seed_annulus_empty,report,400.tiff,5,hem_rect_fill_1um,True,
seed_annulus_empty,report,400.tiff,5,hem_mask_fill_1um,True,
seed_annulus_empty,report,400.tiff,5,hem_mask_fill_1um,True,
seed_annulus_empty,report,401.tiff,0,default_51,True,
seed_annulus_empty,report,401.tiff,0,default_51,True,
seed_annulus_empty,report,401.tiff,0,hem_rect_fill,True,
seed_annulus_empty,report,401.tiff,0,hem_rect_fill,True,
seed_annulus_empty,report,401.tiff,0,hem_rect_fill_1um,True,
seed_annulus_empty,report,401.tiff,0,hem_rect_fill_1um,True,
seed_annulus_empty,report,401.tiff,0,hem_mask_fill_1um,True,
seed_annulus_empty,report,401.tiff,0,hem_mask_fill_1um,True,
seed_annulus_empty,report,401.tiff,1,default_51,True,
seed_annulus_empty,report,401.tiff,1,default_51,True,
seed_annulus_empty,report,401.tiff,1,hem_rect_fill,True,
seed_annulus_empty,report,401.tiff,1,hem_rect_fill,True,
seed_annulus_empty,report,401.tiff,1,hem_rect_fill_1um,True,
seed_annulus_empty,report,401.tiff,1,hem_rect_fill_1um,True,
seed_annulus_empty,report,401.tiff,1,hem_mask_fill_1um,True,
seed_annulus_empty,report,401.tiff,1,hem_mask_fill_1um,True,
seed_annulus_empty,report,401.tiff,2,default_51,True,
seed_annulus_empty,report,401.tiff,2,default_51,True,
seed_annulus_empty,report,401.tiff,2,hem_rect_fill,True,
seed_annulus_empty,report,401.tiff,2,hem_rect_fill,True,
seed_annulus_empty,report,401.tiff,2,hem_rect_fill_1um,True,
seed_annulus_empty,report,401.tiff,2,hem_rect_fill_1um,True,
seed_annulus_empty,report,401.tiff,2,hem_mask_fill_1um,True,
seed_annulus_empty,report,401.tiff,2,hem_mask_fill_1um,True,
seed_annulus_empty,report,401.tiff,3,default_51,True,
seed_annulus_empty,report,401.tiff,3,default_51,True,
seed_annulus_empty,report,401.tiff,3,hem_rect_fill,True,
seed_annulus_empty,report,401.tiff,3,hem_rect_fill,True,
seed_annulus_empty,report,401.tiff,3,hem_rect_fill_1um,True,
seed_annulus_empty,report,401.tiff,3,hem_rect_fill_1um,True,
seed_annulus_empty,report,401.tiff,3,hem_mask_fill_1um,True,
seed_annulus_empty,report,401.tiff,3,hem_mask_fill_1um,True,
seed_annulus_empty,report,401.tiff,4,default_51,True,
seed_annulus_empty,report,401.tiff,4,default_51,True,
seed_annulus_empty,report,401.tiff,4,hem_rect_fill,True,
seed_annulus_empty,report,401.tiff,4,hem_rect_fill,True,
seed_annulus_empty,report,401.tiff,4,hem_rect_fill_1um,True,
seed_annulus_empty,report,401.tiff,4,hem_rect_fill_1um,True,
seed_annulus_empty,report,401.tiff,4,hem_mask_fill_1um,True,
seed_annulus_empty,report,401.tiff,4,hem_mask_fill_1um,True,
seed_annulus_empty,report,401.tiff,5,default_51,True,
seed_annulus_empty,report,401.tiff,5,default_51,True,
seed_annulus_empty,report,401.tiff,5,hem_rect_fill,True,
seed_annulus_empty,report,401.tiff,5,hem_rect_fill,True,
seed_annulus_empty,report,401.tiff,5,hem_rect_fill_1um,True,
seed_annulus_empty,report,401.tiff,5,hem_rect_fill_1um,True,
seed_annulus_empty,report,401.tiff,5,hem_mask_fill_1um,True,
seed_annulus_empty,report,401.tiff,5,hem_mask_fill_1um,True,
seed_annulus_empty,report,404.tiff,0,default_51,True,
seed_annulus_empty,report,404.tiff,0,default_51,True,
seed_annulus_empty,report,404.tiff,0,hem_rect_fill,True,
seed_annulus_empty,report,404.tiff,0,hem_rect_fill,True,
seed_annulus_empty,report,404.tiff,0,hem_rect_fill_1um,True,
seed_annulus_empty,report,404.tiff,0,hem_rect_fill_1um,True,
seed_annulus_empty,report,404.tiff,0,hem_mask_fill_1um,True,
seed_annulus_empty,report,404.tiff,0,hem_mask_fill_1um,True,
seed_annulus_empty,report,404.tiff,1,default_51,True,
seed_annulus_empty,report,404.tiff,1,default_51,True,
seed_annulus_empty,report,404.tiff,1,hem_rect_fill,True,
seed_annulus_empty,report,404.tiff,1,hem_rect_fill,True,
seed_annulus_empty,report,404.tiff,1,hem_rect_fill_1um,True,
seed_annulus_empty,report,404.tiff,1,hem_rect_fill_1um,True,
seed_annulus_empty,report,404.tiff,1,hem_mask_fill_1um,True,
seed_annulus_empty,report,404.tiff,1,hem_mask_fill_1um,True,
seed_annulus_empty,report,404.tiff,2,default_51,True,
seed_annulus_empty,report,404.tiff,2,default_51,True,
seed_annulus_empty,report,404.tiff,2,hem_rect_fill,True,
seed_annulus_empty,report,404.tiff,2,hem_rect_fill,True,
seed_annulus_empty,report,404.tiff,2,hem_rect_fill_1um,True,
seed_annulus_empty,report,404.tiff,2,hem_rect_fill_1um,True,
seed_annulus_empty,report,404.tiff,2,hem_mask_fill_1um,True,
seed_annulus_empty,report,404.tiff,2,hem_mask_fill_1um,True,
seed_annulus_empty,report,404.tiff,3,default_51,True,
seed_annulus_empty,report,404.tiff,3,default_51,True,
seed_annulus_empty,report,404.tiff,3,hem_rect_fill,True,
seed_annulus_empty,report,404.tiff,3,hem_rect_fill,True,
seed_annulus_empty,report,404.tiff,3,hem_rect_fill_1um,True,
seed_annulus_empty,report,404.tiff,3,hem_rect_fill_1um,True,
seed_annulus_empty,report,404.tiff,3,hem_mask_fill_1um,True,
seed_annulus_empty,report,404.tiff,3,hem_mask_fill_1um,True,
seed_annulus_empty,report,404.tiff,4,default_51,True,
seed_annulus_empty,report,404.tiff,4,default_51,True,
seed_annulus_empty,report,404.tiff,4,hem_rect_fill,True,
seed_annulus_empty,report,404.tiff,4,hem_rect_fill,True,
seed_annulus_empty,report,404.tiff,4,hem_rect_fill_1um,True,
seed_annulus_empty,report,404.tiff,4,hem_rect_fill_1um,True,
seed_annulus_empty,report,404.tiff,4,hem_mask_fill_1um,True,
seed_annulus_empty,report,404.tiff,4,hem_mask_fill_1um,True,
seed_annulus_empty,report,404.tiff,5,default_51,True,
seed_annulus_empty,report,404.tiff,5,default_51,True,
seed_annulus_empty,report,404.tiff,5,hem_rect_fill,True,
seed_annulus_empty,report,404.tiff,5,hem_rect_fill,True,
seed_annulus_empty,report,404.tiff,5,hem_rect_fill_1um,True,
seed_annulus_empty,report,404.tiff,5,hem_rect_fill_1um,True,
seed_annulus_empty,report,404.tiff,5,hem_mask_fill_1um,True,
seed_annulus_empty,report,404.tiff,5,hem_mask_fill_1um,True,
od_bit_exact_vs_recorded,report,ALL,ALL,default_51,True,4410/4410 top-30 od values bit-exact vs recorded default_51
od_bit_exact_vs_recorded,report,ALL,ALL,hem_rect_fill,True,4410/4410 top-30 od values bit-exact vs recorded fill_alpha_1
