check,severity,file_name,seed_index,condition,passed,detail
budget_delivered,halt,300.tiff,0,default_51,True,n_detections=100
budget_delivered,halt,300.tiff,0,fill_alpha_m1,True,n_detections=97
budget_delivered,halt,300.tiff,0,fill_alpha_0,True,n_detections=100
budget_delivered,halt,300.tiff,0,fill_alpha_1,True,n_detections=100
budget_delivered,halt,300.tiff,0,fill_alpha_2,True,n_detections=100
budget_delivered,halt,300.tiff,1,default_51,True,n_detections=100
budget_delivered,halt,300.tiff,1,fill_alpha_m1,True,n_detections=96
budget_delivered,halt,300.tiff,1,fill_alpha_0,True,n_detections=93
budget_delivered,halt,300.tiff,1,fill_alpha_1,True,n_detections=99
budget_delivered,halt,300.tiff,1,fill_alpha_2,True,n_detections=100
budget_delivered,halt,300.tiff,2,default_51,True,n_detections=100
budget_delivered,halt,300.tiff,2,fill_alpha_m1,True,n_detections=98
budget_delivered,halt,300.tiff,2,fill_alpha_0,True,n_detections=98
budget_delivered,halt,300.tiff,2,fill_alpha_1,True,n_detections=99
budget_delivered,halt,300.tiff,2,fill_alpha_2,True,n_detections=100
budget_delivered,halt,301.tiff,0,default_51,True,n_detections=100
budget_delivered,halt,301.tiff,0,fill_alpha_m1,True,n_detections=96
budget_delivered,halt,301.tiff,0,fill_alpha_0,True,n_detections=98
budget_delivered,halt,301.tiff,0,fill_alpha_1,True,n_detections=100
budget_delivered,halt,301.tiff,0,fill_alpha_2,True,n_detections=100
budget_delivered,halt,301.tiff,1,default_51,True,n_detections=100
budget_delivered,halt,301.tiff,1,fill_alpha_m1,True,n_detections=96
budget_delivered,halt,301.tiff,1,fill_alpha_0,True,n_detections=99
budget_delivered,halt,301.tiff,1,fill_alpha_1,True,n_detections=100
budget_delivered,halt,301.tiff,1,fill_alpha_2,True,n_detections=100
budget_delivered,halt,301.tiff,2,default_51,True,n_detections=94
budget_delivered,halt,301.tiff,2,fill_alpha_m1,True,n_detections=89
budget_delivered,halt,301.tiff,2,fill_alpha_0,True,n_detections=94
budget_delivered,halt,301.tiff,2,fill_alpha_1,True,n_detections=98
budget_delivered,halt,301.tiff,2,fill_alpha_2,True,n_detections=98
budget_delivered,halt,322.tiff,0,default_51,True,n_detections=100
budget_delivered,halt,322.tiff,0,fill_alpha_m1,True,n_detections=92
budget_delivered,halt,322.tiff,0,fill_alpha_0,True,n_detections=99
budget_delivered,halt,322.tiff,0,fill_alpha_1,True,n_detections=100
budget_delivered,halt,322.tiff,0,fill_alpha_2,True,n_detections=100
budget_delivered,halt,322.tiff,1,default_51,True,n_detections=99
budget_delivered,halt,322.tiff,1,fill_alpha_m1,True,n_detections=95
budget_delivered,halt,322.tiff,1,fill_alpha_0,True,n_detections=99
budget_delivered,halt,322.tiff,1,fill_alpha_1,True,n_detections=100
budget_delivered,halt,322.tiff,1,fill_alpha_2,True,n_detections=99
budget_delivered,halt,322.tiff,2,default_51,True,n_detections=100
budget_delivered,halt,322.tiff,2,fill_alpha_m1,True,n_detections=92
budget_delivered,halt,322.tiff,2,fill_alpha_0,True,n_detections=99
budget_delivered,halt,322.tiff,2,fill_alpha_1,True,n_detections=100
budget_delivered,halt,322.tiff,2,fill_alpha_2,True,n_detections=100
budget_delivered,halt,337.tiff,0,default_51,True,n_detections=100
budget_delivered,halt,337.tiff,0,fill_alpha_m1,True,n_detections=94
budget_delivered,halt,337.tiff,0,fill_alpha_0,True,n_detections=97
budget_delivered,halt,337.tiff,0,fill_alpha_1,True,n_detections=100
budget_delivered,halt,337.tiff,0,fill_alpha_2,True,n_detections=100
budget_delivered,halt,337.tiff,1,default_51,True,n_detections=100
budget_delivered,halt,337.tiff,1,fill_alpha_m1,True,n_detections=93
budget_delivered,halt,337.tiff,1,fill_alpha_0,True,n_detections=97
budget_delivered,halt,337.tiff,1,fill_alpha_1,True,n_detections=100
budget_delivered,halt,337.tiff,1,fill_alpha_2,True,n_detections=100
budget_delivered,halt,337.tiff,2,default_51,True,n_detections=100
budget_delivered,halt,337.tiff,2,fill_alpha_m1,True,n_detections=94
budget_delivered,halt,337.tiff,2,fill_alpha_0,True,n_detections=100
budget_delivered,halt,337.tiff,2,fill_alpha_1,True,n_detections=100
budget_delivered,halt,337.tiff,2,fill_alpha_2,True,n_detections=100
budget_delivered,halt,339.tiff,0,default_51,True,n_detections=99
budget_delivered,halt,339.tiff,0,fill_alpha_m1,True,n_detections=95
budget_delivered,halt,339.tiff,0,fill_alpha_0,True,n_detections=97
budget_delivered,halt,339.tiff,0,fill_alpha_1,True,n_detections=99
budget_delivered,halt,339.tiff,0,fill_alpha_2,True,n_detections=99
budget_delivered,halt,339.tiff,1,default_51,True,n_detections=100
budget_delivered,halt,339.tiff,1,fill_alpha_m1,True,n_detections=95
budget_delivered,halt,339.tiff,1,fill_alpha_0,True,n_detections=100
budget_delivered,halt,339.tiff,1,fill_alpha_1,True,n_detections=100
budget_delivered,halt,339.tiff,1,fill_alpha_2,True,n_detections=100
budget_delivered,halt,339.tiff,2,default_51,True,n_detections=99
budget_delivered,halt,339.tiff,2,fill_alpha_m1,True,n_detections=93
budget_delivered,halt,339.tiff,2,fill_alpha_0,True,n_detections=99
budget_delivered,halt,339.tiff,2,fill_alpha_1,True,n_detections=99
budget_delivered,halt,339.tiff,2,fill_alpha_2,True,n_detections=98
budget_delivered,halt,343.tiff,0,default_51,True,n_detections=96
budget_delivered,halt,343.tiff,0,fill_alpha_m1,True,n_detections=91
budget_delivered,halt,343.tiff,0,fill_alpha_0,True,n_detections=98
budget_delivered,halt,343.tiff,0,fill_alpha_1,True,n_detections=99
budget_delivered,halt,343.tiff,0,fill_alpha_2,True,n_detections=100
budget_delivered,halt,343.tiff,1,default_51,True,n_detections=100
budget_delivered,halt,343.tiff,1,fill_alpha_m1,True,n_detections=85
budget_delivered,halt,343.tiff,1,fill_alpha_0,True,n_detections=99
budget_delivered,halt,343.tiff,1,fill_alpha_1,True,n_detections=99
budget_delivered,halt,343.tiff,1,fill_alpha_2,True,n_detections=99
budget_delivered,halt,343.tiff,2,default_51,True,n_detections=100
budget_delivered,halt,343.tiff,2,fill_alpha_m1,True,n_detections=91
budget_delivered,halt,343.tiff,2,fill_alpha_0,True,n_detections=98
budget_delivered,halt,343.tiff,2,fill_alpha_1,True,n_detections=100
budget_delivered,halt,343.tiff,2,fill_alpha_2,True,n_detections=100
budget_delivered,halt,344.tiff,0,default_51,True,n_detections=100
budget_delivered,halt,344.tiff,0,fill_alpha_m1,True,n_detections=98
budget_delivered,halt,344.tiff,0,fill_alpha_0,True,n_detections=99
budget_delivered,halt,344.tiff,0,fill_alpha_1,True,n_detections=100
budget_delivered,halt,344.tiff,0,fill_alpha_2,True,n_detections=100
budget_delivered,halt,344.tiff,1,default_51,True,n_detections=99
budget_delivered,halt,344.tiff,1,fill_alpha_m1,True,n_detections=96
budget_delivered,halt,344.tiff,1,fill_alpha_0,True,n_detections=99
budget_delivered,halt,344.tiff,1,fill_alpha_1,True,n_detections=100
budget_delivered,halt,344.tiff,1,fill_alpha_2,True,n_detections=100
budget_delivered,halt,344.tiff,2,default_51,True,n_detections=99
budget_delivered,halt,344.tiff,2,fill_alpha_m1,True,n_detections=97
budget_delivered,halt,344.tiff,2,fill_alpha_0,True,n_detections=98
budget_delivered,halt,344.tiff,2,fill_alpha_1,True,n_detections=99
budget_delivered,halt,344.tiff,2,fill_alpha_2,True,n_detections=100
budget_delivered,halt,201.tiff,0,default_51,True,n_detections=99
budget_delivered,halt,201.tiff,0,fill_alpha_m1,True,n_detections=93
budget_delivered,halt,201.tiff,0,fill_alpha_0,True,n_detections=98
budget_delivered,halt,201.tiff,0,fill_alpha_1,True,n_detections=98
budget_delivered,halt,201.tiff,0,fill_alpha_2,True,n_detections=99
budget_delivered,halt,201.tiff,1,default_51,True,n_detections=100
budget_delivered,halt,201.tiff,1,fill_alpha_m1,True,n_detections=99
budget_delivered,halt,201.tiff,1,fill_alpha_0,True,n_detections=99
budget_delivered,halt,201.tiff,1,fill_alpha_1,True,n_detections=99
budget_delivered,halt,201.tiff,1,fill_alpha_2,True,n_detections=100
budget_delivered,halt,201.tiff,2,default_51,True,n_detections=100
budget_delivered,halt,201.tiff,2,fill_alpha_m1,True,n_detections=85
budget_delivered,halt,201.tiff,2,fill_alpha_0,True,n_detections=100
budget_delivered,halt,201.tiff,2,fill_alpha_1,True,n_detections=99
budget_delivered,halt,201.tiff,2,fill_alpha_2,True,n_detections=99
budget_delivered,halt,233.tiff,0,default_51,True,n_detections=100
budget_delivered,halt,233.tiff,0,fill_alpha_m1,True,n_detections=99
budget_delivered,halt,233.tiff,0,fill_alpha_0,True,n_detections=97
budget_delivered,halt,233.tiff,0,fill_alpha_1,True,n_detections=100
budget_delivered,halt,233.tiff,0,fill_alpha_2,True,n_detections=100
budget_delivered,halt,233.tiff,1,default_51,True,n_detections=100
budget_delivered,halt,233.tiff,1,fill_alpha_m1,True,n_detections=95
budget_delivered,halt,233.tiff,1,fill_alpha_0,True,n_detections=100
budget_delivered,halt,233.tiff,1,fill_alpha_1,True,n_detections=100
budget_delivered,halt,233.tiff,1,fill_alpha_2,True,n_detections=100
budget_delivered,halt,233.tiff,2,default_51,True,n_detections=100
budget_delivered,halt,233.tiff,2,fill_alpha_m1,True,n_detections=91
budget_delivered,halt,233.tiff,2,fill_alpha_0,True,n_detections=99
budget_delivered,halt,233.tiff,2,fill_alpha_1,True,n_detections=100
budget_delivered,halt,233.tiff,2,fill_alpha_2,True,n_detections=100
budget_delivered,halt,211.tiff,0,default_51,True,n_detections=100
budget_delivered,halt,211.tiff,0,fill_alpha_m1,True,n_detections=99
budget_delivered,halt,211.tiff,0,fill_alpha_0,True,n_detections=98
budget_delivered,halt,211.tiff,0,fill_alpha_1,True,n_detections=100
budget_delivered,halt,211.tiff,0,fill_alpha_2,True,n_detections=100
budget_delivered,halt,211.tiff,1,default_51,True,n_detections=99
budget_delivered,halt,211.tiff,1,fill_alpha_m1,True,n_detections=94
budget_delivered,halt,211.tiff,1,fill_alpha_0,True,n_detections=98
budget_delivered,halt,211.tiff,1,fill_alpha_1,True,n_detections=100
budget_delivered,halt,211.tiff,1,fill_alpha_2,True,n_detections=99
budget_delivered,halt,211.tiff,2,default_51,True,n_detections=100
budget_delivered,halt,211.tiff,2,fill_alpha_m1,True,n_detections=98
budget_delivered,halt,211.tiff,2,fill_alpha_0,True,n_detections=98
budget_delivered,halt,211.tiff,2,fill_alpha_1,True,n_detections=99
budget_delivered,halt,211.tiff,2,fill_alpha_2,True,n_detections=100
budget_delivered,halt,220.tiff,0,default_51,True,n_detections=99
budget_delivered,halt,220.tiff,0,fill_alpha_m1,True,n_detections=94
budget_delivered,halt,220.tiff,0,fill_alpha_0,True,n_detections=98
budget_delivered,halt,220.tiff,0,fill_alpha_1,True,n_detections=99
budget_delivered,halt,220.tiff,0,fill_alpha_2,True,n_detections=99
budget_delivered,halt,220.tiff,1,default_51,True,n_detections=100
budget_delivered,halt,220.tiff,1,fill_alpha_m1,True,n_detections=92
budget_delivered,halt,220.tiff,1,fill_alpha_0,True,n_detections=100
budget_delivered,halt,220.tiff,1,fill_alpha_1,True,n_detections=99
budget_delivered,halt,220.tiff,1,fill_alpha_2,True,n_detections=99
budget_delivered,halt,220.tiff,2,default_51,True,n_detections=100
budget_delivered,halt,220.tiff,2,fill_alpha_m1,True,n_detections=91
budget_delivered,halt,220.tiff,2,fill_alpha_0,True,n_detections=99
budget_delivered,halt,220.tiff,2,fill_alpha_1,True,n_detections=100
budget_delivered,halt,220.tiff,2,fill_alpha_2,True,n_detections=100
budget_delivered,halt,230.tiff,0,default_51,True,n_detections=100
budget_delivered,halt,230.tiff,0,fill_alpha_m1,True,n_detections=97
budget_delivered,halt,230.tiff,0,fill_alpha_0,True,n_detections=99
budget_delivered,halt,230.tiff,0,fill_alpha_1,True,n_detections=100
budget_delivered,halt,230.tiff,0,fill_alpha_2,True,n_detections=100
budget_delivered,halt,230.tiff,1,default_51,True,n_detections=100
budget_delivered,halt,230.tiff,1,fill_alpha_m1,True,n_detections=100
budget_delivered,halt,230.tiff,1,fill_alpha_0,True,n_detections=99
budget_delivered,halt,230.tiff,1,fill_alpha_1,True,n_detections=100
budget_delivered,halt,230.tiff,1,fill_alpha_2,True,n_detections=100
budget_delivered,halt,230.tiff,2,default_51,True,n_detections=99
budget_delivered,halt,230.tiff,2,fill_alpha_m1,True,n_detections=98
budget_delivered,halt,230.tiff,2,fill_alpha_0,True,n_detections=100
budget_delivered,halt,230.tiff,2,fill_alpha_1,True,n_detections=99
budget_delivered,halt,230.tiff,2,fill_alpha_2,True,n_detections=100
budget_delivered,halt,235.tiff,0,default_51,True,n_detections=98
budget_delivered,halt,235.tiff,0,fill_alpha_m1,True,n_detections=90
budget_delivered,halt,235.tiff,0,fill_alpha_0,True,n_detections=96
budget_delivered,halt,235.tiff,0,fill_alpha_1,True,n_detections=99
budget_delivered,halt,235.tiff,0,fill_alpha_2,True,n_detections=99
budget_delivered,halt,235.tiff,1,default_51,True,n_detections=97
budget_delivered,halt,235.tiff,1,fill_alpha_m1,True,n_detections=92
budget_delivered,halt,235.tiff,1,fill_alpha_0,True,n_detections=95
budget_delivered,halt,235.tiff,1,fill_alpha_1,True,n_detections=99
budget_delivered,halt,235.tiff,1,fill_alpha_2,True,n_detections=99
budget_delivered,halt,235.tiff,2,default_51,True,n_detections=100
budget_delivered,halt,235.tiff,2,fill_alpha_m1,True,n_detections=94
budget_delivered,halt,235.tiff,2,fill_alpha_0,True,n_detections=95
budget_delivered,halt,235.tiff,2,fill_alpha_1,True,n_detections=100
budget_delivered,halt,235.tiff,2,fill_alpha_2,True,n_detections=100
budget_delivered,halt,242.tiff,0,default_51,True,n_detections=98
budget_delivered,halt,242.tiff,0,fill_alpha_m1,True,n_detections=94
budget_delivered,halt,242.tiff,0,fill_alpha_0,True,n_detections=99
budget_delivered,halt,242.tiff,0,fill_alpha_1,True,n_detections=99
budget_delivered,halt,242.tiff,0,fill_alpha_2,True,n_detections=100
budget_delivered,halt,242.tiff,1,default_51,True,n_detections=100
budget_delivered,halt,242.tiff,1,fill_alpha_m1,True,n_detections=94
budget_delivered,halt,242.tiff,1,fill_alpha_0,True,n_detections=100
budget_delivered,halt,242.tiff,1,fill_alpha_1,True,n_detections=100
budget_delivered,halt,242.tiff,1,fill_alpha_2,True,n_detections=100
budget_delivered,halt,242.tiff,2,default_51,True,n_detections=99
budget_delivered,halt,242.tiff,2,fill_alpha_m1,True,n_detections=95
budget_delivered,halt,242.tiff,2,fill_alpha_0,True,n_detections=98
budget_delivered,halt,242.tiff,2,fill_alpha_1,True,n_detections=99
budget_delivered,halt,242.tiff,2,fill_alpha_2,True,n_detections=99
budget_delivered,halt,245.tiff,0,default_51,True,n_detections=98
budget_delivered,halt,245.tiff,0,fill_alpha_m1,True,n_detections=100
budget_delivered,halt,245.tiff,0,fill_alpha_0,True,n_detections=100
budget_delivered,halt,245.tiff,0,fill_alpha_1,True,n_detections=97
budget_delivered,halt,245.tiff,0,fill_alpha_2,True,n_detections=97
budget_delivered,halt,245.tiff,1,default_51,True,n_detections=98
budget_delivered,halt,245.tiff,1,fill_alpha_m1,True,n_detections=97
budget_delivered,halt,245.tiff,1,fill_alpha_0,True,n_detections=96
budget_delivered,halt,245.tiff,1,fill_alpha_1,True,n_detections=96
budget_delivered,halt,245.tiff,1,fill_alpha_2,True,n_detections=97
budget_delivered,halt,245.tiff,2,default_51,True,n_detections=99
budget_delivered,halt,245.tiff,2,fill_alpha_m1,True,n_detections=98
budget_delivered,halt,245.tiff,2,fill_alpha_0,True,n_detections=98
budget_delivered,halt,245.tiff,2,fill_alpha_1,True,n_detections=99
budget_delivered,halt,245.tiff,2,fill_alpha_2,True,n_detections=100
budget_delivered,halt,246.tiff,0,default_51,True,n_detections=98
budget_delivered,halt,246.tiff,0,fill_alpha_m1,True,n_detections=97
budget_delivered,halt,246.tiff,0,fill_alpha_0,True,n_detections=94
budget_delivered,halt,246.tiff,0,fill_alpha_1,True,n_detections=97
budget_delivered,halt,246.tiff,0,fill_alpha_2,True,n_detections=99
budget_delivered,halt,246.tiff,1,default_51,True,n_detections=98
budget_delivered,halt,246.tiff,1,fill_alpha_m1,True,n_detections=93
budget_delivered,halt,246.tiff,1,fill_alpha_0,True,n_detections=96
budget_delivered,halt,246.tiff,1,fill_alpha_1,True,n_detections=97
budget_delivered,halt,246.tiff,1,fill_alpha_2,True,n_detections=100
budget_delivered,halt,246.tiff,2,default_51,True,n_detections=100
budget_delivered,halt,246.tiff,2,fill_alpha_m1,True,n_detections=93
budget_delivered,halt,246.tiff,2,fill_alpha_0,True,n_detections=95
budget_delivered,halt,246.tiff,2,fill_alpha_1,True,n_detections=99
budget_delivered,halt,246.tiff,2,fill_alpha_2,True,n_detections=100
budget_delivered,halt,249.tiff,0,default_51,True,n_detections=100
budget_delivered,halt,249.tiff,0,fill_alpha_m1,True,n_detections=95
budget_delivered,halt,249.tiff,0,fill_alpha_0,True,n_detections=100
budget_delivered,halt,249.tiff,0,fill_alpha_1,True,n_detections=100
budget_delivered,halt,249.tiff,0,fill_alpha_2,True,n_detections=100
budget_delivered,halt,249.tiff,1,default_51,True,n_detections=97
budget_delivered,halt,249.tiff,1,fill_alpha_m1,True,n_detections=96
budget_delivered,halt,249.tiff,1,fill_alpha_0,True,n_detections=100
budget_delivered,halt,249.tiff,1,fill_alpha_1,True,n_detections=100
budget_delivered,halt,249.tiff,1,fill_alpha_2,True,n_detections=100
budget_delivered,halt,249.tiff,2,default_51,True,n_detections=100
budget_delivered,halt,249.tiff,2,fill_alpha_m1,True,n_detections=99
budget_delivered,halt,249.tiff,2,fill_alpha_0,True,n_detections=99
budget_delivered,halt,249.tiff,2,fill_alpha_1,True,n_detections=100
budget_delivered,halt,249.tiff,2,fill_alpha_2,True,n_detections=100
budget_delivered,halt,284.tiff,0,default_51,True,n_detections=100
budget_delivered,halt,284.tiff,0,fill_alpha_m1,True,n_detections=98
budget_delivered,halt,284.tiff,0,fill_alpha_0,True,n_detections=98
budget_delivered,halt,284.tiff,0,fill_alpha_1,True,n_detections=100
budget_delivered,halt,284.tiff,0,fill_alpha_2,True,n_detections=100
budget_delivered,halt,284.tiff,1,default_51,True,n_detections=100
budget_delivered,halt,284.tiff,1,fill_alpha_m1,True,n_detections=100
budget_delivered,halt,284.tiff,1,fill_alpha_0,True,n_detections=99
budget_delivered,halt,284.tiff,1,fill_alpha_1,True,n_detections=100
budget_delivered,halt,284.tiff,1,fill_alpha_2,True,n_detections=100
budget_delivered,halt,284.tiff,2,default_51,True,n_detections=100
budget_delivered,halt,284.tiff,2,fill_alpha_m1,True,n_detections=100
budget_delivered,halt,284.tiff,2,fill_alpha_0,True,n_detections=96
budget_delivered,halt,284.tiff,2,fill_alpha_1,True,n_detections=100
budget_delivered,halt,284.tiff,2,fill_alpha_2,True,n_detections=100
budget_delivered,halt,289.tiff,0,default_51,True,n_detections=100
budget_delivered,halt,289.tiff,0,fill_alpha_m1,True,n_detections=95
budget_delivered,halt,289.tiff,0,fill_alpha_0,True,n_detections=98
budget_delivered,halt,289.tiff,0,fill_alpha_1,True,n_detections=100
budget_delivered,halt,289.tiff,0,fill_alpha_2,True,n_detections=100
budget_delivered,halt,289.tiff,1,default_51,True,n_detections=98
budget_delivered,halt,289.tiff,1,fill_alpha_m1,True,n_detections=94
budget_delivered,halt,289.tiff,1,fill_alpha_0,True,n_detections=100
budget_delivered,halt,289.tiff,1,fill_alpha_1,True,n_detections=99
budget_delivered,halt,289.tiff,1,fill_alpha_2,True,n_detections=98
budget_delivered,halt,289.tiff,2,default_51,True,n_detections=99
budget_delivered,halt,289.tiff,2,fill_alpha_m1,True,n_detections=95
budget_delivered,halt,289.tiff,2,fill_alpha_0,True,n_detections=99
budget_delivered,halt,289.tiff,2,fill_alpha_1,True,n_detections=99
budget_delivered,halt,289.tiff,2,fill_alpha_2,True,n_detections=99
budget_delivered,halt,291.tiff,0,default_51,True,n_detections=82
budget_delivered,halt,291.tiff,0,fill_alpha_m1,True,n_detections=99
budget_delivered,halt,291.tiff,0,fill_alpha_0,True,n_detections=100
budget_delivered,halt,291.tiff,0,fill_alpha_1,True,n_detections=100
budget_delivered,halt,291.tiff,0,fill_alpha_2,True,n_detections=100
budget_delivered,halt,291.tiff,1,default_51,True,n_detections=97
budget_delivered,halt,291.tiff,1,fill_alpha_m1,True,n_detections=95
budget_delivered,halt,291.tiff,1,fill_alpha_0,True,n_detections=100
budget_delivered,halt,291.tiff,1,fill_alpha_1,True,n_detections=100
budget_delivered,halt,291.tiff,1,fill_alpha_2,True,n_detections=100
budget_delivered,halt,291.tiff,2,default_51,True,n_detections=99
budget_delivered,halt,291.tiff,2,fill_alpha_m1,True,n_detections=99
budget_delivered,halt,291.tiff,2,fill_alpha_0,True,n_detections=99
budget_delivered,halt,291.tiff,2,fill_alpha_1,True,n_detections=100
budget_delivered,halt,291.tiff,2,fill_alpha_2,True,n_detections=100
budget_delivered,halt,293.tiff,0,default_51,True,n_detections=100
budget_delivered,halt,293.tiff,0,fill_alpha_m1,True,n_detections=86
budget_delivered,halt,293.tiff,0,fill_alpha_0,True,n_detections=97
budget_delivered,halt,293.tiff,0,fill_alpha_1,True,n_detections=100
budget_delivered,halt,293.tiff,0,fill_alpha_2,True,n_detections=100
budget_delivered,halt,293.tiff,1,default_51,True,n_detections=100
budget_delivered,halt,293.tiff,1,fill_alpha_m1,True,n_detections=85
budget_delivered,halt,293.tiff,1,fill_alpha_0,True,n_detections=99
budget_delivered,halt,293.tiff,1,fill_alpha_1,True,n_detections=100
budget_delivered,halt,293.tiff,1,fill_alpha_2,True,n_detections=100
budget_delivered,halt,293.tiff,2,default_51,True,n_detections=100
budget_delivered,halt,293.tiff,2,fill_alpha_m1,True,n_detections=95
budget_delivered,halt,293.tiff,2,fill_alpha_0,True,n_detections=98
budget_delivered,halt,293.tiff,2,fill_alpha_1,True,n_detections=99
budget_delivered,halt,293.tiff,2,fill_alpha_2,True,n_detections=100
budget_delivered,halt,459.tiff,0,default_51,True,n_detections=100
budget_delivered,halt,459.tiff,0,fill_alpha_m1,True,n_detections=98
budget_delivered,halt,459.tiff,0,fill_alpha_0,True,n_detections=100
budget_delivered,halt,459.tiff,0,fill_alpha_1,True,n_detections=99
budget_delivered,halt,459.tiff,0,fill_alpha_2,True,n_detections=100
budget_delivered,halt,459.tiff,1,default_51,True,n_detections=100
budget_delivered,halt,459.tiff,1,fill_alpha_m1,True,n_detections=94
budget_delivered,halt,459.tiff,1,fill_alpha_0,True,n_detections=100
budget_delivered,halt,459.tiff,1,fill_alpha_1,True,n_detections=100
budget_delivered,halt,459.tiff,1,fill_alpha_2,True,n_detections=100
budget_delivered,halt,459.tiff,2,default_51,True,n_detections=100
budget_delivered,halt,459.tiff,2,fill_alpha_m1,True,n_detections=95
budget_delivered,halt,459.tiff,2,fill_alpha_0,True,n_detections=100
budget_delivered,halt,459.tiff,2,fill_alpha_1,True,n_detections=100
budget_delivered,halt,459.tiff,2,fill_alpha_2,True,n_detections=100
budget_delivered,halt,460.tiff,0,default_51,True,n_detections=100
budget_delivered,halt,460.tiff,0,fill_alpha_m1,True,n_detections=95
budget_delivered,halt,460.tiff,0,fill_alpha_0,True,n_detections=99
budget_delivered,halt,460.tiff,0,fill_alpha_1,True,n_detections=100
budget_delivered,halt,460.tiff,0,fill_alpha_2,True,n_detections=100
budget_delivered,halt,460.tiff,1,default_51,True,n_detections=100
budget_delivered,halt,460.tiff,1,fill_alpha_m1,True,n_detections=98
budget_delivered,halt,460.tiff,1,fill_alpha_0,True,n_detections=97
budget_delivered,halt,460.tiff,1,fill_alpha_1,True,n_detections=98
budget_delivered,halt,460.tiff,1,fill_alpha_2,True,n_detections=99
budget_delivered,halt,460.tiff,2,default_51,True,n_detections=100
budget_delivered,halt,460.tiff,2,fill_alpha_m1,True,n_detections=99
budget_delivered,halt,460.tiff,2,fill_alpha_0,True,n_detections=100
budget_delivered,halt,460.tiff,2,fill_alpha_1,True,n_detections=100
budget_delivered,halt,460.tiff,2,fill_alpha_2,True,n_detections=100
budget_delivered,halt,410.tiff,0,default_51,True,n_detections=90
budget_delivered,halt,410.tiff,0,fill_alpha_m1,True,n_detections=93
budget_delivered,halt,410.tiff,0,fill_alpha_0,True,n_detections=95
budget_delivered,halt,410.tiff,0,fill_alpha_1,True,n_detections=99
budget_delivered,halt,410.tiff,0,fill_alpha_2,True,n_detections=100
budget_delivered,halt,410.tiff,1,default_51,True,n_detections=100
budget_delivered,halt,410.tiff,1,fill_alpha_m1,True,n_detections=91
budget_delivered,halt,410.tiff,1,fill_alpha_0,True,n_detections=99
budget_delivered,halt,410.tiff,1,fill_alpha_1,True,n_detections=99
budget_delivered,halt,410.tiff,1,fill_alpha_2,True,n_detections=100
budget_delivered,halt,410.tiff,2,default_51,True,n_detections=100
budget_delivered,halt,410.tiff,2,fill_alpha_m1,True,n_detections=96
budget_delivered,halt,410.tiff,2,fill_alpha_0,True,n_detections=98
budget_delivered,halt,410.tiff,2,fill_alpha_1,True,n_detections=100
budget_delivered,halt,410.tiff,2,fill_alpha_2,True,n_detections=98
budget_delivered,halt,425.tiff,0,default_51,True,n_detections=100
budget_delivered,halt,425.tiff,0,fill_alpha_m1,True,n_detections=87
budget_delivered,halt,425.tiff,0,fill_alpha_0,True,n_detections=98
budget_delivered,halt,425.tiff,0,fill_alpha_1,True,n_detections=100
budget_delivered,halt,425.tiff,0,fill_alpha_2,True,n_detections=100
budget_delivered,halt,425.tiff,1,default_51,True,n_detections=97
budget_delivered,halt,425.tiff,1,fill_alpha_m1,True,n_detections=90
budget_delivered,halt,425.tiff,1,fill_alpha_0,True,n_detections=95
budget_delivered,halt,425.tiff,1,fill_alpha_1,True,n_detections=97
budget_delivered,halt,425.tiff,1,fill_alpha_2,True,n_detections=97
budget_delivered,halt,425.tiff,2,default_51,True,n_detections=99
budget_delivered,halt,425.tiff,2,fill_alpha_m1,True,n_detections=89
budget_delivered,halt,425.tiff,2,fill_alpha_0,True,n_detections=96
budget_delivered,halt,425.tiff,2,fill_alpha_1,True,n_detections=100
budget_delivered,halt,425.tiff,2,fill_alpha_2,True,n_detections=98
budget_delivered,halt,435.tiff,0,default_51,True,n_detections=97
budget_delivered,halt,435.tiff,0,fill_alpha_m1,True,n_detections=98
budget_delivered,halt,435.tiff,0,fill_alpha_0,True,n_detections=97
budget_delivered,halt,435.tiff,0,fill_alpha_1,True,n_detections=100
budget_delivered,halt,435.tiff,0,fill_alpha_2,True,n_detections=100
budget_delivered,halt,435.tiff,1,default_51,True,n_detections=99
budget_delivered,halt,435.tiff,1,fill_alpha_m1,True,n_detections=98
budget_delivered,halt,435.tiff,1,fill_alpha_0,True,n_detections=100
budget_delivered,halt,435.tiff,1,fill_alpha_1,True,n_detections=99
budget_delivered,halt,435.tiff,1,fill_alpha_2,True,n_detections=100
budget_delivered,halt,435.tiff,2,default_51,True,n_detections=99
budget_delivered,halt,435.tiff,2,fill_alpha_m1,True,n_detections=97
budget_delivered,halt,435.tiff,2,fill_alpha_0,True,n_detections=100
budget_delivered,halt,435.tiff,2,fill_alpha_1,True,n_detections=100
budget_delivered,halt,435.tiff,2,fill_alpha_2,True,n_detections=100
budget_delivered,halt,462.tiff,0,default_51,True,n_detections=100
budget_delivered,halt,462.tiff,0,fill_alpha_m1,True,n_detections=91
budget_delivered,halt,462.tiff,0,fill_alpha_0,True,n_detections=99
budget_delivered,halt,462.tiff,0,fill_alpha_1,True,n_detections=100
budget_delivered,halt,462.tiff,0,fill_alpha_2,True,n_detections=100
budget_delivered,halt,462.tiff,1,default_51,True,n_detections=100
budget_delivered,halt,462.tiff,1,fill_alpha_m1,True,n_detections=91
budget_delivered,halt,462.tiff,1,fill_alpha_0,True,n_detections=98
budget_delivered,halt,462.tiff,1,fill_alpha_1,True,n_detections=100
budget_delivered,halt,462.tiff,1,fill_alpha_2,True,n_detections=100
budget_delivered,halt,462.tiff,2,default_51,True,n_detections=100
budget_delivered,halt,462.tiff,2,fill_alpha_m1,True,n_detections=94
budget_delivered,halt,462.tiff,2,fill_alpha_0,True,n_detections=97
budget_delivered,halt,462.tiff,2,fill_alpha_1,True,n_detections=99
budget_delivered,halt,462.tiff,2,fill_alpha_2,True,n_detections=99
budget_delivered,halt,499.tiff,0,default_51,True,n_detections=98
budget_delivered,halt,499.tiff,0,fill_alpha_m1,True,n_detections=79
budget_delivered,halt,499.tiff,0,fill_alpha_0,True,n_detections=95
budget_delivered,halt,499.tiff,0,fill_alpha_1,True,n_detections=99
budget_delivered,halt,499.tiff,0,fill_alpha_2,True,n_detections=99
budget_delivered,halt,499.tiff,1,default_51,True,n_detections=98
budget_delivered,halt,499.tiff,1,fill_alpha_m1,True,n_detections=82
budget_delivered,halt,499.tiff,1,fill_alpha_0,True,n_detections=92
budget_delivered,halt,499.tiff,1,fill_alpha_1,True,n_detections=99
budget_delivered,halt,499.tiff,1,fill_alpha_2,True,n_detections=99
budget_delivered,halt,499.tiff,2,default_51,True,n_detections=96
budget_delivered,halt,499.tiff,2,fill_alpha_m1,True,n_detections=78
budget_delivered,halt,499.tiff,2,fill_alpha_0,True,n_detections=91
budget_delivered,halt,499.tiff,2,fill_alpha_1,True,n_detections=96
budget_delivered,halt,499.tiff,2,fill_alpha_2,True,n_detections=99
budget_delivered,halt,013.tiff,0,default_51,True,n_detections=100
budget_delivered,halt,013.tiff,0,fill_alpha_m1,True,n_detections=87
budget_delivered,halt,013.tiff,0,fill_alpha_0,True,n_detections=98
budget_delivered,halt,013.tiff,0,fill_alpha_1,True,n_detections=100
budget_delivered,halt,013.tiff,0,fill_alpha_2,True,n_detections=99
budget_delivered,halt,013.tiff,1,default_51,True,n_detections=100
budget_delivered,halt,013.tiff,1,fill_alpha_m1,True,n_detections=96
budget_delivered,halt,013.tiff,1,fill_alpha_0,True,n_detections=98
budget_delivered,halt,013.tiff,1,fill_alpha_1,True,n_detections=100
budget_delivered,halt,013.tiff,1,fill_alpha_2,True,n_detections=99
budget_delivered,halt,013.tiff,2,default_51,True,n_detections=99
budget_delivered,halt,013.tiff,2,fill_alpha_m1,True,n_detections=88
budget_delivered,halt,013.tiff,2,fill_alpha_0,True,n_detections=94
budget_delivered,halt,013.tiff,2,fill_alpha_1,True,n_detections=99
budget_delivered,halt,013.tiff,2,fill_alpha_2,True,n_detections=100
budget_delivered,halt,094.tiff,0,default_51,True,n_detections=100
budget_delivered,halt,094.tiff,0,fill_alpha_m1,True,n_detections=91
budget_delivered,halt,094.tiff,0,fill_alpha_0,True,n_detections=98
budget_delivered,halt,094.tiff,0,fill_alpha_1,True,n_detections=100
budget_delivered,halt,094.tiff,0,fill_alpha_2,True,n_detections=100
budget_delivered,halt,094.tiff,1,default_51,True,n_detections=100
budget_delivered,halt,094.tiff,1,fill_alpha_m1,True,n_detections=96
budget_delivered,halt,094.tiff,1,fill_alpha_0,True,n_detections=98
budget_delivered,halt,094.tiff,1,fill_alpha_1,True,n_detections=100
budget_delivered,halt,094.tiff,1,fill_alpha_2,True,n_detections=100
budget_delivered,halt,094.tiff,2,default_51,True,n_detections=96
budget_delivered,halt,094.tiff,2,fill_alpha_m1,True,n_detections=91
budget_delivered,halt,094.tiff,2,fill_alpha_0,True,n_detections=99
budget_delivered,halt,094.tiff,2,fill_alpha_1,True,n_detections=100
budget_delivered,halt,094.tiff,2,fill_alpha_2,True,n_detections=100
budget_delivered,halt,007.tiff,0,default_51,True,n_detections=99
budget_delivered,halt,007.tiff,0,fill_alpha_m1,True,n_detections=86
budget_delivered,halt,007.tiff,0,fill_alpha_0,True,n_detections=98
budget_delivered,halt,007.tiff,0,fill_alpha_1,True,n_detections=99
budget_delivered,halt,007.tiff,0,fill_alpha_2,True,n_detections=99
budget_delivered,halt,007.tiff,1,default_51,True,n_detections=100
budget_delivered,halt,007.tiff,1,fill_alpha_m1,True,n_detections=87
budget_delivered,halt,007.tiff,1,fill_alpha_0,True,n_detections=100
budget_delivered,halt,007.tiff,1,fill_alpha_1,True,n_detections=99
budget_delivered,halt,007.tiff,1,fill_alpha_2,True,n_detections=100
budget_delivered,halt,007.tiff,2,default_51,True,n_detections=100
budget_delivered,halt,007.tiff,2,fill_alpha_m1,True,n_detections=88
budget_delivered,halt,007.tiff,2,fill_alpha_0,True,n_detections=96
budget_delivered,halt,007.tiff,2,fill_alpha_1,True,n_detections=100
budget_delivered,halt,007.tiff,2,fill_alpha_2,True,n_detections=100
budget_delivered,halt,072.tiff,0,default_51,True,n_detections=100
budget_delivered,halt,072.tiff,0,fill_alpha_m1,True,n_detections=96
budget_delivered,halt,072.tiff,0,fill_alpha_0,True,n_detections=97
budget_delivered,halt,072.tiff,0,fill_alpha_1,True,n_detections=100
budget_delivered,halt,072.tiff,0,fill_alpha_2,True,n_detections=100
budget_delivered,halt,072.tiff,1,default_51,True,n_detections=99
budget_delivered,halt,072.tiff,1,fill_alpha_m1,True,n_detections=96
budget_delivered,halt,072.tiff,1,fill_alpha_0,True,n_detections=97
budget_delivered,halt,072.tiff,1,fill_alpha_1,True,n_detections=99
budget_delivered,halt,072.tiff,1,fill_alpha_2,True,n_detections=100
budget_delivered,halt,072.tiff,2,default_51,True,n_detections=100
budget_delivered,halt,072.tiff,2,fill_alpha_m1,True,n_detections=90
budget_delivered,halt,072.tiff,2,fill_alpha_0,True,n_detections=100
budget_delivered,halt,072.tiff,2,fill_alpha_1,True,n_detections=100
budget_delivered,halt,072.tiff,2,fill_alpha_2,True,n_detections=99
budget_delivered,halt,100.tiff,0,default_51,True,n_detections=98
budget_delivered,halt,100.tiff,0,fill_alpha_m1,True,n_detections=89
budget_delivered,halt,100.tiff,0,fill_alpha_0,True,n_detections=97
budget_delivered,halt,100.tiff,0,fill_alpha_1,True,n_detections=98
budget_delivered,halt,100.tiff,0,fill_alpha_2,True,n_detections=100
budget_delivered,halt,100.tiff,1,default_51,True,n_detections=99
budget_delivered,halt,100.tiff,1,fill_alpha_m1,True,n_detections=88
budget_delivered,halt,100.tiff,1,fill_alpha_0,True,n_detections=96
budget_delivered,halt,100.tiff,1,fill_alpha_1,True,n_detections=99
budget_delivered,halt,100.tiff,1,fill_alpha_2,True,n_detections=99
budget_delivered,halt,100.tiff,2,default_51,True,n_detections=100
budget_delivered,halt,100.tiff,2,fill_alpha_m1,True,n_detections=94
budget_delivered,halt,100.tiff,2,fill_alpha_0,True,n_detections=99
budget_delivered,halt,100.tiff,2,fill_alpha_1,True,n_detections=100
budget_delivered,halt,100.tiff,2,fill_alpha_2,True,n_detections=100
budget_delivered,halt,123.tiff,0,default_51,True,n_detections=95
budget_delivered,halt,123.tiff,0,fill_alpha_m1,True,n_detections=84
budget_delivered,halt,123.tiff,0,fill_alpha_0,True,n_detections=95
budget_delivered,halt,123.tiff,0,fill_alpha_1,True,n_detections=94
budget_delivered,halt,123.tiff,0,fill_alpha_2,True,n_detections=96
budget_delivered,halt,123.tiff,1,default_51,True,n_detections=98
budget_delivered,halt,123.tiff,1,fill_alpha_m1,True,n_detections=90
budget_delivered,halt,123.tiff,1,fill_alpha_0,True,n_detections=95
budget_delivered,halt,123.tiff,1,fill_alpha_1,True,n_detections=98
budget_delivered,halt,123.tiff,1,fill_alpha_2,True,n_detections=100
budget_delivered,halt,123.tiff,2,default_51,True,n_detections=100
budget_delivered,halt,123.tiff,2,fill_alpha_m1,True,n_detections=87
budget_delivered,halt,123.tiff,2,fill_alpha_0,True,n_detections=96
budget_delivered,halt,123.tiff,2,fill_alpha_1,True,n_detections=100
budget_delivered,halt,123.tiff,2,fill_alpha_2,True,n_detections=99
budget_delivered,halt,128.tiff,0,default_51,True,n_detections=82
budget_delivered,halt,128.tiff,0,fill_alpha_m1,True,n_detections=79
budget_delivered,halt,128.tiff,0,fill_alpha_0,True,n_detections=85
budget_delivered,halt,128.tiff,0,fill_alpha_1,True,n_detections=85
budget_delivered,halt,128.tiff,0,fill_alpha_2,True,n_detections=87
budget_delivered,halt,128.tiff,1,default_51,True,n_detections=98
budget_delivered,halt,128.tiff,1,fill_alpha_m1,True,n_detections=93
budget_delivered,halt,128.tiff,1,fill_alpha_0,True,n_detections=97
budget_delivered,halt,128.tiff,1,fill_alpha_1,True,n_detections=97
budget_delivered,halt,128.tiff,1,fill_alpha_2,True,n_detections=96
budget_delivered,halt,128.tiff,2,default_51,True,n_detections=98
budget_delivered,halt,128.tiff,2,fill_alpha_m1,True,n_detections=89
budget_delivered,halt,128.tiff,2,fill_alpha_0,True,n_detections=98
budget_delivered,halt,128.tiff,2,fill_alpha_1,True,n_detections=98
budget_delivered,halt,128.tiff,2,fill_alpha_2,True,n_detections=98
budget_delivered,halt,529.tiff,0,default_51,True,n_detections=100
budget_delivered,halt,529.tiff,0,fill_alpha_m1,True,n_detections=73
budget_delivered,halt,529.tiff,0,fill_alpha_0,True,n_detections=95
budget_delivered,halt,529.tiff,0,fill_alpha_1,True,n_detections=100
budget_delivered,halt,529.tiff,0,fill_alpha_2,True,n_detections=100
budget_delivered,halt,529.tiff,1,default_51,True,n_detections=99
budget_delivered,halt,529.tiff,1,fill_alpha_m1,True,n_detections=90
budget_delivered,halt,529.tiff,1,fill_alpha_0,True,n_detections=93
budget_delivered,halt,529.tiff,1,fill_alpha_1,True,n_detections=99
budget_delivered,halt,529.tiff,1,fill_alpha_2,True,n_detections=99
budget_delivered,halt,529.tiff,2,default_51,True,n_detections=99
budget_delivered,halt,529.tiff,2,fill_alpha_m1,True,n_detections=88
budget_delivered,halt,529.tiff,2,fill_alpha_0,True,n_detections=87
budget_delivered,halt,529.tiff,2,fill_alpha_1,True,n_detections=95
budget_delivered,halt,529.tiff,2,fill_alpha_2,True,n_detections=99
budget_delivered,halt,548.tiff,0,default_51,True,n_detections=100
budget_delivered,halt,548.tiff,0,fill_alpha_m1,True,n_detections=91
budget_delivered,halt,548.tiff,0,fill_alpha_0,True,n_detections=98
budget_delivered,halt,548.tiff,0,fill_alpha_1,True,n_detections=100
budget_delivered,halt,548.tiff,0,fill_alpha_2,True,n_detections=100
budget_delivered,halt,548.tiff,1,default_51,True,n_detections=100
budget_delivered,halt,548.tiff,1,fill_alpha_m1,True,n_detections=93
budget_delivered,halt,548.tiff,1,fill_alpha_0,True,n_detections=99
budget_delivered,halt,548.tiff,1,fill_alpha_1,True,n_detections=100
budget_delivered,halt,548.tiff,1,fill_alpha_2,True,n_detections=100
budget_delivered,halt,548.tiff,2,default_51,True,n_detections=100
budget_delivered,halt,548.tiff,2,fill_alpha_m1,True,n_detections=91
budget_delivered,halt,548.tiff,2,fill_alpha_0,True,n_detections=99
budget_delivered,halt,548.tiff,2,fill_alpha_1,True,n_detections=100
budget_delivered,halt,548.tiff,2,fill_alpha_2,True,n_detections=100
budget_delivered,halt,509.tiff,0,default_51,True,n_detections=94
budget_delivered,halt,509.tiff,0,fill_alpha_m1,True,n_detections=89
budget_delivered,halt,509.tiff,0,fill_alpha_0,True,n_detections=97
budget_delivered,halt,509.tiff,0,fill_alpha_1,True,n_detections=96
budget_delivered,halt,509.tiff,0,fill_alpha_2,True,n_detections=94
budget_delivered,halt,509.tiff,1,default_51,True,n_detections=87
budget_delivered,halt,509.tiff,1,fill_alpha_m1,True,n_detections=89
budget_delivered,halt,509.tiff,1,fill_alpha_0,True,n_detections=88
budget_delivered,halt,509.tiff,1,fill_alpha_1,True,n_detections=87
budget_delivered,halt,509.tiff,1,fill_alpha_2,True,n_detections=85
budget_delivered,halt,509.tiff,2,default_51,True,n_detections=92
budget_delivered,halt,509.tiff,2,fill_alpha_m1,True,n_detections=90
budget_delivered,halt,509.tiff,2,fill_alpha_0,True,n_detections=85
budget_delivered,halt,509.tiff,2,fill_alpha_1,True,n_detections=89
budget_delivered,halt,509.tiff,2,fill_alpha_2,True,n_detections=95
budget_delivered,halt,524.tiff,0,default_51,True,n_detections=98
budget_delivered,halt,524.tiff,0,fill_alpha_m1,True,n_detections=92
budget_delivered,halt,524.tiff,0,fill_alpha_0,True,n_detections=94
budget_delivered,halt,524.tiff,0,fill_alpha_1,True,n_detections=98
budget_delivered,halt,524.tiff,0,fill_alpha_2,True,n_detections=98
budget_delivered,halt,524.tiff,1,default_51,True,n_detections=100
budget_delivered,halt,524.tiff,1,fill_alpha_m1,True,n_detections=98
budget_delivered,halt,524.tiff,1,fill_alpha_0,True,n_detections=96
budget_delivered,halt,524.tiff,1,fill_alpha_1,True,n_detections=100
budget_delivered,halt,524.tiff,1,fill_alpha_2,True,n_detections=100
budget_delivered,halt,524.tiff,2,default_51,True,n_detections=96
budget_delivered,halt,524.tiff,2,fill_alpha_m1,True,n_detections=90
budget_delivered,halt,524.tiff,2,fill_alpha_0,True,n_detections=93
budget_delivered,halt,524.tiff,2,fill_alpha_1,True,n_detections=99
budget_delivered,halt,524.tiff,2,fill_alpha_2,True,n_detections=99
budget_delivered,halt,527.tiff,0,default_51,True,n_detections=100
budget_delivered,halt,527.tiff,0,fill_alpha_m1,True,n_detections=99
budget_delivered,halt,527.tiff,0,fill_alpha_0,True,n_detections=100
budget_delivered,halt,527.tiff,0,fill_alpha_1,True,n_detections=100
budget_delivered,halt,527.tiff,0,fill_alpha_2,True,n_detections=100
budget_delivered,halt,527.tiff,1,default_51,True,n_detections=100
budget_delivered,halt,527.tiff,1,fill_alpha_m1,True,n_detections=90
budget_delivered,halt,527.tiff,1,fill_alpha_0,True,n_detections=100
budget_delivered,halt,527.tiff,1,fill_alpha_1,True,n_detections=100
budget_delivered,halt,527.tiff,1,fill_alpha_2,True,n_detections=100
budget_delivered,halt,527.tiff,2,default_51,True,n_detections=100
budget_delivered,halt,527.tiff,2,fill_alpha_m1,True,n_detections=92
budget_delivered,halt,527.tiff,2,fill_alpha_0,True,n_detections=99
budget_delivered,halt,527.tiff,2,fill_alpha_1,True,n_detections=99
budget_delivered,halt,527.tiff,2,fill_alpha_2,True,n_detections=100
budget_delivered,halt,546.tiff,0,default_51,True,n_detections=100
budget_delivered,halt,546.tiff,0,fill_alpha_m1,True,n_detections=96
budget_delivered,halt,546.tiff,0,fill_alpha_0,True,n_detections=100
budget_delivered,halt,546.tiff,0,fill_alpha_1,True,n_detections=100
budget_delivered,halt,546.tiff,0,fill_alpha_2,True,n_detections=100
budget_delivered,halt,546.tiff,1,default_51,True,n_detections=100
budget_delivered,halt,546.tiff,1,fill_alpha_m1,True,n_detections=93
budget_delivered,halt,546.tiff,1,fill_alpha_0,True,n_detections=97
budget_delivered,halt,546.tiff,1,fill_alpha_1,True,n_detections=100
budget_delivered,halt,546.tiff,1,fill_alpha_2,True,n_detections=100
budget_delivered,halt,546.tiff,2,default_51,True,n_detections=100
budget_delivered,halt,546.tiff,2,fill_alpha_m1,True,n_detections=90
budget_delivered,halt,546.tiff,2,fill_alpha_0,True,n_detections=99
budget_delivered,halt,546.tiff,2,fill_alpha_1,True,n_detections=100
budget_delivered,halt,546.tiff,2,fill_alpha_2,True,n_detections=100
budget_delivered,halt,549.tiff,0,default_51,True,n_detections=100
budget_delivered,halt,549.tiff,0,fill_alpha_m1,True,n_detections=87
budget_delivered,halt,549.tiff,0,fill_alpha_0,True,n_detections=97
budget_delivered,halt,549.tiff,0,fill_alpha_1,True,n_detections=100
budget_delivered,halt,549.tiff,0,fill_alpha_2,True,n_detections=100
budget_delivered,halt,549.tiff,1,default_51,True,n_detections=100
budget_delivered,halt,549.tiff,1,fill_alpha_m1,True,n_detections=95
budget_delivered,halt,549.tiff,1,fill_alpha_0,True,n_detections=93
budget_delivered,halt,549.tiff,1,fill_alpha_1,True,n_detections=100
budget_delivered,halt,549.tiff,1,fill_alpha_2,True,n_detections=99
budget_delivered,halt,549.tiff,2,default_51,True,n_detections=100
budget_delivered,halt,549.tiff,2,fill_alpha_m1,True,n_detections=86
budget_delivered,halt,549.tiff,2,fill_alpha_0,True,n_detections=99
budget_delivered,halt,549.tiff,2,fill_alpha_1,True,n_detections=100
budget_delivered,halt,549.tiff,2,fill_alpha_2,True,n_detections=100
budget_delivered,halt,402.tiff,0,default_51,True,n_detections=100
budget_delivered,halt,402.tiff,0,fill_alpha_m1,True,n_detections=94
budget_delivered,halt,402.tiff,0,fill_alpha_0,True,n_detections=96
budget_delivered,halt,402.tiff,0,fill_alpha_1,True,n_detections=100
budget_delivered,halt,402.tiff,0,fill_alpha_2,True,n_detections=100
budget_delivered,halt,402.tiff,1,default_51,True,n_detections=100
budget_delivered,halt,402.tiff,1,fill_alpha_m1,True,n_detections=94
budget_delivered,halt,402.tiff,1,fill_alpha_0,True,n_detections=99
budget_delivered,halt,402.tiff,1,fill_alpha_1,True,n_detections=100
budget_delivered,halt,402.tiff,1,fill_alpha_2,True,n_detections=100
budget_delivered,halt,402.tiff,2,default_51,True,n_detections=100
budget_delivered,halt,402.tiff,2,fill_alpha_m1,True,n_detections=97
budget_delivered,halt,402.tiff,2,fill_alpha_0,True,n_detections=95
budget_delivered,halt,402.tiff,2,fill_alpha_1,True,n_detections=100
budget_delivered,halt,402.tiff,2,fill_alpha_2,True,n_detections=100
budget_delivered,halt,403.tiff,0,default_51,True,n_detections=99
budget_delivered,halt,403.tiff,0,fill_alpha_m1,True,n_detections=94
budget_delivered,halt,403.tiff,0,fill_alpha_0,True,n_detections=97
budget_delivered,halt,403.tiff,0,fill_alpha_1,True,n_detections=99
budget_delivered,halt,403.tiff,0,fill_alpha_2,True,n_detections=100
budget_delivered,halt,403.tiff,1,default_51,True,n_detections=99
budget_delivered,halt,403.tiff,1,fill_alpha_m1,True,n_detections=84
budget_delivered,halt,403.tiff,1,fill_alpha_0,True,n_detections=95
budget_delivered,halt,403.tiff,1,fill_alpha_1,True,n_detections=99
budget_delivered,halt,403.tiff,1,fill_alpha_2,True,n_detections=99
budget_delivered,halt,403.tiff,2,default_51,True,n_detections=100
budget_delivered,halt,403.tiff,2,fill_alpha_m1,True,n_detections=91
budget_delivered,halt,403.tiff,2,fill_alpha_0,True,n_detections=98
budget_delivered,halt,403.tiff,2,fill_alpha_1,True,n_detections=100
budget_delivered,halt,403.tiff,2,fill_alpha_2,True,n_detections=100
budget_delivered,halt,353.tiff,0,default_51,True,n_detections=95
budget_delivered,halt,353.tiff,0,fill_alpha_m1,True,n_detections=92
budget_delivered,halt,353.tiff,0,fill_alpha_0,True,n_detections=95
budget_delivered,halt,353.tiff,0,fill_alpha_1,True,n_detections=95
budget_delivered,halt,353.tiff,0,fill_alpha_2,True,n_detections=96
budget_delivered,halt,353.tiff,1,default_51,True,n_detections=99
budget_delivered,halt,353.tiff,1,fill_alpha_m1,True,n_detections=92
budget_delivered,halt,353.tiff,1,fill_alpha_0,True,n_detections=95
budget_delivered,halt,353.tiff,1,fill_alpha_1,True,n_detections=99
budget_delivered,halt,353.tiff,1,fill_alpha_2,True,n_detections=99
budget_delivered,halt,353.tiff,2,default_51,True,n_detections=100
budget_delivered,halt,353.tiff,2,fill_alpha_m1,True,n_detections=91
budget_delivered,halt,353.tiff,2,fill_alpha_0,True,n_detections=98
budget_delivered,halt,353.tiff,2,fill_alpha_1,True,n_detections=100
budget_delivered,halt,353.tiff,2,fill_alpha_2,True,n_detections=100
budget_delivered,halt,364.tiff,0,default_51,True,n_detections=99
budget_delivered,halt,364.tiff,0,fill_alpha_m1,True,n_detections=83
budget_delivered,halt,364.tiff,0,fill_alpha_0,True,n_detections=98
budget_delivered,halt,364.tiff,0,fill_alpha_1,True,n_detections=99
budget_delivered,halt,364.tiff,0,fill_alpha_2,True,n_detections=98
budget_delivered,halt,364.tiff,1,default_51,True,n_detections=99
budget_delivered,halt,364.tiff,1,fill_alpha_m1,True,n_detections=92
budget_delivered,halt,364.tiff,1,fill_alpha_0,True,n_detections=95
budget_delivered,halt,364.tiff,1,fill_alpha_1,True,n_detections=99
budget_delivered,halt,364.tiff,1,fill_alpha_2,True,n_detections=99
budget_delivered,halt,364.tiff,2,default_51,True,n_detections=100
budget_delivered,halt,364.tiff,2,fill_alpha_m1,True,n_detections=88
budget_delivered,halt,364.tiff,2,fill_alpha_0,True,n_detections=95
budget_delivered,halt,364.tiff,2,fill_alpha_1,True,n_detections=97
budget_delivered,halt,364.tiff,2,fill_alpha_2,True,n_detections=99
budget_delivered,halt,400.tiff,0,default_51,True,n_detections=100
budget_delivered,halt,400.tiff,0,fill_alpha_m1,True,n_detections=96
budget_delivered,halt,400.tiff,0,fill_alpha_0,True,n_detections=97
budget_delivered,halt,400.tiff,0,fill_alpha_1,True,n_detections=99
budget_delivered,halt,400.tiff,0,fill_alpha_2,True,n_detections=100
budget_delivered,halt,400.tiff,1,default_51,True,n_detections=100
budget_delivered,halt,400.tiff,1,fill_alpha_m1,True,n_detections=97
budget_delivered,halt,400.tiff,1,fill_alpha_0,True,n_detections=100
budget_delivered,halt,400.tiff,1,fill_alpha_1,True,n_detections=100
budget_delivered,halt,400.tiff,1,fill_alpha_2,True,n_detections=100
budget_delivered,halt,400.tiff,2,default_51,True,n_detections=100
budget_delivered,halt,400.tiff,2,fill_alpha_m1,True,n_detections=95
budget_delivered,halt,400.tiff,2,fill_alpha_0,True,n_detections=100
budget_delivered,halt,400.tiff,2,fill_alpha_1,True,n_detections=100
budget_delivered,halt,400.tiff,2,fill_alpha_2,True,n_detections=100
budget_delivered,halt,401.tiff,0,default_51,True,n_detections=100
budget_delivered,halt,401.tiff,0,fill_alpha_m1,True,n_detections=94
budget_delivered,halt,401.tiff,0,fill_alpha_0,True,n_detections=95
budget_delivered,halt,401.tiff,0,fill_alpha_1,True,n_detections=99
budget_delivered,halt,401.tiff,0,fill_alpha_2,True,n_detections=100
budget_delivered,halt,401.tiff,1,default_51,True,n_detections=100
budget_delivered,halt,401.tiff,1,fill_alpha_m1,True,n_detections=91
budget_delivered,halt,401.tiff,1,fill_alpha_0,True,n_detections=99
budget_delivered,halt,401.tiff,1,fill_alpha_1,True,n_detections=100
budget_delivered,halt,401.tiff,1,fill_alpha_2,True,n_detections=100
budget_delivered,halt,401.tiff,2,default_51,True,n_detections=100
budget_delivered,halt,401.tiff,2,fill_alpha_m1,True,n_detections=94
budget_delivered,halt,401.tiff,2,fill_alpha_0,True,n_detections=98
budget_delivered,halt,401.tiff,2,fill_alpha_1,True,n_detections=100
budget_delivered,halt,401.tiff,2,fill_alpha_2,True,n_detections=100
budget_delivered,halt,404.tiff,0,default_51,True,n_detections=99
budget_delivered,halt,404.tiff,0,fill_alpha_m1,True,n_detections=71
budget_delivered,halt,404.tiff,0,fill_alpha_0,True,n_detections=95
budget_delivered,halt,404.tiff,0,fill_alpha_1,True,n_detections=99
budget_delivered,halt,404.tiff,0,fill_alpha_2,True,n_detections=100
budget_delivered,halt,404.tiff,1,default_51,True,n_detections=99
budget_delivered,halt,404.tiff,1,fill_alpha_m1,True,n_detections=87
budget_delivered,halt,404.tiff,1,fill_alpha_0,True,n_detections=99
budget_delivered,halt,404.tiff,1,fill_alpha_1,True,n_detections=100
budget_delivered,halt,404.tiff,1,fill_alpha_2,True,n_detections=100
budget_delivered,halt,404.tiff,2,default_51,True,n_detections=100
budget_delivered,halt,404.tiff,2,fill_alpha_m1,True,n_detections=93
budget_delivered,halt,404.tiff,2,fill_alpha_0,True,n_detections=100
budget_delivered,halt,404.tiff,2,fill_alpha_1,True,n_detections=99
budget_delivered,halt,404.tiff,2,fill_alpha_2,True,n_detections=99
od_no_nan,halt,300.tiff,0,default_51,True,
od_no_nan,halt,300.tiff,0,fill_alpha_m1,True,
od_no_nan,halt,300.tiff,0,fill_alpha_0,True,
od_no_nan,halt,300.tiff,0,fill_alpha_1,True,
od_no_nan,halt,300.tiff,0,fill_alpha_2,True,
od_no_nan,halt,300.tiff,1,default_51,True,
od_no_nan,halt,300.tiff,1,fill_alpha_m1,True,
od_no_nan,halt,300.tiff,1,fill_alpha_0,True,
od_no_nan,halt,300.tiff,1,fill_alpha_1,True,
od_no_nan,halt,300.tiff,1,fill_alpha_2,True,
od_no_nan,halt,300.tiff,2,default_51,True,
od_no_nan,halt,300.tiff,2,fill_alpha_m1,True,
od_no_nan,halt,300.tiff,2,fill_alpha_0,True,
od_no_nan,halt,300.tiff,2,fill_alpha_1,True,
od_no_nan,halt,300.tiff,2,fill_alpha_2,True,
od_no_nan,halt,301.tiff,0,default_51,True,
od_no_nan,halt,301.tiff,0,fill_alpha_m1,True,
od_no_nan,halt,301.tiff,0,fill_alpha_0,True,
od_no_nan,halt,301.tiff,0,fill_alpha_1,True,
od_no_nan,halt,301.tiff,0,fill_alpha_2,True,
od_no_nan,halt,301.tiff,1,default_51,True,
od_no_nan,halt,301.tiff,1,fill_alpha_m1,True,
od_no_nan,halt,301.tiff,1,fill_alpha_0,True,
od_no_nan,halt,301.tiff,1,fill_alpha_1,True,
od_no_nan,halt,301.tiff,1,fill_alpha_2,True,
od_no_nan,halt,301.tiff,2,default_51,True,
od_no_nan,halt,301.tiff,2,fill_alpha_m1,True,
od_no_nan,halt,301.tiff,2,fill_alpha_0,True,
od_no_nan,halt,301.tiff,2,fill_alpha_1,True,
od_no_nan,halt,301.tiff,2,fill_alpha_2,True,
od_no_nan,halt,322.tiff,0,default_51,True,
od_no_nan,halt,322.tiff,0,fill_alpha_m1,True,
od_no_nan,halt,322.tiff,0,fill_alpha_0,True,
od_no_nan,halt,322.tiff,0,fill_alpha_1,True,
od_no_nan,halt,322.tiff,0,fill_alpha_2,True,
od_no_nan,halt,322.tiff,1,default_51,True,
od_no_nan,halt,322.tiff,1,fill_alpha_m1,True,
od_no_nan,halt,322.tiff,1,fill_alpha_0,True,
od_no_nan,halt,322.tiff,1,fill_alpha_1,True,
od_no_nan,halt,322.tiff,1,fill_alpha_2,True,
od_no_nan,halt,322.tiff,2,default_51,True,
od_no_nan,halt,322.tiff,2,fill_alpha_m1,True,
od_no_nan,halt,322.tiff,2,fill_alpha_0,True,
od_no_nan,halt,322.tiff,2,fill_alpha_1,True,
od_no_nan,halt,322.tiff,2,fill_alpha_2,True,
od_no_nan,halt,337.tiff,0,default_51,True,
od_no_nan,halt,337.tiff,0,fill_alpha_m1,True,
od_no_nan,halt,337.tiff,0,fill_alpha_0,True,
od_no_nan,halt,337.tiff,0,fill_alpha_1,True,
od_no_nan,halt,337.tiff,0,fill_alpha_2,True,
od_no_nan,halt,337.tiff,1,default_51,True,
od_no_nan,halt,337.tiff,1,fill_alpha_m1,True,
od_no_nan,halt,337.tiff,1,fill_alpha_0,True,
od_no_nan,halt,337.tiff,1,fill_alpha_1,True,
od_no_nan,halt,337.tiff,1,fill_alpha_2,True,
od_no_nan,halt,337.tiff,2,default_51,True,
od_no_nan,halt,337.tiff,2,fill_alpha_m1,True,
od_no_nan,halt,337.tiff,2,fill_alpha_0,True,
od_no_nan,halt,337.tiff,2,fill_alpha_1,True,
od_no_nan,halt,337.tiff,2,fill_alpha_2,True,
od_no_nan,halt,339.tiff,0,default_51,True,
od_no_nan,halt,339.tiff,0,fill_alpha_m1,True,
od_no_nan,halt,339.tiff,0,fill_alpha_0,True,
od_no_nan,halt,339.tiff,0,fill_alpha_1,True,
od_no_nan,halt,339.tiff,0,fill_alpha_2,True,
od_no_nan,halt,339.tiff,1,default_51,True,
od_no_nan,halt,339.tiff,1,fill_alpha_m1,True,
od_no_nan,halt,339.tiff,1,fill_alpha_0,True,
od_no_nan,halt,339.tiff,1,fill_alpha_1,True,
od_no_nan,halt,339.tiff,1,fill_alpha_2,True,
od_no_nan,halt,339.tiff,2,default_51,True,
od_no_nan,halt,339.tiff,2,fill_alpha_m1,True,
od_no_nan,halt,339.tiff,2,fill_alpha_0,True,
od_no_nan,halt,339.tiff,2,fill_alpha_1,True,
od_no_nan,halt,339.tiff,2,fill_alpha_2,True,
od_no_nan,halt,343.tiff,0,default_51,True,
od_no_nan,halt,343.tiff,0,fill_alpha_m1,True,
od_no_nan,halt,343.tiff,0,fill_alpha_0,True,
od_no_nan,halt,343.tiff,0,fill_alpha_1,True,
od_no_nan,halt,343.tiff,0,fill_alpha_2,True,
od_no_nan,halt,343.tiff,1,default_51,True,
od_no_nan,halt,343.tiff,1,fill_alpha_m1,True,
od_no_nan,halt,343.tiff,1,fill_alpha_0,True,
od_no_nan,halt,343.tiff,1,fill_alpha_1,True,
od_no_nan,halt,343.tiff,1,fill_alpha_2,True,
od_no_nan,halt,343.tiff,2,default_51,True,
od_no_nan,halt,343.tiff,2,fill_alpha_m1,True,
od_no_nan,halt,343.tiff,2,fill_alpha_0,True,
od_no_nan,halt,343.tiff,2,fill_alpha_1,True,
od_no_nan,halt,343.tiff,2,fill_alpha_2,True,
od_no_nan,halt,344.tiff,0,default_51,True,
od_no_nan,halt,344.tiff,0,fill_alpha_m1,True,
od_no_nan,halt,344.tiff,0,fill_alpha_0,True,
od_no_nan,halt,344.tiff,0,fill_alpha_1,True,
od_no_nan,halt,344.tiff,0,fill_alpha_2,True,
od_no_nan,halt,344.tiff,1,default_51,True,
od_no_nan,halt,344.tiff,1,fill_alpha_m1,True,
od_no_nan,halt,344.tiff,1,fill_alpha_0,True,
od_no_nan,halt,344.tiff,1,fill_alpha_1,True,
od_no_nan,halt,344.tiff,1,fill_alpha_2,True,
od_no_nan,halt,344.tiff,2,default_51,True,
od_no_nan,halt,344.tiff,2,fill_alpha_m1,True,
od_no_nan,halt,344.tiff,2,fill_alpha_0,True,
od_no_nan,halt,344.tiff,2,fill_alpha_1,True,
od_no_nan,halt,344.tiff,2,fill_alpha_2,True,
od_no_nan,halt,201.tiff,0,default_51,True,
od_no_nan,halt,201.tiff,0,fill_alpha_m1,True,
od_no_nan,halt,201.tiff,0,fill_alpha_0,True,
od_no_nan,halt,201.tiff,0,fill_alpha_1,True,
od_no_nan,halt,201.tiff,0,fill_alpha_2,True,
od_no_nan,halt,201.tiff,1,default_51,True,
od_no_nan,halt,201.tiff,1,fill_alpha_m1,True,
od_no_nan,halt,201.tiff,1,fill_alpha_0,True,
od_no_nan,halt,201.tiff,1,fill_alpha_1,True,
od_no_nan,halt,201.tiff,1,fill_alpha_2,True,
od_no_nan,halt,201.tiff,2,default_51,True,
od_no_nan,halt,201.tiff,2,fill_alpha_m1,True,
od_no_nan,halt,201.tiff,2,fill_alpha_0,True,
od_no_nan,halt,201.tiff,2,fill_alpha_1,True,
od_no_nan,halt,201.tiff,2,fill_alpha_2,True,
od_no_nan,halt,233.tiff,0,default_51,True,
od_no_nan,halt,233.tiff,0,fill_alpha_m1,True,
od_no_nan,halt,233.tiff,0,fill_alpha_0,True,
od_no_nan,halt,233.tiff,0,fill_alpha_1,True,
od_no_nan,halt,233.tiff,0,fill_alpha_2,True,
od_no_nan,halt,233.tiff,1,default_51,True,
od_no_nan,halt,233.tiff,1,fill_alpha_m1,True,
od_no_nan,halt,233.tiff,1,fill_alpha_0,True,
od_no_nan,halt,233.tiff,1,fill_alpha_1,True,
od_no_nan,halt,233.tiff,1,fill_alpha_2,True,
od_no_nan,halt,233.tiff,2,default_51,True,
od_no_nan,halt,233.tiff,2,fill_alpha_m1,True,
od_no_nan,halt,233.tiff,2,fill_alpha_0,True,
od_no_nan,halt,233.tiff,2,fill_alpha_1,True,
od_no_nan,halt,233.tiff,2,fill_alpha_2,True,
od_no_nan,halt,211.tiff,0,default_51,True,
od_no_nan,halt,211.tiff,0,fill_alpha_m1,True,
od_no_nan,halt,211.tiff,0,fill_alpha_0,True,
od_no_nan,halt,211.tiff,0,fill_alpha_1,True,
od_no_nan,halt,211.tiff,0,fill_alpha_2,True,
od_no_nan,halt,211.tiff,1,default_51,True,
od_no_nan,halt,211.tiff,1,fill_alpha_m1,True,
od_no_nan,halt,211.tiff,1,fill_alpha_0,True,
od_no_nan,halt,211.tiff,1,fill_alpha_1,True,
od_no_nan,halt,211.tiff,1,fill_alpha_2,True,
od_no_nan,halt,211.tiff,2,default_51,True,
od_no_nan,halt,211.tiff,2,fill_alpha_m1,True,
od_no_nan,halt,211.tiff,2,fill_alpha_0,True,
od_no_nan,halt,211.tiff,2,fill_alpha_1,True,
od_no_nan,halt,211.tiff,2,fill_alpha_2,True,
od_no_nan,halt,220.tiff,0,default_51,True,
od_no_nan,halt,220.tiff,0,fill_alpha_m1,True,
od_no_nan,halt,220.tiff,0,fill_alpha_0,True,
od_no_nan,halt,220.tiff,0,fill_alpha_1,True,
od_no_nan,halt,220.tiff,0,fill_alpha_2,True,
od_no_nan,halt,220.tiff,1,default_51,True,
od_no_nan,halt,220.tiff,1,fill_alpha_m1,True,
od_no_nan,halt,220.tiff,1,fill_alpha_0,True,
od_no_nan,halt,220.tiff,1,fill_alpha_1,True,
od_no_nan,halt,220.tiff,1,fill_alpha_2,True,
od_no_nan,halt,220.tiff,2,default_51,True,
od_no_nan,halt,220.tiff,2,fill_alpha_m1,True,
od_no_nan,halt,220.tiff,2,fill_alpha_0,True,
od_no_nan,halt,220.tiff,2,fill_alpha_1,True,
od_no_nan,halt,220.tiff,2,fill_alpha_2,True,
od_no_nan,halt,230.tiff,0,default_51,True,
od_no_nan,halt,230.tiff,0,fill_alpha_m1,True,
od_no_nan,halt,230.tiff,0,fill_alpha_0,True,
od_no_nan,halt,230.tiff,0,fill_alpha_1,True,
od_no_nan,halt,230.tiff,0,fill_alpha_2,True,
od_no_nan,halt,230.tiff,1,default_51,True,
od_no_nan,halt,230.tiff,1,fill_alpha_m1,True,
od_no_nan,halt,230.tiff,1,fill_alpha_0,True,
od_no_nan,halt,230.tiff,1,fill_alpha_1,True,
od_no_nan,halt,230.tiff,1,fill_alpha_2,True,
od_no_nan,halt,230.tiff,2,default_51,True,
od_no_nan,halt,230.tiff,2,fill_alpha_m1,True,
od_no_nan,halt,230.tiff,2,fill_alpha_0,True,
od_no_nan,halt,230.tiff,2,fill_alpha_1,True,
od_no_nan,halt,230.tiff,2,fill_alpha_2,True,
od_no_nan,halt,235.tiff,0,default_51,True,
od_no_nan,halt,235.tiff,0,fill_alpha_m1,True,
od_no_nan,halt,235.tiff,0,fill_alpha_0,True,
od_no_nan,halt,235.tiff,0,fill_alpha_1,True,
od_no_nan,halt,235.tiff,0,fill_alpha_2,True,
od_no_nan,halt,235.tiff,1,default_51,True,
od_no_nan,halt,235.tiff,1,fill_alpha_m1,True,
od_no_nan,halt,235.tiff,1,fill_alpha_0,True,
od_no_nan,halt,235.tiff,1,fill_alpha_1,True,
od_no_nan,halt,235.tiff,1,fill_alpha_2,True,
od_no_nan,halt,235.tiff,2,default_51,True,
od_no_nan,halt,235.tiff,2,fill_alpha_m1,True,
od_no_nan,halt,235.tiff,2,fill_alpha_0,True,
od_no_nan,halt,235.tiff,2,fill_alpha_1,True,
od_no_nan,halt,235.tiff,2,fill_alpha_2,True,
od_no_nan,halt,242.tiff,0,default_51,True,
od_no_nan,halt,242.tiff,0,fill_alpha_m1,True,
od_no_nan,halt,242.tiff,0,fill_alpha_0,True,
od_no_nan,halt,242.tiff,0,fill_alpha_1,True,
od_no_nan,halt,242.tiff,0,fill_alpha_2,True,
od_no_nan,halt,242.tiff,1,default_51,True,
od_no_nan,halt,242.tiff,1,fill_alpha_m1,True,
od_no_nan,halt,242.tiff,1,fill_alpha_0,True,
od_no_nan,halt,242.tiff,1,fill_alpha_1,True,
od_no_nan,halt,242.tiff,1,fill_alpha_2,True,
od_no_nan,halt,242.tiff,2,default_51,True,
od_no_nan,halt,242.tiff,2,fill_alpha_m1,True,
od_no_nan,halt,242.tiff,2,fill_alpha_0,True,
od_no_nan,halt,242.tiff,2,fill_alpha_1,True,
od_no_nan,halt,242.tiff,2,fill_alpha_2,True,
od_no_nan,halt,245.tiff,0,default_51,True,
od_no_nan,halt,245.tiff,0,fill_alpha_m1,True,
od_no_nan,halt,245.tiff,0,fill_alpha_0,True,
od_no_nan,halt,245.tiff,0,fill_alpha_1,True,
od_no_nan,halt,245.tiff,0,fill_alpha_2,True,
od_no_nan,halt,245.tiff,1,default_51,True,
od_no_nan,halt,245.tiff,1,fill_alpha_m1,True,
od_no_nan,halt,245.tiff,1,fill_alpha_0,True,
od_no_nan,halt,245.tiff,1,fill_alpha_1,True,
od_no_nan,halt,245.tiff,1,fill_alpha_2,True,
od_no_nan,halt,245.tiff,2,default_51,True,
od_no_nan,halt,245.tiff,2,fill_alpha_m1,True,
od_no_nan,halt,245.tiff,2,fill_alpha_0,True,
od_no_nan,halt,245.tiff,2,fill_alpha_1,True,
od_no_nan,halt,245.tiff,2,fill_alpha_2,True,
od_no_nan,halt,246.tiff,0,default_51,True,
od_no_nan,halt,246.tiff,0,fill_alpha_m1,True,
od_no_nan,halt,246.tiff,0,fill_alpha_0,True,
od_no_nan,halt,246.tiff,0,fill_alpha_1,True,
od_no_nan,halt,246.tiff,0,fill_alpha_2,True,
od_no_nan,halt,246.tiff,1,default_51,True,
od_no_nan,halt,246.tiff,1,fill_alpha_m1,True,
od_no_nan,halt,246.tiff,1,fill_alpha_0,True,
od_no_nan,halt,246.tiff,1,fill_alpha_1,True,
od_no_nan,halt,246.tiff,1,fill_alpha_2,True,
od_no_nan,halt,246.tiff,2,default_51,True,
od_no_nan,halt,246.tiff,2,fill_alpha_m1,True,
od_no_nan,halt,246.tiff,2,fill_alpha_0,True,
od_no_nan,halt,246.tiff,2,fill_alpha_1,True,
od_no_nan,halt,246.tiff,2,fill_alpha_2,True,
od_no_nan,halt,249.tiff,0,default_51,True,
od_no_nan,halt,249.tiff,0,fill_alpha_m1,True,
od_no_nan,halt,249.tiff,0,fill_alpha_0,True,
od_no_nan,halt,249.tiff,0,fill_alpha_1,True,
od_no_nan,halt,249.tiff,0,fill_alpha_2,True,
od_no_nan,halt,249.tiff,1,default_51,True,
od_no_nan,halt,249.tiff,1,fill_alpha_m1,True,
od_no_nan,halt,249.tiff,1,fill_alpha_0,True,
od_no_nan,halt,249.tiff,1,fill_alpha_1,True,
od_no_nan,halt,249.tiff,1,fill_alpha_2,True,
od_no_nan,halt,249.tiff,2,default_51,True,
od_no_nan,halt,249.tiff,2,fill_alpha_m1,True,
od_no_nan,halt,249.tiff,2,fill_alpha_0,True,
od_no_nan,halt,249.tiff,2,fill_alpha_1,True,
od_no_nan,halt,249.tiff,2,fill_alpha_2,True,
od_no_nan,halt,284.tiff,0,default_51,True,
od_no_nan,halt,284.tiff,0,fill_alpha_m1,True,
od_no_nan,halt,284.tiff,0,fill_alpha_0,True,
od_no_nan,halt,284.tiff,0,fill_alpha_1,True,
od_no_nan,halt,284.tiff,0,fill_alpha_2,True,
od_no_nan,halt,284.tiff,1,default_51,True,
od_no_nan,halt,284.tiff,1,fill_alpha_m1,True,
od_no_nan,halt,284.tiff,1,fill_alpha_0,True,
od_no_nan,halt,284.tiff,1,fill_alpha_1,True,
od_no_nan,halt,284.tiff,1,fill_alpha_2,True,
od_no_nan,halt,284.tiff,2,default_51,True,
od_no_nan,halt,284.tiff,2,fill_alpha_m1,True,
od_no_nan,halt,284.tiff,2,fill_alpha_0,True,
od_no_nan,halt,284.tiff,2,fill_alpha_1,True,
od_no_nan,halt,284.tiff,2,fill_alpha_2,True,
od_no_nan,halt,289.tiff,0,default_51,True,
od_no_nan,halt,289.tiff,0,fill_alpha_m1,True,
od_no_nan,halt,289.tiff,0,fill_alpha_0,True,
od_no_nan,halt,289.tiff,0,fill_alpha_1,True,
od_no_nan,halt,289.tiff,0,fill_alpha_2,True,
od_no_nan,halt,289.tiff,1,default_51,True,
od_no_nan,halt,289.tiff,1,fill_alpha_m1,True,
od_no_nan,halt,289.tiff,1,fill_alpha_0,True,
od_no_nan,halt,289.tiff,1,fill_alpha_1,True,
od_no_nan,halt,289.tiff,1,fill_alpha_2,True,
od_no_nan,halt,289.tiff,2,default_51,True,
od_no_nan,halt,289.tiff,2,fill_alpha_m1,True,
od_no_nan,halt,289.tiff,2,fill_alpha_0,True,
od_no_nan,halt,289.tiff,2,fill_alpha_1,True,
od_no_nan,halt,289.tiff,2,fill_alpha_2,True,
od_no_nan,halt,291.tiff,0,default_51,True,
od_no_nan,halt,291.tiff,0,fill_alpha_m1,True,
od_no_nan,halt,291.tiff,0,fill_alpha_0,True,
od_no_nan,halt,291.tiff,0,fill_alpha_1,True,
od_no_nan,halt,291.tiff,0,fill_alpha_2,True,
od_no_nan,halt,291.tiff,1,default_51,True,
od_no_nan,halt,291.tiff,1,fill_alpha_m1,True,
od_no_nan,halt,291.tiff,1,fill_alpha_0,True,
od_no_nan,halt,291.tiff,1,fill_alpha_1,True,
od_no_nan,halt,291.tiff,1,fill_alpha_2,True,
od_no_nan,halt,291.tiff,2,default_51,True,
od_no_nan,halt,291.tiff,2,fill_alpha_m1,True,
od_no_nan,halt,291.tiff,2,fill_alpha_0,True,
od_no_nan,halt,291.tiff,2,fill_alpha_1,True,
od_no_nan,halt,291.tiff,2,fill_alpha_2,True,
od_no_nan,halt,293.tiff,0,default_51,True,
od_no_nan,halt,293.tiff,0,fill_alpha_m1,True,
od_no_nan,halt,293.tiff,0,fill_alpha_0,True,
od_no_nan,halt,293.tiff,0,fill_alpha_1,True,
od_no_nan,halt,293.tiff,0,fill_alpha_2,True,
od_no_nan,halt,293.tiff,1,default_51,True,
od_no_nan,halt,293.tiff,1,fill_alpha_m1,True,
od_no_nan,halt,293.tiff,1,fill_alpha_0,True,
od_no_nan,halt,293.tiff,1,fill_alpha_1,True,
od_no_nan,halt,293.tiff,1,fill_alpha_2,True,
od_no_nan,halt,293.tiff,2,default_51,True,
od_no_nan,halt,293.tiff,2,fill_alpha_m1,True,
od_no_nan,halt,293.tiff,2,fill_alpha_0,True,
od_no_nan,halt,293.tiff,2,fill_alpha_1,True,
od_no_nan,halt,293.tiff,2,fill_alpha_2,True,
od_no_nan,halt,459.tiff,0,default_51,True,
od_no_nan,halt,459.tiff,0,fill_alpha_m1,True,
od_no_nan,halt,459.tiff,0,fill_alpha_0,True,
od_no_nan,halt,459.tiff,0,fill_alpha_1,True,
od_no_nan,halt,459.tiff,0,fill_alpha_2,True,
od_no_nan,halt,459.tiff,1,default_51,True,
od_no_nan,halt,459.tiff,1,fill_alpha_m1,True,
od_no_nan,halt,459.tiff,1,fill_alpha_0,True,
od_no_nan,halt,459.tiff,1,fill_alpha_1,True,
od_no_nan,halt,459.tiff,1,fill_alpha_2,True,
od_no_nan,halt,459.tiff,2,default_51,True,
od_no_nan,halt,459.tiff,2,fill_alpha_m1,True,
od_no_nan,halt,459.tiff,2,fill_alpha_0,True,
od_no_nan,halt,459.tiff,2,fill_alpha_1,True,
od_no_nan,halt,459.tiff,2,fill_alpha_2,True,
od_no_nan,halt,460.tiff,0,default_51,True,
od_no_nan,halt,460.tiff,0,fill_alpha_m1,True,
od_no_nan,halt,460.tiff,0,fill_alpha_0,True,
od_no_nan,halt,460.tiff,0,fill_alpha_1,True,
od_no_nan,halt,460.tiff,0,fill_alpha_2,True,
od_no_nan,halt,460.tiff,1,default_51,True,
od_no_nan,halt,460.tiff,1,fill_alpha_m1,True,
od_no_nan,halt,460.tiff,1,fill_alpha_0,True,
od_no_nan,halt,460.tiff,1,fill_alpha_1,True,
od_no_nan,halt,460.tiff,1,fill_alpha_2,True,
od_no_nan,halt,460.tiff,2,default_51,True,
od_no_nan,halt,460.tiff,2,fill_alpha_m1,True,
od_no_nan,halt,460.tiff,2,fill_alpha_0,True,
od_no_nan,halt,460.tiff,2,fill_alpha_1,True,
od_no_nan,halt,460.tiff,2,fill_alpha_2,True,
od_no_nan,halt,410.tiff,0,default_51,True,
od_no_nan,halt,410.tiff,0,fill_alpha_m1,True,
od_no_nan,halt,410.tiff,0,fill_alpha_0,True,
od_no_nan,halt,410.tiff,0,fill_alpha_1,True,
od_no_nan,halt,410.tiff,0,fill_alpha_2,True,
od_no_nan,halt,410.tiff,1,default_51,True,
od_no_nan,halt,410.tiff,1,fill_alpha_m1,True,
od_no_nan,halt,410.tiff,1,fill_alpha_0,True,
od_no_nan,halt,410.tiff,1,fill_alpha_1,True,
od_no_nan,halt,410.tiff,1,fill_alpha_2,True,
od_no_nan,halt,410.tiff,2,default_51,True,
od_no_nan,halt,410.tiff,2,fill_alpha_m1,True,
od_no_nan,halt,410.tiff,2,fill_alpha_0,True,
od_no_nan,halt,410.tiff,2,fill_alpha_1,True,
od_no_nan,halt,410.tiff,2,fill_alpha_2,True,
od_no_nan,halt,425.tiff,0,default_51,True,
od_no_nan,halt,425.tiff,0,fill_alpha_m1,True,
od_no_nan,halt,425.tiff,0,fill_alpha_0,True,
od_no_nan,halt,425.tiff,0,fill_alpha_1,True,
od_no_nan,halt,425.tiff,0,fill_alpha_2,True,
od_no_nan,halt,425.tiff,1,default_51,True,
od_no_nan,halt,425.tiff,1,fill_alpha_m1,True,
od_no_nan,halt,425.tiff,1,fill_alpha_0,True,
od_no_nan,halt,425.tiff,1,fill_alpha_1,True,
od_no_nan,halt,425.tiff,1,fill_alpha_2,True,
od_no_nan,halt,425.tiff,2,default_51,True,
od_no_nan,halt,425.tiff,2,fill_alpha_m1,True,
od_no_nan,halt,425.tiff,2,fill_alpha_0,True,
od_no_nan,halt,425.tiff,2,fill_alpha_1,True,
od_no_nan,halt,425.tiff,2,fill_alpha_2,True,
od_no_nan,halt,435.tiff,0,default_51,True,
od_no_nan,halt,435.tiff,0,fill_alpha_m1,True,
od_no_nan,halt,435.tiff,0,fill_alpha_0,True,
od_no_nan,halt,435.tiff,0,fill_alpha_1,True,
od_no_nan,halt,435.tiff,0,fill_alpha_2,True,
od_no_nan,halt,435.tiff,1,default_51,True,
od_no_nan,halt,435.tiff,1,fill_alpha_m1,True,
od_no_nan,halt,435.tiff,1,fill_alpha_0,True,
od_no_nan,halt,435.tiff,1,fill_alpha_1,True,
od_no_nan,halt,435.tiff,1,fill_alpha_2,True,
od_no_nan,halt,435.tiff,2,default_51,True,
od_no_nan,halt,435.tiff,2,fill_alpha_m1,True,
od_no_nan,halt,435.tiff,2,fill_alpha_0,True,
od_no_nan,halt,435.tiff,2,fill_alpha_1,True,
od_no_nan,halt,435.tiff,2,fill_alpha_2,True,
od_no_nan,halt,462.tiff,0,default_51,True,
od_no_nan,halt,462.tiff,0,fill_alpha_m1,True,
od_no_nan,halt,462.tiff,0,fill_alpha_0,True,
od_no_nan,halt,462.tiff,0,fill_alpha_1,True,
od_no_nan,halt,462.tiff,0,fill_alpha_2,True,
od_no_nan,halt,462.tiff,1,default_51,True,
od_no_nan,halt,462.tiff,1,fill_alpha_m1,True,
od_no_nan,halt,462.tiff,1,fill_alpha_0,True,
od_no_nan,halt,462.tiff,1,fill_alpha_1,True,
od_no_nan,halt,462.tiff,1,fill_alpha_2,True,
od_no_nan,halt,462.tiff,2,default_51,True,
od_no_nan,halt,462.tiff,2,fill_alpha_m1,True,
od_no_nan,halt,462.tiff,2,fill_alpha_0,True,
od_no_nan,halt,462.tiff,2,fill_alpha_1,True,
od_no_nan,halt,462.tiff,2,fill_alpha_2,True,
od_no_nan,halt,499.tiff,0,default_51,True,
od_no_nan,halt,499.tiff,0,fill_alpha_m1,True,
od_no_nan,halt,499.tiff,0,fill_alpha_0,True,
od_no_nan,halt,499.tiff,0,fill_alpha_1,True,
od_no_nan,halt,499.tiff,0,fill_alpha_2,True,
od_no_nan,halt,499.tiff,1,default_51,True,
od_no_nan,halt,499.tiff,1,fill_alpha_m1,True,
od_no_nan,halt,499.tiff,1,fill_alpha_0,True,
od_no_nan,halt,499.tiff,1,fill_alpha_1,True,
od_no_nan,halt,499.tiff,1,fill_alpha_2,True,
od_no_nan,halt,499.tiff,2,default_51,True,
od_no_nan,halt,499.tiff,2,fill_alpha_m1,True,
od_no_nan,halt,499.tiff,2,fill_alpha_0,True,
od_no_nan,halt,499.tiff,2,fill_alpha_1,True,
od_no_nan,halt,499.tiff,2,fill_alpha_2,True,
od_no_nan,halt,013.tiff,0,default_51,True,
od_no_nan,halt,013.tiff,0,fill_alpha_m1,True,
od_no_nan,halt,013.tiff,0,fill_alpha_0,True,
od_no_nan,halt,013.tiff,0,fill_alpha_1,True,
od_no_nan,halt,013.tiff,0,fill_alpha_2,True,
od_no_nan,halt,013.tiff,1,default_51,True,
od_no_nan,halt,013.tiff,1,fill_alpha_m1,True,
od_no_nan,halt,013.tiff,1,fill_alpha_0,True,
od_no_nan,halt,013.tiff,1,fill_alpha_1,True,
od_no_nan,halt,013.tiff,1,fill_alpha_2,True,
od_no_nan,halt,013.tiff,2,default_51,True,
od_no_nan,halt,013.tiff,2,fill_alpha_m1,True,
od_no_nan,halt,013.tiff,2,fill_alpha_0,True,
od_no_nan,halt,013.tiff,2,fill_alpha_1,True,
od_no_nan,halt,013.tiff,2,fill_alpha_2,True,
od_no_nan,halt,094.tiff,0,default_51,True,
od_no_nan,halt,094.tiff,0,fill_alpha_m1,True,
od_no_nan,halt,094.tiff,0,fill_alpha_0,True,
od_no_nan,halt,094.tiff,0,fill_alpha_1,True,
od_no_nan,halt,094.tiff,0,fill_alpha_2,True,
od_no_nan,halt,094.tiff,1,default_51,True,
od_no_nan,halt,094.tiff,1,fill_alpha_m1,True,
od_no_nan,halt,094.tiff,1,fill_alpha_0,True,
od_no_nan,halt,094.tiff,1,fill_alpha_1,True,
od_no_nan,halt,094.tiff,1,fill_alpha_2,True,
od_no_nan,halt,094.tiff,2,default_51,True,
od_no_nan,halt,094.tiff,2,fill_alpha_m1,True,
od_no_nan,halt,094.tiff,2,fill_alpha_0,True,
od_no_nan,halt,094.tiff,2,fill_alpha_1,True,
od_no_nan,halt,094.tiff,2,fill_alpha_2,True,
od_no_nan,halt,007.tiff,0,default_51,True,
od_no_nan,halt,007.tiff,0,fill_alpha_m1,True,
od_no_nan,halt,007.tiff,0,fill_alpha_0,True,
od_no_nan,halt,007.tiff,0,fill_alpha_1,True,
od_no_nan,halt,007.tiff,0,fill_alpha_2,True,
od_no_nan,halt,007.tiff,1,default_51,True,
od_no_nan,halt,007.tiff,1,fill_alpha_m1,True,
od_no_nan,halt,007.tiff,1,fill_alpha_0,True,
od_no_nan,halt,007.tiff,1,fill_alpha_1,True,
od_no_nan,halt,007.tiff,1,fill_alpha_2,True,
od_no_nan,halt,007.tiff,2,default_51,True,
od_no_nan,halt,007.tiff,2,fill_alpha_m1,True,
od_no_nan,halt,007.tiff,2,fill_alpha_0,True,
od_no_nan,halt,007.tiff,2,fill_alpha_1,True,
od_no_nan,halt,007.tiff,2,fill_alpha_2,True,
od_no_nan,halt,072.tiff,0,default_51,True,
od_no_nan,halt,072.tiff,0,fill_alpha_m1,True,
od_no_nan,halt,072.tiff,0,fill_alpha_0,True,
od_no_nan,halt,072.tiff,0,fill_alpha_1,True,
od_no_nan,halt,072.tiff,0,fill_alpha_2,True,
od_no_nan,halt,072.tiff,1,default_51,True,
od_no_nan,halt,072.tiff,1,fill_alpha_m1,True,
od_no_nan,halt,072.tiff,1,fill_alpha_0,True,
od_no_nan,halt,072.tiff,1,fill_alpha_1,True,
od_no_nan,halt,072.tiff,1,fill_alpha_2,True,
od_no_nan,halt,072.tiff,2,default_51,True,
od_no_nan,halt,072.tiff,2,fill_alpha_m1,True,
od_no_nan,halt,072.tiff,2,fill_alpha_0,True,
od_no_nan,halt,072.tiff,2,fill_alpha_1,True,
od_no_nan,halt,072.tiff,2,fill_alpha_2,True,
od_no_nan,halt,100.tiff,0,default_51,True,
od_no_nan,halt,100.tiff,0,fill_alpha_m1,True,
od_no_nan,halt,100.tiff,0,fill_alpha_0,True,
od_no_nan,halt,100.tiff,0,fill_alpha_1,True,
od_no_nan,halt,100.tiff,0,fill_alpha_2,True,
od_no_nan,halt,100.tiff,1,default_51,True,
od_no_nan,halt,100.tiff,1,fill_alpha_m1,True,
od_no_nan,halt,100.tiff,1,fill_alpha_0,True,
od_no_nan,halt,100.tiff,1,fill_alpha_1,True,
od_no_nan,halt,100.tiff,1,fill_alpha_2,True,
od_no_nan,halt,100.tiff,2,default_51,True,
od_no_nan,halt,100.tiff,2,fill_alpha_m1,True,
od_no_nan,halt,100.tiff,2,fill_alpha_0,True,
od_no_nan,halt,100.tiff,2,fill_alpha_1,True,
od_no_nan,halt,100.tiff,2,fill_alpha_2,True,
od_no_nan,halt,123.tiff,0,default_51,True,
od_no_nan,halt,123.tiff,0,fill_alpha_m1,True,
od_no_nan,halt,123.tiff,0,fill_alpha_0,True,
od_no_nan,halt,123.tiff,0,fill_alpha_1,True,
od_no_nan,halt,123.tiff,0,fill_alpha_2,True,
od_no_nan,halt,123.tiff,1,default_51,True,
od_no_nan,halt,123.tiff,1,fill_alpha_m1,True,
od_no_nan,halt,123.tiff,1,fill_alpha_0,True,
od_no_nan,halt,123.tiff,1,fill_alpha_1,True,
od_no_nan,halt,123.tiff,1,fill_alpha_2,True,
od_no_nan,halt,123.tiff,2,default_51,True,
od_no_nan,halt,123.tiff,2,fill_alpha_m1,True,
od_no_nan,halt,123.tiff,2,fill_alpha_0,True,
od_no_nan,halt,123.tiff,2,fill_alpha_1,True,
od_no_nan,halt,123.tiff,2,fill_alpha_2,True,
od_no_nan,halt,128.tiff,0,default_51,True,
od_no_nan,halt,128.tiff,0,fill_alpha_m1,True,
od_no_nan,halt,128.tiff,0,fill_alpha_0,True,
od_no_nan,halt,128.tiff,0,fill_alpha_1,True,
od_no_nan,halt,128.tiff,0,fill_alpha_2,True,
od_no_nan,halt,128.tiff,1,default_51,True,
od_no_nan,halt,128.tiff,1,fill_alpha_m1,True,
od_no_nan,halt,128.tiff,1,fill_alpha_0,True,
od_no_nan,halt,128.tiff,1,fill_alpha_1,True,
od_no_nan,halt,128.tiff,1,fill_alpha_2,True,
od_no_nan,halt,128.tiff,2,default_51,True,
od_no_nan,halt,128.tiff,2,fill_alpha_m1,True,
od_no_nan,halt,128.tiff,2,fill_alpha_0,True,
od_no_nan,halt,128.tiff,2,fill_alpha_1,True,
od_no_nan,halt,128.tiff,2,fill_alpha_2,True,
od_no_nan,halt,529.tiff,0,default_51,True,
od_no_nan,halt,529.tiff,0,fill_alpha_m1,True,
od_no_nan,halt,529.tiff,0,fill_alpha_0,True,
od_no_nan,halt,529.tiff,0,fill_alpha_1,True,
od_no_nan,halt,529.tiff,0,fill_alpha_2,True,
od_no_nan,halt,529.tiff,1,default_51,True,
od_no_nan,halt,529.tiff,1,fill_alpha_m1,True,
od_no_nan,halt,529.tiff,1,fill_alpha_0,True,
od_no_nan,halt,529.tiff,1,fill_alpha_1,True,
od_no_nan,halt,529.tiff,1,fill_alpha_2,True,
od_no_nan,halt,529.tiff,2,default_51,True,
od_no_nan,halt,529.tiff,2,fill_alpha_m1,True,
od_no_nan,halt,529.tiff,2,fill_alpha_0,True,
od_no_nan,halt,529.tiff,2,fill_alpha_1,True,
od_no_nan,halt,529.tiff,2,fill_alpha_2,True,
od_no_nan,halt,548.tiff,0,default_51,True,
od_no_nan,halt,548.tiff,0,fill_alpha_m1,True,
od_no_nan,halt,548.tiff,0,fill_alpha_0,True,
od_no_nan,halt,548.tiff,0,fill_alpha_1,True,
od_no_nan,halt,548.tiff,0,fill_alpha_2,True,
od_no_nan,halt,548.tiff,1,default_51,True,
od_no_nan,halt,548.tiff,1,fill_alpha_m1,True,
od_no_nan,halt,548.tiff,1,fill_alpha_0,True,
od_no_nan,halt,548.tiff,1,fill_alpha_1,True,
od_no_nan,halt,548.tiff,1,fill_alpha_2,True,
od_no_nan,halt,548.tiff,2,default_51,True,
od_no_nan,halt,548.tiff,2,fill_alpha_m1,True,
od_no_nan,halt,548.tiff,2,fill_alpha_0,True,
od_no_nan,halt,548.tiff,2,fill_alpha_1,True,
od_no_nan,halt,548.tiff,2,fill_alpha_2,True,
od_no_nan,halt,509.tiff,0,default_51,True,
od_no_nan,halt,509.tiff,0,fill_alpha_m1,True,
od_no_nan,halt,509.tiff,0,fill_alpha_0,True,
od_no_nan,halt,509.tiff,0,fill_alpha_1,True,
od_no_nan,halt,509.tiff,0,fill_alpha_2,True,
od_no_nan,halt,509.tiff,1,default_51,True,
od_no_nan,halt,509.tiff,1,fill_alpha_m1,True,
od_no_nan,halt,509.tiff,1,fill_alpha_0,True,
od_no_nan,halt,509.tiff,1,fill_alpha_1,True,
od_no_nan,halt,509.tiff,1,fill_alpha_2,True,
od_no_nan,halt,509.tiff,2,default_51,True,
od_no_nan,halt,509.tiff,2,fill_alpha_m1,True,
od_no_nan,halt,509.tiff,2,fill_alpha_0,True,
od_no_nan,halt,509.tiff,2,fill_alpha_1,True,
od_no_nan,halt,509.tiff,2,fill_alpha_2,True,
od_no_nan,halt,524.tiff,0,default_51,True,
od_no_nan,halt,524.tiff,0,fill_alpha_m1,True,
od_no_nan,halt,524.tiff,0,fill_alpha_0,True,
od_no_nan,halt,524.tiff,0,fill_alpha_1,True,
od_no_nan,halt,524.tiff,0,fill_alpha_2,True,
od_no_nan,halt,524.tiff,1,default_51,True,
od_no_nan,halt,524.tiff,1,fill_alpha_m1,True,
od_no_nan,halt,524.tiff,1,fill_alpha_0,True,
od_no_nan,halt,524.tiff,1,fill_alpha_1,True,
od_no_nan,halt,524.tiff,1,fill_alpha_2,True,
od_no_nan,halt,524.tiff,2,default_51,True,
od_no_nan,halt,524.tiff,2,fill_alpha_m1,True,
od_no_nan,halt,524.tiff,2,fill_alpha_0,True,
od_no_nan,halt,524.tiff,2,fill_alpha_1,True,
od_no_nan,halt,524.tiff,2,fill_alpha_2,True,
od_no_nan,halt,527.tiff,0,default_51,True,
od_no_nan,halt,527.tiff,0,fill_alpha_m1,True,
od_no_nan,halt,527.tiff,0,fill_alpha_0,True,
od_no_nan,halt,527.tiff,0,fill_alpha_1,True,
od_no_nan,halt,527.tiff,0,fill_alpha_2,True,
od_no_nan,halt,527.tiff,1,default_51,True,
od_no_nan,halt,527.tiff,1,fill_alpha_m1,True,
od_no_nan,halt,527.tiff,1,fill_alpha_0,True,
od_no_nan,halt,527.tiff,1,fill_alpha_1,True,
od_no_nan,halt,527.tiff,1,fill_alpha_2,True,
od_no_nan,halt,527.tiff,2,default_51,True,
od_no_nan,halt,527.tiff,2,fill_alpha_m1,True,
od_no_nan,halt,527.tiff,2,fill_alpha_0,True,
od_no_nan,halt,527.tiff,2,fill_alpha_1,True,
od_no_nan,halt,527.tiff,2,fill_alpha_2,True,
od_no_nan,halt,546.tiff,0,default_51,True,
od_no_nan,halt,546.tiff,0,fill_alpha_m1,True,
od_no_nan,halt,546.tiff,0,fill_alpha_0,True,
od_no_nan,halt,546.tiff,0,fill_alpha_1,True,
od_no_nan,halt,546.tiff,0,fill_alpha_2,True,
od_no_nan,halt,546.tiff,1,default_51,True,
od_no_nan,halt,546.tiff,1,fill_alpha_m1,True,
od_no_nan,halt,546.tiff,1,fill_alpha_0,True,
od_no_nan,halt,546.tiff,1,fill_alpha_1,True,
od_no_nan,halt,546.tiff,1,fill_alpha_2,True,
od_no_nan,halt,546.tiff,2,default_51,True,
od_no_nan,halt,546.tiff,2,fill_alpha_m1,True,
od_no_nan,halt,546.tiff,2,fill_alpha_0,True,
od_no_nan,halt,546.tiff,2,fill_alpha_1,True,
od_no_nan,halt,546.tiff,2,fill_alpha_2,True,
od_no_nan,halt,549.tiff,0,default_51,True,
od_no_nan,halt,549.tiff,0,fill_alpha_m1,True,
od_no_nan,halt,549.tiff,0,fill_alpha_0,True,
od_no_nan,halt,549.tiff,0,fill_alpha_1,True,
od_no_nan,halt,549.tiff,0,fill_alpha_2,True,
od_no_nan,halt,549.tiff,1,default_51,True,
od_no_nan,halt,549.tiff,1,fill_alpha_m1,True,
od_no_nan,halt,549.tiff,1,fill_alpha_0,True,
od_no_nan,halt,549.tiff,1,fill_alpha_1,True,
od_no_nan,halt,549.tiff,1,fill_alpha_2,True,
od_no_nan,halt,549.tiff,2,default_51,True,
od_no_nan,halt,549.tiff,2,fill_alpha_m1,True,
od_no_nan,halt,549.tiff,2,fill_alpha_0,True,
od_no_nan,halt,549.tiff,2,fill_alpha_1,True,
od_no_nan,halt,549.tiff,2,fill_alpha_2,True,
od_no_nan,halt,402.tiff,0,default_51,True,
od_no_nan,halt,402.tiff,0,fill_alpha_m1,True,
od_no_nan,halt,402.tiff,0,fill_alpha_0,True,
od_no_nan,halt,402.tiff,0,fill_alpha_1,True,
od_no_nan,halt,402.tiff,0,fill_alpha_2,True,
od_no_nan,halt,402.tiff,1,default_51,True,
od_no_nan,halt,402.tiff,1,fill_alpha_m1,True,
od_no_nan,halt,402.tiff,1,fill_alpha_0,True,
od_no_nan,halt,402.tiff,1,fill_alpha_1,True,
od_no_nan,halt,402.tiff,1,fill_alpha_2,True,
od_no_nan,halt,402.tiff,2,default_51,True,
od_no_nan,halt,402.tiff,2,fill_alpha_m1,True,
od_no_nan,halt,402.tiff,2,fill_alpha_0,True,
od_no_nan,halt,402.tiff,2,fill_alpha_1,True,
od_no_nan,halt,402.tiff,2,fill_alpha_2,True,
od_no_nan,halt,403.tiff,0,default_51,True,
od_no_nan,halt,403.tiff,0,fill_alpha_m1,True,
od_no_nan,halt,403.tiff,0,fill_alpha_0,True,
od_no_nan,halt,403.tiff,0,fill_alpha_1,True,
od_no_nan,halt,403.tiff,0,fill_alpha_2,True,
od_no_nan,halt,403.tiff,1,default_51,True,
od_no_nan,halt,403.tiff,1,fill_alpha_m1,True,
od_no_nan,halt,403.tiff,1,fill_alpha_0,True,
od_no_nan,halt,403.tiff,1,fill_alpha_1,True,
od_no_nan,halt,403.tiff,1,fill_alpha_2,True,
od_no_nan,halt,403.tiff,2,default_51,True,
od_no_nan,halt,403.tiff,2,fill_alpha_m1,True,
od_no_nan,halt,403.tiff,2,fill_alpha_0,True,
od_no_nan,halt,403.tiff,2,fill_alpha_1,True,
od_no_nan,halt,403.tiff,2,fill_alpha_2,True,
od_no_nan,halt,353.tiff,0,default_51,True,
od_no_nan,halt,353.tiff,0,fill_alpha_m1,True,
od_no_nan,halt,353.tiff,0,fill_alpha_0,True,
od_no_nan,halt,353.tiff,0,fill_alpha_1,True,
od_no_nan,halt,353.tiff,0,fill_alpha_2,True,
od_no_nan,halt,353.tiff,1,default_51,True,
od_no_nan,halt,353.tiff,1,fill_alpha_m1,True,
od_no_nan,halt,353.tiff,1,fill_alpha_0,True,
od_no_nan,halt,353.tiff,1,fill_alpha_1,True,
od_no_nan,halt,353.tiff,1,fill_alpha_2,True,
od_no_nan,halt,353.tiff,2,default_51,True,
od_no_nan,halt,353.tiff,2,fill_alpha_m1,True,
od_no_nan,halt,353.tiff,2,fill_alpha_0,True,
od_no_nan,halt,353.tiff,2,fill_alpha_1,True,
od_no_nan,halt,353.tiff,2,fill_alpha_2,True,
od_no_nan,halt,364.tiff,0,default_51,True,
od_no_nan,halt,364.tiff,0,fill_alpha_m1,True,
od_no_nan,halt,364.tiff,0,fill_alpha_0,True,
od_no_nan,halt,364.tiff,0,fill_alpha_1,True,
od_no_nan,halt,364.tiff,0,fill_alpha_2,True,
od_no_nan,halt,364.tiff,1,default_51,True,
od_no_nan,halt,364.tiff,1,fill_alpha_m1,True,
od_no_nan,halt,364.tiff,1,fill_alpha_0,True,
od_no_nan,halt,364.tiff,1,fill_alpha_1,True,
od_no_nan,halt,364.tiff,1,fill_alpha_2,True,
od_no_nan,halt,364.tiff,2,default_51,True,
od_no_nan,halt,364.tiff,2,fill_alpha_m1,True,
od_no_nan,halt,364.tiff,2,fill_alpha_0,True,
od_no_nan,halt,364.tiff,2,fill_alpha_1,True,
od_no_nan,halt,364.tiff,2,fill_alpha_2,True,
od_no_nan,halt,400.tiff,0,default_51,True,
od_no_nan,halt,400.tiff,0,fill_alpha_m1,True,
od_no_nan,halt,400.tiff,0,fill_alpha_0,True,
od_no_nan,halt,400.tiff,0,fill_alpha_1,True,
od_no_nan,halt,400.tiff,0,fill_alpha_2,True,
od_no_nan,halt,400.tiff,1,default_51,True,
od_no_nan,halt,400.tiff,1,fill_alpha_m1,True,
od_no_nan,halt,400.tiff,1,fill_alpha_0,True,
od_no_nan,halt,400.tiff,1,fill_alpha_1,True,
od_no_nan,halt,400.tiff,1,fill_alpha_2,True,
od_no_nan,halt,400.tiff,2,default_51,True,
od_no_nan,halt,400.tiff,2,fill_alpha_m1,True,
od_no_nan,halt,400.tiff,2,fill_alpha_0,True,
od_no_nan,halt,400.tiff,2,fill_alpha_1,True,
od_no_nan,halt,400.tiff,2,fill_alpha_2,True,
od_no_nan,halt,401.tiff,0,default_51,True,
od_no_nan,halt,401.tiff,0,fill_alpha_m1,True,
od_no_nan,halt,401.tiff,0,fill_alpha_0,True,
od_no_nan,halt,401.tiff,0,fill_alpha_1,True,
od_no_nan,halt,401.tiff,0,fill_alpha_2,True,
od_no_nan,halt,401.tiff,1,default_51,True,
od_no_nan,halt,401.tiff,1,fill_alpha_m1,True,
od_no_nan,halt,401.tiff,1,fill_alpha_0,True,
od_no_nan,halt,401.tiff,1,fill_alpha_1,True,
od_no_nan,halt,401.tiff,1,fill_alpha_2,True,
od_no_nan,halt,401.tiff,2,default_51,True,
od_no_nan,halt,401.tiff,2,fill_alpha_m1,True,
od_no_nan,halt,401.tiff,2,fill_alpha_0,True,
od_no_nan,halt,401.tiff,2,fill_alpha_1,True,
od_no_nan,halt,401.tiff,2,fill_alpha_2,True,
od_no_nan,halt,404.tiff,0,default_51,True,
od_no_nan,halt,404.tiff,0,fill_alpha_m1,True,
od_no_nan,halt,404.tiff,0,fill_alpha_0,True,
od_no_nan,halt,404.tiff,0,fill_alpha_1,True,
od_no_nan,halt,404.tiff,0,fill_alpha_2,True,
od_no_nan,halt,404.tiff,1,default_51,True,
od_no_nan,halt,404.tiff,1,fill_alpha_m1,True,
od_no_nan,halt,404.tiff,1,fill_alpha_0,True,
od_no_nan,halt,404.tiff,1,fill_alpha_1,True,
od_no_nan,halt,404.tiff,1,fill_alpha_2,True,
od_no_nan,halt,404.tiff,2,default_51,True,
od_no_nan,halt,404.tiff,2,fill_alpha_m1,True,
od_no_nan,halt,404.tiff,2,fill_alpha_0,True,
od_no_nan,halt,404.tiff,2,fill_alpha_1,True,
od_no_nan,halt,404.tiff,2,fill_alpha_2,True,
od_descending,halt,300.tiff,0,default_51,True,
od_descending,halt,300.tiff,0,fill_alpha_m1,True,
od_descending,halt,300.tiff,0,fill_alpha_0,True,
od_descending,halt,300.tiff,0,fill_alpha_1,True,
od_descending,halt,300.tiff,0,fill_alpha_2,True,
od_descending,halt,300.tiff,1,default_51,True,
od_descending,halt,300.tiff,1,fill_alpha_m1,True,
od_descending,halt,300.tiff,1,fill_alpha_0,True,
od_descending,halt,300.tiff,1,fill_alpha_1,True,
od_descending,halt,300.tiff,1,fill_alpha_2,True,
od_descending,halt,300.tiff,2,default_51,True,
od_descending,halt,300.tiff,2,fill_alpha_m1,True,
od_descending,halt,300.tiff,2,fill_alpha_0,True,
od_descending,halt,300.tiff,2,fill_alpha_1,True,
od_descending,halt,300.tiff,2,fill_alpha_2,True,
od_descending,halt,301.tiff,0,default_51,True,
od_descending,halt,301.tiff,0,fill_alpha_m1,True,
od_descending,halt,301.tiff,0,fill_alpha_0,True,
od_descending,halt,301.tiff,0,fill_alpha_1,True,
od_descending,halt,301.tiff,0,fill_alpha_2,True,
od_descending,halt,301.tiff,1,default_51,True,
od_descending,halt,301.tiff,1,fill_alpha_m1,True,
od_descending,halt,301.tiff,1,fill_alpha_0,True,
od_descending,halt,301.tiff,1,fill_alpha_1,True,
od_descending,halt,301.tiff,1,fill_alpha_2,True,
od_descending,halt,301.tiff,2,default_51,True,
od_descending,halt,301.tiff,2,fill_alpha_m1,True,
od_descending,halt,301.tiff,2,fill_alpha_0,True,
od_descending,halt,301.tiff,2,fill_alpha_1,True,
od_descending,halt,301.tiff,2,fill_alpha_2,True,
od_descending,halt,322.tiff,0,default_51,True,
od_descending,halt,322.tiff,0,fill_alpha_m1,True,
od_descending,halt,322.tiff,0,fill_alpha_0,True,
od_descending,halt,322.tiff,0,fill_alpha_1,True,
od_descending,halt,322.tiff,0,fill_alpha_2,True,
od_descending,halt,322.tiff,1,default_51,True,
od_descending,halt,322.tiff,1,fill_alpha_m1,True,
od_descending,halt,322.tiff,1,fill_alpha_0,True,
od_descending,halt,322.tiff,1,fill_alpha_1,True,
od_descending,halt,322.tiff,1,fill_alpha_2,True,
od_descending,halt,322.tiff,2,default_51,True,
od_descending,halt,322.tiff,2,fill_alpha_m1,True,
od_descending,halt,322.tiff,2,fill_alpha_0,True,
od_descending,halt,322.tiff,2,fill_alpha_1,True,
od_descending,halt,322.tiff,2,fill_alpha_2,True,
od_descending,halt,337.tiff,0,default_51,True,
od_descending,halt,337.tiff,0,fill_alpha_m1,True,
od_descending,halt,337.tiff,0,fill_alpha_0,True,
od_descending,halt,337.tiff,0,fill_alpha_1,True,
od_descending,halt,337.tiff,0,fill_alpha_2,True,
od_descending,halt,337.tiff,1,default_51,True,
od_descending,halt,337.tiff,1,fill_alpha_m1,True,
od_descending,halt,337.tiff,1,fill_alpha_0,True,
od_descending,halt,337.tiff,1,fill_alpha_1,True,
od_descending,halt,337.tiff,1,fill_alpha_2,True,
od_descending,halt,337.tiff,2,default_51,True,
od_descending,halt,337.tiff,2,fill_alpha_m1,True,
od_descending,halt,337.tiff,2,fill_alpha_0,True,
od_descending,halt,337.tiff,2,fill_alpha_1,True,
od_descending,halt,337.tiff,2,fill_alpha_2,True,
od_descending,halt,339.tiff,0,default_51,True,
od_descending,halt,339.tiff,0,fill_alpha_m1,True,
od_descending,halt,339.tiff,0,fill_alpha_0,True,
od_descending,halt,339.tiff,0,fill_alpha_1,True,
od_descending,halt,339.tiff,0,fill_alpha_2,True,
od_descending,halt,339.tiff,1,default_51,True,
od_descending,halt,339.tiff,1,fill_alpha_m1,True,
od_descending,halt,339.tiff,1,fill_alpha_0,True,
od_descending,halt,339.tiff,1,fill_alpha_1,True,
od_descending,halt,339.tiff,1,fill_alpha_2,True,
od_descending,halt,339.tiff,2,default_51,True,
od_descending,halt,339.tiff,2,fill_alpha_m1,True,
od_descending,halt,339.tiff,2,fill_alpha_0,True,
od_descending,halt,339.tiff,2,fill_alpha_1,True,
od_descending,halt,339.tiff,2,fill_alpha_2,True,
od_descending,halt,343.tiff,0,default_51,True,
od_descending,halt,343.tiff,0,fill_alpha_m1,True,
od_descending,halt,343.tiff,0,fill_alpha_0,True,
od_descending,halt,343.tiff,0,fill_alpha_1,True,
od_descending,halt,343.tiff,0,fill_alpha_2,True,
od_descending,halt,343.tiff,1,default_51,True,
od_descending,halt,343.tiff,1,fill_alpha_m1,True,
od_descending,halt,343.tiff,1,fill_alpha_0,True,
od_descending,halt,343.tiff,1,fill_alpha_1,True,
od_descending,halt,343.tiff,1,fill_alpha_2,True,
od_descending,halt,343.tiff,2,default_51,True,
od_descending,halt,343.tiff,2,fill_alpha_m1,True,
od_descending,halt,343.tiff,2,fill_alpha_0,True,
od_descending,halt,343.tiff,2,fill_alpha_1,True,
od_descending,halt,343.tiff,2,fill_alpha_2,True,
od_descending,halt,344.tiff,0,default_51,True,
od_descending,halt,344.tiff,0,fill_alpha_m1,True,
od_descending,halt,344.tiff,0,fill_alpha_0,True,
od_descending,halt,344.tiff,0,fill_alpha_1,True,
od_descending,halt,344.tiff,0,fill_alpha_2,True,
od_descending,halt,344.tiff,1,default_51,True,
od_descending,halt,344.tiff,1,fill_alpha_m1,True,
od_descending,halt,344.tiff,1,fill_alpha_0,True,
od_descending,halt,344.tiff,1,fill_alpha_1,True,
od_descending,halt,344.tiff,1,fill_alpha_2,True,
od_descending,halt,344.tiff,2,default_51,True,
od_descending,halt,344.tiff,2,fill_alpha_m1,True,
od_descending,halt,344.tiff,2,fill_alpha_0,True,
od_descending,halt,344.tiff,2,fill_alpha_1,True,
od_descending,halt,344.tiff,2,fill_alpha_2,True,
od_descending,halt,201.tiff,0,default_51,True,
od_descending,halt,201.tiff,0,fill_alpha_m1,True,
od_descending,halt,201.tiff,0,fill_alpha_0,True,
od_descending,halt,201.tiff,0,fill_alpha_1,True,
od_descending,halt,201.tiff,0,fill_alpha_2,True,
od_descending,halt,201.tiff,1,default_51,True,
od_descending,halt,201.tiff,1,fill_alpha_m1,True,
od_descending,halt,201.tiff,1,fill_alpha_0,True,
od_descending,halt,201.tiff,1,fill_alpha_1,True,
od_descending,halt,201.tiff,1,fill_alpha_2,True,
od_descending,halt,201.tiff,2,default_51,True,
od_descending,halt,201.tiff,2,fill_alpha_m1,True,
od_descending,halt,201.tiff,2,fill_alpha_0,True,
od_descending,halt,201.tiff,2,fill_alpha_1,True,
od_descending,halt,201.tiff,2,fill_alpha_2,True,
od_descending,halt,233.tiff,0,default_51,True,
od_descending,halt,233.tiff,0,fill_alpha_m1,True,
od_descending,halt,233.tiff,0,fill_alpha_0,True,
od_descending,halt,233.tiff,0,fill_alpha_1,True,
od_descending,halt,233.tiff,0,fill_alpha_2,True,
od_descending,halt,233.tiff,1,default_51,True,
od_descending,halt,233.tiff,1,fill_alpha_m1,True,
od_descending,halt,233.tiff,1,fill_alpha_0,True,
od_descending,halt,233.tiff,1,fill_alpha_1,True,
od_descending,halt,233.tiff,1,fill_alpha_2,True,
od_descending,halt,233.tiff,2,default_51,True,
od_descending,halt,233.tiff,2,fill_alpha_m1,True,
od_descending,halt,233.tiff,2,fill_alpha_0,True,
od_descending,halt,233.tiff,2,fill_alpha_1,True,
od_descending,halt,233.tiff,2,fill_alpha_2,True,
od_descending,halt,211.tiff,0,default_51,True,
od_descending,halt,211.tiff,0,fill_alpha_m1,True,
od_descending,halt,211.tiff,0,fill_alpha_0,True,
od_descending,halt,211.tiff,0,fill_alpha_1,True,
od_descending,halt,211.tiff,0,fill_alpha_2,True,
od_descending,halt,211.tiff,1,default_51,True,
od_descending,halt,211.tiff,1,fill_alpha_m1,True,
od_descending,halt,211.tiff,1,fill_alpha_0,True,
od_descending,halt,211.tiff,1,fill_alpha_1,True,
od_descending,halt,211.tiff,1,fill_alpha_2,True,
od_descending,halt,211.tiff,2,default_51,True,
od_descending,halt,211.tiff,2,fill_alpha_m1,True,
od_descending,halt,211.tiff,2,fill_alpha_0,True,
od_descending,halt,211.tiff,2,fill_alpha_1,True,
od_descending,halt,211.tiff,2,fill_alpha_2,True,
od_descending,halt,220.tiff,0,default_51,True,
od_descending,halt,220.tiff,0,fill_alpha_m1,True,
od_descending,halt,220.tiff,0,fill_alpha_0,True,
od_descending,halt,220.tiff,0,fill_alpha_1,True,
od_descending,halt,220.tiff,0,fill_alpha_2,True,
od_descending,halt,220.tiff,1,default_51,True,
od_descending,halt,220.tiff,1,fill_alpha_m1,True,
od_descending,halt,220.tiff,1,fill_alpha_0,True,
od_descending,halt,220.tiff,1,fill_alpha_1,True,
od_descending,halt,220.tiff,1,fill_alpha_2,True,
od_descending,halt,220.tiff,2,default_51,True,
od_descending,halt,220.tiff,2,fill_alpha_m1,True,
od_descending,halt,220.tiff,2,fill_alpha_0,True,
od_descending,halt,220.tiff,2,fill_alpha_1,True,
od_descending,halt,220.tiff,2,fill_alpha_2,True,
od_descending,halt,230.tiff,0,default_51,True,
od_descending,halt,230.tiff,0,fill_alpha_m1,True,
od_descending,halt,230.tiff,0,fill_alpha_0,True,
od_descending,halt,230.tiff,0,fill_alpha_1,True,
od_descending,halt,230.tiff,0,fill_alpha_2,True,
od_descending,halt,230.tiff,1,default_51,True,
od_descending,halt,230.tiff,1,fill_alpha_m1,True,
od_descending,halt,230.tiff,1,fill_alpha_0,True,
od_descending,halt,230.tiff,1,fill_alpha_1,True,
od_descending,halt,230.tiff,1,fill_alpha_2,True,
od_descending,halt,230.tiff,2,default_51,True,
od_descending,halt,230.tiff,2,fill_alpha_m1,True,
od_descending,halt,230.tiff,2,fill_alpha_0,True,
od_descending,halt,230.tiff,2,fill_alpha_1,True,
od_descending,halt,230.tiff,2,fill_alpha_2,True,
od_descending,halt,235.tiff,0,default_51,True,
od_descending,halt,235.tiff,0,fill_alpha_m1,True,
od_descending,halt,235.tiff,0,fill_alpha_0,True,
od_descending,halt,235.tiff,0,fill_alpha_1,True,
od_descending,halt,235.tiff,0,fill_alpha_2,True,
od_descending,halt,235.tiff,1,default_51,True,
od_descending,halt,235.tiff,1,fill_alpha_m1,True,
od_descending,halt,235.tiff,1,fill_alpha_0,True,
od_descending,halt,235.tiff,1,fill_alpha_1,True,
od_descending,halt,235.tiff,1,fill_alpha_2,True,
od_descending,halt,235.tiff,2,default_51,True,
od_descending,halt,235.tiff,2,fill_alpha_m1,True,
od_descending,halt,235.tiff,2,fill_alpha_0,True,
od_descending,halt,235.tiff,2,fill_alpha_1,True,
od_descending,halt,235.tiff,2,fill_alpha_2,True,
od_descending,halt,242.tiff,0,default_51,True,
od_descending,halt,242.tiff,0,fill_alpha_m1,True,
od_descending,halt,242.tiff,0,fill_alpha_0,True,
od_descending,halt,242.tiff,0,fill_alpha_1,True,
od_descending,halt,242.tiff,0,fill_alpha_2,True,
od_descending,halt,242.tiff,1,default_51,True,
od_descending,halt,242.tiff,1,fill_alpha_m1,True,
od_descending,halt,242.tiff,1,fill_alpha_0,True,
od_descending,halt,242.tiff,1,fill_alpha_1,True,
od_descending,halt,242.tiff,1,fill_alpha_2,True,
od_descending,halt,242.tiff,2,default_51,True,
od_descending,halt,242.tiff,2,fill_alpha_m1,True,
od_descending,halt,242.tiff,2,fill_alpha_0,True,
od_descending,halt,242.tiff,2,fill_alpha_1,True,
od_descending,halt,242.tiff,2,fill_alpha_2,True,
od_descending,halt,245.tiff,0,default_51,True,
od_descending,halt,245.tiff,0,fill_alpha_m1,True,
od_descending,halt,245.tiff,0,fill_alpha_0,True,
od_descending,halt,245.tiff,0,fill_alpha_1,True,
od_descending,halt,245.tiff,0,fill_alpha_2,True,
od_descending,halt,245.tiff,1,default_51,True,
od_descending,halt,245.tiff,1,fill_alpha_m1,True,
od_descending,halt,245.tiff,1,fill_alpha_0,True,
od_descending,halt,245.tiff,1,fill_alpha_1,True,
od_descending,halt,245.tiff,1,fill_alpha_2,True,
od_descending,halt,245.tiff,2,default_51,True,
od_descending,halt,245.tiff,2,fill_alpha_m1,True,
od_descending,halt,245.tiff,2,fill_alpha_0,True,
od_descending,halt,245.tiff,2,fill_alpha_1,True,
od_descending,halt,245.tiff,2,fill_alpha_2,True,
od_descending,halt,246.tiff,0,default_51,True,
od_descending,halt,246.tiff,0,fill_alpha_m1,True,
od_descending,halt,246.tiff,0,fill_alpha_0,True,
od_descending,halt,246.tiff,0,fill_alpha_1,True,
od_descending,halt,246.tiff,0,fill_alpha_2,True,
od_descending,halt,246.tiff,1,default_51,True,
od_descending,halt,246.tiff,1,fill_alpha_m1,True,
od_descending,halt,246.tiff,1,fill_alpha_0,True,
od_descending,halt,246.tiff,1,fill_alpha_1,True,
od_descending,halt,246.tiff,1,fill_alpha_2,True,
od_descending,halt,246.tiff,2,default_51,True,
od_descending,halt,246.tiff,2,fill_alpha_m1,True,
od_descending,halt,246.tiff,2,fill_alpha_0,True,
od_descending,halt,246.tiff,2,fill_alpha_1,True,
od_descending,halt,246.tiff,2,fill_alpha_2,True,
od_descending,halt,249.tiff,0,default_51,True,
od_descending,halt,249.tiff,0,fill_alpha_m1,True,
od_descending,halt,249.tiff,0,fill_alpha_0,True,
od_descending,halt,249.tiff,0,fill_alpha_1,True,
od_descending,halt,249.tiff,0,fill_alpha_2,True,
od_descending,halt,249.tiff,1,default_51,True,
od_descending,halt,249.tiff,1,fill_alpha_m1,True,
od_descending,halt,249.tiff,1,fill_alpha_0,True,
od_descending,halt,249.tiff,1,fill_alpha_1,True,
od_descending,halt,249.tiff,1,fill_alpha_2,True,
od_descending,halt,249.tiff,2,default_51,True,
od_descending,halt,249.tiff,2,fill_alpha_m1,True,
od_descending,halt,249.tiff,2,fill_alpha_0,True,
od_descending,halt,249.tiff,2,fill_alpha_1,True,
od_descending,halt,249.tiff,2,fill_alpha_2,True,
od_descending,halt,284.tiff,0,default_51,True,
od_descending,halt,284.tiff,0,fill_alpha_m1,True,
od_descending,halt,284.tiff,0,fill_alpha_0,True,
od_descending,halt,284.tiff,0,fill_alpha_1,True,
od_descending,halt,284.tiff,0,fill_alpha_2,True,
od_descending,halt,284.tiff,1,default_51,True,
od_descending,halt,284.tiff,1,fill_alpha_m1,True,
od_descending,halt,284.tiff,1,fill_alpha_0,True,
od_descending,halt,284.tiff,1,fill_alpha_1,True,
od_descending,halt,284.tiff,1,fill_alpha_2,True,
od_descending,halt,284.tiff,2,default_51,True,
od_descending,halt,284.tiff,2,fill_alpha_m1,True,
od_descending,halt,284.tiff,2,fill_alpha_0,True,
od_descending,halt,284.tiff,2,fill_alpha_1,True,
od_descending,halt,284.tiff,2,fill_alpha_2,True,
od_descending,halt,289.tiff,0,default_51,True,
od_descending,halt,289.tiff,0,fill_alpha_m1,True,
od_descending,halt,289.tiff,0,fill_alpha_0,True,
od_descending,halt,289.tiff,0,fill_alpha_1,True,
od_descending,halt,289.tiff,0,fill_alpha_2,True,
od_descending,halt,289.tiff,1,default_51,True,
od_descending,halt,289.tiff,1,fill_alpha_m1,True,
od_descending,halt,289.tiff,1,fill_alpha_0,True,
od_descending,halt,289.tiff,1,fill_alpha_1,True,
od_descending,halt,289.tiff,1,fill_alpha_2,True,
od_descending,halt,289.tiff,2,default_51,True,
od_descending,halt,289.tiff,2,fill_alpha_m1,True,
od_descending,halt,289.tiff,2,fill_alpha_0,True,
od_descending,halt,289.tiff,2,fill_alpha_1,True,
od_descending,halt,289.tiff,2,fill_alpha_2,True,
od_descending,halt,291.tiff,0,default_51,True,
od_descending,halt,291.tiff,0,fill_alpha_m1,True,
od_descending,halt,291.tiff,0,fill_alpha_0,True,
od_descending,halt,291.tiff,0,fill_alpha_1,True,
od_descending,halt,291.tiff,0,fill_alpha_2,True,
od_descending,halt,291.tiff,1,default_51,True,
od_descending,halt,291.tiff,1,fill_alpha_m1,True,
od_descending,halt,291.tiff,1,fill_alpha_0,True,
od_descending,halt,291.tiff,1,fill_alpha_1,True,
od_descending,halt,291.tiff,1,fill_alpha_2,True,
od_descending,halt,291.tiff,2,default_51,True,
od_descending,halt,291.tiff,2,fill_alpha_m1,True,
od_descending,halt,291.tiff,2,fill_alpha_0,True,
od_descending,halt,291.tiff,2,fill_alpha_1,True,
od_descending,halt,291.tiff,2,fill_alpha_2,True,
od_descending,halt,293.tiff,0,default_51,True,
od_descending,halt,293.tiff,0,fill_alpha_m1,True,
od_descending,halt,293.tiff,0,fill_alpha_0,True,
od_descending,halt,293.tiff,0,fill_alpha_1,True,
od_descending,halt,293.tiff,0,fill_alpha_2,True,
od_descending,halt,293.tiff,1,default_51,True,
od_descending,halt,293.tiff,1,fill_alpha_m1,True,
od_descending,halt,293.tiff,1,fill_alpha_0,True,
od_descending,halt,293.tiff,1,fill_alpha_1,True,
od_descending,halt,293.tiff,1,fill_alpha_2,True,
od_descending,halt,293.tiff,2,default_51,True,
od_descending,halt,293.tiff,2,fill_alpha_m1,True,
od_descending,halt,293.tiff,2,fill_alpha_0,True,
od_descending,halt,293.tiff,2,fill_alpha_1,True,
od_descending,halt,293.tiff,2,fill_alpha_2,True,
od_descending,halt,459.tiff,0,default_51,True,
od_descending,halt,459.tiff,0,fill_alpha_m1,True,
od_descending,halt,459.tiff,0,fill_alpha_0,True,
od_descending,halt,459.tiff,0,fill_alpha_1,True,
od_descending,halt,459.tiff,0,fill_alpha_2,True,
od_descending,halt,459.tiff,1,default_51,True,
od_descending,halt,459.tiff,1,fill_alpha_m1,True,
od_descending,halt,459.tiff,1,fill_alpha_0,True,
od_descending,halt,459.tiff,1,fill_alpha_1,True,
od_descending,halt,459.tiff,1,fill_alpha_2,True,
od_descending,halt,459.tiff,2,default_51,True,
od_descending,halt,459.tiff,2,fill_alpha_m1,True,
od_descending,halt,459.tiff,2,fill_alpha_0,True,
od_descending,halt,459.tiff,2,fill_alpha_1,True,
od_descending,halt,459.tiff,2,fill_alpha_2,True,
od_descending,halt,460.tiff,0,default_51,True,
od_descending,halt,460.tiff,0,fill_alpha_m1,True,
od_descending,halt,460.tiff,0,fill_alpha_0,True,
od_descending,halt,460.tiff,0,fill_alpha_1,True,
od_descending,halt,460.tiff,0,fill_alpha_2,True,
od_descending,halt,460.tiff,1,default_51,True,
od_descending,halt,460.tiff,1,fill_alpha_m1,True,
od_descending,halt,460.tiff,1,fill_alpha_0,True,
od_descending,halt,460.tiff,1,fill_alpha_1,True,
od_descending,halt,460.tiff,1,fill_alpha_2,True,
od_descending,halt,460.tiff,2,default_51,True,
od_descending,halt,460.tiff,2,fill_alpha_m1,True,
od_descending,halt,460.tiff,2,fill_alpha_0,True,
od_descending,halt,460.tiff,2,fill_alpha_1,True,
od_descending,halt,460.tiff,2,fill_alpha_2,True,
od_descending,halt,410.tiff,0,default_51,True,
od_descending,halt,410.tiff,0,fill_alpha_m1,True,
od_descending,halt,410.tiff,0,fill_alpha_0,True,
od_descending,halt,410.tiff,0,fill_alpha_1,True,
od_descending,halt,410.tiff,0,fill_alpha_2,True,
od_descending,halt,410.tiff,1,default_51,True,
od_descending,halt,410.tiff,1,fill_alpha_m1,True,
od_descending,halt,410.tiff,1,fill_alpha_0,True,
od_descending,halt,410.tiff,1,fill_alpha_1,True,
od_descending,halt,410.tiff,1,fill_alpha_2,True,
od_descending,halt,410.tiff,2,default_51,True,
od_descending,halt,410.tiff,2,fill_alpha_m1,True,
od_descending,halt,410.tiff,2,fill_alpha_0,True,
od_descending,halt,410.tiff,2,fill_alpha_1,True,
od_descending,halt,410.tiff,2,fill_alpha_2,True,
od_descending,halt,425.tiff,0,default_51,True,
od_descending,halt,425.tiff,0,fill_alpha_m1,True,
od_descending,halt,425.tiff,0,fill_alpha_0,True,
od_descending,halt,425.tiff,0,fill_alpha_1,True,
od_descending,halt,425.tiff,0,fill_alpha_2,True,
od_descending,halt,425.tiff,1,default_51,True,
od_descending,halt,425.tiff,1,fill_alpha_m1,True,
od_descending,halt,425.tiff,1,fill_alpha_0,True,
od_descending,halt,425.tiff,1,fill_alpha_1,True,
od_descending,halt,425.tiff,1,fill_alpha_2,True,
od_descending,halt,425.tiff,2,default_51,True,
od_descending,halt,425.tiff,2,fill_alpha_m1,True,
od_descending,halt,425.tiff,2,fill_alpha_0,True,
od_descending,halt,425.tiff,2,fill_alpha_1,True,
od_descending,halt,425.tiff,2,fill_alpha_2,True,
od_descending,halt,435.tiff,0,default_51,True,
od_descending,halt,435.tiff,0,fill_alpha_m1,True,
od_descending,halt,435.tiff,0,fill_alpha_0,True,
od_descending,halt,435.tiff,0,fill_alpha_1,True,
od_descending,halt,435.tiff,0,fill_alpha_2,True,
od_descending,halt,435.tiff,1,default_51,True,
od_descending,halt,435.tiff,1,fill_alpha_m1,True,
od_descending,halt,435.tiff,1,fill_alpha_0,True,
od_descending,halt,435.tiff,1,fill_alpha_1,True,
od_descending,halt,435.tiff,1,fill_alpha_2,True,
od_descending,halt,435.tiff,2,default_51,True,
od_descending,halt,435.tiff,2,fill_alpha_m1,True,
od_descending,halt,435.tiff,2,fill_alpha_0,True,
od_descending,halt,435.tiff,2,fill_alpha_1,True,
od_descending,halt,435.tiff,2,fill_alpha_2,True,
od_descending,halt,462.tiff,0,default_51,True,
od_descending,halt,462.tiff,0,fill_alpha_m1,True,
od_descending,halt,462.tiff,0,fill_alpha_0,True,
od_descending,halt,462.tiff,0,fill_alpha_1,True,
od_descending,halt,462.tiff,0,fill_alpha_2,True,
od_descending,halt,462.tiff,1,default_51,True,
od_descending,halt,462.tiff,1,fill_alpha_m1,True,
od_descending,halt,462.tiff,1,fill_alpha_0,True,
od_descending,halt,462.tiff,1,fill_alpha_1,True,
od_descending,halt,462.tiff,1,fill_alpha_2,True,
od_descending,halt,462.tiff,2,default_51,True,
od_descending,halt,462.tiff,2,fill_alpha_m1,True,
od_descending,halt,462.tiff,2,fill_alpha_0,True,
od_descending,halt,462.tiff,2,fill_alpha_1,True,
od_descending,halt,462.tiff,2,fill_alpha_2,True,
od_descending,halt,499.tiff,0,default_51,True,
od_descending,halt,499.tiff,0,fill_alpha_m1,True,
od_descending,halt,499.tiff,0,fill_alpha_0,True,
od_descending,halt,499.tiff,0,fill_alpha_1,True,
od_descending,halt,499.tiff,0,fill_alpha_2,True,
od_descending,halt,499.tiff,1,default_51,True,
od_descending,halt,499.tiff,1,fill_alpha_m1,True,
od_descending,halt,499.tiff,1,fill_alpha_0,True,
od_descending,halt,499.tiff,1,fill_alpha_1,True,
od_descending,halt,499.tiff,1,fill_alpha_2,True,
od_descending,halt,499.tiff,2,default_51,True,
od_descending,halt,499.tiff,2,fill_alpha_m1,True,
od_descending,halt,499.tiff,2,fill_alpha_0,True,
od_descending,halt,499.tiff,2,fill_alpha_1,True,
od_descending,halt,499.tiff,2,fill_alpha_2,True,
od_descending,halt,013.tiff,0,default_51,True,
od_descending,halt,013.tiff,0,fill_alpha_m1,True,
od_descending,halt,013.tiff,0,fill_alpha_0,True,
od_descending,halt,013.tiff,0,fill_alpha_1,True,
od_descending,halt,013.tiff,0,fill_alpha_2,True,
od_descending,halt,013.tiff,1,default_51,True,
od_descending,halt,013.tiff,1,fill_alpha_m1,True,
od_descending,halt,013.tiff,1,fill_alpha_0,True,
od_descending,halt,013.tiff,1,fill_alpha_1,True,
od_descending,halt,013.tiff,1,fill_alpha_2,True,
od_descending,halt,013.tiff,2,default_51,True,
od_descending,halt,013.tiff,2,fill_alpha_m1,True,
od_descending,halt,013.tiff,2,fill_alpha_0,True,
od_descending,halt,013.tiff,2,fill_alpha_1,True,
od_descending,halt,013.tiff,2,fill_alpha_2,True,
od_descending,halt,094.tiff,0,default_51,True,
od_descending,halt,094.tiff,0,fill_alpha_m1,True,
od_descending,halt,094.tiff,0,fill_alpha_0,True,
od_descending,halt,094.tiff,0,fill_alpha_1,True,
od_descending,halt,094.tiff,0,fill_alpha_2,True,
od_descending,halt,094.tiff,1,default_51,True,
od_descending,halt,094.tiff,1,fill_alpha_m1,True,
od_descending,halt,094.tiff,1,fill_alpha_0,True,
od_descending,halt,094.tiff,1,fill_alpha_1,True,
od_descending,halt,094.tiff,1,fill_alpha_2,True,
od_descending,halt,094.tiff,2,default_51,True,
od_descending,halt,094.tiff,2,fill_alpha_m1,True,
od_descending,halt,094.tiff,2,fill_alpha_0,True,
od_descending,halt,094.tiff,2,fill_alpha_1,True,
od_descending,halt,094.tiff,2,fill_alpha_2,True,
od_descending,halt,007.tiff,0,default_51,True,
od_descending,halt,007.tiff,0,fill_alpha_m1,True,
od_descending,halt,007.tiff,0,fill_alpha_0,True,
od_descending,halt,007.tiff,0,fill_alpha_1,True,
od_descending,halt,007.tiff,0,fill_alpha_2,True,
od_descending,halt,007.tiff,1,default_51,True,
od_descending,halt,007.tiff,1,fill_alpha_m1,True,
od_descending,halt,007.tiff,1,fill_alpha_0,True,
od_descending,halt,007.tiff,1,fill_alpha_1,True,
od_descending,halt,007.tiff,1,fill_alpha_2,True,
od_descending,halt,007.tiff,2,default_51,True,
od_descending,halt,007.tiff,2,fill_alpha_m1,True,
od_descending,halt,007.tiff,2,fill_alpha_0,True,
od_descending,halt,007.tiff,2,fill_alpha_1,True,
od_descending,halt,007.tiff,2,fill_alpha_2,True,
od_descending,halt,072.tiff,0,default_51,True,
od_descending,halt,072.tiff,0,fill_alpha_m1,True,
od_descending,halt,072.tiff,0,fill_alpha_0,True,
od_descending,halt,072.tiff,0,fill_alpha_1,True,
od_descending,halt,072.tiff,0,fill_alpha_2,True,
od_descending,halt,072.tiff,1,default_51,True,
od_descending,halt,072.tiff,1,fill_alpha_m1,True,
od_descending,halt,072.tiff,1,fill_alpha_0,True,
od_descending,halt,072.tiff,1,fill_alpha_1,True,
od_descending,halt,072.tiff,1,fill_alpha_2,True,
od_descending,halt,072.tiff,2,default_51,True,
od_descending,halt,072.tiff,2,fill_alpha_m1,True,
od_descending,halt,072.tiff,2,fill_alpha_0,True,
od_descending,halt,072.tiff,2,fill_alpha_1,True,
od_descending,halt,072.tiff,2,fill_alpha_2,True,
od_descending,halt,100.tiff,0,default_51,True,
od_descending,halt,100.tiff,0,fill_alpha_m1,True,
od_descending,halt,100.tiff,0,fill_alpha_0,True,
od_descending,halt,100.tiff,0,fill_alpha_1,True,
od_descending,halt,100.tiff,0,fill_alpha_2,True,
od_descending,halt,100.tiff,1,default_51,True,
od_descending,halt,100.tiff,1,fill_alpha_m1,True,
od_descending,halt,100.tiff,1,fill_alpha_0,True,
od_descending,halt,100.tiff,1,fill_alpha_1,True,
od_descending,halt,100.tiff,1,fill_alpha_2,True,
od_descending,halt,100.tiff,2,default_51,True,
od_descending,halt,100.tiff,2,fill_alpha_m1,True,
od_descending,halt,100.tiff,2,fill_alpha_0,True,
od_descending,halt,100.tiff,2,fill_alpha_1,True,
od_descending,halt,100.tiff,2,fill_alpha_2,True,
od_descending,halt,123.tiff,0,default_51,True,
od_descending,halt,123.tiff,0,fill_alpha_m1,True,
od_descending,halt,123.tiff,0,fill_alpha_0,True,
od_descending,halt,123.tiff,0,fill_alpha_1,True,
od_descending,halt,123.tiff,0,fill_alpha_2,True,
od_descending,halt,123.tiff,1,default_51,True,
od_descending,halt,123.tiff,1,fill_alpha_m1,True,
od_descending,halt,123.tiff,1,fill_alpha_0,True,
od_descending,halt,123.tiff,1,fill_alpha_1,True,
od_descending,halt,123.tiff,1,fill_alpha_2,True,
od_descending,halt,123.tiff,2,default_51,True,
od_descending,halt,123.tiff,2,fill_alpha_m1,True,
od_descending,halt,123.tiff,2,fill_alpha_0,True,
od_descending,halt,123.tiff,2,fill_alpha_1,True,
od_descending,halt,123.tiff,2,fill_alpha_2,True,
od_descending,halt,128.tiff,0,default_51,True,
od_descending,halt,128.tiff,0,fill_alpha_m1,True,
od_descending,halt,128.tiff,0,fill_alpha_0,True,
od_descending,halt,128.tiff,0,fill_alpha_1,True,
od_descending,halt,128.tiff,0,fill_alpha_2,True,
od_descending,halt,128.tiff,1,default_51,True,
od_descending,halt,128.tiff,1,fill_alpha_m1,True,
od_descending,halt,128.tiff,1,fill_alpha_0,True,
od_descending,halt,128.tiff,1,fill_alpha_1,True,
od_descending,halt,128.tiff,1,fill_alpha_2,True,
od_descending,halt,128.tiff,2,default_51,True,
od_descending,halt,128.tiff,2,fill_alpha_m1,True,
od_descending,halt,128.tiff,2,fill_alpha_0,True,
od_descending,halt,128.tiff,2,fill_alpha_1,True,
od_descending,halt,128.tiff,2,fill_alpha_2,True,
od_descending,halt,529.tiff,0,default_51,True,
od_descending,halt,529.tiff,0,fill_alpha_m1,True,
od_descending,halt,529.tiff,0,fill_alpha_0,True,
od_descending,halt,529.tiff,0,fill_alpha_1,True,
od_descending,halt,529.tiff,0,fill_alpha_2,True,
od_descending,halt,529.tiff,1,default_51,True,
od_descending,halt,529.tiff,1,fill_alpha_m1,True,
od_descending,halt,529.tiff,1,fill_alpha_0,True,
od_descending,halt,529.tiff,1,fill_alpha_1,True,
od_descending,halt,529.tiff,1,fill_alpha_2,True,
od_descending,halt,529.tiff,2,default_51,True,
od_descending,halt,529.tiff,2,fill_alpha_m1,True,
od_descending,halt,529.tiff,2,fill_alpha_0,True,
od_descending,halt,529.tiff,2,fill_alpha_1,True,
od_descending,halt,529.tiff,2,fill_alpha_2,True,
od_descending,halt,548.tiff,0,default_51,True,
od_descending,halt,548.tiff,0,fill_alpha_m1,True,
od_descending,halt,548.tiff,0,fill_alpha_0,True,
od_descending,halt,548.tiff,0,fill_alpha_1,True,
od_descending,halt,548.tiff,0,fill_alpha_2,True,
od_descending,halt,548.tiff,1,default_51,True,
od_descending,halt,548.tiff,1,fill_alpha_m1,True,
od_descending,halt,548.tiff,1,fill_alpha_0,True,
od_descending,halt,548.tiff,1,fill_alpha_1,True,
od_descending,halt,548.tiff,1,fill_alpha_2,True,
od_descending,halt,548.tiff,2,default_51,True,
od_descending,halt,548.tiff,2,fill_alpha_m1,True,
od_descending,halt,548.tiff,2,fill_alpha_0,True,
od_descending,halt,548.tiff,2,fill_alpha_1,True,
od_descending,halt,548.tiff,2,fill_alpha_2,True,
od_descending,halt,509.tiff,0,default_51,True,
od_descending,halt,509.tiff,0,fill_alpha_m1,True,
od_descending,halt,509.tiff,0,fill_alpha_0,True,
od_descending,halt,509.tiff,0,fill_alpha_1,True,
od_descending,halt,509.tiff,0,fill_alpha_2,True,
od_descending,halt,509.tiff,1,default_51,True,
od_descending,halt,509.tiff,1,fill_alpha_m1,True,
od_descending,halt,509.tiff,1,fill_alpha_0,True,
od_descending,halt,509.tiff,1,fill_alpha_1,True,
od_descending,halt,509.tiff,1,fill_alpha_2,True,
od_descending,halt,509.tiff,2,default_51,True,
od_descending,halt,509.tiff,2,fill_alpha_m1,True,
od_descending,halt,509.tiff,2,fill_alpha_0,True,
od_descending,halt,509.tiff,2,fill_alpha_1,True,
od_descending,halt,509.tiff,2,fill_alpha_2,True,
od_descending,halt,524.tiff,0,default_51,True,
od_descending,halt,524.tiff,0,fill_alpha_m1,True,
od_descending,halt,524.tiff,0,fill_alpha_0,True,
od_descending,halt,524.tiff,0,fill_alpha_1,True,
od_descending,halt,524.tiff,0,fill_alpha_2,True,
od_descending,halt,524.tiff,1,default_51,True,
od_descending,halt,524.tiff,1,fill_alpha_m1,True,
od_descending,halt,524.tiff,1,fill_alpha_0,True,
od_descending,halt,524.tiff,1,fill_alpha_1,True,
od_descending,halt,524.tiff,1,fill_alpha_2,True,
od_descending,halt,524.tiff,2,default_51,True,
od_descending,halt,524.tiff,2,fill_alpha_m1,True,
od_descending,halt,524.tiff,2,fill_alpha_0,True,
od_descending,halt,524.tiff,2,fill_alpha_1,True,
od_descending,halt,524.tiff,2,fill_alpha_2,True,
od_descending,halt,527.tiff,0,default_51,True,
od_descending,halt,527.tiff,0,fill_alpha_m1,True,
od_descending,halt,527.tiff,0,fill_alpha_0,True,
od_descending,halt,527.tiff,0,fill_alpha_1,True,
od_descending,halt,527.tiff,0,fill_alpha_2,True,
od_descending,halt,527.tiff,1,default_51,True,
od_descending,halt,527.tiff,1,fill_alpha_m1,True,
od_descending,halt,527.tiff,1,fill_alpha_0,True,
od_descending,halt,527.tiff,1,fill_alpha_1,True,
od_descending,halt,527.tiff,1,fill_alpha_2,True,
od_descending,halt,527.tiff,2,default_51,True,
od_descending,halt,527.tiff,2,fill_alpha_m1,True,
od_descending,halt,527.tiff,2,fill_alpha_0,True,
od_descending,halt,527.tiff,2,fill_alpha_1,True,
od_descending,halt,527.tiff,2,fill_alpha_2,True,
od_descending,halt,546.tiff,0,default_51,True,
od_descending,halt,546.tiff,0,fill_alpha_m1,True,
od_descending,halt,546.tiff,0,fill_alpha_0,True,
od_descending,halt,546.tiff,0,fill_alpha_1,True,
od_descending,halt,546.tiff,0,fill_alpha_2,True,
od_descending,halt,546.tiff,1,default_51,True,
od_descending,halt,546.tiff,1,fill_alpha_m1,True,
od_descending,halt,546.tiff,1,fill_alpha_0,True,
od_descending,halt,546.tiff,1,fill_alpha_1,True,
od_descending,halt,546.tiff,1,fill_alpha_2,True,
od_descending,halt,546.tiff,2,default_51,True,
od_descending,halt,546.tiff,2,fill_alpha_m1,True,
od_descending,halt,546.tiff,2,fill_alpha_0,True,
od_descending,halt,546.tiff,2,fill_alpha_1,True,
od_descending,halt,546.tiff,2,fill_alpha_2,True,
od_descending,halt,549.tiff,0,default_51,True,
od_descending,halt,549.tiff,0,fill_alpha_m1,True,
od_descending,halt,549.tiff,0,fill_alpha_0,True,
od_descending,halt,549.tiff,0,fill_alpha_1,True,
od_descending,halt,549.tiff,0,fill_alpha_2,True,
od_descending,halt,549.tiff,1,default_51,True,
od_descending,halt,549.tiff,1,fill_alpha_m1,True,
od_descending,halt,549.tiff,1,fill_alpha_0,True,
od_descending,halt,549.tiff,1,fill_alpha_1,True,
od_descending,halt,549.tiff,1,fill_alpha_2,True,
od_descending,halt,549.tiff,2,default_51,True,
od_descending,halt,549.tiff,2,fill_alpha_m1,True,
od_descending,halt,549.tiff,2,fill_alpha_0,True,
od_descending,halt,549.tiff,2,fill_alpha_1,True,
od_descending,halt,549.tiff,2,fill_alpha_2,True,
od_descending,halt,402.tiff,0,default_51,True,
od_descending,halt,402.tiff,0,fill_alpha_m1,True,
od_descending,halt,402.tiff,0,fill_alpha_0,True,
od_descending,halt,402.tiff,0,fill_alpha_1,True,
od_descending,halt,402.tiff,0,fill_alpha_2,True,
od_descending,halt,402.tiff,1,default_51,True,
od_descending,halt,402.tiff,1,fill_alpha_m1,True,
od_descending,halt,402.tiff,1,fill_alpha_0,True,
od_descending,halt,402.tiff,1,fill_alpha_1,True,
od_descending,halt,402.tiff,1,fill_alpha_2,True,
od_descending,halt,402.tiff,2,default_51,True,
od_descending,halt,402.tiff,2,fill_alpha_m1,True,
od_descending,halt,402.tiff,2,fill_alpha_0,True,
od_descending,halt,402.tiff,2,fill_alpha_1,True,
od_descending,halt,402.tiff,2,fill_alpha_2,True,
od_descending,halt,403.tiff,0,default_51,True,
od_descending,halt,403.tiff,0,fill_alpha_m1,True,
od_descending,halt,403.tiff,0,fill_alpha_0,True,
od_descending,halt,403.tiff,0,fill_alpha_1,True,
od_descending,halt,403.tiff,0,fill_alpha_2,True,
od_descending,halt,403.tiff,1,default_51,True,
od_descending,halt,403.tiff,1,fill_alpha_m1,True,
od_descending,halt,403.tiff,1,fill_alpha_0,True,
od_descending,halt,403.tiff,1,fill_alpha_1,True,
od_descending,halt,403.tiff,1,fill_alpha_2,True,
od_descending,halt,403.tiff,2,default_51,True,
od_descending,halt,403.tiff,2,fill_alpha_m1,True,
od_descending,halt,403.tiff,2,fill_alpha_0,True,
od_descending,halt,403.tiff,2,fill_alpha_1,True,
od_descending,halt,403.tiff,2,fill_alpha_2,True,
od_descending,halt,353.tiff,0,default_51,True,
od_descending,halt,353.tiff,0,fill_alpha_m1,True,
od_descending,halt,353.tiff,0,fill_alpha_0,True,
od_descending,halt,353.tiff,0,fill_alpha_1,True,
od_descending,halt,353.tiff,0,fill_alpha_2,True,
od_descending,halt,353.tiff,1,default_51,True,
od_descending,halt,353.tiff,1,fill_alpha_m1,True,
od_descending,halt,353.tiff,1,fill_alpha_0,True,
od_descending,halt,353.tiff,1,fill_alpha_1,True,
od_descending,halt,353.tiff,1,fill_alpha_2,True,
od_descending,halt,353.tiff,2,default_51,True,
od_descending,halt,353.tiff,2,fill_alpha_m1,True,
od_descending,halt,353.tiff,2,fill_alpha_0,True,
od_descending,halt,353.tiff,2,fill_alpha_1,True,
od_descending,halt,353.tiff,2,fill_alpha_2,True,
od_descending,halt,364.tiff,0,default_51,True,
od_descending,halt,364.tiff,0,fill_alpha_m1,True,
od_descending,halt,364.tiff,0,fill_alpha_0,True,
od_descending,halt,364.tiff,0,fill_alpha_1,True,
od_descending,halt,364.tiff,0,fill_alpha_2,True,
od_descending,halt,364.tiff,1,default_51,True,
od_descending,halt,364.tiff,1,fill_alpha_m1,True,
od_descending,halt,364.tiff,1,fill_alpha_0,True,
od_descending,halt,364.tiff,1,fill_alpha_1,True,
od_descending,halt,364.tiff,1,fill_alpha_2,True,
od_descending,halt,364.tiff,2,default_51,True,
od_descending,halt,364.tiff,2,fill_alpha_m1,True,
od_descending,halt,364.tiff,2,fill_alpha_0,True,
od_descending,halt,364.tiff,2,fill_alpha_1,True,
od_descending,halt,364.tiff,2,fill_alpha_2,True,
od_descending,halt,400.tiff,0,default_51,True,
od_descending,halt,400.tiff,0,fill_alpha_m1,True,
od_descending,halt,400.tiff,0,fill_alpha_0,True,
od_descending,halt,400.tiff,0,fill_alpha_1,True,
od_descending,halt,400.tiff,0,fill_alpha_2,True,
od_descending,halt,400.tiff,1,default_51,True,
od_descending,halt,400.tiff,1,fill_alpha_m1,True,
od_descending,halt,400.tiff,1,fill_alpha_0,True,
od_descending,halt,400.tiff,1,fill_alpha_1,True,
od_descending,halt,400.tiff,1,fill_alpha_2,True,
od_descending,halt,400.tiff,2,default_51,True,
od_descending,halt,400.tiff,2,fill_alpha_m1,True,
od_descending,halt,400.tiff,2,fill_alpha_0,True,
od_descending,halt,400.tiff,2,fill_alpha_1,True,
od_descending,halt,400.tiff,2,fill_alpha_2,True,
od_descending,halt,401.tiff,0,default_51,True,
od_descending,halt,401.tiff,0,fill_alpha_m1,True,
od_descending,halt,401.tiff,0,fill_alpha_0,True,
od_descending,halt,401.tiff,0,fill_alpha_1,True,
od_descending,halt,401.tiff,0,fill_alpha_2,True,
od_descending,halt,401.tiff,1,default_51,True,
od_descending,halt,401.tiff,1,fill_alpha_m1,True,
od_descending,halt,401.tiff,1,fill_alpha_0,True,
od_descending,halt,401.tiff,1,fill_alpha_1,True,
od_descending,halt,401.tiff,1,fill_alpha_2,True,
od_descending,halt,401.tiff,2,default_51,True,
od_descending,halt,401.tiff,2,fill_alpha_m1,True,
od_descending,halt,401.tiff,2,fill_alpha_0,True,
od_descending,halt,401.tiff,2,fill_alpha_1,True,
od_descending,halt,401.tiff,2,fill_alpha_2,True,
od_descending,halt,404.tiff,0,default_51,True,
od_descending,halt,404.tiff,0,fill_alpha_m1,True,
od_descending,halt,404.tiff,0,fill_alpha_0,True,
od_descending,halt,404.tiff,0,fill_alpha_1,True,
od_descending,halt,404.tiff,0,fill_alpha_2,True,
od_descending,halt,404.tiff,1,default_51,True,
od_descending,halt,404.tiff,1,fill_alpha_m1,True,
od_descending,halt,404.tiff,1,fill_alpha_0,True,
od_descending,halt,404.tiff,1,fill_alpha_1,True,
od_descending,halt,404.tiff,1,fill_alpha_2,True,
od_descending,halt,404.tiff,2,default_51,True,
od_descending,halt,404.tiff,2,fill_alpha_m1,True,
od_descending,halt,404.tiff,2,fill_alpha_0,True,
od_descending,halt,404.tiff,2,fill_alpha_1,True,
od_descending,halt,404.tiff,2,fill_alpha_2,True,
one_row_per_arm_same_click_same_blank,halt,300.tiff,0,ALL,True,arms=default_51;fill_alpha_m1;fill_alpha_0;fill_alpha_1;fill_alpha_2 n_seed_ann=1 n_blank_values=1
one_row_per_arm_same_click_same_blank,halt,300.tiff,1,ALL,True,arms=default_51;fill_alpha_m1;fill_alpha_0;fill_alpha_1;fill_alpha_2 n_seed_ann=1 n_blank_values=1
one_row_per_arm_same_click_same_blank,halt,300.tiff,2,ALL,True,arms=default_51;fill_alpha_m1;fill_alpha_0;fill_alpha_1;fill_alpha_2 n_seed_ann=1 n_blank_values=1
one_row_per_arm_same_click_same_blank,halt,301.tiff,0,ALL,True,arms=default_51;fill_alpha_m1;fill_alpha_0;fill_alpha_1;fill_alpha_2 n_seed_ann=1 n_blank_values=1
one_row_per_arm_same_click_same_blank,halt,301.tiff,1,ALL,True,arms=default_51;fill_alpha_m1;fill_alpha_0;fill_alpha_1;fill_alpha_2 n_seed_ann=1 n_blank_values=1
one_row_per_arm_same_click_same_blank,halt,301.tiff,2,ALL,True,arms=default_51;fill_alpha_m1;fill_alpha_0;fill_alpha_1;fill_alpha_2 n_seed_ann=1 n_blank_values=1
one_row_per_arm_same_click_same_blank,halt,322.tiff,0,ALL,True,arms=default_51;fill_alpha_m1;fill_alpha_0;fill_alpha_1;fill_alpha_2 n_seed_ann=1 n_blank_values=1
one_row_per_arm_same_click_same_blank,halt,322.tiff,1,ALL,True,arms=default_51;fill_alpha_m1;fill_alpha_0;fill_alpha_1;fill_alpha_2 n_seed_ann=1 n_blank_values=1
one_row_per_arm_same_click_same_blank,halt,322.tiff,2,ALL,True,arms=default_51;fill_alpha_m1;fill_alpha_0;fill_alpha_1;fill_alpha_2 n_seed_ann=1 n_blank_values=1
one_row_per_arm_same_click_same_blank,halt,337.tiff,0,ALL,True,arms=default_51;fill_alpha_m1;fill_alpha_0;fill_alpha_1;fill_alpha_2 n_seed_ann=1 n_blank_values=1
one_row_per_arm_same_click_same_blank,halt,337.tiff,1,ALL,True,arms=default_51;fill_alpha_m1;fill_alpha_0;fill_alpha_1;fill_alpha_2 n_seed_ann=1 n_blank_values=1
one_row_per_arm_same_click_same_blank,halt,337.tiff,2,ALL,True,arms=default_51;fill_alpha_m1;fill_alpha_0;fill_alpha_1;fill_alpha_2 n_seed_ann=1 n_blank_values=1
one_row_per_arm_same_click_same_blank,halt,339.tiff,0,ALL,True,arms=default_51;fill_alpha_m1;fill_alpha_0;fill_alpha_1;fill_alpha_2 n_seed_ann=1 n_blank_values=1
one_row_per_arm_same_click_same_blank,halt,339.tiff,1,ALL,True,arms=default_51;fill_alpha_m1;fill_alpha_0;fill_alpha_1;fill_alpha_2 n_seed_ann=1 n_blank_values=1
one_row_per_arm_same_click_same_blank,halt,339.tiff,2,ALL,True,arms=default_51;fill_alpha_m1;fill_alpha_0;fill_alpha_1;fill_alpha_2 n_seed_ann=1 n_blank_values=1
one_row_per_arm_same_click_same_blank,halt,343.tiff,0,ALL,True,arms=default_51;fill_alpha_m1;fill_alpha_0;fill_alpha_1;fill_alpha_2 n_seed_ann=1 n_blank_values=1
one_row_per_arm_same_click_same_blank,halt,343.tiff,1,ALL,True,arms=default_51;fill_alpha_m1;fill_alpha_0;fill_alpha_1;fill_alpha_2 n_seed_ann=1 n_blank_values=1
one_row_per_arm_same_click_same_blank,halt,343.tiff,2,ALL,True,arms=default_51;fill_alpha_m1;fill_alpha_0;fill_alpha_1;fill_alpha_2 n_seed_ann=1 n_blank_values=1
one_row_per_arm_same_click_same_blank,halt,344.tiff,0,ALL,True,arms=default_51;fill_alpha_m1;fill_alpha_0;fill_alpha_1;fill_alpha_2 n_seed_ann=1 n_blank_values=1
one_row_per_arm_same_click_same_blank,halt,344.tiff,1,ALL,True,arms=default_51;fill_alpha_m1;fill_alpha_0;fill_alpha_1;fill_alpha_2 n_seed_ann=1 n_blank_values=1
one_row_per_arm_same_click_same_blank,halt,344.tiff,2,ALL,True,arms=default_51;fill_alpha_m1;fill_alpha_0;fill_alpha_1;fill_alpha_2 n_seed_ann=1 n_blank_values=1
one_row_per_arm_same_click_same_blank,halt,201.tiff,0,ALL,True,arms=default_51;fill_alpha_m1;fill_alpha_0;fill_alpha_1;fill_alpha_2 n_seed_ann=1 n_blank_values=1
one_row_per_arm_same_click_same_blank,halt,201.tiff,1,ALL,True,arms=default_51;fill_alpha_m1;fill_alpha_0;fill_alpha_1;fill_alpha_2 n_seed_ann=1 n_blank_values=1
one_row_per_arm_same_click_same_blank,halt,201.tiff,2,ALL,True,arms=default_51;fill_alpha_m1;fill_alpha_0;fill_alpha_1;fill_alpha_2 n_seed_ann=1 n_blank_values=1
one_row_per_arm_same_click_same_blank,halt,233.tiff,0,ALL,True,arms=default_51;fill_alpha_m1;fill_alpha_0;fill_alpha_1;fill_alpha_2 n_seed_ann=1 n_blank_values=1
one_row_per_arm_same_click_same_blank,halt,233.tiff,1,ALL,True,arms=default_51;fill_alpha_m1;fill_alpha_0;fill_alpha_1;fill_alpha_2 n_seed_ann=1 n_blank_values=1
one_row_per_arm_same_click_same_blank,halt,233.tiff,2,ALL,True,arms=default_51;fill_alpha_m1;fill_alpha_0;fill_alpha_1;fill_alpha_2 n_seed_ann=1 n_blank_values=1
one_row_per_arm_same_click_same_blank,halt,211.tiff,0,ALL,True,arms=default_51;fill_alpha_m1;fill_alpha_0;fill_alpha_1;fill_alpha_2 n_seed_ann=1 n_blank_values=1
one_row_per_arm_same_click_same_blank,halt,211.tiff,1,ALL,True,arms=default_51;fill_alpha_m1;fill_alpha_0;fill_alpha_1;fill_alpha_2 n_seed_ann=1 n_blank_values=1
one_row_per_arm_same_click_same_blank,halt,211.tiff,2,ALL,True,arms=default_51;fill_alpha_m1;fill_alpha_0;fill_alpha_1;fill_alpha_2 n_seed_ann=1 n_blank_values=1
one_row_per_arm_same_click_same_blank,halt,220.tiff,0,ALL,True,arms=default_51;fill_alpha_m1;fill_alpha_0;fill_alpha_1;fill_alpha_2 n_seed_ann=1 n_blank_values=1
one_row_per_arm_same_click_same_blank,halt,220.tiff,1,ALL,True,arms=default_51;fill_alpha_m1;fill_alpha_0;fill_alpha_1;fill_alpha_2 n_seed_ann=1 n_blank_values=1
one_row_per_arm_same_click_same_blank,halt,220.tiff,2,ALL,True,arms=default_51;fill_alpha_m1;fill_alpha_0;fill_alpha_1;fill_alpha_2 n_seed_ann=1 n_blank_values=1
one_row_per_arm_same_click_same_blank,halt,230.tiff,0,ALL,True,arms=default_51;fill_alpha_m1;fill_alpha_0;fill_alpha_1;fill_alpha_2 n_seed_ann=1 n_blank_values=1
one_row_per_arm_same_click_same_blank,halt,230.tiff,1,ALL,True,arms=default_51;fill_alpha_m1;fill_alpha_0;fill_alpha_1;fill_alpha_2 n_seed_ann=1 n_blank_values=1
one_row_per_arm_same_click_same_blank,halt,230.tiff,2,ALL,True,arms=default_51;fill_alpha_m1;fill_alpha_0;fill_alpha_1;fill_alpha_2 n_seed_ann=1 n_blank_values=1
one_row_per_arm_same_click_same_blank,halt,235.tiff,0,ALL,True,arms=default_51;fill_alpha_m1;fill_alpha_0;fill_alpha_1;fill_alpha_2 n_seed_ann=1 n_blank_values=1
one_row_per_arm_same_click_same_blank,halt,235.tiff,1,ALL,True,arms=default_51;fill_alpha_m1;fill_alpha_0;fill_alpha_1;fill_alpha_2 n_seed_ann=1 n_blank_values=1
one_row_per_arm_same_click_same_blank,halt,235.tiff,2,ALL,True,arms=default_51;fill_alpha_m1;fill_alpha_0;fill_alpha_1;fill_alpha_2 n_seed_ann=1 n_blank_values=1
one_row_per_arm_same_click_same_blank,halt,242.tiff,0,ALL,True,arms=default_51;fill_alpha_m1;fill_alpha_0;fill_alpha_1;fill_alpha_2 n_seed_ann=1 n_blank_values=1
one_row_per_arm_same_click_same_blank,halt,242.tiff,1,ALL,True,arms=default_51;fill_alpha_m1;fill_alpha_0;fill_alpha_1;fill_alpha_2 n_seed_ann=1 n_blank_values=1
one_row_per_arm_same_click_same_blank,halt,242.tiff,2,ALL,True,arms=default_51;fill_alpha_m1;fill_alpha_0;fill_alpha_1;fill_alpha_2 n_seed_ann=1 n_blank_values=1
one_row_per_arm_same_click_same_blank,halt,245.tiff,0,ALL,True,arms=default_51;fill_alpha_m1;fill_alpha_0;fill_alpha_1;fill_alpha_2 n_seed_ann=1 n_blank_values=1
one_row_per_arm_same_click_same_blank,halt,245.tiff,1,ALL,True,arms=default_51;fill_alpha_m1;fill_alpha_0;fill_alpha_1;fill_alpha_2 n_seed_ann=1 n_blank_values=1
one_row_per_arm_same_click_same_blank,halt,245.tiff,2,ALL,True,arms=default_51;fill_alpha_m1;fill_alpha_0;fill_alpha_1;fill_alpha_2 n_seed_ann=1 n_blank_values=1
one_row_per_arm_same_click_same_blank,halt,246.tiff,0,ALL,True,arms=default_51;fill_alpha_m1;fill_alpha_0;fill_alpha_1;fill_alpha_2 n_seed_ann=1 n_blank_values=1
one_row_per_arm_same_click_same_blank,halt,246.tiff,1,ALL,True,arms=default_51;fill_alpha_m1;fill_alpha_0;fill_alpha_1;fill_alpha_2 n_seed_ann=1 n_blank_values=1
one_row_per_arm_same_click_same_blank,halt,246.tiff,2,ALL,True,arms=default_51;fill_alpha_m1;fill_alpha_0;fill_alpha_1;fill_alpha_2 n_seed_ann=1 n_blank_values=1
one_row_per_arm_same_click_same_blank,halt,249.tiff,0,ALL,True,arms=default_51;fill_alpha_m1;fill_alpha_0;fill_alpha_1;fill_alpha_2 n_seed_ann=1 n_blank_values=1
one_row_per_arm_same_click_same_blank,halt,249.tiff,1,ALL,True,arms=default_51;fill_alpha_m1;fill_alpha_0;fill_alpha_1;fill_alpha_2 n_seed_ann=1 n_blank_values=1
one_row_per_arm_same_click_same_blank,halt,249.tiff,2,ALL,True,arms=default_51;fill_alpha_m1;fill_alpha_0;fill_alpha_1;fill_alpha_2 n_seed_ann=1 n_blank_values=1
one_row_per_arm_same_click_same_blank,halt,284.tiff,0,ALL,True,arms=default_51;fill_alpha_m1;fill_alpha_0;fill_alpha_1;fill_alpha_2 n_seed_ann=1 n_blank_values=1
one_row_per_arm_same_click_same_blank,halt,284.tiff,1,ALL,True,arms=default_51;fill_alpha_m1;fill_alpha_0;fill_alpha_1;fill_alpha_2 n_seed_ann=1 n_blank_values=1
one_row_per_arm_same_click_same_blank,halt,284.tiff,2,ALL,True,arms=default_51;fill_alpha_m1;fill_alpha_0;fill_alpha_1;fill_alpha_2 n_seed_ann=1 n_blank_values=1
one_row_per_arm_same_click_same_blank,halt,289.tiff,0,ALL,True,arms=default_51;fill_alpha_m1;fill_alpha_0;fill_alpha_1;fill_alpha_2 n_seed_ann=1 n_blank_values=1
one_row_per_arm_same_click_same_blank,halt,289.tiff,1,ALL,True,arms=default_51;fill_alpha_m1;fill_alpha_0;fill_alpha_1;fill_alpha_2 n_seed_ann=1 n_blank_values=1
one_row_per_arm_same_click_same_blank,halt,289.tiff,2,ALL,True,arms=default_51;fill_alpha_m1;fill_alpha_0;fill_alpha_1;fill_alpha_2 n_seed_ann=1 n_blank_values=1
one_row_per_arm_same_click_same_blank,halt,291.tiff,0,ALL,True,arms=default_51;fill_alpha_m1;fill_alpha_0;fill_alpha_1;fill_alpha_2 n_seed_ann=1 n_blank_values=1
one_row_per_arm_same_click_same_blank,halt,291.tiff,1,ALL,True,arms=default_51;fill_alpha_m1;fill_alpha_0;fill_alpha_1;fill_alpha_2 n_seed_ann=1 n_blank_values=1
one_row_per_arm_same_click_same_blank,halt,291.tiff,2,ALL,True,arms=default_51;fill_alpha_m1;fill_alpha_0;fill_alpha_1;fill_alpha_2 n_seed_ann=1 n_blank_values=1
one_row_per_arm_same_click_same_blank,halt,293.tiff,0,ALL,True,arms=default_51;fill_alpha_m1;fill_alpha_0;fill_alpha_1;fill_alpha_2 n_seed_ann=1 n_blank_values=1
one_row_per_arm_same_click_same_blank,halt,293.tiff,1,ALL,True,arms=default_51;fill_alpha_m1;fill_alpha_0;fill_alpha_1;fill_alpha_2 n_seed_ann=1 n_blank_values=1
one_row_per_arm_same_click_same_blank,halt,293.tiff,2,ALL,True,arms=default_51;fill_alpha_m1;fill_alpha_0;fill_alpha_1;fill_alpha_2 n_seed_ann=1 n_blank_values=1
one_row_per_arm_same_click_same_blank,halt,459.tiff,0,ALL,True,arms=default_51;fill_alpha_m1;fill_alpha_0;fill_alpha_1;fill_alpha_2 n_seed_ann=1 n_blank_values=1
one_row_per_arm_same_click_same_blank,halt,459.tiff,1,ALL,True,arms=default_51;fill_alpha_m1;fill_alpha_0;fill_alpha_1;fill_alpha_2 n_seed_ann=1 n_blank_values=1
one_row_per_arm_same_click_same_blank,halt,459.tiff,2,ALL,True,arms=default_51;fill_alpha_m1;fill_alpha_0;fill_alpha_1;fill_alpha_2 n_seed_ann=1 n_blank_values=1
one_row_per_arm_same_click_same_blank,halt,460.tiff,0,ALL,True,arms=default_51;fill_alpha_m1;fill_alpha_0;fill_alpha_1;fill_alpha_2 n_seed_ann=1 n_blank_values=1
one_row_per_arm_same_click_same_blank,halt,460.tiff,1,ALL,True,arms=default_51;fill_alpha_m1;fill_alpha_0;fill_alpha_1;fill_alpha_2 n_seed_ann=1 n_blank_values=1
one_row_per_arm_same_click_same_blank,halt,460.tiff,2,ALL,True,arms=default_51;fill_alpha_m1;fill_alpha_0;fill_alpha_1;fill_alpha_2 n_seed_ann=1 n_blank_values=1
one_row_per_arm_same_click_same_blank,halt,410.tiff,0,ALL,True,arms=default_51;fill_alpha_m1;fill_alpha_0;fill_alpha_1;fill_alpha_2 n_seed_ann=1 n_blank_values=1
one_row_per_arm_same_click_same_blank,halt,410.tiff,1,ALL,True,arms=default_51;fill_alpha_m1;fill_alpha_0;fill_alpha_1;fill_alpha_2 n_seed_ann=1 n_blank_values=1
one_row_per_arm_same_click_same_blank,halt,410.tiff,2,ALL,True,arms=default_51;fill_alpha_m1;fill_alpha_0;fill_alpha_1;fill_alpha_2 n_seed_ann=1 n_blank_values=1
one_row_per_arm_same_click_same_blank,halt,425.tiff,0,ALL,True,arms=default_51;fill_alpha_m1;fill_alpha_0;fill_alpha_1;fill_alpha_2 n_seed_ann=1 n_blank_values=1
one_row_per_arm_same_click_same_blank,halt,425.tiff,1,ALL,True,arms=default_51;fill_alpha_m1;fill_alpha_0;fill_alpha_1;fill_alpha_2 n_seed_ann=1 n_blank_values=1
one_row_per_arm_same_click_same_blank,halt,425.tiff,2,ALL,True,arms=default_51;fill_alpha_m1;fill_alpha_0;fill_alpha_1;fill_alpha_2 n_seed_ann=1 n_blank_values=1
one_row_per_arm_same_click_same_blank,halt,435.tiff,0,ALL,True,arms=default_51;fill_alpha_m1;fill_alpha_0;fill_alpha_1;fill_alpha_2 n_seed_ann=1 n_blank_values=1
one_row_per_arm_same_click_same_blank,halt,435.tiff,1,ALL,True,arms=default_51;fill_alpha_m1;fill_alpha_0;fill_alpha_1;fill_alpha_2 n_seed_ann=1 n_blank_values=1
one_row_per_arm_same_click_same_blank,halt,435.tiff,2,ALL,True,arms=default_51;fill_alpha_m1;fill_alpha_0;fill_alpha_1;fill_alpha_2 n_seed_ann=1 n_blank_values=1
one_row_per_arm_same_click_same_blank,halt,462.tiff,0,ALL,True,arms=default_51;fill_alpha_m1;fill_alpha_0;fill_alpha_1;fill_alpha_2 n_seed_ann=1 n_blank_values=1
one_row_per_arm_same_click_same_blank,halt,462.tiff,1,ALL,True,arms=default_51;fill_alpha_m1;fill_alpha_0;fill_alpha_1;fill_alpha_2 n_seed_ann=1 n_blank_values=1
one_row_per_arm_same_click_same_blank,halt,462.tiff,2,ALL,True,arms=default_51;fill_alpha_m1;fill_alpha_0;fill_alpha_1;fill_alpha_2 n_seed_ann=1 n_blank_values=1
one_row_per_arm_same_click_same_blank,halt,499.tiff,0,ALL,True,arms=default_51;fill_alpha_m1;fill_alpha_0;fill_alpha_1;fill_alpha_2 n_seed_ann=1 n_blank_values=1
one_row_per_arm_same_click_same_blank,halt,499.tiff,1,ALL,True,arms=default_51;fill_alpha_m1;fill_alpha_0;fill_alpha_1;fill_alpha_2 n_seed_ann=1 n_blank_values=1
one_row_per_arm_same_click_same_blank,halt,499.tiff,2,ALL,True,arms=default_51;fill_alpha_m1;fill_alpha_0;fill_alpha_1;fill_alpha_2 n_seed_ann=1 n_blank_values=1
one_row_per_arm_same_click_same_blank,halt,013.tiff,0,ALL,True,arms=default_51;fill_alpha_m1;fill_alpha_0;fill_alpha_1;fill_alpha_2 n_seed_ann=1 n_blank_values=1
one_row_per_arm_same_click_same_blank,halt,013.tiff,1,ALL,True,arms=default_51;fill_alpha_m1;fill_alpha_0;fill_alpha_1;fill_alpha_2 n_seed_ann=1 n_blank_values=1
one_row_per_arm_same_click_same_blank,halt,013.tiff,2,ALL,True,arms=default_51;fill_alpha_m1;fill_alpha_0;fill_alpha_1;fill_alpha_2 n_seed_ann=1 n_blank_values=1
one_row_per_arm_same_click_same_blank,halt,094.tiff,0,ALL,True,arms=default_51;fill_alpha_m1;fill_alpha_0;fill_alpha_1;fill_alpha_2 n_seed_ann=1 n_blank_values=1
one_row_per_arm_same_click_same_blank,halt,094.tiff,1,ALL,True,arms=default_51;fill_alpha_m1;fill_alpha_0;fill_alpha_1;fill_alpha_2 n_seed_ann=1 n_blank_values=1
one_row_per_arm_same_click_same_blank,halt,094.tiff,2,ALL,True,arms=default_51;fill_alpha_m1;fill_alpha_0;fill_alpha_1;fill_alpha_2 n_seed_ann=1 n_blank_values=1
one_row_per_arm_same_click_same_blank,halt,007.tiff,0,ALL,True,arms=default_51;fill_alpha_m1;fill_alpha_0;fill_alpha_1;fill_alpha_2 n_seed_ann=1 n_blank_values=1
one_row_per_arm_same_click_same_blank,halt,007.tiff,1,ALL,True,arms=default_51;fill_alpha_m1;fill_alpha_0;fill_alpha_1;fill_alpha_2 n_seed_ann=1 n_blank_values=1
one_row_per_arm_same_click_same_blank,halt,007.tiff,2,ALL,True,arms=default_51;fill_alpha_m1;fill_alpha_0;fill_alpha_1;fill_alpha_2 n_seed_ann=1 n_blank_values=1
one_row_per_arm_same_click_same_blank,halt,072.tiff,0,ALL,True,arms=default_51;fill_alpha_m1;fill_alpha_0;fill_alpha_1;fill_alpha_2 n_seed_ann=1 n_blank_values=1
one_row_per_arm_same_click_same_blank,halt,072.tiff,1,ALL,True,arms=default_51;fill_alpha_m1;fill_alpha_0;fill_alpha_1;fill_alpha_2 n_seed_ann=1 n_blank_values=1
one_row_per_arm_same_click_same_blank,halt,072.tiff,2,ALL,True,arms=default_51;fill_alpha_m1;fill_alpha_0;fill_alpha_1;fill_alpha_2 n_seed_ann=1 n_blank_values=1
one_row_per_arm_same_click_same_blank,halt,100.tiff,0,ALL,True,arms=default_51;fill_alpha_m1;fill_alpha_0;fill_alpha_1;fill_alpha_2 n_seed_ann=1 n_blank_values=1
one_row_per_arm_same_click_same_blank,halt,100.tiff,1,ALL,True,arms=default_51;fill_alpha_m1;fill_alpha_0;fill_alpha_1;fill_alpha_2 n_seed_ann=1 n_blank_values=1
one_row_per_arm_same_click_same_blank,halt,100.tiff,2,ALL,True,arms=default_51;fill_alpha_m1;fill_alpha_0;fill_alpha_1;fill_alpha_2 n_seed_ann=1 n_blank_values=1
one_row_per_arm_same_click_same_blank,halt,123.tiff,0,ALL,True,arms=default_51;fill_alpha_m1;fill_alpha_0;fill_alpha_1;fill_alpha_2 n_seed_ann=1 n_blank_values=1
one_row_per_arm_same_click_same_blank,halt,123.tiff,1,ALL,True,arms=default_51;fill_alpha_m1;fill_alpha_0;fill_alpha_1;fill_alpha_2 n_seed_ann=1 n_blank_values=1
one_row_per_arm_same_click_same_blank,halt,123.tiff,2,ALL,True,arms=default_51;fill_alpha_m1;fill_alpha_0;fill_alpha_1;fill_alpha_2 n_seed_ann=1 n_blank_values=1
one_row_per_arm_same_click_same_blank,halt,128.tiff,0,ALL,True,arms=default_51;fill_alpha_m1;fill_alpha_0;fill_alpha_1;fill_alpha_2 n_seed_ann=1 n_blank_values=1
one_row_per_arm_same_click_same_blank,halt,128.tiff,1,ALL,True,arms=default_51;fill_alpha_m1;fill_alpha_0;fill_alpha_1;fill_alpha_2 n_seed_ann=1 n_blank_values=1
one_row_per_arm_same_click_same_blank,halt,128.tiff,2,ALL,True,arms=default_51;fill_alpha_m1;fill_alpha_0;fill_alpha_1;fill_alpha_2 n_seed_ann=1 n_blank_values=1
one_row_per_arm_same_click_same_blank,halt,529.tiff,0,ALL,True,arms=default_51;fill_alpha_m1;fill_alpha_0;fill_alpha_1;fill_alpha_2 n_seed_ann=1 n_blank_values=1
one_row_per_arm_same_click_same_blank,halt,529.tiff,1,ALL,True,arms=default_51;fill_alpha_m1;fill_alpha_0;fill_alpha_1;fill_alpha_2 n_seed_ann=1 n_blank_values=1
one_row_per_arm_same_click_same_blank,halt,529.tiff,2,ALL,True,arms=default_51;fill_alpha_m1;fill_alpha_0;fill_alpha_1;fill_alpha_2 n_seed_ann=1 n_blank_values=1
one_row_per_arm_same_click_same_blank,halt,548.tiff,0,ALL,True,arms=default_51;fill_alpha_m1;fill_alpha_0;fill_alpha_1;fill_alpha_2 n_seed_ann=1 n_blank_values=1
one_row_per_arm_same_click_same_blank,halt,548.tiff,1,ALL,True,arms=default_51;fill_alpha_m1;fill_alpha_0;fill_alpha_1;fill_alpha_2 n_seed_ann=1 n_blank_values=1
one_row_per_arm_same_click_same_blank,halt,548.tiff,2,ALL,True,arms=default_51;fill_alpha_m1;fill_alpha_0;fill_alpha_1;fill_alpha_2 n_seed_ann=1 n_blank_values=1
one_row_per_arm_same_click_same_blank,halt,509.tiff,0,ALL,True,arms=default_51;fill_alpha_m1;fill_alpha_0;fill_alpha_1;fill_alpha_2 n_seed_ann=1 n_blank_values=1
one_row_per_arm_same_click_same_blank,halt,509.tiff,1,ALL,True,arms=default_51;fill_alpha_m1;fill_alpha_0;fill_alpha_1;fill_alpha_2 n_seed_ann=1 n_blank_values=1
one_row_per_arm_same_click_same_blank,halt,509.tiff,2,ALL,True,arms=default_51;fill_alpha_m1;fill_alpha_0;fill_alpha_1;fill_alpha_2 n_seed_ann=1 n_blank_values=1
one_row_per_arm_same_click_same_blank,halt,524.tiff,0,ALL,True,arms=default_51;fill_alpha_m1;fill_alpha_0;fill_alpha_1;fill_alpha_2 n_seed_ann=1 n_blank_values=1
one_row_per_arm_same_click_same_blank,halt,524.tiff,1,ALL,True,arms=default_51;fill_alpha_m1;fill_alpha_0;fill_alpha_1;fill_alpha_2 n_seed_ann=1 n_blank_values=1
one_row_per_arm_same_click_same_blank,halt,524.tiff,2,ALL,True,arms=default_51;fill_alpha_m1;fill_alpha_0;fill_alpha_1;fill_alpha_2 n_seed_ann=1 n_blank_values=1
one_row_per_arm_same_click_same_blank,halt,527.tiff,0,ALL,True,arms=default_51;fill_alpha_m1;fill_alpha_0;fill_alpha_1;fill_alpha_2 n_seed_ann=1 n_blank_values=1
one_row_per_arm_same_click_same_blank,halt,527.tiff,1,ALL,True,arms=default_51;fill_alpha_m1;fill_alpha_0;fill_alpha_1;fill_alpha_2 n_seed_ann=1 n_blank_values=1
one_row_per_arm_same_click_same_blank,halt,527.tiff,2,ALL,True,arms=default_51;fill_alpha_m1;fill_alpha_0;fill_alpha_1;fill_alpha_2 n_seed_ann=1 n_blank_values=1
one_row_per_arm_same_click_same_blank,halt,546.tiff,0,ALL,True,arms=default_51;fill_alpha_m1;fill_alpha_0;fill_alpha_1;fill_alpha_2 n_seed_ann=1 n_blank_values=1
one_row_per_arm_same_click_same_blank,halt,546.tiff,1,ALL,True,arms=default_51;fill_alpha_m1;fill_alpha_0;fill_alpha_1;fill_alpha_2 n_seed_ann=1 n_blank_values=1
one_row_per_arm_same_click_same_blank,halt,546.tiff,2,ALL,True,arms=default_51;fill_alpha_m1;fill_alpha_0;fill_alpha_1;fill_alpha_2 n_seed_ann=1 n_blank_values=1
one_row_per_arm_same_click_same_blank,halt,549.tiff,0,ALL,True,arms=default_51;fill_alpha_m1;fill_alpha_0;fill_alpha_1;fill_alpha_2 n_seed_ann=1 n_blank_values=1
one_row_per_arm_same_click_same_blank,halt,549.tiff,1,ALL,True,arms=default_51;fill_alpha_m1;fill_alpha_0;fill_alpha_1;fill_alpha_2 n_seed_ann=1 n_blank_values=1
one_row_per_arm_same_click_same_blank,halt,549.tiff,2,ALL,True,arms=default_51;fill_alpha_m1;fill_alpha_0;fill_alpha_1;fill_alpha_2 n_seed_ann=1 n_blank_values=1
one_row_per_arm_same_click_same_blank,halt,402.tiff,0,ALL,True,arms=default_51;fill_alpha_m1;fill_alpha_0;fill_alpha_1;fill_alpha_2 n_seed_ann=1 n_blank_values=1
one_row_per_arm_same_click_same_blank,halt,402.tiff,1,ALL,True,arms=default_51;fill_alpha_m1;fill_alpha_0;fill_alpha_1;fill_alpha_2 n_seed_ann=1 n_blank_values=1
one_row_per_arm_same_click_same_blank,halt,402.tiff,2,ALL,True,arms=default_51;fill_alpha_m1;fill_alpha_0;fill_alpha_1;fill_alpha_2 n_seed_ann=1 n_blank_values=1
one_row_per_arm_same_click_same_blank,halt,403.tiff,0,ALL,True,arms=default_51;fill_alpha_m1;fill_alpha_0;fill_alpha_1;fill_alpha_2 n_seed_ann=1 n_blank_values=1
one_row_per_arm_same_click_same_blank,halt,403.tiff,1,ALL,True,arms=default_51;fill_alpha_m1;fill_alpha_0;fill_alpha_1;fill_alpha_2 n_seed_ann=1 n_blank_values=1
one_row_per_arm_same_click_same_blank,halt,403.tiff,2,ALL,True,arms=default_51;fill_alpha_m1;fill_alpha_0;fill_alpha_1;fill_alpha_2 n_seed_ann=1 n_blank_values=1
one_row_per_arm_same_click_same_blank,halt,353.tiff,0,ALL,True,arms=default_51;fill_alpha_m1;fill_alpha_0;fill_alpha_1;fill_alpha_2 n_seed_ann=1 n_blank_values=1
one_row_per_arm_same_click_same_blank,halt,353.tiff,1,ALL,True,arms=default_51;fill_alpha_m1;fill_alpha_0;fill_alpha_1;fill_alpha_2 n_seed_ann=1 n_blank_values=1
one_row_per_arm_same_click_same_blank,halt,353.tiff,2,ALL,True,arms=default_51;fill_alpha_m1;fill_alpha_0;fill_alpha_1;fill_alpha_2 n_seed_ann=1 n_blank_values=1
one_row_per_arm_same_click_same_blank,halt,364.tiff,0,ALL,True,arms=default_51;fill_alpha_m1;fill_alpha_0;fill_alpha_1;fill_alpha_2 n_seed_ann=1 n_blank_values=1
one_row_per_arm_same_click_same_blank,halt,364.tiff,1,ALL,True,arms=default_51;fill_alpha_m1;fill_alpha_0;fill_alpha_1;fill_alpha_2 n_seed_ann=1 n_blank_values=1
one_row_per_arm_same_click_same_blank,halt,364.tiff,2,ALL,True,arms=default_51;fill_alpha_m1;fill_alpha_0;fill_alpha_1;fill_alpha_2 n_seed_ann=1 n_blank_values=1
one_row_per_arm_same_click_same_blank,halt,400.tiff,0,ALL,True,arms=default_51;fill_alpha_m1;fill_alpha_0;fill_alpha_1;fill_alpha_2 n_seed_ann=1 n_blank_values=1
one_row_per_arm_same_click_same_blank,halt,400.tiff,1,ALL,True,arms=default_51;fill_alpha_m1;fill_alpha_0;fill_alpha_1;fill_alpha_2 n_seed_ann=1 n_blank_values=1
one_row_per_arm_same_click_same_blank,halt,400.tiff,2,ALL,True,arms=default_51;fill_alpha_m1;fill_alpha_0;fill_alpha_1;fill_alpha_2 n_seed_ann=1 n_blank_values=1
one_row_per_arm_same_click_same_blank,halt,401.tiff,0,ALL,True,arms=default_51;fill_alpha_m1;fill_alpha_0;fill_alpha_1;fill_alpha_2 n_seed_ann=1 n_blank_values=1
one_row_per_arm_same_click_same_blank,halt,401.tiff,1,ALL,True,arms=default_51;fill_alpha_m1;fill_alpha_0;fill_alpha_1;fill_alpha_2 n_seed_ann=1 n_blank_values=1
one_row_per_arm_same_click_same_blank,halt,401.tiff,2,ALL,True,arms=default_51;fill_alpha_m1;fill_alpha_0;fill_alpha_1;fill_alpha_2 n_seed_ann=1 n_blank_values=1
one_row_per_arm_same_click_same_blank,halt,404.tiff,0,ALL,True,arms=default_51;fill_alpha_m1;fill_alpha_0;fill_alpha_1;fill_alpha_2 n_seed_ann=1 n_blank_values=1
one_row_per_arm_same_click_same_blank,halt,404.tiff,1,ALL,True,arms=default_51;fill_alpha_m1;fill_alpha_0;fill_alpha_1;fill_alpha_2 n_seed_ann=1 n_blank_values=1
one_row_per_arm_same_click_same_blank,halt,404.tiff,2,ALL,True,arms=default_51;fill_alpha_m1;fill_alpha_0;fill_alpha_1;fill_alpha_2 n_seed_ann=1 n_blank_values=1
fill_algebra,halt,300.tiff,0,ALL,True,m_kept=0.129523 m_out=0.0222533 delta_m=0.10727 max|fill - expected|=0
fill_algebra,halt,300.tiff,1,ALL,True,m_kept=0.0868982 m_out=0.0180165 delta_m=0.0688817 max|fill - expected|=0
fill_algebra,halt,300.tiff,2,ALL,True,m_kept=0.0976414 m_out=0.0153338 delta_m=0.0823075 max|fill - expected|=0
fill_algebra,halt,301.tiff,0,ALL,True,m_kept=0.0525635 m_out=0.0284854 delta_m=0.024078 max|fill - expected|=0
fill_algebra,halt,301.tiff,1,ALL,True,m_kept=0.0734746 m_out=0.0198519 delta_m=0.0536227 max|fill - expected|=0
fill_algebra,halt,301.tiff,2,ALL,True,m_kept=0.0537836 m_out=0.0234688 delta_m=0.0303148 max|fill - expected|=0
fill_algebra,halt,322.tiff,0,ALL,True,m_kept=0.111654 m_out=0.0144847 delta_m=0.0971694 max|fill - expected|=0
fill_algebra,halt,322.tiff,1,ALL,True,m_kept=0.119695 m_out=0.0196217 delta_m=0.100073 max|fill - expected|=0
fill_algebra,halt,322.tiff,2,ALL,True,m_kept=0.160237 m_out=0.0163782 delta_m=0.143858 max|fill - expected|=0
fill_algebra,halt,337.tiff,0,ALL,True,m_kept=0.110904 m_out=0.0191177 delta_m=0.0917859 max|fill - expected|=0
fill_algebra,halt,337.tiff,1,ALL,True,m_kept=0.0786421 m_out=0.0127942 delta_m=0.0658479 max|fill - expected|=0
fill_algebra,halt,337.tiff,2,ALL,True,m_kept=0.0896218 m_out=0.0159234 delta_m=0.0736984 max|fill - expected|=0
fill_algebra,halt,339.tiff,0,ALL,True,m_kept=0.0723889 m_out=0.00845195 delta_m=0.0639369 max|fill - expected|=0
fill_algebra,halt,339.tiff,1,ALL,True,m_kept=0.0716552 m_out=0.0113819 delta_m=0.0602733 max|fill - expected|=0
fill_algebra,halt,339.tiff,2,ALL,True,m_kept=0.089773 m_out=0.00720019 delta_m=0.0825728 max|fill - expected|=0
fill_algebra,halt,343.tiff,0,ALL,True,m_kept=0.0825833 m_out=0.0268964 delta_m=0.0556868 max|fill - expected|=0
fill_algebra,halt,343.tiff,1,ALL,True,m_kept=0.0574973 m_out=0.0173353 delta_m=0.040162 max|fill - expected|=0
fill_algebra,halt,343.tiff,2,ALL,True,m_kept=0.12091 m_out=0.0154795 delta_m=0.105431 max|fill - expected|=0
fill_algebra,halt,344.tiff,0,ALL,True,m_kept=0.128017 m_out=0.0182641 delta_m=0.109753 max|fill - expected|=0
fill_algebra,halt,344.tiff,1,ALL,True,m_kept=0.129816 m_out=0.0192652 delta_m=0.11055 max|fill - expected|=0
fill_algebra,halt,344.tiff,2,ALL,True,m_kept=0.101741 m_out=0.0179422 delta_m=0.0837987 max|fill - expected|=0
fill_algebra,halt,201.tiff,0,ALL,True,m_kept=0.0937716 m_out=0.0412728 delta_m=0.0524988 max|fill - expected|=0
fill_algebra,halt,201.tiff,1,ALL,True,m_kept=0.125969 m_out=0.0543485 delta_m=0.0716205 max|fill - expected|=0
fill_algebra,halt,201.tiff,2,ALL,True,m_kept=0.126071 m_out=0.0400643 delta_m=0.0860067 max|fill - expected|=0
fill_algebra,halt,233.tiff,0,ALL,True,m_kept=0.125344 m_out=0.0377797 delta_m=0.0875643 max|fill - expected|=0
fill_algebra,halt,233.tiff,1,ALL,True,m_kept=0.112292 m_out=0.0281821 delta_m=0.0841098 max|fill - expected|=0
fill_algebra,halt,233.tiff,2,ALL,True,m_kept=0.112529 m_out=0.0350793 delta_m=0.0774501 max|fill - expected|=0
fill_algebra,halt,211.tiff,0,ALL,True,m_kept=0.109551 m_out=0.0361384 delta_m=0.0734129 max|fill - expected|=0
fill_algebra,halt,211.tiff,1,ALL,True,m_kept=0.112666 m_out=0.0393877 delta_m=0.0732781 max|fill - expected|=0
fill_algebra,halt,211.tiff,2,ALL,True,m_kept=0.0799284 m_out=0.0403388 delta_m=0.0395896 max|fill - expected|=0
fill_algebra,halt,220.tiff,0,ALL,True,m_kept=0.134584 m_out=0.0452809 delta_m=0.089303 max|fill - expected|=0
fill_algebra,halt,220.tiff,1,ALL,True,m_kept=0.0940499 m_out=0.0426843 delta_m=0.0513656 max|fill - expected|=0
fill_algebra,halt,220.tiff,2,ALL,True,m_kept=0.152471 m_out=0.0371086 delta_m=0.115363 max|fill - expected|=0
fill_algebra,halt,230.tiff,0,ALL,True,m_kept=0.0888518 m_out=0.0327268 delta_m=0.0561251 max|fill - expected|=0
fill_algebra,halt,230.tiff,1,ALL,True,m_kept=0.115864 m_out=0.033688 delta_m=0.0821765 max|fill - expected|=0
fill_algebra,halt,230.tiff,2,ALL,True,m_kept=0.104782 m_out=0.0510365 delta_m=0.0537457 max|fill - expected|=0
fill_algebra,halt,235.tiff,0,ALL,True,m_kept=0.0498974 m_out=0.0168789 delta_m=0.0330185 max|fill - expected|=0
fill_algebra,halt,235.tiff,1,ALL,True,m_kept=0.0714495 m_out=0.0231682 delta_m=0.0482814 max|fill - expected|=0
fill_algebra,halt,235.tiff,2,ALL,True,m_kept=0.0751485 m_out=0.0186504 delta_m=0.0564982 max|fill - expected|=0
fill_algebra,halt,242.tiff,0,ALL,True,m_kept=0.076417 m_out=0.0210441 delta_m=0.0553729 max|fill - expected|=0
fill_algebra,halt,242.tiff,1,ALL,True,m_kept=0.0825148 m_out=0.0216972 delta_m=0.0608177 max|fill - expected|=0
fill_algebra,halt,242.tiff,2,ALL,True,m_kept=0.0659073 m_out=0.0239159 delta_m=0.0419914 max|fill - expected|=0
fill_algebra,halt,245.tiff,0,ALL,True,m_kept=0.05112 m_out=0.0335177 delta_m=0.0176023 max|fill - expected|=0
fill_algebra,halt,245.tiff,1,ALL,True,m_kept=0.0428951 m_out=0.0307406 delta_m=0.0121545 max|fill - expected|=0
fill_algebra,halt,245.tiff,2,ALL,True,m_kept=0.0606208 m_out=0.0327841 delta_m=0.0278367 max|fill - expected|=0
fill_algebra,halt,246.tiff,0,ALL,True,m_kept=0.0823157 m_out=0.0295209 delta_m=0.0527948 max|fill - expected|=0
fill_algebra,halt,246.tiff,1,ALL,True,m_kept=0.0842891 m_out=0.0287334 delta_m=0.0555557 max|fill - expected|=0
fill_algebra,halt,246.tiff,2,ALL,True,m_kept=0.0725636 m_out=0.0294883 delta_m=0.0430753 max|fill - expected|=0
fill_algebra,halt,249.tiff,0,ALL,True,m_kept=0.111168 m_out=0.0202874 delta_m=0.0908808 max|fill - expected|=0
fill_algebra,halt,249.tiff,1,ALL,True,m_kept=0.0801856 m_out=0.0293744 delta_m=0.0508112 max|fill - expected|=0
fill_algebra,halt,249.tiff,2,ALL,True,m_kept=0.0973674 m_out=0.0225073 delta_m=0.0748601 max|fill - expected|=0
fill_algebra,halt,284.tiff,0,ALL,True,m_kept=0.12013 m_out=0.0305432 delta_m=0.0895867 max|fill - expected|=0
fill_algebra,halt,284.tiff,1,ALL,True,m_kept=0.107414 m_out=0.0323117 delta_m=0.0751028 max|fill - expected|=0
fill_algebra,halt,284.tiff,2,ALL,True,m_kept=0.107919 m_out=0.0356847 delta_m=0.0722346 max|fill - expected|=0
fill_algebra,halt,289.tiff,0,ALL,True,m_kept=0.0553878 m_out=0.0264199 delta_m=0.0289679 max|fill - expected|=0
fill_algebra,halt,289.tiff,1,ALL,True,m_kept=0.0605569 m_out=0.0293357 delta_m=0.0312212 max|fill - expected|=0
fill_algebra,halt,289.tiff,2,ALL,True,m_kept=0.0860301 m_out=0.0258074 delta_m=0.0602227 max|fill - expected|=0
fill_algebra,halt,291.tiff,0,ALL,True,m_kept=0.0690681 m_out=0.0433743 delta_m=0.0256937 max|fill - expected|=0
fill_algebra,halt,291.tiff,1,ALL,True,m_kept=0.0821163 m_out=0.0446757 delta_m=0.0374406 max|fill - expected|=0
fill_algebra,halt,291.tiff,2,ALL,True,m_kept=0.103972 m_out=0.0374211 delta_m=0.066551 max|fill - expected|=0
fill_algebra,halt,293.tiff,0,ALL,True,m_kept=0.0877768 m_out=0.0283817 delta_m=0.059395 max|fill - expected|=0
fill_algebra,halt,293.tiff,1,ALL,True,m_kept=0.0828544 m_out=0.0307207 delta_m=0.0521337 max|fill - expected|=0
fill_algebra,halt,293.tiff,2,ALL,True,m_kept=0.104632 m_out=0.0339549 delta_m=0.070677 max|fill - expected|=0
fill_algebra,halt,459.tiff,0,ALL,True,m_kept=0.13855 m_out=0.0346145 delta_m=0.103936 max|fill - expected|=0
fill_algebra,halt,459.tiff,1,ALL,True,m_kept=0.108024 m_out=0.0295588 delta_m=0.078465 max|fill - expected|=0
fill_algebra,halt,459.tiff,2,ALL,True,m_kept=0.119241 m_out=0.0272128 delta_m=0.0920284 max|fill - expected|=0
fill_algebra,halt,460.tiff,0,ALL,True,m_kept=0.128393 m_out=0.0356077 delta_m=0.0927856 max|fill - expected|=0
fill_algebra,halt,460.tiff,1,ALL,True,m_kept=0.138818 m_out=0.0341448 delta_m=0.104673 max|fill - expected|=0
fill_algebra,halt,460.tiff,2,ALL,True,m_kept=0.142982 m_out=0.0346949 delta_m=0.108287 max|fill - expected|=0
fill_algebra,halt,410.tiff,0,ALL,True,m_kept=0.0632749 m_out=0.0273201 delta_m=0.0359548 max|fill - expected|=0
fill_algebra,halt,410.tiff,1,ALL,True,m_kept=0.0804944 m_out=0.0315644 delta_m=0.0489301 max|fill - expected|=0
fill_algebra,halt,410.tiff,2,ALL,True,m_kept=0.0731154 m_out=0.0251251 delta_m=0.0479903 max|fill - expected|=0
fill_algebra,halt,425.tiff,0,ALL,True,m_kept=0.126443 m_out=0.0525592 delta_m=0.0738839 max|fill - expected|=0
fill_algebra,halt,425.tiff,1,ALL,True,m_kept=0.136767 m_out=0.0624887 delta_m=0.0742785 max|fill - expected|=0
fill_algebra,halt,425.tiff,2,ALL,True,m_kept=0.132021 m_out=0.0617308 delta_m=0.0702898 max|fill - expected|=0
fill_algebra,halt,435.tiff,0,ALL,True,m_kept=0.141092 m_out=0.0697063 delta_m=0.0713861 max|fill - expected|=0
fill_algebra,halt,435.tiff,1,ALL,True,m_kept=0.132384 m_out=0.0461074 delta_m=0.0862764 max|fill - expected|=0
fill_algebra,halt,435.tiff,2,ALL,True,m_kept=0.161217 m_out=0.074634 delta_m=0.0865827 max|fill - expected|=0
fill_algebra,halt,462.tiff,0,ALL,True,m_kept=0.124347 m_out=0.0236809 delta_m=0.100666 max|fill - expected|=0
fill_algebra,halt,462.tiff,1,ALL,True,m_kept=0.0969695 m_out=0.0216306 delta_m=0.0753389 max|fill - expected|=0
fill_algebra,halt,462.tiff,2,ALL,True,m_kept=0.127857 m_out=0.0267355 delta_m=0.101122 max|fill - expected|=0
fill_algebra,halt,499.tiff,0,ALL,True,m_kept=0.0881077 m_out=0.0121158 delta_m=0.075992 max|fill - expected|=0
fill_algebra,halt,499.tiff,1,ALL,True,m_kept=0.0874202 m_out=0.0148884 delta_m=0.0725318 max|fill - expected|=0
fill_algebra,halt,499.tiff,2,ALL,True,m_kept=0.071337 m_out=0.0137183 delta_m=0.0576187 max|fill - expected|=0
fill_algebra,halt,013.tiff,0,ALL,True,m_kept=0.0928284 m_out=0.0161579 delta_m=0.0766705 max|fill - expected|=0
fill_algebra,halt,013.tiff,1,ALL,True,m_kept=0.150047 m_out=0.0254104 delta_m=0.124636 max|fill - expected|=0
fill_algebra,halt,013.tiff,2,ALL,True,m_kept=0.0892181 m_out=0.0206812 delta_m=0.0685369 max|fill - expected|=0
fill_algebra,halt,094.tiff,0,ALL,True,m_kept=0.0634709 m_out=0.0176361 delta_m=0.0458348 max|fill - expected|=0
fill_algebra,halt,094.tiff,1,ALL,True,m_kept=0.0566209 m_out=0.0177446 delta_m=0.0388763 max|fill - expected|=0
fill_algebra,halt,094.tiff,2,ALL,True,m_kept=0.0614697 m_out=0.022192 delta_m=0.0392777 max|fill - expected|=0
fill_algebra,halt,007.tiff,0,ALL,True,m_kept=0.080743 m_out=0.0374541 delta_m=0.043289 max|fill - expected|=0
fill_algebra,halt,007.tiff,1,ALL,True,m_kept=0.0752442 m_out=0.0245485 delta_m=0.0506957 max|fill - expected|=0
fill_algebra,halt,007.tiff,2,ALL,True,m_kept=0.0990193 m_out=0.0279223 delta_m=0.071097 max|fill - expected|=0
fill_algebra,halt,072.tiff,0,ALL,True,m_kept=0.0681678 m_out=0.0168746 delta_m=0.0512932 max|fill - expected|=0
fill_algebra,halt,072.tiff,1,ALL,True,m_kept=0.0677891 m_out=0.0146083 delta_m=0.0531807 max|fill - expected|=0
fill_algebra,halt,072.tiff,2,ALL,True,m_kept=0.0666934 m_out=0.0157892 delta_m=0.0509042 max|fill - expected|=0
fill_algebra,halt,100.tiff,0,ALL,True,m_kept=0.0621974 m_out=0.0109654 delta_m=0.051232 max|fill - expected|=0
fill_algebra,halt,100.tiff,1,ALL,True,m_kept=0.0696628 m_out=0.00634692 delta_m=0.0633159 max|fill - expected|=0
fill_algebra,halt,100.tiff,2,ALL,True,m_kept=0.0572284 m_out=0.0079567 delta_m=0.0492717 max|fill - expected|=0
fill_algebra,halt,123.tiff,0,ALL,True,m_kept=0.0812123 m_out=0.0162697 delta_m=0.0649426 max|fill - expected|=0
fill_algebra,halt,123.tiff,1,ALL,True,m_kept=0.0797758 m_out=0.0104049 delta_m=0.0693709 max|fill - expected|=0
fill_algebra,halt,123.tiff,2,ALL,True,m_kept=0.0966402 m_out=0.00960851 delta_m=0.0870316 max|fill - expected|=0
fill_algebra,halt,128.tiff,0,ALL,True,m_kept=0.0525602 m_out=0.00440683 delta_m=0.0481534 max|fill - expected|=0
fill_algebra,halt,128.tiff,1,ALL,True,m_kept=0.0360789 m_out=0.00777668 delta_m=0.0283022 max|fill - expected|=0
fill_algebra,halt,128.tiff,2,ALL,True,m_kept=0.12562 m_out=0.00914756 delta_m=0.116473 max|fill - expected|=0
fill_algebra,halt,529.tiff,0,ALL,True,m_kept=0.103392 m_out=0.0357625 delta_m=0.0676299 max|fill - expected|=0
fill_algebra,halt,529.tiff,1,ALL,True,m_kept=0.0989618 m_out=0.03232 delta_m=0.0666418 max|fill - expected|=0
fill_algebra,halt,529.tiff,2,ALL,True,m_kept=0.106822 m_out=0.0390128 delta_m=0.0678092 max|fill - expected|=0
fill_algebra,halt,548.tiff,0,ALL,True,m_kept=0.22054 m_out=0.0693855 delta_m=0.151155 max|fill - expected|=0
fill_algebra,halt,548.tiff,1,ALL,True,m_kept=0.165811 m_out=0.0581989 delta_m=0.107612 max|fill - expected|=0
fill_algebra,halt,548.tiff,2,ALL,True,m_kept=0.22396 m_out=0.0688452 delta_m=0.155115 max|fill - expected|=0
fill_algebra,halt,509.tiff,0,ALL,True,m_kept=0.0641358 m_out=0.0263877 delta_m=0.0377481 max|fill - expected|=0
fill_algebra,halt,509.tiff,1,ALL,True,m_kept=0.0679608 m_out=0.0249733 delta_m=0.0429875 max|fill - expected|=0
fill_algebra,halt,509.tiff,2,ALL,True,m_kept=0.0754794 m_out=0.0261275 delta_m=0.0493518 max|fill - expected|=0
fill_algebra,halt,524.tiff,0,ALL,True,m_kept=0.106006 m_out=0.0314962 delta_m=0.07451 max|fill - expected|=0
fill_algebra,halt,524.tiff,1,ALL,True,m_kept=0.111816 m_out=0.0440555 delta_m=0.0677608 max|fill - expected|=0
fill_algebra,halt,524.tiff,2,ALL,True,m_kept=0.141136 m_out=0.043968 delta_m=0.0971679 max|fill - expected|=0
fill_algebra,halt,527.tiff,0,ALL,True,m_kept=0.180785 m_out=0.0639956 delta_m=0.116789 max|fill - expected|=0
fill_algebra,halt,527.tiff,1,ALL,True,m_kept=0.147329 m_out=0.0535049 delta_m=0.093824 max|fill - expected|=0
fill_algebra,halt,527.tiff,2,ALL,True,m_kept=0.181129 m_out=0.0626106 delta_m=0.118518 max|fill - expected|=0
fill_algebra,halt,546.tiff,0,ALL,True,m_kept=0.0720944 m_out=0.0217015 delta_m=0.0503928 max|fill - expected|=0
fill_algebra,halt,546.tiff,1,ALL,True,m_kept=0.105136 m_out=0.024903 delta_m=0.0802327 max|fill - expected|=0
fill_algebra,halt,546.tiff,2,ALL,True,m_kept=0.095344 m_out=0.0311021 delta_m=0.0642418 max|fill - expected|=0
fill_algebra,halt,549.tiff,0,ALL,True,m_kept=0.149013 m_out=0.0449507 delta_m=0.104063 max|fill - expected|=0
fill_algebra,halt,549.tiff,1,ALL,True,m_kept=0.15876 m_out=0.0409422 delta_m=0.117818 max|fill - expected|=0
fill_algebra,halt,549.tiff,2,ALL,True,m_kept=0.112367 m_out=0.0322823 delta_m=0.0800842 max|fill - expected|=0
fill_algebra,halt,402.tiff,0,ALL,True,m_kept=0.268451 m_out=0.105616 delta_m=0.162835 max|fill - expected|=0
fill_algebra,halt,402.tiff,1,ALL,True,m_kept=0.257395 m_out=0.107094 delta_m=0.150301 max|fill - expected|=0
fill_algebra,halt,402.tiff,2,ALL,True,m_kept=0.198863 m_out=0.0639442 delta_m=0.134919 max|fill - expected|=0
fill_algebra,halt,403.tiff,0,ALL,True,m_kept=0.206841 m_out=0.0858204 delta_m=0.121021 max|fill - expected|=0
fill_algebra,halt,403.tiff,1,ALL,True,m_kept=0.156668 m_out=0.0802973 delta_m=0.0763704 max|fill - expected|=0
fill_algebra,halt,403.tiff,2,ALL,True,m_kept=0.128289 m_out=0.042639 delta_m=0.0856498 max|fill - expected|=0
fill_algebra,halt,353.tiff,0,ALL,True,m_kept=0.0893713 m_out=0.0254072 delta_m=0.0639642 max|fill - expected|=0
fill_algebra,halt,353.tiff,1,ALL,True,m_kept=0.148292 m_out=0.0252788 delta_m=0.123013 max|fill - expected|=0
fill_algebra,halt,353.tiff,2,ALL,True,m_kept=0.137325 m_out=0.025758 delta_m=0.111567 max|fill - expected|=0
fill_algebra,halt,364.tiff,0,ALL,True,m_kept=0.0721538 m_out=0.0251495 delta_m=0.0470043 max|fill - expected|=0
fill_algebra,halt,364.tiff,1,ALL,True,m_kept=0.101194 m_out=0.021169 delta_m=0.0800251 max|fill - expected|=0
fill_algebra,halt,364.tiff,2,ALL,True,m_kept=0.0703403 m_out=0.0232548 delta_m=0.0470855 max|fill - expected|=0
fill_algebra,halt,400.tiff,0,ALL,True,m_kept=0.140378 m_out=0.0359226 delta_m=0.104455 max|fill - expected|=0
fill_algebra,halt,400.tiff,1,ALL,True,m_kept=0.15317 m_out=0.0373943 delta_m=0.115776 max|fill - expected|=0
fill_algebra,halt,400.tiff,2,ALL,True,m_kept=0.12217 m_out=0.0445413 delta_m=0.0776283 max|fill - expected|=0
fill_algebra,halt,401.tiff,0,ALL,True,m_kept=0.109703 m_out=0.0271582 delta_m=0.0825446 max|fill - expected|=0
fill_algebra,halt,401.tiff,1,ALL,True,m_kept=0.127431 m_out=0.0256146 delta_m=0.101817 max|fill - expected|=0
fill_algebra,halt,401.tiff,2,ALL,True,m_kept=0.0969567 m_out=0.021755 delta_m=0.0752017 max|fill - expected|=0
fill_algebra,halt,404.tiff,0,ALL,True,m_kept=0.130991 m_out=0.0499935 delta_m=0.0809975 max|fill - expected|=0
fill_algebra,halt,404.tiff,1,ALL,True,m_kept=0.162891 m_out=0.0548255 delta_m=0.108065 max|fill - expected|=0
fill_algebra,halt,404.tiff,2,ALL,True,m_kept=0.114518 m_out=0.0298492 delta_m=0.0846692 max|fill - expected|=0
mass_to_shape_monotone_in_alpha,halt,300.tiff,0,ALL,True,-2.28 < 0 < 2.28 < 4.55
mass_to_shape_monotone_in_alpha,halt,300.tiff,1,ALL,True,-1.32 < 0 < 1.32 < 2.64
mass_to_shape_monotone_in_alpha,halt,300.tiff,2,ALL,True,-2.11 < 0 < 2.11 < 4.21
mass_to_shape_monotone_in_alpha,halt,301.tiff,0,ALL,True,-0.928 < 0 < 0.928 < 1.86
mass_to_shape_monotone_in_alpha,halt,301.tiff,1,ALL,True,-1.37 < 0 < 1.37 < 2.74
mass_to_shape_monotone_in_alpha,halt,301.tiff,2,ALL,True,-0.956 < 0 < 0.956 < 1.91
mass_to_shape_monotone_in_alpha,halt,322.tiff,0,ALL,True,-1.4 < 0 < 1.4 < 2.8
mass_to_shape_monotone_in_alpha,halt,322.tiff,1,ALL,True,-1.76 < 0 < 1.76 < 3.51
mass_to_shape_monotone_in_alpha,halt,322.tiff,2,ALL,True,-2.51 < 0 < 2.51 < 5.01
mass_to_shape_monotone_in_alpha,halt,337.tiff,0,ALL,True,-2.1 < 0 < 2.1 < 4.21
mass_to_shape_monotone_in_alpha,halt,337.tiff,1,ALL,True,-1.62 < 0 < 1.62 < 3.25
mass_to_shape_monotone_in_alpha,halt,337.tiff,2,ALL,True,-1.35 < 0 < 1.35 < 2.7
mass_to_shape_monotone_in_alpha,halt,339.tiff,0,ALL,True,-1.15 < 0 < 1.15 < 2.29
mass_to_shape_monotone_in_alpha,halt,339.tiff,1,ALL,True,-1.29 < 0 < 1.29 < 2.57
mass_to_shape_monotone_in_alpha,halt,339.tiff,2,ALL,True,-2.49 < 0 < 2.49 < 4.98
mass_to_shape_monotone_in_alpha,halt,343.tiff,0,ALL,True,-1.39 < 0 < 1.39 < 2.78
mass_to_shape_monotone_in_alpha,halt,343.tiff,1,ALL,True,-1.05 < 0 < 1.05 < 2.1
mass_to_shape_monotone_in_alpha,halt,343.tiff,2,ALL,True,-2.13 < 0 < 2.13 < 4.25
mass_to_shape_monotone_in_alpha,halt,344.tiff,0,ALL,True,-1.7 < 0 < 1.7 < 3.41
mass_to_shape_monotone_in_alpha,halt,344.tiff,1,ALL,True,-1.84 < 0 < 1.84 < 3.68
mass_to_shape_monotone_in_alpha,halt,344.tiff,2,ALL,True,-1.67 < 0 < 1.67 < 3.34
mass_to_shape_monotone_in_alpha,halt,201.tiff,0,ALL,True,-1.16 < 0 < 1.16 < 2.33
mass_to_shape_monotone_in_alpha,halt,201.tiff,1,ALL,True,-1.09 < 0 < 1.09 < 2.17
mass_to_shape_monotone_in_alpha,halt,201.tiff,2,ALL,True,-1.39 < 0 < 1.39 < 2.78
mass_to_shape_monotone_in_alpha,halt,233.tiff,0,ALL,True,-1.94 < 0 < 1.94 < 3.88
mass_to_shape_monotone_in_alpha,halt,233.tiff,1,ALL,True,-2.08 < 0 < 2.08 < 4.16
mass_to_shape_monotone_in_alpha,halt,233.tiff,2,ALL,True,-1.56 < 0 < 1.56 < 3.12
mass_to_shape_monotone_in_alpha,halt,211.tiff,0,ALL,True,-1.99 < 0 < 1.99 < 3.97
mass_to_shape_monotone_in_alpha,halt,211.tiff,1,ALL,True,-1.53 < 0 < 1.53 < 3.06
mass_to_shape_monotone_in_alpha,halt,211.tiff,2,ALL,True,-1.58 < 0 < 1.58 < 3.16
mass_to_shape_monotone_in_alpha,halt,220.tiff,0,ALL,True,-1.46 < 0 < 1.46 < 2.93
mass_to_shape_monotone_in_alpha,halt,220.tiff,1,ALL,True,-0.984 < 0 < 0.984 < 1.97
mass_to_shape_monotone_in_alpha,halt,220.tiff,2,ALL,True,-1.76 < 0 < 1.76 < 3.51
mass_to_shape_monotone_in_alpha,halt,230.tiff,0,ALL,True,-1.54 < 0 < 1.54 < 3.08
mass_to_shape_monotone_in_alpha,halt,230.tiff,1,ALL,True,-2.04 < 0 < 2.04 < 4.08
mass_to_shape_monotone_in_alpha,halt,230.tiff,2,ALL,True,-1.22 < 0 < 1.22 < 2.44
mass_to_shape_monotone_in_alpha,halt,235.tiff,0,ALL,True,-1.12 < 0 < 1.12 < 2.25
mass_to_shape_monotone_in_alpha,halt,235.tiff,1,ALL,True,-1.24 < 0 < 1.24 < 2.49
mass_to_shape_monotone_in_alpha,halt,235.tiff,2,ALL,True,-1.8 < 0 < 1.8 < 3.6
mass_to_shape_monotone_in_alpha,halt,242.tiff,0,ALL,True,-1.29 < 0 < 1.29 < 2.59
mass_to_shape_monotone_in_alpha,halt,242.tiff,1,ALL,True,-1.4 < 0 < 1.4 < 2.79
mass_to_shape_monotone_in_alpha,halt,242.tiff,2,ALL,True,-0.837 < 0 < 0.837 < 1.67
mass_to_shape_monotone_in_alpha,halt,245.tiff,0,ALL,True,-0.826 < 0 < 0.826 < 1.65
mass_to_shape_monotone_in_alpha,halt,245.tiff,1,ALL,True,-0.58 < 0 < 0.58 < 1.16
mass_to_shape_monotone_in_alpha,halt,245.tiff,2,ALL,True,-0.912 < 0 < 0.912 < 1.82
mass_to_shape_monotone_in_alpha,halt,246.tiff,0,ALL,True,-1.4 < 0 < 1.4 < 2.8
mass_to_shape_monotone_in_alpha,halt,246.tiff,1,ALL,True,-1.11 < 0 < 1.11 < 2.22
mass_to_shape_monotone_in_alpha,halt,246.tiff,2,ALL,True,-1.44 < 0 < 1.44 < 2.88
mass_to_shape_monotone_in_alpha,halt,249.tiff,0,ALL,True,-1.9 < 0 < 1.9 < 3.8
mass_to_shape_monotone_in_alpha,halt,249.tiff,1,ALL,True,-1.11 < 0 < 1.11 < 2.22
mass_to_shape_monotone_in_alpha,halt,249.tiff,2,ALL,True,-1.74 < 0 < 1.74 < 3.49
mass_to_shape_monotone_in_alpha,halt,284.tiff,0,ALL,True,-2.09 < 0 < 2.09 < 4.17
mass_to_shape_monotone_in_alpha,halt,284.tiff,1,ALL,True,-1.75 < 0 < 1.75 < 3.49
mass_to_shape_monotone_in_alpha,halt,284.tiff,2,ALL,True,-1.49 < 0 < 1.49 < 2.97
mass_to_shape_monotone_in_alpha,halt,289.tiff,0,ALL,True,-0.726 < 0 < 0.726 < 1.45
mass_to_shape_monotone_in_alpha,halt,289.tiff,1,ALL,True,-1.04 < 0 < 1.04 < 2.09
mass_to_shape_monotone_in_alpha,halt,289.tiff,2,ALL,True,-1.18 < 0 < 1.18 < 2.35
mass_to_shape_monotone_in_alpha,halt,291.tiff,0,ALL,True,-0.831 < 0 < 0.831 < 1.66
mass_to_shape_monotone_in_alpha,halt,291.tiff,1,ALL,True,-0.967 < 0 < 0.967 < 1.93
mass_to_shape_monotone_in_alpha,halt,291.tiff,2,ALL,True,-1.6 < 0 < 1.6 < 3.19
mass_to_shape_monotone_in_alpha,halt,293.tiff,0,ALL,True,-1.65 < 0 < 1.65 < 3.3
mass_to_shape_monotone_in_alpha,halt,293.tiff,1,ALL,True,-1.41 < 0 < 1.41 < 2.82
mass_to_shape_monotone_in_alpha,halt,293.tiff,2,ALL,True,-1.5 < 0 < 1.5 < 3.01
mass_to_shape_monotone_in_alpha,halt,459.tiff,0,ALL,True,-1.78 < 0 < 1.78 < 3.55
mass_to_shape_monotone_in_alpha,halt,459.tiff,1,ALL,True,-1.32 < 0 < 1.32 < 2.64
mass_to_shape_monotone_in_alpha,halt,459.tiff,2,ALL,True,-1.35 < 0 < 1.35 < 2.7
mass_to_shape_monotone_in_alpha,halt,460.tiff,0,ALL,True,-1.55 < 0 < 1.55 < 3.09
mass_to_shape_monotone_in_alpha,halt,460.tiff,1,ALL,True,-1.92 < 0 < 1.92 < 3.84
mass_to_shape_monotone_in_alpha,halt,460.tiff,2,ALL,True,-1.68 < 0 < 1.68 < 3.37
mass_to_shape_monotone_in_alpha,halt,410.tiff,0,ALL,True,-0.961 < 0 < 0.961 < 1.92
mass_to_shape_monotone_in_alpha,halt,410.tiff,1,ALL,True,-1.02 < 0 < 1.02 < 2.05
mass_to_shape_monotone_in_alpha,halt,410.tiff,2,ALL,True,-1.17 < 0 < 1.17 < 2.34
mass_to_shape_monotone_in_alpha,halt,425.tiff,0,ALL,True,-1.54 < 0 < 1.54 < 3.08
mass_to_shape_monotone_in_alpha,halt,425.tiff,1,ALL,True,-1.19 < 0 < 1.19 < 2.38
mass_to_shape_monotone_in_alpha,halt,425.tiff,2,ALL,True,-1.2 < 0 < 1.2 < 2.41
mass_to_shape_monotone_in_alpha,halt,435.tiff,0,ALL,True,-1.39 < 0 < 1.39 < 2.78
mass_to_shape_monotone_in_alpha,halt,435.tiff,1,ALL,True,-1.28 < 0 < 1.28 < 2.57
mass_to_shape_monotone_in_alpha,halt,435.tiff,2,ALL,True,-1.29 < 0 < 1.29 < 2.59
mass_to_shape_monotone_in_alpha,halt,462.tiff,0,ALL,True,-1.61 < 0 < 1.61 < 3.21
mass_to_shape_monotone_in_alpha,halt,462.tiff,1,ALL,True,-1.2 < 0 < 1.2 < 2.4
mass_to_shape_monotone_in_alpha,halt,462.tiff,2,ALL,True,-1.71 < 0 < 1.71 < 3.42
mass_to_shape_monotone_in_alpha,halt,499.tiff,0,ALL,True,-2.06 < 0 < 2.06 < 4.11
mass_to_shape_monotone_in_alpha,halt,499.tiff,1,ALL,True,-2.15 < 0 < 2.15 < 4.31
mass_to_shape_monotone_in_alpha,halt,499.tiff,2,ALL,True,-1.3 < 0 < 1.3 < 2.6
mass_to_shape_monotone_in_alpha,halt,013.tiff,0,ALL,True,-1.51 < 0 < 1.51 < 3.02
mass_to_shape_monotone_in_alpha,halt,013.tiff,1,ALL,True,-2.42 < 0 < 2.42 < 4.83
mass_to_shape_monotone_in_alpha,halt,013.tiff,2,ALL,True,-1.24 < 0 < 1.24 < 2.47
mass_to_shape_monotone_in_alpha,halt,094.tiff,0,ALL,True,-1.69 < 0 < 1.69 < 3.38
mass_to_shape_monotone_in_alpha,halt,094.tiff,1,ALL,True,-1.4 < 0 < 1.4 < 2.8
mass_to_shape_monotone_in_alpha,halt,094.tiff,2,ALL,True,-1.33 < 0 < 1.33 < 2.66
mass_to_shape_monotone_in_alpha,halt,007.tiff,0,ALL,True,-1.14 < 0 < 1.14 < 2.27
mass_to_shape_monotone_in_alpha,halt,007.tiff,1,ALL,True,-1.2 < 0 < 1.2 < 2.4
mass_to_shape_monotone_in_alpha,halt,007.tiff,2,ALL,True,-1.91 < 0 < 1.91 < 3.83
mass_to_shape_monotone_in_alpha,halt,072.tiff,0,ALL,True,-1.71 < 0 < 1.71 < 3.42
mass_to_shape_monotone_in_alpha,halt,072.tiff,1,ALL,True,-1.53 < 0 < 1.53 < 3.06
mass_to_shape_monotone_in_alpha,halt,072.tiff,2,ALL,True,-1.87 < 0 < 1.87 < 3.74
mass_to_shape_monotone_in_alpha,halt,100.tiff,0,ALL,True,-1.23 < 0 < 1.23 < 2.47
mass_to_shape_monotone_in_alpha,halt,100.tiff,1,ALL,True,-1.75 < 0 < 1.75 < 3.51
mass_to_shape_monotone_in_alpha,halt,100.tiff,2,ALL,True,-2.03 < 0 < 2.03 < 4.05
mass_to_shape_monotone_in_alpha,halt,123.tiff,0,ALL,True,-1.23 < 0 < 1.23 < 2.47
mass_to_shape_monotone_in_alpha,halt,123.tiff,1,ALL,True,-1.49 < 0 < 1.49 < 2.98
mass_to_shape_monotone_in_alpha,halt,123.tiff,2,ALL,True,-1.85 < 0 < 1.85 < 3.7
mass_to_shape_monotone_in_alpha,halt,128.tiff,0,ALL,True,-1.07 < 0 < 1.07 < 2.14
mass_to_shape_monotone_in_alpha,halt,128.tiff,1,ALL,True,-0.983 < 0 < 0.983 < 1.97
mass_to_shape_monotone_in_alpha,halt,128.tiff,2,ALL,True,-3.28 < 0 < 3.28 < 6.56
mass_to_shape_monotone_in_alpha,halt,529.tiff,0,ALL,True,-1.31 < 0 < 1.31 < 2.63
mass_to_shape_monotone_in_alpha,halt,529.tiff,1,ALL,True,-1.78 < 0 < 1.78 < 3.55
mass_to_shape_monotone_in_alpha,halt,529.tiff,2,ALL,True,-1.5 < 0 < 1.5 < 3.01
mass_to_shape_monotone_in_alpha,halt,548.tiff,0,ALL,True,-1.84 < 0 < 1.84 < 3.68
mass_to_shape_monotone_in_alpha,halt,548.tiff,1,ALL,True,-1.77 < 0 < 1.77 < 3.55
mass_to_shape_monotone_in_alpha,halt,548.tiff,2,ALL,True,-1.9 < 0 < 1.9 < 3.8
mass_to_shape_monotone_in_alpha,halt,509.tiff,0,ALL,True,-1.12 < 0 < 1.12 < 2.24
mass_to_shape_monotone_in_alpha,halt,509.tiff,1,ALL,True,-1.56 < 0 < 1.56 < 3.12
mass_to_shape_monotone_in_alpha,halt,509.tiff,2,ALL,True,-1.16 < 0 < 1.16 < 2.32
mass_to_shape_monotone_in_alpha,halt,524.tiff,0,ALL,True,-1.38 < 0 < 1.38 < 2.77
mass_to_shape_monotone_in_alpha,halt,524.tiff,1,ALL,True,-1.49 < 0 < 1.49 < 2.98
mass_to_shape_monotone_in_alpha,halt,524.tiff,2,ALL,True,-1.72 < 0 < 1.72 < 3.43
mass_to_shape_monotone_in_alpha,halt,527.tiff,0,ALL,True,-1.65 < 0 < 1.65 < 3.29
mass_to_shape_monotone_in_alpha,halt,527.tiff,1,ALL,True,-1.37 < 0 < 1.37 < 2.75
mass_to_shape_monotone_in_alpha,halt,527.tiff,2,ALL,True,-1.35 < 0 < 1.35 < 2.71
mass_to_shape_monotone_in_alpha,halt,546.tiff,0,ALL,True,-2.02 < 0 < 2.02 < 4.05
mass_to_shape_monotone_in_alpha,halt,546.tiff,1,ALL,True,-1.8 < 0 < 1.8 < 3.61
mass_to_shape_monotone_in_alpha,halt,546.tiff,2,ALL,True,-1.53 < 0 < 1.53 < 3.07
mass_to_shape_monotone_in_alpha,halt,549.tiff,0,ALL,True,-1.47 < 0 < 1.47 < 2.95
mass_to_shape_monotone_in_alpha,halt,549.tiff,1,ALL,True,-2.29 < 0 < 2.29 < 4.59
mass_to_shape_monotone_in_alpha,halt,549.tiff,2,ALL,True,-1.13 < 0 < 1.13 < 2.26
mass_to_shape_monotone_in_alpha,halt,402.tiff,0,ALL,True,-1.76 < 0 < 1.76 < 3.52
mass_to_shape_monotone_in_alpha,halt,402.tiff,1,ALL,True,-1.9 < 0 < 1.9 < 3.81
mass_to_shape_monotone_in_alpha,halt,402.tiff,2,ALL,True,-1.73 < 0 < 1.73 < 3.46
mass_to_shape_monotone_in_alpha,halt,403.tiff,0,ALL,True,-1.53 < 0 < 1.53 < 3.05
mass_to_shape_monotone_in_alpha,halt,403.tiff,1,ALL,True,-0.992 < 0 < 0.992 < 1.98
mass_to_shape_monotone_in_alpha,halt,403.tiff,2,ALL,True,-1.25 < 0 < 1.25 < 2.51
mass_to_shape_monotone_in_alpha,halt,353.tiff,0,ALL,True,-1.06 < 0 < 1.06 < 2.13
mass_to_shape_monotone_in_alpha,halt,353.tiff,1,ALL,True,-1.78 < 0 < 1.78 < 3.56
mass_to_shape_monotone_in_alpha,halt,353.tiff,2,ALL,True,-1.69 < 0 < 1.69 < 3.38
mass_to_shape_monotone_in_alpha,halt,364.tiff,0,ALL,True,-1.18 < 0 < 1.18 < 2.35
mass_to_shape_monotone_in_alpha,halt,364.tiff,1,ALL,True,-2.32 < 0 < 2.32 < 4.64
mass_to_shape_monotone_in_alpha,halt,364.tiff,2,ALL,True,-1.34 < 0 < 1.34 < 2.68
mass_to_shape_monotone_in_alpha,halt,400.tiff,0,ALL,True,-1.22 < 0 < 1.22 < 2.45
mass_to_shape_monotone_in_alpha,halt,400.tiff,1,ALL,True,-2.3 < 0 < 2.3 < 4.6
mass_to_shape_monotone_in_alpha,halt,400.tiff,2,ALL,True,-1.71 < 0 < 1.71 < 3.42
mass_to_shape_monotone_in_alpha,halt,401.tiff,0,ALL,True,-2.11 < 0 < 2.11 < 4.22
mass_to_shape_monotone_in_alpha,halt,401.tiff,1,ALL,True,-1.7 < 0 < 1.7 < 3.41
mass_to_shape_monotone_in_alpha,halt,401.tiff,2,ALL,True,-1.3 < 0 < 1.3 < 2.59
mass_to_shape_monotone_in_alpha,halt,404.tiff,0,ALL,True,-1.09 < 0 < 1.09 < 2.17
mass_to_shape_monotone_in_alpha,halt,404.tiff,1,ALL,True,-1.29 < 0 < 1.29 < 2.57
mass_to_shape_monotone_in_alpha,halt,404.tiff,2,ALL,True,-1.13 < 0 < 1.13 < 2.26
ring_share_at_most_half,halt,300.tiff,0,ALL,True,max ring share=0.5000
ring_share_at_most_half,halt,300.tiff,1,ALL,True,max ring share=0.5000
ring_share_at_most_half,halt,300.tiff,2,ALL,True,max ring share=0.5000
ring_share_at_most_half,halt,301.tiff,0,ALL,True,max ring share=0.4826
ring_share_at_most_half,halt,301.tiff,1,ALL,True,max ring share=0.5000
ring_share_at_most_half,halt,301.tiff,2,ALL,True,max ring share=0.5000
ring_share_at_most_half,halt,322.tiff,0,ALL,True,max ring share=0.5000
ring_share_at_most_half,halt,322.tiff,1,ALL,True,max ring share=0.5000
ring_share_at_most_half,halt,322.tiff,2,ALL,True,max ring share=0.5000
ring_share_at_most_half,halt,337.tiff,0,ALL,True,max ring share=0.5000
ring_share_at_most_half,halt,337.tiff,1,ALL,True,max ring share=0.5000
ring_share_at_most_half,halt,337.tiff,2,ALL,True,max ring share=0.5000
ring_share_at_most_half,halt,339.tiff,0,ALL,True,max ring share=0.5000
ring_share_at_most_half,halt,339.tiff,1,ALL,True,max ring share=0.5000
ring_share_at_most_half,halt,339.tiff,2,ALL,True,max ring share=0.5000
ring_share_at_most_half,halt,343.tiff,0,ALL,True,max ring share=0.5000
ring_share_at_most_half,halt,343.tiff,1,ALL,True,max ring share=0.5000
ring_share_at_most_half,halt,343.tiff,2,ALL,True,max ring share=0.5000
ring_share_at_most_half,halt,344.tiff,0,ALL,True,max ring share=0.5000
ring_share_at_most_half,halt,344.tiff,1,ALL,True,max ring share=0.5000
ring_share_at_most_half,halt,344.tiff,2,ALL,True,max ring share=0.5000
ring_share_at_most_half,halt,201.tiff,0,ALL,True,max ring share=0.4964
ring_share_at_most_half,halt,201.tiff,1,ALL,True,max ring share=0.4988
ring_share_at_most_half,halt,201.tiff,2,ALL,True,max ring share=0.4991
ring_share_at_most_half,halt,233.tiff,0,ALL,True,max ring share=0.5000
ring_share_at_most_half,halt,233.tiff,1,ALL,True,max ring share=0.5000
ring_share_at_most_half,halt,233.tiff,2,ALL,True,max ring share=0.4999
ring_share_at_most_half,halt,211.tiff,0,ALL,True,max ring share=0.5000
ring_share_at_most_half,halt,211.tiff,1,ALL,True,max ring share=0.5000
ring_share_at_most_half,halt,211.tiff,2,ALL,True,max ring share=0.5000
ring_share_at_most_half,halt,220.tiff,0,ALL,True,max ring share=0.5000
ring_share_at_most_half,halt,220.tiff,1,ALL,True,max ring share=0.4877
ring_share_at_most_half,halt,220.tiff,2,ALL,True,max ring share=0.5000
ring_share_at_most_half,halt,230.tiff,0,ALL,True,max ring share=0.5000
ring_share_at_most_half,halt,230.tiff,1,ALL,True,max ring share=0.5000
ring_share_at_most_half,halt,230.tiff,2,ALL,True,max ring share=0.4973
ring_share_at_most_half,halt,235.tiff,0,ALL,True,max ring share=0.5000
ring_share_at_most_half,halt,235.tiff,1,ALL,True,max ring share=0.5000
ring_share_at_most_half,halt,235.tiff,2,ALL,True,max ring share=0.5000
ring_share_at_most_half,halt,242.tiff,0,ALL,True,max ring share=0.5000
ring_share_at_most_half,halt,242.tiff,1,ALL,True,max ring share=0.5000
ring_share_at_most_half,halt,242.tiff,2,ALL,True,max ring share=0.4863
ring_share_at_most_half,halt,245.tiff,0,ALL,True,max ring share=0.4808
ring_share_at_most_half,halt,245.tiff,1,ALL,True,max ring share=0.3977
ring_share_at_most_half,halt,245.tiff,2,ALL,True,max ring share=0.4908
ring_share_at_most_half,halt,246.tiff,0,ALL,True,max ring share=0.5000
ring_share_at_most_half,halt,246.tiff,1,ALL,True,max ring share=0.5000
ring_share_at_most_half,halt,246.tiff,2,ALL,True,max ring share=0.5000
ring_share_at_most_half,halt,249.tiff,0,ALL,True,max ring share=0.5000
ring_share_at_most_half,halt,249.tiff,1,ALL,True,max ring share=0.5000
ring_share_at_most_half,halt,249.tiff,2,ALL,True,max ring share=0.5000
ring_share_at_most_half,halt,284.tiff,0,ALL,True,max ring share=0.5000
ring_share_at_most_half,halt,284.tiff,1,ALL,True,max ring share=0.5000
ring_share_at_most_half,halt,284.tiff,2,ALL,True,max ring share=0.5000
ring_share_at_most_half,halt,289.tiff,0,ALL,True,max ring share=0.4895
ring_share_at_most_half,halt,289.tiff,1,ALL,True,max ring share=0.4878
ring_share_at_most_half,halt,289.tiff,2,ALL,True,max ring share=0.5000
ring_share_at_most_half,halt,291.tiff,0,ALL,True,max ring share=0.4866
ring_share_at_most_half,halt,291.tiff,1,ALL,True,max ring share=0.4878
ring_share_at_most_half,halt,291.tiff,2,ALL,True,max ring share=0.5000
ring_share_at_most_half,halt,293.tiff,0,ALL,True,max ring share=0.5000
ring_share_at_most_half,halt,293.tiff,1,ALL,True,max ring share=0.4998
ring_share_at_most_half,halt,293.tiff,2,ALL,True,max ring share=0.5000
ring_share_at_most_half,halt,459.tiff,0,ALL,True,max ring share=0.5000
ring_share_at_most_half,halt,459.tiff,1,ALL,True,max ring share=0.4880
ring_share_at_most_half,halt,459.tiff,2,ALL,True,max ring share=0.5000
ring_share_at_most_half,halt,460.tiff,0,ALL,True,max ring share=0.4983
ring_share_at_most_half,halt,460.tiff,1,ALL,True,max ring share=0.5000
ring_share_at_most_half,halt,460.tiff,2,ALL,True,max ring share=0.5000
ring_share_at_most_half,halt,410.tiff,0,ALL,True,max ring share=0.5000
ring_share_at_most_half,halt,410.tiff,1,ALL,True,max ring share=0.5000
ring_share_at_most_half,halt,410.tiff,2,ALL,True,max ring share=0.5000
ring_share_at_most_half,halt,425.tiff,0,ALL,True,max ring share=0.4901
ring_share_at_most_half,halt,425.tiff,1,ALL,True,max ring share=0.2415
ring_share_at_most_half,halt,425.tiff,2,ALL,True,max ring share=0.4868
ring_share_at_most_half,halt,435.tiff,0,ALL,True,max ring share=0.5000
ring_share_at_most_half,halt,435.tiff,1,ALL,True,max ring share=0.5000
ring_share_at_most_half,halt,435.tiff,2,ALL,True,max ring share=0.5000
ring_share_at_most_half,halt,462.tiff,0,ALL,True,max ring share=0.5000
ring_share_at_most_half,halt,462.tiff,1,ALL,True,max ring share=0.5000
ring_share_at_most_half,halt,462.tiff,2,ALL,True,max ring share=0.5000
ring_share_at_most_half,halt,499.tiff,0,ALL,True,max ring share=0.5000
ring_share_at_most_half,halt,499.tiff,1,ALL,True,max ring share=0.5000
ring_share_at_most_half,halt,499.tiff,2,ALL,True,max ring share=0.5000
ring_share_at_most_half,halt,013.tiff,0,ALL,True,max ring share=0.4756
ring_share_at_most_half,halt,013.tiff,1,ALL,True,max ring share=0.5000
ring_share_at_most_half,halt,013.tiff,2,ALL,True,max ring share=0.5000
ring_share_at_most_half,halt,094.tiff,0,ALL,True,max ring share=0.5000
ring_share_at_most_half,halt,094.tiff,1,ALL,True,max ring share=0.5000
ring_share_at_most_half,halt,094.tiff,2,ALL,True,max ring share=0.5000
ring_share_at_most_half,halt,007.tiff,0,ALL,True,max ring share=0.4964
ring_share_at_most_half,halt,007.tiff,1,ALL,True,max ring share=0.4996
ring_share_at_most_half,halt,007.tiff,2,ALL,True,max ring share=0.4985
ring_share_at_most_half,halt,072.tiff,0,ALL,True,max ring share=0.5000
ring_share_at_most_half,halt,072.tiff,1,ALL,True,max ring share=0.5000
ring_share_at_most_half,halt,072.tiff,2,ALL,True,max ring share=0.4988
ring_share_at_most_half,halt,100.tiff,0,ALL,True,max ring share=0.5000
ring_share_at_most_half,halt,100.tiff,1,ALL,True,max ring share=0.5000
ring_share_at_most_half,halt,100.tiff,2,ALL,True,max ring share=0.5000
ring_share_at_most_half,halt,123.tiff,0,ALL,True,max ring share=0.5000
ring_share_at_most_half,halt,123.tiff,1,ALL,True,max ring share=0.5000
ring_share_at_most_half,halt,123.tiff,2,ALL,True,max ring share=0.5000
ring_share_at_most_half,halt,128.tiff,0,ALL,True,max ring share=0.5000
ring_share_at_most_half,halt,128.tiff,1,ALL,True,max ring share=0.4850
ring_share_at_most_half,halt,128.tiff,2,ALL,True,max ring share=0.5000
ring_share_at_most_half,halt,529.tiff,0,ALL,True,max ring share=0.4995
ring_share_at_most_half,halt,529.tiff,1,ALL,True,max ring share=0.5000
ring_share_at_most_half,halt,529.tiff,2,ALL,True,max ring share=0.5000
ring_share_at_most_half,halt,548.tiff,0,ALL,True,max ring share=0.5000
ring_share_at_most_half,halt,548.tiff,1,ALL,True,max ring share=0.5000
ring_share_at_most_half,halt,548.tiff,2,ALL,True,max ring share=0.5000
ring_share_at_most_half,halt,509.tiff,0,ALL,True,max ring share=0.3885
ring_share_at_most_half,halt,509.tiff,1,ALL,True,max ring share=0.3755
ring_share_at_most_half,halt,509.tiff,2,ALL,True,max ring share=0.4789
ring_share_at_most_half,halt,524.tiff,0,ALL,True,max ring share=0.4596
ring_share_at_most_half,halt,524.tiff,1,ALL,True,max ring share=0.4989
ring_share_at_most_half,halt,524.tiff,2,ALL,True,max ring share=0.5000
ring_share_at_most_half,halt,527.tiff,0,ALL,True,max ring share=0.5000
ring_share_at_most_half,halt,527.tiff,1,ALL,True,max ring share=0.4978
ring_share_at_most_half,halt,527.tiff,2,ALL,True,max ring share=0.4993
ring_share_at_most_half,halt,546.tiff,0,ALL,True,max ring share=0.5000
ring_share_at_most_half,halt,546.tiff,1,ALL,True,max ring share=0.5000
ring_share_at_most_half,halt,546.tiff,2,ALL,True,max ring share=0.4999
ring_share_at_most_half,halt,549.tiff,0,ALL,True,max ring share=0.5000
ring_share_at_most_half,halt,549.tiff,1,ALL,True,max ring share=0.4999
ring_share_at_most_half,halt,549.tiff,2,ALL,True,max ring share=0.4981
ring_share_at_most_half,halt,402.tiff,0,ALL,True,max ring share=0.5000
ring_share_at_most_half,halt,402.tiff,1,ALL,True,max ring share=0.5000
ring_share_at_most_half,halt,402.tiff,2,ALL,True,max ring share=0.5000
ring_share_at_most_half,halt,403.tiff,0,ALL,True,max ring share=0.4967
ring_share_at_most_half,halt,403.tiff,1,ALL,True,max ring share=0.4902
ring_share_at_most_half,halt,403.tiff,2,ALL,True,max ring share=0.4707
ring_share_at_most_half,halt,353.tiff,0,ALL,True,max ring share=0.4420
ring_share_at_most_half,halt,353.tiff,1,ALL,True,max ring share=0.5000
ring_share_at_most_half,halt,353.tiff,2,ALL,True,max ring share=0.5000
ring_share_at_most_half,halt,364.tiff,0,ALL,True,max ring share=0.5000
ring_share_at_most_half,halt,364.tiff,1,ALL,True,max ring share=0.5000
ring_share_at_most_half,halt,364.tiff,2,ALL,True,max ring share=0.5000
ring_share_at_most_half,halt,400.tiff,0,ALL,True,max ring share=0.5000
ring_share_at_most_half,halt,400.tiff,1,ALL,True,max ring share=0.5000
ring_share_at_most_half,halt,400.tiff,2,ALL,True,max ring share=0.4979
ring_share_at_most_half,halt,401.tiff,0,ALL,True,max ring share=0.5000
ring_share_at_most_half,halt,401.tiff,1,ALL,True,max ring share=0.5000
ring_share_at_most_half,halt,401.tiff,2,ALL,True,max ring share=0.5000
ring_share_at_most_half,halt,404.tiff,0,ALL,True,max ring share=0.4836
ring_share_at_most_half,halt,404.tiff,1,ALL,True,max ring share=0.5000
ring_share_at_most_half,halt,404.tiff,2,ALL,True,max ring share=0.4983
max_peaks_binds,report,300.tiff,0,default_51,True,n_peaks=100 n_detections=100
max_peaks_binds,report,300.tiff,0,fill_alpha_m1,True,n_peaks=100 n_detections=97
max_peaks_binds,report,300.tiff,0,fill_alpha_0,True,n_peaks=100 n_detections=100
max_peaks_binds,report,300.tiff,0,fill_alpha_1,True,n_peaks=100 n_detections=100
max_peaks_binds,report,300.tiff,0,fill_alpha_2,True,n_peaks=100 n_detections=100
max_peaks_binds,report,300.tiff,1,default_51,True,n_peaks=100 n_detections=100
max_peaks_binds,report,300.tiff,1,fill_alpha_m1,True,n_peaks=100 n_detections=96
max_peaks_binds,report,300.tiff,1,fill_alpha_0,True,n_peaks=100 n_detections=93
max_peaks_binds,report,300.tiff,1,fill_alpha_1,True,n_peaks=100 n_detections=99
max_peaks_binds,report,300.tiff,1,fill_alpha_2,True,n_peaks=100 n_detections=100
max_peaks_binds,report,300.tiff,2,default_51,True,n_peaks=100 n_detections=100
max_peaks_binds,report,300.tiff,2,fill_alpha_m1,True,n_peaks=100 n_detections=98
max_peaks_binds,report,300.tiff,2,fill_alpha_0,True,n_peaks=100 n_detections=98
max_peaks_binds,report,300.tiff,2,fill_alpha_1,True,n_peaks=100 n_detections=99
max_peaks_binds,report,300.tiff,2,fill_alpha_2,True,n_peaks=100 n_detections=100
max_peaks_binds,report,301.tiff,0,default_51,True,n_peaks=100 n_detections=100
max_peaks_binds,report,301.tiff,0,fill_alpha_m1,True,n_peaks=100 n_detections=96
max_peaks_binds,report,301.tiff,0,fill_alpha_0,True,n_peaks=100 n_detections=98
max_peaks_binds,report,301.tiff,0,fill_alpha_1,True,n_peaks=100 n_detections=100
max_peaks_binds,report,301.tiff,0,fill_alpha_2,True,n_peaks=100 n_detections=100
max_peaks_binds,report,301.tiff,1,default_51,True,n_peaks=100 n_detections=100
max_peaks_binds,report,301.tiff,1,fill_alpha_m1,True,n_peaks=100 n_detections=96
max_peaks_binds,report,301.tiff,1,fill_alpha_0,True,n_peaks=100 n_detections=99
max_peaks_binds,report,301.tiff,1,fill_alpha_1,True,n_peaks=100 n_detections=100
max_peaks_binds,report,301.tiff,1,fill_alpha_2,True,n_peaks=100 n_detections=100
max_peaks_binds,report,301.tiff,2,default_51,True,n_peaks=100 n_detections=94
max_peaks_binds,report,301.tiff,2,fill_alpha_m1,True,n_peaks=100 n_detections=89
max_peaks_binds,report,301.tiff,2,fill_alpha_0,True,n_peaks=100 n_detections=94
max_peaks_binds,report,301.tiff,2,fill_alpha_1,True,n_peaks=100 n_detections=98
max_peaks_binds,report,301.tiff,2,fill_alpha_2,True,n_peaks=100 n_detections=98
max_peaks_binds,report,322.tiff,0,default_51,True,n_peaks=100 n_detections=100
max_peaks_binds,report,322.tiff,0,fill_alpha_m1,True,n_peaks=100 n_detections=92
max_peaks_binds,report,322.tiff,0,fill_alpha_0,True,n_peaks=100 n_detections=99
max_peaks_binds,report,322.tiff,0,fill_alpha_1,True,n_peaks=100 n_detections=100
max_peaks_binds,report,322.tiff,0,fill_alpha_2,True,n_peaks=100 n_detections=100
max_peaks_binds,report,322.tiff,1,default_51,True,n_peaks=100 n_detections=99
max_peaks_binds,report,322.tiff,1,fill_alpha_m1,True,n_peaks=100 n_detections=95
max_peaks_binds,report,322.tiff,1,fill_alpha_0,True,n_peaks=100 n_detections=99
max_peaks_binds,report,322.tiff,1,fill_alpha_1,True,n_peaks=100 n_detections=100
max_peaks_binds,report,322.tiff,1,fill_alpha_2,True,n_peaks=100 n_detections=99
max_peaks_binds,report,322.tiff,2,default_51,True,n_peaks=100 n_detections=100
max_peaks_binds,report,322.tiff,2,fill_alpha_m1,True,n_peaks=100 n_detections=92
max_peaks_binds,report,322.tiff,2,fill_alpha_0,True,n_peaks=100 n_detections=99
max_peaks_binds,report,322.tiff,2,fill_alpha_1,True,n_peaks=100 n_detections=100
max_peaks_binds,report,322.tiff,2,fill_alpha_2,True,n_peaks=100 n_detections=100
max_peaks_binds,report,337.tiff,0,default_51,True,n_peaks=100 n_detections=100
max_peaks_binds,report,337.tiff,0,fill_alpha_m1,True,n_peaks=100 n_detections=94
max_peaks_binds,report,337.tiff,0,fill_alpha_0,True,n_peaks=100 n_detections=97
max_peaks_binds,report,337.tiff,0,fill_alpha_1,True,n_peaks=100 n_detections=100
max_peaks_binds,report,337.tiff,0,fill_alpha_2,True,n_peaks=100 n_detections=100
max_peaks_binds,report,337.tiff,1,default_51,True,n_peaks=100 n_detections=100
max_peaks_binds,report,337.tiff,1,fill_alpha_m1,True,n_peaks=100 n_detections=93
max_peaks_binds,report,337.tiff,1,fill_alpha_0,True,n_peaks=100 n_detections=97
max_peaks_binds,report,337.tiff,1,fill_alpha_1,True,n_peaks=100 n_detections=100
max_peaks_binds,report,337.tiff,1,fill_alpha_2,True,n_peaks=100 n_detections=100
max_peaks_binds,report,337.tiff,2,default_51,True,n_peaks=100 n_detections=100
max_peaks_binds,report,337.tiff,2,fill_alpha_m1,True,n_peaks=100 n_detections=94
max_peaks_binds,report,337.tiff,2,fill_alpha_0,True,n_peaks=100 n_detections=100
max_peaks_binds,report,337.tiff,2,fill_alpha_1,True,n_peaks=100 n_detections=100
max_peaks_binds,report,337.tiff,2,fill_alpha_2,True,n_peaks=100 n_detections=100
max_peaks_binds,report,339.tiff,0,default_51,True,n_peaks=100 n_detections=99
max_peaks_binds,report,339.tiff,0,fill_alpha_m1,True,n_peaks=100 n_detections=95
max_peaks_binds,report,339.tiff,0,fill_alpha_0,True,n_peaks=100 n_detections=97
max_peaks_binds,report,339.tiff,0,fill_alpha_1,True,n_peaks=100 n_detections=99
max_peaks_binds,report,339.tiff,0,fill_alpha_2,True,n_peaks=100 n_detections=99
max_peaks_binds,report,339.tiff,1,default_51,True,n_peaks=100 n_detections=100
max_peaks_binds,report,339.tiff,1,fill_alpha_m1,True,n_peaks=100 n_detections=95
max_peaks_binds,report,339.tiff,1,fill_alpha_0,True,n_peaks=100 n_detections=100
max_peaks_binds,report,339.tiff,1,fill_alpha_1,True,n_peaks=100 n_detections=100
max_peaks_binds,report,339.tiff,1,fill_alpha_2,True,n_peaks=100 n_detections=100
max_peaks_binds,report,339.tiff,2,default_51,True,n_peaks=100 n_detections=99
max_peaks_binds,report,339.tiff,2,fill_alpha_m1,True,n_peaks=100 n_detections=93
max_peaks_binds,report,339.tiff,2,fill_alpha_0,True,n_peaks=100 n_detections=99
max_peaks_binds,report,339.tiff,2,fill_alpha_1,True,n_peaks=100 n_detections=99
max_peaks_binds,report,339.tiff,2,fill_alpha_2,True,n_peaks=100 n_detections=98
max_peaks_binds,report,343.tiff,0,default_51,True,n_peaks=100 n_detections=96
max_peaks_binds,report,343.tiff,0,fill_alpha_m1,True,n_peaks=100 n_detections=91
max_peaks_binds,report,343.tiff,0,fill_alpha_0,True,n_peaks=100 n_detections=98
max_peaks_binds,report,343.tiff,0,fill_alpha_1,True,n_peaks=100 n_detections=99
max_peaks_binds,report,343.tiff,0,fill_alpha_2,True,n_peaks=100 n_detections=100
max_peaks_binds,report,343.tiff,1,default_51,True,n_peaks=100 n_detections=100
max_peaks_binds,report,343.tiff,1,fill_alpha_m1,True,n_peaks=100 n_detections=85
max_peaks_binds,report,343.tiff,1,fill_alpha_0,True,n_peaks=100 n_detections=99
max_peaks_binds,report,343.tiff,1,fill_alpha_1,True,n_peaks=100 n_detections=99
max_peaks_binds,report,343.tiff,1,fill_alpha_2,True,n_peaks=100 n_detections=99
max_peaks_binds,report,343.tiff,2,default_51,True,n_peaks=100 n_detections=100
max_peaks_binds,report,343.tiff,2,fill_alpha_m1,True,n_peaks=100 n_detections=91
max_peaks_binds,report,343.tiff,2,fill_alpha_0,True,n_peaks=100 n_detections=98
max_peaks_binds,report,343.tiff,2,fill_alpha_1,True,n_peaks=100 n_detections=100
max_peaks_binds,report,343.tiff,2,fill_alpha_2,True,n_peaks=100 n_detections=100
max_peaks_binds,report,344.tiff,0,default_51,True,n_peaks=100 n_detections=100
max_peaks_binds,report,344.tiff,0,fill_alpha_m1,True,n_peaks=100 n_detections=98
max_peaks_binds,report,344.tiff,0,fill_alpha_0,True,n_peaks=100 n_detections=99
max_peaks_binds,report,344.tiff,0,fill_alpha_1,True,n_peaks=100 n_detections=100
max_peaks_binds,report,344.tiff,0,fill_alpha_2,True,n_peaks=100 n_detections=100
max_peaks_binds,report,344.tiff,1,default_51,True,n_peaks=100 n_detections=99
max_peaks_binds,report,344.tiff,1,fill_alpha_m1,True,n_peaks=100 n_detections=96
max_peaks_binds,report,344.tiff,1,fill_alpha_0,True,n_peaks=100 n_detections=99
max_peaks_binds,report,344.tiff,1,fill_alpha_1,True,n_peaks=100 n_detections=100
max_peaks_binds,report,344.tiff,1,fill_alpha_2,True,n_peaks=100 n_detections=100
max_peaks_binds,report,344.tiff,2,default_51,True,n_peaks=100 n_detections=99
max_peaks_binds,report,344.tiff,2,fill_alpha_m1,True,n_peaks=100 n_detections=97
max_peaks_binds,report,344.tiff,2,fill_alpha_0,True,n_peaks=100 n_detections=98
max_peaks_binds,report,344.tiff,2,fill_alpha_1,True,n_peaks=100 n_detections=99
max_peaks_binds,report,344.tiff,2,fill_alpha_2,True,n_peaks=100 n_detections=100
max_peaks_binds,report,201.tiff,0,default_51,True,n_peaks=100 n_detections=99
max_peaks_binds,report,201.tiff,0,fill_alpha_m1,True,n_peaks=100 n_detections=93
max_peaks_binds,report,201.tiff,0,fill_alpha_0,True,n_peaks=100 n_detections=98
max_peaks_binds,report,201.tiff,0,fill_alpha_1,True,n_peaks=100 n_detections=98
max_peaks_binds,report,201.tiff,0,fill_alpha_2,True,n_peaks=100 n_detections=99
max_peaks_binds,report,201.tiff,1,default_51,True,n_peaks=100 n_detections=100
max_peaks_binds,report,201.tiff,1,fill_alpha_m1,True,n_peaks=100 n_detections=99
max_peaks_binds,report,201.tiff,1,fill_alpha_0,True,n_peaks=100 n_detections=99
max_peaks_binds,report,201.tiff,1,fill_alpha_1,True,n_peaks=100 n_detections=99
max_peaks_binds,report,201.tiff,1,fill_alpha_2,True,n_peaks=100 n_detections=100
max_peaks_binds,report,201.tiff,2,default_51,True,n_peaks=100 n_detections=100
max_peaks_binds,report,201.tiff,2,fill_alpha_m1,True,n_peaks=100 n_detections=85
max_peaks_binds,report,201.tiff,2,fill_alpha_0,True,n_peaks=100 n_detections=100
max_peaks_binds,report,201.tiff,2,fill_alpha_1,True,n_peaks=100 n_detections=99
max_peaks_binds,report,201.tiff,2,fill_alpha_2,True,n_peaks=100 n_detections=99
max_peaks_binds,report,233.tiff,0,default_51,True,n_peaks=100 n_detections=100
max_peaks_binds,report,233.tiff,0,fill_alpha_m1,True,n_peaks=100 n_detections=99
max_peaks_binds,report,233.tiff,0,fill_alpha_0,True,n_peaks=100 n_detections=97
max_peaks_binds,report,233.tiff,0,fill_alpha_1,True,n_peaks=100 n_detections=100
max_peaks_binds,report,233.tiff,0,fill_alpha_2,True,n_peaks=100 n_detections=100
max_peaks_binds,report,233.tiff,1,default_51,True,n_peaks=100 n_detections=100
max_peaks_binds,report,233.tiff,1,fill_alpha_m1,True,n_peaks=100 n_detections=95
max_peaks_binds,report,233.tiff,1,fill_alpha_0,True,n_peaks=100 n_detections=100
max_peaks_binds,report,233.tiff,1,fill_alpha_1,True,n_peaks=100 n_detections=100
max_peaks_binds,report,233.tiff,1,fill_alpha_2,True,n_peaks=100 n_detections=100
max_peaks_binds,report,233.tiff,2,default_51,True,n_peaks=100 n_detections=100
max_peaks_binds,report,233.tiff,2,fill_alpha_m1,True,n_peaks=100 n_detections=91
max_peaks_binds,report,233.tiff,2,fill_alpha_0,True,n_peaks=100 n_detections=99
max_peaks_binds,report,233.tiff,2,fill_alpha_1,True,n_peaks=100 n_detections=100
max_peaks_binds,report,233.tiff,2,fill_alpha_2,True,n_peaks=100 n_detections=100
max_peaks_binds,report,211.tiff,0,default_51,True,n_peaks=100 n_detections=100
max_peaks_binds,report,211.tiff,0,fill_alpha_m1,True,n_peaks=100 n_detections=99
max_peaks_binds,report,211.tiff,0,fill_alpha_0,True,n_peaks=100 n_detections=98
max_peaks_binds,report,211.tiff,0,fill_alpha_1,True,n_peaks=100 n_detections=100
max_peaks_binds,report,211.tiff,0,fill_alpha_2,True,n_peaks=100 n_detections=100
max_peaks_binds,report,211.tiff,1,default_51,True,n_peaks=100 n_detections=99
max_peaks_binds,report,211.tiff,1,fill_alpha_m1,True,n_peaks=100 n_detections=94
max_peaks_binds,report,211.tiff,1,fill_alpha_0,True,n_peaks=100 n_detections=98
max_peaks_binds,report,211.tiff,1,fill_alpha_1,True,n_peaks=100 n_detections=100
max_peaks_binds,report,211.tiff,1,fill_alpha_2,True,n_peaks=100 n_detections=99
max_peaks_binds,report,211.tiff,2,default_51,True,n_peaks=100 n_detections=100
max_peaks_binds,report,211.tiff,2,fill_alpha_m1,True,n_peaks=100 n_detections=98
max_peaks_binds,report,211.tiff,2,fill_alpha_0,True,n_peaks=100 n_detections=98
max_peaks_binds,report,211.tiff,2,fill_alpha_1,True,n_peaks=100 n_detections=99
max_peaks_binds,report,211.tiff,2,fill_alpha_2,True,n_peaks=100 n_detections=100
max_peaks_binds,report,220.tiff,0,default_51,True,n_peaks=100 n_detections=99
max_peaks_binds,report,220.tiff,0,fill_alpha_m1,True,n_peaks=100 n_detections=94
max_peaks_binds,report,220.tiff,0,fill_alpha_0,True,n_peaks=100 n_detections=98
max_peaks_binds,report,220.tiff,0,fill_alpha_1,True,n_peaks=100 n_detections=99
max_peaks_binds,report,220.tiff,0,fill_alpha_2,True,n_peaks=100 n_detections=99
max_peaks_binds,report,220.tiff,1,default_51,True,n_peaks=100 n_detections=100
max_peaks_binds,report,220.tiff,1,fill_alpha_m1,True,n_peaks=100 n_detections=92
max_peaks_binds,report,220.tiff,1,fill_alpha_0,True,n_peaks=100 n_detections=100
max_peaks_binds,report,220.tiff,1,fill_alpha_1,True,n_peaks=100 n_detections=99
max_peaks_binds,report,220.tiff,1,fill_alpha_2,True,n_peaks=100 n_detections=99
max_peaks_binds,report,220.tiff,2,default_51,True,n_peaks=100 n_detections=100
max_peaks_binds,report,220.tiff,2,fill_alpha_m1,True,n_peaks=100 n_detections=91
max_peaks_binds,report,220.tiff,2,fill_alpha_0,True,n_peaks=100 n_detections=99
max_peaks_binds,report,220.tiff,2,fill_alpha_1,True,n_peaks=100 n_detections=100
max_peaks_binds,report,220.tiff,2,fill_alpha_2,True,n_peaks=100 n_detections=100
max_peaks_binds,report,230.tiff,0,default_51,True,n_peaks=100 n_detections=100
max_peaks_binds,report,230.tiff,0,fill_alpha_m1,True,n_peaks=100 n_detections=97
max_peaks_binds,report,230.tiff,0,fill_alpha_0,True,n_peaks=100 n_detections=99
max_peaks_binds,report,230.tiff,0,fill_alpha_1,True,n_peaks=100 n_detections=100
max_peaks_binds,report,230.tiff,0,fill_alpha_2,True,n_peaks=100 n_detections=100
max_peaks_binds,report,230.tiff,1,default_51,True,n_peaks=100 n_detections=100
max_peaks_binds,report,230.tiff,1,fill_alpha_m1,True,n_peaks=100 n_detections=100
max_peaks_binds,report,230.tiff,1,fill_alpha_0,True,n_peaks=100 n_detections=99
max_peaks_binds,report,230.tiff,1,fill_alpha_1,True,n_peaks=100 n_detections=100
max_peaks_binds,report,230.tiff,1,fill_alpha_2,True,n_peaks=100 n_detections=100
max_peaks_binds,report,230.tiff,2,default_51,True,n_peaks=100 n_detections=99
max_peaks_binds,report,230.tiff,2,fill_alpha_m1,True,n_peaks=100 n_detections=98
max_peaks_binds,report,230.tiff,2,fill_alpha_0,True,n_peaks=100 n_detections=100
max_peaks_binds,report,230.tiff,2,fill_alpha_1,True,n_peaks=100 n_detections=99
max_peaks_binds,report,230.tiff,2,fill_alpha_2,True,n_peaks=100 n_detections=100
max_peaks_binds,report,235.tiff,0,default_51,True,n_peaks=100 n_detections=98
max_peaks_binds,report,235.tiff,0,fill_alpha_m1,True,n_peaks=100 n_detections=90
max_peaks_binds,report,235.tiff,0,fill_alpha_0,True,n_peaks=100 n_detections=96
max_peaks_binds,report,235.tiff,0,fill_alpha_1,True,n_peaks=100 n_detections=99
max_peaks_binds,report,235.tiff,0,fill_alpha_2,True,n_peaks=100 n_detections=99
max_peaks_binds,report,235.tiff,1,default_51,True,n_peaks=100 n_detections=97
max_peaks_binds,report,235.tiff,1,fill_alpha_m1,True,n_peaks=100 n_detections=92
max_peaks_binds,report,235.tiff,1,fill_alpha_0,True,n_peaks=100 n_detections=95
max_peaks_binds,report,235.tiff,1,fill_alpha_1,True,n_peaks=100 n_detections=99
max_peaks_binds,report,235.tiff,1,fill_alpha_2,True,n_peaks=100 n_detections=99
max_peaks_binds,report,235.tiff,2,default_51,True,n_peaks=100 n_detections=100
max_peaks_binds,report,235.tiff,2,fill_alpha_m1,True,n_peaks=100 n_detections=94
max_peaks_binds,report,235.tiff,2,fill_alpha_0,True,n_peaks=100 n_detections=95
max_peaks_binds,report,235.tiff,2,fill_alpha_1,True,n_peaks=100 n_detections=100
max_peaks_binds,report,235.tiff,2,fill_alpha_2,True,n_peaks=100 n_detections=100
max_peaks_binds,report,242.tiff,0,default_51,True,n_peaks=100 n_detections=98
max_peaks_binds,report,242.tiff,0,fill_alpha_m1,True,n_peaks=100 n_detections=94
max_peaks_binds,report,242.tiff,0,fill_alpha_0,True,n_peaks=100 n_detections=99
max_peaks_binds,report,242.tiff,0,fill_alpha_1,True,n_peaks=100 n_detections=99
max_peaks_binds,report,242.tiff,0,fill_alpha_2,True,n_peaks=100 n_detections=100
max_peaks_binds,report,242.tiff,1,default_51,True,n_peaks=100 n_detections=100
max_peaks_binds,report,242.tiff,1,fill_alpha_m1,True,n_peaks=100 n_detections=94
max_peaks_binds,report,242.tiff,1,fill_alpha_0,True,n_peaks=100 n_detections=100
max_peaks_binds,report,242.tiff,1,fill_alpha_1,True,n_peaks=100 n_detections=100
max_peaks_binds,report,242.tiff,1,fill_alpha_2,True,n_peaks=100 n_detections=100
max_peaks_binds,report,242.tiff,2,default_51,True,n_peaks=100 n_detections=99
max_peaks_binds,report,242.tiff,2,fill_alpha_m1,True,n_peaks=100 n_detections=95
max_peaks_binds,report,242.tiff,2,fill_alpha_0,True,n_peaks=100 n_detections=98
max_peaks_binds,report,242.tiff,2,fill_alpha_1,True,n_peaks=100 n_detections=99
max_peaks_binds,report,242.tiff,2,fill_alpha_2,True,n_peaks=100 n_detections=99
max_peaks_binds,report,245.tiff,0,default_51,True,n_peaks=100 n_detections=98
max_peaks_binds,report,245.tiff,0,fill_alpha_m1,True,n_peaks=100 n_detections=100
max_peaks_binds,report,245.tiff,0,fill_alpha_0,True,n_peaks=100 n_detections=100
max_peaks_binds,report,245.tiff,0,fill_alpha_1,True,n_peaks=100 n_detections=97
max_peaks_binds,report,245.tiff,0,fill_alpha_2,True,n_peaks=100 n_detections=97
max_peaks_binds,report,245.tiff,1,default_51,True,n_peaks=100 n_detections=98
max_peaks_binds,report,245.tiff,1,fill_alpha_m1,True,n_peaks=100 n_detections=97
max_peaks_binds,report,245.tiff,1,fill_alpha_0,True,n_peaks=100 n_detections=96
max_peaks_binds,report,245.tiff,1,fill_alpha_1,True,n_peaks=100 n_detections=96
max_peaks_binds,report,245.tiff,1,fill_alpha_2,True,n_peaks=100 n_detections=97
max_peaks_binds,report,245.tiff,2,default_51,True,n_peaks=100 n_detections=99
max_peaks_binds,report,245.tiff,2,fill_alpha_m1,True,n_peaks=100 n_detections=98
max_peaks_binds,report,245.tiff,2,fill_alpha_0,True,n_peaks=100 n_detections=98
max_peaks_binds,report,245.tiff,2,fill_alpha_1,True,n_peaks=100 n_detections=99
max_peaks_binds,report,245.tiff,2,fill_alpha_2,True,n_peaks=100 n_detections=100
max_peaks_binds,report,246.tiff,0,default_51,True,n_peaks=100 n_detections=98
max_peaks_binds,report,246.tiff,0,fill_alpha_m1,True,n_peaks=100 n_detections=97
max_peaks_binds,report,246.tiff,0,fill_alpha_0,True,n_peaks=100 n_detections=94
max_peaks_binds,report,246.tiff,0,fill_alpha_1,True,n_peaks=100 n_detections=97
max_peaks_binds,report,246.tiff,0,fill_alpha_2,True,n_peaks=100 n_detections=99
max_peaks_binds,report,246.tiff,1,default_51,True,n_peaks=100 n_detections=98
max_peaks_binds,report,246.tiff,1,fill_alpha_m1,True,n_peaks=100 n_detections=93
max_peaks_binds,report,246.tiff,1,fill_alpha_0,True,n_peaks=100 n_detections=96
max_peaks_binds,report,246.tiff,1,fill_alpha_1,True,n_peaks=100 n_detections=97
max_peaks_binds,report,246.tiff,1,fill_alpha_2,True,n_peaks=100 n_detections=100
max_peaks_binds,report,246.tiff,2,default_51,True,n_peaks=100 n_detections=100
max_peaks_binds,report,246.tiff,2,fill_alpha_m1,True,n_peaks=100 n_detections=93
max_peaks_binds,report,246.tiff,2,fill_alpha_0,True,n_peaks=100 n_detections=95
max_peaks_binds,report,246.tiff,2,fill_alpha_1,True,n_peaks=100 n_detections=99
max_peaks_binds,report,246.tiff,2,fill_alpha_2,True,n_peaks=100 n_detections=100
max_peaks_binds,report,249.tiff,0,default_51,True,n_peaks=100 n_detections=100
max_peaks_binds,report,249.tiff,0,fill_alpha_m1,True,n_peaks=100 n_detections=95
max_peaks_binds,report,249.tiff,0,fill_alpha_0,True,n_peaks=100 n_detections=100
max_peaks_binds,report,249.tiff,0,fill_alpha_1,True,n_peaks=100 n_detections=100
max_peaks_binds,report,249.tiff,0,fill_alpha_2,True,n_peaks=100 n_detections=100
max_peaks_binds,report,249.tiff,1,default_51,True,n_peaks=100 n_detections=97
max_peaks_binds,report,249.tiff,1,fill_alpha_m1,True,n_peaks=100 n_detections=96
max_peaks_binds,report,249.tiff,1,fill_alpha_0,True,n_peaks=100 n_detections=100
max_peaks_binds,report,249.tiff,1,fill_alpha_1,True,n_peaks=100 n_detections=100
max_peaks_binds,report,249.tiff,1,fill_alpha_2,True,n_peaks=100 n_detections=100
max_peaks_binds,report,249.tiff,2,default_51,True,n_peaks=100 n_detections=100
max_peaks_binds,report,249.tiff,2,fill_alpha_m1,True,n_peaks=100 n_detections=99
max_peaks_binds,report,249.tiff,2,fill_alpha_0,True,n_peaks=100 n_detections=99
max_peaks_binds,report,249.tiff,2,fill_alpha_1,True,n_peaks=100 n_detections=100
max_peaks_binds,report,249.tiff,2,fill_alpha_2,True,n_peaks=100 n_detections=100
max_peaks_binds,report,284.tiff,0,default_51,True,n_peaks=100 n_detections=100
max_peaks_binds,report,284.tiff,0,fill_alpha_m1,True,n_peaks=100 n_detections=98
max_peaks_binds,report,284.tiff,0,fill_alpha_0,True,n_peaks=100 n_detections=98
max_peaks_binds,report,284.tiff,0,fill_alpha_1,True,n_peaks=100 n_detections=100
max_peaks_binds,report,284.tiff,0,fill_alpha_2,True,n_peaks=100 n_detections=100
max_peaks_binds,report,284.tiff,1,default_51,True,n_peaks=100 n_detections=100
max_peaks_binds,report,284.tiff,1,fill_alpha_m1,True,n_peaks=100 n_detections=100
max_peaks_binds,report,284.tiff,1,fill_alpha_0,True,n_peaks=100 n_detections=99
max_peaks_binds,report,284.tiff,1,fill_alpha_1,True,n_peaks=100 n_detections=100
max_peaks_binds,report,284.tiff,1,fill_alpha_2,True,n_peaks=100 n_detections=100
max_peaks_binds,report,284.tiff,2,default_51,True,n_peaks=100 n_detections=100
max_peaks_binds,report,284.tiff,2,fill_alpha_m1,True,n_peaks=100 n_detections=100
max_peaks_binds,report,284.tiff,2,fill_alpha_0,True,n_peaks=100 n_detections=96
max_peaks_binds,report,284.tiff,2,fill_alpha_1,True,n_peaks=100 n_detections=100
max_peaks_binds,report,284.tiff,2,fill_alpha_2,True,n_peaks=100 n_detections=100
max_peaks_binds,report,289.tiff,0,default_51,True,n_peaks=100 n_detections=100
max_peaks_binds,report,289.tiff,0,fill_alpha_m1,True,n_peaks=100 n_detections=95
max_peaks_binds,report,289.tiff,0,fill_alpha_0,True,n_peaks=100 n_detections=98
max_peaks_binds,report,289.tiff,0,fill_alpha_1,True,n_peaks=100 n_detections=100
max_peaks_binds,report,289.tiff,0,fill_alpha_2,True,n_peaks=100 n_detections=100
max_peaks_binds,report,289.tiff,1,default_51,True,n_peaks=100 n_detections=98
max_peaks_binds,report,289.tiff,1,fill_alpha_m1,True,n_peaks=100 n_detections=94
max_peaks_binds,report,289.tiff,1,fill_alpha_0,True,n_peaks=100 n_detections=100
max_peaks_binds,report,289.tiff,1,fill_alpha_1,True,n_peaks=100 n_detections=99
max_peaks_binds,report,289.tiff,1,fill_alpha_2,True,n_peaks=100 n_detections=98
max_peaks_binds,report,289.tiff,2,default_51,True,n_peaks=100 n_detections=99
max_peaks_binds,report,289.tiff,2,fill_alpha_m1,True,n_peaks=100 n_detections=95
max_peaks_binds,report,289.tiff,2,fill_alpha_0,True,n_peaks=100 n_detections=99
max_peaks_binds,report,289.tiff,2,fill_alpha_1,True,n_peaks=100 n_detections=99
max_peaks_binds,report,289.tiff,2,fill_alpha_2,True,n_peaks=100 n_detections=99
max_peaks_binds,report,291.tiff,0,default_51,True,n_peaks=100 n_detections=82
max_peaks_binds,report,291.tiff,0,fill_alpha_m1,True,n_peaks=100 n_detections=99
max_peaks_binds,report,291.tiff,0,fill_alpha_0,True,n_peaks=100 n_detections=100
max_peaks_binds,report,291.tiff,0,fill_alpha_1,True,n_peaks=100 n_detections=100
max_peaks_binds,report,291.tiff,0,fill_alpha_2,True,n_peaks=100 n_detections=100
max_peaks_binds,report,291.tiff,1,default_51,True,n_peaks=100 n_detections=97
max_peaks_binds,report,291.tiff,1,fill_alpha_m1,True,n_peaks=100 n_detections=95
max_peaks_binds,report,291.tiff,1,fill_alpha_0,True,n_peaks=100 n_detections=100
max_peaks_binds,report,291.tiff,1,fill_alpha_1,True,n_peaks=100 n_detections=100
max_peaks_binds,report,291.tiff,1,fill_alpha_2,True,n_peaks=100 n_detections=100
max_peaks_binds,report,291.tiff,2,default_51,True,n_peaks=100 n_detections=99
max_peaks_binds,report,291.tiff,2,fill_alpha_m1,True,n_peaks=100 n_detections=99
max_peaks_binds,report,291.tiff,2,fill_alpha_0,True,n_peaks=100 n_detections=99
max_peaks_binds,report,291.tiff,2,fill_alpha_1,True,n_peaks=100 n_detections=100
max_peaks_binds,report,291.tiff,2,fill_alpha_2,True,n_peaks=100 n_detections=100
max_peaks_binds,report,293.tiff,0,default_51,True,n_peaks=100 n_detections=100
max_peaks_binds,report,293.tiff,0,fill_alpha_m1,True,n_peaks=100 n_detections=86
max_peaks_binds,report,293.tiff,0,fill_alpha_0,True,n_peaks=100 n_detections=97
max_peaks_binds,report,293.tiff,0,fill_alpha_1,True,n_peaks=100 n_detections=100
max_peaks_binds,report,293.tiff,0,fill_alpha_2,True,n_peaks=100 n_detections=100
max_peaks_binds,report,293.tiff,1,default_51,True,n_peaks=100 n_detections=100
max_peaks_binds,report,293.tiff,1,fill_alpha_m1,True,n_peaks=100 n_detections=85
max_peaks_binds,report,293.tiff,1,fill_alpha_0,True,n_peaks=100 n_detections=99
max_peaks_binds,report,293.tiff,1,fill_alpha_1,True,n_peaks=100 n_detections=100
max_peaks_binds,report,293.tiff,1,fill_alpha_2,True,n_peaks=100 n_detections=100
max_peaks_binds,report,293.tiff,2,default_51,True,n_peaks=100 n_detections=100
max_peaks_binds,report,293.tiff,2,fill_alpha_m1,True,n_peaks=100 n_detections=95
max_peaks_binds,report,293.tiff,2,fill_alpha_0,True,n_peaks=100 n_detections=98
max_peaks_binds,report,293.tiff,2,fill_alpha_1,True,n_peaks=100 n_detections=99
max_peaks_binds,report,293.tiff,2,fill_alpha_2,True,n_peaks=100 n_detections=100
max_peaks_binds,report,459.tiff,0,default_51,True,n_peaks=100 n_detections=100
max_peaks_binds,report,459.tiff,0,fill_alpha_m1,True,n_peaks=100 n_detections=98
max_peaks_binds,report,459.tiff,0,fill_alpha_0,True,n_peaks=100 n_detections=100
max_peaks_binds,report,459.tiff,0,fill_alpha_1,True,n_peaks=100 n_detections=99
max_peaks_binds,report,459.tiff,0,fill_alpha_2,True,n_peaks=100 n_detections=100
max_peaks_binds,report,459.tiff,1,default_51,True,n_peaks=100 n_detections=100
max_peaks_binds,report,459.tiff,1,fill_alpha_m1,True,n_peaks=100 n_detections=94
max_peaks_binds,report,459.tiff,1,fill_alpha_0,True,n_peaks=100 n_detections=100
max_peaks_binds,report,459.tiff,1,fill_alpha_1,True,n_peaks=100 n_detections=100
max_peaks_binds,report,459.tiff,1,fill_alpha_2,True,n_peaks=100 n_detections=100
max_peaks_binds,report,459.tiff,2,default_51,True,n_peaks=100 n_detections=100
max_peaks_binds,report,459.tiff,2,fill_alpha_m1,True,n_peaks=100 n_detections=95
max_peaks_binds,report,459.tiff,2,fill_alpha_0,True,n_peaks=100 n_detections=100
max_peaks_binds,report,459.tiff,2,fill_alpha_1,True,n_peaks=100 n_detections=100
max_peaks_binds,report,459.tiff,2,fill_alpha_2,True,n_peaks=100 n_detections=100
max_peaks_binds,report,460.tiff,0,default_51,True,n_peaks=100 n_detections=100
max_peaks_binds,report,460.tiff,0,fill_alpha_m1,True,n_peaks=100 n_detections=95
max_peaks_binds,report,460.tiff,0,fill_alpha_0,True,n_peaks=100 n_detections=99
max_peaks_binds,report,460.tiff,0,fill_alpha_1,True,n_peaks=100 n_detections=100
max_peaks_binds,report,460.tiff,0,fill_alpha_2,True,n_peaks=100 n_detections=100
max_peaks_binds,report,460.tiff,1,default_51,True,n_peaks=100 n_detections=100
max_peaks_binds,report,460.tiff,1,fill_alpha_m1,True,n_peaks=100 n_detections=98
max_peaks_binds,report,460.tiff,1,fill_alpha_0,True,n_peaks=100 n_detections=97
max_peaks_binds,report,460.tiff,1,fill_alpha_1,True,n_peaks=100 n_detections=98
max_peaks_binds,report,460.tiff,1,fill_alpha_2,True,n_peaks=100 n_detections=99
max_peaks_binds,report,460.tiff,2,default_51,True,n_peaks=100 n_detections=100
max_peaks_binds,report,460.tiff,2,fill_alpha_m1,True,n_peaks=100 n_detections=99
max_peaks_binds,report,460.tiff,2,fill_alpha_0,True,n_peaks=100 n_detections=100
max_peaks_binds,report,460.tiff,2,fill_alpha_1,True,n_peaks=100 n_detections=100
max_peaks_binds,report,460.tiff,2,fill_alpha_2,True,n_peaks=100 n_detections=100
max_peaks_binds,report,410.tiff,0,default_51,True,n_peaks=100 n_detections=90
max_peaks_binds,report,410.tiff,0,fill_alpha_m1,True,n_peaks=100 n_detections=93
max_peaks_binds,report,410.tiff,0,fill_alpha_0,True,n_peaks=100 n_detections=95
max_peaks_binds,report,410.tiff,0,fill_alpha_1,True,n_peaks=100 n_detections=99
max_peaks_binds,report,410.tiff,0,fill_alpha_2,True,n_peaks=100 n_detections=100
max_peaks_binds,report,410.tiff,1,default_51,True,n_peaks=100 n_detections=100
max_peaks_binds,report,410.tiff,1,fill_alpha_m1,True,n_peaks=100 n_detections=91
max_peaks_binds,report,410.tiff,1,fill_alpha_0,True,n_peaks=100 n_detections=99
max_peaks_binds,report,410.tiff,1,fill_alpha_1,True,n_peaks=100 n_detections=99
max_peaks_binds,report,410.tiff,1,fill_alpha_2,True,n_peaks=100 n_detections=100
max_peaks_binds,report,410.tiff,2,default_51,True,n_peaks=100 n_detections=100
max_peaks_binds,report,410.tiff,2,fill_alpha_m1,True,n_peaks=100 n_detections=96
max_peaks_binds,report,410.tiff,2,fill_alpha_0,True,n_peaks=100 n_detections=98
max_peaks_binds,report,410.tiff,2,fill_alpha_1,True,n_peaks=100 n_detections=100
max_peaks_binds,report,410.tiff,2,fill_alpha_2,True,n_peaks=100 n_detections=98
max_peaks_binds,report,425.tiff,0,default_51,True,n_peaks=100 n_detections=100
max_peaks_binds,report,425.tiff,0,fill_alpha_m1,True,n_peaks=100 n_detections=87
max_peaks_binds,report,425.tiff,0,fill_alpha_0,True,n_peaks=100 n_detections=98
max_peaks_binds,report,425.tiff,0,fill_alpha_1,True,n_peaks=100 n_detections=100
max_peaks_binds,report,425.tiff,0,fill_alpha_2,True,n_peaks=100 n_detections=100
max_peaks_binds,report,425.tiff,1,default_51,True,n_peaks=100 n_detections=97
max_peaks_binds,report,425.tiff,1,fill_alpha_m1,True,n_peaks=100 n_detections=90
max_peaks_binds,report,425.tiff,1,fill_alpha_0,True,n_peaks=100 n_detections=95
max_peaks_binds,report,425.tiff,1,fill_alpha_1,True,n_peaks=100 n_detections=97
max_peaks_binds,report,425.tiff,1,fill_alpha_2,True,n_peaks=100 n_detections=97
max_peaks_binds,report,425.tiff,2,default_51,True,n_peaks=100 n_detections=99
max_peaks_binds,report,425.tiff,2,fill_alpha_m1,True,n_peaks=100 n_detections=89
max_peaks_binds,report,425.tiff,2,fill_alpha_0,True,n_peaks=100 n_detections=96
max_peaks_binds,report,425.tiff,2,fill_alpha_1,True,n_peaks=100 n_detections=100
max_peaks_binds,report,425.tiff,2,fill_alpha_2,True,n_peaks=100 n_detections=98
max_peaks_binds,report,435.tiff,0,default_51,True,n_peaks=100 n_detections=97
max_peaks_binds,report,435.tiff,0,fill_alpha_m1,True,n_peaks=100 n_detections=98
max_peaks_binds,report,435.tiff,0,fill_alpha_0,True,n_peaks=100 n_detections=97
max_peaks_binds,report,435.tiff,0,fill_alpha_1,True,n_peaks=100 n_detections=100
max_peaks_binds,report,435.tiff,0,fill_alpha_2,True,n_peaks=100 n_detections=100
max_peaks_binds,report,435.tiff,1,default_51,True,n_peaks=100 n_detections=99
max_peaks_binds,report,435.tiff,1,fill_alpha_m1,True,n_peaks=100 n_detections=98
max_peaks_binds,report,435.tiff,1,fill_alpha_0,True,n_peaks=100 n_detections=100
max_peaks_binds,report,435.tiff,1,fill_alpha_1,True,n_peaks=100 n_detections=99
max_peaks_binds,report,435.tiff,1,fill_alpha_2,True,n_peaks=100 n_detections=100
max_peaks_binds,report,435.tiff,2,default_51,True,n_peaks=100 n_detections=99
max_peaks_binds,report,435.tiff,2,fill_alpha_m1,True,n_peaks=100 n_detections=97
max_peaks_binds,report,435.tiff,2,fill_alpha_0,True,n_peaks=100 n_detections=100
max_peaks_binds,report,435.tiff,2,fill_alpha_1,True,n_peaks=100 n_detections=100
max_peaks_binds,report,435.tiff,2,fill_alpha_2,True,n_peaks=100 n_detections=100
max_peaks_binds,report,462.tiff,0,default_51,True,n_peaks=100 n_detections=100
max_peaks_binds,report,462.tiff,0,fill_alpha_m1,True,n_peaks=100 n_detections=91
max_peaks_binds,report,462.tiff,0,fill_alpha_0,True,n_peaks=100 n_detections=99
max_peaks_binds,report,462.tiff,0,fill_alpha_1,True,n_peaks=100 n_detections=100
max_peaks_binds,report,462.tiff,0,fill_alpha_2,True,n_peaks=100 n_detections=100
max_peaks_binds,report,462.tiff,1,default_51,True,n_peaks=100 n_detections=100
max_peaks_binds,report,462.tiff,1,fill_alpha_m1,True,n_peaks=100 n_detections=91
max_peaks_binds,report,462.tiff,1,fill_alpha_0,True,n_peaks=100 n_detections=98
max_peaks_binds,report,462.tiff,1,fill_alpha_1,True,n_peaks=100 n_detections=100
max_peaks_binds,report,462.tiff,1,fill_alpha_2,True,n_peaks=100 n_detections=100
max_peaks_binds,report,462.tiff,2,default_51,True,n_peaks=100 n_detections=100
max_peaks_binds,report,462.tiff,2,fill_alpha_m1,True,n_peaks=100 n_detections=94
max_peaks_binds,report,462.tiff,2,fill_alpha_0,True,n_peaks=100 n_detections=97
max_peaks_binds,report,462.tiff,2,fill_alpha_1,True,n_peaks=100 n_detections=99
max_peaks_binds,report,462.tiff,2,fill_alpha_2,True,n_peaks=100 n_detections=99
max_peaks_binds,report,499.tiff,0,default_51,True,n_peaks=100 n_detections=98
max_peaks_binds,report,499.tiff,0,fill_alpha_m1,True,n_peaks=100 n_detections=79
max_peaks_binds,report,499.tiff,0,fill_alpha_0,True,n_peaks=100 n_detections=95
max_peaks_binds,report,499.tiff,0,fill_alpha_1,True,n_peaks=100 n_detections=99
max_peaks_binds,report,499.tiff,0,fill_alpha_2,True,n_peaks=100 n_detections=99
max_peaks_binds,report,499.tiff,1,default_51,True,n_peaks=100 n_detections=98
max_peaks_binds,report,499.tiff,1,fill_alpha_m1,True,n_peaks=100 n_detections=82
max_peaks_binds,report,499.tiff,1,fill_alpha_0,True,n_peaks=100 n_detections=92
max_peaks_binds,report,499.tiff,1,fill_alpha_1,True,n_peaks=100 n_detections=99
max_peaks_binds,report,499.tiff,1,fill_alpha_2,True,n_peaks=100 n_detections=99
max_peaks_binds,report,499.tiff,2,default_51,True,n_peaks=100 n_detections=96
max_peaks_binds,report,499.tiff,2,fill_alpha_m1,True,n_peaks=100 n_detections=78
max_peaks_binds,report,499.tiff,2,fill_alpha_0,True,n_peaks=100 n_detections=91
max_peaks_binds,report,499.tiff,2,fill_alpha_1,True,n_peaks=100 n_detections=96
max_peaks_binds,report,499.tiff,2,fill_alpha_2,True,n_peaks=100 n_detections=99
max_peaks_binds,report,013.tiff,0,default_51,True,n_peaks=100 n_detections=100
max_peaks_binds,report,013.tiff,0,fill_alpha_m1,True,n_peaks=100 n_detections=87
max_peaks_binds,report,013.tiff,0,fill_alpha_0,True,n_peaks=100 n_detections=98
max_peaks_binds,report,013.tiff,0,fill_alpha_1,True,n_peaks=100 n_detections=100
max_peaks_binds,report,013.tiff,0,fill_alpha_2,True,n_peaks=100 n_detections=99
max_peaks_binds,report,013.tiff,1,default_51,True,n_peaks=100 n_detections=100
max_peaks_binds,report,013.tiff,1,fill_alpha_m1,True,n_peaks=100 n_detections=96
max_peaks_binds,report,013.tiff,1,fill_alpha_0,True,n_peaks=100 n_detections=98
max_peaks_binds,report,013.tiff,1,fill_alpha_1,True,n_peaks=100 n_detections=100
max_peaks_binds,report,013.tiff,1,fill_alpha_2,True,n_peaks=100 n_detections=99
max_peaks_binds,report,013.tiff,2,default_51,True,n_peaks=100 n_detections=99
max_peaks_binds,report,013.tiff,2,fill_alpha_m1,True,n_peaks=100 n_detections=88
max_peaks_binds,report,013.tiff,2,fill_alpha_0,True,n_peaks=100 n_detections=94
max_peaks_binds,report,013.tiff,2,fill_alpha_1,True,n_peaks=100 n_detections=99
max_peaks_binds,report,013.tiff,2,fill_alpha_2,True,n_peaks=100 n_detections=100
max_peaks_binds,report,094.tiff,0,default_51,True,n_peaks=100 n_detections=100
max_peaks_binds,report,094.tiff,0,fill_alpha_m1,True,n_peaks=100 n_detections=91
max_peaks_binds,report,094.tiff,0,fill_alpha_0,True,n_peaks=100 n_detections=98
max_peaks_binds,report,094.tiff,0,fill_alpha_1,True,n_peaks=100 n_detections=100
max_peaks_binds,report,094.tiff,0,fill_alpha_2,True,n_peaks=100 n_detections=100
max_peaks_binds,report,094.tiff,1,default_51,True,n_peaks=100 n_detections=100
max_peaks_binds,report,094.tiff,1,fill_alpha_m1,True,n_peaks=100 n_detections=96
max_peaks_binds,report,094.tiff,1,fill_alpha_0,True,n_peaks=100 n_detections=98
max_peaks_binds,report,094.tiff,1,fill_alpha_1,True,n_peaks=100 n_detections=100
max_peaks_binds,report,094.tiff,1,fill_alpha_2,True,n_peaks=100 n_detections=100
max_peaks_binds,report,094.tiff,2,default_51,True,n_peaks=100 n_detections=96
max_peaks_binds,report,094.tiff,2,fill_alpha_m1,True,n_peaks=100 n_detections=91
max_peaks_binds,report,094.tiff,2,fill_alpha_0,True,n_peaks=100 n_detections=99
max_peaks_binds,report,094.tiff,2,fill_alpha_1,True,n_peaks=100 n_detections=100
max_peaks_binds,report,094.tiff,2,fill_alpha_2,True,n_peaks=100 n_detections=100
max_peaks_binds,report,007.tiff,0,default_51,True,n_peaks=100 n_detections=99
max_peaks_binds,report,007.tiff,0,fill_alpha_m1,True,n_peaks=100 n_detections=86
max_peaks_binds,report,007.tiff,0,fill_alpha_0,True,n_peaks=100 n_detections=98
max_peaks_binds,report,007.tiff,0,fill_alpha_1,True,n_peaks=100 n_detections=99
max_peaks_binds,report,007.tiff,0,fill_alpha_2,True,n_peaks=100 n_detections=99
max_peaks_binds,report,007.tiff,1,default_51,True,n_peaks=100 n_detections=100
max_peaks_binds,report,007.tiff,1,fill_alpha_m1,True,n_peaks=100 n_detections=87
max_peaks_binds,report,007.tiff,1,fill_alpha_0,True,n_peaks=100 n_detections=100
max_peaks_binds,report,007.tiff,1,fill_alpha_1,True,n_peaks=100 n_detections=99
max_peaks_binds,report,007.tiff,1,fill_alpha_2,True,n_peaks=100 n_detections=100
max_peaks_binds,report,007.tiff,2,default_51,True,n_peaks=100 n_detections=100
max_peaks_binds,report,007.tiff,2,fill_alpha_m1,True,n_peaks=100 n_detections=88
max_peaks_binds,report,007.tiff,2,fill_alpha_0,True,n_peaks=100 n_detections=96
max_peaks_binds,report,007.tiff,2,fill_alpha_1,True,n_peaks=100 n_detections=100
max_peaks_binds,report,007.tiff,2,fill_alpha_2,True,n_peaks=100 n_detections=100
max_peaks_binds,report,072.tiff,0,default_51,True,n_peaks=100 n_detections=100
max_peaks_binds,report,072.tiff,0,fill_alpha_m1,True,n_peaks=100 n_detections=96
max_peaks_binds,report,072.tiff,0,fill_alpha_0,True,n_peaks=100 n_detections=97
max_peaks_binds,report,072.tiff,0,fill_alpha_1,True,n_peaks=100 n_detections=100
max_peaks_binds,report,072.tiff,0,fill_alpha_2,True,n_peaks=100 n_detections=100
max_peaks_binds,report,072.tiff,1,default_51,True,n_peaks=100 n_detections=99
max_peaks_binds,report,072.tiff,1,fill_alpha_m1,True,n_peaks=100 n_detections=96
max_peaks_binds,report,072.tiff,1,fill_alpha_0,True,n_peaks=100 n_detections=97
max_peaks_binds,report,072.tiff,1,fill_alpha_1,True,n_peaks=100 n_detections=99
max_peaks_binds,report,072.tiff,1,fill_alpha_2,True,n_peaks=100 n_detections=100
max_peaks_binds,report,072.tiff,2,default_51,True,n_peaks=100 n_detections=100
max_peaks_binds,report,072.tiff,2,fill_alpha_m1,True,n_peaks=100 n_detections=90
max_peaks_binds,report,072.tiff,2,fill_alpha_0,True,n_peaks=100 n_detections=100
max_peaks_binds,report,072.tiff,2,fill_alpha_1,True,n_peaks=100 n_detections=100
max_peaks_binds,report,072.tiff,2,fill_alpha_2,True,n_peaks=100 n_detections=99
max_peaks_binds,report,100.tiff,0,default_51,True,n_peaks=100 n_detections=98
max_peaks_binds,report,100.tiff,0,fill_alpha_m1,True,n_peaks=100 n_detections=89
max_peaks_binds,report,100.tiff,0,fill_alpha_0,True,n_peaks=100 n_detections=97
max_peaks_binds,report,100.tiff,0,fill_alpha_1,True,n_peaks=100 n_detections=98
max_peaks_binds,report,100.tiff,0,fill_alpha_2,True,n_peaks=100 n_detections=100
max_peaks_binds,report,100.tiff,1,default_51,True,n_peaks=100 n_detections=99
max_peaks_binds,report,100.tiff,1,fill_alpha_m1,True,n_peaks=100 n_detections=88
max_peaks_binds,report,100.tiff,1,fill_alpha_0,True,n_peaks=100 n_detections=96
max_peaks_binds,report,100.tiff,1,fill_alpha_1,True,n_peaks=100 n_detections=99
max_peaks_binds,report,100.tiff,1,fill_alpha_2,True,n_peaks=100 n_detections=99
max_peaks_binds,report,100.tiff,2,default_51,True,n_peaks=100 n_detections=100
max_peaks_binds,report,100.tiff,2,fill_alpha_m1,True,n_peaks=100 n_detections=94
max_peaks_binds,report,100.tiff,2,fill_alpha_0,True,n_peaks=100 n_detections=99
max_peaks_binds,report,100.tiff,2,fill_alpha_1,True,n_peaks=100 n_detections=100
max_peaks_binds,report,100.tiff,2,fill_alpha_2,True,n_peaks=100 n_detections=100
max_peaks_binds,report,123.tiff,0,default_51,True,n_peaks=100 n_detections=95
max_peaks_binds,report,123.tiff,0,fill_alpha_m1,True,n_peaks=100 n_detections=84
max_peaks_binds,report,123.tiff,0,fill_alpha_0,True,n_peaks=100 n_detections=95
max_peaks_binds,report,123.tiff,0,fill_alpha_1,True,n_peaks=100 n_detections=94
max_peaks_binds,report,123.tiff,0,fill_alpha_2,True,n_peaks=100 n_detections=96
max_peaks_binds,report,123.tiff,1,default_51,True,n_peaks=100 n_detections=98
max_peaks_binds,report,123.tiff,1,fill_alpha_m1,True,n_peaks=100 n_detections=90
max_peaks_binds,report,123.tiff,1,fill_alpha_0,True,n_peaks=100 n_detections=95
max_peaks_binds,report,123.tiff,1,fill_alpha_1,True,n_peaks=100 n_detections=98
max_peaks_binds,report,123.tiff,1,fill_alpha_2,True,n_peaks=100 n_detections=100
max_peaks_binds,report,123.tiff,2,default_51,True,n_peaks=100 n_detections=100
max_peaks_binds,report,123.tiff,2,fill_alpha_m1,True,n_peaks=100 n_detections=87
max_peaks_binds,report,123.tiff,2,fill_alpha_0,True,n_peaks=100 n_detections=96
max_peaks_binds,report,123.tiff,2,fill_alpha_1,True,n_peaks=100 n_detections=100
max_peaks_binds,report,123.tiff,2,fill_alpha_2,True,n_peaks=100 n_detections=99
max_peaks_binds,report,128.tiff,0,default_51,True,n_peaks=100 n_detections=82
max_peaks_binds,report,128.tiff,0,fill_alpha_m1,True,n_peaks=100 n_detections=79
max_peaks_binds,report,128.tiff,0,fill_alpha_0,True,n_peaks=100 n_detections=85
max_peaks_binds,report,128.tiff,0,fill_alpha_1,True,n_peaks=100 n_detections=85
max_peaks_binds,report,128.tiff,0,fill_alpha_2,True,n_peaks=100 n_detections=87
max_peaks_binds,report,128.tiff,1,default_51,True,n_peaks=100 n_detections=98
max_peaks_binds,report,128.tiff,1,fill_alpha_m1,True,n_peaks=100 n_detections=93
max_peaks_binds,report,128.tiff,1,fill_alpha_0,True,n_peaks=100 n_detections=97
max_peaks_binds,report,128.tiff,1,fill_alpha_1,True,n_peaks=100 n_detections=97
max_peaks_binds,report,128.tiff,1,fill_alpha_2,True,n_peaks=100 n_detections=96
max_peaks_binds,report,128.tiff,2,default_51,True,n_peaks=100 n_detections=98
max_peaks_binds,report,128.tiff,2,fill_alpha_m1,True,n_peaks=100 n_detections=89
max_peaks_binds,report,128.tiff,2,fill_alpha_0,True,n_peaks=100 n_detections=98
max_peaks_binds,report,128.tiff,2,fill_alpha_1,True,n_peaks=100 n_detections=98
max_peaks_binds,report,128.tiff,2,fill_alpha_2,True,n_peaks=100 n_detections=98
max_peaks_binds,report,529.tiff,0,default_51,True,n_peaks=100 n_detections=100
max_peaks_binds,report,529.tiff,0,fill_alpha_m1,True,n_peaks=100 n_detections=73
max_peaks_binds,report,529.tiff,0,fill_alpha_0,True,n_peaks=100 n_detections=95
max_peaks_binds,report,529.tiff,0,fill_alpha_1,True,n_peaks=100 n_detections=100
max_peaks_binds,report,529.tiff,0,fill_alpha_2,True,n_peaks=100 n_detections=100
max_peaks_binds,report,529.tiff,1,default_51,True,n_peaks=100 n_detections=99
max_peaks_binds,report,529.tiff,1,fill_alpha_m1,True,n_peaks=100 n_detections=90
max_peaks_binds,report,529.tiff,1,fill_alpha_0,True,n_peaks=100 n_detections=93
max_peaks_binds,report,529.tiff,1,fill_alpha_1,True,n_peaks=100 n_detections=99
max_peaks_binds,report,529.tiff,1,fill_alpha_2,True,n_peaks=100 n_detections=99
max_peaks_binds,report,529.tiff,2,default_51,True,n_peaks=100 n_detections=99
max_peaks_binds,report,529.tiff,2,fill_alpha_m1,True,n_peaks=100 n_detections=88
max_peaks_binds,report,529.tiff,2,fill_alpha_0,True,n_peaks=100 n_detections=87
max_peaks_binds,report,529.tiff,2,fill_alpha_1,True,n_peaks=100 n_detections=95
max_peaks_binds,report,529.tiff,2,fill_alpha_2,True,n_peaks=100 n_detections=99
max_peaks_binds,report,548.tiff,0,default_51,True,n_peaks=100 n_detections=100
max_peaks_binds,report,548.tiff,0,fill_alpha_m1,True,n_peaks=100 n_detections=91
max_peaks_binds,report,548.tiff,0,fill_alpha_0,True,n_peaks=100 n_detections=98
max_peaks_binds,report,548.tiff,0,fill_alpha_1,True,n_peaks=100 n_detections=100
max_peaks_binds,report,548.tiff,0,fill_alpha_2,True,n_peaks=100 n_detections=100
max_peaks_binds,report,548.tiff,1,default_51,True,n_peaks=100 n_detections=100
max_peaks_binds,report,548.tiff,1,fill_alpha_m1,True,n_peaks=100 n_detections=93
max_peaks_binds,report,548.tiff,1,fill_alpha_0,True,n_peaks=100 n_detections=99
max_peaks_binds,report,548.tiff,1,fill_alpha_1,True,n_peaks=100 n_detections=100
max_peaks_binds,report,548.tiff,1,fill_alpha_2,True,n_peaks=100 n_detections=100
max_peaks_binds,report,548.tiff,2,default_51,True,n_peaks=100 n_detections=100
max_peaks_binds,report,548.tiff,2,fill_alpha_m1,True,n_peaks=100 n_detections=91
max_peaks_binds,report,548.tiff,2,fill_alpha_0,True,n_peaks=100 n_detections=99
max_peaks_binds,report,548.tiff,2,fill_alpha_1,True,n_peaks=100 n_detections=100
max_peaks_binds,report,548.tiff,2,fill_alpha_2,True,n_peaks=100 n_detections=100
max_peaks_binds,report,509.tiff,0,default_51,True,n_peaks=100 n_detections=94
max_peaks_binds,report,509.tiff,0,fill_alpha_m1,True,n_peaks=100 n_detections=89
max_peaks_binds,report,509.tiff,0,fill_alpha_0,True,n_peaks=100 n_detections=97
max_peaks_binds,report,509.tiff,0,fill_alpha_1,True,n_peaks=100 n_detections=96
max_peaks_binds,report,509.tiff,0,fill_alpha_2,True,n_peaks=100 n_detections=94
max_peaks_binds,report,509.tiff,1,default_51,True,n_peaks=100 n_detections=87
max_peaks_binds,report,509.tiff,1,fill_alpha_m1,True,n_peaks=100 n_detections=89
max_peaks_binds,report,509.tiff,1,fill_alpha_0,True,n_peaks=100 n_detections=88
max_peaks_binds,report,509.tiff,1,fill_alpha_1,True,n_peaks=100 n_detections=87
max_peaks_binds,report,509.tiff,1,fill_alpha_2,True,n_peaks=100 n_detections=85
max_peaks_binds,report,509.tiff,2,default_51,True,n_peaks=100 n_detections=92
max_peaks_binds,report,509.tiff,2,fill_alpha_m1,True,n_peaks=100 n_detections=90
max_peaks_binds,report,509.tiff,2,fill_alpha_0,True,n_peaks=100 n_detections=85
max_peaks_binds,report,509.tiff,2,fill_alpha_1,True,n_peaks=100 n_detections=89
max_peaks_binds,report,509.tiff,2,fill_alpha_2,True,n_peaks=100 n_detections=95
max_peaks_binds,report,524.tiff,0,default_51,True,n_peaks=100 n_detections=98
max_peaks_binds,report,524.tiff,0,fill_alpha_m1,True,n_peaks=100 n_detections=92
max_peaks_binds,report,524.tiff,0,fill_alpha_0,True,n_peaks=100 n_detections=94
max_peaks_binds,report,524.tiff,0,fill_alpha_1,True,n_peaks=100 n_detections=98
max_peaks_binds,report,524.tiff,0,fill_alpha_2,True,n_peaks=100 n_detections=98
max_peaks_binds,report,524.tiff,1,default_51,True,n_peaks=100 n_detections=100
max_peaks_binds,report,524.tiff,1,fill_alpha_m1,True,n_peaks=100 n_detections=98
max_peaks_binds,report,524.tiff,1,fill_alpha_0,True,n_peaks=100 n_detections=96
max_peaks_binds,report,524.tiff,1,fill_alpha_1,True,n_peaks=100 n_detections=100
max_peaks_binds,report,524.tiff,1,fill_alpha_2,True,n_peaks=100 n_detections=100
max_peaks_binds,report,524.tiff,2,default_51,True,n_peaks=100 n_detections=96
max_peaks_binds,report,524.tiff,2,fill_alpha_m1,True,n_peaks=100 n_detections=90
max_peaks_binds,report,524.tiff,2,fill_alpha_0,True,n_peaks=100 n_detections=93
max_peaks_binds,report,524.tiff,2,fill_alpha_1,True,n_peaks=100 n_detections=99
max_peaks_binds,report,524.tiff,2,fill_alpha_2,True,n_peaks=100 n_detections=99
max_peaks_binds,report,527.tiff,0,default_51,True,n_peaks=100 n_detections=100
max_peaks_binds,report,527.tiff,0,fill_alpha_m1,True,n_peaks=100 n_detections=99
max_peaks_binds,report,527.tiff,0,fill_alpha_0,True,n_peaks=100 n_detections=100
max_peaks_binds,report,527.tiff,0,fill_alpha_1,True,n_peaks=100 n_detections=100
max_peaks_binds,report,527.tiff,0,fill_alpha_2,True,n_peaks=100 n_detections=100
max_peaks_binds,report,527.tiff,1,default_51,True,n_peaks=100 n_detections=100
max_peaks_binds,report,527.tiff,1,fill_alpha_m1,True,n_peaks=100 n_detections=90
max_peaks_binds,report,527.tiff,1,fill_alpha_0,True,n_peaks=100 n_detections=100
max_peaks_binds,report,527.tiff,1,fill_alpha_1,True,n_peaks=100 n_detections=100
max_peaks_binds,report,527.tiff,1,fill_alpha_2,True,n_peaks=100 n_detections=100
max_peaks_binds,report,527.tiff,2,default_51,True,n_peaks=100 n_detections=100
max_peaks_binds,report,527.tiff,2,fill_alpha_m1,True,n_peaks=100 n_detections=92
max_peaks_binds,report,527.tiff,2,fill_alpha_0,True,n_peaks=100 n_detections=99
max_peaks_binds,report,527.tiff,2,fill_alpha_1,True,n_peaks=100 n_detections=99
max_peaks_binds,report,527.tiff,2,fill_alpha_2,True,n_peaks=100 n_detections=100
max_peaks_binds,report,546.tiff,0,default_51,True,n_peaks=100 n_detections=100
max_peaks_binds,report,546.tiff,0,fill_alpha_m1,True,n_peaks=100 n_detections=96
max_peaks_binds,report,546.tiff,0,fill_alpha_0,True,n_peaks=100 n_detections=100
max_peaks_binds,report,546.tiff,0,fill_alpha_1,True,n_peaks=100 n_detections=100
max_peaks_binds,report,546.tiff,0,fill_alpha_2,True,n_peaks=100 n_detections=100
max_peaks_binds,report,546.tiff,1,default_51,True,n_peaks=100 n_detections=100
max_peaks_binds,report,546.tiff,1,fill_alpha_m1,True,n_peaks=100 n_detections=93
max_peaks_binds,report,546.tiff,1,fill_alpha_0,True,n_peaks=100 n_detections=97
max_peaks_binds,report,546.tiff,1,fill_alpha_1,True,n_peaks=100 n_detections=100
max_peaks_binds,report,546.tiff,1,fill_alpha_2,True,n_peaks=100 n_detections=100
max_peaks_binds,report,546.tiff,2,default_51,True,n_peaks=100 n_detections=100
max_peaks_binds,report,546.tiff,2,fill_alpha_m1,True,n_peaks=100 n_detections=90
max_peaks_binds,report,546.tiff,2,fill_alpha_0,True,n_peaks=100 n_detections=99
max_peaks_binds,report,546.tiff,2,fill_alpha_1,True,n_peaks=100 n_detections=100
max_peaks_binds,report,546.tiff,2,fill_alpha_2,True,n_peaks=100 n_detections=100
max_peaks_binds,report,549.tiff,0,default_51,True,n_peaks=100 n_detections=100
max_peaks_binds,report,549.tiff,0,fill_alpha_m1,True,n_peaks=100 n_detections=87
max_peaks_binds,report,549.tiff,0,fill_alpha_0,True,n_peaks=100 n_detections=97
max_peaks_binds,report,549.tiff,0,fill_alpha_1,True,n_peaks=100 n_detections=100
max_peaks_binds,report,549.tiff,0,fill_alpha_2,True,n_peaks=100 n_detections=100
max_peaks_binds,report,549.tiff,1,default_51,True,n_peaks=100 n_detections=100
max_peaks_binds,report,549.tiff,1,fill_alpha_m1,True,n_peaks=100 n_detections=95
max_peaks_binds,report,549.tiff,1,fill_alpha_0,True,n_peaks=100 n_detections=93
max_peaks_binds,report,549.tiff,1,fill_alpha_1,True,n_peaks=100 n_detections=100
max_peaks_binds,report,549.tiff,1,fill_alpha_2,True,n_peaks=100 n_detections=99
max_peaks_binds,report,549.tiff,2,default_51,True,n_peaks=100 n_detections=100
max_peaks_binds,report,549.tiff,2,fill_alpha_m1,True,n_peaks=100 n_detections=86
max_peaks_binds,report,549.tiff,2,fill_alpha_0,True,n_peaks=100 n_detections=99
max_peaks_binds,report,549.tiff,2,fill_alpha_1,True,n_peaks=100 n_detections=100
max_peaks_binds,report,549.tiff,2,fill_alpha_2,True,n_peaks=100 n_detections=100
max_peaks_binds,report,402.tiff,0,default_51,True,n_peaks=100 n_detections=100
max_peaks_binds,report,402.tiff,0,fill_alpha_m1,True,n_peaks=100 n_detections=94
max_peaks_binds,report,402.tiff,0,fill_alpha_0,True,n_peaks=100 n_detections=96
max_peaks_binds,report,402.tiff,0,fill_alpha_1,True,n_peaks=100 n_detections=100
max_peaks_binds,report,402.tiff,0,fill_alpha_2,True,n_peaks=100 n_detections=100
max_peaks_binds,report,402.tiff,1,default_51,True,n_peaks=100 n_detections=100
max_peaks_binds,report,402.tiff,1,fill_alpha_m1,True,n_peaks=100 n_detections=94
max_peaks_binds,report,402.tiff,1,fill_alpha_0,True,n_peaks=100 n_detections=99
max_peaks_binds,report,402.tiff,1,fill_alpha_1,True,n_peaks=100 n_detections=100
max_peaks_binds,report,402.tiff,1,fill_alpha_2,True,n_peaks=100 n_detections=100
max_peaks_binds,report,402.tiff,2,default_51,True,n_peaks=100 n_detections=100
max_peaks_binds,report,402.tiff,2,fill_alpha_m1,True,n_peaks=100 n_detections=97
max_peaks_binds,report,402.tiff,2,fill_alpha_0,True,n_peaks=100 n_detections=95
max_peaks_binds,report,402.tiff,2,fill_alpha_1,True,n_peaks=100 n_detections=100
max_peaks_binds,report,402.tiff,2,fill_alpha_2,True,n_peaks=100 n_detections=100
max_peaks_binds,report,403.tiff,0,default_51,True,n_peaks=100 n_detections=99
max_peaks_binds,report,403.tiff,0,fill_alpha_m1,True,n_peaks=100 n_detections=94
max_peaks_binds,report,403.tiff,0,fill_alpha_0,True,n_peaks=100 n_detections=97
max_peaks_binds,report,403.tiff,0,fill_alpha_1,True,n_peaks=100 n_detections=99
max_peaks_binds,report,403.tiff,0,fill_alpha_2,True,n_peaks=100 n_detections=100
max_peaks_binds,report,403.tiff,1,default_51,True,n_peaks=100 n_detections=99
max_peaks_binds,report,403.tiff,1,fill_alpha_m1,True,n_peaks=100 n_detections=84
max_peaks_binds,report,403.tiff,1,fill_alpha_0,True,n_peaks=100 n_detections=95
max_peaks_binds,report,403.tiff,1,fill_alpha_1,True,n_peaks=100 n_detections=99
max_peaks_binds,report,403.tiff,1,fill_alpha_2,True,n_peaks=100 n_detections=99
max_peaks_binds,report,403.tiff,2,default_51,True,n_peaks=100 n_detections=100
max_peaks_binds,report,403.tiff,2,fill_alpha_m1,True,n_peaks=100 n_detections=91
max_peaks_binds,report,403.tiff,2,fill_alpha_0,True,n_peaks=100 n_detections=98
max_peaks_binds,report,403.tiff,2,fill_alpha_1,True,n_peaks=100 n_detections=100
max_peaks_binds,report,403.tiff,2,fill_alpha_2,True,n_peaks=100 n_detections=100
max_peaks_binds,report,353.tiff,0,default_51,True,n_peaks=100 n_detections=95
max_peaks_binds,report,353.tiff,0,fill_alpha_m1,True,n_peaks=100 n_detections=92
max_peaks_binds,report,353.tiff,0,fill_alpha_0,True,n_peaks=100 n_detections=95
max_peaks_binds,report,353.tiff,0,fill_alpha_1,True,n_peaks=100 n_detections=95
max_peaks_binds,report,353.tiff,0,fill_alpha_2,True,n_peaks=100 n_detections=96
max_peaks_binds,report,353.tiff,1,default_51,True,n_peaks=100 n_detections=99
max_peaks_binds,report,353.tiff,1,fill_alpha_m1,True,n_peaks=100 n_detections=92
max_peaks_binds,report,353.tiff,1,fill_alpha_0,True,n_peaks=100 n_detections=95
max_peaks_binds,report,353.tiff,1,fill_alpha_1,True,n_peaks=100 n_detections=99
max_peaks_binds,report,353.tiff,1,fill_alpha_2,True,n_peaks=100 n_detections=99
max_peaks_binds,report,353.tiff,2,default_51,True,n_peaks=100 n_detections=100
max_peaks_binds,report,353.tiff,2,fill_alpha_m1,True,n_peaks=100 n_detections=91
max_peaks_binds,report,353.tiff,2,fill_alpha_0,True,n_peaks=100 n_detections=98
max_peaks_binds,report,353.tiff,2,fill_alpha_1,True,n_peaks=100 n_detections=100
max_peaks_binds,report,353.tiff,2,fill_alpha_2,True,n_peaks=100 n_detections=100
max_peaks_binds,report,364.tiff,0,default_51,True,n_peaks=100 n_detections=99
max_peaks_binds,report,364.tiff,0,fill_alpha_m1,True,n_peaks=100 n_detections=83
max_peaks_binds,report,364.tiff,0,fill_alpha_0,True,n_peaks=100 n_detections=98
max_peaks_binds,report,364.tiff,0,fill_alpha_1,True,n_peaks=100 n_detections=99
max_peaks_binds,report,364.tiff,0,fill_alpha_2,True,n_peaks=100 n_detections=98
max_peaks_binds,report,364.tiff,1,default_51,True,n_peaks=100 n_detections=99
max_peaks_binds,report,364.tiff,1,fill_alpha_m1,True,n_peaks=100 n_detections=92
max_peaks_binds,report,364.tiff,1,fill_alpha_0,True,n_peaks=100 n_detections=95
max_peaks_binds,report,364.tiff,1,fill_alpha_1,True,n_peaks=100 n_detections=99
max_peaks_binds,report,364.tiff,1,fill_alpha_2,True,n_peaks=100 n_detections=99
max_peaks_binds,report,364.tiff,2,default_51,True,n_peaks=100 n_detections=100
max_peaks_binds,report,364.tiff,2,fill_alpha_m1,True,n_peaks=100 n_detections=88
max_peaks_binds,report,364.tiff,2,fill_alpha_0,True,n_peaks=100 n_detections=95
max_peaks_binds,report,364.tiff,2,fill_alpha_1,True,n_peaks=100 n_detections=97
max_peaks_binds,report,364.tiff,2,fill_alpha_2,True,n_peaks=100 n_detections=99
max_peaks_binds,report,400.tiff,0,default_51,True,n_peaks=100 n_detections=100
max_peaks_binds,report,400.tiff,0,fill_alpha_m1,True,n_peaks=100 n_detections=96
max_peaks_binds,report,400.tiff,0,fill_alpha_0,True,n_peaks=100 n_detections=97
max_peaks_binds,report,400.tiff,0,fill_alpha_1,True,n_peaks=100 n_detections=99
max_peaks_binds,report,400.tiff,0,fill_alpha_2,True,n_peaks=100 n_detections=100
max_peaks_binds,report,400.tiff,1,default_51,True,n_peaks=100 n_detections=100
max_peaks_binds,report,400.tiff,1,fill_alpha_m1,True,n_peaks=100 n_detections=97
max_peaks_binds,report,400.tiff,1,fill_alpha_0,True,n_peaks=100 n_detections=100
max_peaks_binds,report,400.tiff,1,fill_alpha_1,True,n_peaks=100 n_detections=100
max_peaks_binds,report,400.tiff,1,fill_alpha_2,True,n_peaks=100 n_detections=100
max_peaks_binds,report,400.tiff,2,default_51,True,n_peaks=100 n_detections=100
max_peaks_binds,report,400.tiff,2,fill_alpha_m1,True,n_peaks=100 n_detections=95
max_peaks_binds,report,400.tiff,2,fill_alpha_0,True,n_peaks=100 n_detections=100
max_peaks_binds,report,400.tiff,2,fill_alpha_1,True,n_peaks=100 n_detections=100
max_peaks_binds,report,400.tiff,2,fill_alpha_2,True,n_peaks=100 n_detections=100
max_peaks_binds,report,401.tiff,0,default_51,True,n_peaks=100 n_detections=100
max_peaks_binds,report,401.tiff,0,fill_alpha_m1,True,n_peaks=100 n_detections=94
max_peaks_binds,report,401.tiff,0,fill_alpha_0,True,n_peaks=100 n_detections=95
max_peaks_binds,report,401.tiff,0,fill_alpha_1,True,n_peaks=100 n_detections=99
max_peaks_binds,report,401.tiff,0,fill_alpha_2,True,n_peaks=100 n_detections=100
max_peaks_binds,report,401.tiff,1,default_51,True,n_peaks=100 n_detections=100
max_peaks_binds,report,401.tiff,1,fill_alpha_m1,True,n_peaks=100 n_detections=91
max_peaks_binds,report,401.tiff,1,fill_alpha_0,True,n_peaks=100 n_detections=99
max_peaks_binds,report,401.tiff,1,fill_alpha_1,True,n_peaks=100 n_detections=100
max_peaks_binds,report,401.tiff,1,fill_alpha_2,True,n_peaks=100 n_detections=100
max_peaks_binds,report,401.tiff,2,default_51,True,n_peaks=100 n_detections=100
max_peaks_binds,report,401.tiff,2,fill_alpha_m1,True,n_peaks=100 n_detections=94
max_peaks_binds,report,401.tiff,2,fill_alpha_0,True,n_peaks=100 n_detections=98
max_peaks_binds,report,401.tiff,2,fill_alpha_1,True,n_peaks=100 n_detections=100
max_peaks_binds,report,401.tiff,2,fill_alpha_2,True,n_peaks=100 n_detections=100
max_peaks_binds,report,404.tiff,0,default_51,True,n_peaks=100 n_detections=99
max_peaks_binds,report,404.tiff,0,fill_alpha_m1,True,n_peaks=100 n_detections=71
max_peaks_binds,report,404.tiff,0,fill_alpha_0,True,n_peaks=100 n_detections=95
max_peaks_binds,report,404.tiff,0,fill_alpha_1,True,n_peaks=100 n_detections=99
max_peaks_binds,report,404.tiff,0,fill_alpha_2,True,n_peaks=100 n_detections=100
max_peaks_binds,report,404.tiff,1,default_51,True,n_peaks=100 n_detections=99
max_peaks_binds,report,404.tiff,1,fill_alpha_m1,True,n_peaks=100 n_detections=87
max_peaks_binds,report,404.tiff,1,fill_alpha_0,True,n_peaks=100 n_detections=99
max_peaks_binds,report,404.tiff,1,fill_alpha_1,True,n_peaks=100 n_detections=100
max_peaks_binds,report,404.tiff,1,fill_alpha_2,True,n_peaks=100 n_detections=100
max_peaks_binds,report,404.tiff,2,default_51,True,n_peaks=100 n_detections=100
max_peaks_binds,report,404.tiff,2,fill_alpha_m1,True,n_peaks=100 n_detections=93
max_peaks_binds,report,404.tiff,2,fill_alpha_0,True,n_peaks=100 n_detections=100
max_peaks_binds,report,404.tiff,2,fill_alpha_1,True,n_peaks=100 n_detections=99
max_peaks_binds,report,404.tiff,2,fill_alpha_2,True,n_peaks=100 n_detections=99
seed_annulus_empty,report,300.tiff,0,default_51,True,
seed_annulus_empty,report,300.tiff,0,fill_alpha_m1,True,
seed_annulus_empty,report,300.tiff,0,fill_alpha_0,True,
seed_annulus_empty,report,300.tiff,0,fill_alpha_1,True,
seed_annulus_empty,report,300.tiff,0,fill_alpha_2,True,
seed_annulus_empty,report,300.tiff,1,default_51,True,
seed_annulus_empty,report,300.tiff,1,fill_alpha_m1,True,
seed_annulus_empty,report,300.tiff,1,fill_alpha_0,True,
seed_annulus_empty,report,300.tiff,1,fill_alpha_1,True,
seed_annulus_empty,report,300.tiff,1,fill_alpha_2,True,
seed_annulus_empty,report,300.tiff,2,default_51,True,
seed_annulus_empty,report,300.tiff,2,fill_alpha_m1,True,
seed_annulus_empty,report,300.tiff,2,fill_alpha_0,True,
seed_annulus_empty,report,300.tiff,2,fill_alpha_1,True,
seed_annulus_empty,report,300.tiff,2,fill_alpha_2,True,
seed_annulus_empty,report,301.tiff,0,default_51,True,
seed_annulus_empty,report,301.tiff,0,fill_alpha_m1,True,
seed_annulus_empty,report,301.tiff,0,fill_alpha_0,True,
seed_annulus_empty,report,301.tiff,0,fill_alpha_1,True,
seed_annulus_empty,report,301.tiff,0,fill_alpha_2,True,
seed_annulus_empty,report,301.tiff,1,default_51,True,
seed_annulus_empty,report,301.tiff,1,fill_alpha_m1,True,
seed_annulus_empty,report,301.tiff,1,fill_alpha_0,True,
seed_annulus_empty,report,301.tiff,1,fill_alpha_1,True,
seed_annulus_empty,report,301.tiff,1,fill_alpha_2,True,
seed_annulus_empty,report,301.tiff,2,default_51,True,
seed_annulus_empty,report,301.tiff,2,fill_alpha_m1,True,
seed_annulus_empty,report,301.tiff,2,fill_alpha_0,True,
seed_annulus_empty,report,301.tiff,2,fill_alpha_1,True,
seed_annulus_empty,report,301.tiff,2,fill_alpha_2,True,
seed_annulus_empty,report,322.tiff,0,default_51,True,
seed_annulus_empty,report,322.tiff,0,fill_alpha_m1,True,
seed_annulus_empty,report,322.tiff,0,fill_alpha_0,True,
seed_annulus_empty,report,322.tiff,0,fill_alpha_1,True,
seed_annulus_empty,report,322.tiff,0,fill_alpha_2,True,
seed_annulus_empty,report,322.tiff,1,default_51,True,
seed_annulus_empty,report,322.tiff,1,fill_alpha_m1,True,
seed_annulus_empty,report,322.tiff,1,fill_alpha_0,True,
seed_annulus_empty,report,322.tiff,1,fill_alpha_1,True,
seed_annulus_empty,report,322.tiff,1,fill_alpha_2,True,
seed_annulus_empty,report,322.tiff,2,default_51,True,
seed_annulus_empty,report,322.tiff,2,fill_alpha_m1,True,
seed_annulus_empty,report,322.tiff,2,fill_alpha_0,True,
seed_annulus_empty,report,322.tiff,2,fill_alpha_1,True,
seed_annulus_empty,report,322.tiff,2,fill_alpha_2,True,
seed_annulus_empty,report,337.tiff,0,default_51,True,
seed_annulus_empty,report,337.tiff,0,fill_alpha_m1,True,
seed_annulus_empty,report,337.tiff,0,fill_alpha_0,True,
seed_annulus_empty,report,337.tiff,0,fill_alpha_1,True,
seed_annulus_empty,report,337.tiff,0,fill_alpha_2,True,
seed_annulus_empty,report,337.tiff,1,default_51,True,
seed_annulus_empty,report,337.tiff,1,fill_alpha_m1,True,
seed_annulus_empty,report,337.tiff,1,fill_alpha_0,True,
seed_annulus_empty,report,337.tiff,1,fill_alpha_1,True,
seed_annulus_empty,report,337.tiff,1,fill_alpha_2,True,
seed_annulus_empty,report,337.tiff,2,default_51,True,
seed_annulus_empty,report,337.tiff,2,fill_alpha_m1,True,
seed_annulus_empty,report,337.tiff,2,fill_alpha_0,True,
seed_annulus_empty,report,337.tiff,2,fill_alpha_1,True,
seed_annulus_empty,report,337.tiff,2,fill_alpha_2,True,
seed_annulus_empty,report,339.tiff,0,default_51,True,
seed_annulus_empty,report,339.tiff,0,fill_alpha_m1,True,
seed_annulus_empty,report,339.tiff,0,fill_alpha_0,True,
seed_annulus_empty,report,339.tiff,0,fill_alpha_1,True,
seed_annulus_empty,report,339.tiff,0,fill_alpha_2,True,
seed_annulus_empty,report,339.tiff,1,default_51,True,
seed_annulus_empty,report,339.tiff,1,fill_alpha_m1,True,
seed_annulus_empty,report,339.tiff,1,fill_alpha_0,True,
seed_annulus_empty,report,339.tiff,1,fill_alpha_1,True,
seed_annulus_empty,report,339.tiff,1,fill_alpha_2,True,
seed_annulus_empty,report,339.tiff,2,default_51,True,
seed_annulus_empty,report,339.tiff,2,fill_alpha_m1,True,
seed_annulus_empty,report,339.tiff,2,fill_alpha_0,True,
seed_annulus_empty,report,339.tiff,2,fill_alpha_1,True,
seed_annulus_empty,report,339.tiff,2,fill_alpha_2,True,
seed_annulus_empty,report,343.tiff,0,default_51,True,
seed_annulus_empty,report,343.tiff,0,fill_alpha_m1,True,
seed_annulus_empty,report,343.tiff,0,fill_alpha_0,True,
seed_annulus_empty,report,343.tiff,0,fill_alpha_1,True,
seed_annulus_empty,report,343.tiff,0,fill_alpha_2,True,
seed_annulus_empty,report,343.tiff,1,default_51,True,
seed_annulus_empty,report,343.tiff,1,fill_alpha_m1,True,
seed_annulus_empty,report,343.tiff,1,fill_alpha_0,True,
seed_annulus_empty,report,343.tiff,1,fill_alpha_1,True,
seed_annulus_empty,report,343.tiff,1,fill_alpha_2,True,
seed_annulus_empty,report,343.tiff,2,default_51,True,
seed_annulus_empty,report,343.tiff,2,fill_alpha_m1,True,
seed_annulus_empty,report,343.tiff,2,fill_alpha_0,True,
seed_annulus_empty,report,343.tiff,2,fill_alpha_1,True,
seed_annulus_empty,report,343.tiff,2,fill_alpha_2,True,
seed_annulus_empty,report,344.tiff,0,default_51,True,
seed_annulus_empty,report,344.tiff,0,fill_alpha_m1,True,
seed_annulus_empty,report,344.tiff,0,fill_alpha_0,True,
seed_annulus_empty,report,344.tiff,0,fill_alpha_1,True,
seed_annulus_empty,report,344.tiff,0,fill_alpha_2,True,
seed_annulus_empty,report,344.tiff,1,default_51,True,
seed_annulus_empty,report,344.tiff,1,fill_alpha_m1,True,
seed_annulus_empty,report,344.tiff,1,fill_alpha_0,True,
seed_annulus_empty,report,344.tiff,1,fill_alpha_1,True,
seed_annulus_empty,report,344.tiff,1,fill_alpha_2,True,
seed_annulus_empty,report,344.tiff,2,default_51,True,
seed_annulus_empty,report,344.tiff,2,fill_alpha_m1,True,
seed_annulus_empty,report,344.tiff,2,fill_alpha_0,True,
seed_annulus_empty,report,344.tiff,2,fill_alpha_1,True,
seed_annulus_empty,report,344.tiff,2,fill_alpha_2,True,
seed_annulus_empty,report,201.tiff,0,default_51,True,
seed_annulus_empty,report,201.tiff,0,fill_alpha_m1,True,
seed_annulus_empty,report,201.tiff,0,fill_alpha_0,True,
seed_annulus_empty,report,201.tiff,0,fill_alpha_1,True,
seed_annulus_empty,report,201.tiff,0,fill_alpha_2,True,
seed_annulus_empty,report,201.tiff,1,default_51,True,
seed_annulus_empty,report,201.tiff,1,fill_alpha_m1,True,
seed_annulus_empty,report,201.tiff,1,fill_alpha_0,True,
seed_annulus_empty,report,201.tiff,1,fill_alpha_1,True,
seed_annulus_empty,report,201.tiff,1,fill_alpha_2,True,
seed_annulus_empty,report,201.tiff,2,default_51,True,
seed_annulus_empty,report,201.tiff,2,fill_alpha_m1,True,
seed_annulus_empty,report,201.tiff,2,fill_alpha_0,True,
seed_annulus_empty,report,201.tiff,2,fill_alpha_1,True,
seed_annulus_empty,report,201.tiff,2,fill_alpha_2,True,
seed_annulus_empty,report,233.tiff,0,default_51,True,
seed_annulus_empty,report,233.tiff,0,fill_alpha_m1,True,
seed_annulus_empty,report,233.tiff,0,fill_alpha_0,True,
seed_annulus_empty,report,233.tiff,0,fill_alpha_1,True,
seed_annulus_empty,report,233.tiff,0,fill_alpha_2,True,
seed_annulus_empty,report,233.tiff,1,default_51,True,
seed_annulus_empty,report,233.tiff,1,fill_alpha_m1,True,
seed_annulus_empty,report,233.tiff,1,fill_alpha_0,True,
seed_annulus_empty,report,233.tiff,1,fill_alpha_1,True,
seed_annulus_empty,report,233.tiff,1,fill_alpha_2,True,
seed_annulus_empty,report,233.tiff,2,default_51,True,
seed_annulus_empty,report,233.tiff,2,fill_alpha_m1,True,
seed_annulus_empty,report,233.tiff,2,fill_alpha_0,True,
seed_annulus_empty,report,233.tiff,2,fill_alpha_1,True,
seed_annulus_empty,report,233.tiff,2,fill_alpha_2,True,
seed_annulus_empty,report,211.tiff,0,default_51,True,
seed_annulus_empty,report,211.tiff,0,fill_alpha_m1,True,
seed_annulus_empty,report,211.tiff,0,fill_alpha_0,True,
seed_annulus_empty,report,211.tiff,0,fill_alpha_1,True,
seed_annulus_empty,report,211.tiff,0,fill_alpha_2,True,
seed_annulus_empty,report,211.tiff,1,default_51,True,
seed_annulus_empty,report,211.tiff,1,fill_alpha_m1,True,
seed_annulus_empty,report,211.tiff,1,fill_alpha_0,True,
seed_annulus_empty,report,211.tiff,1,fill_alpha_1,True,
seed_annulus_empty,report,211.tiff,1,fill_alpha_2,True,
seed_annulus_empty,report,211.tiff,2,default_51,True,
seed_annulus_empty,report,211.tiff,2,fill_alpha_m1,True,
seed_annulus_empty,report,211.tiff,2,fill_alpha_0,True,
seed_annulus_empty,report,211.tiff,2,fill_alpha_1,True,
seed_annulus_empty,report,211.tiff,2,fill_alpha_2,True,
seed_annulus_empty,report,220.tiff,0,default_51,True,
seed_annulus_empty,report,220.tiff,0,fill_alpha_m1,False,rank1:non_human_findings:ann-1:d_click=23.6
seed_annulus_empty,report,220.tiff,0,fill_alpha_0,True,
seed_annulus_empty,report,220.tiff,0,fill_alpha_1,True,
seed_annulus_empty,report,220.tiff,0,fill_alpha_2,True,
seed_annulus_empty,report,220.tiff,1,default_51,True,
seed_annulus_empty,report,220.tiff,1,fill_alpha_m1,True,
seed_annulus_empty,report,220.tiff,1,fill_alpha_0,True,
seed_annulus_empty,report,220.tiff,1,fill_alpha_1,True,
seed_annulus_empty,report,220.tiff,1,fill_alpha_2,True,
seed_annulus_empty,report,220.tiff,2,default_51,True,
seed_annulus_empty,report,220.tiff,2,fill_alpha_m1,True,
seed_annulus_empty,report,220.tiff,2,fill_alpha_0,True,
seed_annulus_empty,report,220.tiff,2,fill_alpha_1,True,
seed_annulus_empty,report,220.tiff,2,fill_alpha_2,True,
seed_annulus_empty,report,230.tiff,0,default_51,True,
seed_annulus_empty,report,230.tiff,0,fill_alpha_m1,True,
seed_annulus_empty,report,230.tiff,0,fill_alpha_0,True,
seed_annulus_empty,report,230.tiff,0,fill_alpha_1,True,
seed_annulus_empty,report,230.tiff,0,fill_alpha_2,True,
seed_annulus_empty,report,230.tiff,1,default_51,True,
seed_annulus_empty,report,230.tiff,1,fill_alpha_m1,True,
seed_annulus_empty,report,230.tiff,1,fill_alpha_0,True,
seed_annulus_empty,report,230.tiff,1,fill_alpha_1,True,
seed_annulus_empty,report,230.tiff,1,fill_alpha_2,True,
seed_annulus_empty,report,230.tiff,2,default_51,True,
seed_annulus_empty,report,230.tiff,2,fill_alpha_m1,True,
seed_annulus_empty,report,230.tiff,2,fill_alpha_0,True,
seed_annulus_empty,report,230.tiff,2,fill_alpha_1,True,
seed_annulus_empty,report,230.tiff,2,fill_alpha_2,True,
seed_annulus_empty,report,235.tiff,0,default_51,True,
seed_annulus_empty,report,235.tiff,0,fill_alpha_m1,True,
seed_annulus_empty,report,235.tiff,0,fill_alpha_0,True,
seed_annulus_empty,report,235.tiff,0,fill_alpha_1,True,
seed_annulus_empty,report,235.tiff,0,fill_alpha_2,True,
seed_annulus_empty,report,235.tiff,1,default_51,True,
seed_annulus_empty,report,235.tiff,1,fill_alpha_m1,True,
seed_annulus_empty,report,235.tiff,1,fill_alpha_0,True,
seed_annulus_empty,report,235.tiff,1,fill_alpha_1,True,
seed_annulus_empty,report,235.tiff,1,fill_alpha_2,True,
seed_annulus_empty,report,235.tiff,2,default_51,True,
seed_annulus_empty,report,235.tiff,2,fill_alpha_m1,True,
seed_annulus_empty,report,235.tiff,2,fill_alpha_0,True,
seed_annulus_empty,report,235.tiff,2,fill_alpha_1,True,
seed_annulus_empty,report,235.tiff,2,fill_alpha_2,True,
seed_annulus_empty,report,242.tiff,0,default_51,True,
seed_annulus_empty,report,242.tiff,0,fill_alpha_m1,True,
seed_annulus_empty,report,242.tiff,0,fill_alpha_0,True,
seed_annulus_empty,report,242.tiff,0,fill_alpha_1,True,
seed_annulus_empty,report,242.tiff,0,fill_alpha_2,True,
seed_annulus_empty,report,242.tiff,1,default_51,True,
seed_annulus_empty,report,242.tiff,1,fill_alpha_m1,True,
seed_annulus_empty,report,242.tiff,1,fill_alpha_0,True,
seed_annulus_empty,report,242.tiff,1,fill_alpha_1,True,
seed_annulus_empty,report,242.tiff,1,fill_alpha_2,True,
seed_annulus_empty,report,242.tiff,2,default_51,True,
seed_annulus_empty,report,242.tiff,2,fill_alpha_m1,True,
seed_annulus_empty,report,242.tiff,2,fill_alpha_0,True,
seed_annulus_empty,report,242.tiff,2,fill_alpha_1,True,
seed_annulus_empty,report,242.tiff,2,fill_alpha_2,True,
seed_annulus_empty,report,245.tiff,0,default_51,True,
seed_annulus_empty,report,245.tiff,0,fill_alpha_m1,True,
seed_annulus_empty,report,245.tiff,0,fill_alpha_0,True,
seed_annulus_empty,report,245.tiff,0,fill_alpha_1,True,
seed_annulus_empty,report,245.tiff,0,fill_alpha_2,True,
seed_annulus_empty,report,245.tiff,1,default_51,True,
seed_annulus_empty,report,245.tiff,1,fill_alpha_m1,True,
seed_annulus_empty,report,245.tiff,1,fill_alpha_0,True,
seed_annulus_empty,report,245.tiff,1,fill_alpha_1,True,
seed_annulus_empty,report,245.tiff,1,fill_alpha_2,True,
seed_annulus_empty,report,245.tiff,2,default_51,True,
seed_annulus_empty,report,245.tiff,2,fill_alpha_m1,True,
seed_annulus_empty,report,245.tiff,2,fill_alpha_0,True,
seed_annulus_empty,report,245.tiff,2,fill_alpha_1,True,
seed_annulus_empty,report,245.tiff,2,fill_alpha_2,True,
seed_annulus_empty,report,246.tiff,0,default_51,True,
seed_annulus_empty,report,246.tiff,0,fill_alpha_m1,False,rank9:non_human_findings:ann-1:d_click=21.3
seed_annulus_empty,report,246.tiff,0,fill_alpha_0,True,
seed_annulus_empty,report,246.tiff,0,fill_alpha_1,True,
seed_annulus_empty,report,246.tiff,0,fill_alpha_2,True,
seed_annulus_empty,report,246.tiff,1,default_51,True,
seed_annulus_empty,report,246.tiff,1,fill_alpha_m1,True,
seed_annulus_empty,report,246.tiff,1,fill_alpha_0,True,
seed_annulus_empty,report,246.tiff,1,fill_alpha_1,True,
seed_annulus_empty,report,246.tiff,1,fill_alpha_2,True,
seed_annulus_empty,report,246.tiff,2,default_51,True,
seed_annulus_empty,report,246.tiff,2,fill_alpha_m1,False,rank34:non_human_findings:ann-1:d_click=21.6
seed_annulus_empty,report,246.tiff,2,fill_alpha_0,True,
seed_annulus_empty,report,246.tiff,2,fill_alpha_1,True,
seed_annulus_empty,report,246.tiff,2,fill_alpha_2,True,
seed_annulus_empty,report,249.tiff,0,default_51,True,
seed_annulus_empty,report,249.tiff,0,fill_alpha_m1,True,
seed_annulus_empty,report,249.tiff,0,fill_alpha_0,True,
seed_annulus_empty,report,249.tiff,0,fill_alpha_1,True,
seed_annulus_empty,report,249.tiff,0,fill_alpha_2,True,
seed_annulus_empty,report,249.tiff,1,default_51,True,
seed_annulus_empty,report,249.tiff,1,fill_alpha_m1,True,
seed_annulus_empty,report,249.tiff,1,fill_alpha_0,True,
seed_annulus_empty,report,249.tiff,1,fill_alpha_1,True,
seed_annulus_empty,report,249.tiff,1,fill_alpha_2,True,
seed_annulus_empty,report,249.tiff,2,default_51,True,
seed_annulus_empty,report,249.tiff,2,fill_alpha_m1,True,
seed_annulus_empty,report,249.tiff,2,fill_alpha_0,True,
seed_annulus_empty,report,249.tiff,2,fill_alpha_1,True,
seed_annulus_empty,report,249.tiff,2,fill_alpha_2,True,
seed_annulus_empty,report,284.tiff,0,default_51,True,
seed_annulus_empty,report,284.tiff,0,fill_alpha_m1,True,
seed_annulus_empty,report,284.tiff,0,fill_alpha_0,True,
seed_annulus_empty,report,284.tiff,0,fill_alpha_1,True,
seed_annulus_empty,report,284.tiff,0,fill_alpha_2,True,
seed_annulus_empty,report,284.tiff,1,default_51,True,
seed_annulus_empty,report,284.tiff,1,fill_alpha_m1,True,
seed_annulus_empty,report,284.tiff,1,fill_alpha_0,True,
seed_annulus_empty,report,284.tiff,1,fill_alpha_1,True,
seed_annulus_empty,report,284.tiff,1,fill_alpha_2,True,
seed_annulus_empty,report,284.tiff,2,default_51,True,
seed_annulus_empty,report,284.tiff,2,fill_alpha_m1,True,
seed_annulus_empty,report,284.tiff,2,fill_alpha_0,True,
seed_annulus_empty,report,284.tiff,2,fill_alpha_1,True,
seed_annulus_empty,report,284.tiff,2,fill_alpha_2,True,
seed_annulus_empty,report,289.tiff,0,default_51,True,
seed_annulus_empty,report,289.tiff,0,fill_alpha_m1,True,
seed_annulus_empty,report,289.tiff,0,fill_alpha_0,True,
seed_annulus_empty,report,289.tiff,0,fill_alpha_1,True,
seed_annulus_empty,report,289.tiff,0,fill_alpha_2,True,
seed_annulus_empty,report,289.tiff,1,default_51,True,
seed_annulus_empty,report,289.tiff,1,fill_alpha_m1,True,
seed_annulus_empty,report,289.tiff,1,fill_alpha_0,True,
seed_annulus_empty,report,289.tiff,1,fill_alpha_1,True,
seed_annulus_empty,report,289.tiff,1,fill_alpha_2,True,
seed_annulus_empty,report,289.tiff,2,default_51,True,
seed_annulus_empty,report,289.tiff,2,fill_alpha_m1,True,
seed_annulus_empty,report,289.tiff,2,fill_alpha_0,True,
seed_annulus_empty,report,289.tiff,2,fill_alpha_1,True,
seed_annulus_empty,report,289.tiff,2,fill_alpha_2,True,
seed_annulus_empty,report,291.tiff,0,default_51,True,
seed_annulus_empty,report,291.tiff,0,fill_alpha_m1,True,
seed_annulus_empty,report,291.tiff,0,fill_alpha_0,True,
seed_annulus_empty,report,291.tiff,0,fill_alpha_1,True,
seed_annulus_empty,report,291.tiff,0,fill_alpha_2,True,
seed_annulus_empty,report,291.tiff,1,default_51,True,
seed_annulus_empty,report,291.tiff,1,fill_alpha_m1,True,
seed_annulus_empty,report,291.tiff,1,fill_alpha_0,True,
seed_annulus_empty,report,291.tiff,1,fill_alpha_1,True,
seed_annulus_empty,report,291.tiff,1,fill_alpha_2,True,
seed_annulus_empty,report,291.tiff,2,default_51,True,
seed_annulus_empty,report,291.tiff,2,fill_alpha_m1,True,
seed_annulus_empty,report,291.tiff,2,fill_alpha_0,True,
seed_annulus_empty,report,291.tiff,2,fill_alpha_1,True,
seed_annulus_empty,report,291.tiff,2,fill_alpha_2,True,
seed_annulus_empty,report,293.tiff,0,default_51,True,
seed_annulus_empty,report,293.tiff,0,fill_alpha_m1,True,
seed_annulus_empty,report,293.tiff,0,fill_alpha_0,True,
seed_annulus_empty,report,293.tiff,0,fill_alpha_1,True,
seed_annulus_empty,report,293.tiff,0,fill_alpha_2,True,
seed_annulus_empty,report,293.tiff,1,default_51,True,
seed_annulus_empty,report,293.tiff,1,fill_alpha_m1,True,
seed_annulus_empty,report,293.tiff,1,fill_alpha_0,True,
seed_annulus_empty,report,293.tiff,1,fill_alpha_1,True,
seed_annulus_empty,report,293.tiff,1,fill_alpha_2,True,
seed_annulus_empty,report,293.tiff,2,default_51,True,
seed_annulus_empty,report,293.tiff,2,fill_alpha_m1,True,
seed_annulus_empty,report,293.tiff,2,fill_alpha_0,True,
seed_annulus_empty,report,293.tiff,2,fill_alpha_1,True,
seed_annulus_empty,report,293.tiff,2,fill_alpha_2,True,
seed_annulus_empty,report,459.tiff,0,default_51,True,
seed_annulus_empty,report,459.tiff,0,fill_alpha_m1,True,
seed_annulus_empty,report,459.tiff,0,fill_alpha_0,True,
seed_annulus_empty,report,459.tiff,0,fill_alpha_1,True,
seed_annulus_empty,report,459.tiff,0,fill_alpha_2,True,
seed_annulus_empty,report,459.tiff,1,default_51,True,
seed_annulus_empty,report,459.tiff,1,fill_alpha_m1,True,
seed_annulus_empty,report,459.tiff,1,fill_alpha_0,True,
seed_annulus_empty,report,459.tiff,1,fill_alpha_1,True,
seed_annulus_empty,report,459.tiff,1,fill_alpha_2,True,
seed_annulus_empty,report,459.tiff,2,default_51,True,
seed_annulus_empty,report,459.tiff,2,fill_alpha_m1,True,
seed_annulus_empty,report,459.tiff,2,fill_alpha_0,True,
seed_annulus_empty,report,459.tiff,2,fill_alpha_1,True,
seed_annulus_empty,report,459.tiff,2,fill_alpha_2,True,
seed_annulus_empty,report,460.tiff,0,default_51,True,
seed_annulus_empty,report,460.tiff,0,fill_alpha_m1,True,
seed_annulus_empty,report,460.tiff,0,fill_alpha_0,True,
seed_annulus_empty,report,460.tiff,0,fill_alpha_1,True,
seed_annulus_empty,report,460.tiff,0,fill_alpha_2,True,
seed_annulus_empty,report,460.tiff,1,default_51,True,
seed_annulus_empty,report,460.tiff,1,fill_alpha_m1,True,
seed_annulus_empty,report,460.tiff,1,fill_alpha_0,True,
seed_annulus_empty,report,460.tiff,1,fill_alpha_1,True,
seed_annulus_empty,report,460.tiff,1,fill_alpha_2,True,
seed_annulus_empty,report,460.tiff,2,default_51,True,
seed_annulus_empty,report,460.tiff,2,fill_alpha_m1,True,
seed_annulus_empty,report,460.tiff,2,fill_alpha_0,True,
seed_annulus_empty,report,460.tiff,2,fill_alpha_1,True,
seed_annulus_empty,report,460.tiff,2,fill_alpha_2,True,
seed_annulus_empty,report,410.tiff,0,default_51,True,
seed_annulus_empty,report,410.tiff,0,fill_alpha_m1,True,
seed_annulus_empty,report,410.tiff,0,fill_alpha_0,True,
seed_annulus_empty,report,410.tiff,0,fill_alpha_1,True,
seed_annulus_empty,report,410.tiff,0,fill_alpha_2,True,
seed_annulus_empty,report,410.tiff,1,default_51,True,
seed_annulus_empty,report,410.tiff,1,fill_alpha_m1,True,
seed_annulus_empty,report,410.tiff,1,fill_alpha_0,True,
seed_annulus_empty,report,410.tiff,1,fill_alpha_1,True,
seed_annulus_empty,report,410.tiff,1,fill_alpha_2,True,
seed_annulus_empty,report,410.tiff,2,default_51,True,
seed_annulus_empty,report,410.tiff,2,fill_alpha_m1,True,
seed_annulus_empty,report,410.tiff,2,fill_alpha_0,True,
seed_annulus_empty,report,410.tiff,2,fill_alpha_1,True,
seed_annulus_empty,report,410.tiff,2,fill_alpha_2,True,
seed_annulus_empty,report,425.tiff,0,default_51,True,
seed_annulus_empty,report,425.tiff,0,fill_alpha_m1,True,
seed_annulus_empty,report,425.tiff,0,fill_alpha_0,True,
seed_annulus_empty,report,425.tiff,0,fill_alpha_1,True,
seed_annulus_empty,report,425.tiff,0,fill_alpha_2,True,
seed_annulus_empty,report,425.tiff,1,default_51,True,
seed_annulus_empty,report,425.tiff,1,fill_alpha_m1,True,
seed_annulus_empty,report,425.tiff,1,fill_alpha_0,True,
seed_annulus_empty,report,425.tiff,1,fill_alpha_1,True,
seed_annulus_empty,report,425.tiff,1,fill_alpha_2,True,
seed_annulus_empty,report,425.tiff,2,default_51,True,
seed_annulus_empty,report,425.tiff,2,fill_alpha_m1,True,
seed_annulus_empty,report,425.tiff,2,fill_alpha_0,True,
seed_annulus_empty,report,425.tiff,2,fill_alpha_1,True,
seed_annulus_empty,report,425.tiff,2,fill_alpha_2,True,
seed_annulus_empty,report,435.tiff,0,default_51,True,
seed_annulus_empty,report,435.tiff,0,fill_alpha_m1,True,
seed_annulus_empty,report,435.tiff,0,fill_alpha_0,True,
seed_annulus_empty,report,435.tiff,0,fill_alpha_1,True,
seed_annulus_empty,report,435.tiff,0,fill_alpha_2,True,
seed_annulus_empty,report,435.tiff,1,default_51,True,
seed_annulus_empty,report,435.tiff,1,fill_alpha_m1,True,
seed_annulus_empty,report,435.tiff,1,fill_alpha_0,True,
seed_annulus_empty,report,435.tiff,1,fill_alpha_1,True,
seed_annulus_empty,report,435.tiff,1,fill_alpha_2,True,
seed_annulus_empty,report,435.tiff,2,default_51,True,
seed_annulus_empty,report,435.tiff,2,fill_alpha_m1,True,
seed_annulus_empty,report,435.tiff,2,fill_alpha_0,True,
seed_annulus_empty,report,435.tiff,2,fill_alpha_1,True,
seed_annulus_empty,report,435.tiff,2,fill_alpha_2,True,
seed_annulus_empty,report,462.tiff,0,default_51,True,
seed_annulus_empty,report,462.tiff,0,fill_alpha_m1,True,
seed_annulus_empty,report,462.tiff,0,fill_alpha_0,True,
seed_annulus_empty,report,462.tiff,0,fill_alpha_1,True,
seed_annulus_empty,report,462.tiff,0,fill_alpha_2,True,
seed_annulus_empty,report,462.tiff,1,default_51,True,
seed_annulus_empty,report,462.tiff,1,fill_alpha_m1,True,
seed_annulus_empty,report,462.tiff,1,fill_alpha_0,True,
seed_annulus_empty,report,462.tiff,1,fill_alpha_1,True,
seed_annulus_empty,report,462.tiff,1,fill_alpha_2,True,
seed_annulus_empty,report,462.tiff,2,default_51,True,
seed_annulus_empty,report,462.tiff,2,fill_alpha_m1,True,
seed_annulus_empty,report,462.tiff,2,fill_alpha_0,True,
seed_annulus_empty,report,462.tiff,2,fill_alpha_1,True,
seed_annulus_empty,report,462.tiff,2,fill_alpha_2,True,
seed_annulus_empty,report,499.tiff,0,default_51,True,
seed_annulus_empty,report,499.tiff,0,fill_alpha_m1,True,
seed_annulus_empty,report,499.tiff,0,fill_alpha_0,True,
seed_annulus_empty,report,499.tiff,0,fill_alpha_1,True,
seed_annulus_empty,report,499.tiff,0,fill_alpha_2,True,
seed_annulus_empty,report,499.tiff,1,default_51,True,
seed_annulus_empty,report,499.tiff,1,fill_alpha_m1,True,
seed_annulus_empty,report,499.tiff,1,fill_alpha_0,True,
seed_annulus_empty,report,499.tiff,1,fill_alpha_1,True,
seed_annulus_empty,report,499.tiff,1,fill_alpha_2,True,
seed_annulus_empty,report,499.tiff,2,default_51,True,
seed_annulus_empty,report,499.tiff,2,fill_alpha_m1,True,
seed_annulus_empty,report,499.tiff,2,fill_alpha_0,True,
seed_annulus_empty,report,499.tiff,2,fill_alpha_1,True,
seed_annulus_empty,report,499.tiff,2,fill_alpha_2,True,
seed_annulus_empty,report,013.tiff,0,default_51,True,
seed_annulus_empty,report,013.tiff,0,fill_alpha_m1,True,
seed_annulus_empty,report,013.tiff,0,fill_alpha_0,True,
seed_annulus_empty,report,013.tiff,0,fill_alpha_1,True,
seed_annulus_empty,report,013.tiff,0,fill_alpha_2,True,
seed_annulus_empty,report,013.tiff,1,default_51,True,
seed_annulus_empty,report,013.tiff,1,fill_alpha_m1,True,
seed_annulus_empty,report,013.tiff,1,fill_alpha_0,True,
seed_annulus_empty,report,013.tiff,1,fill_alpha_1,True,
seed_annulus_empty,report,013.tiff,1,fill_alpha_2,True,
seed_annulus_empty,report,013.tiff,2,default_51,True,
seed_annulus_empty,report,013.tiff,2,fill_alpha_m1,True,
seed_annulus_empty,report,013.tiff,2,fill_alpha_0,True,
seed_annulus_empty,report,013.tiff,2,fill_alpha_1,True,
seed_annulus_empty,report,013.tiff,2,fill_alpha_2,True,
seed_annulus_empty,report,094.tiff,0,default_51,True,
seed_annulus_empty,report,094.tiff,0,fill_alpha_m1,True,
seed_annulus_empty,report,094.tiff,0,fill_alpha_0,True,
seed_annulus_empty,report,094.tiff,0,fill_alpha_1,True,
seed_annulus_empty,report,094.tiff,0,fill_alpha_2,True,
seed_annulus_empty,report,094.tiff,1,default_51,True,
seed_annulus_empty,report,094.tiff,1,fill_alpha_m1,True,
seed_annulus_empty,report,094.tiff,1,fill_alpha_0,True,
seed_annulus_empty,report,094.tiff,1,fill_alpha_1,True,
seed_annulus_empty,report,094.tiff,1,fill_alpha_2,True,
seed_annulus_empty,report,094.tiff,2,default_51,True,
seed_annulus_empty,report,094.tiff,2,fill_alpha_m1,True,
seed_annulus_empty,report,094.tiff,2,fill_alpha_0,True,
seed_annulus_empty,report,094.tiff,2,fill_alpha_1,True,
seed_annulus_empty,report,094.tiff,2,fill_alpha_2,True,
seed_annulus_empty,report,007.tiff,0,default_51,True,
seed_annulus_empty,report,007.tiff,0,fill_alpha_m1,True,
seed_annulus_empty,report,007.tiff,0,fill_alpha_0,True,
seed_annulus_empty,report,007.tiff,0,fill_alpha_1,True,
seed_annulus_empty,report,007.tiff,0,fill_alpha_2,True,
seed_annulus_empty,report,007.tiff,1,default_51,True,
seed_annulus_empty,report,007.tiff,1,fill_alpha_m1,True,
seed_annulus_empty,report,007.tiff,1,fill_alpha_0,True,
seed_annulus_empty,report,007.tiff,1,fill_alpha_1,True,
seed_annulus_empty,report,007.tiff,1,fill_alpha_2,True,
seed_annulus_empty,report,007.tiff,2,default_51,True,
seed_annulus_empty,report,007.tiff,2,fill_alpha_m1,False,rank37:non_human_findings:ann-1:d_click=17.0
seed_annulus_empty,report,007.tiff,2,fill_alpha_0,True,
seed_annulus_empty,report,007.tiff,2,fill_alpha_1,True,
seed_annulus_empty,report,007.tiff,2,fill_alpha_2,True,
seed_annulus_empty,report,072.tiff,0,default_51,True,
seed_annulus_empty,report,072.tiff,0,fill_alpha_m1,True,
seed_annulus_empty,report,072.tiff,0,fill_alpha_0,True,
seed_annulus_empty,report,072.tiff,0,fill_alpha_1,True,
seed_annulus_empty,report,072.tiff,0,fill_alpha_2,True,
seed_annulus_empty,report,072.tiff,1,default_51,True,
seed_annulus_empty,report,072.tiff,1,fill_alpha_m1,True,
seed_annulus_empty,report,072.tiff,1,fill_alpha_0,True,
seed_annulus_empty,report,072.tiff,1,fill_alpha_1,True,
seed_annulus_empty,report,072.tiff,1,fill_alpha_2,True,
seed_annulus_empty,report,072.tiff,2,default_51,True,
seed_annulus_empty,report,072.tiff,2,fill_alpha_m1,True,
seed_annulus_empty,report,072.tiff,2,fill_alpha_0,True,
seed_annulus_empty,report,072.tiff,2,fill_alpha_1,True,
seed_annulus_empty,report,072.tiff,2,fill_alpha_2,True,
seed_annulus_empty,report,100.tiff,0,default_51,True,
seed_annulus_empty,report,100.tiff,0,fill_alpha_m1,True,
seed_annulus_empty,report,100.tiff,0,fill_alpha_0,True,
seed_annulus_empty,report,100.tiff,0,fill_alpha_1,True,
seed_annulus_empty,report,100.tiff,0,fill_alpha_2,True,
seed_annulus_empty,report,100.tiff,1,default_51,True,
seed_annulus_empty,report,100.tiff,1,fill_alpha_m1,True,
seed_annulus_empty,report,100.tiff,1,fill_alpha_0,True,
seed_annulus_empty,report,100.tiff,1,fill_alpha_1,True,
seed_annulus_empty,report,100.tiff,1,fill_alpha_2,True,
seed_annulus_empty,report,100.tiff,2,default_51,True,
seed_annulus_empty,report,100.tiff,2,fill_alpha_m1,True,
seed_annulus_empty,report,100.tiff,2,fill_alpha_0,True,
seed_annulus_empty,report,100.tiff,2,fill_alpha_1,True,
seed_annulus_empty,report,100.tiff,2,fill_alpha_2,True,
seed_annulus_empty,report,123.tiff,0,default_51,True,
seed_annulus_empty,report,123.tiff,0,fill_alpha_m1,True,
seed_annulus_empty,report,123.tiff,0,fill_alpha_0,True,
seed_annulus_empty,report,123.tiff,0,fill_alpha_1,True,
seed_annulus_empty,report,123.tiff,0,fill_alpha_2,True,
seed_annulus_empty,report,123.tiff,1,default_51,True,
seed_annulus_empty,report,123.tiff,1,fill_alpha_m1,True,
seed_annulus_empty,report,123.tiff,1,fill_alpha_0,True,
seed_annulus_empty,report,123.tiff,1,fill_alpha_1,True,
seed_annulus_empty,report,123.tiff,1,fill_alpha_2,True,
seed_annulus_empty,report,123.tiff,2,default_51,True,
seed_annulus_empty,report,123.tiff,2,fill_alpha_m1,True,
seed_annulus_empty,report,123.tiff,2,fill_alpha_0,True,
seed_annulus_empty,report,123.tiff,2,fill_alpha_1,True,
seed_annulus_empty,report,123.tiff,2,fill_alpha_2,True,
seed_annulus_empty,report,128.tiff,0,default_51,True,
seed_annulus_empty,report,128.tiff,0,fill_alpha_m1,True,
seed_annulus_empty,report,128.tiff,0,fill_alpha_0,True,
seed_annulus_empty,report,128.tiff,0,fill_alpha_1,True,
seed_annulus_empty,report,128.tiff,0,fill_alpha_2,True,
seed_annulus_empty,report,128.tiff,1,default_51,True,
seed_annulus_empty,report,128.tiff,1,fill_alpha_m1,True,
seed_annulus_empty,report,128.tiff,1,fill_alpha_0,True,
seed_annulus_empty,report,128.tiff,1,fill_alpha_1,True,
seed_annulus_empty,report,128.tiff,1,fill_alpha_2,True,
seed_annulus_empty,report,128.tiff,2,default_51,True,
seed_annulus_empty,report,128.tiff,2,fill_alpha_m1,True,
seed_annulus_empty,report,128.tiff,2,fill_alpha_0,True,
seed_annulus_empty,report,128.tiff,2,fill_alpha_1,True,
seed_annulus_empty,report,128.tiff,2,fill_alpha_2,True,
seed_annulus_empty,report,529.tiff,0,default_51,True,
seed_annulus_empty,report,529.tiff,0,fill_alpha_m1,True,
seed_annulus_empty,report,529.tiff,0,fill_alpha_0,True,
seed_annulus_empty,report,529.tiff,0,fill_alpha_1,True,
seed_annulus_empty,report,529.tiff,0,fill_alpha_2,True,
seed_annulus_empty,report,529.tiff,1,default_51,True,
seed_annulus_empty,report,529.tiff,1,fill_alpha_m1,True,
seed_annulus_empty,report,529.tiff,1,fill_alpha_0,True,
seed_annulus_empty,report,529.tiff,1,fill_alpha_1,True,
seed_annulus_empty,report,529.tiff,1,fill_alpha_2,True,
seed_annulus_empty,report,529.tiff,2,default_51,True,
seed_annulus_empty,report,529.tiff,2,fill_alpha_m1,True,
seed_annulus_empty,report,529.tiff,2,fill_alpha_0,True,
seed_annulus_empty,report,529.tiff,2,fill_alpha_1,True,
seed_annulus_empty,report,529.tiff,2,fill_alpha_2,True,
seed_annulus_empty,report,548.tiff,0,default_51,True,
seed_annulus_empty,report,548.tiff,0,fill_alpha_m1,False,rank16:non_human_findings:ann-1:d_click=19.2
seed_annulus_empty,report,548.tiff,0,fill_alpha_0,True,
seed_annulus_empty,report,548.tiff,0,fill_alpha_1,True,
seed_annulus_empty,report,548.tiff,0,fill_alpha_2,True,
seed_annulus_empty,report,548.tiff,1,default_51,True,
seed_annulus_empty,report,548.tiff,1,fill_alpha_m1,True,
seed_annulus_empty,report,548.tiff,1,fill_alpha_0,True,
seed_annulus_empty,report,548.tiff,1,fill_alpha_1,True,
seed_annulus_empty,report,548.tiff,1,fill_alpha_2,True,
seed_annulus_empty,report,548.tiff,2,default_51,True,
seed_annulus_empty,report,548.tiff,2,fill_alpha_m1,False,rank9:non_human_findings:ann-1:d_click=17.7
seed_annulus_empty,report,548.tiff,2,fill_alpha_0,True,
seed_annulus_empty,report,548.tiff,2,fill_alpha_1,True,
seed_annulus_empty,report,548.tiff,2,fill_alpha_2,True,
seed_annulus_empty,report,509.tiff,0,default_51,True,
seed_annulus_empty,report,509.tiff,0,fill_alpha_m1,True,
seed_annulus_empty,report,509.tiff,0,fill_alpha_0,True,
seed_annulus_empty,report,509.tiff,0,fill_alpha_1,True,
seed_annulus_empty,report,509.tiff,0,fill_alpha_2,True,
seed_annulus_empty,report,509.tiff,1,default_51,True,
seed_annulus_empty,report,509.tiff,1,fill_alpha_m1,True,
seed_annulus_empty,report,509.tiff,1,fill_alpha_0,True,
seed_annulus_empty,report,509.tiff,1,fill_alpha_1,True,
seed_annulus_empty,report,509.tiff,1,fill_alpha_2,True,
seed_annulus_empty,report,509.tiff,2,default_51,True,
seed_annulus_empty,report,509.tiff,2,fill_alpha_m1,True,
seed_annulus_empty,report,509.tiff,2,fill_alpha_0,True,
seed_annulus_empty,report,509.tiff,2,fill_alpha_1,True,
seed_annulus_empty,report,509.tiff,2,fill_alpha_2,True,
seed_annulus_empty,report,524.tiff,0,default_51,True,
seed_annulus_empty,report,524.tiff,0,fill_alpha_m1,True,
seed_annulus_empty,report,524.tiff,0,fill_alpha_0,True,
seed_annulus_empty,report,524.tiff,0,fill_alpha_1,True,
seed_annulus_empty,report,524.tiff,0,fill_alpha_2,True,
seed_annulus_empty,report,524.tiff,1,default_51,True,
seed_annulus_empty,report,524.tiff,1,fill_alpha_m1,True,
seed_annulus_empty,report,524.tiff,1,fill_alpha_0,True,
seed_annulus_empty,report,524.tiff,1,fill_alpha_1,True,
seed_annulus_empty,report,524.tiff,1,fill_alpha_2,True,
seed_annulus_empty,report,524.tiff,2,default_51,True,
seed_annulus_empty,report,524.tiff,2,fill_alpha_m1,True,
seed_annulus_empty,report,524.tiff,2,fill_alpha_0,True,
seed_annulus_empty,report,524.tiff,2,fill_alpha_1,True,
seed_annulus_empty,report,524.tiff,2,fill_alpha_2,True,
seed_annulus_empty,report,527.tiff,0,default_51,True,
seed_annulus_empty,report,527.tiff,0,fill_alpha_m1,True,
seed_annulus_empty,report,527.tiff,0,fill_alpha_0,True,
seed_annulus_empty,report,527.tiff,0,fill_alpha_1,True,
seed_annulus_empty,report,527.tiff,0,fill_alpha_2,True,
seed_annulus_empty,report,527.tiff,1,default_51,True,
seed_annulus_empty,report,527.tiff,1,fill_alpha_m1,True,
seed_annulus_empty,report,527.tiff,1,fill_alpha_0,True,
seed_annulus_empty,report,527.tiff,1,fill_alpha_1,True,
seed_annulus_empty,report,527.tiff,1,fill_alpha_2,True,
seed_annulus_empty,report,527.tiff,2,default_51,True,
seed_annulus_empty,report,527.tiff,2,fill_alpha_m1,True,
seed_annulus_empty,report,527.tiff,2,fill_alpha_0,True,
seed_annulus_empty,report,527.tiff,2,fill_alpha_1,True,
seed_annulus_empty,report,527.tiff,2,fill_alpha_2,True,
seed_annulus_empty,report,546.tiff,0,default_51,True,
seed_annulus_empty,report,546.tiff,0,fill_alpha_m1,True,
seed_annulus_empty,report,546.tiff,0,fill_alpha_0,True,
seed_annulus_empty,report,546.tiff,0,fill_alpha_1,True,
seed_annulus_empty,report,546.tiff,0,fill_alpha_2,True,
seed_annulus_empty,report,546.tiff,1,default_51,True,
seed_annulus_empty,report,546.tiff,1,fill_alpha_m1,True,
seed_annulus_empty,report,546.tiff,1,fill_alpha_0,True,
seed_annulus_empty,report,546.tiff,1,fill_alpha_1,True,
seed_annulus_empty,report,546.tiff,1,fill_alpha_2,True,
seed_annulus_empty,report,546.tiff,2,default_51,True,
seed_annulus_empty,report,546.tiff,2,fill_alpha_m1,True,
seed_annulus_empty,report,546.tiff,2,fill_alpha_0,True,
seed_annulus_empty,report,546.tiff,2,fill_alpha_1,True,
seed_annulus_empty,report,546.tiff,2,fill_alpha_2,True,
seed_annulus_empty,report,549.tiff,0,default_51,True,
seed_annulus_empty,report,549.tiff,0,fill_alpha_m1,True,
seed_annulus_empty,report,549.tiff,0,fill_alpha_0,True,
seed_annulus_empty,report,549.tiff,0,fill_alpha_1,True,
seed_annulus_empty,report,549.tiff,0,fill_alpha_2,True,
seed_annulus_empty,report,549.tiff,1,default_51,True,
seed_annulus_empty,report,549.tiff,1,fill_alpha_m1,True,
seed_annulus_empty,report,549.tiff,1,fill_alpha_0,True,
seed_annulus_empty,report,549.tiff,1,fill_alpha_1,True,
seed_annulus_empty,report,549.tiff,1,fill_alpha_2,True,
seed_annulus_empty,report,549.tiff,2,default_51,True,
seed_annulus_empty,report,549.tiff,2,fill_alpha_m1,True,
seed_annulus_empty,report,549.tiff,2,fill_alpha_0,True,
seed_annulus_empty,report,549.tiff,2,fill_alpha_1,True,
seed_annulus_empty,report,549.tiff,2,fill_alpha_2,True,
seed_annulus_empty,report,402.tiff,0,default_51,True,
seed_annulus_empty,report,402.tiff,0,fill_alpha_m1,False,rank2:non_human_findings:ann-1:d_click=17.8
seed_annulus_empty,report,402.tiff,0,fill_alpha_0,True,
seed_annulus_empty,report,402.tiff,0,fill_alpha_1,True,
seed_annulus_empty,report,402.tiff,0,fill_alpha_2,True,
seed_annulus_empty,report,402.tiff,1,default_51,True,
seed_annulus_empty,report,402.tiff,1,fill_alpha_m1,False,rank4:non_human_findings:ann-1:d_click=19.7
seed_annulus_empty,report,402.tiff,1,fill_alpha_0,True,
seed_annulus_empty,report,402.tiff,1,fill_alpha_1,True,
seed_annulus_empty,report,402.tiff,1,fill_alpha_2,True,
seed_annulus_empty,report,402.tiff,2,default_51,True,
seed_annulus_empty,report,402.tiff,2,fill_alpha_m1,True,
seed_annulus_empty,report,402.tiff,2,fill_alpha_0,True,
seed_annulus_empty,report,402.tiff,2,fill_alpha_1,True,
seed_annulus_empty,report,402.tiff,2,fill_alpha_2,True,
seed_annulus_empty,report,403.tiff,0,default_51,True,
seed_annulus_empty,report,403.tiff,0,fill_alpha_m1,True,
seed_annulus_empty,report,403.tiff,0,fill_alpha_0,True,
seed_annulus_empty,report,403.tiff,0,fill_alpha_1,True,
seed_annulus_empty,report,403.tiff,0,fill_alpha_2,True,
seed_annulus_empty,report,403.tiff,1,default_51,True,
seed_annulus_empty,report,403.tiff,1,fill_alpha_m1,True,
seed_annulus_empty,report,403.tiff,1,fill_alpha_0,True,
seed_annulus_empty,report,403.tiff,1,fill_alpha_1,True,
seed_annulus_empty,report,403.tiff,1,fill_alpha_2,True,
seed_annulus_empty,report,403.tiff,2,default_51,True,
seed_annulus_empty,report,403.tiff,2,fill_alpha_m1,True,
seed_annulus_empty,report,403.tiff,2,fill_alpha_0,True,
seed_annulus_empty,report,403.tiff,2,fill_alpha_1,True,
seed_annulus_empty,report,403.tiff,2,fill_alpha_2,True,
seed_annulus_empty,report,353.tiff,0,default_51,True,
seed_annulus_empty,report,353.tiff,0,fill_alpha_m1,True,
seed_annulus_empty,report,353.tiff,0,fill_alpha_0,True,
seed_annulus_empty,report,353.tiff,0,fill_alpha_1,True,
seed_annulus_empty,report,353.tiff,0,fill_alpha_2,True,
seed_annulus_empty,report,353.tiff,1,default_51,True,
seed_annulus_empty,report,353.tiff,1,fill_alpha_m1,True,
seed_annulus_empty,report,353.tiff,1,fill_alpha_0,True,
seed_annulus_empty,report,353.tiff,1,fill_alpha_1,True,
seed_annulus_empty,report,353.tiff,1,fill_alpha_2,True,
seed_annulus_empty,report,353.tiff,2,default_51,True,
seed_annulus_empty,report,353.tiff,2,fill_alpha_m1,True,
seed_annulus_empty,report,353.tiff,2,fill_alpha_0,True,
seed_annulus_empty,report,353.tiff,2,fill_alpha_1,True,
seed_annulus_empty,report,353.tiff,2,fill_alpha_2,True,
seed_annulus_empty,report,364.tiff,0,default_51,True,
seed_annulus_empty,report,364.tiff,0,fill_alpha_m1,True,
seed_annulus_empty,report,364.tiff,0,fill_alpha_0,True,
seed_annulus_empty,report,364.tiff,0,fill_alpha_1,True,
seed_annulus_empty,report,364.tiff,0,fill_alpha_2,True,
seed_annulus_empty,report,364.tiff,1,default_51,True,
seed_annulus_empty,report,364.tiff,1,fill_alpha_m1,True,
seed_annulus_empty,report,364.tiff,1,fill_alpha_0,True,
seed_annulus_empty,report,364.tiff,1,fill_alpha_1,True,
seed_annulus_empty,report,364.tiff,1,fill_alpha_2,True,
seed_annulus_empty,report,364.tiff,2,default_51,True,
seed_annulus_empty,report,364.tiff,2,fill_alpha_m1,True,
seed_annulus_empty,report,364.tiff,2,fill_alpha_0,True,
seed_annulus_empty,report,364.tiff,2,fill_alpha_1,True,
seed_annulus_empty,report,364.tiff,2,fill_alpha_2,True,
seed_annulus_empty,report,400.tiff,0,default_51,True,
seed_annulus_empty,report,400.tiff,0,fill_alpha_m1,True,
seed_annulus_empty,report,400.tiff,0,fill_alpha_0,True,
seed_annulus_empty,report,400.tiff,0,fill_alpha_1,True,
seed_annulus_empty,report,400.tiff,0,fill_alpha_2,True,
seed_annulus_empty,report,400.tiff,1,default_51,True,
seed_annulus_empty,report,400.tiff,1,fill_alpha_m1,True,
seed_annulus_empty,report,400.tiff,1,fill_alpha_0,True,
seed_annulus_empty,report,400.tiff,1,fill_alpha_1,True,
seed_annulus_empty,report,400.tiff,1,fill_alpha_2,True,
seed_annulus_empty,report,400.tiff,2,default_51,True,
seed_annulus_empty,report,400.tiff,2,fill_alpha_m1,True,
seed_annulus_empty,report,400.tiff,2,fill_alpha_0,True,
seed_annulus_empty,report,400.tiff,2,fill_alpha_1,True,
seed_annulus_empty,report,400.tiff,2,fill_alpha_2,True,
seed_annulus_empty,report,401.tiff,0,default_51,True,
seed_annulus_empty,report,401.tiff,0,fill_alpha_m1,True,
seed_annulus_empty,report,401.tiff,0,fill_alpha_0,True,
seed_annulus_empty,report,401.tiff,0,fill_alpha_1,True,
seed_annulus_empty,report,401.tiff,0,fill_alpha_2,True,
seed_annulus_empty,report,401.tiff,1,default_51,True,
seed_annulus_empty,report,401.tiff,1,fill_alpha_m1,True,
seed_annulus_empty,report,401.tiff,1,fill_alpha_0,True,
seed_annulus_empty,report,401.tiff,1,fill_alpha_1,True,
seed_annulus_empty,report,401.tiff,1,fill_alpha_2,True,
seed_annulus_empty,report,401.tiff,2,default_51,True,
seed_annulus_empty,report,401.tiff,2,fill_alpha_m1,True,
seed_annulus_empty,report,401.tiff,2,fill_alpha_0,True,
seed_annulus_empty,report,401.tiff,2,fill_alpha_1,True,
seed_annulus_empty,report,401.tiff,2,fill_alpha_2,True,
seed_annulus_empty,report,404.tiff,0,default_51,True,
seed_annulus_empty,report,404.tiff,0,fill_alpha_m1,True,
seed_annulus_empty,report,404.tiff,0,fill_alpha_0,True,
seed_annulus_empty,report,404.tiff,0,fill_alpha_1,True,
seed_annulus_empty,report,404.tiff,0,fill_alpha_2,True,
seed_annulus_empty,report,404.tiff,1,default_51,True,
seed_annulus_empty,report,404.tiff,1,fill_alpha_m1,True,
seed_annulus_empty,report,404.tiff,1,fill_alpha_0,True,
seed_annulus_empty,report,404.tiff,1,fill_alpha_1,True,
seed_annulus_empty,report,404.tiff,1,fill_alpha_2,True,
seed_annulus_empty,report,404.tiff,2,default_51,True,
seed_annulus_empty,report,404.tiff,2,fill_alpha_m1,True,
seed_annulus_empty,report,404.tiff,2,fill_alpha_0,True,
seed_annulus_empty,report,404.tiff,2,fill_alpha_1,True,
seed_annulus_empty,report,404.tiff,2,fill_alpha_2,True,
arms_differ_downstream,report,ALL,ALL,default_51,True,"vs fill_alpha_1: median 12/30 shared, identical on 0/147 clicks"
arms_differ_downstream,report,ALL,ALL,fill_alpha_m1,True,"vs fill_alpha_1: median 0/30 shared, identical on 0/147 clicks"
arms_differ_downstream,report,ALL,ALL,fill_alpha_m1,True,"vs default_51: median 0/30 shared, identical on 0/147 clicks"
arms_differ_downstream,report,ALL,ALL,fill_alpha_0,True,"vs fill_alpha_1: median 2/30 shared, identical on 0/147 clicks"
arms_differ_downstream,report,ALL,ALL,fill_alpha_0,True,"vs default_51: median 1/30 shared, identical on 0/147 clicks"
arms_differ_downstream,report,ALL,ALL,fill_alpha_1,True,"vs default_51: median 12/30 shared, identical on 0/147 clicks"
arms_differ_downstream,report,ALL,ALL,fill_alpha_2,True,"vs fill_alpha_1: median 10/30 shared, identical on 0/147 clicks"
arms_differ_downstream,report,ALL,ALL,fill_alpha_2,True,"vs default_51: median 7/30 shared, identical on 0/147 clicks"
od_bit_exact_vs_recorded_postD11,report,ALL,ALL,default_51,True,4410/4410 top-30 od values bit-exact
