subset,file_name,domain,image_id,seed_index,condition,seed_ann_id,click_cx,click_cy,base_size,tpl_cx,tpl_cy,tpl_offset_px,tpl_sha1,n_agreement_pool,n_after_border,n_joint_valid,n_seed_pool,n_retries,refused_draws,contested_seed_tier,n_gt_mitotic,nearest_other_ann_px,n_peaks,max_peaks_binding,n_detections,n_blanked_px,n_near_click,near_click_detail,od_nan,od_descending,match_radius_px,mpp,t_pipeline_s,tp_at_10,tp_at_20,tp_at_30,precision_at_10,precision_at_20,precision_at_30
original_14,300.tiff,canine cutaneous mast cell tumor,300,0,default_51,14499,1411.0,3551.0,51,1411.0,3551.0,0.0,9b97486771e4d1e64d8f23bf9a699769d9b79586,131,127,99,127,1,14581:hem_bbox,False,180,150.03,100,True,100,2601,0,,0,True,29.609055118110238,0.2533008895448562,3.6,9,19,27,0.9,0.95,0.9
original_14,300.tiff,canine cutaneous mast cell tumor,300,0,gray_bbox,14499,1411.0,3551.0,49,1413.0,3549.5,2.5,7679d7584dc85e1919f319dbc6bb05273d215240,131,127,99,127,1,14581:hem_bbox,False,180,150.03,100,True,100,2401,0,,0,True,29.609055118110238,0.2533008895448562,3.5,9,19,27,0.9,0.95,0.9
original_14,300.tiff,canine cutaneous mast cell tumor,300,0,hem_bbox,14499,1411.0,3551.0,25,1412.0,3555.0,4.123,956ec0a91f59e143d2b1709195ae24c83873ebc1,131,127,99,127,1,14581:hem_bbox,False,180,150.03,100,True,100,625,0,,0,True,29.609055118110238,0.2533008895448562,3.3,8,17,27,0.8,0.85,0.9
original_14,300.tiff,canine cutaneous mast cell tumor,300,1,default_51,14578,4652.0,2817.0,51,4652.0,2817.0,0.0,72c93fa5c4c2e1d5e9365e10efcf32bd7e7fccc6,131,127,99,126,1,14577:hem_bbox,False,180,76.66,100,True,100,2601,0,,0,True,29.609055118110238,0.2533008895448562,3.4,9,19,27,0.9,0.95,0.9
original_14,300.tiff,canine cutaneous mast cell tumor,300,1,gray_bbox,14578,4652.0,2817.0,27,4651.0,2813.5,3.64,eab0df7fc0a405591bce8ff2805740dc0b74d43b,131,127,99,126,1,14577:hem_bbox,False,180,76.66,100,True,98,729,0,,0,True,29.609055118110238,0.2533008895448562,3.3,10,19,29,1.0,0.95,0.9666666666666667
original_14,300.tiff,canine cutaneous mast cell tumor,300,1,hem_bbox,14578,4652.0,2817.0,21,4650.0,2814.5,3.202,538ab25daaa417c1e525abf9e581311069159cf7,131,127,99,126,1,14577:hem_bbox,False,180,76.66,100,True,96,441,0,,0,True,29.609055118110238,0.2533008895448562,3.3,10,19,26,1.0,0.95,0.8666666666666667
original_14,300.tiff,canine cutaneous mast cell tumor,300,2,default_51,14553,3995.0,564.0,51,3995.0,564.0,0.0,7707a565945709dcb6075d4dca17c2b287cc266b,131,127,99,125,1,14614:gray_bbox+hem_bbox,False,180,162.59,100,True,100,2601,0,,0,True,29.609055118110238,0.2533008895448562,3.2,9,18,27,0.9,0.9,0.9
original_14,300.tiff,canine cutaneous mast cell tumor,300,2,gray_bbox,14553,3995.0,564.0,43,3997.0,565.5,2.5,0e29d0d45be28a59ab882a62c069aa208a29d762,131,127,99,125,1,14614:gray_bbox+hem_bbox,False,180,162.59,100,True,100,1849,0,,0,True,29.609055118110238,0.2533008895448562,3.3,10,19,28,1.0,0.95,0.9333333333333333
original_14,300.tiff,canine cutaneous mast cell tumor,300,2,hem_bbox,14553,3995.0,564.0,25,3997.0,565.0,2.236,5cd993e19eb39c4fad84072ab5fb5afa032aaded,131,127,99,125,1,14614:gray_bbox+hem_bbox,False,180,162.59,100,True,100,625,0,,0,True,29.609055118110238,0.2533008895448562,3.0,10,18,27,1.0,0.9,0.9
original_14,301.tiff,canine cutaneous mast cell tumor,301,0,default_51,14969,5911.0,3548.0,51,5911.0,3548.0,0.0,97f410f43bb8c4613c96a140a5203a1937f5ae29,164,162,122,162,0,,False,217,144.17,100,True,100,2601,0,,0,True,29.609055118110238,0.2533008895448562,3.8,8,18,26,0.8,0.9,0.8666666666666667
original_14,301.tiff,canine cutaneous mast cell tumor,301,0,gray_bbox,14969,5911.0,3548.0,41,5916.5,3548.0,5.5,d1957e4571972c629302582c540c56a948d50410,164,162,122,162,0,,False,217,144.17,100,True,99,1681,0,,0,True,29.609055118110238,0.2533008895448562,3.4,8,18,27,0.8,0.9,0.9
original_14,301.tiff,canine cutaneous mast cell tumor,301,0,hem_bbox,14969,5911.0,3548.0,33,5911.0,3552.5,4.5,2cfd8b5c7e763ad7c9d04b7a428ac234ecc159da,164,162,122,162,0,,False,217,144.17,100,True,100,1089,0,,0,True,29.609055118110238,0.2533008895448562,3.4,8,17,26,0.8,0.85,0.8666666666666667
original_14,301.tiff,canine cutaneous mast cell tumor,301,1,default_51,14874,6301.0,2294.0,51,6301.0,2294.0,0.0,bed4023cf45d5d21f0d843d95f2cd237c7cdaaf5,164,162,122,161,1,14753:gray_bbox+hem_bbox,False,217,134.46,100,True,100,2601,0,,0,True,29.609055118110238,0.2533008895448562,3.4,8,17,26,0.8,0.85,0.8666666666666667
original_14,301.tiff,canine cutaneous mast cell tumor,301,1,gray_bbox,14874,6301.0,2294.0,29,6298.5,2291.5,3.536,adbf3017b95a99fc6fbf3446c96e49b0ac1079d5,164,162,122,161,1,14753:gray_bbox+hem_bbox,False,217,134.46,100,True,100,841,0,,0,True,29.609055118110238,0.2533008895448562,3.4,8,17,27,0.8,0.85,0.9
original_14,301.tiff,canine cutaneous mast cell tumor,301,1,hem_bbox,14874,6301.0,2294.0,25,6300.0,2291.5,2.693,75a0e44d8d1378655eb7234f46068c64316d5bc9,164,162,122,161,1,14753:gray_bbox+hem_bbox,False,217,134.46,100,True,99,625,0,,0,True,29.609055118110238,0.2533008895448562,2.9,8,16,26,0.8,0.8,0.8666666666666667
original_14,301.tiff,canine cutaneous mast cell tumor,301,2,default_51,14782,6325.0,82.0,51,6325.0,82.0,0.0,9600ff68b2d3d3254f743b518d7c3969107d2226,164,162,122,160,1,14819:gray_bbox+hem_bbox,False,217,203.02,100,True,94,2601,0,,0,True,29.609055118110238,0.2533008895448562,3.2,6,13,21,0.6,0.65,0.7
original_14,301.tiff,canine cutaneous mast cell tumor,301,2,gray_bbox,14782,6325.0,82.0,23,6327.0,85.0,3.606,dfda41e2bb6a6dbad1ee96258f36008de1ac6fc0,164,162,122,160,1,14819:gray_bbox+hem_bbox,False,217,203.02,100,True,96,529,0,,0,True,29.609055118110238,0.2533008895448562,2.9,9,19,29,0.9,0.95,0.9666666666666667
original_14,301.tiff,canine cutaneous mast cell tumor,301,2,hem_bbox,14782,6325.0,82.0,19,6326.0,84.5,2.693,f078a57441c3996c349eba14aa96ed3465240a05,164,162,122,160,1,14819:gray_bbox+hem_bbox,False,217,203.02,100,True,95,361,0,,0,True,29.609055118110238,0.2533008895448562,2.9,9,19,28,0.9,0.95,0.9333333333333333
testing_35,322.tiff,canine cutaneous mast cell tumor,322,0,default_51,16292,2677.0,483.0,51,2677.0,483.0,0.0,ed220061df4d6d8e95189123d2b53908948adfe9,23,23,16,23,1,16277:gray_bbox+hem_bbox,False,22,247.83,100,True,100,2601,0,,0,True,29.609055118110238,0.2533008895448562,3.8,8,14,16,0.8,0.7,0.5333333333333333
testing_35,322.tiff,canine cutaneous mast cell tumor,322,0,gray_bbox,16292,2677.0,483.0,29,2679.5,480.5,3.536,76cca49d0fee646e528b4ff9bcc84d03ab461bed,23,23,16,23,1,16277:gray_bbox+hem_bbox,False,22,247.83,100,True,99,841,0,,0,True,29.609055118110238,0.2533008895448562,5.2,8,12,12,0.8,0.6,0.4
testing_35,322.tiff,canine cutaneous mast cell tumor,322,0,hem_bbox,16292,2677.0,483.0,25,2679.5,481.5,2.915,c8948059c67de4dfcf7a4941001ddc5e8cf24804,23,23,16,23,1,16277:gray_bbox+hem_bbox,False,22,247.83,100,True,100,625,0,,0,True,29.609055118110238,0.2533008895448562,4.9,8,12,12,0.8,0.6,0.4
testing_35,322.tiff,canine cutaneous mast cell tumor,322,1,default_51,16270,870.0,4698.0,51,870.0,4698.0,0.0,270970a472f29471b5c475feec5a0e3cf3e118a2,23,23,16,22,0,,False,22,473.22,100,True,99,2601,0,,0,True,29.609055118110238,0.2533008895448562,5.5,8,13,15,0.8,0.65,0.5
testing_35,322.tiff,canine cutaneous mast cell tumor,322,1,gray_bbox,16270,870.0,4698.0,41,868.5,4698.5,1.581,615e5a7adca97371746a77a15a05a08620b3578a,23,23,16,22,0,,False,22,473.22,100,True,99,1681,0,,0,True,29.609055118110238,0.2533008895448562,5.9,8,14,16,0.8,0.7,0.5333333333333333
testing_35,322.tiff,canine cutaneous mast cell tumor,322,1,hem_bbox,16270,870.0,4698.0,29,869.5,4700.0,2.062,18ff5096dd1f63cf87aead69d3997d889d14d000,23,23,16,22,0,,False,22,473.22,100,True,99,841,0,,0,True,29.609055118110238,0.2533008895448562,6.2,8,11,12,0.8,0.55,0.4
testing_35,322.tiff,canine cutaneous mast cell tumor,322,2,default_51,16265,1155.0,2592.0,51,1155.0,2592.0,0.0,b50d97a204611772e6fcbd5dda16f08406a02e91,23,23,16,21,0,,False,22,309.5,100,True,100,2601,0,,0,True,29.609055118110238,0.2533008895448562,6.9,8,14,15,0.8,0.7,0.5
testing_35,322.tiff,canine cutaneous mast cell tumor,322,2,gray_bbox,16265,1155.0,2592.0,31,1157.0,2591.5,2.062,d98a832d75c188a6afe7f17520e6429418e76569,23,23,16,21,0,,False,22,309.5,100,True,100,961,0,,0,True,29.609055118110238,0.2533008895448562,7.2,8,13,13,0.8,0.65,0.43333333333333335
testing_35,322.tiff,canine cutaneous mast cell tumor,322,2,hem_bbox,16265,1155.0,2592.0,27,1156.5,2592.0,1.5,5eedefc9f58f8cfa5d09958c8ca2ac183456a223,23,23,16,21,0,,False,22,309.5,100,True,100,729,0,,0,True,29.609055118110238,0.2533008895448562,7.2,8,11,11,0.8,0.55,0.36666666666666664
testing_35,337.tiff,canine cutaneous mast cell tumor,337,0,default_51,17124,5800.0,1938.0,51,5800.0,1938.0,0.0,e0a54924c6e475d75dfa8f644a8b0866d76cf759,13,13,10,13,0,,False,29,160.02,100,True,100,2601,0,,0,True,29.609055118110238,0.2533008895448562,9.1,8,11,12,0.8,0.55,0.4
testing_35,337.tiff,canine cutaneous mast cell tumor,337,0,gray_bbox,17124,5800.0,1938.0,43,5805.0,1942.5,6.727,4fa3f3bdccb34a01d4c10b6ce3b5349dfba003ae,13,13,10,13,0,,False,29,160.02,100,True,100,1849,0,,0,True,29.609055118110238,0.2533008895448562,6.5,8,11,13,0.8,0.55,0.43333333333333335
testing_35,337.tiff,canine cutaneous mast cell tumor,337,0,hem_bbox,17124,5800.0,1938.0,19,5799.0,1940.0,2.236,b4512a4c6b6e8b333b8c8ea024584b1df9ab60c7,13,13,10,13,0,,False,29,160.02,100,True,99,361,0,,0,True,29.609055118110238,0.2533008895448562,6.0,7,8,8,0.7,0.4,0.26666666666666666
testing_35,337.tiff,canine cutaneous mast cell tumor,337,1,default_51,17129,1345.0,3796.0,51,1345.0,3796.0,0.0,762dbb4ecf240b07be6ff242198f7a8622abb274,13,13,10,12,0,,False,29,68.88,100,True,100,2601,0,,0,True,29.609055118110238,0.2533008895448562,5.6,8,11,13,0.8,0.55,0.43333333333333335
testing_35,337.tiff,canine cutaneous mast cell tumor,337,1,gray_bbox,17129,1345.0,3796.0,45,1348.5,3797.0,3.64,8eb6fd39b5e0ae22ea4bc8590b19b1bcf9d03d25,13,13,10,12,0,,False,29,68.88,100,True,100,2025,0,,0,True,29.609055118110238,0.2533008895448562,5.1,8,11,13,0.8,0.55,0.43333333333333335
testing_35,337.tiff,canine cutaneous mast cell tumor,337,1,hem_bbox,17129,1345.0,3796.0,21,1345.5,3796.0,0.5,0a9d75f27e8bea72a8eb3ae69d549e4343e443fd,13,13,10,12,0,,False,29,68.88,100,True,96,441,0,,0,True,29.609055118110238,0.2533008895448562,4.4,7,9,10,0.7,0.45,0.3333333333333333
testing_35,337.tiff,canine cutaneous mast cell tumor,337,2,default_51,17118,5688.0,3403.0,51,5688.0,3403.0,0.0,2bcfdb350d19012a13d821c9fbaec76f88bd57b0,13,13,10,11,1,17119:gray_bbox+hem_bbox,False,29,413.12,100,True,100,2601,0,,0,True,29.609055118110238,0.2533008895448562,4.7,8,11,13,0.8,0.55,0.43333333333333335
testing_35,337.tiff,canine cutaneous mast cell tumor,337,2,gray_bbox,17118,5688.0,3403.0,37,5689.0,3402.0,1.414,b03d288d10760fd8b42240e79bdbc30be21ef8d5,13,13,10,11,1,17119:gray_bbox+hem_bbox,False,29,413.12,100,True,99,1369,0,,0,True,29.609055118110238,0.2533008895448562,5.0,8,12,12,0.8,0.6,0.4
testing_35,337.tiff,canine cutaneous mast cell tumor,337,2,hem_bbox,17118,5688.0,3403.0,21,5689.5,3404.5,2.121,f351d9467ecb8c5180f47e619f1e9d1425863eb3,13,13,10,11,1,17119:gray_bbox+hem_bbox,False,29,413.12,100,True,100,441,0,,0,True,29.609055118110238,0.2533008895448562,4.9,7,9,9,0.7,0.45,0.3
testing_35,339.tiff,canine cutaneous mast cell tumor,339,0,default_51,17152,587.0,1289.0,51,587.0,1289.0,0.0,16ad063e052f9384fcfe7853f9ae7193697ef1ce,10,10,7,10,0,,False,14,1031.03,100,True,99,2601,0,,0,True,29.609055118110238,0.2533008895448562,5.3,4,5,7,0.4,0.25,0.23333333333333334
testing_35,339.tiff,canine cutaneous mast cell tumor,339,0,gray_bbox,17152,587.0,1289.0,45,583.5,1292.5,4.95,b789ff627ec808bc8e618160ee7eb0ce88fa8de0,10,10,7,10,0,,False,14,1031.03,100,True,98,2025,0,,0,True,29.609055118110238,0.2533008895448562,5.3,4,7,7,0.4,0.35,0.23333333333333334
testing_35,339.tiff,canine cutaneous mast cell tumor,339,0,hem_bbox,17152,587.0,1289.0,31,586.0,1285.5,3.64,ad431dce12892ef6d16082af8a8b2ad6e1f11856,10,10,7,10,0,,False,14,1031.03,100,True,98,961,0,,0,True,29.609055118110238,0.2533008895448562,5.2,3,5,6,0.3,0.25,0.2
testing_35,339.tiff,canine cutaneous mast cell tumor,339,1,default_51,17149,1659.0,41.0,51,1659.0,41.0,0.0,38beb41eb8ec6e2a146b623b80157d7ed89ed0f0,10,10,7,9,0,,False,14,605.57,100,True,100,2601,0,,0,True,29.609055118110238,0.2533008895448562,5.5,4,5,5,0.4,0.25,0.16666666666666666
testing_35,339.tiff,canine cutaneous mast cell tumor,339,1,gray_bbox,17149,1659.0,41.0,39,1657.5,47.0,6.185,f301342b57b6890bc3b2b49599db2b9bcb062829,10,10,7,9,0,,False,14,605.57,100,True,99,1521,0,,0,True,29.609055118110238,0.2533008895448562,4.9,4,5,5,0.4,0.25,0.16666666666666666
testing_35,339.tiff,canine cutaneous mast cell tumor,339,1,hem_bbox,17149,1659.0,41.0,31,1657.0,44.0,3.606,356ec86fca6f27fa9bc32889f0e07a6599662c61,10,10,7,9,0,,False,14,605.57,100,True,98,961,0,,0,True,29.609055118110238,0.2533008895448562,4.8,4,5,5,0.4,0.25,0.16666666666666666
testing_35,339.tiff,canine cutaneous mast cell tumor,339,2,default_51,17151,4409.0,140.0,51,4409.0,140.0,0.0,d0b63c871f08a1d8deded9e96de17d1e1e7bcd10,10,10,7,8,1,17169:hem_bbox,False,14,817.8,100,True,99,2601,0,,0,True,29.609055118110238,0.2533008895448562,5.1,5,6,6,0.5,0.3,0.2
testing_35,339.tiff,canine cutaneous mast cell tumor,339,2,gray_bbox,17151,4409.0,140.0,51,4409.0,137.0,3.0,5683e9a7b3aaa7d560c4c4c23e96f5f5ee1123ad,10,10,7,8,1,17169:hem_bbox,False,14,817.8,100,True,99,2601,0,,0,True,29.609055118110238,0.2533008895448562,4.9,5,6,6,0.5,0.3,0.2
testing_35,339.tiff,canine cutaneous mast cell tumor,339,2,hem_bbox,17151,4409.0,140.0,19,4411.0,140.5,2.062,0afe0d3141a59a28dd3f88e60c1452eaf26d24f4,10,10,7,8,1,17169:hem_bbox,False,14,817.8,100,True,99,361,0,,0,True,29.609055118110238,0.2533008895448562,4.4,2,3,3,0.2,0.15,0.1
testing_35,343.tiff,canine cutaneous mast cell tumor,343,0,default_51,17382,5675.0,4651.0,51,5675.0,4651.0,0.0,b774afe99b8c4f96ce18b56d8dea55e11395d6f6,28,28,20,28,0,,False,36,103.71,100,True,96,2601,0,,0,True,29.609055118110238,0.2533008895448562,5.1,6,9,9,0.6,0.45,0.3
testing_35,343.tiff,canine cutaneous mast cell tumor,343,0,gray_bbox,17382,5675.0,4651.0,43,5673.5,4654.0,3.354,b6515e47c7b881880cc4e36c12584e22610dee3d,28,28,20,28,0,,False,36,103.71,100,True,94,1849,0,,0,True,29.609055118110238,0.2533008895448562,4.9,5,8,8,0.5,0.4,0.26666666666666666
testing_35,343.tiff,canine cutaneous mast cell tumor,343,0,hem_bbox,17382,5675.0,4651.0,21,5666.5,4653.5,8.86,8a20c1fc767f427abe546103f204dad38054b07f,28,28,20,28,0,,False,36,103.71,100,True,98,441,0,,0,True,29.609055118110238,0.2533008895448562,4.3,5,6,6,0.5,0.3,0.2
testing_35,343.tiff,canine cutaneous mast cell tumor,343,1,default_51,17363,489.0,4565.0,51,489.0,4565.0,0.0,6ece88324204eb4bf947a1e6e2d193312caddd58,28,28,20,27,0,,False,36,498.66,100,True,100,2601,0,,0,True,29.609055118110238,0.2533008895448562,4.3,7,8,11,0.7,0.4,0.36666666666666664
testing_35,343.tiff,canine cutaneous mast cell tumor,343,1,gray_bbox,17363,489.0,4565.0,47,493.5,4565.0,4.5,4801612f95ec79940ad3c868cd8cdb17d6feebfc,28,28,20,27,0,,False,36,498.66,100,True,99,2209,0,,0,True,29.609055118110238,0.2533008895448562,3.9,7,8,12,0.7,0.4,0.4
testing_35,343.tiff,canine cutaneous mast cell tumor,343,1,hem_bbox,17363,489.0,4565.0,19,488.5,4567.5,2.55,4989acda9dcdcc7ef44b3af0f5c78a140920fd5e,28,28,20,27,0,,False,36,498.66,100,True,98,361,0,,0,True,29.609055118110238,0.2533008895448562,3.4,5,5,8,0.5,0.25,0.26666666666666666
testing_35,343.tiff,canine cutaneous mast cell tumor,343,2,default_51,17368,2083.0,2749.0,51,2083.0,2749.0,0.0,74ac1062665f7ba02c13de668f7facc9a3d70f60,28,28,20,26,0,,False,36,314.01,100,True,100,2601,0,,0,True,29.609055118110238,0.2533008895448562,3.4,8,9,12,0.8,0.45,0.4
testing_35,343.tiff,canine cutaneous mast cell tumor,343,2,gray_bbox,17368,2083.0,2749.0,27,2084.5,2749.0,1.5,96c0f89280d0465195154cdfc51c22d47564f7bd,28,28,20,26,0,,False,36,314.01,100,True,98,729,0,,0,True,29.609055118110238,0.2533008895448562,3.1,6,6,7,0.6,0.3,0.23333333333333334
testing_35,343.tiff,canine cutaneous mast cell tumor,343,2,hem_bbox,17368,2083.0,2749.0,23,2084.5,2748.0,1.803,7117131e82cb95b1ee4a87e2a0552cdd1c7b59b5,28,28,20,26,0,,False,36,314.01,100,True,99,529,0,,0,True,29.609055118110238,0.2533008895448562,3.0,5,5,5,0.5,0.25,0.16666666666666666
testing_35,344.tiff,canine cutaneous mast cell tumor,344,0,default_51,17457,1797.0,3481.0,51,1797.0,3481.0,0.0,8a5236e8821278f3c63e7cfc2a07b82597ed3e28,30,30,27,30,0,,False,43,186.94,100,True,100,2601,0,,0,True,29.609055118110238,0.2533008895448562,3.6,6,12,19,0.6,0.6,0.6333333333333333
testing_35,344.tiff,canine cutaneous mast cell tumor,344,0,gray_bbox,17457,1797.0,3481.0,23,1796.5,3483.5,2.55,7b7f24becbff436d5a43d95c060a13cc2f999e1e,30,30,27,30,0,,False,43,186.94,100,True,100,529,0,,0,True,29.609055118110238,0.2533008895448562,3.4,8,14,18,0.8,0.7,0.6
testing_35,344.tiff,canine cutaneous mast cell tumor,344,0,hem_bbox,17457,1797.0,3481.0,19,1797.0,3483.0,2.0,12d42b7fe4bca254d830a4f694fa854152b80908,30,30,27,30,0,,False,43,186.94,100,True,99,361,0,,0,True,29.609055118110238,0.2533008895448562,4.0,7,11,12,0.7,0.55,0.4
testing_35,344.tiff,canine cutaneous mast cell tumor,344,1,default_51,17469,4351.0,1782.0,51,4351.0,1782.0,0.0,90f14f7f33a951d6bb335b2f8cf871a54ded930e,30,30,27,29,0,,False,43,237.17,100,True,99,2601,0,,0,True,29.609055118110238,0.2533008895448562,4.3,6,15,20,0.6,0.75,0.6666666666666666
testing_35,344.tiff,canine cutaneous mast cell tumor,344,1,gray_bbox,17469,4351.0,1782.0,39,4353.0,1785.0,3.606,3ba96268563bb07075bea89925f8d8ce3029a5d3,30,30,27,29,0,,False,43,237.17,100,True,98,1521,0,,0,True,29.609055118110238,0.2533008895448562,4.1,6,14,20,0.6,0.7,0.6666666666666666
testing_35,344.tiff,canine cutaneous mast cell tumor,344,1,hem_bbox,17469,4351.0,1782.0,21,4349.5,1781.5,1.581,07c080c4445c284c37ea3ef0f8c7db2456acf1ce,30,30,27,29,0,,False,43,237.17,100,True,99,441,0,,0,True,29.609055118110238,0.2533008895448562,3.8,6,11,12,0.6,0.55,0.4
testing_35,344.tiff,canine cutaneous mast cell tumor,344,2,default_51,17460,2486.0,4123.0,51,2486.0,4123.0,0.0,44e5c3f4a0cbdac0ce2bcf54b904482c38e0091c,30,30,27,28,0,,False,43,228.0,100,True,99,2601,0,,0,True,29.609055118110238,0.2533008895448562,4.3,6,14,20,0.6,0.7,0.6666666666666666
testing_35,344.tiff,canine cutaneous mast cell tumor,344,2,gray_bbox,17460,2486.0,4123.0,27,2489.0,4123.5,3.041,93c7147d67d2d084fc57edcd81a25a33fa78afe4,30,30,27,28,0,,False,43,228.0,100,True,98,729,0,,0,True,29.609055118110238,0.2533008895448562,3.7,6,14,22,0.6,0.7,0.7333333333333333
testing_35,344.tiff,canine cutaneous mast cell tumor,344,2,hem_bbox,17460,2486.0,4123.0,21,2486.0,4124.5,1.5,8cc38753ee235f6f5411f95f7e757286fde5398d,30,30,27,28,0,,False,43,228.0,100,True,98,441,0,,0,True,29.609055118110238,0.2533008895448562,3.9,6,14,17,0.6,0.7,0.5666666666666667
original_14,201.tiff,canine lung cancer,201,0,default_51,4457,4097.0,1978.0,51,4097.0,1978.0,0.0,dc31b3172070f5ffdc292ab322a31903f7836050,7,7,6,7,0,,False,17,526.11,100,True,99,2601,0,,0,True,30.221751968503938,0.24816562612969095,6.3,4,8,9,0.4,0.4,0.3
original_14,201.tiff,canine lung cancer,201,0,gray_bbox,4457,4097.0,1978.0,51,4097.0,1977.5,0.5,dc31b3172070f5ffdc292ab322a31903f7836050,7,7,6,7,0,,False,17,526.11,100,True,99,2601,0,,0,True,30.221751968503938,0.24816562612969095,6.5,4,8,9,0.4,0.4,0.3
original_14,201.tiff,canine lung cancer,201,0,hem_bbox,4457,4097.0,1978.0,29,4092.0,1978.0,5.0,29c1a0090fbb9586113c1ff04ec155197d5485dd,7,7,6,7,0,,False,17,526.11,100,True,98,841,0,,0,True,30.221751968503938,0.24816562612969095,5.9,4,6,7,0.4,0.3,0.23333333333333334
original_14,201.tiff,canine lung cancer,201,1,default_51,4469,6265.0,3299.0,51,6265.0,3299.0,0.0,b0fb00fb617ddc39a18881027a185e52b1677859,7,7,6,6,0,,False,17,176.98,100,True,100,2601,0,,0,True,30.221751968503938,0.24816562612969095,6.3,4,8,10,0.4,0.4,0.3333333333333333
original_14,201.tiff,canine lung cancer,201,1,gray_bbox,4469,6265.0,3299.0,51,6262.0,3299.0,3.0,fe1938b12e4c3e6624b143a0c664003d335bbaf2,7,7,6,6,0,,False,17,176.98,100,True,100,2601,0,,0,True,30.221751968503938,0.24816562612969095,6.6,3,8,10,0.3,0.4,0.3333333333333333
original_14,201.tiff,canine lung cancer,201,1,hem_bbox,4469,6265.0,3299.0,31,6263.0,3299.5,2.062,d5178010c83fe541295f14888897ca3cac52772f,7,7,6,6,0,,False,17,176.98,100,True,99,961,0,,0,True,30.221751968503938,0.24816562612969095,6.2,3,7,7,0.3,0.35,0.23333333333333334
original_14,201.tiff,canine lung cancer,201,2,default_51,4476,2859.0,4239.0,51,2859.0,4239.0,0.0,154edfbb1045a8ec6390b1149d2826c7ec6169e6,7,7,6,5,0,,False,17,515.12,100,True,100,2601,0,,0,True,30.221751968503938,0.24816562612969095,6.6,3,5,7,0.3,0.25,0.23333333333333334
original_14,201.tiff,canine lung cancer,201,2,gray_bbox,4476,2859.0,4239.0,35,2857.5,4239.0,1.5,77c6aa2f1a82ab999ed89294aebe8e8b64b1c7a5,7,7,6,5,0,,False,17,515.12,100,True,100,1225,0,,0,True,30.221751968503938,0.24816562612969095,6.0,3,5,7,0.3,0.25,0.23333333333333334
original_14,201.tiff,canine lung cancer,201,2,hem_bbox,4476,2859.0,4239.0,33,2858.0,4239.5,1.118,c6831c43437929967ca34dafc3e123b4f42d85af,7,7,6,5,0,,False,17,515.12,100,True,99,1089,0,,0,True,30.221751968503938,0.24816562612969095,6.3,4,6,7,0.4,0.3,0.23333333333333334
original_14,233.tiff,canine lung cancer,233,0,default_51,5761,4419.0,2138.0,51,4419.0,2138.0,0.0,063f798be41263e5f4710f762858fc2ad25fc61a,13,12,11,12,0,,False,17,449.81,100,True,100,2601,0,,0,True,30.221751968503938,0.24816562612969095,7.5,6,8,9,0.6,0.4,0.3
original_14,233.tiff,canine lung cancer,233,0,gray_bbox,5761,4419.0,2138.0,25,4418.0,2139.0,1.414,5eb9f87f68a33ec28dd3a7a78fee5440b3a7772b,13,12,11,12,0,,False,17,449.81,100,True,98,625,0,,0,True,30.221751968503938,0.24816562612969095,6.9,7,8,10,0.7,0.4,0.3333333333333333
original_14,233.tiff,canine lung cancer,233,0,hem_bbox,5761,4419.0,2138.0,23,4419.0,2138.0,0.0,8ee249f5edc1b29568faa556585cb245821de694,13,12,11,12,0,,False,17,449.81,100,True,97,529,0,,0,True,30.221751968503938,0.24816562612969095,6.5,6,7,9,0.6,0.35,0.3
original_14,233.tiff,canine lung cancer,233,1,default_51,5760,3570.0,1962.0,51,3570.0,1962.0,0.0,fd9cdb60da83936e38d5a7409cfa20907b0a4ff7,13,12,11,11,0,,False,17,350.07,100,True,100,2601,0,,0,True,30.221751968503938,0.24816562612969095,5.9,6,8,9,0.6,0.4,0.3
original_14,233.tiff,canine lung cancer,233,1,gray_bbox,5760,3570.0,1962.0,51,3565.0,1962.0,5.0,30c0ff6da52e3a11c01d056c858901414fc5dfdd,13,12,11,11,0,,False,17,350.07,100,True,100,2601,0,,0,True,30.221751968503938,0.24816562612969095,5.6,7,8,9,0.7,0.4,0.3
original_14,233.tiff,canine lung cancer,233,1,hem_bbox,5760,3570.0,1962.0,29,3571.0,1963.0,1.414,0758520c2ff755a560fb524eee2723f4342f739d,13,12,11,11,0,,False,17,350.07,100,True,100,841,0,,0,True,30.221751968503938,0.24816562612969095,4.7,8,10,12,0.8,0.5,0.4
original_14,233.tiff,canine lung cancer,233,2,default_51,5770,2081.0,3653.0,51,2081.0,3653.0,0.0,6544f4315b685f4ee35429723a871a0c2338faa1,13,12,11,10,0,,False,17,548.34,100,True,100,2601,0,,0,True,30.221751968503938,0.24816562612969095,5.0,7,8,9,0.7,0.4,0.3
original_14,233.tiff,canine lung cancer,233,2,gray_bbox,5770,2081.0,3653.0,43,2077.0,3646.0,8.062,3cad2265ac8ad738127e08ea8990bdf257e517e5,13,12,11,10,0,,False,17,548.34,100,True,99,1849,0,,0,True,30.221751968503938,0.24816562612969095,4.7,6,8,10,0.6,0.4,0.3333333333333333
original_14,233.tiff,canine lung cancer,233,2,hem_bbox,5770,2081.0,3653.0,31,2083.0,3652.0,2.236,2ab549fd5436d2e4b1813834433c41985990608f,13,12,11,10,0,,False,17,548.34,100,True,100,961,0,,0,True,30.221751968503938,0.24816562612969095,4.4,6,8,11,0.6,0.4,0.36666666666666664
testing_35,211.tiff,canine lung cancer,211,0,default_51,4916,5027.0,1377.0,51,5027.0,1377.0,0.0,8087e4a07329c48e942fae3217ab307e930a0f66,14,14,8,14,1,4917:gray_bbox+hem_bbox,False,19,233.62,100,True,100,2601,0,,0,True,30.221751968503938,0.24816562612969095,5.2,0,0,0,0.0,0.0,0.0
testing_35,211.tiff,canine lung cancer,211,0,gray_bbox,4916,5027.0,1377.0,51,5027.0,1377.0,0.0,8087e4a07329c48e942fae3217ab307e930a0f66,14,14,8,14,1,4917:gray_bbox+hem_bbox,False,19,233.62,100,True,100,2601,0,,0,True,30.221751968503938,0.24816562612969095,5.2,0,0,0,0.0,0.0,0.0
testing_35,211.tiff,canine lung cancer,211,0,hem_bbox,4916,5027.0,1377.0,23,5026.5,1377.0,0.5,376f59aaba0bd5ffe8e0e24e550f72677807bbfc,14,14,8,14,1,4917:gray_bbox+hem_bbox,False,19,233.62,100,True,98,529,0,,0,True,30.221751968503938,0.24816562612969095,4.7,0,0,0,0.0,0.0,0.0
testing_35,211.tiff,canine lung cancer,211,1,default_51,4919,2856.0,2567.0,51,2856.0,2567.0,0.0,43775fae15e408e914b405eaf6c434be382a9d49,14,14,8,13,1,4918:gray_bbox+hem_bbox,False,19,529.95,100,True,99,2601,0,,0,True,30.221751968503938,0.24816562612969095,4.8,0,0,0,0.0,0.0,0.0
testing_35,211.tiff,canine lung cancer,211,1,gray_bbox,4919,2856.0,2567.0,43,2854.0,2571.5,4.924,857f30dcb4b7c8673c9d32f1ab6c3b48eeaa4a6d,14,14,8,13,1,4918:gray_bbox+hem_bbox,False,19,529.95,100,True,100,1849,0,,0,True,30.221751968503938,0.24816562612969095,4.5,0,0,0,0.0,0.0,0.0
testing_35,211.tiff,canine lung cancer,211,1,hem_bbox,4919,2856.0,2567.0,27,2855.5,2565.5,1.581,11ddb268dcf14562bed53a82933230ba872854d8,14,14,8,13,1,4918:gray_bbox+hem_bbox,False,19,529.95,100,True,98,729,0,,0,True,30.221751968503938,0.24816562612969095,4.0,0,0,0,0.0,0.0,0.0
testing_35,211.tiff,canine lung cancer,211,2,default_51,4909,2429.0,1188.0,51,2429.0,1188.0,0.0,949a0a7d28beb45703bdb71660ba1123e112b03c,14,14,8,12,0,,False,19,364.68,100,True,100,2601,0,,0,True,30.221751968503938,0.24816562612969095,4.3,0,0,0,0.0,0.0,0.0
testing_35,211.tiff,canine lung cancer,211,2,gray_bbox,4909,2429.0,1188.0,51,2429.0,1188.0,0.0,949a0a7d28beb45703bdb71660ba1123e112b03c,14,14,8,12,0,,False,19,364.68,100,True,100,2601,0,,0,True,30.221751968503938,0.24816562612969095,4.2,0,0,0,0.0,0.0,0.0
testing_35,211.tiff,canine lung cancer,211,2,hem_bbox,4909,2429.0,1188.0,25,2429.0,1188.5,0.5,85789b777052bee3d62882cae52336f8e941f696,14,14,8,12,0,,False,19,364.68,100,True,98,625,0,,0,True,30.221751968503938,0.24816562612969095,3.9,0,0,0,0.0,0.0,0.0
testing_35,220.tiff,canine lung cancer,220,0,default_51,5270,1034.0,2942.0,51,1034.0,2942.0,0.0,423a7c1972a741e29e64a2ff9ca08aafc4929cdc,51,51,40,51,0,,False,76,369.77,100,True,99,2601,0,,0,True,30.221751968503938,0.24816562612969095,5.0,3,7,11,0.3,0.35,0.36666666666666664
testing_35,220.tiff,canine lung cancer,220,0,gray_bbox,5270,1034.0,2942.0,51,1034.0,2942.0,0.0,423a7c1972a741e29e64a2ff9ca08aafc4929cdc,51,51,40,51,0,,False,76,369.77,100,True,99,2601,0,,0,True,30.221751968503938,0.24816562612969095,5.5,3,7,11,0.3,0.35,0.36666666666666664
testing_35,220.tiff,canine lung cancer,220,0,hem_bbox,5270,1034.0,2942.0,25,1035.5,2943.0,1.803,f42994ec6132f9f6aa5ca220b2705fe0023b9789,51,51,40,51,0,,False,76,369.77,100,True,98,625,0,,0,True,30.221751968503938,0.24816562612969095,5.2,7,12,13,0.7,0.6,0.43333333333333335
testing_35,220.tiff,canine lung cancer,220,1,default_51,5293,3107.0,4582.0,51,3107.0,4582.0,0.0,47a841961733cb6918a86aa31e084bc0793967ba,51,51,40,50,0,,False,76,136.7,100,True,100,2601,0,,0,True,30.221751968503938,0.24816562612969095,6.2,4,9,11,0.4,0.45,0.36666666666666664
testing_35,220.tiff,canine lung cancer,220,1,gray_bbox,5293,3107.0,4582.0,49,3108.0,4586.5,4.61,db1a2c5b76847b7f4ed2b36d2f446cf60df94fb9,51,51,40,50,0,,False,76,136.7,100,True,100,2401,0,,0,True,30.221751968503938,0.24816562612969095,5.6,5,10,12,0.5,0.5,0.4
testing_35,220.tiff,canine lung cancer,220,1,hem_bbox,5293,3107.0,4582.0,31,3106.0,4581.0,1.414,a4aa3f82eacc31c8446819eeb0ec77ba589265e9,51,51,40,50,0,,False,76,136.7,100,True,100,961,0,,0,True,30.221751968503938,0.24816562612969095,5.8,4,8,11,0.4,0.4,0.36666666666666664
testing_35,220.tiff,canine lung cancer,220,2,default_51,5247,3813.0,1715.0,51,3813.0,1715.0,0.0,f170b1870fa5760a57ff0dae65ace6ee95bdb01b,51,51,40,49,0,,False,76,321.66,100,True,100,2601,0,,0,True,30.221751968503938,0.24816562612969095,6.6,6,9,13,0.6,0.45,0.43333333333333335
testing_35,220.tiff,canine lung cancer,220,2,gray_bbox,5247,3813.0,1715.0,51,3813.0,1715.0,0.0,f170b1870fa5760a57ff0dae65ace6ee95bdb01b,51,51,40,49,0,,False,76,321.66,100,True,100,2601,0,,0,True,30.221751968503938,0.24816562612969095,7.0,6,9,13,0.6,0.45,0.43333333333333335
testing_35,220.tiff,canine lung cancer,220,2,hem_bbox,5247,3813.0,1715.0,23,3810.0,1717.0,3.606,bef3df430a1eaafb3dbd0d74e825a49c767cd7f8,51,51,40,49,0,,False,76,321.66,100,True,99,529,0,,0,True,30.221751968503938,0.24816562612969095,6.7,6,10,11,0.6,0.5,0.36666666666666664
testing_35,230.tiff,canine lung cancer,230,0,default_51,5689,1637.0,1590.0,51,1637.0,1590.0,0.0,166fb7ce4212b6fc9c0c933086cf8ddea3d70c17,9,9,8,9,0,,False,17,186.51,100,True,100,2601,0,,0,True,30.221751968503938,0.24816562612969095,12.3,6,12,13,0.6,0.6,0.43333333333333335
testing_35,230.tiff,canine lung cancer,230,0,gray_bbox,5689,1637.0,1590.0,51,1637.0,1590.0,0.0,166fb7ce4212b6fc9c0c933086cf8ddea3d70c17,9,9,8,9,0,,False,17,186.51,100,True,100,2601,0,,0,True,30.221751968503938,0.24816562612969095,13.6,6,12,13,0.6,0.6,0.43333333333333335
testing_35,230.tiff,canine lung cancer,230,0,hem_bbox,5689,1637.0,1590.0,27,1635.5,1590.0,1.5,4749352b04e6b37d499fbb9f3900a887b723b2d9,9,9,8,9,0,,False,17,186.51,100,True,98,729,0,,0,True,30.221751968503938,0.24816562612969095,6.4,6,13,14,0.6,0.65,0.4666666666666667
testing_35,230.tiff,canine lung cancer,230,1,default_51,5700,3271.0,2404.0,51,3271.0,2404.0,0.0,751fa22f85bdf4a63ed4157cc9a0357d57e5eb8d,9,9,8,8,0,,False,17,102.18,100,True,100,2601,0,,0,True,30.221751968503938,0.24816562612969095,6.9,6,12,13,0.6,0.6,0.43333333333333335
testing_35,230.tiff,canine lung cancer,230,1,gray_bbox,5700,3271.0,2404.0,33,3277.0,2404.0,6.0,a4c4f831246fe012f55dc0c9dbbe0adbc33b61c8,9,9,8,8,0,,False,17,102.18,100,True,100,1089,0,,0,True,30.221751968503938,0.24816562612969095,6.1,6,12,12,0.6,0.6,0.4
testing_35,230.tiff,canine lung cancer,230,1,hem_bbox,5700,3271.0,2404.0,21,3271.0,2405.0,1.0,1dd99948f77a1fc42f81920ce05239ec40e87936,9,9,8,8,0,,False,17,102.18,100,True,99,441,0,,0,True,30.221751968503938,0.24816562612969095,4.6,6,12,12,0.6,0.6,0.4
testing_35,230.tiff,canine lung cancer,230,2,default_51,5703,2386.0,2895.0,51,2386.0,2895.0,0.0,7269f7a82c4548ad36194934649cb2ce5c5d588b,9,9,8,7,0,,False,17,452.73,100,True,99,2601,0,,0,True,30.221751968503938,0.24816562612969095,4.7,6,10,11,0.6,0.5,0.36666666666666664
testing_35,230.tiff,canine lung cancer,230,2,gray_bbox,5703,2386.0,2895.0,51,2386.0,2895.0,0.0,7269f7a82c4548ad36194934649cb2ce5c5d588b,9,9,8,7,0,,False,17,452.73,100,True,99,2601,0,,0,True,30.221751968503938,0.24816562612969095,4.7,6,10,11,0.6,0.5,0.36666666666666664
testing_35,230.tiff,canine lung cancer,230,2,hem_bbox,5703,2386.0,2895.0,27,2383.5,2894.0,2.693,7eeda66097e8bb5cf5f77f1e986c57a10a5d5dae,9,9,8,7,0,,False,17,452.73,100,True,99,729,0,,0,True,30.221751968503938,0.24816562612969095,3.9,6,12,15,0.6,0.6,0.5
testing_35,235.tiff,canine lung cancer,235,0,default_51,5810,5435.0,775.0,51,5435.0,775.0,0.0,1627872c5eed084c3efdf6b3d61b023f8dc88568,20,20,15,20,0,,False,21,367.73,100,True,98,2601,0,,0,True,30.221751968503938,0.24816562612969095,4.7,4,4,7,0.4,0.2,0.23333333333333334
testing_35,235.tiff,canine lung cancer,235,0,gray_bbox,5810,5435.0,775.0,39,5433.5,768.5,6.671,be849ef1d87d8939a4c78b945574632eede0605f,20,20,15,20,0,,False,21,367.73,100,True,99,1521,0,,0,True,30.221751968503938,0.24816562612969095,4.7,4,4,6,0.4,0.2,0.2
testing_35,235.tiff,canine lung cancer,235,0,hem_bbox,5810,5435.0,775.0,25,5434.0,772.5,2.693,2231e64d5aed8de4736b976f5c4d7c5cb5aa7c81,20,20,15,20,0,,False,21,367.73,100,True,98,625,0,,0,True,30.221751968503938,0.24816562612969095,4.8,3,3,4,0.3,0.15,0.13333333333333333
testing_35,235.tiff,canine lung cancer,235,1,default_51,5831,6464.0,3084.0,51,6464.0,3084.0,0.0,b6d457f76719cd1dbf7ae9f11c183cc1912d82b0,20,20,15,19,0,,False,21,609.38,100,True,97,2601,0,,0,True,30.221751968503938,0.24816562612969095,6.3,3,4,4,0.3,0.2,0.13333333333333333
testing_35,235.tiff,canine lung cancer,235,1,gray_bbox,5831,6464.0,3084.0,39,6458.0,3085.5,6.185,33639fb5772ef3b7278283b78e3f2cc7558aab99,20,20,15,19,0,,False,21,609.38,100,True,99,1521,0,,0,True,30.221751968503938,0.24816562612969095,5.0,3,4,6,0.3,0.2,0.2
testing_35,235.tiff,canine lung cancer,235,1,hem_bbox,5831,6464.0,3084.0,23,6465.5,3087.5,3.808,cebe3155fdacd40f759957d8ef4e80e43b53c0d9,20,20,15,19,0,,False,21,609.38,100,True,98,529,0,,0,True,30.221751968503938,0.24816562612969095,4.9,3,3,5,0.3,0.15,0.16666666666666666
testing_35,235.tiff,canine lung cancer,235,2,default_51,5830,4330.0,3417.0,51,4330.0,3417.0,0.0,42fc828cc1d72e4d4ba3558d1e8676f91986c7d1,20,20,15,18,0,,False,21,611.65,100,True,100,2601,0,,0,True,30.221751968503938,0.24816562612969095,5.0,3,3,6,0.3,0.15,0.2
testing_35,235.tiff,canine lung cancer,235,2,gray_bbox,5830,4330.0,3417.0,23,4329.0,3417.5,1.118,cf64fe03ff26ec70cd3af7d34fc7a78ff08afaa8,20,20,15,18,0,,False,21,611.65,100,True,99,529,0,,0,True,30.221751968503938,0.24816562612969095,4.7,4,4,5,0.4,0.2,0.16666666666666666
testing_35,235.tiff,canine lung cancer,235,2,hem_bbox,5830,4330.0,3417.0,21,4327.5,3416.5,2.55,b63ada6927ba0aa5bf759e4fa3f7fd62a660bf88,20,20,15,18,0,,False,21,611.65,100,True,95,441,0,,0,True,30.221751968503938,0.24816562612969095,4.6,3,3,3,0.3,0.15,0.1
testing_35,242.tiff,canine lung cancer,242,0,default_51,6180,2627.0,4231.0,51,2627.0,4231.0,0.0,4b8d6b44c7b6feafd975e51a438eac79d96f507f,23,23,18,23,0,,False,26,323.21,100,True,98,2601,0,,0,True,30.221751968503938,0.24816562612969095,7.2,0,1,1,0.0,0.05,0.03333333333333333
testing_35,242.tiff,canine lung cancer,242,0,gray_bbox,6180,2627.0,4231.0,33,2631.0,4228.0,5.0,df08a161ab2630ba32903ab754d479e1f45da907,23,23,18,23,0,,False,26,323.21,100,True,99,1089,0,,0,True,30.221751968503938,0.24816562612969095,6.6,0,0,0,0.0,0.0,0.0
testing_35,242.tiff,canine lung cancer,242,0,hem_bbox,6180,2627.0,4231.0,23,2627.0,4228.5,2.5,53816474cf7a9a905ca1feb3e7329375d780c184,23,23,18,23,0,,False,26,323.21,100,True,99,529,0,,0,True,30.221751968503938,0.24816562612969095,6.8,0,0,0,0.0,0.0,0.0
testing_35,242.tiff,canine lung cancer,242,1,default_51,6178,201.0,4168.0,51,201.0,4168.0,0.0,3ca0707257309321ce9441c5398a354cb17434a8,23,23,18,22,0,,False,26,873.39,100,True,100,2601,0,,0,True,30.221751968503938,0.24816562612969095,9.1,1,1,1,0.1,0.05,0.03333333333333333
testing_35,242.tiff,canine lung cancer,242,1,gray_bbox,6178,201.0,4168.0,45,201.5,4164.5,3.536,98d28f0acd7dfa915d958d4218c3e83b159cd628,23,23,18,22,0,,False,26,873.39,100,True,100,2025,0,,0,True,30.221751968503938,0.24816562612969095,9.2,1,1,1,0.1,0.05,0.03333333333333333
testing_35,242.tiff,canine lung cancer,242,1,hem_bbox,6178,201.0,4168.0,31,204.0,4165.5,3.905,5b440427af883bcd9118ee97e10b8c2e4ead34ea,23,23,18,22,0,,False,26,873.39,100,True,100,961,0,,0,True,30.221751968503938,0.24816562612969095,8.5,1,1,1,0.1,0.05,0.03333333333333333
testing_35,242.tiff,canine lung cancer,242,2,default_51,6161,3464.0,1628.0,51,3464.0,1628.0,0.0,2d5be10c1a4988bd23f452e77deaa9d4a9018528,23,23,18,21,0,,False,26,272.06,100,True,99,2601,0,,0,True,30.221751968503938,0.24816562612969095,10.5,0,1,1,0.0,0.05,0.03333333333333333
testing_35,242.tiff,canine lung cancer,242,2,gray_bbox,6161,3464.0,1628.0,41,3459.0,1626.5,5.22,155375f39079f8325bc37d306009224980022bf2,23,23,18,21,0,,False,26,272.06,100,True,99,1681,0,,0,True,30.221751968503938,0.24816562612969095,10.4,1,1,2,0.1,0.05,0.06666666666666667
testing_35,242.tiff,canine lung cancer,242,2,hem_bbox,6161,3464.0,1628.0,35,3462.5,1626.0,2.5,c2e17b9ba20828a4ac3f3f309d1abb530151e7a3,23,23,18,21,0,,False,26,272.06,100,True,98,1225,0,,0,True,30.221751968503938,0.24816562612969095,10.8,0,1,1,0.0,0.05,0.03333333333333333
original_14,245.tiff,canine lymphosarcoma,245,0,default_51,6317,4774.0,2184.0,51,4774.0,2184.0,0.0,4e2a055fabc3683dacc791dfd6abffc31e0f0a14,78,78,64,78,1,6274:hem_bbox,False,89,92.85,100,True,98,2601,0,,0,True,30.221751968503938,0.24816562612969095,11.0,1,4,7,0.1,0.2,0.23333333333333334
original_14,245.tiff,canine lymphosarcoma,245,0,gray_bbox,6317,4774.0,2184.0,51,4774.0,2184.0,0.0,4e2a055fabc3683dacc791dfd6abffc31e0f0a14,78,78,64,78,1,6274:hem_bbox,False,89,92.85,100,True,98,2601,0,,0,True,30.221751968503938,0.24816562612969095,9.7,1,4,7,0.1,0.2,0.23333333333333334
original_14,245.tiff,canine lymphosarcoma,245,0,hem_bbox,6317,4774.0,2184.0,23,4769.0,2186.0,5.385,11984e07edf247075399696a10c361192ae9e738,78,78,64,78,1,6274:hem_bbox,False,89,92.85,100,True,99,529,0,,0,True,30.221751968503938,0.24816562612969095,8.4,1,2,5,0.1,0.1,0.16666666666666666
original_14,245.tiff,canine lymphosarcoma,245,1,default_51,6243,794.0,170.0,51,794.0,170.0,0.0,2340dc408bb5b7e9eb2242cc2a945081f8eb548f,78,78,64,77,0,,False,89,319.08,100,True,98,2601,0,,0,True,30.221751968503938,0.24816562612969095,9.1,0,0,1,0.0,0.0,0.03333333333333333
original_14,245.tiff,canine lymphosarcoma,245,1,gray_bbox,6243,794.0,170.0,51,794.0,169.0,1.0,24533f8ecc7a970613b2eadd56608d433b3cdcb5,78,78,64,77,0,,False,89,319.08,100,True,96,2601,0,,0,True,30.221751968503938,0.24816562612969095,8.7,0,0,1,0.0,0.0,0.03333333333333333
original_14,245.tiff,canine lymphosarcoma,245,1,hem_bbox,6243,794.0,170.0,35,782.5,161.5,14.3,8520a919a41ab2006d68c4e283697ba1134bbf69,78,78,64,77,0,,False,89,319.08,100,True,94,1225,0,,0,True,30.221751968503938,0.24816562612969095,7.3,1,2,3,0.1,0.1,0.1
original_14,245.tiff,canine lymphosarcoma,245,2,default_51,6250,1758.0,166.0,51,1758.0,166.0,0.0,1cd413df20ce611acde55661ff31206df322faab,78,78,64,76,0,,False,89,230.87,100,True,99,2601,0,,0,True,30.221751968503938,0.24816562612969095,7.7,1,1,1,0.1,0.05,0.03333333333333333
original_14,245.tiff,canine lymphosarcoma,245,2,gray_bbox,6250,1758.0,166.0,37,1751.0,174.0,10.63,8e03e951175da57c6e2121d3567c950b3ed6732d,78,78,64,76,0,,False,89,230.87,100,True,99,1369,0,,0,True,30.221751968503938,0.24816562612969095,7.5,2,3,3,0.2,0.15,0.1
original_14,245.tiff,canine lymphosarcoma,245,2,hem_bbox,6250,1758.0,166.0,21,1759.5,165.0,1.803,bb101b12b22102276123fd991df9ecb2282bf9b4,78,78,64,76,0,,False,89,230.87,100,True,98,441,0,,0,True,30.221751968503938,0.24816562612969095,6.7,1,2,2,0.1,0.1,0.06666666666666667
original_14,246.tiff,canine lymphosarcoma,246,0,default_51,6548,3634.0,3621.0,51,3634.0,3621.0,0.0,d52705e100bffca19288e176fb8ce51f00fab4b8,100,97,72,97,0,,False,115,131.88,100,True,98,2601,0,,0,True,30.221751968503938,0.24816562612969095,7.2,10,17,24,1.0,0.85,0.8
original_14,246.tiff,canine lymphosarcoma,246,0,gray_bbox,6548,3634.0,3621.0,41,3627.5,3615.5,8.515,aa35d0e89e2bb3021d83b830ccda029104867bd9,100,97,72,97,0,,False,115,131.88,100,True,97,1681,0,,0,True,30.221751968503938,0.24816562612969095,6.7,10,14,21,1.0,0.7,0.7
original_14,246.tiff,canine lymphosarcoma,246,0,hem_bbox,6548,3634.0,3621.0,27,3632.5,3619.0,2.5,133b0eab6f6aaa2eef22bda78921e9f32a25fc96,100,97,72,97,0,,False,115,131.88,100,True,95,729,0,,0,True,30.221751968503938,0.24816562612969095,6.1,10,16,23,1.0,0.8,0.7666666666666667
original_14,246.tiff,canine lymphosarcoma,246,1,default_51,6599,5650.0,3720.0,51,5650.0,3720.0,0.0,64f8d1973cb97648d329f4b51c7fc80ec14abc3f,100,97,72,96,0,,False,115,235.28,100,True,98,2601,0,,0,True,30.221751968503938,0.24816562612969095,6.6,10,19,26,1.0,0.95,0.8666666666666667
original_14,246.tiff,canine lymphosarcoma,246,1,gray_bbox,6599,5650.0,3720.0,51,5650.0,3720.0,0.0,64f8d1973cb97648d329f4b51c7fc80ec14abc3f,100,97,72,96,0,,False,115,235.28,100,True,98,2601,0,,0,True,30.221751968503938,0.24816562612969095,8.4,10,19,26,1.0,0.95,0.8666666666666667
original_14,246.tiff,canine lymphosarcoma,246,1,hem_bbox,6599,5650.0,3720.0,23,5652.0,3722.5,3.202,516ba385b3492d1635d8cfecd1e914f7249a8d0f,100,97,72,96,0,,False,115,235.28,100,True,96,529,0,,0,True,30.221751968503938,0.24816562612969095,8.8,10,16,19,1.0,0.8,0.6333333333333333
original_14,246.tiff,canine lymphosarcoma,246,2,default_51,6482,4659.0,1278.0,51,4659.0,1278.0,0.0,efa06d7c662a1ee3cddd234d517265ce47f40c81,100,97,72,95,0,,False,115,195.43,100,True,100,2601,0,,0,True,30.221751968503938,0.24816562612969095,8.3,10,19,26,1.0,0.95,0.8666666666666667
original_14,246.tiff,canine lymphosarcoma,246,2,gray_bbox,6482,4659.0,1278.0,51,4659.0,1278.0,0.0,efa06d7c662a1ee3cddd234d517265ce47f40c81,100,97,72,95,0,,False,115,195.43,100,True,100,2601,0,,0,True,30.221751968503938,0.24816562612969095,8.1,10,19,26,1.0,0.95,0.8666666666666667
original_14,246.tiff,canine lymphosarcoma,246,2,hem_bbox,6482,4659.0,1278.0,31,4661.0,1280.0,2.828,3feb9b71425daf844e0cb8b5a05daa9c64377ecd,100,97,72,95,0,,False,115,195.43,100,True,97,961,0,,0,True,30.221751968503938,0.24816562612969095,7.3,10,19,25,1.0,0.95,0.8333333333333334
testing_35,249.tiff,canine lymphosarcoma,249,0,default_51,6940,3611.0,621.0,51,3611.0,621.0,0.0,39fb274a6529587a067d6bd00bc1307f7261c7ce,66,66,57,66,0,,False,111,142.8,100,True,100,2601,0,,0,True,30.221751968503938,0.24816562612969095,7.5,7,16,24,0.7,0.8,0.8
testing_35,249.tiff,canine lymphosarcoma,249,0,gray_bbox,6940,3611.0,621.0,29,3612.0,619.0,2.236,5e90bb8dc64afcdfbf709801aaafda910fc8922e,66,66,57,66,0,,False,111,142.8,100,True,100,841,0,,0,True,30.221751968503938,0.24816562612969095,7.1,6,15,23,0.6,0.75,0.7666666666666667
testing_35,249.tiff,canine lymphosarcoma,249,0,hem_bbox,6940,3611.0,621.0,23,3611.5,619.0,2.062,b7be7042f7ce22c895c52ebbc04cae6525070b70,66,66,57,66,0,,False,111,142.8,100,True,100,529,0,,0,True,30.221751968503938,0.24816562612969095,8.3,6,15,23,0.6,0.75,0.7666666666666667
testing_35,249.tiff,canine lymphosarcoma,249,1,default_51,7008,3751.0,2618.0,51,3751.0,2618.0,0.0,5a9666020cb5485469042887dbae0b88c94e232a,66,66,57,65,0,,False,111,149.97,100,True,97,2601,0,,0,True,30.221751968503938,0.24816562612969095,10.0,7,15,23,0.7,0.75,0.7666666666666667
testing_35,249.tiff,canine lymphosarcoma,249,1,gray_bbox,7008,3751.0,2618.0,39,3755.5,2620.5,5.148,5605aa4912fb57a5531f87f29a06f17edb0c1e12,66,66,57,65,0,,False,111,149.97,100,True,100,1521,0,,0,True,30.221751968503938,0.24816562612969095,8.6,7,15,23,0.7,0.75,0.7666666666666667
testing_35,249.tiff,canine lymphosarcoma,249,1,hem_bbox,7008,3751.0,2618.0,29,3754.0,2619.0,3.162,a19883ddc24533916ef7ff05d4437546eeb69325,66,66,57,65,0,,False,111,149.97,100,True,100,841,0,,0,True,30.221751968503938,0.24816562612969095,7.4,6,15,23,0.6,0.75,0.7666666666666667
testing_35,249.tiff,canine lymphosarcoma,249,2,default_51,6992,1801.0,2282.0,51,1801.0,2282.0,0.0,37d8837f0bbf153dae4f14f527fba661eed6af86,66,66,57,64,0,,False,111,140.57,100,True,100,2601,0,,0,True,30.221751968503938,0.24816562612969095,8.4,7,16,24,0.7,0.8,0.8
testing_35,249.tiff,canine lymphosarcoma,249,2,gray_bbox,6992,1801.0,2282.0,27,1800.0,2278.0,4.123,2e0747a1cc37aa9f3ae2bcd684b3ed3f60858b37,66,66,57,64,0,,False,111,140.57,100,True,99,729,0,,0,True,30.221751968503938,0.24816562612969095,7.7,6,15,22,0.6,0.75,0.7333333333333333
testing_35,249.tiff,canine lymphosarcoma,249,2,hem_bbox,6992,1801.0,2282.0,23,1801.5,2280.0,2.062,9bf24930750e3f9928923e8b5b2b7b14e3b1014a,66,66,57,64,0,,False,111,140.57,100,True,99,529,0,,0,True,30.221751968503938,0.24816562612969095,7.7,6,15,21,0.6,0.75,0.7
testing_35,284.tiff,canine lymphosarcoma,284,0,default_51,11810,3734.0,1582.0,51,3734.0,1582.0,0.0,efd0653ea55beaf558f21d0064f6694badb6a405,56,55,47,55,0,,False,74,179.85,100,True,100,2601,0,,0,True,30.221751968503938,0.24816562612969095,10.0,9,15,17,0.9,0.75,0.5666666666666667
testing_35,284.tiff,canine lymphosarcoma,284,0,gray_bbox,11810,3734.0,1582.0,39,3727.5,1581.5,6.519,9b31aecf2ecbad74771fd8e8edea9caa2a7b1066,56,55,47,55,0,,False,74,179.85,100,True,99,1521,0,,0,True,30.221751968503938,0.24816562612969095,10.2,8,15,19,0.8,0.75,0.6333333333333333
testing_35,284.tiff,canine lymphosarcoma,284,0,hem_bbox,11810,3734.0,1582.0,25,3733.5,1582.5,0.707,5ac296a1125372bc4d0ee2826b93c271f5519728,56,55,47,55,0,,False,74,179.85,100,True,99,625,0,,0,True,30.221751968503938,0.24816562612969095,8.3,7,11,14,0.7,0.55,0.4666666666666667
testing_35,284.tiff,canine lymphosarcoma,284,1,default_51,11817,6459.0,1078.0,51,6459.0,1078.0,0.0,59687b655d6a5031a0851742d362a4c8881b3ef0,56,55,47,54,1,11818:hem_bbox,False,74,42.38,100,True,100,2601,0,,0,True,30.221751968503938,0.24816562612969095,10.7,8,17,21,0.8,0.85,0.7
testing_35,284.tiff,canine lymphosarcoma,284,1,gray_bbox,11817,6459.0,1078.0,25,6458.5,1077.5,0.707,90b7b2708cc0c78c637095bace8938a799001415,56,55,47,54,1,11818:hem_bbox,False,74,42.38,100,True,99,625,0,,0,True,30.221751968503938,0.24816562612969095,8.5,8,16,20,0.8,0.8,0.6666666666666666
testing_35,284.tiff,canine lymphosarcoma,284,1,hem_bbox,11817,6459.0,1078.0,21,6458.0,1079.0,1.414,8aa3f8b16aaea630ff7bb26e37da36a9b85d3ffe,56,55,47,54,1,11818:hem_bbox,False,74,42.38,100,True,99,441,0,,0,True,30.221751968503938,0.24816562612969095,7.5,7,14,19,0.7,0.7,0.6333333333333333
testing_35,284.tiff,canine lymphosarcoma,284,2,default_51,11832,6340.0,2156.0,51,6340.0,2156.0,0.0,b98a9b816ed005a98cfbc8712c0cf1f063a513b3,56,55,47,53,0,,False,74,294.21,100,True,100,2601,0,,0,True,30.221751968503938,0.24816562612969095,8.6,7,15,20,0.7,0.75,0.6666666666666666
testing_35,284.tiff,canine lymphosarcoma,284,2,gray_bbox,11832,6340.0,2156.0,43,6344.5,2155.5,4.528,71eedf54d6fc78aab80059e81cae95daf5c9fb18,56,55,47,53,0,,False,74,294.21,100,True,99,1849,0,,0,True,30.221751968503938,0.24816562612969095,8.0,7,15,19,0.7,0.75,0.6333333333333333
testing_35,284.tiff,canine lymphosarcoma,284,2,hem_bbox,11832,6340.0,2156.0,23,6344.0,2157.0,4.123,b6c605adfd2310abd39d6d4e8bfbe40396eb6b22,56,55,47,53,0,,False,74,294.21,100,True,99,529,0,,0,True,30.221751968503938,0.24816562612969095,7.7,6,13,17,0.6,0.65,0.5666666666666667
testing_35,289.tiff,canine lymphosarcoma,289,0,default_51,12690,5248.0,4332.0,51,5248.0,4332.0,0.0,f5bebcc20c21996a90baad2471ba222cb679bbc7,12,12,12,12,0,,False,17,483.76,100,True,100,2601,0,,0,True,30.221751968503938,0.24816562612969095,8.2,3,3,3,0.3,0.15,0.1
testing_35,289.tiff,canine lymphosarcoma,289,0,gray_bbox,12690,5248.0,4332.0,25,5249.5,4331.0,1.803,b16618875f11f4b11c1308c0507597c7baa3f0d2,12,12,12,12,0,,False,17,483.76,100,True,100,625,1,rank10:non_human_findings:ann-1:d_click=24.6:d_tpl=24.4,0,True,30.221751968503938,0.24816562612969095,7.9,3,4,4,0.3,0.2,0.13333333333333333
testing_35,289.tiff,canine lymphosarcoma,289,0,hem_bbox,12690,5248.0,4332.0,23,5249.5,4331.5,1.581,64c71373829d48bd45a5b3ca429db97cbe7ff7bb,12,12,12,12,0,,False,17,483.76,100,True,100,529,1,rank7:non_human_findings:ann-1:d_click=23.7:d_tpl=24.0,0,True,30.221751968503938,0.24816562612969095,8.4,3,3,3,0.3,0.15,0.1
testing_35,289.tiff,canine lymphosarcoma,289,1,default_51,12675,2178.0,3287.0,51,2178.0,3287.0,0.0,b97fe64d93d27c92b61af39a3a89964c493a6474,12,12,12,11,0,,False,17,304.69,100,True,98,2601,0,,0,True,30.221751968503938,0.24816562612969095,10.8,4,6,7,0.4,0.3,0.23333333333333334
testing_35,289.tiff,canine lymphosarcoma,289,1,gray_bbox,12675,2178.0,3287.0,27,2177.5,3287.0,0.5,983c1e5b602ed6e2031d7682004f9380c8cf9324,12,12,12,11,0,,False,17,304.69,100,True,99,729,0,,0,True,30.221751968503938,0.24816562612969095,12.5,2,2,5,0.2,0.1,0.16666666666666666
testing_35,289.tiff,canine lymphosarcoma,289,1,hem_bbox,12675,2178.0,3287.0,25,2176.0,3288.0,2.236,bc1675882eb5021d20fe9a5133622c00fea8b1b3,12,12,12,11,0,,False,17,304.69,100,True,100,625,0,,0,True,30.221751968503938,0.24816562612969095,11.4,2,2,5,0.2,0.1,0.16666666666666666
testing_35,289.tiff,canine lymphosarcoma,289,2,default_51,12640,4540.0,784.0,51,4540.0,784.0,0.0,ea3fe1e5e6184323f6a5abfa6c09351dc8b93b9f,12,12,12,10,0,,False,17,192.77,100,True,99,2601,0,,0,True,30.221751968503938,0.24816562612969095,12.9,5,7,7,0.5,0.35,0.23333333333333334
testing_35,289.tiff,canine lymphosarcoma,289,2,gray_bbox,12640,4540.0,784.0,29,4541.0,784.5,1.118,d6dbbc974b82a99e1924727ff12073cda739b10f,12,12,12,10,0,,False,17,192.77,100,True,97,841,0,,0,True,30.221751968503938,0.24816562612969095,9.3,3,3,4,0.3,0.15,0.13333333333333333
testing_35,289.tiff,canine lymphosarcoma,289,2,hem_bbox,12640,4540.0,784.0,23,4540.0,782.5,1.5,d5b614a9bab281be0a9cd2af67474df749c06723,12,12,12,10,0,,False,17,192.77,100,True,99,529,0,,0,True,30.221751968503938,0.24816562612969095,9.3,3,3,3,0.3,0.15,0.1
testing_35,291.tiff,canine lymphosarcoma,291,0,default_51,13272,6309.0,3146.0,51,6309.0,3146.0,0.0,68de75058ec71f7e0317aed4bdfa41ed5b64420d,61,59,55,59,0,,False,86,90.79,100,True,82,2601,0,,0,True,30.221751968503938,0.24816562612969095,8.2,0,1,5,0.0,0.05,0.16666666666666666
testing_35,291.tiff,canine lymphosarcoma,291,0,gray_bbox,13272,6309.0,3146.0,51,6311.5,3146.0,2.5,10315929bdad246cba2afa1dffbc3c077fd0bd7a,61,59,55,59,0,,False,86,90.79,100,True,88,2601,0,,0,True,30.221751968503938,0.24816562612969095,7.0,1,1,4,0.1,0.05,0.13333333333333333
testing_35,291.tiff,canine lymphosarcoma,291,0,hem_bbox,13272,6309.0,3146.0,27,6304.0,3148.0,5.385,c6b8120c171a7a1c12cabae85c538e9b7a3718e6,61,59,55,59,0,,False,86,90.79,100,True,100,729,0,,0,True,30.221751968503938,0.24816562612969095,5.7,4,6,9,0.4,0.3,0.3
testing_35,291.tiff,canine lymphosarcoma,291,1,default_51,13169,5139.0,934.0,51,5139.0,934.0,0.0,2abce002b63ce6306f53711875040033851a2775,61,59,55,58,0,,False,86,140.17,100,True,97,2601,0,,0,True,30.221751968503938,0.24816562612969095,5.4,4,9,15,0.4,0.45,0.5
testing_35,291.tiff,canine lymphosarcoma,291,1,gray_bbox,13169,5139.0,934.0,43,5139.5,934.0,0.5,1a081e7c0d6635ecae99f2a4c3898525c9042fde,61,59,55,58,0,,False,86,140.17,100,True,98,1849,0,,0,True,30.221751968503938,0.24816562612969095,4.9,5,9,14,0.5,0.45,0.4666666666666667
testing_35,291.tiff,canine lymphosarcoma,291,1,hem_bbox,13169,5139.0,934.0,23,5139.0,931.0,3.0,4f5d86d685ffbe9b8d4adf7b044e62778471b813,61,59,55,58,0,,False,86,140.17,100,True,100,529,0,,0,True,30.221751968503938,0.24816562612969095,4.4,4,6,9,0.4,0.3,0.3
testing_35,291.tiff,canine lymphosarcoma,291,2,default_51,13283,2989.0,4384.0,51,2989.0,4384.0,0.0,046cbd8983784fb0b7942fa27d93ea33683a7419,61,59,55,57,0,,False,86,152.32,100,True,99,2601,0,,0,True,30.221751968503938,0.24816562612969095,4.2,4,9,14,0.4,0.45,0.4666666666666667
testing_35,291.tiff,canine lymphosarcoma,291,2,gray_bbox,13283,2989.0,4384.0,51,2995.0,4384.0,6.0,cc96cd8047a9944a85deae589fe29b2c73cd4509,61,59,55,57,0,,False,86,152.32,100,True,98,2601,0,,0,True,30.221751968503938,0.24816562612969095,3.9,4,9,13,0.4,0.45,0.43333333333333335
testing_35,291.tiff,canine lymphosarcoma,291,2,hem_bbox,13283,2989.0,4384.0,23,2988.0,4383.5,1.118,488a3d0f962120352de47de1d53af339e5c77512,61,59,55,57,0,,False,86,152.32,100,True,97,529,0,,0,True,30.221751968503938,0.24816562612969095,3.4,4,7,11,0.4,0.35,0.36666666666666664
testing_35,293.tiff,canine lymphosarcoma,293,0,default_51,13596,1988.0,2641.0,51,1988.0,2641.0,0.0,5153dce86517f9282a84dd6b5319ce120cf51fc6,79,79,69,79,0,,False,104,35.0,100,True,100,2601,0,,0,True,30.221751968503938,0.24816562612969095,4.1,4,13,21,0.4,0.65,0.7
testing_35,293.tiff,canine lymphosarcoma,293,0,gray_bbox,13596,1988.0,2641.0,41,1993.5,2646.5,7.778,4fdcfb79565eaa3cb32e826838533a7ef5571553,79,79,69,79,0,,False,104,35.0,100,True,100,1681,0,,0,True,30.221751968503938,0.24816562612969095,4.1,8,18,23,0.8,0.9,0.7666666666666667
testing_35,293.tiff,canine lymphosarcoma,293,0,hem_bbox,13596,1988.0,2641.0,25,1987.5,2645.5,4.528,35da763df9857f8504c6ab9df946c7f1b05986e5,79,79,69,79,0,,False,104,35.0,100,True,97,625,0,,0,True,30.221751968503938,0.24816562612969095,3.9,9,16,22,0.9,0.8,0.7333333333333333
testing_35,293.tiff,canine lymphosarcoma,293,1,default_51,13588,922.0,2714.0,51,922.0,2714.0,0.0,1121aa721d056555552ca9b93228d6d01e860c8b,79,79,69,78,0,,False,104,315.29,100,True,100,2601,0,,0,True,30.221751968503938,0.24816562612969095,4.3,4,13,20,0.4,0.65,0.6666666666666666
testing_35,293.tiff,canine lymphosarcoma,293,1,gray_bbox,13588,922.0,2714.0,49,926.5,2715.0,4.61,fd056868a2e1540ddb8554af2184e5beca265873,79,79,69,78,0,,False,104,315.29,100,True,100,2401,0,,0,True,30.221751968503938,0.24816562612969095,4.1,5,14,22,0.5,0.7,0.7333333333333333
testing_35,293.tiff,canine lymphosarcoma,293,1,hem_bbox,13588,922.0,2714.0,25,921.5,2711.0,3.041,c2ab7c6aae186dcc3795a621de578185b95f3196,79,79,69,78,0,,False,104,315.29,100,True,99,625,0,,0,True,30.221751968503938,0.24816562612969095,3.6,9,17,24,0.9,0.85,0.8
testing_35,293.tiff,canine lymphosarcoma,293,2,default_51,13625,1205.0,2853.0,51,1205.0,2853.0,0.0,de4e0fa0161c7ca8c0ff2d0f9516deb0caecc3b1,79,79,69,77,0,,False,104,229.73,100,True,100,2601,0,,0,True,30.221751968503938,0.24816562612969095,3.7,6,15,24,0.6,0.75,0.8
testing_35,293.tiff,canine lymphosarcoma,293,2,gray_bbox,13625,1205.0,2853.0,45,1207.5,2856.5,4.301,21f0c43709b99af8d538df21bcaa60eeea6d30cb,79,79,69,77,0,,False,104,229.73,100,True,99,2025,0,,0,True,30.221751968503938,0.24816562612969095,3.5,7,16,24,0.7,0.8,0.8
testing_35,293.tiff,canine lymphosarcoma,293,2,hem_bbox,13625,1205.0,2853.0,21,1204.5,2852.0,1.118,5071685492d3a7901c5136a576251b686b6763c1,79,79,69,77,0,,False,104,229.73,100,True,99,441,0,,0,True,30.221751968503938,0.24816562612969095,3.3,8,17,24,0.8,0.85,0.8
original_14,459.tiff,canine soft tissue sarcoma,459,0,default_51,22441,1845.0,4003.0,51,1845.0,4003.0,0.0,f5ab6ec231e15425c89188b52c1081706745efb5,122,121,104,121,0,,False,130,130.92,100,True,100,2601,0,,0,True,30.221751968503938,0.24816562612969095,4.0,9,17,26,0.9,0.85,0.8666666666666667
original_14,459.tiff,canine soft tissue sarcoma,459,0,gray_bbox,22441,1845.0,4003.0,33,1844.5,4002.5,0.707,91b727c44961bd697996a6aede8d1e37e7e4b67f,122,121,104,121,0,,False,130,130.92,100,True,100,1089,0,,0,True,30.221751968503938,0.24816562612969095,4.0,9,17,25,0.9,0.85,0.8333333333333334
original_14,459.tiff,canine soft tissue sarcoma,459,0,hem_bbox,22441,1845.0,4003.0,31,1845.0,4002.0,1.0,4b4d867b65a9d713e23512679adda120b71e02d3,122,121,104,121,0,,False,130,130.92,100,True,100,961,0,,0,True,30.221751968503938,0.24816562612969095,4.1,9,17,25,0.9,0.85,0.8333333333333334
original_14,459.tiff,canine soft tissue sarcoma,459,1,default_51,22446,2798.0,4372.0,51,2798.0,4372.0,0.0,4ab6383fd9ce91054d42ab25bc38152d53a6ae25,122,121,104,120,0,,False,130,191.69,100,True,100,2601,0,,0,True,30.221751968503938,0.24816562612969095,4.4,9,18,28,0.9,0.9,0.9333333333333333
original_14,459.tiff,canine soft tissue sarcoma,459,1,gray_bbox,22446,2798.0,4372.0,41,2797.0,4370.0,2.236,08063e6fb5afd70113705d106641459f8d0c0a36,122,121,104,120,0,,False,130,191.69,100,True,100,1681,0,,0,True,30.221751968503938,0.24816562612969095,4.3,10,19,29,1.0,0.95,0.9666666666666667
original_14,459.tiff,canine soft tissue sarcoma,459,1,hem_bbox,22446,2798.0,4372.0,39,2797.0,4371.0,1.414,6782920782103295249e5b00bd9fbe21df120e89,122,121,104,120,0,,False,130,191.69,100,True,100,1521,0,,0,True,30.221751968503938,0.24816562612969095,4.2,9,18,28,0.9,0.9,0.9333333333333333
original_14,459.tiff,canine soft tissue sarcoma,459,2,default_51,22306,494.0,427.0,51,494.0,427.0,0.0,6a49286d9a4f6a062eca15e0a3c7377e27637641,122,121,104,119,0,,False,130,129.99,100,True,100,2601,0,,0,True,30.221751968503938,0.24816562612969095,4.3,10,17,25,1.0,0.85,0.8333333333333334
original_14,459.tiff,canine soft tissue sarcoma,459,2,gray_bbox,22306,494.0,427.0,39,494.5,427.5,0.707,6e62921098f0010c6f6994a21e33ac503304967b,122,121,104,119,0,,False,130,129.99,100,True,100,1521,0,,0,True,30.221751968503938,0.24816562612969095,3.9,10,17,23,1.0,0.85,0.7666666666666667
original_14,459.tiff,canine soft tissue sarcoma,459,2,hem_bbox,22306,494.0,427.0,33,494.5,426.5,0.707,797357ba1eef34013617ddfe4134b06baac70cb7,122,121,104,119,0,,False,130,129.99,100,True,100,1089,0,,0,True,30.221751968503938,0.24816562612969095,3.6,10,14,17,1.0,0.7,0.5666666666666667
original_14,460.tiff,canine soft tissue sarcoma,460,0,default_51,22577,5152.0,3999.0,51,5152.0,3999.0,0.0,b5e5b23e32b8930f7ef5d5160b7cbf836bc6ff6c,31,31,27,31,0,,False,35,498.52,100,True,100,2601,0,,0,True,30.221751968503938,0.24816562612969095,4.0,7,16,17,0.7,0.8,0.5666666666666667
original_14,460.tiff,canine soft tissue sarcoma,460,0,gray_bbox,22577,5152.0,3999.0,47,5156.0,3997.0,4.472,7041fca741816a6a22f1cbd043741463b1b7601f,31,31,27,31,0,,False,35,498.52,100,True,100,2209,0,,0,True,30.221751968503938,0.24816562612969095,4.3,7,16,17,0.7,0.8,0.5666666666666667
original_14,460.tiff,canine soft tissue sarcoma,460,0,hem_bbox,22577,5152.0,3999.0,41,5149.0,3996.5,3.905,bbfe1bfef0a3e2115cfd96344f9631af453282ff,31,31,27,31,0,,False,35,498.52,100,True,100,1681,0,,0,True,30.221751968503938,0.24816562612969095,4.2,7,14,15,0.7,0.7,0.5
original_14,460.tiff,canine soft tissue sarcoma,460,1,default_51,22538,2385.0,1437.0,51,2385.0,1437.0,0.0,ae0d3ea2bb571e7d2e8a2fee811ed72d0bb588b1,31,31,27,30,0,,False,35,44.82,100,True,100,2601,0,,0,True,30.221751968503938,0.24816562612969095,4.3,8,15,17,0.8,0.75,0.5666666666666667
original_14,460.tiff,canine soft tissue sarcoma,460,1,gray_bbox,22538,2385.0,1437.0,39,2383.5,1432.5,4.743,25456ede683396dbf5b1262336898dc158d9d966,31,31,27,30,0,,False,35,44.82,100,True,98,1521,0,,0,True,30.221751968503938,0.24816562612969095,4.1,8,12,15,0.8,0.6,0.5
original_14,460.tiff,canine soft tissue sarcoma,460,1,hem_bbox,22538,2385.0,1437.0,23,2387.5,1434.5,3.536,d21d8404f3a9eea73283e715423f4893caa4fec7,31,31,27,30,0,,False,35,44.82,100,True,97,529,0,,0,True,30.221751968503938,0.24816562612969095,3.8,4,5,6,0.4,0.25,0.2
original_14,460.tiff,canine soft tissue sarcoma,460,2,default_51,22552,4868.0,2589.0,51,4868.0,2589.0,0.0,a1a26abe06ac1d8f1b16354e8a46096f6b145da9,31,31,27,29,0,,False,35,202.41,100,True,100,2601,0,,0,True,30.221751968503938,0.24816562612969095,3.9,9,18,19,0.9,0.9,0.6333333333333333
original_14,460.tiff,canine soft tissue sarcoma,460,2,gray_bbox,22552,4868.0,2589.0,51,4868.0,2590.0,1.0,06c82020194a835ad22c014da5da97b2941674da,31,31,27,29,0,,False,35,202.41,100,True,100,2601,0,,0,True,30.221751968503938,0.24816562612969095,3.8,9,18,19,0.9,0.9,0.6333333333333333
original_14,460.tiff,canine soft tissue sarcoma,460,2,hem_bbox,22552,4868.0,2589.0,29,4865.0,2590.5,3.354,a73631d2da7b704bef619f534e360497863df88f,31,31,27,29,0,,False,35,202.41,100,True,98,841,0,,0,True,30.221751968503938,0.24816562612969095,3.4,5,6,6,0.5,0.3,0.2
testing_35,410.tiff,canine soft tissue sarcoma,410,0,default_51,20699,3470.0,4831.0,51,3470.0,4831.0,0.0,35a58ce6b59d5513bb3a7e2e5aa8facd5a7ecc14,13,13,10,13,1,20696:gray_bbox+hem_bbox,False,16,607.07,100,True,90,2601,0,,0,True,30.221751968503938,0.24816562612969095,4.1,5,5,5,0.5,0.25,0.16666666666666666
testing_35,410.tiff,canine soft tissue sarcoma,410,0,gray_bbox,20699,3470.0,4831.0,29,3464.0,4836.5,8.139,e39a970f6a1753b8d11ebcb284b30218900e5676,13,13,10,13,1,20696:gray_bbox+hem_bbox,False,16,607.07,100,True,95,841,0,,0,True,30.221751968503938,0.24816562612969095,4.0,3,3,3,0.3,0.15,0.1
testing_35,410.tiff,canine soft tissue sarcoma,410,0,hem_bbox,20699,3470.0,4831.0,21,3467.5,4833.0,3.202,9d11f031200a289d713388cc0bb482ec3864ca24,13,13,10,13,1,20696:gray_bbox+hem_bbox,False,16,607.07,100,True,98,441,0,,0,True,30.221751968503938,0.24816562612969095,4.0,2,2,2,0.2,0.1,0.06666666666666667
testing_35,410.tiff,canine soft tissue sarcoma,410,1,default_51,20687,2892.0,635.0,51,2892.0,635.0,0.0,017a0924c66257ba76e6a1fe150aa5e0e1847613,13,13,10,12,0,,False,16,390.62,100,True,100,2601,0,,0,True,30.221751968503938,0.24816562612969095,4.6,3,3,3,0.3,0.15,0.1
testing_35,410.tiff,canine soft tissue sarcoma,410,1,gray_bbox,20687,2892.0,635.0,35,2891.0,638.5,3.64,1877eb54cdd4172a1e0c1ac36a4db66fa1b6267f,13,13,10,12,0,,False,16,390.62,100,True,100,1225,0,,0,True,30.221751968503938,0.24816562612969095,4.1,3,3,3,0.3,0.15,0.1
testing_35,410.tiff,canine soft tissue sarcoma,410,1,hem_bbox,20687,2892.0,635.0,29,2890.0,632.5,3.202,745ef64607d1962848f5fac24056c17c3b35deb8,13,13,10,12,0,,False,16,390.62,100,True,100,841,0,,0,True,30.221751968503938,0.24816562612969095,3.8,2,2,2,0.2,0.1,0.06666666666666667
testing_35,410.tiff,canine soft tissue sarcoma,410,2,default_51,20694,2894.0,2616.0,51,2894.0,2616.0,0.0,0ad2449d1671ac772dcc71317b6fcbedd758a69d,13,13,10,11,1,20695:gray_bbox+hem_bbox,False,16,717.52,100,True,100,2601,0,,0,True,30.221751968503938,0.24816562612969095,3.9,2,5,5,0.2,0.25,0.16666666666666666
testing_35,410.tiff,canine soft tissue sarcoma,410,2,gray_bbox,20694,2894.0,2616.0,35,2893.5,2617.0,1.118,5a0a6e48e63bf7d7484da8660a4fe07bacf96fa2,13,13,10,11,1,20695:gray_bbox+hem_bbox,False,16,717.52,100,True,99,1225,0,,0,True,30.221751968503938,0.24816562612969095,3.5,2,3,3,0.2,0.15,0.1
testing_35,410.tiff,canine soft tissue sarcoma,410,2,hem_bbox,20694,2894.0,2616.0,33,2893.5,2616.0,0.5,f7bd4d439a6a4301c22c962cd86cf950602bad96,13,13,10,11,1,20695:gray_bbox+hem_bbox,False,16,717.52,100,True,99,1089,0,,0,True,30.221751968503938,0.24816562612969095,3.4,2,3,3,0.2,0.15,0.1
testing_35,425.tiff,canine soft tissue sarcoma,425,0,default_51,21116,4612.0,559.0,51,4612.0,559.0,0.0,b25fa2dfab07c3e0831d6caf4a45686fc4a78578,11,11,11,11,0,,False,16,1536.9,100,True,100,2601,0,,0,True,30.221751968503938,0.24816562612969095,4.0,9,15,15,0.9,0.75,0.5
testing_35,425.tiff,canine soft tissue sarcoma,425,0,gray_bbox,21116,4612.0,559.0,51,4612.0,557.5,1.5,73cd32a5ab2a605cea51e88a59db59140b1c54f2,11,11,11,11,0,,False,16,1536.9,100,True,99,2601,0,,0,True,30.221751968503938,0.24816562612969095,4.4,9,15,15,0.9,0.75,0.5
testing_35,425.tiff,canine soft tissue sarcoma,425,0,hem_bbox,21116,4612.0,559.0,39,4606.0,559.0,6.0,9a716046b29d825d2b404ddebb53555d34aaefac,11,11,11,11,0,,False,16,1536.9,100,True,98,1521,0,,0,True,30.221751968503938,0.24816562612969095,4.2,9,15,16,0.9,0.75,0.5333333333333333
testing_35,425.tiff,canine soft tissue sarcoma,425,1,default_51,21113,2166.0,544.0,51,2166.0,544.0,0.0,b07d4d0976f2f1d00d1e7c179f1b76d6e4199fa7,11,11,11,10,0,,False,16,351.39,100,True,97,2601,0,,0,True,30.221751968503938,0.24816562612969095,4.3,9,12,12,0.9,0.6,0.4
testing_35,425.tiff,canine soft tissue sarcoma,425,1,gray_bbox,21113,2166.0,544.0,51,2166.0,545.5,1.5,93d65631e497495d03691d731844eab7351a90f0,11,11,11,10,0,,False,16,351.39,100,True,95,2601,0,,0,True,30.221751968503938,0.24816562612969095,4.3,9,12,12,0.9,0.6,0.4
testing_35,425.tiff,canine soft tissue sarcoma,425,1,hem_bbox,21113,2166.0,544.0,51,2165.5,546.0,2.062,93d65631e497495d03691d731844eab7351a90f0,11,11,11,10,0,,False,16,351.39,100,True,95,2601,0,,0,True,30.221751968503938,0.24816562612969095,4.1,9,12,12,0.9,0.6,0.4
testing_35,425.tiff,canine soft tissue sarcoma,425,2,default_51,21120,2750.0,1080.0,51,2750.0,1080.0,0.0,ed60f94cefc8ef4c2899b649b8c5557ddb7cf23b,11,11,11,9,0,,False,16,750.56,100,True,99,2601,0,,0,True,30.221751968503938,0.24816562612969095,4.1,9,15,15,0.9,0.75,0.5
testing_35,425.tiff,canine soft tissue sarcoma,425,2,gray_bbox,21120,2750.0,1080.0,51,2750.0,1081.5,1.5,e47f593e3e34cf0a36d38d8c7fc006e965dfbb94,11,11,11,9,0,,False,16,750.56,100,True,100,2601,0,,0,True,30.221751968503938,0.24816562612969095,4.1,9,14,15,0.9,0.7,0.5
testing_35,425.tiff,canine soft tissue sarcoma,425,2,hem_bbox,21120,2750.0,1080.0,37,2749.0,1078.0,2.236,e1d2b23a9fce5e7537f8c30e434f3ec544aecfba,11,11,11,9,0,,False,16,750.56,100,True,100,1369,0,,0,True,30.221751968503938,0.24816562612969095,3.8,10,14,14,1.0,0.7,0.4666666666666667
testing_35,435.tiff,canine soft tissue sarcoma,435,0,default_51,21400,2508.0,2704.0,51,2508.0,2704.0,0.0,e310cfde12ef25bc8c60885948ad438bd13d494f,40,40,29,40,1,21358:gray_bbox+hem_bbox,False,52,450.14,100,True,97,2601,0,,0,True,30.221751968503938,0.24816562612969095,4.7,6,7,10,0.6,0.35,0.3333333333333333
testing_35,435.tiff,canine soft tissue sarcoma,435,0,gray_bbox,21400,2508.0,2704.0,51,2508.0,2704.0,0.0,e310cfde12ef25bc8c60885948ad438bd13d494f,40,40,29,40,1,21358:gray_bbox+hem_bbox,False,52,450.14,100,True,97,2601,0,,0,True,30.221751968503938,0.24816562612969095,4.8,6,7,10,0.6,0.35,0.3333333333333333
testing_35,435.tiff,canine soft tissue sarcoma,435,0,hem_bbox,21400,2508.0,2704.0,29,2507.0,2705.0,1.414,0d5d6e8e542c084b8118f8a453005570249608d2,40,40,29,40,1,21358:gray_bbox+hem_bbox,False,52,450.14,100,True,98,841,0,,0,True,30.221751968503938,0.24816562612969095,4.4,4,7,10,0.4,0.35,0.3333333333333333
testing_35,435.tiff,canine soft tissue sarcoma,435,1,default_51,21385,1579.0,1891.0,51,1579.0,1891.0,0.0,69b1310d18cf15abc88921ea1eac48b629b7a306,40,40,29,39,0,,False,52,378.65,100,True,99,2601,0,,0,True,30.221751968503938,0.24816562612969095,4.9,6,10,12,0.6,0.5,0.4
testing_35,435.tiff,canine soft tissue sarcoma,435,1,gray_bbox,21385,1579.0,1891.0,33,1580.0,1889.0,2.236,c96fc519ed98059456bf3b9a6db1ad98574c5833,40,40,29,39,0,,False,52,378.65,100,True,100,1089,0,,0,True,30.221751968503938,0.24816562612969095,4.3,7,8,11,0.7,0.4,0.36666666666666664
testing_35,435.tiff,canine soft tissue sarcoma,435,1,hem_bbox,21385,1579.0,1891.0,31,1579.5,1889.0,2.062,6d2066b466b8f8067f496ec6c9cb69653551a23a,40,40,29,39,0,,False,52,378.65,100,True,99,961,0,,0,True,30.221751968503938,0.24816562612969095,3.9,7,8,10,0.7,0.4,0.3333333333333333
testing_35,435.tiff,canine soft tissue sarcoma,435,2,default_51,21359,1656.0,71.0,51,1656.0,71.0,0.0,939cbca1d509d014455a9fb1c204fbd390cd460f,40,40,29,38,2,21354:hem_bbox;21388:gray_bbox+hem_bbox,False,52,296.71,100,True,99,2601,0,,0,True,30.221751968503938,0.24816562612969095,4.1,6,8,10,0.6,0.4,0.3333333333333333
testing_35,435.tiff,canine soft tissue sarcoma,435,2,gray_bbox,21359,1656.0,71.0,51,1656.0,70.0,1.0,4c4f878ce78c74e8eb8daf138ded42ae635d458e,40,40,29,38,2,21354:hem_bbox;21388:gray_bbox+hem_bbox,False,52,296.71,100,True,100,2601,0,,0,True,30.221751968503938,0.24816562612969095,3.9,6,8,10,0.6,0.4,0.3333333333333333
testing_35,435.tiff,canine soft tissue sarcoma,435,2,hem_bbox,21359,1656.0,71.0,25,1656.0,78.0,7.0,ac102268fe52fd075cc88953c3a04ed794fbcddd,40,40,29,38,2,21354:hem_bbox;21388:gray_bbox+hem_bbox,False,52,296.71,100,True,100,625,0,,0,True,30.221751968503938,0.24816562612969095,3.6,2,5,9,0.2,0.25,0.3
testing_35,462.tiff,canine soft tissue sarcoma,462,0,default_51,22660,4205.0,369.0,51,4205.0,369.0,0.0,dff8edc30198c6b8599200252b1c16f084bde9a9,13,13,12,13,0,,False,14,245.98,100,True,100,2601,0,,0,True,30.221751968503938,0.24816562612969095,4.1,0,2,3,0.0,0.1,0.1
testing_35,462.tiff,canine soft tissue sarcoma,462,0,gray_bbox,22660,4205.0,369.0,39,4205.0,366.0,3.0,7f36a9cba64d45cf292c3c2c7d2371dfbe00c44b,13,13,12,13,0,,False,14,245.98,100,True,100,1521,0,,0,True,30.221751968503938,0.24816562612969095,4.1,1,2,3,0.1,0.1,0.1
testing_35,462.tiff,canine soft tissue sarcoma,462,0,hem_bbox,22660,4205.0,369.0,31,4204.5,368.5,0.707,f7c5cd0d824966040f7f36d2aa4384f8996bf1d4,13,13,12,13,0,,False,14,245.98,100,True,100,961,0,,0,True,30.221751968503938,0.24816562612969095,4.1,1,2,3,0.1,0.1,0.1
testing_35,462.tiff,canine soft tissue sarcoma,462,1,default_51,22686,4752.0,2901.0,51,4752.0,2901.0,0.0,00de1d0f508570ee85e967662cbbffd42683a3a6,13,13,12,12,1,22673:gray_bbox,False,14,187.32,100,True,100,2601,0,,0,True,30.221751968503938,0.24816562612969095,4.3,2,2,3,0.2,0.1,0.1
testing_35,462.tiff,canine soft tissue sarcoma,462,1,gray_bbox,22686,4752.0,2901.0,33,4752.5,2901.0,0.5,57a3a20b6b037d3bb453456a54052bf7b3d7253d,13,13,12,12,1,22673:gray_bbox,False,14,187.32,100,True,100,1089,0,,0,True,30.221751968503938,0.24816562612969095,4.2,2,2,3,0.2,0.1,0.1
testing_35,462.tiff,canine soft tissue sarcoma,462,1,hem_bbox,22686,4752.0,2901.0,29,4752.5,2901.0,0.5,d2f06135002ec44db8ab4d5c0d9de72b0ef1e692,13,13,12,12,1,22673:gray_bbox,False,14,187.32,100,True,100,841,0,,0,True,30.221751968503938,0.24816562612969095,3.6,2,2,3,0.2,0.1,0.1
testing_35,462.tiff,canine soft tissue sarcoma,462,2,default_51,22672,3169.0,908.0,51,3169.0,908.0,0.0,da79407ef16aec0e64e58f99ffb2242bc000a95a,13,13,12,11,0,,False,14,356.2,100,True,100,2601,0,,0,True,30.221751968503938,0.24816562612969095,3.6,1,3,3,0.1,0.15,0.1
testing_35,462.tiff,canine soft tissue sarcoma,462,2,gray_bbox,22672,3169.0,908.0,23,3167.5,910.5,2.915,231b6d0c95ffc8eb1aba76f4cfdcbc0cdde8af1f,13,13,12,11,0,,False,14,356.2,100,True,97,529,0,,0,True,30.221751968503938,0.24816562612969095,3.2,2,3,3,0.2,0.15,0.1
testing_35,462.tiff,canine soft tissue sarcoma,462,2,hem_bbox,22672,3169.0,908.0,21,3167.5,911.5,3.808,a8f58ed70b1a4ca5f4063562de790f06ae7c0d5e,13,13,12,11,0,,False,14,356.2,100,True,96,441,0,,0,True,30.221751968503938,0.24816562612969095,3.1,2,3,3,0.2,0.15,0.1
testing_35,499.tiff,canine soft tissue sarcoma,499,0,default_51,23957,3641.0,2114.0,51,3641.0,2114.0,0.0,af549fafac463371d3abd7d4fc8f23aaef8a38f6,60,59,38,59,0,,False,61,561.54,100,True,98,2601,0,,0,True,30.221751968503938,0.24816562612969095,4.0,7,15,20,0.7,0.75,0.6666666666666666
testing_35,499.tiff,canine soft tissue sarcoma,499,0,gray_bbox,23957,3641.0,2114.0,31,3641.0,2116.0,2.0,51958b986a1a8619460ac24dd31f293db50a745d,60,59,38,59,0,,False,61,561.54,100,True,96,961,0,,0,True,30.221751968503938,0.24816562612969095,3.9,8,14,20,0.8,0.7,0.6666666666666666
testing_35,499.tiff,canine soft tissue sarcoma,499,0,hem_bbox,23957,3641.0,2114.0,27,3641.5,2112.5,1.581,d72909e852f52c993e59810fe30fcc76d5af95fe,60,59,38,59,0,,False,61,561.54,100,True,95,729,0,,0,True,30.221751968503938,0.24816562612969095,4.0,8,15,20,0.8,0.75,0.6666666666666666
testing_35,499.tiff,canine soft tissue sarcoma,499,1,default_51,24000,6357.0,4423.0,51,6357.0,4423.0,0.0,877d4eb538d82d434198e196958b0332a9d782ad,60,59,38,58,1,23919:gray_bbox+hem_bbox,False,61,129.51,100,True,98,2601,0,,0,True,30.221751968503938,0.24816562612969095,4.2,8,15,21,0.8,0.75,0.7
testing_35,499.tiff,canine soft tissue sarcoma,499,1,gray_bbox,24000,6357.0,4423.0,47,6354.0,4421.0,3.606,a36cf62fa5b7a1214b84f7fa53c061be89120130,60,59,38,58,1,23919:gray_bbox+hem_bbox,False,61,129.51,100,True,99,2209,0,,0,True,30.221751968503938,0.24816562612969095,4.1,7,14,20,0.7,0.7,0.6666666666666666
testing_35,499.tiff,canine soft tissue sarcoma,499,1,hem_bbox,24000,6357.0,4423.0,23,6357.0,4423.0,0.0,fbe5bd8d99e1025b52349657169622418414bb87,60,59,38,58,1,23919:gray_bbox+hem_bbox,False,61,129.51,100,True,93,529,0,,0,True,30.221751968503938,0.24816562612969095,4.7,6,12,20,0.6,0.6,0.6666666666666666
testing_35,499.tiff,canine soft tissue sarcoma,499,2,default_51,23980,2547.0,3622.0,51,2547.0,3622.0,0.0,0afc707bb385607e95662882c91403932c7e95ba,60,59,38,57,0,,False,61,203.04,100,True,96,2601,0,,0,True,30.221751968503938,0.24816562612969095,4.7,7,14,19,0.7,0.7,0.6333333333333333
testing_35,499.tiff,canine soft tissue sarcoma,499,2,gray_bbox,23980,2547.0,3622.0,39,2547.0,3618.5,3.5,321379f3fad041894aeaf8573dcdc2c14bdc597d,60,59,38,57,0,,False,61,203.04,100,True,96,1521,0,,0,True,30.221751968503938,0.24816562612969095,4.4,8,14,21,0.8,0.7,0.7
testing_35,499.tiff,canine soft tissue sarcoma,499,2,hem_bbox,23980,2547.0,3622.0,31,2545.5,3618.0,4.272,220dd756a82a2963557ba34220445c77eab1ac48,60,59,38,57,0,,False,61,203.04,100,True,93,961,0,,0,True,30.221751968503938,0.24816562612969095,4.6,8,15,22,0.8,0.75,0.7333333333333333
original_14,013.tiff,human breast cancer,13,0,default_51,249,1710.0,2861.0,51,1710.0,2861.0,0.0,db81825e885b427bc19553a36def347eada9241c,11,11,7,11,1,254:hem_bbox,False,17,426.41,100,True,100,2601,0,,0,True,33.13877952755905,0.22632094805310524,8.1,6,8,9,0.6,0.4,0.3
original_14,013.tiff,human breast cancer,13,0,gray_bbox,249,1710.0,2861.0,39,1712.0,2859.5,2.5,7a00c5a2af1be2c477aea5590e91bee49f8065be,11,11,7,11,1,254:hem_bbox,False,17,426.41,100,True,98,1521,0,,0,True,33.13877952755905,0.22632094805310524,7.9,6,8,9,0.6,0.4,0.3
original_14,013.tiff,human breast cancer,13,0,hem_bbox,249,1710.0,2861.0,39,1711.0,2860.5,1.118,d39caf7841ca5bf5346da03489fc5a16de86e2be,11,11,7,11,1,254:hem_bbox,False,17,426.41,100,True,98,1521,0,,0,True,33.13877952755905,0.22632094805310524,7.0,6,9,10,0.6,0.45,0.3333333333333333
original_14,013.tiff,human breast cancer,13,1,default_51,263,3727.0,5362.0,51,3727.0,5362.0,0.0,0d1c070ff8283ee8df14ecdcbd5514d0b2c916ef,11,11,7,10,1,243:gray_bbox+hem_bbox,False,17,72.57,100,True,100,2601,0,,0,True,33.13877952755905,0.22632094805310524,7.1,5,8,9,0.5,0.4,0.3
original_14,013.tiff,human breast cancer,13,1,gray_bbox,263,3727.0,5362.0,29,3729.0,5361.5,2.062,fd8f5c0fe97c9e11bae36693fc5a498935766284,11,11,7,10,1,243:gray_bbox+hem_bbox,False,17,72.57,100,True,98,841,0,,0,True,33.13877952755905,0.22632094805310524,6.4,4,5,7,0.4,0.25,0.23333333333333334
original_14,013.tiff,human breast cancer,13,1,hem_bbox,263,3727.0,5362.0,27,3729.5,5362.0,2.5,d03010c327d44dfb94f00c1c7bcac148d0d56e50,11,11,7,10,1,243:gray_bbox+hem_bbox,False,17,72.57,100,True,98,729,0,,0,True,33.13877952755905,0.22632094805310524,6.1,5,7,9,0.5,0.35,0.3
original_14,013.tiff,human breast cancer,13,2,default_51,258,3064.0,3994.0,51,3064.0,3994.0,0.0,f3d5302d7dc776e2b200e74a1cbbaecfe1525195,11,11,7,9,0,,False,17,242.03,100,True,99,2601,0,,0,True,33.13877952755905,0.22632094805310524,7.1,6,9,9,0.6,0.45,0.3
original_14,013.tiff,human breast cancer,13,2,gray_bbox,258,3064.0,3994.0,43,3063.0,3993.5,1.118,1c5679d11f415aca77cde1b2985d51b34fe7fdcd,11,11,7,9,0,,False,17,242.03,100,True,99,1849,0,,0,True,33.13877952755905,0.22632094805310524,6.8,5,7,8,0.5,0.35,0.26666666666666666
original_14,013.tiff,human breast cancer,13,2,hem_bbox,258,3064.0,3994.0,39,3061.0,3992.5,3.354,0a6c1d268ff9765dde3d5c7d03f339be314af44a,11,11,7,9,0,,False,17,242.03,100,True,99,1521,0,,0,True,33.13877952755905,0.22632094805310524,5.9,5,7,8,0.5,0.35,0.26666666666666666
original_14,094.tiff,human breast cancer,94,0,default_51,2512,5560.0,1178.0,51,5560.0,1178.0,0.0,affed4fe7b20ef79f56dcef662866d0f25556425,49,49,41,49,0,,False,81,61.98,100,True,100,2601,0,,0,True,32.63031496062992,0.22984761284250915,6.1,5,15,21,0.5,0.75,0.7
original_14,094.tiff,human breast cancer,94,0,gray_bbox,2512,5560.0,1178.0,25,5557.5,1178.0,2.5,2a6839bfdc9335a12b299a2c849760d6c1a8d9e5,49,49,41,49,0,,False,81,61.98,100,True,97,625,0,,0,True,32.63031496062992,0.22984761284250915,5.4,5,15,22,0.5,0.75,0.7333333333333333
original_14,094.tiff,human breast cancer,94,0,hem_bbox,2512,5560.0,1178.0,23,5557.5,1177.0,2.693,b03c9e680550b63a7d11ed51dbb40fe831a42ebc,49,49,41,49,0,,False,81,61.98,100,True,99,529,0,,0,True,32.63031496062992,0.22984761284250915,5.5,5,14,20,0.5,0.7,0.6666666666666666
original_14,094.tiff,human breast cancer,94,1,default_51,2536,4186.0,2213.0,51,4186.0,2213.0,0.0,311eeb61caa583248b30ba66270b849d1703f084,49,49,41,48,0,,False,81,281.89,100,True,100,2601,0,,0,True,32.63031496062992,0.22984761284250915,6.2,5,15,21,0.5,0.75,0.7
original_14,094.tiff,human breast cancer,94,1,gray_bbox,2536,4186.0,2213.0,25,4189.0,2215.5,3.905,e57b70222615d7d07ca60b7c1dfd4e73511ed358,49,49,41,48,0,,False,81,281.89,100,True,99,625,0,,0,True,32.63031496062992,0.22984761284250915,4.7,5,14,20,0.5,0.7,0.6666666666666666
original_14,094.tiff,human breast cancer,94,1,hem_bbox,2536,4186.0,2213.0,23,4190.0,2216.5,5.315,3c48bc45438ff3ac2c0a18ee54d303d682a9e6d6,49,49,41,48,0,,False,81,281.89,100,True,98,529,0,,0,True,32.63031496062992,0.22984761284250915,4.2,6,14,20,0.6,0.7,0.6666666666666666
original_14,094.tiff,human breast cancer,94,2,default_51,2494,5421.0,405.0,51,5421.0,405.0,0.0,f6538e7c0e6f7cd42a5cf3bd2aaf8f6c7bda05c1,49,49,41,47,0,,False,81,284.92,100,True,96,2601,0,,0,True,32.63031496062992,0.22984761284250915,4.4,5,14,20,0.5,0.7,0.6666666666666666
original_14,094.tiff,human breast cancer,94,2,gray_bbox,2494,5421.0,405.0,35,5421.5,405.5,0.707,77551fbcc8842748059c1b20392b9f8896166abd,49,49,41,47,0,,False,81,284.92,100,True,99,1225,0,,0,True,32.63031496062992,0.22984761284250915,4.3,5,14,21,0.5,0.7,0.7
original_14,094.tiff,human breast cancer,94,2,hem_bbox,2494,5421.0,405.0,33,5421.5,399.0,6.021,743e81ab2de15e02f80657f61e886a9ca82c5cb4,49,49,41,47,0,,False,81,284.92,100,True,98,1089,0,,0,True,32.63031496062992,0.22984761284250915,4.2,6,15,22,0.6,0.75,0.7333333333333333
testing_35,007.tiff,human breast cancer,7,0,default_51,135,2046.0,3969.0,51,2046.0,3969.0,0.0,36ba49d6cfaf2e01df08f2bc46300c21662594d7,17,17,15,17,0,,False,21,462.13,100,True,99,2601,0,,0,True,33.053149606299215,0.22690727175272468,5.5,6,7,8,0.6,0.35,0.26666666666666666
testing_35,007.tiff,human breast cancer,7,0,gray_bbox,135,2046.0,3969.0,51,2041.0,3969.0,5.0,4798635300a01ca5a4329493e30616e24e9dfcbf,17,17,15,17,0,,False,21,462.13,100,True,98,2601,0,,0,True,33.053149606299215,0.22690727175272468,5.6,6,8,8,0.6,0.4,0.26666666666666666
testing_35,007.tiff,human breast cancer,7,0,hem_bbox,135,2046.0,3969.0,31,2044.5,3970.5,2.121,cce7b1399ba924f01506ea0629d7a8acf897db4f,17,17,15,17,0,,False,21,462.13,100,True,98,961,0,,0,True,33.053149606299215,0.22690727175272468,5.4,6,7,8,0.6,0.35,0.26666666666666666
testing_35,007.tiff,human breast cancer,7,1,default_51,134,6898.0,3323.0,51,6898.0,3323.0,0.0,61c23b7b762ac2ec869da27b3ea1639692a9c23f,17,17,15,16,0,,False,21,248.85,100,True,100,2601,0,,0,True,33.053149606299215,0.22690727175272468,5.8,6,7,7,0.6,0.35,0.23333333333333334
testing_35,007.tiff,human breast cancer,7,1,gray_bbox,134,6898.0,3323.0,51,6894.5,3323.0,3.5,4b140151f8f689b6ab397d1a079746075b18e1e2,17,17,15,16,0,,False,21,248.85,100,True,100,2601,0,,0,True,33.053149606299215,0.22690727175272468,5.6,6,7,8,0.6,0.35,0.26666666666666666
testing_35,007.tiff,human breast cancer,7,1,hem_bbox,134,6898.0,3323.0,31,6894.5,3322.0,3.64,06a029c3b164fa3ee2a9314d78652b459804bf09,17,17,15,16,0,,False,21,248.85,100,True,99,961,0,,0,True,33.053149606299215,0.22690727175272468,5.1,6,8,8,0.6,0.4,0.26666666666666666
testing_35,007.tiff,human breast cancer,7,2,default_51,130,5593.0,3198.0,51,5593.0,3198.0,0.0,2a62478d69d93e5e776b82e42b90424d4729baa5,17,17,15,15,0,,False,21,748.07,100,True,100,2601,0,,0,True,33.053149606299215,0.22690727175272468,5.7,6,7,7,0.6,0.35,0.23333333333333334
testing_35,007.tiff,human breast cancer,7,2,gray_bbox,130,5593.0,3198.0,39,5593.5,3194.0,4.031,8f5dd4ff4cdc085c3c0479e93d7e2c2f628d1054,17,17,15,15,0,,False,21,748.07,100,True,98,1521,0,,0,True,33.053149606299215,0.22690727175272468,5.4,6,7,7,0.6,0.35,0.23333333333333334
testing_35,007.tiff,human breast cancer,7,2,hem_bbox,130,5593.0,3198.0,37,5594.0,3193.5,4.61,5fc6dcfdd239f0ef8c1355c768cfab2c87ca22f6,17,17,15,15,0,,False,21,748.07,100,True,98,1369,0,,0,True,33.053149606299215,0.22690727175272468,5.3,6,7,7,0.6,0.35,0.23333333333333334
testing_35,072.tiff,human breast cancer,72,0,default_51,1812,6090.0,1925.0,51,6090.0,1925.0,0.0,95a2e49eb9717b67a88aab858ff94ab9938b595f,32,32,28,32,0,,False,48,394.06,100,True,100,2601,0,,0,True,32.63031496062992,0.22984761284250915,7.0,6,12,18,0.6,0.6,0.6
testing_35,072.tiff,human breast cancer,72,0,gray_bbox,1812,6090.0,1925.0,35,6089.5,1922.5,2.55,8ae77e1aee36c657a02170d0540d3af0b0fc225d,32,32,28,32,0,,False,48,394.06,100,True,98,1225,0,,0,True,32.63031496062992,0.22984761284250915,6.5,6,8,8,0.6,0.4,0.26666666666666666
testing_35,072.tiff,human breast cancer,72,0,hem_bbox,1812,6090.0,1925.0,29,6091.0,1922.0,3.162,574c7b6bfcbb6798048be1167ec06fe60b7e61e5,32,32,28,32,0,,False,48,394.06,100,True,97,841,0,,0,True,32.63031496062992,0.22984761284250915,6.8,6,6,7,0.6,0.3,0.23333333333333334
testing_35,072.tiff,human breast cancer,72,1,default_51,1844,6589.0,1848.0,51,6589.0,1848.0,0.0,29e669757700f2eb35cf23501ddf85255009fc33,32,32,28,31,0,,False,48,504.91,100,True,99,2601,0,,0,True,32.63031496062992,0.22984761284250915,7.4,6,11,14,0.6,0.55,0.4666666666666667
testing_35,072.tiff,human breast cancer,72,1,gray_bbox,1844,6589.0,1848.0,33,6588.5,1846.0,2.062,0dd70a74ab00f46823ed3583c20b6866a1ea80bf,32,32,28,31,0,,False,48,504.91,100,True,97,1089,0,,0,True,32.63031496062992,0.22984761284250915,5.9,4,7,9,0.4,0.35,0.3
testing_35,072.tiff,human breast cancer,72,1,hem_bbox,1844,6589.0,1848.0,27,6587.5,1848.0,1.5,6cc279817b5a096414e6ba3c1fc3c0a6be12d09a,32,32,28,31,0,,False,48,504.91,100,True,97,729,0,,0,True,32.63031496062992,0.22984761284250915,5.7,3,6,6,0.3,0.3,0.2
testing_35,072.tiff,human breast cancer,72,2,default_51,1813,6139.0,2316.0,51,6139.0,2316.0,0.0,3ed5eaa63291cebe5697ec555ade862e5a152e4b,32,32,28,30,0,,False,48,157.88,100,True,100,2601,0,,0,True,32.63031496062992,0.22984761284250915,6.3,6,12,16,0.6,0.6,0.5333333333333333
testing_35,072.tiff,human breast cancer,72,2,gray_bbox,1813,6139.0,2316.0,41,6138.5,2313.0,3.041,95fa173d664554975238252a1777f01a599e3a93,32,32,28,30,0,,False,48,157.88,100,True,100,1681,0,,0,True,32.63031496062992,0.22984761284250915,5.7,6,11,15,0.6,0.55,0.5
testing_35,072.tiff,human breast cancer,72,2,hem_bbox,1813,6139.0,2316.0,39,6135.0,2314.0,4.472,6c6012393ce31403b37d800ca0cd74675e4203ee,32,32,28,30,0,,False,48,157.88,100,True,100,1521,0,,0,True,32.63031496062992,0.22984761284250915,5.8,6,11,15,0.6,0.55,0.5
testing_35,100.tiff,human breast cancer,100,0,default_51,2794,6818.0,3237.0,51,6818.0,3237.0,0.0,8351822a490d55efef1a1a746065b45b8bcf194a,22,22,16,22,0,,False,43,172.53,100,True,98,2601,0,,0,True,32.63031496062992,0.22984761284250915,6.1,9,17,21,0.9,0.85,0.7
testing_35,100.tiff,human breast cancer,100,0,gray_bbox,2794,6818.0,3237.0,41,6823.5,3244.5,9.301,92571664e9fb030cb9a74bdcc511db0fd44ac532,22,22,16,22,0,,False,43,172.53,100,True,99,1681,0,,0,True,32.63031496062992,0.22984761284250915,6.6,9,17,21,0.9,0.85,0.7
testing_35,100.tiff,human breast cancer,100,0,hem_bbox,2794,6818.0,3237.0,29,6821.5,3239.0,4.031,542a4486230b53eb8d2300f1f6256da7d6e3ddaa,22,22,16,22,0,,False,43,172.53,100,True,99,841,0,,0,True,32.63031496062992,0.22984761284250915,5.9,9,15,20,0.9,0.75,0.6666666666666666
testing_35,100.tiff,human breast cancer,100,1,default_51,2768,5524.0,2327.0,51,5524.0,2327.0,0.0,25e53478d0346282ff4630918efeee272041559e,22,22,16,21,0,,False,43,1107.36,100,True,99,2601,0,,0,True,32.63031496062992,0.22984761284250915,6.1,9,17,20,0.9,0.85,0.6666666666666666
testing_35,100.tiff,human breast cancer,100,1,gray_bbox,2768,5524.0,2327.0,35,5524.0,2333.5,6.5,6ab525de195d1a8eb8c16d0a4651c325d7e9aa1a,22,22,16,21,0,,False,43,1107.36,100,True,100,1225,0,,0,True,32.63031496062992,0.22984761284250915,5.6,9,17,20,0.9,0.85,0.6666666666666666
testing_35,100.tiff,human breast cancer,100,1,hem_bbox,2768,5524.0,2327.0,31,5524.0,2333.5,6.5,dfa4cc36752ed23efd8d0b952fbf593dcf46ace0,22,22,16,21,0,,False,43,1107.36,100,True,99,961,0,,0,True,32.63031496062992,0.22984761284250915,5.3,9,17,20,0.9,0.85,0.6666666666666666
testing_35,100.tiff,human breast cancer,100,2,default_51,2747,230.0,1386.0,51,230.0,1386.0,0.0,3c3fc329376bcbfee817282409f837b99c39a7b0,22,22,16,20,0,,False,43,51.79,100,True,100,2601,0,,0,True,32.63031496062992,0.22984761284250915,5.3,9,17,23,0.9,0.85,0.7666666666666667
testing_35,100.tiff,human breast cancer,100,2,gray_bbox,2747,230.0,1386.0,31,227.5,1385.5,2.55,710ea2d9ed36d4b49b542175eab83d387d5bf04b,22,22,16,20,0,,False,43,51.79,100,True,99,961,0,,0,True,32.63031496062992,0.22984761284250915,4.9,9,16,19,0.9,0.8,0.6333333333333333
testing_35,100.tiff,human breast cancer,100,2,hem_bbox,2747,230.0,1386.0,29,227.0,1385.5,3.041,72dcab4cc29be3116d26dceeb6d289e6071faa7b,22,22,16,20,0,,False,43,51.79,100,True,97,841,0,,0,True,32.63031496062992,0.22984761284250915,4.4,9,14,18,0.9,0.7,0.6
testing_35,123.tiff,human breast cancer,123,0,default_51,3503,4485.0,3273.0,51,4485.0,3273.0,0.0,40cb5788d8a39a45c89648b0a410cd9137b98a49,27,27,18,27,0,,False,35,359.78,100,True,95,2601,0,,0,True,29.609055118110238,0.2533008895448562,4.2,6,9,11,0.6,0.45,0.36666666666666664
testing_35,123.tiff,human breast cancer,123,0,gray_bbox,3503,4485.0,3273.0,41,4485.5,3274.5,1.581,d4854d9ddafdcb7ce18c71f3d23b9581363abfd5,27,27,18,27,0,,False,35,359.78,100,True,94,1681,0,,0,True,29.609055118110238,0.2533008895448562,4.0,6,8,10,0.6,0.4,0.3333333333333333
testing_35,123.tiff,human breast cancer,123,0,hem_bbox,3503,4485.0,3273.0,41,4485.5,3275.0,2.062,99bbf4209d0fbcd286671e13014b90d4d3048713,27,27,18,27,0,,False,35,359.78,100,True,95,1681,0,,0,True,29.609055118110238,0.2533008895448562,4.3,6,8,10,0.6,0.4,0.3333333333333333
testing_35,123.tiff,human breast cancer,123,1,default_51,3468,2268.0,1250.0,51,2268.0,1250.0,0.0,168f1394ccf7fec758c1e679269a2cb6d3b51817,27,27,18,26,0,,False,35,398.49,100,True,98,2601,0,,0,True,29.609055118110238,0.2533008895448562,4.1,5,10,13,0.5,0.5,0.43333333333333335
testing_35,123.tiff,human breast cancer,123,1,gray_bbox,3468,2268.0,1250.0,35,2265.5,1248.0,3.202,e3a92922e451a245fadd65dc33e77c215e56dfe9,27,27,18,26,0,,False,35,398.49,100,True,99,1225,0,,0,True,29.609055118110238,0.2533008895448562,3.8,5,8,9,0.5,0.4,0.3
testing_35,123.tiff,human breast cancer,123,1,hem_bbox,3468,2268.0,1250.0,25,2267.5,1252.5,2.55,b07fbe23436bf6a4d7ab8a8d8829c451582eed26,27,27,18,26,0,,False,35,398.49,100,True,97,625,0,,0,True,29.609055118110238,0.2533008895448562,3.4,5,6,7,0.5,0.3,0.23333333333333334
testing_35,123.tiff,human breast cancer,123,2,default_51,3516,4303.0,4636.0,51,4303.0,4636.0,0.0,de85a95d143ce5618c6347eeef1820e5147932f3,27,27,18,25,0,,False,35,378.36,100,True,100,2601,0,,0,True,29.609055118110238,0.2533008895448562,3.4,5,9,11,0.5,0.45,0.36666666666666664
testing_35,123.tiff,human breast cancer,123,2,gray_bbox,3516,4303.0,4636.0,37,4302.5,4629.0,7.018,66733c8cb0ae6f58be8137367e0cf306ed88a262,27,27,18,25,0,,False,35,378.36,100,True,100,1369,0,,0,True,29.609055118110238,0.2533008895448562,3.2,5,8,9,0.5,0.4,0.3
testing_35,123.tiff,human breast cancer,123,2,hem_bbox,3516,4303.0,4636.0,37,4302.5,4628.5,7.517,abf1450bfe131e067175ce63f821b42460cf9722,27,27,18,25,0,,False,35,378.36,100,True,97,1369,0,,0,True,29.609055118110238,0.2533008895448562,3.2,5,8,9,0.5,0.4,0.3
testing_35,128.tiff,human breast cancer,128,0,default_51,3625,5245.0,2346.0,51,5245.0,2346.0,0.0,7d4644dbe19754eca950b140b0f1a1dd0f31b018,28,28,15,28,0,,False,29,195.62,100,True,82,2601,0,,0,True,29.609055118110238,0.2533008895448562,4.4,6,13,14,0.6,0.65,0.4666666666666667
testing_35,128.tiff,human breast cancer,128,0,gray_bbox,3625,5245.0,2346.0,51,5245.0,2350.0,4.0,3690b9a3c63f87e9bfd4886ddacd5666e55bfd38,28,28,15,28,0,,False,29,195.62,100,True,84,2601,0,,0,True,29.609055118110238,0.2533008895448562,4.5,6,11,12,0.6,0.55,0.4
testing_35,128.tiff,human breast cancer,128,0,hem_bbox,3625,5245.0,2346.0,49,5246.0,2351.0,5.099,832c76cc08366cb5fd1af533186bb71d32b4cb67,28,28,15,28,0,,False,29,195.62,100,True,87,2401,0,,0,True,29.609055118110238,0.2533008895448562,5.0,7,10,12,0.7,0.5,0.4
testing_35,128.tiff,human breast cancer,128,1,default_51,3616,4420.0,786.0,51,4420.0,786.0,0.0,8afb99716ab13d27b5f1b48447e40dccada9c0a3,28,28,15,27,1,3631:hem_bbox,False,29,358.28,100,True,98,2601,0,,0,True,29.609055118110238,0.2533008895448562,5.1,8,12,12,0.8,0.6,0.4
testing_35,128.tiff,human breast cancer,128,1,gray_bbox,3616,4420.0,786.0,45,4417.5,784.5,2.915,00b4f60e08d14b4175e19db4805db008d4e53942,28,28,15,27,1,3631:hem_bbox,False,29,358.28,100,True,98,2025,0,,0,True,29.609055118110238,0.2533008895448562,4.8,8,11,11,0.8,0.55,0.36666666666666664
testing_35,128.tiff,human breast cancer,128,1,hem_bbox,3616,4420.0,786.0,37,4415.5,784.0,4.924,d2adc96896fb2cdc9488ffeb37b938dcfce88418,28,28,15,27,1,3631:hem_bbox,False,29,358.28,100,True,97,1369,0,,0,True,29.609055118110238,0.2533008895448562,4.3,6,8,8,0.6,0.4,0.26666666666666666
testing_35,128.tiff,human breast cancer,128,2,default_51,3624,5340.0,2175.0,51,5340.0,2175.0,0.0,552b725abbc3817da0e1c244771f343bcc3a6559,28,28,15,26,0,,False,29,195.62,100,True,98,2601,0,,0,True,29.609055118110238,0.2533008895448562,4.4,7,12,12,0.7,0.6,0.4
testing_35,128.tiff,human breast cancer,128,2,gray_bbox,3624,5340.0,2175.0,35,5335.0,2171.5,6.103,3e3fd0ea0c7abd3e61eec91e67204a6f6fe8f51b,28,28,15,26,0,,False,29,195.62,100,True,98,1225,0,,0,True,29.609055118110238,0.2533008895448562,4.1,7,10,10,0.7,0.5,0.3333333333333333
testing_35,128.tiff,human breast cancer,128,2,hem_bbox,3624,5340.0,2175.0,33,5337.5,2172.0,3.905,034063b692b1dea8bef22821500ffb24b8b722b8,28,28,15,26,0,,False,29,195.62,100,True,99,1089,0,,0,True,29.609055118110238,0.2533008895448562,3.8,7,8,8,0.7,0.4,0.26666666666666666
original_14,529.tiff,human melanoma,529,0,default_51,24918,3421.0,2720.0,51,3421.0,2720.0,0.0,a4cc3ee28fe58fa0710a6d82bc694d9aae64a1fd,13,13,8,13,0,,False,19,221.07,100,True,100,2601,0,,0,True,33.0639829123214,0.2268329263261596,6.4,7,8,9,0.7,0.4,0.3
original_14,529.tiff,human melanoma,529,0,gray_bbox,24918,3421.0,2720.0,37,3415.0,2721.0,6.083,ab5820e581a31fa3891da06f9b1f7bffe0a47036,13,13,8,13,0,,False,19,221.07,100,True,98,1369,0,,0,True,33.0639829123214,0.2268329263261596,5.8,6,7,7,0.6,0.35,0.23333333333333334
original_14,529.tiff,human melanoma,529,0,hem_bbox,24918,3421.0,2720.0,33,3414.5,2721.5,6.671,4497dd189822fd3c4b2bfd4a55f00d5ed6057c82,13,13,8,13,0,,False,19,221.07,100,True,97,1089,0,,0,True,33.0639829123214,0.2268329263261596,5.8,6,8,8,0.6,0.4,0.26666666666666666
original_14,529.tiff,human melanoma,529,1,default_51,24937,5789.0,4069.0,51,5789.0,4069.0,0.0,e943fdb3365cedc9b83b09d0cc5bad4cf8d4f5c4,13,13,8,12,0,,False,19,674.51,100,True,99,2601,0,,0,True,33.0639829123214,0.2268329263261596,6.3,7,11,12,0.7,0.55,0.4
original_14,529.tiff,human melanoma,529,1,gray_bbox,24937,5789.0,4069.0,41,5788.5,4071.0,2.062,c091c8968b8ef401e46da920e2feeae60c6d28ca,13,13,8,12,0,,False,19,674.51,100,True,99,1681,0,,0,True,33.0639829123214,0.2268329263261596,5.9,8,11,12,0.8,0.55,0.4
original_14,529.tiff,human melanoma,529,1,hem_bbox,24937,5789.0,4069.0,33,5787.5,4069.5,1.581,4416526618f82fd7b3bb221bb7f1fede0a5591ff,13,13,8,12,0,,False,19,674.51,100,True,91,1089,0,,0,True,33.0639829123214,0.2268329263261596,5.6,8,11,11,0.8,0.55,0.36666666666666664
original_14,529.tiff,human melanoma,529,2,default_51,24914,2799.0,2337.0,51,2799.0,2337.0,0.0,1f1d46804114d8c6225f2350469e090e30fef814,13,13,8,11,2,24934:gray_bbox;24909:hem_bbox,False,19,509.82,100,True,99,2601,0,,0,True,33.0639829123214,0.2268329263261596,5.6,7,10,11,0.7,0.5,0.36666666666666664
original_14,529.tiff,human melanoma,529,2,gray_bbox,24914,2799.0,2337.0,35,2797.5,2335.5,2.121,4b290f85193ea94850ae09f59f50a16df7a8068e,13,13,8,11,2,24934:gray_bbox;24909:hem_bbox,False,19,509.82,100,True,94,1225,0,,0,True,33.0639829123214,0.2268329263261596,5.2,5,5,6,0.5,0.25,0.2
original_14,529.tiff,human melanoma,529,2,hem_bbox,24914,2799.0,2337.0,29,2798.5,2337.0,0.5,5a3e3d8c3b199d8281b777184125cf11f03defef,13,13,8,11,2,24934:gray_bbox;24909:hem_bbox,False,19,509.82,100,True,90,841,0,,0,True,33.0639829123214,0.2268329263261596,4.9,4,5,6,0.4,0.25,0.2
original_14,548.tiff,human melanoma,548,0,default_51,25804,5163.0,3871.0,51,5163.0,3871.0,0.0,efd4ff0b3fc9db5f8792204739afaadd9cd2fdc0,186,184,162,184,0,,False,238,98.79,100,True,100,2601,0,,0,True,32.975303229224245,0.22744294261267478,5.8,9,15,22,0.9,0.75,0.7333333333333333
original_14,548.tiff,human melanoma,548,0,gray_bbox,25804,5163.0,3871.0,29,5163.5,3868.5,2.55,7164962ac394c9e48e69d0d0e170b4d75b602998,186,184,162,184,0,,False,238,98.79,100,True,99,841,1,rank56:non_human_findings:ann-1:d_click=30.5:d_tpl=28.0,0,True,32.975303229224245,0.22744294261267478,5.4,8,13,21,0.8,0.65,0.7
original_14,548.tiff,human melanoma,548,0,hem_bbox,25804,5163.0,3871.0,27,5163.5,3868.0,3.041,60f6ca545fe6fc1d94ee4cc3aad7c2cd5f6879fe,186,184,162,184,0,,False,238,98.79,100,True,99,729,1,rank55:non_human_findings:ann-1:d_click=30.5:d_tpl=27.5,0,True,32.975303229224245,0.22744294261267478,5.3,8,13,21,0.8,0.65,0.7
original_14,548.tiff,human melanoma,548,1,default_51,25712,5456.0,1657.0,51,5456.0,1657.0,0.0,c2d69437561f6999b893cccc97b08005436e8b0c,186,184,162,183,0,,False,238,258.12,100,True,100,2601,0,,0,True,32.975303229224245,0.22744294261267478,5.3,10,16,25,1.0,0.8,0.8333333333333334
original_14,548.tiff,human melanoma,548,1,gray_bbox,25712,5456.0,1657.0,37,5455.5,1655.5,1.581,25ea925420bd029826160a5e1e4ce917734172e1,186,184,162,183,0,,False,238,258.12,100,True,100,1369,0,,0,True,32.975303229224245,0.22744294261267478,4.7,9,14,23,0.9,0.7,0.7666666666666667
original_14,548.tiff,human melanoma,548,1,hem_bbox,25712,5456.0,1657.0,33,5456.0,1655.0,2.0,f053857df114c3dc8a4ea1221f755e421480f6b1,186,184,162,183,0,,False,238,258.12,100,True,99,1089,0,,0,True,32.975303229224245,0.22744294261267478,4.4,9,14,23,0.9,0.7,0.7666666666666667
original_14,548.tiff,human melanoma,548,2,default_51,25735,1158.0,3344.0,51,1158.0,3344.0,0.0,930fd26f499a517ea78d161b002f3463d9dcad3a,186,184,162,182,0,,False,238,266.09,100,True,100,2601,0,,0,True,32.975303229224245,0.22744294261267478,4.6,10,15,24,1.0,0.75,0.8
original_14,548.tiff,human melanoma,548,2,gray_bbox,25735,1158.0,3344.0,33,1158.0,3342.5,1.5,e086a842a7c7e7b38cf347503313f94932aa836f,186,184,162,182,0,,False,238,266.09,100,True,100,1089,0,,0,True,32.975303229224245,0.22744294261267478,4.3,9,14,22,0.9,0.7,0.7333333333333333
original_14,548.tiff,human melanoma,548,2,hem_bbox,25735,1158.0,3344.0,29,1158.5,3342.0,2.062,5b549c89049814f1346f245c44a0bb09499f0498,186,184,162,182,0,,False,238,266.09,100,True,100,841,0,,0,True,32.975303229224245,0.22744294261267478,4.3,9,13,21,0.9,0.65,0.7
testing_35,509.tiff,human melanoma,509,0,default_51,24264,1647.0,3096.0,51,1647.0,3096.0,0.0,662d31bde48dec777d532d3f8b8088c0cc33612d,18,18,12,18,0,,False,17,289.88,100,True,94,2601,0,,0,True,33.05346540711098,0.2269051038257091,5.8,2,6,10,0.2,0.3,0.3333333333333333
testing_35,509.tiff,human melanoma,509,0,gray_bbox,24264,1647.0,3096.0,51,1646.5,3096.0,0.5,3b84f90b155b09456f2cefe9aabfcb2062602816,18,18,12,18,0,,False,17,289.88,100,True,95,2601,0,,0,True,33.05346540711098,0.2269051038257091,6.2,2,6,9,0.2,0.3,0.3
testing_35,509.tiff,human melanoma,509,0,hem_bbox,24264,1647.0,3096.0,45,1647.0,3093.5,2.5,85223bbe8d7bc2cfc9b5027c14714b58a191491f,18,18,12,18,0,,False,17,289.88,100,True,95,2025,0,,0,True,33.05346540711098,0.2269051038257091,5.9,2,7,9,0.2,0.35,0.3
testing_35,509.tiff,human melanoma,509,1,default_51,24271,73.0,4396.0,51,73.0,4396.0,0.0,fad262e37135bdd9583d36d1700f3752197ae56b,18,18,12,17,0,,False,17,1233.75,100,True,87,2601,0,,0,True,33.05346540711098,0.2269051038257091,5.5,1,5,9,0.1,0.25,0.3
testing_35,509.tiff,human melanoma,509,1,gray_bbox,24271,73.0,4396.0,51,71.5,4396.0,1.5,5c59c4a8774d789bca2ff099f664563682d6dc4e,18,18,12,17,0,,False,17,1233.75,100,True,87,2601,0,,0,True,33.05346540711098,0.2269051038257091,5.1,1,4,8,0.1,0.2,0.26666666666666666
testing_35,509.tiff,human melanoma,509,1,hem_bbox,24271,73.0,4396.0,51,71.5,4396.0,1.5,5c59c4a8774d789bca2ff099f664563682d6dc4e,18,18,12,17,0,,False,17,1233.75,100,True,87,2601,0,,0,True,33.05346540711098,0.2269051038257091,4.8,1,4,8,0.1,0.2,0.26666666666666666
testing_35,509.tiff,human melanoma,509,2,default_51,24260,1940.0,1528.0,51,1940.0,1528.0,0.0,c38680feffa7d157e8b857094de3b354541f1448,18,18,12,16,0,,False,17,778.33,100,True,92,2601,0,,0,True,33.05346540711098,0.2269051038257091,5.0,2,5,7,0.2,0.25,0.23333333333333334
testing_35,509.tiff,human melanoma,509,2,gray_bbox,24260,1940.0,1528.0,51,1940.0,1529.5,1.5,ad1af029950cdfdce0a08d1e9541975c833a22bd,18,18,12,16,0,,False,17,778.33,100,True,92,2601,0,,0,True,33.05346540711098,0.2269051038257091,5.0,2,5,7,0.2,0.25,0.23333333333333334
testing_35,509.tiff,human melanoma,509,2,hem_bbox,24260,1940.0,1528.0,51,1940.0,1529.5,1.5,ad1af029950cdfdce0a08d1e9541975c833a22bd,18,18,12,16,0,,False,17,778.33,100,True,92,2601,0,,0,True,33.05346540711098,0.2269051038257091,4.5,2,5,7,0.2,0.25,0.23333333333333334
testing_35,524.tiff,human melanoma,524,0,default_51,24536,6343.0,3477.0,51,6343.0,3477.0,0.0,8c61d4e357b3c2f6783f384802e9aaa084a70bf4,9,9,9,9,0,,False,14,271.23,100,True,98,2601,0,,0,True,33.05346540711098,0.2269051038257091,5.3,2,3,3,0.2,0.15,0.1
testing_35,524.tiff,human melanoma,524,0,gray_bbox,24536,6343.0,3477.0,43,6345.5,3476.0,2.693,e9a3ffc27bd855a4c02119039303b279dd875341,9,9,9,9,0,,False,14,271.23,100,True,97,1849,0,,0,True,33.05346540711098,0.2269051038257091,5.7,1,1,1,0.1,0.05,0.03333333333333333
testing_35,524.tiff,human melanoma,524,0,hem_bbox,24536,6343.0,3477.0,43,6345.5,3476.5,2.55,e9a3ffc27bd855a4c02119039303b279dd875341,9,9,9,9,0,,False,14,271.23,100,True,97,1849,0,,0,True,33.05346540711098,0.2269051038257091,5.6,1,1,1,0.1,0.05,0.03333333333333333
testing_35,524.tiff,human melanoma,524,1,default_51,24543,973.0,5289.0,51,973.0,5289.0,0.0,6922635dced261a6bd344cc863bb79b5ad50ea92,9,9,9,8,0,,False,14,132.02,100,True,100,2601,0,,0,True,33.05346540711098,0.2269051038257091,5.6,2,2,3,0.2,0.1,0.1
testing_35,524.tiff,human melanoma,524,1,gray_bbox,24543,973.0,5289.0,31,974.0,5289.5,1.118,c9b68e335c49546760b7322fab981cec85ca81ee,9,9,9,8,0,,False,14,132.02,100,True,94,961,0,,0,True,33.05346540711098,0.2269051038257091,4.6,2,2,3,0.2,0.1,0.1
testing_35,524.tiff,human melanoma,524,1,hem_bbox,24543,973.0,5289.0,31,974.5,5291.0,2.5,fcb2d6c14e7334fc12b52d2b97db13c22f17059f,9,9,9,8,0,,False,14,132.02,100,True,94,961,0,,0,True,33.05346540711098,0.2269051038257091,4.3,2,2,2,0.2,0.1,0.06666666666666667
testing_35,524.tiff,human melanoma,524,2,default_51,24532,6732.0,2609.0,51,6732.0,2609.0,0.0,f8d1ef352376841333a1302bf017aa34c0811ea7,9,9,9,7,0,,False,14,270.17,100,True,96,2601,0,,0,True,33.05346540711098,0.2269051038257091,4.4,2,2,2,0.2,0.1,0.06666666666666667
testing_35,524.tiff,human melanoma,524,2,gray_bbox,24532,6732.0,2609.0,49,6731.0,2613.0,4.123,5fbccdb334db6b6909a85c8721e8ac5449d6b24b,9,9,9,7,0,,False,14,270.17,100,True,97,2401,0,,0,True,33.05346540711098,0.2269051038257091,4.2,1,1,2,0.1,0.05,0.06666666666666667
testing_35,524.tiff,human melanoma,524,2,hem_bbox,24532,6732.0,2609.0,37,6734.5,2605.5,4.301,8dc61322f1a2a222facada424302d6e1fa15b577,9,9,9,7,0,,False,14,270.17,100,True,97,1369,0,,0,True,33.05346540711098,0.2269051038257091,4.0,1,1,1,0.1,0.05,0.03333333333333333
testing_35,527.tiff,human melanoma,527,0,default_51,24720,1910.0,3925.0,51,1910.0,3925.0,0.0,fd460cb7f0d4c10bb4472d70c63ac1c574dc7b0d,29,29,22,29,0,,False,42,248.62,100,True,100,2601,0,,0,True,33.13881600808609,0.2263206989100018,5.2,4,5,6,0.4,0.25,0.2
testing_35,527.tiff,human melanoma,527,0,gray_bbox,24720,1910.0,3925.0,33,1912.0,3925.0,2.0,6965840f0cf99f518fa80811c47401e3be7d0526,29,29,22,29,0,,False,42,248.62,100,True,100,1089,0,,0,True,33.13881600808609,0.2263206989100018,5.0,3,3,4,0.3,0.15,0.13333333333333333
testing_35,527.tiff,human melanoma,527,0,hem_bbox,24720,1910.0,3925.0,31,1908.0,3924.0,2.236,7c353c6c42a21919da99116f92f97bf3100f0f3f,29,29,22,29,0,,False,42,248.62,100,True,100,961,0,,0,True,33.13881600808609,0.2263206989100018,5.3,1,2,2,0.1,0.1,0.06666666666666667
testing_35,527.tiff,human melanoma,527,1,default_51,24705,3749.0,3256.0,51,3749.0,3256.0,0.0,bc51bf690f9669afb7781d2af3c7c5998811f8b1,29,29,22,28,0,,False,42,420.62,100,True,100,2601,0,,0,True,33.13881600808609,0.2263206989100018,5.7,3,6,6,0.3,0.3,0.2
testing_35,527.tiff,human melanoma,527,1,gray_bbox,24705,3749.0,3256.0,39,3750.0,3255.0,1.414,d0ab7b073aaaa6046305c8a130b56dea7e064171,29,29,22,28,0,,False,42,420.62,100,True,100,1521,0,,0,True,33.13881600808609,0.2263206989100018,6.2,3,5,6,0.3,0.25,0.2
testing_35,527.tiff,human melanoma,527,1,hem_bbox,24705,3749.0,3256.0,39,3749.0,3255.5,0.5,73864036b5e353eb5d648beb59059794ec249fdc,29,29,22,28,0,,False,42,420.62,100,True,100,1521,0,,0,True,33.13881600808609,0.2263206989100018,6.0,3,4,5,0.3,0.2,0.16666666666666666
testing_35,527.tiff,human melanoma,527,2,default_51,24715,307.0,4640.0,51,307.0,4640.0,0.0,3d5a002e01e85a353646a5f40d68e0e47d10858d,29,29,22,27,0,,False,42,292.75,100,True,100,2601,0,,0,True,33.13881600808609,0.2263206989100018,6.4,3,5,7,0.3,0.25,0.23333333333333334
testing_35,527.tiff,human melanoma,527,2,gray_bbox,24715,307.0,4640.0,41,309.0,4640.5,2.062,03933411c98f0e2917aa37ceac3917f44f83f817,29,29,22,27,0,,False,42,292.75,100,True,99,1681,0,,0,True,33.13881600808609,0.2263206989100018,5.8,3,4,6,0.3,0.2,0.2
testing_35,527.tiff,human melanoma,527,2,hem_bbox,24715,307.0,4640.0,37,308.0,4640.5,1.118,7a3a64b4456ec54cb78a1bad0e5a6af1560610a3,29,29,22,27,0,,False,42,292.75,100,True,99,1369,0,,0,True,33.13881600808609,0.2263206989100018,5.7,3,3,5,0.3,0.15,0.16666666666666666
testing_35,546.tiff,human melanoma,546,0,default_51,25538,2758.0,1966.0,51,2758.0,1966.0,0.0,e6845f2cb074d3ec8b83f7763d9cd169607bff55,15,15,13,15,0,,False,27,654.7,100,True,100,2601,0,,0,True,33.060250128290654,0.22685853769696748,7.2,1,1,4,0.1,0.05,0.13333333333333333
testing_35,546.tiff,human melanoma,546,0,gray_bbox,25538,2758.0,1966.0,29,2758.5,1963.0,3.041,40786a269ed3d320fd441f4af46982074542754d,15,15,13,15,0,,False,27,654.7,100,True,100,841,0,,0,True,33.060250128290654,0.22685853769696748,6.6,1,2,3,0.1,0.1,0.1
testing_35,546.tiff,human melanoma,546,0,hem_bbox,25538,2758.0,1966.0,27,2759.0,1962.5,3.64,09137d273a8f4812c325add854a2aa353f11f7d0,15,15,13,15,0,,False,27,654.7,100,True,100,729,0,,0,True,33.060250128290654,0.22685853769696748,6.1,1,3,3,0.1,0.15,0.1
testing_35,546.tiff,human melanoma,546,1,default_51,25551,1587.0,3256.0,51,1587.0,3256.0,0.0,806d2f009c089893903b804b340fd689f6831bef,15,15,13,14,0,,False,27,290.15,100,True,100,2601,0,,0,True,33.060250128290654,0.22685853769696748,6.4,1,2,4,0.1,0.1,0.13333333333333333
testing_35,546.tiff,human melanoma,546,1,gray_bbox,25551,1587.0,3256.0,33,1584.0,3256.5,3.041,5e7a70c88115c9120439b1f6814e84f6d40a5b19,15,15,13,14,0,,False,27,290.15,100,True,100,1089,0,,0,True,33.060250128290654,0.22685853769696748,5.6,1,3,4,0.1,0.15,0.13333333333333333
testing_35,546.tiff,human melanoma,546,1,hem_bbox,25551,1587.0,3256.0,31,1584.5,3256.5,2.55,073b44846d20766a4dd97fb0c67f502100953df2,15,15,13,14,0,,False,27,290.15,100,True,99,961,0,,0,True,33.060250128290654,0.22685853769696748,5.4,0,2,2,0.0,0.1,0.06666666666666667
testing_35,546.tiff,human melanoma,546,2,default_51,25539,3266.0,2379.0,51,3266.0,2379.0,0.0,5fce1b4102204796d1aaaedd2e19379742f19b63,15,15,13,13,0,,False,27,143.6,100,True,100,2601,0,,0,True,33.060250128290654,0.22685853769696748,5.4,1,1,2,0.1,0.05,0.06666666666666667
testing_35,546.tiff,human melanoma,546,2,gray_bbox,25539,3266.0,2379.0,43,3264.5,2382.5,3.808,4df3bf64121629b078a69b32cd316a4c8e3861cd,15,15,13,13,0,,False,27,143.6,100,True,100,1849,0,,0,True,33.060250128290654,0.22685853769696748,4.9,1,1,3,0.1,0.05,0.1
testing_35,546.tiff,human melanoma,546,2,hem_bbox,25539,3266.0,2379.0,37,3264.5,2381.5,2.915,3ac431134e2138a0b819b3f7414b42bb3e344ecd,15,15,13,13,0,,False,27,143.6,100,True,100,1369,0,,0,True,33.060250128290654,0.22685853769696748,4.4,1,1,1,0.1,0.05,0.03333333333333333
testing_35,549.tiff,human melanoma,549,0,default_51,25963,1391.0,1513.0,51,1391.0,1513.0,0.0,f67c6d40083788b030691bd691a2e177a3c411a8,22,22,17,22,0,,False,27,442.72,100,True,100,2601,0,,0,True,33.13881600808609,0.2263206989100018,5.1,7,9,11,0.7,0.45,0.36666666666666664
testing_35,549.tiff,human melanoma,549,0,gray_bbox,25963,1391.0,1513.0,39,1391.5,1515.0,2.062,936e51f117f19afb997af6243fea9857f9d6e394,22,22,17,22,0,,False,27,442.72,100,True,99,1521,0,,0,True,33.13881600808609,0.2263206989100018,5.0,7,8,9,0.7,0.4,0.3
testing_35,549.tiff,human melanoma,549,0,hem_bbox,25963,1391.0,1513.0,37,1390.5,1515.0,2.062,5bebc4c04b6d14b171685fb0d3e67919c1f1c2c4,22,22,17,22,0,,False,27,442.72,100,True,99,1369,0,,0,True,33.13881600808609,0.2263206989100018,4.7,6,7,9,0.6,0.35,0.3
testing_35,549.tiff,human melanoma,549,1,default_51,25961,1704.0,480.0,51,1704.0,480.0,0.0,0d33af430bed76ee4fd586337c9f3693c667d7b9,22,22,17,21,1,25964:gray_bbox+hem_bbox,False,27,980.64,100,True,100,2601,0,,0,True,33.13881600808609,0.2263206989100018,4.8,9,12,13,0.9,0.6,0.43333333333333335
testing_35,549.tiff,human melanoma,549,1,gray_bbox,25961,1704.0,480.0,41,1699.5,478.0,4.924,adaf563c0a6551f3ba20f7f80eaec7c3ceec1540,22,22,17,21,1,25964:gray_bbox+hem_bbox,False,27,980.64,100,True,97,1681,0,,0,True,33.13881600808609,0.2263206989100018,4.2,9,9,11,0.9,0.45,0.36666666666666664
testing_35,549.tiff,human melanoma,549,1,hem_bbox,25961,1704.0,480.0,41,1699.5,478.0,4.924,adaf563c0a6551f3ba20f7f80eaec7c3ceec1540,22,22,17,21,1,25964:gray_bbox+hem_bbox,False,27,980.64,100,True,97,1681,0,,0,True,33.13881600808609,0.2263206989100018,4.1,9,9,11,0.9,0.45,0.36666666666666664
testing_35,549.tiff,human melanoma,549,2,default_51,25983,6903.0,4067.0,51,6903.0,4067.0,0.0,cae19719125388aac7561a56a50b643bfed52e01,22,22,17,20,0,,False,27,163.93,100,True,100,2601,0,,0,True,33.13881600808609,0.2263206989100018,4.2,8,10,11,0.8,0.5,0.36666666666666664
testing_35,549.tiff,human melanoma,549,2,gray_bbox,25983,6903.0,4067.0,41,6898.0,4069.0,5.385,6fad3b200b975a51d6289560c0dfda19fd7d6a15,22,22,17,20,0,,False,27,163.93,100,True,97,1681,0,,0,True,33.13881600808609,0.2263206989100018,4.0,8,10,11,0.8,0.5,0.36666666666666664
testing_35,549.tiff,human melanoma,549,2,hem_bbox,25983,6903.0,4067.0,41,6898.0,4069.0,5.385,6fad3b200b975a51d6289560c0dfda19fd7d6a15,22,22,17,20,0,,False,27,163.93,100,True,97,1681,0,,0,True,33.13881600808609,0.2263206989100018,3.9,8,10,11,0.8,0.5,0.36666666666666664
original_14,402.tiff,human neuroendocrine tumor,402,0,default_51,20254,989.0,4917.0,51,989.0,4917.0,0.0,39f71f8939a3332cdd84002ef2610418ec32cb6d,65,65,58,65,0,,False,104,295.06,100,True,100,2601,0,,0,True,33.13877952755905,0.22632094805310524,4.8,8,14,19,0.8,0.7,0.6333333333333333
original_14,402.tiff,human neuroendocrine tumor,402,0,gray_bbox,20254,989.0,4917.0,29,990.0,4915.5,1.803,f2063658f6b6c978d0d5eeff065bd9df360c1083,65,65,58,65,0,,False,104,295.06,100,True,99,841,0,,0,True,33.13877952755905,0.22632094805310524,4.9,7,12,15,0.7,0.6,0.5
original_14,402.tiff,human neuroendocrine tumor,402,0,hem_bbox,20254,989.0,4917.0,25,989.0,4915.0,2.0,83010ad0e9dc2fcc6dbd5f934a60ea0d5ebf3a2b,65,65,58,65,0,,False,104,295.06,100,True,99,625,0,,0,True,33.13877952755905,0.22632094805310524,5.2,7,11,15,0.7,0.55,0.5
original_14,402.tiff,human neuroendocrine tumor,402,1,default_51,20258,2420.0,4970.0,51,2420.0,4970.0,0.0,229dd56fb20de97136657c68c2cc0d6646fdb363,65,65,58,64,0,,False,104,236.76,100,True,100,2601,0,,0,True,33.13877952755905,0.22632094805310524,5.9,7,13,19,0.7,0.65,0.6333333333333333
original_14,402.tiff,human neuroendocrine tumor,402,1,gray_bbox,20258,2420.0,4970.0,51,2413.0,4970.0,7.0,1096900bdda04e7ba7f03efd29210ac7c0089dcd,65,65,58,64,0,,False,104,236.76,100,True,100,2601,0,,0,True,33.13877952755905,0.22632094805310524,5.9,7,14,19,0.7,0.7,0.6333333333333333
original_14,402.tiff,human neuroendocrine tumor,402,1,hem_bbox,20258,2420.0,4970.0,33,2415.5,4969.5,4.528,eb5faeb0bf32ee53fc80b6a41bd4160dc4e0d79d,65,65,58,64,0,,False,104,236.76,100,True,100,1089,0,,0,True,33.13877952755905,0.22632094805310524,5.3,7,14,19,0.7,0.7,0.6333333333333333
original_14,402.tiff,human neuroendocrine tumor,402,2,default_51,20157,3483.0,272.0,51,3483.0,272.0,0.0,d83b5f65d9f4aec127045fc4384544125a722c29,65,65,58,63,1,20242:hem_bbox,False,104,48.01,100,True,100,2601,0,,0,True,33.13877952755905,0.22632094805310524,6.2,8,14,17,0.8,0.7,0.5666666666666667
original_14,402.tiff,human neuroendocrine tumor,402,2,gray_bbox,20157,3483.0,272.0,29,3485.5,270.5,2.915,d2db5676ca6fd958e14cfac10029a20d9d755660,65,65,58,63,1,20242:hem_bbox,False,104,48.01,100,True,97,841,0,,0,True,33.13877952755905,0.22632094805310524,5.4,7,12,16,0.7,0.6,0.5333333333333333
original_14,402.tiff,human neuroendocrine tumor,402,2,hem_bbox,20157,3483.0,272.0,27,3485.0,270.0,2.828,bcbd11fdeec0f397c3b5ce1853abc7118c6041e6,65,65,58,63,1,20242:hem_bbox,False,104,48.01,100,True,95,729,0,,0,True,33.13877952755905,0.22632094805310524,5.7,6,10,14,0.6,0.5,0.4666666666666667
original_14,403.tiff,human neuroendocrine tumor,403,0,default_51,20356,2227.0,2970.0,51,2227.0,2970.0,0.0,ec511c3500d76e9443f557e4963e05daff86895e,37,36,30,36,1,20334:gray_bbox+hem_bbox,False,52,346.8,100,True,99,2601,0,,0,True,33.059940944881895,0.22686065932495555,7.3,5,10,14,0.5,0.5,0.4666666666666667
original_14,403.tiff,human neuroendocrine tumor,403,0,gray_bbox,20356,2227.0,2970.0,51,2227.0,2968.0,2.0,09a158669b7da4eef4cb7e660a6c0c0ec7ea3e5f,37,36,30,36,1,20334:gray_bbox+hem_bbox,False,52,346.8,100,True,99,2601,0,,0,True,33.059940944881895,0.22686065932495555,7.7,5,10,14,0.5,0.5,0.4666666666666667
original_14,403.tiff,human neuroendocrine tumor,403,0,hem_bbox,20356,2227.0,2970.0,31,2225.0,2974.5,4.924,e3c4577d53fc69622a0805214f4e86d1652cd27b,37,36,30,36,1,20334:gray_bbox+hem_bbox,False,52,346.8,100,True,96,961,0,,0,True,33.059940944881895,0.22686065932495555,7.2,4,7,10,0.4,0.35,0.3333333333333333
original_14,403.tiff,human neuroendocrine tumor,403,1,default_51,20344,2715.0,1673.0,51,2715.0,1673.0,0.0,662cdef0ff6caf2d28a1627d92bcc24de828a8ce,37,36,30,35,0,,False,52,60.03,100,True,99,2601,0,,0,True,33.059940944881895,0.22686065932495555,8.0,5,7,12,0.5,0.35,0.4
original_14,403.tiff,human neuroendocrine tumor,403,1,gray_bbox,20344,2715.0,1673.0,43,2712.0,1677.0,5.0,3aad7ba25d82f29bc0eed471626abbecaa99c4c5,37,36,30,35,0,,False,52,60.03,100,True,96,1849,0,,0,True,33.059940944881895,0.22686065932495555,8.0,5,9,13,0.5,0.45,0.43333333333333335
original_14,403.tiff,human neuroendocrine tumor,403,1,hem_bbox,20344,2715.0,1673.0,33,2712.5,1673.0,2.5,41828b2dd13a7d94ef0351e5fbaef1a0ba7f859c,37,36,30,35,0,,False,52,60.03,100,True,96,1089,0,,0,True,33.059940944881895,0.22686065932495555,7.6,6,9,12,0.6,0.45,0.4
original_14,403.tiff,human neuroendocrine tumor,403,2,default_51,20396,3815.0,4532.0,51,3815.0,4532.0,0.0,460ad3cad9ce175aa0d2fd523aaee04d96e865cf,37,36,30,34,1,20355:gray_bbox+hem_bbox,False,52,57.08,100,True,100,2601,0,,0,True,33.059940944881895,0.22686065932495555,10.4,6,13,15,0.6,0.65,0.5
original_14,403.tiff,human neuroendocrine tumor,403,2,gray_bbox,20396,3815.0,4532.0,41,3815.0,4530.5,1.5,71677faf626034fcdab937da2ffeb34c79076629,37,36,30,34,1,20355:gray_bbox+hem_bbox,False,52,57.08,100,True,99,1681,0,,0,True,33.059940944881895,0.22686065932495555,13.3,6,10,14,0.6,0.5,0.4666666666666667
original_14,403.tiff,human neuroendocrine tumor,403,2,hem_bbox,20396,3815.0,4532.0,39,3815.0,4530.5,1.5,1fa971c24aba379caec4e1b7a81fd781734c1a25,37,36,30,34,1,20355:gray_bbox+hem_bbox,False,52,57.08,100,True,98,1521,0,,0,True,33.059940944881895,0.22686065932495555,12.9,6,9,13,0.6,0.45,0.43333333333333335
testing_35,353.tiff,human neuroendocrine tumor,353,0,default_51,18278,185.0,1519.0,51,185.0,1519.0,0.0,f43cb5cd8385a38eb54c4ecf9d5680a83e34b561,50,47,45,47,0,,False,62,72.03,100,True,95,2601,0,,0,True,32.9751968503937,0.22744367634943946,14.9,9,14,18,0.9,0.7,0.6
testing_35,353.tiff,human neuroendocrine tumor,353,0,gray_bbox,18278,185.0,1519.0,45,185.0,1519.5,0.5,607216ae3863ac33126ec1f769a8ac46d6d3edec,50,47,45,47,0,,False,62,72.03,100,True,96,2025,0,,0,True,32.9751968503937,0.22744367634943946,9.1,9,16,19,0.9,0.8,0.6333333333333333
testing_35,353.tiff,human neuroendocrine tumor,353,0,hem_bbox,18278,185.0,1519.0,43,185.5,1519.5,0.707,41ba1e74f5fa26a22cd96cc17a9d4420834be1d1,50,47,45,47,0,,False,62,72.03,100,True,96,1849,0,,0,True,32.9751968503937,0.22744367634943946,7.5,9,16,19,0.9,0.8,0.6333333333333333
testing_35,353.tiff,human neuroendocrine tumor,353,1,default_51,18280,1073.0,1273.0,51,1073.0,1273.0,0.0,ff7e5ae031263a62c0f251ff3b6d602a9dd91ca9,50,47,45,46,0,,False,62,76.58,100,True,99,2601,0,,0,True,32.9751968503937,0.22744367634943946,7.2,9,14,18,0.9,0.7,0.6
testing_35,353.tiff,human neuroendocrine tumor,353,1,gray_bbox,18280,1073.0,1273.0,37,1073.5,1273.0,0.5,413b45d7203a8c6f832f6baca1008bc5e9380a50,50,47,45,46,0,,False,62,76.58,100,True,99,1369,0,,0,True,32.9751968503937,0.22744367634943946,9.6,7,11,15,0.7,0.55,0.5
testing_35,353.tiff,human neuroendocrine tumor,353,1,hem_bbox,18280,1073.0,1273.0,33,1073.5,1273.0,0.5,aac933d27fbff00df838cbefeaf14bbae8fa23ee,50,47,45,46,0,,False,62,76.58,100,True,99,1089,0,,0,True,32.9751968503937,0.22744367634943946,6.9,7,11,15,0.7,0.55,0.5
testing_35,353.tiff,human neuroendocrine tumor,353,2,default_51,18281,1131.0,1223.0,51,1131.0,1223.0,0.0,89144e232490432bde3fd62fe4992de60463d681,50,47,45,45,0,,False,62,76.58,100,True,100,2601,0,,0,True,32.9751968503937,0.22744367634943946,6.7,9,16,20,0.9,0.8,0.6666666666666666
testing_35,353.tiff,human neuroendocrine tumor,353,2,gray_bbox,18281,1131.0,1223.0,33,1130.0,1219.0,4.123,551653b3986a437680bfaa6914b2628f99ebb552,50,47,45,45,0,,False,62,76.58,100,True,98,1089,0,,0,True,32.9751968503937,0.22744367634943946,6.0,9,14,18,0.9,0.7,0.6
testing_35,353.tiff,human neuroendocrine tumor,353,2,hem_bbox,18281,1131.0,1223.0,31,1130.0,1218.5,4.61,c588ba1c0b37268a7dc6f74383ec7f9809d16edb,50,47,45,45,0,,False,62,76.58,100,True,98,961,0,,0,True,32.9751968503937,0.22744367634943946,6.7,9,14,18,0.9,0.7,0.6
testing_35,364.tiff,human neuroendocrine tumor,364,0,default_51,18757,961.0,1596.0,51,961.0,1596.0,0.0,d67482dac6c244fd114dcaf0d737fb28d7c605a2,7,7,6,7,0,,False,22,502.23,100,True,99,2601,0,,0,True,33.13877952755905,0.22632094805310524,12.2,5,5,5,0.5,0.25,0.16666666666666666
testing_35,364.tiff,human neuroendocrine tumor,364,0,gray_bbox,18757,961.0,1596.0,37,965.0,1589.0,8.062,8f9d051d33255c2216d1134c93592bab18e0afc7,7,7,6,7,0,,False,22,502.23,100,True,97,1369,0,,0,True,33.13877952755905,0.22632094805310524,15.5,4,4,4,0.4,0.2,0.13333333333333333
testing_35,364.tiff,human neuroendocrine tumor,364,0,hem_bbox,18757,961.0,1596.0,37,959.5,1588.5,7.649,efc5a5ee5fe7e6e91e9ba70228246486ebbc438a,7,7,6,7,0,,False,22,502.23,100,True,96,1369,0,,0,True,33.13877952755905,0.22632094805310524,15.0,5,5,5,0.5,0.25,0.16666666666666666
testing_35,364.tiff,human neuroendocrine tumor,364,1,default_51,18766,6777.0,1057.0,51,6777.0,1057.0,0.0,737addad72880d3b9b4999d93d611932eec01849,7,7,6,6,0,,False,22,655.46,100,True,99,2601,0,,0,True,33.13877952755905,0.22632094805310524,11.3,6,6,6,0.6,0.3,0.2
testing_35,364.tiff,human neuroendocrine tumor,364,1,gray_bbox,18766,6777.0,1057.0,23,6777.5,1056.5,0.707,87f7a5838a340870aaba5e116fb0ac7d369d0167,7,7,6,6,0,,False,22,655.46,100,True,99,529,0,,0,True,33.13877952755905,0.22632094805310524,7.9,5,6,6,0.5,0.3,0.2
testing_35,364.tiff,human neuroendocrine tumor,364,1,hem_bbox,18766,6777.0,1057.0,19,6777.5,1057.0,0.5,ea8d4693598f72db431ee4dc95eead9d60fa606b,7,7,6,6,0,,False,22,655.46,100,True,94,361,0,,0,True,33.13877952755905,0.22632094805310524,5.9,4,5,5,0.4,0.25,0.16666666666666666
testing_35,364.tiff,human neuroendocrine tumor,364,2,default_51,18785,6674.0,3662.0,51,6674.0,3662.0,0.0,d1917967871f17eeec68c5563120eeea62b9ef44,7,7,6,5,0,,False,22,69.29,100,True,100,2601,0,,0,True,33.13877952755905,0.22632094805310524,5.8,5,5,5,0.5,0.25,0.16666666666666666
testing_35,364.tiff,human neuroendocrine tumor,364,2,gray_bbox,18785,6674.0,3662.0,51,6674.0,3656.0,6.0,1ad397c34de6194cc3b96b1ca724164a680f117a,7,7,6,5,0,,False,22,69.29,100,True,98,2601,0,,0,True,33.13877952755905,0.22632094805310524,5.1,5,5,5,0.5,0.25,0.16666666666666666
testing_35,364.tiff,human neuroendocrine tumor,364,2,hem_bbox,18785,6674.0,3662.0,25,6673.0,3658.0,4.123,e03bbe62af66583b986c86f7cc6b5d584c6881da,7,7,6,5,0,,False,22,69.29,100,True,91,625,0,,0,True,33.13877952755905,0.22632094805310524,4.1,2,2,2,0.2,0.1,0.06666666666666667
testing_35,400.tiff,human neuroendocrine tumor,400,0,default_51,20040,85.0,4646.0,51,85.0,4646.0,0.0,30061a69ef5261252733d6a117f39478c6b4b9e2,95,91,84,91,0,,False,103,170.66,100,True,100,2601,0,,0,True,33.059940944881895,0.22686065932495555,4.7,9,17,25,0.9,0.85,0.8333333333333334
testing_35,400.tiff,human neuroendocrine tumor,400,0,gray_bbox,20040,85.0,4646.0,35,87.5,4646.0,2.5,d3901dc61cdd7640f97a456ac154549322428e70,95,91,84,91,0,,False,103,170.66,100,True,98,1225,0,,0,True,33.059940944881895,0.22686065932495555,4.4,8,16,21,0.8,0.8,0.7
testing_35,400.tiff,human neuroendocrine tumor,400,0,hem_bbox,20040,85.0,4646.0,31,88.0,4645.5,3.041,dee5e8fd7da541d057c85781214f4a27b97825ba,95,91,84,91,0,,False,103,170.66,100,True,98,961,0,,0,True,33.059940944881895,0.22686065932495555,4.2,8,14,18,0.8,0.7,0.6
testing_35,400.tiff,human neuroendocrine tumor,400,1,default_51,19942,3384.0,664.0,51,3384.0,664.0,0.0,67179f8c22c7bcaadc2e18088d1c1ec322de4616,95,91,84,90,0,,False,103,209.44,100,True,100,2601,0,,0,True,33.059940944881895,0.22686065932495555,4.5,9,17,27,0.9,0.85,0.9
testing_35,400.tiff,human neuroendocrine tumor,400,1,gray_bbox,19942,3384.0,664.0,33,3382.0,662.5,2.5,2ec3dad2e461f1cfffccc32555e1ad2ea031dcd7,95,91,84,90,0,,False,103,209.44,100,True,100,1089,0,,0,True,33.059940944881895,0.22686065932495555,4.4,9,17,26,0.9,0.85,0.8666666666666667
testing_35,400.tiff,human neuroendocrine tumor,400,1,hem_bbox,19942,3384.0,664.0,31,3382.0,661.5,3.202,6867725d221a23c474b9d82fd9cb9b4de615f63d,95,91,84,90,0,,False,103,209.44,100,True,100,961,0,,0,True,33.059940944881895,0.22686065932495555,4.0,9,17,25,0.9,0.85,0.8333333333333334
testing_35,400.tiff,human neuroendocrine tumor,400,2,default_51,19947,5673.0,540.0,51,5673.0,540.0,0.0,56fd9991704348442a3d0933222a1da1f6df6c52,95,91,84,89,0,,False,103,312.06,100,True,100,2601,0,,0,True,33.059940944881895,0.22686065932495555,4.3,9,17,27,0.9,0.85,0.9
testing_35,400.tiff,human neuroendocrine tumor,400,2,gray_bbox,19947,5673.0,540.0,35,5673.5,539.5,0.707,4a20e748902bf0e6ca7c8286332d896cd907ebd4,95,91,84,89,0,,False,103,312.06,100,True,100,1225,0,,0,True,33.059940944881895,0.22686065932495555,4.0,9,17,27,0.9,0.85,0.9
testing_35,400.tiff,human neuroendocrine tumor,400,2,hem_bbox,19947,5673.0,540.0,33,5674.0,539.0,1.414,93205f74a780d857d4c4769c4372159a1d5ce88c,95,91,84,89,0,,False,103,312.06,100,True,100,1089,0,,0,True,33.059940944881895,0.22686065932495555,4.3,9,17,24,0.9,0.85,0.8
testing_35,401.tiff,human neuroendocrine tumor,401,0,default_51,20132,3990.0,5047.0,51,3990.0,5047.0,0.0,bbc423519d5a46078f4ae67bcced13a4584648ce,14,14,12,14,0,,False,18,346.0,100,True,100,2601,0,,0,True,33.059940944881895,0.22686065932495555,5.4,7,9,10,0.7,0.45,0.3333333333333333
testing_35,401.tiff,human neuroendocrine tumor,401,0,gray_bbox,20132,3990.0,5047.0,29,3990.0,5047.0,0.0,ad81ec2be4460e7791169d0c623e0ba92f7edb69,14,14,12,14,0,,False,18,346.0,100,True,95,841,0,,0,True,33.059940944881895,0.22686065932495555,5.3,6,7,7,0.6,0.35,0.23333333333333334
testing_35,401.tiff,human neuroendocrine tumor,401,0,hem_bbox,20132,3990.0,5047.0,27,3990.0,5047.5,0.5,f5dff4bd0e942f0dbcf1750c7a375fc87d21f2ad,14,14,12,14,0,,False,18,346.0,100,True,96,729,0,,0,True,33.059940944881895,0.22686065932495555,5.1,6,7,7,0.6,0.35,0.23333333333333334
testing_35,401.tiff,human neuroendocrine tumor,401,1,default_51,20102,2485.0,507.0,51,2485.0,507.0,0.0,8fc6ca7310ef1dcddca58068a9456d5ff8c13a18,14,14,12,13,0,,False,18,97.42,100,True,100,2601,0,,0,True,33.059940944881895,0.22686065932495555,5.5,7,8,8,0.7,0.4,0.26666666666666666
testing_35,401.tiff,human neuroendocrine tumor,401,1,gray_bbox,20102,2485.0,507.0,35,2482.5,507.5,2.55,fd3c3c1c4d352cd2c67cd45422701ef6271e869b,14,14,12,13,0,,False,18,97.42,100,True,99,1225,0,,0,True,33.059940944881895,0.22686065932495555,5.1,6,7,8,0.6,0.35,0.26666666666666666
testing_35,401.tiff,human neuroendocrine tumor,401,1,hem_bbox,20102,2485.0,507.0,31,2485.0,507.0,0.0,50c45d42f1a59e59b461b64478b3729b113ad074,14,14,12,13,0,,False,18,97.42,100,True,99,961,0,,0,True,33.059940944881895,0.22686065932495555,5.0,6,7,8,0.6,0.35,0.26666666666666666
testing_35,401.tiff,human neuroendocrine tumor,401,2,default_51,20112,2811.0,1659.0,51,2811.0,1659.0,0.0,c0153a4608412cc571ad03b783fd30a7c2d1cbc0,14,14,12,12,0,,False,18,160.43,100,True,100,2601,0,,0,True,33.059940944881895,0.22686065932495555,5.7,7,9,10,0.7,0.45,0.3333333333333333
testing_35,401.tiff,human neuroendocrine tumor,401,2,gray_bbox,20112,2811.0,1659.0,27,2812.0,1660.0,1.414,2fae4ef2330bc1ce3f98df392680f74711d66c40,14,14,12,12,0,,False,18,160.43,100,True,97,729,0,,0,True,33.059940944881895,0.22686065932495555,5.3,5,7,7,0.5,0.35,0.23333333333333334
testing_35,401.tiff,human neuroendocrine tumor,401,2,hem_bbox,20112,2811.0,1659.0,23,2811.5,1659.0,0.5,b6f8d742f27c86b8edfc7753fbc938b666c2e40e,14,14,12,12,0,,False,18,160.43,100,True,98,529,0,,0,True,33.059940944881895,0.22686065932495555,5.7,5,6,6,0.5,0.3,0.2
testing_35,404.tiff,human neuroendocrine tumor,404,0,default_51,20471,3045.0,2542.0,51,3045.0,2542.0,0.0,3d253e5fdecb4eb53406a86c3a9d5bd4eba176de,51,49,40,49,0,,False,60,185.42,100,True,99,2601,0,,0,True,33.13877952755905,0.22632094805310524,9.4,4,8,11,0.4,0.4,0.36666666666666664
testing_35,404.tiff,human neuroendocrine tumor,404,0,gray_bbox,20471,3045.0,2542.0,43,3045.0,2542.5,0.5,e20cba752d63b166226e347aea8bec060320bdba,51,49,40,49,0,,False,60,185.42,100,True,97,1849,0,,0,True,33.13877952755905,0.22632094805310524,10.7,4,8,11,0.4,0.4,0.36666666666666664
testing_35,404.tiff,human neuroendocrine tumor,404,0,hem_bbox,20471,3045.0,2542.0,39,3043.5,2543.0,1.803,553e2aad0c544a29ea59d548bf983f6b504ac8e6,51,49,40,49,0,,False,60,185.42,100,True,96,1521,0,,0,True,33.13877952755905,0.22632094805310524,12.9,4,7,11,0.4,0.35,0.36666666666666664
testing_35,404.tiff,human neuroendocrine tumor,404,1,default_51,20474,5840.0,2192.0,51,5840.0,2192.0,0.0,7b8c840d696dc1fea303cd0e0add5fa2426b28c5,51,49,40,48,0,,False,60,364.3,100,True,99,2601,0,,0,True,33.13877952755905,0.22632094805310524,28.2,4,7,9,0.4,0.35,0.3
testing_35,404.tiff,human neuroendocrine tumor,404,1,gray_bbox,20474,5840.0,2192.0,43,5844.0,2187.5,6.021,705fb715a2662fb32dc0cffef65df87b32d4985c,51,49,40,48,0,,False,60,364.3,100,True,98,1849,0,,0,True,33.13877952755905,0.22632094805310524,54.6,3,6,9,0.3,0.3,0.3
testing_35,404.tiff,human neuroendocrine tumor,404,1,hem_bbox,20474,5840.0,2192.0,31,5839.0,2194.0,2.236,4136b95b9c081afa20bfa4a87c564c0e352dee4f,51,49,40,48,0,,False,60,364.3,100,True,98,961,0,,0,True,33.13877952755905,0.22632094805310524,9.8,3,6,8,0.3,0.3,0.26666666666666666
testing_35,404.tiff,human neuroendocrine tumor,404,2,default_51,20472,3048.0,2084.0,51,3048.0,2084.0,0.0,b3048a413681f0542921ab5d20121673753fd73e,51,49,40,47,0,,False,60,159.03,100,True,100,2601,0,,0,True,33.13877952755905,0.22632094805310524,7.0,5,8,12,0.5,0.4,0.4
testing_35,404.tiff,human neuroendocrine tumor,404,2,gray_bbox,20472,3048.0,2084.0,43,3043.5,2084.0,4.5,1b57723db39f84c3a494c0dfb6673ed5990d147f,51,49,40,47,0,,False,60,159.03,100,True,99,1849,0,,0,True,33.13877952755905,0.22632094805310524,5.4,5,8,11,0.5,0.4,0.36666666666666664
testing_35,404.tiff,human neuroendocrine tumor,404,2,hem_bbox,20472,3048.0,2084.0,41,3042.0,2085.5,6.185,1369ce5ecfee8b95a4beb2f6362fea59fa2f00bc,51,49,40,47,0,,False,60,159.03,100,True,100,1681,0,,0,True,33.13877952755905,0.22632094805310524,5.7,4,8,12,0.4,0.4,0.4
