file_name,tumor_type,seed_index,arm,rank_key,seeded,z,z_dependent,floor_limited,n_gt_mitotic,n_gt_lookalike,n_detections,coverage_frac,n_lookalike_in_list,largest_tie_block,nan_rate,full_list_recall,match_radius_px,read_50,read_80,read_90,read_95,read_99,read_100,axis,cutoff_rule,z_used,budget,budget_delivered,tp_at_budget,lookalike_at_budget,recall_at_budget
301.tiff,canine cutaneous mast cell tumor,0,tm_score@current,score,True,1.0,True,False,217,109,16687,0.9357,107,2,0.0,1.0,29.609,345.0,2103.0,4753.0,8716.0,11337.0,15326.0,tm_score,current,1.0,25,25,21,3,0.0967741935483871
301.tiff,canine cutaneous mast cell tumor,0,tm_score@current,score,True,1.0,True,False,217,109,16687,0.9357,107,2,0.0,1.0,29.609,345.0,2103.0,4753.0,8716.0,11337.0,15326.0,tm_score,current,1.0,50,50,38,5,0.17511520737327188
301.tiff,canine cutaneous mast cell tumor,0,tm_score@current,score,True,1.0,True,False,217,109,16687,0.9357,107,2,0.0,1.0,29.609,345.0,2103.0,4753.0,8716.0,11337.0,15326.0,tm_score,current,1.0,100,100,71,7,0.3271889400921659
301.tiff,canine cutaneous mast cell tumor,0,tm_score@current,score,True,1.0,True,False,217,109,16687,0.9357,107,2,0.0,1.0,29.609,345.0,2103.0,4753.0,8716.0,11337.0,15326.0,tm_score,current,1.0,250,250,103,16,0.47465437788018433
301.tiff,canine cutaneous mast cell tumor,0,tm_score@current,score,True,1.0,True,False,217,109,16687,0.9357,107,2,0.0,1.0,29.609,345.0,2103.0,4753.0,8716.0,11337.0,15326.0,tm_score,current,1.0,500,500,122,27,0.5622119815668203
301.tiff,canine cutaneous mast cell tumor,0,tm_score@current,score,True,1.0,True,False,217,109,16687,0.9357,107,2,0.0,1.0,29.609,345.0,2103.0,4753.0,8716.0,11337.0,15326.0,tm_score,current,1.0,1000,1000,141,43,0.6497695852534562
301.tiff,canine cutaneous mast cell tumor,0,tm_score@current,score,True,1.0,True,False,217,109,16687,0.9357,107,2,0.0,1.0,29.609,345.0,2103.0,4753.0,8716.0,11337.0,15326.0,tm_score,current,1.0,2000,2000,169,62,0.7788018433179723
301.tiff,canine cutaneous mast cell tumor,0,tm_score@current,score,True,1.0,True,False,217,109,16687,0.9357,107,2,0.0,1.0,29.609,345.0,2103.0,4753.0,8716.0,11337.0,15326.0,tm_score,current,1.0,5000,5000,196,98,0.9032258064516129
301.tiff,canine cutaneous mast cell tumor,0,chromatin_od@current,od,True,1.0,True,False,217,109,16687,0.9357,107,2,0.0,1.0,29.609,178.0,1465.0,3617.0,5605.0,12590.0,15185.0,chromatin_od,current,1.0,25,25,20,3,0.09216589861751152
301.tiff,canine cutaneous mast cell tumor,0,chromatin_od@current,od,True,1.0,True,False,217,109,16687,0.9357,107,2,0.0,1.0,29.609,178.0,1465.0,3617.0,5605.0,12590.0,15185.0,chromatin_od,current,1.0,50,50,41,3,0.1889400921658986
301.tiff,canine cutaneous mast cell tumor,0,chromatin_od@current,od,True,1.0,True,False,217,109,16687,0.9357,107,2,0.0,1.0,29.609,178.0,1465.0,3617.0,5605.0,12590.0,15185.0,chromatin_od,current,1.0,100,100,76,11,0.35023041474654376
301.tiff,canine cutaneous mast cell tumor,0,chromatin_od@current,od,True,1.0,True,False,217,109,16687,0.9357,107,2,0.0,1.0,29.609,178.0,1465.0,3617.0,5605.0,12590.0,15185.0,chromatin_od,current,1.0,250,250,119,23,0.5483870967741935
301.tiff,canine cutaneous mast cell tumor,0,chromatin_od@current,od,True,1.0,True,False,217,109,16687,0.9357,107,2,0.0,1.0,29.609,178.0,1465.0,3617.0,5605.0,12590.0,15185.0,chromatin_od,current,1.0,500,500,143,40,0.6589861751152074
301.tiff,canine cutaneous mast cell tumor,0,chromatin_od@current,od,True,1.0,True,False,217,109,16687,0.9357,107,2,0.0,1.0,29.609,178.0,1465.0,3617.0,5605.0,12590.0,15185.0,chromatin_od,current,1.0,1000,1000,165,60,0.7603686635944701
301.tiff,canine cutaneous mast cell tumor,0,chromatin_od@current,od,True,1.0,True,False,217,109,16687,0.9357,107,2,0.0,1.0,29.609,178.0,1465.0,3617.0,5605.0,12590.0,15185.0,chromatin_od,current,1.0,2000,2000,183,81,0.8433179723502304
301.tiff,canine cutaneous mast cell tumor,0,chromatin_od@current,od,True,1.0,True,False,217,109,16687,0.9357,107,2,0.0,1.0,29.609,178.0,1465.0,3617.0,5605.0,12590.0,15185.0,chromatin_od,current,1.0,5000,5000,202,98,0.9308755760368663
301.tiff,canine cutaneous mast cell tumor,0,tm_score@global,score,True,0.43783,True,False,217,109,17523,0.9531,107,2,0.0,1.0,29.609,345.0,2103.0,4753.0,8716.0,11337.0,15326.0,tm_score,global,0.43783,25,25,21,3,0.0967741935483871
301.tiff,canine cutaneous mast cell tumor,0,tm_score@global,score,True,0.43783,True,False,217,109,17523,0.9531,107,2,0.0,1.0,29.609,345.0,2103.0,4753.0,8716.0,11337.0,15326.0,tm_score,global,0.43783,50,50,38,5,0.17511520737327188
301.tiff,canine cutaneous mast cell tumor,0,tm_score@global,score,True,0.43783,True,False,217,109,17523,0.9531,107,2,0.0,1.0,29.609,345.0,2103.0,4753.0,8716.0,11337.0,15326.0,tm_score,global,0.43783,100,100,71,7,0.3271889400921659
301.tiff,canine cutaneous mast cell tumor,0,tm_score@global,score,True,0.43783,True,False,217,109,17523,0.9531,107,2,0.0,1.0,29.609,345.0,2103.0,4753.0,8716.0,11337.0,15326.0,tm_score,global,0.43783,250,250,103,16,0.47465437788018433
301.tiff,canine cutaneous mast cell tumor,0,tm_score@global,score,True,0.43783,True,False,217,109,17523,0.9531,107,2,0.0,1.0,29.609,345.0,2103.0,4753.0,8716.0,11337.0,15326.0,tm_score,global,0.43783,500,500,122,27,0.5622119815668203
301.tiff,canine cutaneous mast cell tumor,0,tm_score@global,score,True,0.43783,True,False,217,109,17523,0.9531,107,2,0.0,1.0,29.609,345.0,2103.0,4753.0,8716.0,11337.0,15326.0,tm_score,global,0.43783,1000,1000,141,43,0.6497695852534562
301.tiff,canine cutaneous mast cell tumor,0,tm_score@global,score,True,0.43783,True,False,217,109,17523,0.9531,107,2,0.0,1.0,29.609,345.0,2103.0,4753.0,8716.0,11337.0,15326.0,tm_score,global,0.43783,2000,2000,169,62,0.7788018433179723
301.tiff,canine cutaneous mast cell tumor,0,tm_score@global,score,True,0.43783,True,False,217,109,17523,0.9531,107,2,0.0,1.0,29.609,345.0,2103.0,4753.0,8716.0,11337.0,15326.0,tm_score,global,0.43783,5000,5000,196,98,0.9032258064516129
301.tiff,canine cutaneous mast cell tumor,0,chromatin_od@global,od,True,0.43783,True,False,217,109,17523,0.9531,107,2,0.0,1.0,29.609,178.0,1479.0,3654.0,5675.0,12849.0,15648.0,chromatin_od,global,0.43783,25,25,20,3,0.09216589861751152
301.tiff,canine cutaneous mast cell tumor,0,chromatin_od@global,od,True,0.43783,True,False,217,109,17523,0.9531,107,2,0.0,1.0,29.609,178.0,1479.0,3654.0,5675.0,12849.0,15648.0,chromatin_od,global,0.43783,50,50,41,3,0.1889400921658986
301.tiff,canine cutaneous mast cell tumor,0,chromatin_od@global,od,True,0.43783,True,False,217,109,17523,0.9531,107,2,0.0,1.0,29.609,178.0,1479.0,3654.0,5675.0,12849.0,15648.0,chromatin_od,global,0.43783,100,100,76,11,0.35023041474654376
301.tiff,canine cutaneous mast cell tumor,0,chromatin_od@global,od,True,0.43783,True,False,217,109,17523,0.9531,107,2,0.0,1.0,29.609,178.0,1479.0,3654.0,5675.0,12849.0,15648.0,chromatin_od,global,0.43783,250,250,119,23,0.5483870967741935
301.tiff,canine cutaneous mast cell tumor,0,chromatin_od@global,od,True,0.43783,True,False,217,109,17523,0.9531,107,2,0.0,1.0,29.609,178.0,1479.0,3654.0,5675.0,12849.0,15648.0,chromatin_od,global,0.43783,500,500,142,40,0.6543778801843319
301.tiff,canine cutaneous mast cell tumor,0,chromatin_od@global,od,True,0.43783,True,False,217,109,17523,0.9531,107,2,0.0,1.0,29.609,178.0,1479.0,3654.0,5675.0,12849.0,15648.0,chromatin_od,global,0.43783,1000,1000,165,60,0.7603686635944701
301.tiff,canine cutaneous mast cell tumor,0,chromatin_od@global,od,True,0.43783,True,False,217,109,17523,0.9531,107,2,0.0,1.0,29.609,178.0,1479.0,3654.0,5675.0,12849.0,15648.0,chromatin_od,global,0.43783,2000,2000,183,80,0.8433179723502304
301.tiff,canine cutaneous mast cell tumor,0,chromatin_od@global,od,True,0.43783,True,False,217,109,17523,0.9531,107,2,0.0,1.0,29.609,178.0,1479.0,3654.0,5675.0,12849.0,15648.0,chromatin_od,global,0.43783,5000,5000,202,98,0.9308755760368663
301.tiff,canine cutaneous mast cell tumor,0,tm_score@domain,score,True,1.06361,True,False,217,109,16568,0.9324,107,2,0.0,1.0,29.609,345.0,2103.0,4753.0,8716.0,11337.0,15326.0,tm_score,domain,1.06361,25,25,21,3,0.0967741935483871
301.tiff,canine cutaneous mast cell tumor,0,tm_score@domain,score,True,1.06361,True,False,217,109,16568,0.9324,107,2,0.0,1.0,29.609,345.0,2103.0,4753.0,8716.0,11337.0,15326.0,tm_score,domain,1.06361,50,50,38,5,0.17511520737327188
301.tiff,canine cutaneous mast cell tumor,0,tm_score@domain,score,True,1.06361,True,False,217,109,16568,0.9324,107,2,0.0,1.0,29.609,345.0,2103.0,4753.0,8716.0,11337.0,15326.0,tm_score,domain,1.06361,100,100,71,7,0.3271889400921659
301.tiff,canine cutaneous mast cell tumor,0,tm_score@domain,score,True,1.06361,True,False,217,109,16568,0.9324,107,2,0.0,1.0,29.609,345.0,2103.0,4753.0,8716.0,11337.0,15326.0,tm_score,domain,1.06361,250,250,103,16,0.47465437788018433
301.tiff,canine cutaneous mast cell tumor,0,tm_score@domain,score,True,1.06361,True,False,217,109,16568,0.9324,107,2,0.0,1.0,29.609,345.0,2103.0,4753.0,8716.0,11337.0,15326.0,tm_score,domain,1.06361,500,500,122,27,0.5622119815668203
301.tiff,canine cutaneous mast cell tumor,0,tm_score@domain,score,True,1.06361,True,False,217,109,16568,0.9324,107,2,0.0,1.0,29.609,345.0,2103.0,4753.0,8716.0,11337.0,15326.0,tm_score,domain,1.06361,1000,1000,141,43,0.6497695852534562
301.tiff,canine cutaneous mast cell tumor,0,tm_score@domain,score,True,1.06361,True,False,217,109,16568,0.9324,107,2,0.0,1.0,29.609,345.0,2103.0,4753.0,8716.0,11337.0,15326.0,tm_score,domain,1.06361,2000,2000,169,62,0.7788018433179723
301.tiff,canine cutaneous mast cell tumor,0,tm_score@domain,score,True,1.06361,True,False,217,109,16568,0.9324,107,2,0.0,1.0,29.609,345.0,2103.0,4753.0,8716.0,11337.0,15326.0,tm_score,domain,1.06361,5000,5000,196,98,0.9032258064516129
301.tiff,canine cutaneous mast cell tumor,0,chromatin_od@domain,od,True,1.06361,True,False,217,109,16568,0.9324,107,2,0.0,1.0,29.609,178.0,1463.0,3612.0,5599.0,12556.0,15125.0,chromatin_od,domain,1.06361,25,25,20,3,0.09216589861751152
301.tiff,canine cutaneous mast cell tumor,0,chromatin_od@domain,od,True,1.06361,True,False,217,109,16568,0.9324,107,2,0.0,1.0,29.609,178.0,1463.0,3612.0,5599.0,12556.0,15125.0,chromatin_od,domain,1.06361,50,50,41,3,0.1889400921658986
301.tiff,canine cutaneous mast cell tumor,0,chromatin_od@domain,od,True,1.06361,True,False,217,109,16568,0.9324,107,2,0.0,1.0,29.609,178.0,1463.0,3612.0,5599.0,12556.0,15125.0,chromatin_od,domain,1.06361,100,100,76,11,0.35023041474654376
301.tiff,canine cutaneous mast cell tumor,0,chromatin_od@domain,od,True,1.06361,True,False,217,109,16568,0.9324,107,2,0.0,1.0,29.609,178.0,1463.0,3612.0,5599.0,12556.0,15125.0,chromatin_od,domain,1.06361,250,250,119,23,0.5483870967741935
301.tiff,canine cutaneous mast cell tumor,0,chromatin_od@domain,od,True,1.06361,True,False,217,109,16568,0.9324,107,2,0.0,1.0,29.609,178.0,1463.0,3612.0,5599.0,12556.0,15125.0,chromatin_od,domain,1.06361,500,500,143,40,0.6589861751152074
301.tiff,canine cutaneous mast cell tumor,0,chromatin_od@domain,od,True,1.06361,True,False,217,109,16568,0.9324,107,2,0.0,1.0,29.609,178.0,1463.0,3612.0,5599.0,12556.0,15125.0,chromatin_od,domain,1.06361,1000,1000,165,60,0.7603686635944701
301.tiff,canine cutaneous mast cell tumor,0,chromatin_od@domain,od,True,1.06361,True,False,217,109,16568,0.9324,107,2,0.0,1.0,29.609,178.0,1463.0,3612.0,5599.0,12556.0,15125.0,chromatin_od,domain,1.06361,2000,2000,183,81,0.8433179723502304
301.tiff,canine cutaneous mast cell tumor,0,chromatin_od@domain,od,True,1.06361,True,False,217,109,16568,0.9324,107,2,0.0,1.0,29.609,178.0,1463.0,3612.0,5599.0,12556.0,15125.0,chromatin_od,domain,1.06361,5000,5000,202,98,0.9308755760368663
301.tiff,canine cutaneous mast cell tumor,1,tm_score@current,score,True,1.0,True,False,217,109,17635,0.9467,109,2,0.0,1.0,29.609,316.0,1554.0,3127.0,5842.0,10536.0,15130.0,tm_score,current,1.0,25,25,19,1,0.08755760368663594
301.tiff,canine cutaneous mast cell tumor,1,tm_score@current,score,True,1.0,True,False,217,109,17635,0.9467,109,2,0.0,1.0,29.609,316.0,1554.0,3127.0,5842.0,10536.0,15130.0,tm_score,current,1.0,50,50,31,4,0.14285714285714285
301.tiff,canine cutaneous mast cell tumor,1,tm_score@current,score,True,1.0,True,False,217,109,17635,0.9467,109,2,0.0,1.0,29.609,316.0,1554.0,3127.0,5842.0,10536.0,15130.0,tm_score,current,1.0,100,100,53,11,0.24423963133640553
301.tiff,canine cutaneous mast cell tumor,1,tm_score@current,score,True,1.0,True,False,217,109,17635,0.9467,109,2,0.0,1.0,29.609,316.0,1554.0,3127.0,5842.0,10536.0,15130.0,tm_score,current,1.0,250,250,92,29,0.423963133640553
301.tiff,canine cutaneous mast cell tumor,1,tm_score@current,score,True,1.0,True,False,217,109,17635,0.9467,109,2,0.0,1.0,29.609,316.0,1554.0,3127.0,5842.0,10536.0,15130.0,tm_score,current,1.0,500,500,135,49,0.6221198156682027
301.tiff,canine cutaneous mast cell tumor,1,tm_score@current,score,True,1.0,True,False,217,109,17635,0.9467,109,2,0.0,1.0,29.609,316.0,1554.0,3127.0,5842.0,10536.0,15130.0,tm_score,current,1.0,1000,1000,158,60,0.728110599078341
301.tiff,canine cutaneous mast cell tumor,1,tm_score@current,score,True,1.0,True,False,217,109,17635,0.9467,109,2,0.0,1.0,29.609,316.0,1554.0,3127.0,5842.0,10536.0,15130.0,tm_score,current,1.0,2000,2000,181,86,0.8341013824884793
301.tiff,canine cutaneous mast cell tumor,1,tm_score@current,score,True,1.0,True,False,217,109,17635,0.9467,109,2,0.0,1.0,29.609,316.0,1554.0,3127.0,5842.0,10536.0,15130.0,tm_score,current,1.0,5000,5000,206,99,0.9493087557603687
301.tiff,canine cutaneous mast cell tumor,1,chromatin_od@current,od,True,1.0,True,False,217,109,17635,0.9467,109,2,0.0,1.0,29.609,272.0,1343.0,2681.0,4437.0,7787.0,13471.0,chromatin_od,current,1.0,25,25,17,2,0.07834101382488479
301.tiff,canine cutaneous mast cell tumor,1,chromatin_od@current,od,True,1.0,True,False,217,109,17635,0.9467,109,2,0.0,1.0,29.609,272.0,1343.0,2681.0,4437.0,7787.0,13471.0,chromatin_od,current,1.0,50,50,29,3,0.1336405529953917
301.tiff,canine cutaneous mast cell tumor,1,chromatin_od@current,od,True,1.0,True,False,217,109,17635,0.9467,109,2,0.0,1.0,29.609,272.0,1343.0,2681.0,4437.0,7787.0,13471.0,chromatin_od,current,1.0,100,100,54,6,0.2488479262672811
301.tiff,canine cutaneous mast cell tumor,1,chromatin_od@current,od,True,1.0,True,False,217,109,17635,0.9467,109,2,0.0,1.0,29.609,272.0,1343.0,2681.0,4437.0,7787.0,13471.0,chromatin_od,current,1.0,250,250,106,20,0.48847926267281105
301.tiff,canine cutaneous mast cell tumor,1,chromatin_od@current,od,True,1.0,True,False,217,109,17635,0.9467,109,2,0.0,1.0,29.609,272.0,1343.0,2681.0,4437.0,7787.0,13471.0,chromatin_od,current,1.0,500,500,135,32,0.6221198156682027
301.tiff,canine cutaneous mast cell tumor,1,chromatin_od@current,od,True,1.0,True,False,217,109,17635,0.9467,109,2,0.0,1.0,29.609,272.0,1343.0,2681.0,4437.0,7787.0,13471.0,chromatin_od,current,1.0,1000,1000,165,63,0.7603686635944701
301.tiff,canine cutaneous mast cell tumor,1,chromatin_od@current,od,True,1.0,True,False,217,109,17635,0.9467,109,2,0.0,1.0,29.609,272.0,1343.0,2681.0,4437.0,7787.0,13471.0,chromatin_od,current,1.0,2000,2000,188,87,0.8663594470046083
301.tiff,canine cutaneous mast cell tumor,1,chromatin_od@current,od,True,1.0,True,False,217,109,17635,0.9467,109,2,0.0,1.0,29.609,272.0,1343.0,2681.0,4437.0,7787.0,13471.0,chromatin_od,current,1.0,5000,5000,210,101,0.967741935483871
301.tiff,canine cutaneous mast cell tumor,1,tm_score@global,score,True,0.43783,True,False,217,109,18384,0.9644,109,2,0.0,1.0,29.609,316.0,1554.0,3127.0,5842.0,10536.0,15130.0,tm_score,global,0.43783,25,25,19,1,0.08755760368663594
301.tiff,canine cutaneous mast cell tumor,1,tm_score@global,score,True,0.43783,True,False,217,109,18384,0.9644,109,2,0.0,1.0,29.609,316.0,1554.0,3127.0,5842.0,10536.0,15130.0,tm_score,global,0.43783,50,50,31,4,0.14285714285714285
301.tiff,canine cutaneous mast cell tumor,1,tm_score@global,score,True,0.43783,True,False,217,109,18384,0.9644,109,2,0.0,1.0,29.609,316.0,1554.0,3127.0,5842.0,10536.0,15130.0,tm_score,global,0.43783,100,100,53,11,0.24423963133640553
301.tiff,canine cutaneous mast cell tumor,1,tm_score@global,score,True,0.43783,True,False,217,109,18384,0.9644,109,2,0.0,1.0,29.609,316.0,1554.0,3127.0,5842.0,10536.0,15130.0,tm_score,global,0.43783,250,250,92,29,0.423963133640553
301.tiff,canine cutaneous mast cell tumor,1,tm_score@global,score,True,0.43783,True,False,217,109,18384,0.9644,109,2,0.0,1.0,29.609,316.0,1554.0,3127.0,5842.0,10536.0,15130.0,tm_score,global,0.43783,500,500,135,49,0.6221198156682027
301.tiff,canine cutaneous mast cell tumor,1,tm_score@global,score,True,0.43783,True,False,217,109,18384,0.9644,109,2,0.0,1.0,29.609,316.0,1554.0,3127.0,5842.0,10536.0,15130.0,tm_score,global,0.43783,1000,1000,158,60,0.728110599078341
301.tiff,canine cutaneous mast cell tumor,1,tm_score@global,score,True,0.43783,True,False,217,109,18384,0.9644,109,2,0.0,1.0,29.609,316.0,1554.0,3127.0,5842.0,10536.0,15130.0,tm_score,global,0.43783,2000,2000,181,86,0.8341013824884793
301.tiff,canine cutaneous mast cell tumor,1,tm_score@global,score,True,0.43783,True,False,217,109,18384,0.9644,109,2,0.0,1.0,29.609,316.0,1554.0,3127.0,5842.0,10536.0,15130.0,tm_score,global,0.43783,5000,5000,206,99,0.9493087557603687
301.tiff,canine cutaneous mast cell tumor,1,chromatin_od@global,od,True,0.43783,True,False,217,109,18384,0.9644,109,2,0.0,1.0,29.609,273.0,1347.0,2695.0,4466.0,7858.0,13670.0,chromatin_od,global,0.43783,25,25,17,2,0.07834101382488479
301.tiff,canine cutaneous mast cell tumor,1,chromatin_od@global,od,True,0.43783,True,False,217,109,18384,0.9644,109,2,0.0,1.0,29.609,273.0,1347.0,2695.0,4466.0,7858.0,13670.0,chromatin_od,global,0.43783,50,50,29,3,0.1336405529953917
301.tiff,canine cutaneous mast cell tumor,1,chromatin_od@global,od,True,0.43783,True,False,217,109,18384,0.9644,109,2,0.0,1.0,29.609,273.0,1347.0,2695.0,4466.0,7858.0,13670.0,chromatin_od,global,0.43783,100,100,54,6,0.2488479262672811
301.tiff,canine cutaneous mast cell tumor,1,chromatin_od@global,od,True,0.43783,True,False,217,109,18384,0.9644,109,2,0.0,1.0,29.609,273.0,1347.0,2695.0,4466.0,7858.0,13670.0,chromatin_od,global,0.43783,250,250,105,20,0.4838709677419355
301.tiff,canine cutaneous mast cell tumor,1,chromatin_od@global,od,True,0.43783,True,False,217,109,18384,0.9644,109,2,0.0,1.0,29.609,273.0,1347.0,2695.0,4466.0,7858.0,13670.0,chromatin_od,global,0.43783,500,500,135,32,0.6221198156682027
301.tiff,canine cutaneous mast cell tumor,1,chromatin_od@global,od,True,0.43783,True,False,217,109,18384,0.9644,109,2,0.0,1.0,29.609,273.0,1347.0,2695.0,4466.0,7858.0,13670.0,chromatin_od,global,0.43783,1000,1000,165,63,0.7603686635944701
301.tiff,canine cutaneous mast cell tumor,1,chromatin_od@global,od,True,0.43783,True,False,217,109,18384,0.9644,109,2,0.0,1.0,29.609,273.0,1347.0,2695.0,4466.0,7858.0,13670.0,chromatin_od,global,0.43783,2000,2000,188,87,0.8663594470046083
301.tiff,canine cutaneous mast cell tumor,1,chromatin_od@global,od,True,0.43783,True,False,217,109,18384,0.9644,109,2,0.0,1.0,29.609,273.0,1347.0,2695.0,4466.0,7858.0,13670.0,chromatin_od,global,0.43783,5000,5000,210,101,0.967741935483871
301.tiff,canine cutaneous mast cell tumor,1,tm_score@domain,score,True,1.06361,True,False,217,109,17481,0.9433,109,2,0.0,1.0,29.609,316.0,1554.0,3127.0,5842.0,10536.0,15130.0,tm_score,domain,1.06361,25,25,19,1,0.08755760368663594
301.tiff,canine cutaneous mast cell tumor,1,tm_score@domain,score,True,1.06361,True,False,217,109,17481,0.9433,109,2,0.0,1.0,29.609,316.0,1554.0,3127.0,5842.0,10536.0,15130.0,tm_score,domain,1.06361,50,50,31,4,0.14285714285714285
301.tiff,canine cutaneous mast cell tumor,1,tm_score@domain,score,True,1.06361,True,False,217,109,17481,0.9433,109,2,0.0,1.0,29.609,316.0,1554.0,3127.0,5842.0,10536.0,15130.0,tm_score,domain,1.06361,100,100,53,11,0.24423963133640553
301.tiff,canine cutaneous mast cell tumor,1,tm_score@domain,score,True,1.06361,True,False,217,109,17481,0.9433,109,2,0.0,1.0,29.609,316.0,1554.0,3127.0,5842.0,10536.0,15130.0,tm_score,domain,1.06361,250,250,92,29,0.423963133640553
301.tiff,canine cutaneous mast cell tumor,1,tm_score@domain,score,True,1.06361,True,False,217,109,17481,0.9433,109,2,0.0,1.0,29.609,316.0,1554.0,3127.0,5842.0,10536.0,15130.0,tm_score,domain,1.06361,500,500,135,49,0.6221198156682027
301.tiff,canine cutaneous mast cell tumor,1,tm_score@domain,score,True,1.06361,True,False,217,109,17481,0.9433,109,2,0.0,1.0,29.609,316.0,1554.0,3127.0,5842.0,10536.0,15130.0,tm_score,domain,1.06361,1000,1000,158,60,0.728110599078341
301.tiff,canine cutaneous mast cell tumor,1,tm_score@domain,score,True,1.06361,True,False,217,109,17481,0.9433,109,2,0.0,1.0,29.609,316.0,1554.0,3127.0,5842.0,10536.0,15130.0,tm_score,domain,1.06361,2000,2000,181,86,0.8341013824884793
301.tiff,canine cutaneous mast cell tumor,1,tm_score@domain,score,True,1.06361,True,False,217,109,17481,0.9433,109,2,0.0,1.0,29.609,316.0,1554.0,3127.0,5842.0,10536.0,15130.0,tm_score,domain,1.06361,5000,5000,206,99,0.9493087557603687
301.tiff,canine cutaneous mast cell tumor,1,chromatin_od@domain,od,True,1.06361,True,False,217,109,17481,0.9433,109,2,0.0,1.0,29.609,272.0,1341.0,2678.0,4431.0,7772.0,13409.0,chromatin_od,domain,1.06361,25,25,17,2,0.07834101382488479
301.tiff,canine cutaneous mast cell tumor,1,chromatin_od@domain,od,True,1.06361,True,False,217,109,17481,0.9433,109,2,0.0,1.0,29.609,272.0,1341.0,2678.0,4431.0,7772.0,13409.0,chromatin_od,domain,1.06361,50,50,29,3,0.1336405529953917
301.tiff,canine cutaneous mast cell tumor,1,chromatin_od@domain,od,True,1.06361,True,False,217,109,17481,0.9433,109,2,0.0,1.0,29.609,272.0,1341.0,2678.0,4431.0,7772.0,13409.0,chromatin_od,domain,1.06361,100,100,54,6,0.2488479262672811
301.tiff,canine cutaneous mast cell tumor,1,chromatin_od@domain,od,True,1.06361,True,False,217,109,17481,0.9433,109,2,0.0,1.0,29.609,272.0,1341.0,2678.0,4431.0,7772.0,13409.0,chromatin_od,domain,1.06361,250,250,106,20,0.48847926267281105
301.tiff,canine cutaneous mast cell tumor,1,chromatin_od@domain,od,True,1.06361,True,False,217,109,17481,0.9433,109,2,0.0,1.0,29.609,272.0,1341.0,2678.0,4431.0,7772.0,13409.0,chromatin_od,domain,1.06361,500,500,135,32,0.6221198156682027
301.tiff,canine cutaneous mast cell tumor,1,chromatin_od@domain,od,True,1.06361,True,False,217,109,17481,0.9433,109,2,0.0,1.0,29.609,272.0,1341.0,2678.0,4431.0,7772.0,13409.0,chromatin_od,domain,1.06361,1000,1000,165,63,0.7603686635944701
301.tiff,canine cutaneous mast cell tumor,1,chromatin_od@domain,od,True,1.06361,True,False,217,109,17481,0.9433,109,2,0.0,1.0,29.609,272.0,1341.0,2678.0,4431.0,7772.0,13409.0,chromatin_od,domain,1.06361,2000,2000,188,87,0.8663594470046083
301.tiff,canine cutaneous mast cell tumor,1,chromatin_od@domain,od,True,1.06361,True,False,217,109,17481,0.9433,109,2,0.0,1.0,29.609,272.0,1341.0,2678.0,4431.0,7772.0,13409.0,chromatin_od,domain,1.06361,5000,5000,210,101,0.967741935483871
301.tiff,canine cutaneous mast cell tumor,2,tm_score@current,score,True,1.0,True,False,217,109,17529,0.9533,109,2,0.0,1.0,29.609,170.0,578.0,1172.0,2511.0,7044.0,12646.0,tm_score,current,1.0,25,25,19,6,0.08755760368663594
301.tiff,canine cutaneous mast cell tumor,2,tm_score@current,score,True,1.0,True,False,217,109,17529,0.9533,109,2,0.0,1.0,29.609,170.0,578.0,1172.0,2511.0,7044.0,12646.0,tm_score,current,1.0,50,50,39,6,0.17972350230414746
301.tiff,canine cutaneous mast cell tumor,2,tm_score@current,score,True,1.0,True,False,217,109,17529,0.9533,109,2,0.0,1.0,29.609,170.0,578.0,1172.0,2511.0,7044.0,12646.0,tm_score,current,1.0,100,100,72,10,0.3317972350230415
301.tiff,canine cutaneous mast cell tumor,2,tm_score@current,score,True,1.0,True,False,217,109,17529,0.9533,109,2,0.0,1.0,29.609,170.0,578.0,1172.0,2511.0,7044.0,12646.0,tm_score,current,1.0,250,250,131,28,0.6036866359447005
301.tiff,canine cutaneous mast cell tumor,2,tm_score@current,score,True,1.0,True,False,217,109,17529,0.9533,109,2,0.0,1.0,29.609,170.0,578.0,1172.0,2511.0,7044.0,12646.0,tm_score,current,1.0,500,500,168,57,0.7741935483870968
301.tiff,canine cutaneous mast cell tumor,2,tm_score@current,score,True,1.0,True,False,217,109,17529,0.9533,109,2,0.0,1.0,29.609,170.0,578.0,1172.0,2511.0,7044.0,12646.0,tm_score,current,1.0,1000,1000,192,76,0.8847926267281107
301.tiff,canine cutaneous mast cell tumor,2,tm_score@current,score,True,1.0,True,False,217,109,17529,0.9533,109,2,0.0,1.0,29.609,170.0,578.0,1172.0,2511.0,7044.0,12646.0,tm_score,current,1.0,2000,2000,204,93,0.9400921658986175
301.tiff,canine cutaneous mast cell tumor,2,tm_score@current,score,True,1.0,True,False,217,109,17529,0.9533,109,2,0.0,1.0,29.609,170.0,578.0,1172.0,2511.0,7044.0,12646.0,tm_score,current,1.0,5000,5000,212,107,0.9769585253456221
301.tiff,canine cutaneous mast cell tumor,2,chromatin_od@current,od,True,1.0,True,False,217,109,17529,0.9533,109,2,0.0,1.0,29.609,223.0,1142.0,2682.0,4494.0,7475.0,13723.0,chromatin_od,current,1.0,25,25,20,3,0.09216589861751152
301.tiff,canine cutaneous mast cell tumor,2,chromatin_od@current,od,True,1.0,True,False,217,109,17529,0.9533,109,2,0.0,1.0,29.609,223.0,1142.0,2682.0,4494.0,7475.0,13723.0,chromatin_od,current,1.0,50,50,38,3,0.17511520737327188
301.tiff,canine cutaneous mast cell tumor,2,chromatin_od@current,od,True,1.0,True,False,217,109,17529,0.9533,109,2,0.0,1.0,29.609,223.0,1142.0,2682.0,4494.0,7475.0,13723.0,chromatin_od,current,1.0,100,100,66,10,0.30414746543778803
301.tiff,canine cutaneous mast cell tumor,2,chromatin_od@current,od,True,1.0,True,False,217,109,17529,0.9533,109,2,0.0,1.0,29.609,223.0,1142.0,2682.0,4494.0,7475.0,13723.0,chromatin_od,current,1.0,250,250,115,23,0.5299539170506913
301.tiff,canine cutaneous mast cell tumor,2,chromatin_od@current,od,True,1.0,True,False,217,109,17529,0.9533,109,2,0.0,1.0,29.609,223.0,1142.0,2682.0,4494.0,7475.0,13723.0,chromatin_od,current,1.0,500,500,145,37,0.6682027649769585
301.tiff,canine cutaneous mast cell tumor,2,chromatin_od@current,od,True,1.0,True,False,217,109,17529,0.9533,109,2,0.0,1.0,29.609,223.0,1142.0,2682.0,4494.0,7475.0,13723.0,chromatin_od,current,1.0,1000,1000,170,63,0.783410138248848
301.tiff,canine cutaneous mast cell tumor,2,chromatin_od@current,od,True,1.0,True,False,217,109,17529,0.9533,109,2,0.0,1.0,29.609,223.0,1142.0,2682.0,4494.0,7475.0,13723.0,chromatin_od,current,1.0,2000,2000,188,88,0.8663594470046083
301.tiff,canine cutaneous mast cell tumor,2,chromatin_od@current,od,True,1.0,True,False,217,109,17529,0.9533,109,2,0.0,1.0,29.609,223.0,1142.0,2682.0,4494.0,7475.0,13723.0,chromatin_od,current,1.0,5000,5000,209,101,0.9631336405529954
301.tiff,canine cutaneous mast cell tumor,2,tm_score@global,score,True,0.43783,True,False,217,109,18379,0.9697,109,2,0.0,1.0,29.609,170.0,578.0,1172.0,2511.0,7044.0,12646.0,tm_score,global,0.43783,25,25,19,6,0.08755760368663594
301.tiff,canine cutaneous mast cell tumor,2,tm_score@global,score,True,0.43783,True,False,217,109,18379,0.9697,109,2,0.0,1.0,29.609,170.0,578.0,1172.0,2511.0,7044.0,12646.0,tm_score,global,0.43783,50,50,39,6,0.17972350230414746
301.tiff,canine cutaneous mast cell tumor,2,tm_score@global,score,True,0.43783,True,False,217,109,18379,0.9697,109,2,0.0,1.0,29.609,170.0,578.0,1172.0,2511.0,7044.0,12646.0,tm_score,global,0.43783,100,100,72,10,0.3317972350230415
301.tiff,canine cutaneous mast cell tumor,2,tm_score@global,score,True,0.43783,True,False,217,109,18379,0.9697,109,2,0.0,1.0,29.609,170.0,578.0,1172.0,2511.0,7044.0,12646.0,tm_score,global,0.43783,250,250,131,28,0.6036866359447005
301.tiff,canine cutaneous mast cell tumor,2,tm_score@global,score,True,0.43783,True,False,217,109,18379,0.9697,109,2,0.0,1.0,29.609,170.0,578.0,1172.0,2511.0,7044.0,12646.0,tm_score,global,0.43783,500,500,168,57,0.7741935483870968
301.tiff,canine cutaneous mast cell tumor,2,tm_score@global,score,True,0.43783,True,False,217,109,18379,0.9697,109,2,0.0,1.0,29.609,170.0,578.0,1172.0,2511.0,7044.0,12646.0,tm_score,global,0.43783,1000,1000,192,76,0.8847926267281107
301.tiff,canine cutaneous mast cell tumor,2,tm_score@global,score,True,0.43783,True,False,217,109,18379,0.9697,109,2,0.0,1.0,29.609,170.0,578.0,1172.0,2511.0,7044.0,12646.0,tm_score,global,0.43783,2000,2000,204,93,0.9400921658986175
301.tiff,canine cutaneous mast cell tumor,2,tm_score@global,score,True,0.43783,True,False,217,109,18379,0.9697,109,2,0.0,1.0,29.609,170.0,578.0,1172.0,2511.0,7044.0,12646.0,tm_score,global,0.43783,5000,5000,212,107,0.9769585253456221
301.tiff,canine cutaneous mast cell tumor,2,chromatin_od@global,od,True,0.43783,True,False,217,109,18379,0.9697,109,2,0.0,1.0,29.609,227.0,1161.0,2718.0,4568.0,7633.0,14117.0,chromatin_od,global,0.43783,25,25,20,3,0.09216589861751152
301.tiff,canine cutaneous mast cell tumor,2,chromatin_od@global,od,True,0.43783,True,False,217,109,18379,0.9697,109,2,0.0,1.0,29.609,227.0,1161.0,2718.0,4568.0,7633.0,14117.0,chromatin_od,global,0.43783,50,50,37,3,0.17050691244239632
301.tiff,canine cutaneous mast cell tumor,2,chromatin_od@global,od,True,0.43783,True,False,217,109,18379,0.9697,109,2,0.0,1.0,29.609,227.0,1161.0,2718.0,4568.0,7633.0,14117.0,chromatin_od,global,0.43783,100,100,66,10,0.30414746543778803
301.tiff,canine cutaneous mast cell tumor,2,chromatin_od@global,od,True,0.43783,True,False,217,109,18379,0.9697,109,2,0.0,1.0,29.609,227.0,1161.0,2718.0,4568.0,7633.0,14117.0,chromatin_od,global,0.43783,250,250,115,22,0.5299539170506913
301.tiff,canine cutaneous mast cell tumor,2,chromatin_od@global,od,True,0.43783,True,False,217,109,18379,0.9697,109,2,0.0,1.0,29.609,227.0,1161.0,2718.0,4568.0,7633.0,14117.0,chromatin_od,global,0.43783,500,500,145,37,0.6682027649769585
301.tiff,canine cutaneous mast cell tumor,2,chromatin_od@global,od,True,0.43783,True,False,217,109,18379,0.9697,109,2,0.0,1.0,29.609,227.0,1161.0,2718.0,4568.0,7633.0,14117.0,chromatin_od,global,0.43783,1000,1000,170,62,0.783410138248848
301.tiff,canine cutaneous mast cell tumor,2,chromatin_od@global,od,True,0.43783,True,False,217,109,18379,0.9697,109,2,0.0,1.0,29.609,227.0,1161.0,2718.0,4568.0,7633.0,14117.0,chromatin_od,global,0.43783,2000,2000,188,88,0.8663594470046083
301.tiff,canine cutaneous mast cell tumor,2,chromatin_od@global,od,True,0.43783,True,False,217,109,18379,0.9697,109,2,0.0,1.0,29.609,227.0,1161.0,2718.0,4568.0,7633.0,14117.0,chromatin_od,global,0.43783,5000,5000,209,100,0.9631336405529954
301.tiff,canine cutaneous mast cell tumor,2,tm_score@domain,score,True,1.06361,True,False,217,109,17430,0.9511,109,2,0.0,1.0,29.609,170.0,578.0,1172.0,2511.0,7044.0,12646.0,tm_score,domain,1.06361,25,25,19,6,0.08755760368663594
301.tiff,canine cutaneous mast cell tumor,2,tm_score@domain,score,True,1.06361,True,False,217,109,17430,0.9511,109,2,0.0,1.0,29.609,170.0,578.0,1172.0,2511.0,7044.0,12646.0,tm_score,domain,1.06361,50,50,39,6,0.17972350230414746
301.tiff,canine cutaneous mast cell tumor,2,tm_score@domain,score,True,1.06361,True,False,217,109,17430,0.9511,109,2,0.0,1.0,29.609,170.0,578.0,1172.0,2511.0,7044.0,12646.0,tm_score,domain,1.06361,100,100,72,10,0.3317972350230415
301.tiff,canine cutaneous mast cell tumor,2,tm_score@domain,score,True,1.06361,True,False,217,109,17430,0.9511,109,2,0.0,1.0,29.609,170.0,578.0,1172.0,2511.0,7044.0,12646.0,tm_score,domain,1.06361,250,250,131,28,0.6036866359447005
301.tiff,canine cutaneous mast cell tumor,2,tm_score@domain,score,True,1.06361,True,False,217,109,17430,0.9511,109,2,0.0,1.0,29.609,170.0,578.0,1172.0,2511.0,7044.0,12646.0,tm_score,domain,1.06361,500,500,168,57,0.7741935483870968
301.tiff,canine cutaneous mast cell tumor,2,tm_score@domain,score,True,1.06361,True,False,217,109,17430,0.9511,109,2,0.0,1.0,29.609,170.0,578.0,1172.0,2511.0,7044.0,12646.0,tm_score,domain,1.06361,1000,1000,192,76,0.8847926267281107
301.tiff,canine cutaneous mast cell tumor,2,tm_score@domain,score,True,1.06361,True,False,217,109,17430,0.9511,109,2,0.0,1.0,29.609,170.0,578.0,1172.0,2511.0,7044.0,12646.0,tm_score,domain,1.06361,2000,2000,204,93,0.9400921658986175
301.tiff,canine cutaneous mast cell tumor,2,tm_score@domain,score,True,1.06361,True,False,217,109,17430,0.9511,109,2,0.0,1.0,29.609,170.0,578.0,1172.0,2511.0,7044.0,12646.0,tm_score,domain,1.06361,5000,5000,212,107,0.9769585253456221
301.tiff,canine cutaneous mast cell tumor,2,chromatin_od@domain,od,True,1.06361,True,False,217,109,17430,0.9511,109,2,0.0,1.0,29.609,223.0,1139.0,2679.0,4487.0,7459.0,13681.0,chromatin_od,domain,1.06361,25,25,20,3,0.09216589861751152
301.tiff,canine cutaneous mast cell tumor,2,chromatin_od@domain,od,True,1.06361,True,False,217,109,17430,0.9511,109,2,0.0,1.0,29.609,223.0,1139.0,2679.0,4487.0,7459.0,13681.0,chromatin_od,domain,1.06361,50,50,38,3,0.17511520737327188
301.tiff,canine cutaneous mast cell tumor,2,chromatin_od@domain,od,True,1.06361,True,False,217,109,17430,0.9511,109,2,0.0,1.0,29.609,223.0,1139.0,2679.0,4487.0,7459.0,13681.0,chromatin_od,domain,1.06361,100,100,66,10,0.30414746543778803
301.tiff,canine cutaneous mast cell tumor,2,chromatin_od@domain,od,True,1.06361,True,False,217,109,17430,0.9511,109,2,0.0,1.0,29.609,223.0,1139.0,2679.0,4487.0,7459.0,13681.0,chromatin_od,domain,1.06361,250,250,115,23,0.5299539170506913
301.tiff,canine cutaneous mast cell tumor,2,chromatin_od@domain,od,True,1.06361,True,False,217,109,17430,0.9511,109,2,0.0,1.0,29.609,223.0,1139.0,2679.0,4487.0,7459.0,13681.0,chromatin_od,domain,1.06361,500,500,145,38,0.6682027649769585
301.tiff,canine cutaneous mast cell tumor,2,chromatin_od@domain,od,True,1.06361,True,False,217,109,17430,0.9511,109,2,0.0,1.0,29.609,223.0,1139.0,2679.0,4487.0,7459.0,13681.0,chromatin_od,domain,1.06361,1000,1000,170,63,0.783410138248848
301.tiff,canine cutaneous mast cell tumor,2,chromatin_od@domain,od,True,1.06361,True,False,217,109,17430,0.9511,109,2,0.0,1.0,29.609,223.0,1139.0,2679.0,4487.0,7459.0,13681.0,chromatin_od,domain,1.06361,2000,2000,188,88,0.8663594470046083
301.tiff,canine cutaneous mast cell tumor,2,chromatin_od@domain,od,True,1.06361,True,False,217,109,17430,0.9511,109,2,0.0,1.0,29.609,223.0,1139.0,2679.0,4487.0,7459.0,13681.0,chromatin_od,domain,1.06361,5000,5000,209,101,0.9631336405529954
301.tiff,canine cutaneous mast cell tumor,3,tm_score@current,score,True,1.0,True,False,217,109,17659,0.9535,109,2,0.0,1.0,29.609,294.0,1322.0,2612.0,5007.0,9212.0,17528.0,tm_score,current,1.0,25,25,15,5,0.06912442396313365
301.tiff,canine cutaneous mast cell tumor,3,tm_score@current,score,True,1.0,True,False,217,109,17659,0.9535,109,2,0.0,1.0,29.609,294.0,1322.0,2612.0,5007.0,9212.0,17528.0,tm_score,current,1.0,50,50,30,8,0.1382488479262673
301.tiff,canine cutaneous mast cell tumor,3,tm_score@current,score,True,1.0,True,False,217,109,17659,0.9535,109,2,0.0,1.0,29.609,294.0,1322.0,2612.0,5007.0,9212.0,17528.0,tm_score,current,1.0,100,100,51,9,0.2350230414746544
301.tiff,canine cutaneous mast cell tumor,3,tm_score@current,score,True,1.0,True,False,217,109,17659,0.9535,109,2,0.0,1.0,29.609,294.0,1322.0,2612.0,5007.0,9212.0,17528.0,tm_score,current,1.0,250,250,98,27,0.45161290322580644
301.tiff,canine cutaneous mast cell tumor,3,tm_score@current,score,True,1.0,True,False,217,109,17659,0.9535,109,2,0.0,1.0,29.609,294.0,1322.0,2612.0,5007.0,9212.0,17528.0,tm_score,current,1.0,500,500,138,42,0.6359447004608295
301.tiff,canine cutaneous mast cell tumor,3,tm_score@current,score,True,1.0,True,False,217,109,17659,0.9535,109,2,0.0,1.0,29.609,294.0,1322.0,2612.0,5007.0,9212.0,17528.0,tm_score,current,1.0,1000,1000,168,64,0.7741935483870968
301.tiff,canine cutaneous mast cell tumor,3,tm_score@current,score,True,1.0,True,False,217,109,17659,0.9535,109,2,0.0,1.0,29.609,294.0,1322.0,2612.0,5007.0,9212.0,17528.0,tm_score,current,1.0,2000,2000,189,83,0.8709677419354839
301.tiff,canine cutaneous mast cell tumor,3,tm_score@current,score,True,1.0,True,False,217,109,17659,0.9535,109,2,0.0,1.0,29.609,294.0,1322.0,2612.0,5007.0,9212.0,17528.0,tm_score,current,1.0,5000,5000,206,100,0.9493087557603687
301.tiff,canine cutaneous mast cell tumor,3,chromatin_od@current,od,True,1.0,True,False,217,109,17659,0.9535,109,3,0.0,1.0,29.609,219.0,1126.0,2458.0,5470.0,11390.0,13372.0,chromatin_od,current,1.0,25,25,16,3,0.07373271889400922
301.tiff,canine cutaneous mast cell tumor,3,chromatin_od@current,od,True,1.0,True,False,217,109,17659,0.9535,109,3,0.0,1.0,29.609,219.0,1126.0,2458.0,5470.0,11390.0,13372.0,chromatin_od,current,1.0,50,50,35,4,0.16129032258064516
301.tiff,canine cutaneous mast cell tumor,3,chromatin_od@current,od,True,1.0,True,False,217,109,17659,0.9535,109,3,0.0,1.0,29.609,219.0,1126.0,2458.0,5470.0,11390.0,13372.0,chromatin_od,current,1.0,100,100,62,9,0.2857142857142857
301.tiff,canine cutaneous mast cell tumor,3,chromatin_od@current,od,True,1.0,True,False,217,109,17659,0.9535,109,3,0.0,1.0,29.609,219.0,1126.0,2458.0,5470.0,11390.0,13372.0,chromatin_od,current,1.0,250,250,117,21,0.5391705069124424
301.tiff,canine cutaneous mast cell tumor,3,chromatin_od@current,od,True,1.0,True,False,217,109,17659,0.9535,109,3,0.0,1.0,29.609,219.0,1126.0,2458.0,5470.0,11390.0,13372.0,chromatin_od,current,1.0,500,500,148,36,0.6820276497695853
301.tiff,canine cutaneous mast cell tumor,3,chromatin_od@current,od,True,1.0,True,False,217,109,17659,0.9535,109,3,0.0,1.0,29.609,219.0,1126.0,2458.0,5470.0,11390.0,13372.0,chromatin_od,current,1.0,1000,1000,168,63,0.7741935483870968
301.tiff,canine cutaneous mast cell tumor,3,chromatin_od@current,od,True,1.0,True,False,217,109,17659,0.9535,109,3,0.0,1.0,29.609,219.0,1126.0,2458.0,5470.0,11390.0,13372.0,chromatin_od,current,1.0,2000,2000,188,85,0.8663594470046083
301.tiff,canine cutaneous mast cell tumor,3,chromatin_od@current,od,True,1.0,True,False,217,109,17659,0.9535,109,3,0.0,1.0,29.609,219.0,1126.0,2458.0,5470.0,11390.0,13372.0,chromatin_od,current,1.0,5000,5000,204,101,0.9400921658986175
301.tiff,canine cutaneous mast cell tumor,3,tm_score@global,score,True,0.43783,True,False,217,109,18442,0.9707,109,2,0.0,1.0,29.609,294.0,1322.0,2612.0,5007.0,9212.0,17528.0,tm_score,global,0.43783,25,25,15,5,0.06912442396313365
301.tiff,canine cutaneous mast cell tumor,3,tm_score@global,score,True,0.43783,True,False,217,109,18442,0.9707,109,2,0.0,1.0,29.609,294.0,1322.0,2612.0,5007.0,9212.0,17528.0,tm_score,global,0.43783,50,50,30,8,0.1382488479262673
301.tiff,canine cutaneous mast cell tumor,3,tm_score@global,score,True,0.43783,True,False,217,109,18442,0.9707,109,2,0.0,1.0,29.609,294.0,1322.0,2612.0,5007.0,9212.0,17528.0,tm_score,global,0.43783,100,100,51,9,0.2350230414746544
301.tiff,canine cutaneous mast cell tumor,3,tm_score@global,score,True,0.43783,True,False,217,109,18442,0.9707,109,2,0.0,1.0,29.609,294.0,1322.0,2612.0,5007.0,9212.0,17528.0,tm_score,global,0.43783,250,250,98,27,0.45161290322580644
301.tiff,canine cutaneous mast cell tumor,3,tm_score@global,score,True,0.43783,True,False,217,109,18442,0.9707,109,2,0.0,1.0,29.609,294.0,1322.0,2612.0,5007.0,9212.0,17528.0,tm_score,global,0.43783,500,500,138,42,0.6359447004608295
301.tiff,canine cutaneous mast cell tumor,3,tm_score@global,score,True,0.43783,True,False,217,109,18442,0.9707,109,2,0.0,1.0,29.609,294.0,1322.0,2612.0,5007.0,9212.0,17528.0,tm_score,global,0.43783,1000,1000,168,64,0.7741935483870968
301.tiff,canine cutaneous mast cell tumor,3,tm_score@global,score,True,0.43783,True,False,217,109,18442,0.9707,109,2,0.0,1.0,29.609,294.0,1322.0,2612.0,5007.0,9212.0,17528.0,tm_score,global,0.43783,2000,2000,189,83,0.8709677419354839
301.tiff,canine cutaneous mast cell tumor,3,tm_score@global,score,True,0.43783,True,False,217,109,18442,0.9707,109,2,0.0,1.0,29.609,294.0,1322.0,2612.0,5007.0,9212.0,17528.0,tm_score,global,0.43783,5000,5000,206,100,0.9493087557603687
301.tiff,canine cutaneous mast cell tumor,3,chromatin_od@global,od,True,0.43783,True,False,217,109,18442,0.9707,109,3,0.0,1.0,29.609,222.0,1138.0,2479.0,5529.0,11473.0,13637.0,chromatin_od,global,0.43783,25,25,16,3,0.07373271889400922
301.tiff,canine cutaneous mast cell tumor,3,chromatin_od@global,od,True,0.43783,True,False,217,109,18442,0.9707,109,3,0.0,1.0,29.609,222.0,1138.0,2479.0,5529.0,11473.0,13637.0,chromatin_od,global,0.43783,50,50,34,4,0.15668202764976957
301.tiff,canine cutaneous mast cell tumor,3,chromatin_od@global,od,True,0.43783,True,False,217,109,18442,0.9707,109,3,0.0,1.0,29.609,222.0,1138.0,2479.0,5529.0,11473.0,13637.0,chromatin_od,global,0.43783,100,100,62,9,0.2857142857142857
301.tiff,canine cutaneous mast cell tumor,3,chromatin_od@global,od,True,0.43783,True,False,217,109,18442,0.9707,109,3,0.0,1.0,29.609,222.0,1138.0,2479.0,5529.0,11473.0,13637.0,chromatin_od,global,0.43783,250,250,117,21,0.5391705069124424
301.tiff,canine cutaneous mast cell tumor,3,chromatin_od@global,od,True,0.43783,True,False,217,109,18442,0.9707,109,3,0.0,1.0,29.609,222.0,1138.0,2479.0,5529.0,11473.0,13637.0,chromatin_od,global,0.43783,500,500,148,35,0.6820276497695853
301.tiff,canine cutaneous mast cell tumor,3,chromatin_od@global,od,True,0.43783,True,False,217,109,18442,0.9707,109,3,0.0,1.0,29.609,222.0,1138.0,2479.0,5529.0,11473.0,13637.0,chromatin_od,global,0.43783,1000,1000,167,63,0.7695852534562212
301.tiff,canine cutaneous mast cell tumor,3,chromatin_od@global,od,True,0.43783,True,False,217,109,18442,0.9707,109,3,0.0,1.0,29.609,222.0,1138.0,2479.0,5529.0,11473.0,13637.0,chromatin_od,global,0.43783,2000,2000,188,85,0.8663594470046083
301.tiff,canine cutaneous mast cell tumor,3,chromatin_od@global,od,True,0.43783,True,False,217,109,18442,0.9707,109,3,0.0,1.0,29.609,222.0,1138.0,2479.0,5529.0,11473.0,13637.0,chromatin_od,global,0.43783,5000,5000,204,101,0.9400921658986175
301.tiff,canine cutaneous mast cell tumor,3,tm_score@domain,score,True,1.06361,True,False,217,109,17528,0.9504,109,2,0.0,1.0,29.609,294.0,1322.0,2612.0,5007.0,9212.0,17528.0,tm_score,domain,1.06361,25,25,15,5,0.06912442396313365
301.tiff,canine cutaneous mast cell tumor,3,tm_score@domain,score,True,1.06361,True,False,217,109,17528,0.9504,109,2,0.0,1.0,29.609,294.0,1322.0,2612.0,5007.0,9212.0,17528.0,tm_score,domain,1.06361,50,50,30,8,0.1382488479262673
301.tiff,canine cutaneous mast cell tumor,3,tm_score@domain,score,True,1.06361,True,False,217,109,17528,0.9504,109,2,0.0,1.0,29.609,294.0,1322.0,2612.0,5007.0,9212.0,17528.0,tm_score,domain,1.06361,100,100,51,9,0.2350230414746544
301.tiff,canine cutaneous mast cell tumor,3,tm_score@domain,score,True,1.06361,True,False,217,109,17528,0.9504,109,2,0.0,1.0,29.609,294.0,1322.0,2612.0,5007.0,9212.0,17528.0,tm_score,domain,1.06361,250,250,98,27,0.45161290322580644
301.tiff,canine cutaneous mast cell tumor,3,tm_score@domain,score,True,1.06361,True,False,217,109,17528,0.9504,109,2,0.0,1.0,29.609,294.0,1322.0,2612.0,5007.0,9212.0,17528.0,tm_score,domain,1.06361,500,500,138,42,0.6359447004608295
301.tiff,canine cutaneous mast cell tumor,3,tm_score@domain,score,True,1.06361,True,False,217,109,17528,0.9504,109,2,0.0,1.0,29.609,294.0,1322.0,2612.0,5007.0,9212.0,17528.0,tm_score,domain,1.06361,1000,1000,168,64,0.7741935483870968
301.tiff,canine cutaneous mast cell tumor,3,tm_score@domain,score,True,1.06361,True,False,217,109,17528,0.9504,109,2,0.0,1.0,29.609,294.0,1322.0,2612.0,5007.0,9212.0,17528.0,tm_score,domain,1.06361,2000,2000,189,83,0.8709677419354839
301.tiff,canine cutaneous mast cell tumor,3,tm_score@domain,score,True,1.06361,True,False,217,109,17528,0.9504,109,2,0.0,1.0,29.609,294.0,1322.0,2612.0,5007.0,9212.0,17528.0,tm_score,domain,1.06361,5000,5000,206,100,0.9493087557603687
301.tiff,canine cutaneous mast cell tumor,3,chromatin_od@domain,od,True,1.06361,True,False,217,109,17528,0.9504,109,3,0.0,1.0,29.609,219.0,1126.0,2456.0,5457.0,11352.0,13324.0,chromatin_od,domain,1.06361,25,25,16,3,0.07373271889400922
301.tiff,canine cutaneous mast cell tumor,3,chromatin_od@domain,od,True,1.06361,True,False,217,109,17528,0.9504,109,3,0.0,1.0,29.609,219.0,1126.0,2456.0,5457.0,11352.0,13324.0,chromatin_od,domain,1.06361,50,50,35,4,0.16129032258064516
301.tiff,canine cutaneous mast cell tumor,3,chromatin_od@domain,od,True,1.06361,True,False,217,109,17528,0.9504,109,3,0.0,1.0,29.609,219.0,1126.0,2456.0,5457.0,11352.0,13324.0,chromatin_od,domain,1.06361,100,100,62,9,0.2857142857142857
301.tiff,canine cutaneous mast cell tumor,3,chromatin_od@domain,od,True,1.06361,True,False,217,109,17528,0.9504,109,3,0.0,1.0,29.609,219.0,1126.0,2456.0,5457.0,11352.0,13324.0,chromatin_od,domain,1.06361,250,250,117,21,0.5391705069124424
301.tiff,canine cutaneous mast cell tumor,3,chromatin_od@domain,od,True,1.06361,True,False,217,109,17528,0.9504,109,3,0.0,1.0,29.609,219.0,1126.0,2456.0,5457.0,11352.0,13324.0,chromatin_od,domain,1.06361,500,500,148,36,0.6820276497695853
301.tiff,canine cutaneous mast cell tumor,3,chromatin_od@domain,od,True,1.06361,True,False,217,109,17528,0.9504,109,3,0.0,1.0,29.609,219.0,1126.0,2456.0,5457.0,11352.0,13324.0,chromatin_od,domain,1.06361,1000,1000,168,63,0.7741935483870968
301.tiff,canine cutaneous mast cell tumor,3,chromatin_od@domain,od,True,1.06361,True,False,217,109,17528,0.9504,109,3,0.0,1.0,29.609,219.0,1126.0,2456.0,5457.0,11352.0,13324.0,chromatin_od,domain,1.06361,2000,2000,188,85,0.8663594470046083
301.tiff,canine cutaneous mast cell tumor,3,chromatin_od@domain,od,True,1.06361,True,False,217,109,17528,0.9504,109,3,0.0,1.0,29.609,219.0,1126.0,2456.0,5457.0,11352.0,13324.0,chromatin_od,domain,1.06361,5000,5000,204,101,0.9400921658986175
301.tiff,canine cutaneous mast cell tumor,4,tm_score@current,score,True,1.0,True,False,217,109,16932,0.941,109,2,0.0,0.9907834101382489,29.609,182.0,1405.0,3147.0,5267.0,12438.0,,tm_score,current,1.0,25,25,22,3,0.10138248847926268
301.tiff,canine cutaneous mast cell tumor,4,tm_score@current,score,True,1.0,True,False,217,109,16932,0.941,109,2,0.0,0.9907834101382489,29.609,182.0,1405.0,3147.0,5267.0,12438.0,,tm_score,current,1.0,50,50,45,4,0.2073732718894009
301.tiff,canine cutaneous mast cell tumor,4,tm_score@current,score,True,1.0,True,False,217,109,16932,0.941,109,2,0.0,0.9907834101382489,29.609,182.0,1405.0,3147.0,5267.0,12438.0,,tm_score,current,1.0,100,100,80,9,0.3686635944700461
301.tiff,canine cutaneous mast cell tumor,4,tm_score@current,score,True,1.0,True,False,217,109,16932,0.941,109,2,0.0,0.9907834101382489,29.609,182.0,1405.0,3147.0,5267.0,12438.0,,tm_score,current,1.0,250,250,122,24,0.5622119815668203
301.tiff,canine cutaneous mast cell tumor,4,tm_score@current,score,True,1.0,True,False,217,109,16932,0.941,109,2,0.0,0.9907834101382489,29.609,182.0,1405.0,3147.0,5267.0,12438.0,,tm_score,current,1.0,500,500,141,40,0.6497695852534562
301.tiff,canine cutaneous mast cell tumor,4,tm_score@current,score,True,1.0,True,False,217,109,16932,0.941,109,2,0.0,0.9907834101382489,29.609,182.0,1405.0,3147.0,5267.0,12438.0,,tm_score,current,1.0,1000,1000,165,62,0.7603686635944701
301.tiff,canine cutaneous mast cell tumor,4,tm_score@current,score,True,1.0,True,False,217,109,16932,0.941,109,2,0.0,0.9907834101382489,29.609,182.0,1405.0,3147.0,5267.0,12438.0,,tm_score,current,1.0,2000,2000,185,76,0.8525345622119815
301.tiff,canine cutaneous mast cell tumor,4,tm_score@current,score,True,1.0,True,False,217,109,16932,0.941,109,2,0.0,0.9907834101382489,29.609,182.0,1405.0,3147.0,5267.0,12438.0,,tm_score,current,1.0,5000,5000,204,98,0.9400921658986175
301.tiff,canine cutaneous mast cell tumor,4,chromatin_od@current,od,True,1.0,True,False,217,109,16932,0.941,109,2,0.0,0.9907834101382489,29.609,174.0,1311.0,3333.0,6543.0,16273.0,,chromatin_od,current,1.0,25,25,19,3,0.08755760368663594
301.tiff,canine cutaneous mast cell tumor,4,chromatin_od@current,od,True,1.0,True,False,217,109,16932,0.941,109,2,0.0,0.9907834101382489,29.609,174.0,1311.0,3333.0,6543.0,16273.0,,chromatin_od,current,1.0,50,50,40,4,0.18433179723502305
301.tiff,canine cutaneous mast cell tumor,4,chromatin_od@current,od,True,1.0,True,False,217,109,16932,0.941,109,2,0.0,0.9907834101382489,29.609,174.0,1311.0,3333.0,6543.0,16273.0,,chromatin_od,current,1.0,100,100,76,10,0.35023041474654376
301.tiff,canine cutaneous mast cell tumor,4,chromatin_od@current,od,True,1.0,True,False,217,109,16932,0.941,109,2,0.0,0.9907834101382489,29.609,174.0,1311.0,3333.0,6543.0,16273.0,,chromatin_od,current,1.0,250,250,120,28,0.5529953917050692
301.tiff,canine cutaneous mast cell tumor,4,chromatin_od@current,od,True,1.0,True,False,217,109,16932,0.941,109,2,0.0,0.9907834101382489,29.609,174.0,1311.0,3333.0,6543.0,16273.0,,chromatin_od,current,1.0,500,500,146,41,0.6728110599078341
301.tiff,canine cutaneous mast cell tumor,4,chromatin_od@current,od,True,1.0,True,False,217,109,16932,0.941,109,2,0.0,0.9907834101382489,29.609,174.0,1311.0,3333.0,6543.0,16273.0,,chromatin_od,current,1.0,1000,1000,167,63,0.7695852534562212
301.tiff,canine cutaneous mast cell tumor,4,chromatin_od@current,od,True,1.0,True,False,217,109,16932,0.941,109,2,0.0,0.9907834101382489,29.609,174.0,1311.0,3333.0,6543.0,16273.0,,chromatin_od,current,1.0,2000,2000,186,83,0.8571428571428571
301.tiff,canine cutaneous mast cell tumor,4,chromatin_od@current,od,True,1.0,True,False,217,109,16932,0.941,109,2,0.0,0.9907834101382489,29.609,174.0,1311.0,3333.0,6543.0,16273.0,,chromatin_od,current,1.0,5000,5000,203,99,0.9354838709677419
301.tiff,canine cutaneous mast cell tumor,4,tm_score@global,score,True,0.43783,True,False,217,109,17786,0.9594,109,2,0.0,0.9907834101382489,29.609,182.0,1405.0,3147.0,5267.0,12438.0,,tm_score,global,0.43783,25,25,22,3,0.10138248847926268
301.tiff,canine cutaneous mast cell tumor,4,tm_score@global,score,True,0.43783,True,False,217,109,17786,0.9594,109,2,0.0,0.9907834101382489,29.609,182.0,1405.0,3147.0,5267.0,12438.0,,tm_score,global,0.43783,50,50,45,4,0.2073732718894009
301.tiff,canine cutaneous mast cell tumor,4,tm_score@global,score,True,0.43783,True,False,217,109,17786,0.9594,109,2,0.0,0.9907834101382489,29.609,182.0,1405.0,3147.0,5267.0,12438.0,,tm_score,global,0.43783,100,100,80,9,0.3686635944700461
301.tiff,canine cutaneous mast cell tumor,4,tm_score@global,score,True,0.43783,True,False,217,109,17786,0.9594,109,2,0.0,0.9907834101382489,29.609,182.0,1405.0,3147.0,5267.0,12438.0,,tm_score,global,0.43783,250,250,122,24,0.5622119815668203
301.tiff,canine cutaneous mast cell tumor,4,tm_score@global,score,True,0.43783,True,False,217,109,17786,0.9594,109,2,0.0,0.9907834101382489,29.609,182.0,1405.0,3147.0,5267.0,12438.0,,tm_score,global,0.43783,500,500,141,40,0.6497695852534562
301.tiff,canine cutaneous mast cell tumor,4,tm_score@global,score,True,0.43783,True,False,217,109,17786,0.9594,109,2,0.0,0.9907834101382489,29.609,182.0,1405.0,3147.0,5267.0,12438.0,,tm_score,global,0.43783,1000,1000,165,62,0.7603686635944701
301.tiff,canine cutaneous mast cell tumor,4,tm_score@global,score,True,0.43783,True,False,217,109,17786,0.9594,109,2,0.0,0.9907834101382489,29.609,182.0,1405.0,3147.0,5267.0,12438.0,,tm_score,global,0.43783,2000,2000,185,76,0.8525345622119815
301.tiff,canine cutaneous mast cell tumor,4,tm_score@global,score,True,0.43783,True,False,217,109,17786,0.9594,109,2,0.0,0.9907834101382489,29.609,182.0,1405.0,3147.0,5267.0,12438.0,,tm_score,global,0.43783,5000,5000,204,98,0.9400921658986175
301.tiff,canine cutaneous mast cell tumor,4,chromatin_od@global,od,True,0.43783,True,False,217,109,17786,0.9594,109,2,0.0,0.9907834101382489,29.609,176.0,1319.0,3355.0,6616.0,16875.0,,chromatin_od,global,0.43783,25,25,19,3,0.08755760368663594
301.tiff,canine cutaneous mast cell tumor,4,chromatin_od@global,od,True,0.43783,True,False,217,109,17786,0.9594,109,2,0.0,0.9907834101382489,29.609,176.0,1319.0,3355.0,6616.0,16875.0,,chromatin_od,global,0.43783,50,50,40,4,0.18433179723502305
301.tiff,canine cutaneous mast cell tumor,4,chromatin_od@global,od,True,0.43783,True,False,217,109,17786,0.9594,109,2,0.0,0.9907834101382489,29.609,176.0,1319.0,3355.0,6616.0,16875.0,,chromatin_od,global,0.43783,100,100,76,10,0.35023041474654376
301.tiff,canine cutaneous mast cell tumor,4,chromatin_od@global,od,True,0.43783,True,False,217,109,17786,0.9594,109,2,0.0,0.9907834101382489,29.609,176.0,1319.0,3355.0,6616.0,16875.0,,chromatin_od,global,0.43783,250,250,119,28,0.5483870967741935
301.tiff,canine cutaneous mast cell tumor,4,chromatin_od@global,od,True,0.43783,True,False,217,109,17786,0.9594,109,2,0.0,0.9907834101382489,29.609,176.0,1319.0,3355.0,6616.0,16875.0,,chromatin_od,global,0.43783,500,500,146,41,0.6728110599078341
301.tiff,canine cutaneous mast cell tumor,4,chromatin_od@global,od,True,0.43783,True,False,217,109,17786,0.9594,109,2,0.0,0.9907834101382489,29.609,176.0,1319.0,3355.0,6616.0,16875.0,,chromatin_od,global,0.43783,1000,1000,167,63,0.7695852534562212
301.tiff,canine cutaneous mast cell tumor,4,chromatin_od@global,od,True,0.43783,True,False,217,109,17786,0.9594,109,2,0.0,0.9907834101382489,29.609,176.0,1319.0,3355.0,6616.0,16875.0,,chromatin_od,global,0.43783,2000,2000,186,83,0.8571428571428571
301.tiff,canine cutaneous mast cell tumor,4,chromatin_od@global,od,True,0.43783,True,False,217,109,17786,0.9594,109,2,0.0,0.9907834101382489,29.609,176.0,1319.0,3355.0,6616.0,16875.0,,chromatin_od,global,0.43783,5000,5000,203,100,0.9354838709677419
301.tiff,canine cutaneous mast cell tumor,4,tm_score@domain,score,True,1.06361,True,False,217,109,16811,0.9382,109,2,0.0,0.9907834101382489,29.609,182.0,1405.0,3147.0,5267.0,12438.0,,tm_score,domain,1.06361,25,25,22,3,0.10138248847926268
301.tiff,canine cutaneous mast cell tumor,4,tm_score@domain,score,True,1.06361,True,False,217,109,16811,0.9382,109,2,0.0,0.9907834101382489,29.609,182.0,1405.0,3147.0,5267.0,12438.0,,tm_score,domain,1.06361,50,50,45,4,0.2073732718894009
301.tiff,canine cutaneous mast cell tumor,4,tm_score@domain,score,True,1.06361,True,False,217,109,16811,0.9382,109,2,0.0,0.9907834101382489,29.609,182.0,1405.0,3147.0,5267.0,12438.0,,tm_score,domain,1.06361,100,100,80,9,0.3686635944700461
301.tiff,canine cutaneous mast cell tumor,4,tm_score@domain,score,True,1.06361,True,False,217,109,16811,0.9382,109,2,0.0,0.9907834101382489,29.609,182.0,1405.0,3147.0,5267.0,12438.0,,tm_score,domain,1.06361,250,250,122,24,0.5622119815668203
301.tiff,canine cutaneous mast cell tumor,4,tm_score@domain,score,True,1.06361,True,False,217,109,16811,0.9382,109,2,0.0,0.9907834101382489,29.609,182.0,1405.0,3147.0,5267.0,12438.0,,tm_score,domain,1.06361,500,500,141,40,0.6497695852534562
301.tiff,canine cutaneous mast cell tumor,4,tm_score@domain,score,True,1.06361,True,False,217,109,16811,0.9382,109,2,0.0,0.9907834101382489,29.609,182.0,1405.0,3147.0,5267.0,12438.0,,tm_score,domain,1.06361,1000,1000,165,62,0.7603686635944701
301.tiff,canine cutaneous mast cell tumor,4,tm_score@domain,score,True,1.06361,True,False,217,109,16811,0.9382,109,2,0.0,0.9907834101382489,29.609,182.0,1405.0,3147.0,5267.0,12438.0,,tm_score,domain,1.06361,2000,2000,185,76,0.8525345622119815
301.tiff,canine cutaneous mast cell tumor,4,tm_score@domain,score,True,1.06361,True,False,217,109,16811,0.9382,109,2,0.0,0.9907834101382489,29.609,182.0,1405.0,3147.0,5267.0,12438.0,,tm_score,domain,1.06361,5000,5000,204,98,0.9400921658986175
301.tiff,canine cutaneous mast cell tumor,4,chromatin_od@domain,od,True,1.06361,True,False,217,109,16811,0.9382,109,2,0.0,0.9907834101382489,29.609,174.0,1310.0,3329.0,6532.0,16181.0,,chromatin_od,domain,1.06361,25,25,19,3,0.08755760368663594
301.tiff,canine cutaneous mast cell tumor,4,chromatin_od@domain,od,True,1.06361,True,False,217,109,16811,0.9382,109,2,0.0,0.9907834101382489,29.609,174.0,1310.0,3329.0,6532.0,16181.0,,chromatin_od,domain,1.06361,50,50,40,4,0.18433179723502305
301.tiff,canine cutaneous mast cell tumor,4,chromatin_od@domain,od,True,1.06361,True,False,217,109,16811,0.9382,109,2,0.0,0.9907834101382489,29.609,174.0,1310.0,3329.0,6532.0,16181.0,,chromatin_od,domain,1.06361,100,100,76,10,0.35023041474654376
301.tiff,canine cutaneous mast cell tumor,4,chromatin_od@domain,od,True,1.06361,True,False,217,109,16811,0.9382,109,2,0.0,0.9907834101382489,29.609,174.0,1310.0,3329.0,6532.0,16181.0,,chromatin_od,domain,1.06361,250,250,120,28,0.5529953917050692
301.tiff,canine cutaneous mast cell tumor,4,chromatin_od@domain,od,True,1.06361,True,False,217,109,16811,0.9382,109,2,0.0,0.9907834101382489,29.609,174.0,1310.0,3329.0,6532.0,16181.0,,chromatin_od,domain,1.06361,500,500,146,41,0.6728110599078341
301.tiff,canine cutaneous mast cell tumor,4,chromatin_od@domain,od,True,1.06361,True,False,217,109,16811,0.9382,109,2,0.0,0.9907834101382489,29.609,174.0,1310.0,3329.0,6532.0,16181.0,,chromatin_od,domain,1.06361,1000,1000,167,63,0.7695852534562212
301.tiff,canine cutaneous mast cell tumor,4,chromatin_od@domain,od,True,1.06361,True,False,217,109,16811,0.9382,109,2,0.0,0.9907834101382489,29.609,174.0,1310.0,3329.0,6532.0,16181.0,,chromatin_od,domain,1.06361,2000,2000,186,83,0.8571428571428571
301.tiff,canine cutaneous mast cell tumor,4,chromatin_od@domain,od,True,1.06361,True,False,217,109,16811,0.9382,109,2,0.0,0.9907834101382489,29.609,174.0,1310.0,3329.0,6532.0,16181.0,,chromatin_od,domain,1.06361,5000,5000,203,99,0.9354838709677419
201.tiff,canine lung cancer,0,tm_score@current,score,True,1.0,True,False,17,49,12973,0.8468,49,2,0.0,1.0,30.222,42.0,244.0,273.0,662.0,662.0,662.0,tm_score,current,1.0,25,25,6,2,0.35294117647058826
201.tiff,canine lung cancer,0,tm_score@current,score,True,1.0,True,False,17,49,12973,0.8468,49,2,0.0,1.0,30.222,42.0,244.0,273.0,662.0,662.0,662.0,tm_score,current,1.0,50,50,11,5,0.6470588235294118
201.tiff,canine lung cancer,0,tm_score@current,score,True,1.0,True,False,17,49,12973,0.8468,49,2,0.0,1.0,30.222,42.0,244.0,273.0,662.0,662.0,662.0,tm_score,current,1.0,100,100,12,12,0.7058823529411765
201.tiff,canine lung cancer,0,tm_score@current,score,True,1.0,True,False,17,49,12973,0.8468,49,2,0.0,1.0,30.222,42.0,244.0,273.0,662.0,662.0,662.0,tm_score,current,1.0,250,250,14,27,0.8235294117647058
201.tiff,canine lung cancer,0,tm_score@current,score,True,1.0,True,False,17,49,12973,0.8468,49,2,0.0,1.0,30.222,42.0,244.0,273.0,662.0,662.0,662.0,tm_score,current,1.0,500,500,16,35,0.9411764705882353
201.tiff,canine lung cancer,0,tm_score@current,score,True,1.0,True,False,17,49,12973,0.8468,49,2,0.0,1.0,30.222,42.0,244.0,273.0,662.0,662.0,662.0,tm_score,current,1.0,1000,1000,17,38,1.0
201.tiff,canine lung cancer,0,tm_score@current,score,True,1.0,True,False,17,49,12973,0.8468,49,2,0.0,1.0,30.222,42.0,244.0,273.0,662.0,662.0,662.0,tm_score,current,1.0,2000,2000,17,44,1.0
201.tiff,canine lung cancer,0,tm_score@current,score,True,1.0,True,False,17,49,12973,0.8468,49,2,0.0,1.0,30.222,42.0,244.0,273.0,662.0,662.0,662.0,tm_score,current,1.0,5000,5000,17,48,1.0
201.tiff,canine lung cancer,0,chromatin_od@current,od,True,1.0,True,False,17,49,12973,0.8468,49,2,0.0,1.0,30.222,27.0,99.0,142.0,642.0,642.0,642.0,chromatin_od,current,1.0,25,25,8,5,0.47058823529411764
201.tiff,canine lung cancer,0,chromatin_od@current,od,True,1.0,True,False,17,49,12973,0.8468,49,2,0.0,1.0,30.222,27.0,99.0,142.0,642.0,642.0,642.0,chromatin_od,current,1.0,50,50,10,11,0.5882352941176471
201.tiff,canine lung cancer,0,chromatin_od@current,od,True,1.0,True,False,17,49,12973,0.8468,49,2,0.0,1.0,30.222,27.0,99.0,142.0,642.0,642.0,642.0,chromatin_od,current,1.0,100,100,14,23,0.8235294117647058
201.tiff,canine lung cancer,0,chromatin_od@current,od,True,1.0,True,False,17,49,12973,0.8468,49,2,0.0,1.0,30.222,27.0,99.0,142.0,642.0,642.0,642.0,chromatin_od,current,1.0,250,250,16,34,0.9411764705882353
201.tiff,canine lung cancer,0,chromatin_od@current,od,True,1.0,True,False,17,49,12973,0.8468,49,2,0.0,1.0,30.222,27.0,99.0,142.0,642.0,642.0,642.0,chromatin_od,current,1.0,500,500,16,40,0.9411764705882353
201.tiff,canine lung cancer,0,chromatin_od@current,od,True,1.0,True,False,17,49,12973,0.8468,49,2,0.0,1.0,30.222,27.0,99.0,142.0,642.0,642.0,642.0,chromatin_od,current,1.0,1000,1000,17,43,1.0
201.tiff,canine lung cancer,0,chromatin_od@current,od,True,1.0,True,False,17,49,12973,0.8468,49,2,0.0,1.0,30.222,27.0,99.0,142.0,642.0,642.0,642.0,chromatin_od,current,1.0,2000,2000,17,45,1.0
201.tiff,canine lung cancer,0,chromatin_od@current,od,True,1.0,True,False,17,49,12973,0.8468,49,2,0.0,1.0,30.222,27.0,99.0,142.0,642.0,642.0,642.0,chromatin_od,current,1.0,5000,5000,17,48,1.0
201.tiff,canine lung cancer,0,tm_score@global,score,True,0.43783,True,False,17,49,14776,0.9077,49,2,0.0,1.0,30.222,42.0,244.0,273.0,662.0,662.0,662.0,tm_score,global,0.43783,25,25,6,2,0.35294117647058826
201.tiff,canine lung cancer,0,tm_score@global,score,True,0.43783,True,False,17,49,14776,0.9077,49,2,0.0,1.0,30.222,42.0,244.0,273.0,662.0,662.0,662.0,tm_score,global,0.43783,50,50,11,5,0.6470588235294118
201.tiff,canine lung cancer,0,tm_score@global,score,True,0.43783,True,False,17,49,14776,0.9077,49,2,0.0,1.0,30.222,42.0,244.0,273.0,662.0,662.0,662.0,tm_score,global,0.43783,100,100,12,12,0.7058823529411765
201.tiff,canine lung cancer,0,tm_score@global,score,True,0.43783,True,False,17,49,14776,0.9077,49,2,0.0,1.0,30.222,42.0,244.0,273.0,662.0,662.0,662.0,tm_score,global,0.43783,250,250,14,27,0.8235294117647058
201.tiff,canine lung cancer,0,tm_score@global,score,True,0.43783,True,False,17,49,14776,0.9077,49,2,0.0,1.0,30.222,42.0,244.0,273.0,662.0,662.0,662.0,tm_score,global,0.43783,500,500,16,35,0.9411764705882353
201.tiff,canine lung cancer,0,tm_score@global,score,True,0.43783,True,False,17,49,14776,0.9077,49,2,0.0,1.0,30.222,42.0,244.0,273.0,662.0,662.0,662.0,tm_score,global,0.43783,1000,1000,17,38,1.0
201.tiff,canine lung cancer,0,tm_score@global,score,True,0.43783,True,False,17,49,14776,0.9077,49,2,0.0,1.0,30.222,42.0,244.0,273.0,662.0,662.0,662.0,tm_score,global,0.43783,2000,2000,17,44,1.0
201.tiff,canine lung cancer,0,tm_score@global,score,True,0.43783,True,False,17,49,14776,0.9077,49,2,0.0,1.0,30.222,42.0,244.0,273.0,662.0,662.0,662.0,tm_score,global,0.43783,5000,5000,17,48,1.0
201.tiff,canine lung cancer,0,chromatin_od@global,od,True,0.43783,True,False,17,49,14776,0.9077,49,2,0.0,1.0,30.222,27.0,99.0,142.0,643.0,643.0,643.0,chromatin_od,global,0.43783,25,25,8,5,0.47058823529411764
201.tiff,canine lung cancer,0,chromatin_od@global,od,True,0.43783,True,False,17,49,14776,0.9077,49,2,0.0,1.0,30.222,27.0,99.0,142.0,643.0,643.0,643.0,chromatin_od,global,0.43783,50,50,10,11,0.5882352941176471
201.tiff,canine lung cancer,0,chromatin_od@global,od,True,0.43783,True,False,17,49,14776,0.9077,49,2,0.0,1.0,30.222,27.0,99.0,142.0,643.0,643.0,643.0,chromatin_od,global,0.43783,100,100,14,23,0.8235294117647058
201.tiff,canine lung cancer,0,chromatin_od@global,od,True,0.43783,True,False,17,49,14776,0.9077,49,2,0.0,1.0,30.222,27.0,99.0,142.0,643.0,643.0,643.0,chromatin_od,global,0.43783,250,250,16,34,0.9411764705882353
201.tiff,canine lung cancer,0,chromatin_od@global,od,True,0.43783,True,False,17,49,14776,0.9077,49,2,0.0,1.0,30.222,27.0,99.0,142.0,643.0,643.0,643.0,chromatin_od,global,0.43783,500,500,16,40,0.9411764705882353
201.tiff,canine lung cancer,0,chromatin_od@global,od,True,0.43783,True,False,17,49,14776,0.9077,49,2,0.0,1.0,30.222,27.0,99.0,142.0,643.0,643.0,643.0,chromatin_od,global,0.43783,1000,1000,17,43,1.0
201.tiff,canine lung cancer,0,chromatin_od@global,od,True,0.43783,True,False,17,49,14776,0.9077,49,2,0.0,1.0,30.222,27.0,99.0,142.0,643.0,643.0,643.0,chromatin_od,global,0.43783,2000,2000,17,45,1.0
201.tiff,canine lung cancer,0,chromatin_od@global,od,True,0.43783,True,False,17,49,14776,0.9077,49,2,0.0,1.0,30.222,27.0,99.0,142.0,643.0,643.0,643.0,chromatin_od,global,0.43783,5000,5000,17,48,1.0
201.tiff,canine lung cancer,0,tm_score@domain,score,True,2.99282,True,False,17,49,3147,0.2608,48,2,0.0,1.0,30.222,42.0,244.0,273.0,662.0,662.0,662.0,tm_score,domain,2.99282,25,25,6,2,0.35294117647058826
201.tiff,canine lung cancer,0,tm_score@domain,score,True,2.99282,True,False,17,49,3147,0.2608,48,2,0.0,1.0,30.222,42.0,244.0,273.0,662.0,662.0,662.0,tm_score,domain,2.99282,50,50,11,5,0.6470588235294118
201.tiff,canine lung cancer,0,tm_score@domain,score,True,2.99282,True,False,17,49,3147,0.2608,48,2,0.0,1.0,30.222,42.0,244.0,273.0,662.0,662.0,662.0,tm_score,domain,2.99282,100,100,12,12,0.7058823529411765
201.tiff,canine lung cancer,0,tm_score@domain,score,True,2.99282,True,False,17,49,3147,0.2608,48,2,0.0,1.0,30.222,42.0,244.0,273.0,662.0,662.0,662.0,tm_score,domain,2.99282,250,250,14,27,0.8235294117647058
201.tiff,canine lung cancer,0,tm_score@domain,score,True,2.99282,True,False,17,49,3147,0.2608,48,2,0.0,1.0,30.222,42.0,244.0,273.0,662.0,662.0,662.0,tm_score,domain,2.99282,500,500,16,35,0.9411764705882353
201.tiff,canine lung cancer,0,tm_score@domain,score,True,2.99282,True,False,17,49,3147,0.2608,48,2,0.0,1.0,30.222,42.0,244.0,273.0,662.0,662.0,662.0,tm_score,domain,2.99282,1000,1000,17,38,1.0
201.tiff,canine lung cancer,0,tm_score@domain,score,True,2.99282,True,False,17,49,3147,0.2608,48,2,0.0,1.0,30.222,42.0,244.0,273.0,662.0,662.0,662.0,tm_score,domain,2.99282,2000,2000,17,44,1.0
201.tiff,canine lung cancer,0,tm_score@domain,score,True,2.99282,True,False,17,49,3147,0.2608,48,2,0.0,1.0,30.222,42.0,244.0,273.0,662.0,662.0,662.0,tm_score,domain,2.99282,5000,3147,17,48,1.0
201.tiff,canine lung cancer,0,chromatin_od@domain,od,True,2.99282,True,False,17,49,3147,0.2608,48,2,0.0,1.0,30.222,24.0,93.0,132.0,533.0,533.0,533.0,chromatin_od,domain,2.99282,25,25,9,6,0.5294117647058824
201.tiff,canine lung cancer,0,chromatin_od@domain,od,True,2.99282,True,False,17,49,3147,0.2608,48,2,0.0,1.0,30.222,24.0,93.0,132.0,533.0,533.0,533.0,chromatin_od,domain,2.99282,50,50,10,12,0.5882352941176471
201.tiff,canine lung cancer,0,chromatin_od@domain,od,True,2.99282,True,False,17,49,3147,0.2608,48,2,0.0,1.0,30.222,24.0,93.0,132.0,533.0,533.0,533.0,chromatin_od,domain,2.99282,100,100,14,25,0.8235294117647058
201.tiff,canine lung cancer,0,chromatin_od@domain,od,True,2.99282,True,False,17,49,3147,0.2608,48,2,0.0,1.0,30.222,24.0,93.0,132.0,533.0,533.0,533.0,chromatin_od,domain,2.99282,250,250,16,35,0.9411764705882353
201.tiff,canine lung cancer,0,chromatin_od@domain,od,True,2.99282,True,False,17,49,3147,0.2608,48,2,0.0,1.0,30.222,24.0,93.0,132.0,533.0,533.0,533.0,chromatin_od,domain,2.99282,500,500,16,41,0.9411764705882353
201.tiff,canine lung cancer,0,chromatin_od@domain,od,True,2.99282,True,False,17,49,3147,0.2608,48,2,0.0,1.0,30.222,24.0,93.0,132.0,533.0,533.0,533.0,chromatin_od,domain,2.99282,1000,1000,17,45,1.0
201.tiff,canine lung cancer,0,chromatin_od@domain,od,True,2.99282,True,False,17,49,3147,0.2608,48,2,0.0,1.0,30.222,24.0,93.0,132.0,533.0,533.0,533.0,chromatin_od,domain,2.99282,2000,2000,17,47,1.0
201.tiff,canine lung cancer,0,chromatin_od@domain,od,True,2.99282,True,False,17,49,3147,0.2608,48,2,0.0,1.0,30.222,24.0,93.0,132.0,533.0,533.0,533.0,chromatin_od,domain,2.99282,5000,3147,17,48,1.0
201.tiff,canine lung cancer,1,tm_score@current,score,True,1.0,True,False,17,49,12973,0.8468,49,2,0.0,1.0,30.222,42.0,244.0,273.0,662.0,662.0,662.0,tm_score,current,1.0,25,25,6,2,0.35294117647058826
201.tiff,canine lung cancer,1,tm_score@current,score,True,1.0,True,False,17,49,12973,0.8468,49,2,0.0,1.0,30.222,42.0,244.0,273.0,662.0,662.0,662.0,tm_score,current,1.0,50,50,11,5,0.6470588235294118
201.tiff,canine lung cancer,1,tm_score@current,score,True,1.0,True,False,17,49,12973,0.8468,49,2,0.0,1.0,30.222,42.0,244.0,273.0,662.0,662.0,662.0,tm_score,current,1.0,100,100,12,12,0.7058823529411765
201.tiff,canine lung cancer,1,tm_score@current,score,True,1.0,True,False,17,49,12973,0.8468,49,2,0.0,1.0,30.222,42.0,244.0,273.0,662.0,662.0,662.0,tm_score,current,1.0,250,250,14,27,0.8235294117647058
201.tiff,canine lung cancer,1,tm_score@current,score,True,1.0,True,False,17,49,12973,0.8468,49,2,0.0,1.0,30.222,42.0,244.0,273.0,662.0,662.0,662.0,tm_score,current,1.0,500,500,16,35,0.9411764705882353
201.tiff,canine lung cancer,1,tm_score@current,score,True,1.0,True,False,17,49,12973,0.8468,49,2,0.0,1.0,30.222,42.0,244.0,273.0,662.0,662.0,662.0,tm_score,current,1.0,1000,1000,17,38,1.0
201.tiff,canine lung cancer,1,tm_score@current,score,True,1.0,True,False,17,49,12973,0.8468,49,2,0.0,1.0,30.222,42.0,244.0,273.0,662.0,662.0,662.0,tm_score,current,1.0,2000,2000,17,44,1.0
201.tiff,canine lung cancer,1,tm_score@current,score,True,1.0,True,False,17,49,12973,0.8468,49,2,0.0,1.0,30.222,42.0,244.0,273.0,662.0,662.0,662.0,tm_score,current,1.0,5000,5000,17,48,1.0
201.tiff,canine lung cancer,1,chromatin_od@current,od,True,1.0,True,False,17,49,12973,0.8468,49,2,0.0,1.0,30.222,27.0,99.0,142.0,642.0,642.0,642.0,chromatin_od,current,1.0,25,25,8,5,0.47058823529411764
201.tiff,canine lung cancer,1,chromatin_od@current,od,True,1.0,True,False,17,49,12973,0.8468,49,2,0.0,1.0,30.222,27.0,99.0,142.0,642.0,642.0,642.0,chromatin_od,current,1.0,50,50,10,11,0.5882352941176471
201.tiff,canine lung cancer,1,chromatin_od@current,od,True,1.0,True,False,17,49,12973,0.8468,49,2,0.0,1.0,30.222,27.0,99.0,142.0,642.0,642.0,642.0,chromatin_od,current,1.0,100,100,14,23,0.8235294117647058
201.tiff,canine lung cancer,1,chromatin_od@current,od,True,1.0,True,False,17,49,12973,0.8468,49,2,0.0,1.0,30.222,27.0,99.0,142.0,642.0,642.0,642.0,chromatin_od,current,1.0,250,250,16,34,0.9411764705882353
201.tiff,canine lung cancer,1,chromatin_od@current,od,True,1.0,True,False,17,49,12973,0.8468,49,2,0.0,1.0,30.222,27.0,99.0,142.0,642.0,642.0,642.0,chromatin_od,current,1.0,500,500,16,40,0.9411764705882353
201.tiff,canine lung cancer,1,chromatin_od@current,od,True,1.0,True,False,17,49,12973,0.8468,49,2,0.0,1.0,30.222,27.0,99.0,142.0,642.0,642.0,642.0,chromatin_od,current,1.0,1000,1000,17,43,1.0
201.tiff,canine lung cancer,1,chromatin_od@current,od,True,1.0,True,False,17,49,12973,0.8468,49,2,0.0,1.0,30.222,27.0,99.0,142.0,642.0,642.0,642.0,chromatin_od,current,1.0,2000,2000,17,45,1.0
201.tiff,canine lung cancer,1,chromatin_od@current,od,True,1.0,True,False,17,49,12973,0.8468,49,2,0.0,1.0,30.222,27.0,99.0,142.0,642.0,642.0,642.0,chromatin_od,current,1.0,5000,5000,17,48,1.0
201.tiff,canine lung cancer,1,tm_score@global,score,True,0.43783,True,False,17,49,14776,0.9077,49,2,0.0,1.0,30.222,42.0,244.0,273.0,662.0,662.0,662.0,tm_score,global,0.43783,25,25,6,2,0.35294117647058826
201.tiff,canine lung cancer,1,tm_score@global,score,True,0.43783,True,False,17,49,14776,0.9077,49,2,0.0,1.0,30.222,42.0,244.0,273.0,662.0,662.0,662.0,tm_score,global,0.43783,50,50,11,5,0.6470588235294118
201.tiff,canine lung cancer,1,tm_score@global,score,True,0.43783,True,False,17,49,14776,0.9077,49,2,0.0,1.0,30.222,42.0,244.0,273.0,662.0,662.0,662.0,tm_score,global,0.43783,100,100,12,12,0.7058823529411765
201.tiff,canine lung cancer,1,tm_score@global,score,True,0.43783,True,False,17,49,14776,0.9077,49,2,0.0,1.0,30.222,42.0,244.0,273.0,662.0,662.0,662.0,tm_score,global,0.43783,250,250,14,27,0.8235294117647058
201.tiff,canine lung cancer,1,tm_score@global,score,True,0.43783,True,False,17,49,14776,0.9077,49,2,0.0,1.0,30.222,42.0,244.0,273.0,662.0,662.0,662.0,tm_score,global,0.43783,500,500,16,35,0.9411764705882353
201.tiff,canine lung cancer,1,tm_score@global,score,True,0.43783,True,False,17,49,14776,0.9077,49,2,0.0,1.0,30.222,42.0,244.0,273.0,662.0,662.0,662.0,tm_score,global,0.43783,1000,1000,17,38,1.0
201.tiff,canine lung cancer,1,tm_score@global,score,True,0.43783,True,False,17,49,14776,0.9077,49,2,0.0,1.0,30.222,42.0,244.0,273.0,662.0,662.0,662.0,tm_score,global,0.43783,2000,2000,17,44,1.0
201.tiff,canine lung cancer,1,tm_score@global,score,True,0.43783,True,False,17,49,14776,0.9077,49,2,0.0,1.0,30.222,42.0,244.0,273.0,662.0,662.0,662.0,tm_score,global,0.43783,5000,5000,17,48,1.0
201.tiff,canine lung cancer,1,chromatin_od@global,od,True,0.43783,True,False,17,49,14776,0.9077,49,2,0.0,1.0,30.222,27.0,99.0,142.0,643.0,643.0,643.0,chromatin_od,global,0.43783,25,25,8,5,0.47058823529411764
201.tiff,canine lung cancer,1,chromatin_od@global,od,True,0.43783,True,False,17,49,14776,0.9077,49,2,0.0,1.0,30.222,27.0,99.0,142.0,643.0,643.0,643.0,chromatin_od,global,0.43783,50,50,10,11,0.5882352941176471
201.tiff,canine lung cancer,1,chromatin_od@global,od,True,0.43783,True,False,17,49,14776,0.9077,49,2,0.0,1.0,30.222,27.0,99.0,142.0,643.0,643.0,643.0,chromatin_od,global,0.43783,100,100,14,23,0.8235294117647058
201.tiff,canine lung cancer,1,chromatin_od@global,od,True,0.43783,True,False,17,49,14776,0.9077,49,2,0.0,1.0,30.222,27.0,99.0,142.0,643.0,643.0,643.0,chromatin_od,global,0.43783,250,250,16,34,0.9411764705882353
201.tiff,canine lung cancer,1,chromatin_od@global,od,True,0.43783,True,False,17,49,14776,0.9077,49,2,0.0,1.0,30.222,27.0,99.0,142.0,643.0,643.0,643.0,chromatin_od,global,0.43783,500,500,16,40,0.9411764705882353
201.tiff,canine lung cancer,1,chromatin_od@global,od,True,0.43783,True,False,17,49,14776,0.9077,49,2,0.0,1.0,30.222,27.0,99.0,142.0,643.0,643.0,643.0,chromatin_od,global,0.43783,1000,1000,17,43,1.0
201.tiff,canine lung cancer,1,chromatin_od@global,od,True,0.43783,True,False,17,49,14776,0.9077,49,2,0.0,1.0,30.222,27.0,99.0,142.0,643.0,643.0,643.0,chromatin_od,global,0.43783,2000,2000,17,45,1.0
201.tiff,canine lung cancer,1,chromatin_od@global,od,True,0.43783,True,False,17,49,14776,0.9077,49,2,0.0,1.0,30.222,27.0,99.0,142.0,643.0,643.0,643.0,chromatin_od,global,0.43783,5000,5000,17,48,1.0
201.tiff,canine lung cancer,1,tm_score@domain,score,True,2.99282,True,False,17,49,3147,0.2608,48,2,0.0,1.0,30.222,42.0,244.0,273.0,662.0,662.0,662.0,tm_score,domain,2.99282,25,25,6,2,0.35294117647058826
201.tiff,canine lung cancer,1,tm_score@domain,score,True,2.99282,True,False,17,49,3147,0.2608,48,2,0.0,1.0,30.222,42.0,244.0,273.0,662.0,662.0,662.0,tm_score,domain,2.99282,50,50,11,5,0.6470588235294118
201.tiff,canine lung cancer,1,tm_score@domain,score,True,2.99282,True,False,17,49,3147,0.2608,48,2,0.0,1.0,30.222,42.0,244.0,273.0,662.0,662.0,662.0,tm_score,domain,2.99282,100,100,12,12,0.7058823529411765
201.tiff,canine lung cancer,1,tm_score@domain,score,True,2.99282,True,False,17,49,3147,0.2608,48,2,0.0,1.0,30.222,42.0,244.0,273.0,662.0,662.0,662.0,tm_score,domain,2.99282,250,250,14,27,0.8235294117647058
201.tiff,canine lung cancer,1,tm_score@domain,score,True,2.99282,True,False,17,49,3147,0.2608,48,2,0.0,1.0,30.222,42.0,244.0,273.0,662.0,662.0,662.0,tm_score,domain,2.99282,500,500,16,35,0.9411764705882353
201.tiff,canine lung cancer,1,tm_score@domain,score,True,2.99282,True,False,17,49,3147,0.2608,48,2,0.0,1.0,30.222,42.0,244.0,273.0,662.0,662.0,662.0,tm_score,domain,2.99282,1000,1000,17,38,1.0
201.tiff,canine lung cancer,1,tm_score@domain,score,True,2.99282,True,False,17,49,3147,0.2608,48,2,0.0,1.0,30.222,42.0,244.0,273.0,662.0,662.0,662.0,tm_score,domain,2.99282,2000,2000,17,44,1.0
201.tiff,canine lung cancer,1,tm_score@domain,score,True,2.99282,True,False,17,49,3147,0.2608,48,2,0.0,1.0,30.222,42.0,244.0,273.0,662.0,662.0,662.0,tm_score,domain,2.99282,5000,3147,17,48,1.0
201.tiff,canine lung cancer,1,chromatin_od@domain,od,True,2.99282,True,False,17,49,3147,0.2608,48,2,0.0,1.0,30.222,24.0,93.0,132.0,533.0,533.0,533.0,chromatin_od,domain,2.99282,25,25,9,6,0.5294117647058824
201.tiff,canine lung cancer,1,chromatin_od@domain,od,True,2.99282,True,False,17,49,3147,0.2608,48,2,0.0,1.0,30.222,24.0,93.0,132.0,533.0,533.0,533.0,chromatin_od,domain,2.99282,50,50,10,12,0.5882352941176471
201.tiff,canine lung cancer,1,chromatin_od@domain,od,True,2.99282,True,False,17,49,3147,0.2608,48,2,0.0,1.0,30.222,24.0,93.0,132.0,533.0,533.0,533.0,chromatin_od,domain,2.99282,100,100,14,25,0.8235294117647058
201.tiff,canine lung cancer,1,chromatin_od@domain,od,True,2.99282,True,False,17,49,3147,0.2608,48,2,0.0,1.0,30.222,24.0,93.0,132.0,533.0,533.0,533.0,chromatin_od,domain,2.99282,250,250,16,35,0.9411764705882353
201.tiff,canine lung cancer,1,chromatin_od@domain,od,True,2.99282,True,False,17,49,3147,0.2608,48,2,0.0,1.0,30.222,24.0,93.0,132.0,533.0,533.0,533.0,chromatin_od,domain,2.99282,500,500,16,41,0.9411764705882353
201.tiff,canine lung cancer,1,chromatin_od@domain,od,True,2.99282,True,False,17,49,3147,0.2608,48,2,0.0,1.0,30.222,24.0,93.0,132.0,533.0,533.0,533.0,chromatin_od,domain,2.99282,1000,1000,17,45,1.0
201.tiff,canine lung cancer,1,chromatin_od@domain,od,True,2.99282,True,False,17,49,3147,0.2608,48,2,0.0,1.0,30.222,24.0,93.0,132.0,533.0,533.0,533.0,chromatin_od,domain,2.99282,2000,2000,17,47,1.0
201.tiff,canine lung cancer,1,chromatin_od@domain,od,True,2.99282,True,False,17,49,3147,0.2608,48,2,0.0,1.0,30.222,24.0,93.0,132.0,533.0,533.0,533.0,chromatin_od,domain,2.99282,5000,3147,17,48,1.0
201.tiff,canine lung cancer,2,tm_score@current,score,True,1.0,True,False,17,49,11855,0.809,48,2,0.0,1.0,30.222,86.0,813.0,1845.0,2823.0,2823.0,2823.0,tm_score,current,1.0,25,25,3,5,0.17647058823529413
201.tiff,canine lung cancer,2,tm_score@current,score,True,1.0,True,False,17,49,11855,0.809,48,2,0.0,1.0,30.222,86.0,813.0,1845.0,2823.0,2823.0,2823.0,tm_score,current,1.0,50,50,6,7,0.35294117647058826
201.tiff,canine lung cancer,2,tm_score@current,score,True,1.0,True,False,17,49,11855,0.809,48,2,0.0,1.0,30.222,86.0,813.0,1845.0,2823.0,2823.0,2823.0,tm_score,current,1.0,100,100,9,14,0.5294117647058824
201.tiff,canine lung cancer,2,tm_score@current,score,True,1.0,True,False,17,49,11855,0.809,48,2,0.0,1.0,30.222,86.0,813.0,1845.0,2823.0,2823.0,2823.0,tm_score,current,1.0,250,250,12,19,0.7058823529411765
201.tiff,canine lung cancer,2,tm_score@current,score,True,1.0,True,False,17,49,11855,0.809,48,2,0.0,1.0,30.222,86.0,813.0,1845.0,2823.0,2823.0,2823.0,tm_score,current,1.0,500,500,13,25,0.7647058823529411
201.tiff,canine lung cancer,2,tm_score@current,score,True,1.0,True,False,17,49,11855,0.809,48,2,0.0,1.0,30.222,86.0,813.0,1845.0,2823.0,2823.0,2823.0,tm_score,current,1.0,1000,1000,14,35,0.8235294117647058
201.tiff,canine lung cancer,2,tm_score@current,score,True,1.0,True,False,17,49,11855,0.809,48,2,0.0,1.0,30.222,86.0,813.0,1845.0,2823.0,2823.0,2823.0,tm_score,current,1.0,2000,2000,16,39,0.9411764705882353
201.tiff,canine lung cancer,2,tm_score@current,score,True,1.0,True,False,17,49,11855,0.809,48,2,0.0,1.0,30.222,86.0,813.0,1845.0,2823.0,2823.0,2823.0,tm_score,current,1.0,5000,5000,17,46,1.0
201.tiff,canine lung cancer,2,chromatin_od@current,od,True,1.0,True,False,17,49,11855,0.809,48,2,0.0,1.0,30.222,25.0,115.0,427.0,630.0,630.0,630.0,chromatin_od,current,1.0,25,25,9,5,0.5294117647058824
201.tiff,canine lung cancer,2,chromatin_od@current,od,True,1.0,True,False,17,49,11855,0.809,48,2,0.0,1.0,30.222,25.0,115.0,427.0,630.0,630.0,630.0,chromatin_od,current,1.0,50,50,11,12,0.6470588235294118
201.tiff,canine lung cancer,2,chromatin_od@current,od,True,1.0,True,False,17,49,11855,0.809,48,2,0.0,1.0,30.222,25.0,115.0,427.0,630.0,630.0,630.0,chromatin_od,current,1.0,100,100,13,25,0.7647058823529411
201.tiff,canine lung cancer,2,chromatin_od@current,od,True,1.0,True,False,17,49,11855,0.809,48,2,0.0,1.0,30.222,25.0,115.0,427.0,630.0,630.0,630.0,chromatin_od,current,1.0,250,250,15,35,0.8823529411764706
201.tiff,canine lung cancer,2,chromatin_od@current,od,True,1.0,True,False,17,49,11855,0.809,48,2,0.0,1.0,30.222,25.0,115.0,427.0,630.0,630.0,630.0,chromatin_od,current,1.0,500,500,16,41,0.9411764705882353
201.tiff,canine lung cancer,2,chromatin_od@current,od,True,1.0,True,False,17,49,11855,0.809,48,2,0.0,1.0,30.222,25.0,115.0,427.0,630.0,630.0,630.0,chromatin_od,current,1.0,1000,1000,17,44,1.0
201.tiff,canine lung cancer,2,chromatin_od@current,od,True,1.0,True,False,17,49,11855,0.809,48,2,0.0,1.0,30.222,25.0,115.0,427.0,630.0,630.0,630.0,chromatin_od,current,1.0,2000,2000,17,45,1.0
201.tiff,canine lung cancer,2,chromatin_od@current,od,True,1.0,True,False,17,49,11855,0.809,48,2,0.0,1.0,30.222,25.0,115.0,427.0,630.0,630.0,630.0,chromatin_od,current,1.0,5000,5000,17,47,1.0
201.tiff,canine lung cancer,2,tm_score@global,score,True,0.43783,True,False,17,49,13625,0.879,49,2,0.0,1.0,30.222,86.0,813.0,1845.0,2823.0,2823.0,2823.0,tm_score,global,0.43783,25,25,3,5,0.17647058823529413
201.tiff,canine lung cancer,2,tm_score@global,score,True,0.43783,True,False,17,49,13625,0.879,49,2,0.0,1.0,30.222,86.0,813.0,1845.0,2823.0,2823.0,2823.0,tm_score,global,0.43783,50,50,6,7,0.35294117647058826
201.tiff,canine lung cancer,2,tm_score@global,score,True,0.43783,True,False,17,49,13625,0.879,49,2,0.0,1.0,30.222,86.0,813.0,1845.0,2823.0,2823.0,2823.0,tm_score,global,0.43783,100,100,9,14,0.5294117647058824
201.tiff,canine lung cancer,2,tm_score@global,score,True,0.43783,True,False,17,49,13625,0.879,49,2,0.0,1.0,30.222,86.0,813.0,1845.0,2823.0,2823.0,2823.0,tm_score,global,0.43783,250,250,12,19,0.7058823529411765
201.tiff,canine lung cancer,2,tm_score@global,score,True,0.43783,True,False,17,49,13625,0.879,49,2,0.0,1.0,30.222,86.0,813.0,1845.0,2823.0,2823.0,2823.0,tm_score,global,0.43783,500,500,13,25,0.7647058823529411
201.tiff,canine lung cancer,2,tm_score@global,score,True,0.43783,True,False,17,49,13625,0.879,49,2,0.0,1.0,30.222,86.0,813.0,1845.0,2823.0,2823.0,2823.0,tm_score,global,0.43783,1000,1000,14,35,0.8235294117647058
201.tiff,canine lung cancer,2,tm_score@global,score,True,0.43783,True,False,17,49,13625,0.879,49,2,0.0,1.0,30.222,86.0,813.0,1845.0,2823.0,2823.0,2823.0,tm_score,global,0.43783,2000,2000,16,39,0.9411764705882353
201.tiff,canine lung cancer,2,tm_score@global,score,True,0.43783,True,False,17,49,13625,0.879,49,2,0.0,1.0,30.222,86.0,813.0,1845.0,2823.0,2823.0,2823.0,tm_score,global,0.43783,5000,5000,17,46,1.0
201.tiff,canine lung cancer,2,chromatin_od@global,od,True,0.43783,True,False,17,49,13625,0.879,49,2,0.0,1.0,30.222,25.0,116.0,428.0,631.0,631.0,631.0,chromatin_od,global,0.43783,25,25,9,5,0.5294117647058824
201.tiff,canine lung cancer,2,chromatin_od@global,od,True,0.43783,True,False,17,49,13625,0.879,49,2,0.0,1.0,30.222,25.0,116.0,428.0,631.0,631.0,631.0,chromatin_od,global,0.43783,50,50,11,12,0.6470588235294118
201.tiff,canine lung cancer,2,chromatin_od@global,od,True,0.43783,True,False,17,49,13625,0.879,49,2,0.0,1.0,30.222,25.0,116.0,428.0,631.0,631.0,631.0,chromatin_od,global,0.43783,100,100,13,25,0.7647058823529411
201.tiff,canine lung cancer,2,chromatin_od@global,od,True,0.43783,True,False,17,49,13625,0.879,49,2,0.0,1.0,30.222,25.0,116.0,428.0,631.0,631.0,631.0,chromatin_od,global,0.43783,250,250,15,35,0.8823529411764706
201.tiff,canine lung cancer,2,chromatin_od@global,od,True,0.43783,True,False,17,49,13625,0.879,49,2,0.0,1.0,30.222,25.0,116.0,428.0,631.0,631.0,631.0,chromatin_od,global,0.43783,500,500,16,41,0.9411764705882353
201.tiff,canine lung cancer,2,chromatin_od@global,od,True,0.43783,True,False,17,49,13625,0.879,49,2,0.0,1.0,30.222,25.0,116.0,428.0,631.0,631.0,631.0,chromatin_od,global,0.43783,1000,1000,17,44,1.0
201.tiff,canine lung cancer,2,chromatin_od@global,od,True,0.43783,True,False,17,49,13625,0.879,49,2,0.0,1.0,30.222,25.0,116.0,428.0,631.0,631.0,631.0,chromatin_od,global,0.43783,2000,2000,17,45,1.0
201.tiff,canine lung cancer,2,chromatin_od@global,od,True,0.43783,True,False,17,49,13625,0.879,49,2,0.0,1.0,30.222,25.0,116.0,428.0,631.0,631.0,631.0,chromatin_od,global,0.43783,5000,5000,17,47,1.0
201.tiff,canine lung cancer,2,tm_score@domain,score,True,2.99282,True,False,17,49,2823,0.2339,42,2,0.0,1.0,30.222,86.0,813.0,1845.0,2823.0,2823.0,2823.0,tm_score,domain,2.99282,25,25,3,5,0.17647058823529413
201.tiff,canine lung cancer,2,tm_score@domain,score,True,2.99282,True,False,17,49,2823,0.2339,42,2,0.0,1.0,30.222,86.0,813.0,1845.0,2823.0,2823.0,2823.0,tm_score,domain,2.99282,50,50,6,7,0.35294117647058826
201.tiff,canine lung cancer,2,tm_score@domain,score,True,2.99282,True,False,17,49,2823,0.2339,42,2,0.0,1.0,30.222,86.0,813.0,1845.0,2823.0,2823.0,2823.0,tm_score,domain,2.99282,100,100,9,14,0.5294117647058824
201.tiff,canine lung cancer,2,tm_score@domain,score,True,2.99282,True,False,17,49,2823,0.2339,42,2,0.0,1.0,30.222,86.0,813.0,1845.0,2823.0,2823.0,2823.0,tm_score,domain,2.99282,250,250,12,19,0.7058823529411765
201.tiff,canine lung cancer,2,tm_score@domain,score,True,2.99282,True,False,17,49,2823,0.2339,42,2,0.0,1.0,30.222,86.0,813.0,1845.0,2823.0,2823.0,2823.0,tm_score,domain,2.99282,500,500,13,25,0.7647058823529411
201.tiff,canine lung cancer,2,tm_score@domain,score,True,2.99282,True,False,17,49,2823,0.2339,42,2,0.0,1.0,30.222,86.0,813.0,1845.0,2823.0,2823.0,2823.0,tm_score,domain,2.99282,1000,1000,14,35,0.8235294117647058
201.tiff,canine lung cancer,2,tm_score@domain,score,True,2.99282,True,False,17,49,2823,0.2339,42,2,0.0,1.0,30.222,86.0,813.0,1845.0,2823.0,2823.0,2823.0,tm_score,domain,2.99282,2000,2000,16,39,0.9411764705882353
201.tiff,canine lung cancer,2,tm_score@domain,score,True,2.99282,True,False,17,49,2823,0.2339,42,2,0.0,1.0,30.222,86.0,813.0,1845.0,2823.0,2823.0,2823.0,tm_score,domain,2.99282,5000,2823,17,42,1.0
201.tiff,canine lung cancer,2,chromatin_od@domain,od,True,2.99282,True,False,17,49,2823,0.2339,42,2,0.0,1.0,30.222,25.0,111.0,369.0,521.0,521.0,521.0,chromatin_od,domain,2.99282,25,25,9,5,0.5294117647058824
201.tiff,canine lung cancer,2,chromatin_od@domain,od,True,2.99282,True,False,17,49,2823,0.2339,42,2,0.0,1.0,30.222,25.0,111.0,369.0,521.0,521.0,521.0,chromatin_od,domain,2.99282,50,50,11,12,0.6470588235294118
201.tiff,canine lung cancer,2,chromatin_od@domain,od,True,2.99282,True,False,17,49,2823,0.2339,42,2,0.0,1.0,30.222,25.0,111.0,369.0,521.0,521.0,521.0,chromatin_od,domain,2.99282,100,100,13,25,0.7647058823529411
201.tiff,canine lung cancer,2,chromatin_od@domain,od,True,2.99282,True,False,17,49,2823,0.2339,42,2,0.0,1.0,30.222,25.0,111.0,369.0,521.0,521.0,521.0,chromatin_od,domain,2.99282,250,250,15,34,0.8823529411764706
201.tiff,canine lung cancer,2,chromatin_od@domain,od,True,2.99282,True,False,17,49,2823,0.2339,42,2,0.0,1.0,30.222,25.0,111.0,369.0,521.0,521.0,521.0,chromatin_od,domain,2.99282,500,500,16,38,0.9411764705882353
201.tiff,canine lung cancer,2,chromatin_od@domain,od,True,2.99282,True,False,17,49,2823,0.2339,42,2,0.0,1.0,30.222,25.0,111.0,369.0,521.0,521.0,521.0,chromatin_od,domain,2.99282,1000,1000,17,41,1.0
201.tiff,canine lung cancer,2,chromatin_od@domain,od,True,2.99282,True,False,17,49,2823,0.2339,42,2,0.0,1.0,30.222,25.0,111.0,369.0,521.0,521.0,521.0,chromatin_od,domain,2.99282,2000,2000,17,42,1.0
201.tiff,canine lung cancer,2,chromatin_od@domain,od,True,2.99282,True,False,17,49,2823,0.2339,42,2,0.0,1.0,30.222,25.0,111.0,369.0,521.0,521.0,521.0,chromatin_od,domain,2.99282,5000,2823,17,42,1.0
201.tiff,canine lung cancer,3,tm_score@current,score,True,1.0,True,False,17,49,13182,0.8555,49,2,0.0,1.0,30.222,42.0,703.0,2046.0,2180.0,2180.0,2180.0,tm_score,current,1.0,25,25,5,7,0.29411764705882354
201.tiff,canine lung cancer,3,tm_score@current,score,True,1.0,True,False,17,49,13182,0.8555,49,2,0.0,1.0,30.222,42.0,703.0,2046.0,2180.0,2180.0,2180.0,tm_score,current,1.0,50,50,10,8,0.5882352941176471
201.tiff,canine lung cancer,3,tm_score@current,score,True,1.0,True,False,17,49,13182,0.8555,49,2,0.0,1.0,30.222,42.0,703.0,2046.0,2180.0,2180.0,2180.0,tm_score,current,1.0,100,100,11,15,0.6470588235294118
201.tiff,canine lung cancer,3,tm_score@current,score,True,1.0,True,False,17,49,13182,0.8555,49,2,0.0,1.0,30.222,42.0,703.0,2046.0,2180.0,2180.0,2180.0,tm_score,current,1.0,250,250,11,23,0.6470588235294118
201.tiff,canine lung cancer,3,tm_score@current,score,True,1.0,True,False,17,49,13182,0.8555,49,2,0.0,1.0,30.222,42.0,703.0,2046.0,2180.0,2180.0,2180.0,tm_score,current,1.0,500,500,12,32,0.7058823529411765
201.tiff,canine lung cancer,3,tm_score@current,score,True,1.0,True,False,17,49,13182,0.8555,49,2,0.0,1.0,30.222,42.0,703.0,2046.0,2180.0,2180.0,2180.0,tm_score,current,1.0,1000,1000,14,38,0.8235294117647058
201.tiff,canine lung cancer,3,tm_score@current,score,True,1.0,True,False,17,49,13182,0.8555,49,2,0.0,1.0,30.222,42.0,703.0,2046.0,2180.0,2180.0,2180.0,tm_score,current,1.0,2000,2000,15,42,0.8823529411764706
201.tiff,canine lung cancer,3,tm_score@current,score,True,1.0,True,False,17,49,13182,0.8555,49,2,0.0,1.0,30.222,42.0,703.0,2046.0,2180.0,2180.0,2180.0,tm_score,current,1.0,5000,5000,17,47,1.0
201.tiff,canine lung cancer,3,chromatin_od@current,od,True,1.0,True,False,17,49,13182,0.8555,49,2,0.0,1.0,30.222,27.0,112.0,423.0,819.0,819.0,819.0,chromatin_od,current,1.0,25,25,8,4,0.47058823529411764
201.tiff,canine lung cancer,3,chromatin_od@current,od,True,1.0,True,False,17,49,13182,0.8555,49,2,0.0,1.0,30.222,27.0,112.0,423.0,819.0,819.0,819.0,chromatin_od,current,1.0,50,50,10,11,0.5882352941176471
201.tiff,canine lung cancer,3,chromatin_od@current,od,True,1.0,True,False,17,49,13182,0.8555,49,2,0.0,1.0,30.222,27.0,112.0,423.0,819.0,819.0,819.0,chromatin_od,current,1.0,100,100,13,22,0.7647058823529411
201.tiff,canine lung cancer,3,chromatin_od@current,od,True,1.0,True,False,17,49,13182,0.8555,49,2,0.0,1.0,30.222,27.0,112.0,423.0,819.0,819.0,819.0,chromatin_od,current,1.0,250,250,15,34,0.8823529411764706
201.tiff,canine lung cancer,3,chromatin_od@current,od,True,1.0,True,False,17,49,13182,0.8555,49,2,0.0,1.0,30.222,27.0,112.0,423.0,819.0,819.0,819.0,chromatin_od,current,1.0,500,500,16,41,0.9411764705882353
201.tiff,canine lung cancer,3,chromatin_od@current,od,True,1.0,True,False,17,49,13182,0.8555,49,2,0.0,1.0,30.222,27.0,112.0,423.0,819.0,819.0,819.0,chromatin_od,current,1.0,1000,1000,17,42,1.0
201.tiff,canine lung cancer,3,chromatin_od@current,od,True,1.0,True,False,17,49,13182,0.8555,49,2,0.0,1.0,30.222,27.0,112.0,423.0,819.0,819.0,819.0,chromatin_od,current,1.0,2000,2000,17,44,1.0
201.tiff,canine lung cancer,3,chromatin_od@current,od,True,1.0,True,False,17,49,13182,0.8555,49,2,0.0,1.0,30.222,27.0,112.0,423.0,819.0,819.0,819.0,chromatin_od,current,1.0,5000,5000,17,47,1.0
201.tiff,canine lung cancer,3,tm_score@global,score,True,0.43783,True,False,17,49,15039,0.9176,49,2,0.0,1.0,30.222,42.0,703.0,2046.0,2180.0,2180.0,2180.0,tm_score,global,0.43783,25,25,5,7,0.29411764705882354
201.tiff,canine lung cancer,3,tm_score@global,score,True,0.43783,True,False,17,49,15039,0.9176,49,2,0.0,1.0,30.222,42.0,703.0,2046.0,2180.0,2180.0,2180.0,tm_score,global,0.43783,50,50,10,8,0.5882352941176471
201.tiff,canine lung cancer,3,tm_score@global,score,True,0.43783,True,False,17,49,15039,0.9176,49,2,0.0,1.0,30.222,42.0,703.0,2046.0,2180.0,2180.0,2180.0,tm_score,global,0.43783,100,100,11,15,0.6470588235294118
201.tiff,canine lung cancer,3,tm_score@global,score,True,0.43783,True,False,17,49,15039,0.9176,49,2,0.0,1.0,30.222,42.0,703.0,2046.0,2180.0,2180.0,2180.0,tm_score,global,0.43783,250,250,11,23,0.6470588235294118
201.tiff,canine lung cancer,3,tm_score@global,score,True,0.43783,True,False,17,49,15039,0.9176,49,2,0.0,1.0,30.222,42.0,703.0,2046.0,2180.0,2180.0,2180.0,tm_score,global,0.43783,500,500,12,32,0.7058823529411765
201.tiff,canine lung cancer,3,tm_score@global,score,True,0.43783,True,False,17,49,15039,0.9176,49,2,0.0,1.0,30.222,42.0,703.0,2046.0,2180.0,2180.0,2180.0,tm_score,global,0.43783,1000,1000,14,38,0.8235294117647058
201.tiff,canine lung cancer,3,tm_score@global,score,True,0.43783,True,False,17,49,15039,0.9176,49,2,0.0,1.0,30.222,42.0,703.0,2046.0,2180.0,2180.0,2180.0,tm_score,global,0.43783,2000,2000,15,42,0.8823529411764706
201.tiff,canine lung cancer,3,tm_score@global,score,True,0.43783,True,False,17,49,15039,0.9176,49,2,0.0,1.0,30.222,42.0,703.0,2046.0,2180.0,2180.0,2180.0,tm_score,global,0.43783,5000,5000,17,47,1.0
201.tiff,canine lung cancer,3,chromatin_od@global,od,True,0.43783,True,False,17,49,15039,0.9176,49,2,0.0,1.0,30.222,27.0,112.0,424.0,821.0,821.0,821.0,chromatin_od,global,0.43783,25,25,8,4,0.47058823529411764
201.tiff,canine lung cancer,3,chromatin_od@global,od,True,0.43783,True,False,17,49,15039,0.9176,49,2,0.0,1.0,30.222,27.0,112.0,424.0,821.0,821.0,821.0,chromatin_od,global,0.43783,50,50,10,11,0.5882352941176471
201.tiff,canine lung cancer,3,chromatin_od@global,od,True,0.43783,True,False,17,49,15039,0.9176,49,2,0.0,1.0,30.222,27.0,112.0,424.0,821.0,821.0,821.0,chromatin_od,global,0.43783,100,100,13,22,0.7647058823529411
201.tiff,canine lung cancer,3,chromatin_od@global,od,True,0.43783,True,False,17,49,15039,0.9176,49,2,0.0,1.0,30.222,27.0,112.0,424.0,821.0,821.0,821.0,chromatin_od,global,0.43783,250,250,15,34,0.8823529411764706
201.tiff,canine lung cancer,3,chromatin_od@global,od,True,0.43783,True,False,17,49,15039,0.9176,49,2,0.0,1.0,30.222,27.0,112.0,424.0,821.0,821.0,821.0,chromatin_od,global,0.43783,500,500,16,41,0.9411764705882353
201.tiff,canine lung cancer,3,chromatin_od@global,od,True,0.43783,True,False,17,49,15039,0.9176,49,2,0.0,1.0,30.222,27.0,112.0,424.0,821.0,821.0,821.0,chromatin_od,global,0.43783,1000,1000,17,42,1.0
201.tiff,canine lung cancer,3,chromatin_od@global,od,True,0.43783,True,False,17,49,15039,0.9176,49,2,0.0,1.0,30.222,27.0,112.0,424.0,821.0,821.0,821.0,chromatin_od,global,0.43783,2000,2000,17,44,1.0
201.tiff,canine lung cancer,3,chromatin_od@global,od,True,0.43783,True,False,17,49,15039,0.9176,49,2,0.0,1.0,30.222,27.0,112.0,424.0,821.0,821.0,821.0,chromatin_od,global,0.43783,5000,5000,17,47,1.0
201.tiff,canine lung cancer,3,tm_score@domain,score,True,2.99282,True,False,17,49,3680,0.2996,45,2,0.0,1.0,30.222,42.0,703.0,2046.0,2180.0,2180.0,2180.0,tm_score,domain,2.99282,25,25,5,7,0.29411764705882354
201.tiff,canine lung cancer,3,tm_score@domain,score,True,2.99282,True,False,17,49,3680,0.2996,45,2,0.0,1.0,30.222,42.0,703.0,2046.0,2180.0,2180.0,2180.0,tm_score,domain,2.99282,50,50,10,8,0.5882352941176471
201.tiff,canine lung cancer,3,tm_score@domain,score,True,2.99282,True,False,17,49,3680,0.2996,45,2,0.0,1.0,30.222,42.0,703.0,2046.0,2180.0,2180.0,2180.0,tm_score,domain,2.99282,100,100,11,15,0.6470588235294118
201.tiff,canine lung cancer,3,tm_score@domain,score,True,2.99282,True,False,17,49,3680,0.2996,45,2,0.0,1.0,30.222,42.0,703.0,2046.0,2180.0,2180.0,2180.0,tm_score,domain,2.99282,250,250,11,23,0.6470588235294118
201.tiff,canine lung cancer,3,tm_score@domain,score,True,2.99282,True,False,17,49,3680,0.2996,45,2,0.0,1.0,30.222,42.0,703.0,2046.0,2180.0,2180.0,2180.0,tm_score,domain,2.99282,500,500,12,32,0.7058823529411765
201.tiff,canine lung cancer,3,tm_score@domain,score,True,2.99282,True,False,17,49,3680,0.2996,45,2,0.0,1.0,30.222,42.0,703.0,2046.0,2180.0,2180.0,2180.0,tm_score,domain,2.99282,1000,1000,14,38,0.8235294117647058
201.tiff,canine lung cancer,3,tm_score@domain,score,True,2.99282,True,False,17,49,3680,0.2996,45,2,0.0,1.0,30.222,42.0,703.0,2046.0,2180.0,2180.0,2180.0,tm_score,domain,2.99282,2000,2000,15,42,0.8823529411764706
201.tiff,canine lung cancer,3,tm_score@domain,score,True,2.99282,True,False,17,49,3680,0.2996,45,2,0.0,1.0,30.222,42.0,703.0,2046.0,2180.0,2180.0,2180.0,tm_score,domain,2.99282,5000,3680,17,45,1.0
201.tiff,canine lung cancer,3,chromatin_od@domain,od,True,2.99282,True,False,17,49,3680,0.2996,45,2,0.0,1.0,30.222,26.0,105.0,382.0,684.0,684.0,684.0,chromatin_od,domain,2.99282,25,25,8,5,0.47058823529411764
201.tiff,canine lung cancer,3,chromatin_od@domain,od,True,2.99282,True,False,17,49,3680,0.2996,45,2,0.0,1.0,30.222,26.0,105.0,382.0,684.0,684.0,684.0,chromatin_od,domain,2.99282,50,50,10,12,0.5882352941176471
201.tiff,canine lung cancer,3,chromatin_od@domain,od,True,2.99282,True,False,17,49,3680,0.2996,45,2,0.0,1.0,30.222,26.0,105.0,382.0,684.0,684.0,684.0,chromatin_od,domain,2.99282,100,100,13,25,0.7647058823529411
201.tiff,canine lung cancer,3,chromatin_od@domain,od,True,2.99282,True,False,17,49,3680,0.2996,45,2,0.0,1.0,30.222,26.0,105.0,382.0,684.0,684.0,684.0,chromatin_od,domain,2.99282,250,250,15,34,0.8823529411764706
201.tiff,canine lung cancer,3,chromatin_od@domain,od,True,2.99282,True,False,17,49,3680,0.2996,45,2,0.0,1.0,30.222,26.0,105.0,382.0,684.0,684.0,684.0,chromatin_od,domain,2.99282,500,500,16,41,0.9411764705882353
201.tiff,canine lung cancer,3,chromatin_od@domain,od,True,2.99282,True,False,17,49,3680,0.2996,45,2,0.0,1.0,30.222,26.0,105.0,382.0,684.0,684.0,684.0,chromatin_od,domain,2.99282,1000,1000,17,43,1.0
201.tiff,canine lung cancer,3,chromatin_od@domain,od,True,2.99282,True,False,17,49,3680,0.2996,45,2,0.0,1.0,30.222,26.0,105.0,382.0,684.0,684.0,684.0,chromatin_od,domain,2.99282,2000,2000,17,43,1.0
201.tiff,canine lung cancer,3,chromatin_od@domain,od,True,2.99282,True,False,17,49,3680,0.2996,45,2,0.0,1.0,30.222,26.0,105.0,382.0,684.0,684.0,684.0,chromatin_od,domain,2.99282,5000,3680,17,45,1.0
201.tiff,canine lung cancer,4,tm_score@current,score,True,1.0,True,False,17,49,11508,0.7999,49,2,0.0,1.0,30.222,199.0,916.0,1269.0,2220.0,2220.0,2220.0,tm_score,current,1.0,25,25,3,5,0.17647058823529413
201.tiff,canine lung cancer,4,tm_score@current,score,True,1.0,True,False,17,49,11508,0.7999,49,2,0.0,1.0,30.222,199.0,916.0,1269.0,2220.0,2220.0,2220.0,tm_score,current,1.0,50,50,5,11,0.29411764705882354
201.tiff,canine lung cancer,4,tm_score@current,score,True,1.0,True,False,17,49,11508,0.7999,49,2,0.0,1.0,30.222,199.0,916.0,1269.0,2220.0,2220.0,2220.0,tm_score,current,1.0,100,100,6,15,0.35294117647058826
201.tiff,canine lung cancer,4,tm_score@current,score,True,1.0,True,False,17,49,11508,0.7999,49,2,0.0,1.0,30.222,199.0,916.0,1269.0,2220.0,2220.0,2220.0,tm_score,current,1.0,250,250,9,20,0.5294117647058824
201.tiff,canine lung cancer,4,tm_score@current,score,True,1.0,True,False,17,49,11508,0.7999,49,2,0.0,1.0,30.222,199.0,916.0,1269.0,2220.0,2220.0,2220.0,tm_score,current,1.0,500,500,11,24,0.6470588235294118
201.tiff,canine lung cancer,4,tm_score@current,score,True,1.0,True,False,17,49,11508,0.7999,49,2,0.0,1.0,30.222,199.0,916.0,1269.0,2220.0,2220.0,2220.0,tm_score,current,1.0,1000,1000,14,31,0.8235294117647058
201.tiff,canine lung cancer,4,tm_score@current,score,True,1.0,True,False,17,49,11508,0.7999,49,2,0.0,1.0,30.222,199.0,916.0,1269.0,2220.0,2220.0,2220.0,tm_score,current,1.0,2000,2000,16,38,0.9411764705882353
201.tiff,canine lung cancer,4,tm_score@current,score,True,1.0,True,False,17,49,11508,0.7999,49,2,0.0,1.0,30.222,199.0,916.0,1269.0,2220.0,2220.0,2220.0,tm_score,current,1.0,5000,5000,17,46,1.0
201.tiff,canine lung cancer,4,chromatin_od@current,od,True,1.0,True,False,17,49,11508,0.7999,49,2,0.0,1.0,30.222,25.0,93.0,415.0,647.0,647.0,647.0,chromatin_od,current,1.0,25,25,9,5,0.5294117647058824
201.tiff,canine lung cancer,4,chromatin_od@current,od,True,1.0,True,False,17,49,11508,0.7999,49,2,0.0,1.0,30.222,25.0,93.0,415.0,647.0,647.0,647.0,chromatin_od,current,1.0,50,50,10,12,0.5882352941176471
201.tiff,canine lung cancer,4,chromatin_od@current,od,True,1.0,True,False,17,49,11508,0.7999,49,2,0.0,1.0,30.222,25.0,93.0,415.0,647.0,647.0,647.0,chromatin_od,current,1.0,100,100,14,24,0.8235294117647058
201.tiff,canine lung cancer,4,chromatin_od@current,od,True,1.0,True,False,17,49,11508,0.7999,49,2,0.0,1.0,30.222,25.0,93.0,415.0,647.0,647.0,647.0,chromatin_od,current,1.0,250,250,15,35,0.8823529411764706
201.tiff,canine lung cancer,4,chromatin_od@current,od,True,1.0,True,False,17,49,11508,0.7999,49,2,0.0,1.0,30.222,25.0,93.0,415.0,647.0,647.0,647.0,chromatin_od,current,1.0,500,500,16,40,0.9411764705882353
201.tiff,canine lung cancer,4,chromatin_od@current,od,True,1.0,True,False,17,49,11508,0.7999,49,2,0.0,1.0,30.222,25.0,93.0,415.0,647.0,647.0,647.0,chromatin_od,current,1.0,1000,1000,17,45,1.0
201.tiff,canine lung cancer,4,chromatin_od@current,od,True,1.0,True,False,17,49,11508,0.7999,49,2,0.0,1.0,30.222,25.0,93.0,415.0,647.0,647.0,647.0,chromatin_od,current,1.0,2000,2000,17,46,1.0
201.tiff,canine lung cancer,4,chromatin_od@current,od,True,1.0,True,False,17,49,11508,0.7999,49,2,0.0,1.0,30.222,25.0,93.0,415.0,647.0,647.0,647.0,chromatin_od,current,1.0,5000,5000,17,48,1.0
201.tiff,canine lung cancer,4,tm_score@global,score,True,0.43783,True,False,17,49,13305,0.8736,49,2,0.0,1.0,30.222,199.0,916.0,1269.0,2220.0,2220.0,2220.0,tm_score,global,0.43783,25,25,3,5,0.17647058823529413
201.tiff,canine lung cancer,4,tm_score@global,score,True,0.43783,True,False,17,49,13305,0.8736,49,2,0.0,1.0,30.222,199.0,916.0,1269.0,2220.0,2220.0,2220.0,tm_score,global,0.43783,50,50,5,11,0.29411764705882354
201.tiff,canine lung cancer,4,tm_score@global,score,True,0.43783,True,False,17,49,13305,0.8736,49,2,0.0,1.0,30.222,199.0,916.0,1269.0,2220.0,2220.0,2220.0,tm_score,global,0.43783,100,100,6,15,0.35294117647058826
201.tiff,canine lung cancer,4,tm_score@global,score,True,0.43783,True,False,17,49,13305,0.8736,49,2,0.0,1.0,30.222,199.0,916.0,1269.0,2220.0,2220.0,2220.0,tm_score,global,0.43783,250,250,9,20,0.5294117647058824
201.tiff,canine lung cancer,4,tm_score@global,score,True,0.43783,True,False,17,49,13305,0.8736,49,2,0.0,1.0,30.222,199.0,916.0,1269.0,2220.0,2220.0,2220.0,tm_score,global,0.43783,500,500,11,24,0.6470588235294118
201.tiff,canine lung cancer,4,tm_score@global,score,True,0.43783,True,False,17,49,13305,0.8736,49,2,0.0,1.0,30.222,199.0,916.0,1269.0,2220.0,2220.0,2220.0,tm_score,global,0.43783,1000,1000,14,31,0.8235294117647058
201.tiff,canine lung cancer,4,tm_score@global,score,True,0.43783,True,False,17,49,13305,0.8736,49,2,0.0,1.0,30.222,199.0,916.0,1269.0,2220.0,2220.0,2220.0,tm_score,global,0.43783,2000,2000,16,38,0.9411764705882353
201.tiff,canine lung cancer,4,tm_score@global,score,True,0.43783,True,False,17,49,13305,0.8736,49,2,0.0,1.0,30.222,199.0,916.0,1269.0,2220.0,2220.0,2220.0,tm_score,global,0.43783,5000,5000,17,46,1.0
201.tiff,canine lung cancer,4,chromatin_od@global,od,True,0.43783,True,False,17,49,13305,0.8736,49,2,0.0,1.0,30.222,25.0,94.0,417.0,649.0,649.0,649.0,chromatin_od,global,0.43783,25,25,9,5,0.5294117647058824
201.tiff,canine lung cancer,4,chromatin_od@global,od,True,0.43783,True,False,17,49,13305,0.8736,49,2,0.0,1.0,30.222,25.0,94.0,417.0,649.0,649.0,649.0,chromatin_od,global,0.43783,50,50,10,12,0.5882352941176471
201.tiff,canine lung cancer,4,chromatin_od@global,od,True,0.43783,True,False,17,49,13305,0.8736,49,2,0.0,1.0,30.222,25.0,94.0,417.0,649.0,649.0,649.0,chromatin_od,global,0.43783,100,100,14,24,0.8235294117647058
201.tiff,canine lung cancer,4,chromatin_od@global,od,True,0.43783,True,False,17,49,13305,0.8736,49,2,0.0,1.0,30.222,25.0,94.0,417.0,649.0,649.0,649.0,chromatin_od,global,0.43783,250,250,15,35,0.8823529411764706
201.tiff,canine lung cancer,4,chromatin_od@global,od,True,0.43783,True,False,17,49,13305,0.8736,49,2,0.0,1.0,30.222,25.0,94.0,417.0,649.0,649.0,649.0,chromatin_od,global,0.43783,500,500,16,40,0.9411764705882353
201.tiff,canine lung cancer,4,chromatin_od@global,od,True,0.43783,True,False,17,49,13305,0.8736,49,2,0.0,1.0,30.222,25.0,94.0,417.0,649.0,649.0,649.0,chromatin_od,global,0.43783,1000,1000,17,45,1.0
201.tiff,canine lung cancer,4,chromatin_od@global,od,True,0.43783,True,False,17,49,13305,0.8736,49,2,0.0,1.0,30.222,25.0,94.0,417.0,649.0,649.0,649.0,chromatin_od,global,0.43783,2000,2000,17,46,1.0
201.tiff,canine lung cancer,4,chromatin_od@global,od,True,0.43783,True,False,17,49,13305,0.8736,49,2,0.0,1.0,30.222,25.0,94.0,417.0,649.0,649.0,649.0,chromatin_od,global,0.43783,5000,5000,17,48,1.0
201.tiff,canine lung cancer,4,tm_score@domain,score,True,2.99282,True,False,17,49,2328,0.1957,40,1,0.0,1.0,30.222,199.0,916.0,1269.0,2220.0,2220.0,2220.0,tm_score,domain,2.99282,25,25,3,5,0.17647058823529413
201.tiff,canine lung cancer,4,tm_score@domain,score,True,2.99282,True,False,17,49,2328,0.1957,40,1,0.0,1.0,30.222,199.0,916.0,1269.0,2220.0,2220.0,2220.0,tm_score,domain,2.99282,50,50,5,11,0.29411764705882354
201.tiff,canine lung cancer,4,tm_score@domain,score,True,2.99282,True,False,17,49,2328,0.1957,40,1,0.0,1.0,30.222,199.0,916.0,1269.0,2220.0,2220.0,2220.0,tm_score,domain,2.99282,100,100,6,15,0.35294117647058826
201.tiff,canine lung cancer,4,tm_score@domain,score,True,2.99282,True,False,17,49,2328,0.1957,40,1,0.0,1.0,30.222,199.0,916.0,1269.0,2220.0,2220.0,2220.0,tm_score,domain,2.99282,250,250,9,20,0.5294117647058824
201.tiff,canine lung cancer,4,tm_score@domain,score,True,2.99282,True,False,17,49,2328,0.1957,40,1,0.0,1.0,30.222,199.0,916.0,1269.0,2220.0,2220.0,2220.0,tm_score,domain,2.99282,500,500,11,24,0.6470588235294118
201.tiff,canine lung cancer,4,tm_score@domain,score,True,2.99282,True,False,17,49,2328,0.1957,40,1,0.0,1.0,30.222,199.0,916.0,1269.0,2220.0,2220.0,2220.0,tm_score,domain,2.99282,1000,1000,14,31,0.8235294117647058
201.tiff,canine lung cancer,4,tm_score@domain,score,True,2.99282,True,False,17,49,2328,0.1957,40,1,0.0,1.0,30.222,199.0,916.0,1269.0,2220.0,2220.0,2220.0,tm_score,domain,2.99282,2000,2000,16,38,0.9411764705882353
201.tiff,canine lung cancer,4,tm_score@domain,score,True,2.99282,True,False,17,49,2328,0.1957,40,1,0.0,1.0,30.222,199.0,916.0,1269.0,2220.0,2220.0,2220.0,tm_score,domain,2.99282,5000,2328,17,40,1.0
201.tiff,canine lung cancer,4,chromatin_od@domain,od,True,2.99282,True,False,17,49,2328,0.1957,40,1,0.0,1.0,30.222,24.0,84.0,307.0,470.0,470.0,470.0,chromatin_od,domain,2.99282,25,25,9,6,0.5294117647058824
201.tiff,canine lung cancer,4,chromatin_od@domain,od,True,2.99282,True,False,17,49,2328,0.1957,40,1,0.0,1.0,30.222,24.0,84.0,307.0,470.0,470.0,470.0,chromatin_od,domain,2.99282,50,50,10,14,0.5882352941176471
201.tiff,canine lung cancer,4,chromatin_od@domain,od,True,2.99282,True,False,17,49,2328,0.1957,40,1,0.0,1.0,30.222,24.0,84.0,307.0,470.0,470.0,470.0,chromatin_od,domain,2.99282,100,100,14,23,0.8235294117647058
201.tiff,canine lung cancer,4,chromatin_od@domain,od,True,2.99282,True,False,17,49,2328,0.1957,40,1,0.0,1.0,30.222,24.0,84.0,307.0,470.0,470.0,470.0,chromatin_od,domain,2.99282,250,250,15,33,0.8823529411764706
201.tiff,canine lung cancer,4,chromatin_od@domain,od,True,2.99282,True,False,17,49,2328,0.1957,40,1,0.0,1.0,30.222,24.0,84.0,307.0,470.0,470.0,470.0,chromatin_od,domain,2.99282,500,500,17,37,1.0
201.tiff,canine lung cancer,4,chromatin_od@domain,od,True,2.99282,True,False,17,49,2328,0.1957,40,1,0.0,1.0,30.222,24.0,84.0,307.0,470.0,470.0,470.0,chromatin_od,domain,2.99282,1000,1000,17,39,1.0
201.tiff,canine lung cancer,4,chromatin_od@domain,od,True,2.99282,True,False,17,49,2328,0.1957,40,1,0.0,1.0,30.222,24.0,84.0,307.0,470.0,470.0,470.0,chromatin_od,domain,2.99282,2000,2000,17,40,1.0
201.tiff,canine lung cancer,4,chromatin_od@domain,od,True,2.99282,True,False,17,49,2328,0.1957,40,1,0.0,1.0,30.222,24.0,84.0,307.0,470.0,470.0,470.0,chromatin_od,domain,2.99282,5000,2328,17,40,1.0
246.tiff,canine lymphosarcoma,0,tm_score@current,score,True,1.0,True,False,115,123,16836,0.944,121,2,0.0,1.0,30.222,131.0,644.0,1365.0,1766.0,4037.0,5426.0,tm_score,current,1.0,25,25,21,1,0.1826086956521739
246.tiff,canine lymphosarcoma,0,tm_score@current,score,True,1.0,True,False,115,123,16836,0.944,121,2,0.0,1.0,30.222,131.0,644.0,1365.0,1766.0,4037.0,5426.0,tm_score,current,1.0,50,50,32,5,0.2782608695652174
246.tiff,canine lymphosarcoma,0,tm_score@current,score,True,1.0,True,False,115,123,16836,0.944,121,2,0.0,1.0,30.222,131.0,644.0,1365.0,1766.0,4037.0,5426.0,tm_score,current,1.0,100,100,50,11,0.43478260869565216
246.tiff,canine lymphosarcoma,0,tm_score@current,score,True,1.0,True,False,115,123,16836,0.944,121,2,0.0,1.0,30.222,131.0,644.0,1365.0,1766.0,4037.0,5426.0,tm_score,current,1.0,250,250,73,32,0.6347826086956522
246.tiff,canine lymphosarcoma,0,tm_score@current,score,True,1.0,True,False,115,123,16836,0.944,121,2,0.0,1.0,30.222,131.0,644.0,1365.0,1766.0,4037.0,5426.0,tm_score,current,1.0,500,500,82,60,0.7130434782608696
246.tiff,canine lymphosarcoma,0,tm_score@current,score,True,1.0,True,False,115,123,16836,0.944,121,2,0.0,1.0,30.222,131.0,644.0,1365.0,1766.0,4037.0,5426.0,tm_score,current,1.0,1000,1000,99,81,0.8608695652173913
246.tiff,canine lymphosarcoma,0,tm_score@current,score,True,1.0,True,False,115,123,16836,0.944,121,2,0.0,1.0,30.222,131.0,644.0,1365.0,1766.0,4037.0,5426.0,tm_score,current,1.0,2000,2000,110,95,0.9565217391304348
246.tiff,canine lymphosarcoma,0,tm_score@current,score,True,1.0,True,False,115,123,16836,0.944,121,2,0.0,1.0,30.222,131.0,644.0,1365.0,1766.0,4037.0,5426.0,tm_score,current,1.0,5000,5000,114,114,0.991304347826087
246.tiff,canine lymphosarcoma,0,chromatin_od@current,od,True,1.0,True,False,115,123,16836,0.944,121,2,0.0,1.0,30.222,112.0,527.0,1210.0,2031.0,4674.0,10092.0,chromatin_od,current,1.0,25,25,23,0,0.2
246.tiff,canine lymphosarcoma,0,chromatin_od@current,od,True,1.0,True,False,115,123,16836,0.944,121,2,0.0,1.0,30.222,112.0,527.0,1210.0,2031.0,4674.0,10092.0,chromatin_od,current,1.0,50,50,32,4,0.2782608695652174
246.tiff,canine lymphosarcoma,0,chromatin_od@current,od,True,1.0,True,False,115,123,16836,0.944,121,2,0.0,1.0,30.222,112.0,527.0,1210.0,2031.0,4674.0,10092.0,chromatin_od,current,1.0,100,100,53,15,0.4608695652173913
246.tiff,canine lymphosarcoma,0,chromatin_od@current,od,True,1.0,True,False,115,123,16836,0.944,121,2,0.0,1.0,30.222,112.0,527.0,1210.0,2031.0,4674.0,10092.0,chromatin_od,current,1.0,250,250,78,31,0.6782608695652174
246.tiff,canine lymphosarcoma,0,chromatin_od@current,od,True,1.0,True,False,115,123,16836,0.944,121,2,0.0,1.0,30.222,112.0,527.0,1210.0,2031.0,4674.0,10092.0,chromatin_od,current,1.0,500,500,90,47,0.782608695652174
246.tiff,canine lymphosarcoma,0,chromatin_od@current,od,True,1.0,True,False,115,123,16836,0.944,121,2,0.0,1.0,30.222,112.0,527.0,1210.0,2031.0,4674.0,10092.0,chromatin_od,current,1.0,1000,1000,101,67,0.8782608695652174
246.tiff,canine lymphosarcoma,0,chromatin_od@current,od,True,1.0,True,False,115,123,16836,0.944,121,2,0.0,1.0,30.222,112.0,527.0,1210.0,2031.0,4674.0,10092.0,chromatin_od,current,1.0,2000,2000,108,86,0.9391304347826087
246.tiff,canine lymphosarcoma,0,chromatin_od@current,od,True,1.0,True,False,115,123,16836,0.944,121,2,0.0,1.0,30.222,112.0,527.0,1210.0,2031.0,4674.0,10092.0,chromatin_od,current,1.0,5000,5000,114,112,0.991304347826087
246.tiff,canine lymphosarcoma,0,tm_score@global,score,True,0.43783,True,False,115,123,17580,0.9584,121,2,0.0,1.0,30.222,131.0,644.0,1365.0,1766.0,4037.0,5426.0,tm_score,global,0.43783,25,25,21,1,0.1826086956521739
246.tiff,canine lymphosarcoma,0,tm_score@global,score,True,0.43783,True,False,115,123,17580,0.9584,121,2,0.0,1.0,30.222,131.0,644.0,1365.0,1766.0,4037.0,5426.0,tm_score,global,0.43783,50,50,32,5,0.2782608695652174
246.tiff,canine lymphosarcoma,0,tm_score@global,score,True,0.43783,True,False,115,123,17580,0.9584,121,2,0.0,1.0,30.222,131.0,644.0,1365.0,1766.0,4037.0,5426.0,tm_score,global,0.43783,100,100,50,11,0.43478260869565216
246.tiff,canine lymphosarcoma,0,tm_score@global,score,True,0.43783,True,False,115,123,17580,0.9584,121,2,0.0,1.0,30.222,131.0,644.0,1365.0,1766.0,4037.0,5426.0,tm_score,global,0.43783,250,250,73,32,0.6347826086956522
246.tiff,canine lymphosarcoma,0,tm_score@global,score,True,0.43783,True,False,115,123,17580,0.9584,121,2,0.0,1.0,30.222,131.0,644.0,1365.0,1766.0,4037.0,5426.0,tm_score,global,0.43783,500,500,82,60,0.7130434782608696
246.tiff,canine lymphosarcoma,0,tm_score@global,score,True,0.43783,True,False,115,123,17580,0.9584,121,2,0.0,1.0,30.222,131.0,644.0,1365.0,1766.0,4037.0,5426.0,tm_score,global,0.43783,1000,1000,99,81,0.8608695652173913
246.tiff,canine lymphosarcoma,0,tm_score@global,score,True,0.43783,True,False,115,123,17580,0.9584,121,2,0.0,1.0,30.222,131.0,644.0,1365.0,1766.0,4037.0,5426.0,tm_score,global,0.43783,2000,2000,110,95,0.9565217391304348
246.tiff,canine lymphosarcoma,0,tm_score@global,score,True,0.43783,True,False,115,123,17580,0.9584,121,2,0.0,1.0,30.222,131.0,644.0,1365.0,1766.0,4037.0,5426.0,tm_score,global,0.43783,5000,5000,114,114,0.991304347826087
246.tiff,canine lymphosarcoma,0,chromatin_od@global,od,True,0.43783,True,False,115,123,17580,0.9584,121,2,0.0,1.0,30.222,112.0,528.0,1216.0,2046.0,4726.0,10307.0,chromatin_od,global,0.43783,25,25,23,0,0.2
246.tiff,canine lymphosarcoma,0,chromatin_od@global,od,True,0.43783,True,False,115,123,17580,0.9584,121,2,0.0,1.0,30.222,112.0,528.0,1216.0,2046.0,4726.0,10307.0,chromatin_od,global,0.43783,50,50,32,4,0.2782608695652174
246.tiff,canine lymphosarcoma,0,chromatin_od@global,od,True,0.43783,True,False,115,123,17580,0.9584,121,2,0.0,1.0,30.222,112.0,528.0,1216.0,2046.0,4726.0,10307.0,chromatin_od,global,0.43783,100,100,53,15,0.4608695652173913
246.tiff,canine lymphosarcoma,0,chromatin_od@global,od,True,0.43783,True,False,115,123,17580,0.9584,121,2,0.0,1.0,30.222,112.0,528.0,1216.0,2046.0,4726.0,10307.0,chromatin_od,global,0.43783,250,250,78,31,0.6782608695652174
246.tiff,canine lymphosarcoma,0,chromatin_od@global,od,True,0.43783,True,False,115,123,17580,0.9584,121,2,0.0,1.0,30.222,112.0,528.0,1216.0,2046.0,4726.0,10307.0,chromatin_od,global,0.43783,500,500,90,47,0.782608695652174
246.tiff,canine lymphosarcoma,0,chromatin_od@global,od,True,0.43783,True,False,115,123,17580,0.9584,121,2,0.0,1.0,30.222,112.0,528.0,1216.0,2046.0,4726.0,10307.0,chromatin_od,global,0.43783,1000,1000,101,67,0.8782608695652174
246.tiff,canine lymphosarcoma,0,chromatin_od@global,od,True,0.43783,True,False,115,123,17580,0.9584,121,2,0.0,1.0,30.222,112.0,528.0,1216.0,2046.0,4726.0,10307.0,chromatin_od,global,0.43783,2000,2000,108,87,0.9391304347826087
246.tiff,canine lymphosarcoma,0,chromatin_od@global,od,True,0.43783,True,False,115,123,17580,0.9584,121,2,0.0,1.0,30.222,112.0,528.0,1216.0,2046.0,4726.0,10307.0,chromatin_od,global,0.43783,5000,5000,114,112,0.991304347826087
246.tiff,canine lymphosarcoma,0,tm_score@domain,score,True,1.89154,True,False,115,123,12169,0.7885,119,2,0.0,1.0,30.222,131.0,644.0,1365.0,1766.0,4037.0,5426.0,tm_score,domain,1.89154,25,25,21,1,0.1826086956521739
246.tiff,canine lymphosarcoma,0,tm_score@domain,score,True,1.89154,True,False,115,123,12169,0.7885,119,2,0.0,1.0,30.222,131.0,644.0,1365.0,1766.0,4037.0,5426.0,tm_score,domain,1.89154,50,50,32,5,0.2782608695652174
246.tiff,canine lymphosarcoma,0,tm_score@domain,score,True,1.89154,True,False,115,123,12169,0.7885,119,2,0.0,1.0,30.222,131.0,644.0,1365.0,1766.0,4037.0,5426.0,tm_score,domain,1.89154,100,100,50,11,0.43478260869565216
246.tiff,canine lymphosarcoma,0,tm_score@domain,score,True,1.89154,True,False,115,123,12169,0.7885,119,2,0.0,1.0,30.222,131.0,644.0,1365.0,1766.0,4037.0,5426.0,tm_score,domain,1.89154,250,250,73,32,0.6347826086956522
246.tiff,canine lymphosarcoma,0,tm_score@domain,score,True,1.89154,True,False,115,123,12169,0.7885,119,2,0.0,1.0,30.222,131.0,644.0,1365.0,1766.0,4037.0,5426.0,tm_score,domain,1.89154,500,500,82,60,0.7130434782608696
246.tiff,canine lymphosarcoma,0,tm_score@domain,score,True,1.89154,True,False,115,123,12169,0.7885,119,2,0.0,1.0,30.222,131.0,644.0,1365.0,1766.0,4037.0,5426.0,tm_score,domain,1.89154,1000,1000,99,81,0.8608695652173913
246.tiff,canine lymphosarcoma,0,tm_score@domain,score,True,1.89154,True,False,115,123,12169,0.7885,119,2,0.0,1.0,30.222,131.0,644.0,1365.0,1766.0,4037.0,5426.0,tm_score,domain,1.89154,2000,2000,110,95,0.9565217391304348
246.tiff,canine lymphosarcoma,0,tm_score@domain,score,True,1.89154,True,False,115,123,12169,0.7885,119,2,0.0,1.0,30.222,131.0,644.0,1365.0,1766.0,4037.0,5426.0,tm_score,domain,1.89154,5000,5000,114,114,0.991304347826087
246.tiff,canine lymphosarcoma,0,chromatin_od@domain,od,True,1.89154,True,False,115,123,12169,0.7885,119,2,0.0,1.0,30.222,112.0,514.0,1168.0,1926.0,4210.0,8346.0,chromatin_od,domain,1.89154,25,25,23,0,0.2
246.tiff,canine lymphosarcoma,0,chromatin_od@domain,od,True,1.89154,True,False,115,123,12169,0.7885,119,2,0.0,1.0,30.222,112.0,514.0,1168.0,1926.0,4210.0,8346.0,chromatin_od,domain,1.89154,50,50,32,4,0.2782608695652174
246.tiff,canine lymphosarcoma,0,chromatin_od@domain,od,True,1.89154,True,False,115,123,12169,0.7885,119,2,0.0,1.0,30.222,112.0,514.0,1168.0,1926.0,4210.0,8346.0,chromatin_od,domain,1.89154,100,100,53,15,0.4608695652173913
246.tiff,canine lymphosarcoma,0,chromatin_od@domain,od,True,1.89154,True,False,115,123,12169,0.7885,119,2,0.0,1.0,30.222,112.0,514.0,1168.0,1926.0,4210.0,8346.0,chromatin_od,domain,1.89154,250,250,78,31,0.6782608695652174
246.tiff,canine lymphosarcoma,0,chromatin_od@domain,od,True,1.89154,True,False,115,123,12169,0.7885,119,2,0.0,1.0,30.222,112.0,514.0,1168.0,1926.0,4210.0,8346.0,chromatin_od,domain,1.89154,500,500,90,47,0.782608695652174
246.tiff,canine lymphosarcoma,0,chromatin_od@domain,od,True,1.89154,True,False,115,123,12169,0.7885,119,2,0.0,1.0,30.222,112.0,514.0,1168.0,1926.0,4210.0,8346.0,chromatin_od,domain,1.89154,1000,1000,101,70,0.8782608695652174
246.tiff,canine lymphosarcoma,0,chromatin_od@domain,od,True,1.89154,True,False,115,123,12169,0.7885,119,2,0.0,1.0,30.222,112.0,514.0,1168.0,1926.0,4210.0,8346.0,chromatin_od,domain,1.89154,2000,2000,110,86,0.9565217391304348
246.tiff,canine lymphosarcoma,0,chromatin_od@domain,od,True,1.89154,True,False,115,123,12169,0.7885,119,2,0.0,1.0,30.222,112.0,514.0,1168.0,1926.0,4210.0,8346.0,chromatin_od,domain,1.89154,5000,5000,114,112,0.991304347826087
246.tiff,canine lymphosarcoma,1,tm_score@current,score,True,1.0,True,False,115,123,16653,0.9419,123,2,0.0,1.0,30.222,153.0,606.0,1865.0,4117.0,7016.0,12144.0,tm_score,current,1.0,25,25,19,4,0.16521739130434782
246.tiff,canine lymphosarcoma,1,tm_score@current,score,True,1.0,True,False,115,123,16653,0.9419,123,2,0.0,1.0,30.222,153.0,606.0,1865.0,4117.0,7016.0,12144.0,tm_score,current,1.0,50,50,31,5,0.26956521739130435
246.tiff,canine lymphosarcoma,1,tm_score@current,score,True,1.0,True,False,115,123,16653,0.9419,123,2,0.0,1.0,30.222,153.0,606.0,1865.0,4117.0,7016.0,12144.0,tm_score,current,1.0,100,100,49,9,0.4260869565217391
246.tiff,canine lymphosarcoma,1,tm_score@current,score,True,1.0,True,False,115,123,16653,0.9419,123,2,0.0,1.0,30.222,153.0,606.0,1865.0,4117.0,7016.0,12144.0,tm_score,current,1.0,250,250,71,32,0.6173913043478261
246.tiff,canine lymphosarcoma,1,tm_score@current,score,True,1.0,True,False,115,123,16653,0.9419,123,2,0.0,1.0,30.222,153.0,606.0,1865.0,4117.0,7016.0,12144.0,tm_score,current,1.0,500,500,87,55,0.7565217391304347
246.tiff,canine lymphosarcoma,1,tm_score@current,score,True,1.0,True,False,115,123,16653,0.9419,123,2,0.0,1.0,30.222,153.0,606.0,1865.0,4117.0,7016.0,12144.0,tm_score,current,1.0,1000,1000,96,78,0.8347826086956521
246.tiff,canine lymphosarcoma,1,tm_score@current,score,True,1.0,True,False,115,123,16653,0.9419,123,2,0.0,1.0,30.222,153.0,606.0,1865.0,4117.0,7016.0,12144.0,tm_score,current,1.0,2000,2000,104,93,0.9043478260869565
246.tiff,canine lymphosarcoma,1,tm_score@current,score,True,1.0,True,False,115,123,16653,0.9419,123,2,0.0,1.0,30.222,153.0,606.0,1865.0,4117.0,7016.0,12144.0,tm_score,current,1.0,5000,5000,111,110,0.9652173913043478
246.tiff,canine lymphosarcoma,1,chromatin_od@current,od,True,1.0,True,False,115,123,16653,0.9419,123,2,0.0,1.0,30.222,130.0,585.0,1330.0,2090.0,5476.0,5757.0,chromatin_od,current,1.0,25,25,23,0,0.2
246.tiff,canine lymphosarcoma,1,chromatin_od@current,od,True,1.0,True,False,115,123,16653,0.9419,123,2,0.0,1.0,30.222,130.0,585.0,1330.0,2090.0,5476.0,5757.0,chromatin_od,current,1.0,50,50,31,4,0.26956521739130435
246.tiff,canine lymphosarcoma,1,chromatin_od@current,od,True,1.0,True,False,115,123,16653,0.9419,123,2,0.0,1.0,30.222,130.0,585.0,1330.0,2090.0,5476.0,5757.0,chromatin_od,current,1.0,100,100,50,14,0.43478260869565216
246.tiff,canine lymphosarcoma,1,chromatin_od@current,od,True,1.0,True,False,115,123,16653,0.9419,123,2,0.0,1.0,30.222,130.0,585.0,1330.0,2090.0,5476.0,5757.0,chromatin_od,current,1.0,250,250,74,32,0.6434782608695652
246.tiff,canine lymphosarcoma,1,chromatin_od@current,od,True,1.0,True,False,115,123,16653,0.9419,123,2,0.0,1.0,30.222,130.0,585.0,1330.0,2090.0,5476.0,5757.0,chromatin_od,current,1.0,500,500,89,50,0.7739130434782608
246.tiff,canine lymphosarcoma,1,chromatin_od@current,od,True,1.0,True,False,115,123,16653,0.9419,123,2,0.0,1.0,30.222,130.0,585.0,1330.0,2090.0,5476.0,5757.0,chromatin_od,current,1.0,1000,1000,98,65,0.8521739130434782
246.tiff,canine lymphosarcoma,1,chromatin_od@current,od,True,1.0,True,False,115,123,16653,0.9419,123,2,0.0,1.0,30.222,130.0,585.0,1330.0,2090.0,5476.0,5757.0,chromatin_od,current,1.0,2000,2000,108,87,0.9391304347826087
246.tiff,canine lymphosarcoma,1,chromatin_od@current,od,True,1.0,True,False,115,123,16653,0.9419,123,2,0.0,1.0,30.222,130.0,585.0,1330.0,2090.0,5476.0,5757.0,chromatin_od,current,1.0,5000,5000,113,113,0.9826086956521739
246.tiff,canine lymphosarcoma,1,tm_score@global,score,True,0.43783,True,False,115,123,17524,0.9592,123,2,0.0,1.0,30.222,153.0,606.0,1865.0,4117.0,7016.0,12144.0,tm_score,global,0.43783,25,25,19,4,0.16521739130434782
246.tiff,canine lymphosarcoma,1,tm_score@global,score,True,0.43783,True,False,115,123,17524,0.9592,123,2,0.0,1.0,30.222,153.0,606.0,1865.0,4117.0,7016.0,12144.0,tm_score,global,0.43783,50,50,31,5,0.26956521739130435
246.tiff,canine lymphosarcoma,1,tm_score@global,score,True,0.43783,True,False,115,123,17524,0.9592,123,2,0.0,1.0,30.222,153.0,606.0,1865.0,4117.0,7016.0,12144.0,tm_score,global,0.43783,100,100,49,9,0.4260869565217391
246.tiff,canine lymphosarcoma,1,tm_score@global,score,True,0.43783,True,False,115,123,17524,0.9592,123,2,0.0,1.0,30.222,153.0,606.0,1865.0,4117.0,7016.0,12144.0,tm_score,global,0.43783,250,250,71,32,0.6173913043478261
246.tiff,canine lymphosarcoma,1,tm_score@global,score,True,0.43783,True,False,115,123,17524,0.9592,123,2,0.0,1.0,30.222,153.0,606.0,1865.0,4117.0,7016.0,12144.0,tm_score,global,0.43783,500,500,87,55,0.7565217391304347
246.tiff,canine lymphosarcoma,1,tm_score@global,score,True,0.43783,True,False,115,123,17524,0.9592,123,2,0.0,1.0,30.222,153.0,606.0,1865.0,4117.0,7016.0,12144.0,tm_score,global,0.43783,1000,1000,96,78,0.8347826086956521
246.tiff,canine lymphosarcoma,1,tm_score@global,score,True,0.43783,True,False,115,123,17524,0.9592,123,2,0.0,1.0,30.222,153.0,606.0,1865.0,4117.0,7016.0,12144.0,tm_score,global,0.43783,2000,2000,104,93,0.9043478260869565
246.tiff,canine lymphosarcoma,1,tm_score@global,score,True,0.43783,True,False,115,123,17524,0.9592,123,2,0.0,1.0,30.222,153.0,606.0,1865.0,4117.0,7016.0,12144.0,tm_score,global,0.43783,5000,5000,111,110,0.9652173913043478
246.tiff,canine lymphosarcoma,1,chromatin_od@global,od,True,0.43783,True,False,115,123,17524,0.9592,123,2,0.0,1.0,30.222,130.0,590.0,1340.0,2106.0,5553.0,5841.0,chromatin_od,global,0.43783,25,25,23,0,0.2
246.tiff,canine lymphosarcoma,1,chromatin_od@global,od,True,0.43783,True,False,115,123,17524,0.9592,123,2,0.0,1.0,30.222,130.0,590.0,1340.0,2106.0,5553.0,5841.0,chromatin_od,global,0.43783,50,50,31,4,0.26956521739130435
246.tiff,canine lymphosarcoma,1,chromatin_od@global,od,True,0.43783,True,False,115,123,17524,0.9592,123,2,0.0,1.0,30.222,130.0,590.0,1340.0,2106.0,5553.0,5841.0,chromatin_od,global,0.43783,100,100,50,14,0.43478260869565216
246.tiff,canine lymphosarcoma,1,chromatin_od@global,od,True,0.43783,True,False,115,123,17524,0.9592,123,2,0.0,1.0,30.222,130.0,590.0,1340.0,2106.0,5553.0,5841.0,chromatin_od,global,0.43783,250,250,74,32,0.6434782608695652
246.tiff,canine lymphosarcoma,1,chromatin_od@global,od,True,0.43783,True,False,115,123,17524,0.9592,123,2,0.0,1.0,30.222,130.0,590.0,1340.0,2106.0,5553.0,5841.0,chromatin_od,global,0.43783,500,500,89,50,0.7739130434782608
246.tiff,canine lymphosarcoma,1,chromatin_od@global,od,True,0.43783,True,False,115,123,17524,0.9592,123,2,0.0,1.0,30.222,130.0,590.0,1340.0,2106.0,5553.0,5841.0,chromatin_od,global,0.43783,1000,1000,98,65,0.8521739130434782
246.tiff,canine lymphosarcoma,1,chromatin_od@global,od,True,0.43783,True,False,115,123,17524,0.9592,123,2,0.0,1.0,30.222,130.0,590.0,1340.0,2106.0,5553.0,5841.0,chromatin_od,global,0.43783,2000,2000,108,87,0.9391304347826087
246.tiff,canine lymphosarcoma,1,chromatin_od@global,od,True,0.43783,True,False,115,123,17524,0.9592,123,2,0.0,1.0,30.222,130.0,590.0,1340.0,2106.0,5553.0,5841.0,chromatin_od,global,0.43783,5000,5000,113,113,0.9826086956521739
246.tiff,canine lymphosarcoma,1,tm_score@domain,score,True,1.89154,True,False,115,123,12144,0.7947,122,2,0.0,1.0,30.222,153.0,606.0,1865.0,4117.0,7016.0,12144.0,tm_score,domain,1.89154,25,25,19,4,0.16521739130434782
246.tiff,canine lymphosarcoma,1,tm_score@domain,score,True,1.89154,True,False,115,123,12144,0.7947,122,2,0.0,1.0,30.222,153.0,606.0,1865.0,4117.0,7016.0,12144.0,tm_score,domain,1.89154,50,50,31,5,0.26956521739130435
246.tiff,canine lymphosarcoma,1,tm_score@domain,score,True,1.89154,True,False,115,123,12144,0.7947,122,2,0.0,1.0,30.222,153.0,606.0,1865.0,4117.0,7016.0,12144.0,tm_score,domain,1.89154,100,100,49,9,0.4260869565217391
246.tiff,canine lymphosarcoma,1,tm_score@domain,score,True,1.89154,True,False,115,123,12144,0.7947,122,2,0.0,1.0,30.222,153.0,606.0,1865.0,4117.0,7016.0,12144.0,tm_score,domain,1.89154,250,250,71,32,0.6173913043478261
246.tiff,canine lymphosarcoma,1,tm_score@domain,score,True,1.89154,True,False,115,123,12144,0.7947,122,2,0.0,1.0,30.222,153.0,606.0,1865.0,4117.0,7016.0,12144.0,tm_score,domain,1.89154,500,500,87,55,0.7565217391304347
246.tiff,canine lymphosarcoma,1,tm_score@domain,score,True,1.89154,True,False,115,123,12144,0.7947,122,2,0.0,1.0,30.222,153.0,606.0,1865.0,4117.0,7016.0,12144.0,tm_score,domain,1.89154,1000,1000,96,78,0.8347826086956521
246.tiff,canine lymphosarcoma,1,tm_score@domain,score,True,1.89154,True,False,115,123,12144,0.7947,122,2,0.0,1.0,30.222,153.0,606.0,1865.0,4117.0,7016.0,12144.0,tm_score,domain,1.89154,2000,2000,104,93,0.9043478260869565
246.tiff,canine lymphosarcoma,1,tm_score@domain,score,True,1.89154,True,False,115,123,12144,0.7947,122,2,0.0,1.0,30.222,153.0,606.0,1865.0,4117.0,7016.0,12144.0,tm_score,domain,1.89154,5000,5000,111,110,0.9652173913043478
246.tiff,canine lymphosarcoma,1,chromatin_od@domain,od,True,1.89154,True,False,115,123,12144,0.7947,122,2,0.0,1.0,30.222,130.0,570.0,1273.0,1984.0,4880.0,5105.0,chromatin_od,domain,1.89154,25,25,23,0,0.2
246.tiff,canine lymphosarcoma,1,chromatin_od@domain,od,True,1.89154,True,False,115,123,12144,0.7947,122,2,0.0,1.0,30.222,130.0,570.0,1273.0,1984.0,4880.0,5105.0,chromatin_od,domain,1.89154,50,50,31,4,0.26956521739130435
246.tiff,canine lymphosarcoma,1,chromatin_od@domain,od,True,1.89154,True,False,115,123,12144,0.7947,122,2,0.0,1.0,30.222,130.0,570.0,1273.0,1984.0,4880.0,5105.0,chromatin_od,domain,1.89154,100,100,50,14,0.43478260869565216
246.tiff,canine lymphosarcoma,1,chromatin_od@domain,od,True,1.89154,True,False,115,123,12144,0.7947,122,2,0.0,1.0,30.222,130.0,570.0,1273.0,1984.0,4880.0,5105.0,chromatin_od,domain,1.89154,250,250,74,32,0.6434782608695652
246.tiff,canine lymphosarcoma,1,chromatin_od@domain,od,True,1.89154,True,False,115,123,12144,0.7947,122,2,0.0,1.0,30.222,130.0,570.0,1273.0,1984.0,4880.0,5105.0,chromatin_od,domain,1.89154,500,500,89,50,0.7739130434782608
246.tiff,canine lymphosarcoma,1,chromatin_od@domain,od,True,1.89154,True,False,115,123,12144,0.7947,122,2,0.0,1.0,30.222,130.0,570.0,1273.0,1984.0,4880.0,5105.0,chromatin_od,domain,1.89154,1000,1000,101,68,0.8782608695652174
246.tiff,canine lymphosarcoma,1,chromatin_od@domain,od,True,1.89154,True,False,115,123,12144,0.7947,122,2,0.0,1.0,30.222,130.0,570.0,1273.0,1984.0,4880.0,5105.0,chromatin_od,domain,1.89154,2000,2000,110,87,0.9565217391304348
246.tiff,canine lymphosarcoma,1,chromatin_od@domain,od,True,1.89154,True,False,115,123,12144,0.7947,122,2,0.0,1.0,30.222,130.0,570.0,1273.0,1984.0,4880.0,5105.0,chromatin_od,domain,1.89154,5000,5000,114,113,0.991304347826087
246.tiff,canine lymphosarcoma,2,tm_score@current,score,True,1.0,True,False,115,123,16354,0.9347,120,2,0.0,0.9826086956521739,30.222,123.0,526.0,1525.0,2741.0,,,tm_score,current,1.0,25,25,23,0,0.2
246.tiff,canine lymphosarcoma,2,tm_score@current,score,True,1.0,True,False,115,123,16354,0.9347,120,2,0.0,0.9826086956521739,30.222,123.0,526.0,1525.0,2741.0,,,tm_score,current,1.0,50,50,36,5,0.3130434782608696
246.tiff,canine lymphosarcoma,2,tm_score@current,score,True,1.0,True,False,115,123,16354,0.9347,120,2,0.0,0.9826086956521739,30.222,123.0,526.0,1525.0,2741.0,,,tm_score,current,1.0,100,100,49,15,0.4260869565217391
246.tiff,canine lymphosarcoma,2,tm_score@current,score,True,1.0,True,False,115,123,16354,0.9347,120,2,0.0,0.9826086956521739,30.222,123.0,526.0,1525.0,2741.0,,,tm_score,current,1.0,250,250,75,33,0.6521739130434783
246.tiff,canine lymphosarcoma,2,tm_score@current,score,True,1.0,True,False,115,123,16354,0.9347,120,2,0.0,0.9826086956521739,30.222,123.0,526.0,1525.0,2741.0,,,tm_score,current,1.0,500,500,89,55,0.7739130434782608
246.tiff,canine lymphosarcoma,2,tm_score@current,score,True,1.0,True,False,115,123,16354,0.9347,120,2,0.0,0.9826086956521739,30.222,123.0,526.0,1525.0,2741.0,,,tm_score,current,1.0,1000,1000,100,70,0.8695652173913043
246.tiff,canine lymphosarcoma,2,tm_score@current,score,True,1.0,True,False,115,123,16354,0.9347,120,2,0.0,0.9826086956521739,30.222,123.0,526.0,1525.0,2741.0,,,tm_score,current,1.0,2000,2000,108,91,0.9391304347826087
246.tiff,canine lymphosarcoma,2,tm_score@current,score,True,1.0,True,False,115,123,16354,0.9347,120,2,0.0,0.9826086956521739,30.222,123.0,526.0,1525.0,2741.0,,,tm_score,current,1.0,5000,5000,110,108,0.9565217391304348
246.tiff,canine lymphosarcoma,2,chromatin_od@current,od,True,1.0,True,False,115,123,16354,0.9347,120,2,0.0,0.9826086956521739,30.222,118.0,717.0,1444.0,2420.0,,,chromatin_od,current,1.0,25,25,21,0,0.1826086956521739
246.tiff,canine lymphosarcoma,2,chromatin_od@current,od,True,1.0,True,False,115,123,16354,0.9347,120,2,0.0,0.9826086956521739,30.222,118.0,717.0,1444.0,2420.0,,,chromatin_od,current,1.0,50,50,33,4,0.28695652173913044
246.tiff,canine lymphosarcoma,2,chromatin_od@current,od,True,1.0,True,False,115,123,16354,0.9347,120,2,0.0,0.9826086956521739,30.222,118.0,717.0,1444.0,2420.0,,,chromatin_od,current,1.0,100,100,53,13,0.4608695652173913
246.tiff,canine lymphosarcoma,2,chromatin_od@current,od,True,1.0,True,False,115,123,16354,0.9347,120,2,0.0,0.9826086956521739,30.222,118.0,717.0,1444.0,2420.0,,,chromatin_od,current,1.0,250,250,76,30,0.6608695652173913
246.tiff,canine lymphosarcoma,2,chromatin_od@current,od,True,1.0,True,False,115,123,16354,0.9347,120,2,0.0,0.9826086956521739,30.222,118.0,717.0,1444.0,2420.0,,,chromatin_od,current,1.0,500,500,88,47,0.7652173913043478
246.tiff,canine lymphosarcoma,2,chromatin_od@current,od,True,1.0,True,False,115,123,16354,0.9347,120,2,0.0,0.9826086956521739,30.222,118.0,717.0,1444.0,2420.0,,,chromatin_od,current,1.0,1000,1000,97,65,0.8434782608695652
246.tiff,canine lymphosarcoma,2,chromatin_od@current,od,True,1.0,True,False,115,123,16354,0.9347,120,2,0.0,0.9826086956521739,30.222,118.0,717.0,1444.0,2420.0,,,chromatin_od,current,1.0,2000,2000,107,83,0.9304347826086956
246.tiff,canine lymphosarcoma,2,chromatin_od@current,od,True,1.0,True,False,115,123,16354,0.9347,120,2,0.0,0.9826086956521739,30.222,118.0,717.0,1444.0,2420.0,,,chromatin_od,current,1.0,5000,5000,112,110,0.9739130434782609
246.tiff,canine lymphosarcoma,2,tm_score@global,score,True,0.43783,True,False,115,123,17307,0.9545,121,2,0.0,0.9826086956521739,30.222,123.0,526.0,1525.0,2741.0,,,tm_score,global,0.43783,25,25,23,0,0.2
246.tiff,canine lymphosarcoma,2,tm_score@global,score,True,0.43783,True,False,115,123,17307,0.9545,121,2,0.0,0.9826086956521739,30.222,123.0,526.0,1525.0,2741.0,,,tm_score,global,0.43783,50,50,36,5,0.3130434782608696
246.tiff,canine lymphosarcoma,2,tm_score@global,score,True,0.43783,True,False,115,123,17307,0.9545,121,2,0.0,0.9826086956521739,30.222,123.0,526.0,1525.0,2741.0,,,tm_score,global,0.43783,100,100,49,15,0.4260869565217391
246.tiff,canine lymphosarcoma,2,tm_score@global,score,True,0.43783,True,False,115,123,17307,0.9545,121,2,0.0,0.9826086956521739,30.222,123.0,526.0,1525.0,2741.0,,,tm_score,global,0.43783,250,250,75,33,0.6521739130434783
246.tiff,canine lymphosarcoma,2,tm_score@global,score,True,0.43783,True,False,115,123,17307,0.9545,121,2,0.0,0.9826086956521739,30.222,123.0,526.0,1525.0,2741.0,,,tm_score,global,0.43783,500,500,89,55,0.7739130434782608
246.tiff,canine lymphosarcoma,2,tm_score@global,score,True,0.43783,True,False,115,123,17307,0.9545,121,2,0.0,0.9826086956521739,30.222,123.0,526.0,1525.0,2741.0,,,tm_score,global,0.43783,1000,1000,100,70,0.8695652173913043
246.tiff,canine lymphosarcoma,2,tm_score@global,score,True,0.43783,True,False,115,123,17307,0.9545,121,2,0.0,0.9826086956521739,30.222,123.0,526.0,1525.0,2741.0,,,tm_score,global,0.43783,2000,2000,108,91,0.9391304347826087
246.tiff,canine lymphosarcoma,2,tm_score@global,score,True,0.43783,True,False,115,123,17307,0.9545,121,2,0.0,0.9826086956521739,30.222,123.0,526.0,1525.0,2741.0,,,tm_score,global,0.43783,5000,5000,110,108,0.9565217391304348
246.tiff,canine lymphosarcoma,2,chromatin_od@global,od,True,0.43783,True,False,115,123,17307,0.9545,121,2,0.0,0.9826086956521739,30.222,118.0,719.0,1451.0,2442.0,,,chromatin_od,global,0.43783,25,25,21,0,0.1826086956521739
246.tiff,canine lymphosarcoma,2,chromatin_od@global,od,True,0.43783,True,False,115,123,17307,0.9545,121,2,0.0,0.9826086956521739,30.222,118.0,719.0,1451.0,2442.0,,,chromatin_od,global,0.43783,50,50,33,4,0.28695652173913044
246.tiff,canine lymphosarcoma,2,chromatin_od@global,od,True,0.43783,True,False,115,123,17307,0.9545,121,2,0.0,0.9826086956521739,30.222,118.0,719.0,1451.0,2442.0,,,chromatin_od,global,0.43783,100,100,53,13,0.4608695652173913
246.tiff,canine lymphosarcoma,2,chromatin_od@global,od,True,0.43783,True,False,115,123,17307,0.9545,121,2,0.0,0.9826086956521739,30.222,118.0,719.0,1451.0,2442.0,,,chromatin_od,global,0.43783,250,250,76,30,0.6608695652173913
246.tiff,canine lymphosarcoma,2,chromatin_od@global,od,True,0.43783,True,False,115,123,17307,0.9545,121,2,0.0,0.9826086956521739,30.222,118.0,719.0,1451.0,2442.0,,,chromatin_od,global,0.43783,500,500,88,47,0.7652173913043478
246.tiff,canine lymphosarcoma,2,chromatin_od@global,od,True,0.43783,True,False,115,123,17307,0.9545,121,2,0.0,0.9826086956521739,30.222,118.0,719.0,1451.0,2442.0,,,chromatin_od,global,0.43783,1000,1000,97,65,0.8434782608695652
246.tiff,canine lymphosarcoma,2,chromatin_od@global,od,True,0.43783,True,False,115,123,17307,0.9545,121,2,0.0,0.9826086956521739,30.222,118.0,719.0,1451.0,2442.0,,,chromatin_od,global,0.43783,2000,2000,107,84,0.9304347826086956
246.tiff,canine lymphosarcoma,2,chromatin_od@global,od,True,0.43783,True,False,115,123,17307,0.9545,121,2,0.0,0.9826086956521739,30.222,118.0,719.0,1451.0,2442.0,,,chromatin_od,global,0.43783,5000,5000,112,110,0.9739130434782609
246.tiff,canine lymphosarcoma,2,tm_score@domain,score,True,1.89154,True,False,115,123,11233,0.7529,117,2,0.0,0.9826086956521739,30.222,123.0,526.0,1525.0,2741.0,,,tm_score,domain,1.89154,25,25,23,0,0.2
246.tiff,canine lymphosarcoma,2,tm_score@domain,score,True,1.89154,True,False,115,123,11233,0.7529,117,2,0.0,0.9826086956521739,30.222,123.0,526.0,1525.0,2741.0,,,tm_score,domain,1.89154,50,50,36,5,0.3130434782608696
246.tiff,canine lymphosarcoma,2,tm_score@domain,score,True,1.89154,True,False,115,123,11233,0.7529,117,2,0.0,0.9826086956521739,30.222,123.0,526.0,1525.0,2741.0,,,tm_score,domain,1.89154,100,100,49,15,0.4260869565217391
246.tiff,canine lymphosarcoma,2,tm_score@domain,score,True,1.89154,True,False,115,123,11233,0.7529,117,2,0.0,0.9826086956521739,30.222,123.0,526.0,1525.0,2741.0,,,tm_score,domain,1.89154,250,250,75,33,0.6521739130434783
246.tiff,canine lymphosarcoma,2,tm_score@domain,score,True,1.89154,True,False,115,123,11233,0.7529,117,2,0.0,0.9826086956521739,30.222,123.0,526.0,1525.0,2741.0,,,tm_score,domain,1.89154,500,500,89,55,0.7739130434782608
246.tiff,canine lymphosarcoma,2,tm_score@domain,score,True,1.89154,True,False,115,123,11233,0.7529,117,2,0.0,0.9826086956521739,30.222,123.0,526.0,1525.0,2741.0,,,tm_score,domain,1.89154,1000,1000,100,70,0.8695652173913043
246.tiff,canine lymphosarcoma,2,tm_score@domain,score,True,1.89154,True,False,115,123,11233,0.7529,117,2,0.0,0.9826086956521739,30.222,123.0,526.0,1525.0,2741.0,,,tm_score,domain,1.89154,2000,2000,108,91,0.9391304347826087
246.tiff,canine lymphosarcoma,2,tm_score@domain,score,True,1.89154,True,False,115,123,11233,0.7529,117,2,0.0,0.9826086956521739,30.222,123.0,526.0,1525.0,2741.0,,,tm_score,domain,1.89154,5000,5000,110,108,0.9565217391304348
246.tiff,canine lymphosarcoma,2,chromatin_od@domain,od,True,1.89154,True,False,115,123,11233,0.7529,117,2,0.0,0.9826086956521739,30.222,117.0,686.0,1358.0,2211.0,,,chromatin_od,domain,1.89154,25,25,21,0,0.1826086956521739
246.tiff,canine lymphosarcoma,2,chromatin_od@domain,od,True,1.89154,True,False,115,123,11233,0.7529,117,2,0.0,0.9826086956521739,30.222,117.0,686.0,1358.0,2211.0,,,chromatin_od,domain,1.89154,50,50,33,4,0.28695652173913044
246.tiff,canine lymphosarcoma,2,chromatin_od@domain,od,True,1.89154,True,False,115,123,11233,0.7529,117,2,0.0,0.9826086956521739,30.222,117.0,686.0,1358.0,2211.0,,,chromatin_od,domain,1.89154,100,100,53,13,0.4608695652173913
246.tiff,canine lymphosarcoma,2,chromatin_od@domain,od,True,1.89154,True,False,115,123,11233,0.7529,117,2,0.0,0.9826086956521739,30.222,117.0,686.0,1358.0,2211.0,,,chromatin_od,domain,1.89154,250,250,77,30,0.6695652173913044
246.tiff,canine lymphosarcoma,2,chromatin_od@domain,od,True,1.89154,True,False,115,123,11233,0.7529,117,2,0.0,0.9826086956521739,30.222,117.0,686.0,1358.0,2211.0,,,chromatin_od,domain,1.89154,500,500,88,46,0.7652173913043478
246.tiff,canine lymphosarcoma,2,chromatin_od@domain,od,True,1.89154,True,False,115,123,11233,0.7529,117,2,0.0,0.9826086956521739,30.222,117.0,686.0,1358.0,2211.0,,,chromatin_od,domain,1.89154,1000,1000,98,64,0.8521739130434782
246.tiff,canine lymphosarcoma,2,chromatin_od@domain,od,True,1.89154,True,False,115,123,11233,0.7529,117,2,0.0,0.9826086956521739,30.222,117.0,686.0,1358.0,2211.0,,,chromatin_od,domain,1.89154,2000,2000,109,87,0.9478260869565217
246.tiff,canine lymphosarcoma,2,chromatin_od@domain,od,True,1.89154,True,False,115,123,11233,0.7529,117,2,0.0,0.9826086956521739,30.222,117.0,686.0,1358.0,2211.0,,,chromatin_od,domain,1.89154,5000,5000,112,112,0.9739130434782609
246.tiff,canine lymphosarcoma,3,tm_score@current,score,True,1.0,True,False,115,123,17637,0.9539,123,2,0.0,1.0,30.222,124.0,878.0,2046.0,3390.0,6311.0,6409.0,tm_score,current,1.0,25,25,23,2,0.2
246.tiff,canine lymphosarcoma,3,tm_score@current,score,True,1.0,True,False,115,123,17637,0.9539,123,2,0.0,1.0,30.222,124.0,878.0,2046.0,3390.0,6311.0,6409.0,tm_score,current,1.0,50,50,36,4,0.3130434782608696
246.tiff,canine lymphosarcoma,3,tm_score@current,score,True,1.0,True,False,115,123,17637,0.9539,123,2,0.0,1.0,30.222,124.0,878.0,2046.0,3390.0,6311.0,6409.0,tm_score,current,1.0,100,100,52,13,0.45217391304347826
246.tiff,canine lymphosarcoma,3,tm_score@current,score,True,1.0,True,False,115,123,17637,0.9539,123,2,0.0,1.0,30.222,124.0,878.0,2046.0,3390.0,6311.0,6409.0,tm_score,current,1.0,250,250,71,27,0.6173913043478261
246.tiff,canine lymphosarcoma,3,tm_score@current,score,True,1.0,True,False,115,123,17637,0.9539,123,2,0.0,1.0,30.222,124.0,878.0,2046.0,3390.0,6311.0,6409.0,tm_score,current,1.0,500,500,85,47,0.7391304347826086
246.tiff,canine lymphosarcoma,3,tm_score@current,score,True,1.0,True,False,115,123,17637,0.9539,123,2,0.0,1.0,30.222,124.0,878.0,2046.0,3390.0,6311.0,6409.0,tm_score,current,1.0,1000,1000,93,64,0.808695652173913
246.tiff,canine lymphosarcoma,3,tm_score@current,score,True,1.0,True,False,115,123,17637,0.9539,123,2,0.0,1.0,30.222,124.0,878.0,2046.0,3390.0,6311.0,6409.0,tm_score,current,1.0,2000,2000,101,85,0.8782608695652174
246.tiff,canine lymphosarcoma,3,tm_score@current,score,True,1.0,True,False,115,123,17637,0.9539,123,2,0.0,1.0,30.222,124.0,878.0,2046.0,3390.0,6311.0,6409.0,tm_score,current,1.0,5000,5000,112,103,0.9739130434782609
246.tiff,canine lymphosarcoma,3,chromatin_od@current,od,True,1.0,True,False,115,123,17637,0.9539,123,2,0.0,1.0,30.222,122.0,708.0,1634.0,2799.0,5053.0,5644.0,chromatin_od,current,1.0,25,25,21,0,0.1826086956521739
246.tiff,canine lymphosarcoma,3,chromatin_od@current,od,True,1.0,True,False,115,123,17637,0.9539,123,2,0.0,1.0,30.222,122.0,708.0,1634.0,2799.0,5053.0,5644.0,chromatin_od,current,1.0,50,50,31,4,0.26956521739130435
246.tiff,canine lymphosarcoma,3,chromatin_od@current,od,True,1.0,True,False,115,123,17637,0.9539,123,2,0.0,1.0,30.222,122.0,708.0,1634.0,2799.0,5053.0,5644.0,chromatin_od,current,1.0,100,100,51,14,0.4434782608695652
246.tiff,canine lymphosarcoma,3,chromatin_od@current,od,True,1.0,True,False,115,123,17637,0.9539,123,2,0.0,1.0,30.222,122.0,708.0,1634.0,2799.0,5053.0,5644.0,chromatin_od,current,1.0,250,250,75,25,0.6521739130434783
246.tiff,canine lymphosarcoma,3,chromatin_od@current,od,True,1.0,True,False,115,123,17637,0.9539,123,2,0.0,1.0,30.222,122.0,708.0,1634.0,2799.0,5053.0,5644.0,chromatin_od,current,1.0,500,500,86,49,0.7478260869565218
246.tiff,canine lymphosarcoma,3,chromatin_od@current,od,True,1.0,True,False,115,123,17637,0.9539,123,2,0.0,1.0,30.222,122.0,708.0,1634.0,2799.0,5053.0,5644.0,chromatin_od,current,1.0,1000,1000,97,63,0.8434782608695652
246.tiff,canine lymphosarcoma,3,chromatin_od@current,od,True,1.0,True,False,115,123,17637,0.9539,123,2,0.0,1.0,30.222,122.0,708.0,1634.0,2799.0,5053.0,5644.0,chromatin_od,current,1.0,2000,2000,104,84,0.9043478260869565
246.tiff,canine lymphosarcoma,3,chromatin_od@current,od,True,1.0,True,False,115,123,17637,0.9539,123,2,0.0,1.0,30.222,122.0,708.0,1634.0,2799.0,5053.0,5644.0,chromatin_od,current,1.0,5000,5000,113,111,0.9826086956521739
246.tiff,canine lymphosarcoma,3,tm_score@global,score,True,0.43783,True,False,115,123,18348,0.9656,123,2,0.0,1.0,30.222,124.0,878.0,2046.0,3390.0,6311.0,6409.0,tm_score,global,0.43783,25,25,23,2,0.2
246.tiff,canine lymphosarcoma,3,tm_score@global,score,True,0.43783,True,False,115,123,18348,0.9656,123,2,0.0,1.0,30.222,124.0,878.0,2046.0,3390.0,6311.0,6409.0,tm_score,global,0.43783,50,50,36,4,0.3130434782608696
246.tiff,canine lymphosarcoma,3,tm_score@global,score,True,0.43783,True,False,115,123,18348,0.9656,123,2,0.0,1.0,30.222,124.0,878.0,2046.0,3390.0,6311.0,6409.0,tm_score,global,0.43783,100,100,52,13,0.45217391304347826
246.tiff,canine lymphosarcoma,3,tm_score@global,score,True,0.43783,True,False,115,123,18348,0.9656,123,2,0.0,1.0,30.222,124.0,878.0,2046.0,3390.0,6311.0,6409.0,tm_score,global,0.43783,250,250,71,27,0.6173913043478261
246.tiff,canine lymphosarcoma,3,tm_score@global,score,True,0.43783,True,False,115,123,18348,0.9656,123,2,0.0,1.0,30.222,124.0,878.0,2046.0,3390.0,6311.0,6409.0,tm_score,global,0.43783,500,500,85,47,0.7391304347826086
246.tiff,canine lymphosarcoma,3,tm_score@global,score,True,0.43783,True,False,115,123,18348,0.9656,123,2,0.0,1.0,30.222,124.0,878.0,2046.0,3390.0,6311.0,6409.0,tm_score,global,0.43783,1000,1000,93,64,0.808695652173913
246.tiff,canine lymphosarcoma,3,tm_score@global,score,True,0.43783,True,False,115,123,18348,0.9656,123,2,0.0,1.0,30.222,124.0,878.0,2046.0,3390.0,6311.0,6409.0,tm_score,global,0.43783,2000,2000,101,85,0.8782608695652174
246.tiff,canine lymphosarcoma,3,tm_score@global,score,True,0.43783,True,False,115,123,18348,0.9656,123,2,0.0,1.0,30.222,124.0,878.0,2046.0,3390.0,6311.0,6409.0,tm_score,global,0.43783,5000,5000,112,103,0.9739130434782609
246.tiff,canine lymphosarcoma,3,chromatin_od@global,od,True,0.43783,True,False,115,123,18348,0.9656,123,2,0.0,1.0,30.222,122.0,710.0,1639.0,2814.0,5099.0,5708.0,chromatin_od,global,0.43783,25,25,21,0,0.1826086956521739
246.tiff,canine lymphosarcoma,3,chromatin_od@global,od,True,0.43783,True,False,115,123,18348,0.9656,123,2,0.0,1.0,30.222,122.0,710.0,1639.0,2814.0,5099.0,5708.0,chromatin_od,global,0.43783,50,50,31,4,0.26956521739130435
246.tiff,canine lymphosarcoma,3,chromatin_od@global,od,True,0.43783,True,False,115,123,18348,0.9656,123,2,0.0,1.0,30.222,122.0,710.0,1639.0,2814.0,5099.0,5708.0,chromatin_od,global,0.43783,100,100,51,14,0.4434782608695652
246.tiff,canine lymphosarcoma,3,chromatin_od@global,od,True,0.43783,True,False,115,123,18348,0.9656,123,2,0.0,1.0,30.222,122.0,710.0,1639.0,2814.0,5099.0,5708.0,chromatin_od,global,0.43783,250,250,75,25,0.6521739130434783
246.tiff,canine lymphosarcoma,3,chromatin_od@global,od,True,0.43783,True,False,115,123,18348,0.9656,123,2,0.0,1.0,30.222,122.0,710.0,1639.0,2814.0,5099.0,5708.0,chromatin_od,global,0.43783,500,500,86,49,0.7478260869565218
246.tiff,canine lymphosarcoma,3,chromatin_od@global,od,True,0.43783,True,False,115,123,18348,0.9656,123,2,0.0,1.0,30.222,122.0,710.0,1639.0,2814.0,5099.0,5708.0,chromatin_od,global,0.43783,1000,1000,97,63,0.8434782608695652
246.tiff,canine lymphosarcoma,3,chromatin_od@global,od,True,0.43783,True,False,115,123,18348,0.9656,123,2,0.0,1.0,30.222,122.0,710.0,1639.0,2814.0,5099.0,5708.0,chromatin_od,global,0.43783,2000,2000,104,84,0.9043478260869565
246.tiff,canine lymphosarcoma,3,chromatin_od@global,od,True,0.43783,True,False,115,123,18348,0.9656,123,2,0.0,1.0,30.222,122.0,710.0,1639.0,2814.0,5099.0,5708.0,chromatin_od,global,0.43783,5000,5000,113,111,0.9826086956521739
246.tiff,canine lymphosarcoma,3,tm_score@domain,score,True,1.89154,True,False,115,123,13706,0.8406,121,2,0.0,1.0,30.222,124.0,878.0,2046.0,3390.0,6311.0,6409.0,tm_score,domain,1.89154,25,25,23,2,0.2
246.tiff,canine lymphosarcoma,3,tm_score@domain,score,True,1.89154,True,False,115,123,13706,0.8406,121,2,0.0,1.0,30.222,124.0,878.0,2046.0,3390.0,6311.0,6409.0,tm_score,domain,1.89154,50,50,36,4,0.3130434782608696
246.tiff,canine lymphosarcoma,3,tm_score@domain,score,True,1.89154,True,False,115,123,13706,0.8406,121,2,0.0,1.0,30.222,124.0,878.0,2046.0,3390.0,6311.0,6409.0,tm_score,domain,1.89154,100,100,52,13,0.45217391304347826
246.tiff,canine lymphosarcoma,3,tm_score@domain,score,True,1.89154,True,False,115,123,13706,0.8406,121,2,0.0,1.0,30.222,124.0,878.0,2046.0,3390.0,6311.0,6409.0,tm_score,domain,1.89154,250,250,71,27,0.6173913043478261
246.tiff,canine lymphosarcoma,3,tm_score@domain,score,True,1.89154,True,False,115,123,13706,0.8406,121,2,0.0,1.0,30.222,124.0,878.0,2046.0,3390.0,6311.0,6409.0,tm_score,domain,1.89154,500,500,85,47,0.7391304347826086
246.tiff,canine lymphosarcoma,3,tm_score@domain,score,True,1.89154,True,False,115,123,13706,0.8406,121,2,0.0,1.0,30.222,124.0,878.0,2046.0,3390.0,6311.0,6409.0,tm_score,domain,1.89154,1000,1000,93,64,0.808695652173913
246.tiff,canine lymphosarcoma,3,tm_score@domain,score,True,1.89154,True,False,115,123,13706,0.8406,121,2,0.0,1.0,30.222,124.0,878.0,2046.0,3390.0,6311.0,6409.0,tm_score,domain,1.89154,2000,2000,101,85,0.8782608695652174
246.tiff,canine lymphosarcoma,3,tm_score@domain,score,True,1.89154,True,False,115,123,13706,0.8406,121,2,0.0,1.0,30.222,124.0,878.0,2046.0,3390.0,6311.0,6409.0,tm_score,domain,1.89154,5000,5000,112,103,0.9739130434782609
246.tiff,canine lymphosarcoma,3,chromatin_od@domain,od,True,1.89154,True,False,115,123,13706,0.8406,121,2,0.0,1.0,30.222,122.0,692.0,1568.0,2646.0,4651.0,5167.0,chromatin_od,domain,1.89154,25,25,21,0,0.1826086956521739
246.tiff,canine lymphosarcoma,3,chromatin_od@domain,od,True,1.89154,True,False,115,123,13706,0.8406,121,2,0.0,1.0,30.222,122.0,692.0,1568.0,2646.0,4651.0,5167.0,chromatin_od,domain,1.89154,50,50,31,4,0.26956521739130435
246.tiff,canine lymphosarcoma,3,chromatin_od@domain,od,True,1.89154,True,False,115,123,13706,0.8406,121,2,0.0,1.0,30.222,122.0,692.0,1568.0,2646.0,4651.0,5167.0,chromatin_od,domain,1.89154,100,100,51,14,0.4434782608695652
246.tiff,canine lymphosarcoma,3,chromatin_od@domain,od,True,1.89154,True,False,115,123,13706,0.8406,121,2,0.0,1.0,30.222,122.0,692.0,1568.0,2646.0,4651.0,5167.0,chromatin_od,domain,1.89154,250,250,75,25,0.6521739130434783
246.tiff,canine lymphosarcoma,3,chromatin_od@domain,od,True,1.89154,True,False,115,123,13706,0.8406,121,2,0.0,1.0,30.222,122.0,692.0,1568.0,2646.0,4651.0,5167.0,chromatin_od,domain,1.89154,500,500,86,48,0.7478260869565218
246.tiff,canine lymphosarcoma,3,chromatin_od@domain,od,True,1.89154,True,False,115,123,13706,0.8406,121,2,0.0,1.0,30.222,122.0,692.0,1568.0,2646.0,4651.0,5167.0,chromatin_od,domain,1.89154,1000,1000,98,62,0.8521739130434782
246.tiff,canine lymphosarcoma,3,chromatin_od@domain,od,True,1.89154,True,False,115,123,13706,0.8406,121,2,0.0,1.0,30.222,122.0,692.0,1568.0,2646.0,4651.0,5167.0,chromatin_od,domain,1.89154,2000,2000,105,87,0.9130434782608695
246.tiff,canine lymphosarcoma,3,chromatin_od@domain,od,True,1.89154,True,False,115,123,13706,0.8406,121,2,0.0,1.0,30.222,122.0,692.0,1568.0,2646.0,4651.0,5167.0,chromatin_od,domain,1.89154,5000,5000,114,108,0.991304347826087
246.tiff,canine lymphosarcoma,4,tm_score@current,score,True,1.0,True,False,115,123,16929,0.9469,122,2,0.0,1.0,30.222,157.0,509.0,993.0,2185.0,4259.0,7018.0,tm_score,current,1.0,25,25,22,0,0.19130434782608696
246.tiff,canine lymphosarcoma,4,tm_score@current,score,True,1.0,True,False,115,123,16929,0.9469,122,2,0.0,1.0,30.222,157.0,509.0,993.0,2185.0,4259.0,7018.0,tm_score,current,1.0,50,50,33,6,0.28695652173913044
246.tiff,canine lymphosarcoma,4,tm_score@current,score,True,1.0,True,False,115,123,16929,0.9469,122,2,0.0,1.0,30.222,157.0,509.0,993.0,2185.0,4259.0,7018.0,tm_score,current,1.0,100,100,46,13,0.4
246.tiff,canine lymphosarcoma,4,tm_score@current,score,True,1.0,True,False,115,123,16929,0.9469,122,2,0.0,1.0,30.222,157.0,509.0,993.0,2185.0,4259.0,7018.0,tm_score,current,1.0,250,250,69,31,0.6
246.tiff,canine lymphosarcoma,4,tm_score@current,score,True,1.0,True,False,115,123,16929,0.9469,122,2,0.0,1.0,30.222,157.0,509.0,993.0,2185.0,4259.0,7018.0,tm_score,current,1.0,500,500,88,64,0.7652173913043478
246.tiff,canine lymphosarcoma,4,tm_score@current,score,True,1.0,True,False,115,123,16929,0.9469,122,2,0.0,1.0,30.222,157.0,509.0,993.0,2185.0,4259.0,7018.0,tm_score,current,1.0,1000,1000,104,86,0.9043478260869565
246.tiff,canine lymphosarcoma,4,tm_score@current,score,True,1.0,True,False,115,123,16929,0.9469,122,2,0.0,1.0,30.222,157.0,509.0,993.0,2185.0,4259.0,7018.0,tm_score,current,1.0,2000,2000,109,103,0.9478260869565217
246.tiff,canine lymphosarcoma,4,tm_score@current,score,True,1.0,True,False,115,123,16929,0.9469,122,2,0.0,1.0,30.222,157.0,509.0,993.0,2185.0,4259.0,7018.0,tm_score,current,1.0,5000,5000,114,115,0.991304347826087
246.tiff,canine lymphosarcoma,4,chromatin_od@current,od,True,1.0,True,False,115,123,16929,0.9469,122,2,0.0,1.0,30.222,115.0,542.0,1238.0,2029.0,5403.0,7723.0,chromatin_od,current,1.0,25,25,23,0,0.2
246.tiff,canine lymphosarcoma,4,chromatin_od@current,od,True,1.0,True,False,115,123,16929,0.9469,122,2,0.0,1.0,30.222,115.0,542.0,1238.0,2029.0,5403.0,7723.0,chromatin_od,current,1.0,50,50,32,3,0.2782608695652174
246.tiff,canine lymphosarcoma,4,chromatin_od@current,od,True,1.0,True,False,115,123,16929,0.9469,122,2,0.0,1.0,30.222,115.0,542.0,1238.0,2029.0,5403.0,7723.0,chromatin_od,current,1.0,100,100,54,13,0.46956521739130436
246.tiff,canine lymphosarcoma,4,chromatin_od@current,od,True,1.0,True,False,115,123,16929,0.9469,122,2,0.0,1.0,30.222,115.0,542.0,1238.0,2029.0,5403.0,7723.0,chromatin_od,current,1.0,250,250,76,32,0.6608695652173913
246.tiff,canine lymphosarcoma,4,chromatin_od@current,od,True,1.0,True,False,115,123,16929,0.9469,122,2,0.0,1.0,30.222,115.0,542.0,1238.0,2029.0,5403.0,7723.0,chromatin_od,current,1.0,500,500,89,48,0.7739130434782608
246.tiff,canine lymphosarcoma,4,chromatin_od@current,od,True,1.0,True,False,115,123,16929,0.9469,122,2,0.0,1.0,30.222,115.0,542.0,1238.0,2029.0,5403.0,7723.0,chromatin_od,current,1.0,1000,1000,100,65,0.8695652173913043
246.tiff,canine lymphosarcoma,4,chromatin_od@current,od,True,1.0,True,False,115,123,16929,0.9469,122,2,0.0,1.0,30.222,115.0,542.0,1238.0,2029.0,5403.0,7723.0,chromatin_od,current,1.0,2000,2000,109,87,0.9478260869565217
246.tiff,canine lymphosarcoma,4,chromatin_od@current,od,True,1.0,True,False,115,123,16929,0.9469,122,2,0.0,1.0,30.222,115.0,542.0,1238.0,2029.0,5403.0,7723.0,chromatin_od,current,1.0,5000,5000,113,111,0.9826086956521739
246.tiff,canine lymphosarcoma,4,tm_score@global,score,True,0.43783,True,False,115,123,17625,0.9602,122,2,0.0,1.0,30.222,157.0,509.0,993.0,2185.0,4259.0,7018.0,tm_score,global,0.43783,25,25,22,0,0.19130434782608696
246.tiff,canine lymphosarcoma,4,tm_score@global,score,True,0.43783,True,False,115,123,17625,0.9602,122,2,0.0,1.0,30.222,157.0,509.0,993.0,2185.0,4259.0,7018.0,tm_score,global,0.43783,50,50,33,6,0.28695652173913044
246.tiff,canine lymphosarcoma,4,tm_score@global,score,True,0.43783,True,False,115,123,17625,0.9602,122,2,0.0,1.0,30.222,157.0,509.0,993.0,2185.0,4259.0,7018.0,tm_score,global,0.43783,100,100,46,13,0.4
246.tiff,canine lymphosarcoma,4,tm_score@global,score,True,0.43783,True,False,115,123,17625,0.9602,122,2,0.0,1.0,30.222,157.0,509.0,993.0,2185.0,4259.0,7018.0,tm_score,global,0.43783,250,250,69,31,0.6
246.tiff,canine lymphosarcoma,4,tm_score@global,score,True,0.43783,True,False,115,123,17625,0.9602,122,2,0.0,1.0,30.222,157.0,509.0,993.0,2185.0,4259.0,7018.0,tm_score,global,0.43783,500,500,88,64,0.7652173913043478
246.tiff,canine lymphosarcoma,4,tm_score@global,score,True,0.43783,True,False,115,123,17625,0.9602,122,2,0.0,1.0,30.222,157.0,509.0,993.0,2185.0,4259.0,7018.0,tm_score,global,0.43783,1000,1000,104,86,0.9043478260869565
246.tiff,canine lymphosarcoma,4,tm_score@global,score,True,0.43783,True,False,115,123,17625,0.9602,122,2,0.0,1.0,30.222,157.0,509.0,993.0,2185.0,4259.0,7018.0,tm_score,global,0.43783,2000,2000,109,103,0.9478260869565217
246.tiff,canine lymphosarcoma,4,tm_score@global,score,True,0.43783,True,False,115,123,17625,0.9602,122,2,0.0,1.0,30.222,157.0,509.0,993.0,2185.0,4259.0,7018.0,tm_score,global,0.43783,5000,5000,114,115,0.991304347826087
246.tiff,canine lymphosarcoma,4,chromatin_od@global,od,True,0.43783,True,False,115,123,17625,0.9602,122,2,0.0,1.0,30.222,115.0,547.0,1247.0,2046.0,5474.0,7843.0,chromatin_od,global,0.43783,25,25,23,0,0.2
246.tiff,canine lymphosarcoma,4,chromatin_od@global,od,True,0.43783,True,False,115,123,17625,0.9602,122,2,0.0,1.0,30.222,115.0,547.0,1247.0,2046.0,5474.0,7843.0,chromatin_od,global,0.43783,50,50,32,3,0.2782608695652174
246.tiff,canine lymphosarcoma,4,chromatin_od@global,od,True,0.43783,True,False,115,123,17625,0.9602,122,2,0.0,1.0,30.222,115.0,547.0,1247.0,2046.0,5474.0,7843.0,chromatin_od,global,0.43783,100,100,54,13,0.46956521739130436
246.tiff,canine lymphosarcoma,4,chromatin_od@global,od,True,0.43783,True,False,115,123,17625,0.9602,122,2,0.0,1.0,30.222,115.0,547.0,1247.0,2046.0,5474.0,7843.0,chromatin_od,global,0.43783,250,250,76,32,0.6608695652173913
246.tiff,canine lymphosarcoma,4,chromatin_od@global,od,True,0.43783,True,False,115,123,17625,0.9602,122,2,0.0,1.0,30.222,115.0,547.0,1247.0,2046.0,5474.0,7843.0,chromatin_od,global,0.43783,500,500,89,48,0.7739130434782608
246.tiff,canine lymphosarcoma,4,chromatin_od@global,od,True,0.43783,True,False,115,123,17625,0.9602,122,2,0.0,1.0,30.222,115.0,547.0,1247.0,2046.0,5474.0,7843.0,chromatin_od,global,0.43783,1000,1000,101,65,0.8782608695652174
246.tiff,canine lymphosarcoma,4,chromatin_od@global,od,True,0.43783,True,False,115,123,17625,0.9602,122,2,0.0,1.0,30.222,115.0,547.0,1247.0,2046.0,5474.0,7843.0,chromatin_od,global,0.43783,2000,2000,109,87,0.9478260869565217
246.tiff,canine lymphosarcoma,4,chromatin_od@global,od,True,0.43783,True,False,115,123,17625,0.9602,122,2,0.0,1.0,30.222,115.0,547.0,1247.0,2046.0,5474.0,7843.0,chromatin_od,global,0.43783,5000,5000,113,110,0.9826086956521739
246.tiff,canine lymphosarcoma,4,tm_score@domain,score,True,1.89154,True,False,115,123,12553,0.8082,121,2,0.0,1.0,30.222,157.0,509.0,993.0,2185.0,4259.0,7018.0,tm_score,domain,1.89154,25,25,22,0,0.19130434782608696
246.tiff,canine lymphosarcoma,4,tm_score@domain,score,True,1.89154,True,False,115,123,12553,0.8082,121,2,0.0,1.0,30.222,157.0,509.0,993.0,2185.0,4259.0,7018.0,tm_score,domain,1.89154,50,50,33,6,0.28695652173913044
246.tiff,canine lymphosarcoma,4,tm_score@domain,score,True,1.89154,True,False,115,123,12553,0.8082,121,2,0.0,1.0,30.222,157.0,509.0,993.0,2185.0,4259.0,7018.0,tm_score,domain,1.89154,100,100,46,13,0.4
246.tiff,canine lymphosarcoma,4,tm_score@domain,score,True,1.89154,True,False,115,123,12553,0.8082,121,2,0.0,1.0,30.222,157.0,509.0,993.0,2185.0,4259.0,7018.0,tm_score,domain,1.89154,250,250,69,31,0.6
246.tiff,canine lymphosarcoma,4,tm_score@domain,score,True,1.89154,True,False,115,123,12553,0.8082,121,2,0.0,1.0,30.222,157.0,509.0,993.0,2185.0,4259.0,7018.0,tm_score,domain,1.89154,500,500,88,64,0.7652173913043478
246.tiff,canine lymphosarcoma,4,tm_score@domain,score,True,1.89154,True,False,115,123,12553,0.8082,121,2,0.0,1.0,30.222,157.0,509.0,993.0,2185.0,4259.0,7018.0,tm_score,domain,1.89154,1000,1000,104,86,0.9043478260869565
246.tiff,canine lymphosarcoma,4,tm_score@domain,score,True,1.89154,True,False,115,123,12553,0.8082,121,2,0.0,1.0,30.222,157.0,509.0,993.0,2185.0,4259.0,7018.0,tm_score,domain,1.89154,2000,2000,109,103,0.9478260869565217
246.tiff,canine lymphosarcoma,4,tm_score@domain,score,True,1.89154,True,False,115,123,12553,0.8082,121,2,0.0,1.0,30.222,157.0,509.0,993.0,2185.0,4259.0,7018.0,tm_score,domain,1.89154,5000,5000,114,115,0.991304347826087
246.tiff,canine lymphosarcoma,4,chromatin_od@domain,od,True,1.89154,True,False,115,123,12553,0.8082,121,2,0.0,1.0,30.222,115.0,531.0,1192.0,1921.0,4843.0,6698.0,chromatin_od,domain,1.89154,25,25,23,0,0.2
246.tiff,canine lymphosarcoma,4,chromatin_od@domain,od,True,1.89154,True,False,115,123,12553,0.8082,121,2,0.0,1.0,30.222,115.0,531.0,1192.0,1921.0,4843.0,6698.0,chromatin_od,domain,1.89154,50,50,32,3,0.2782608695652174
246.tiff,canine lymphosarcoma,4,chromatin_od@domain,od,True,1.89154,True,False,115,123,12553,0.8082,121,2,0.0,1.0,30.222,115.0,531.0,1192.0,1921.0,4843.0,6698.0,chromatin_od,domain,1.89154,100,100,54,13,0.46956521739130436
246.tiff,canine lymphosarcoma,4,chromatin_od@domain,od,True,1.89154,True,False,115,123,12553,0.8082,121,2,0.0,1.0,30.222,115.0,531.0,1192.0,1921.0,4843.0,6698.0,chromatin_od,domain,1.89154,250,250,76,33,0.6608695652173913
246.tiff,canine lymphosarcoma,4,chromatin_od@domain,od,True,1.89154,True,False,115,123,12553,0.8082,121,2,0.0,1.0,30.222,115.0,531.0,1192.0,1921.0,4843.0,6698.0,chromatin_od,domain,1.89154,500,500,90,48,0.782608695652174
246.tiff,canine lymphosarcoma,4,chromatin_od@domain,od,True,1.89154,True,False,115,123,12553,0.8082,121,2,0.0,1.0,30.222,115.0,531.0,1192.0,1921.0,4843.0,6698.0,chromatin_od,domain,1.89154,1000,1000,101,65,0.8782608695652174
246.tiff,canine lymphosarcoma,4,chromatin_od@domain,od,True,1.89154,True,False,115,123,12553,0.8082,121,2,0.0,1.0,30.222,115.0,531.0,1192.0,1921.0,4843.0,6698.0,chromatin_od,domain,1.89154,2000,2000,110,89,0.9565217391304348
246.tiff,canine lymphosarcoma,4,chromatin_od@domain,od,True,1.89154,True,False,115,123,12553,0.8082,121,2,0.0,1.0,30.222,115.0,531.0,1192.0,1921.0,4843.0,6698.0,chromatin_od,domain,1.89154,5000,5000,114,112,0.991304347826087
459.tiff,canine soft tissue sarcoma,0,tm_score@current,score,True,1.0,True,False,130,90,15834,0.9214,90,2,0.0,1.0,30.222,439.0,2464.0,4753.0,8076.0,11965.0,12838.0,tm_score,current,1.0,25,25,14,6,0.1076923076923077
459.tiff,canine soft tissue sarcoma,0,tm_score@current,score,True,1.0,True,False,130,90,15834,0.9214,90,2,0.0,1.0,30.222,439.0,2464.0,4753.0,8076.0,11965.0,12838.0,tm_score,current,1.0,50,50,24,10,0.18461538461538463
459.tiff,canine soft tissue sarcoma,0,tm_score@current,score,True,1.0,True,False,130,90,15834,0.9214,90,2,0.0,1.0,30.222,439.0,2464.0,4753.0,8076.0,11965.0,12838.0,tm_score,current,1.0,100,100,40,14,0.3076923076923077
459.tiff,canine soft tissue sarcoma,0,tm_score@current,score,True,1.0,True,False,130,90,15834,0.9214,90,2,0.0,1.0,30.222,439.0,2464.0,4753.0,8076.0,11965.0,12838.0,tm_score,current,1.0,250,250,54,23,0.4153846153846154
459.tiff,canine soft tissue sarcoma,0,tm_score@current,score,True,1.0,True,False,130,90,15834,0.9214,90,2,0.0,1.0,30.222,439.0,2464.0,4753.0,8076.0,11965.0,12838.0,tm_score,current,1.0,500,500,67,32,0.5153846153846153
459.tiff,canine soft tissue sarcoma,0,tm_score@current,score,True,1.0,True,False,130,90,15834,0.9214,90,2,0.0,1.0,30.222,439.0,2464.0,4753.0,8076.0,11965.0,12838.0,tm_score,current,1.0,1000,1000,88,43,0.676923076923077
459.tiff,canine soft tissue sarcoma,0,tm_score@current,score,True,1.0,True,False,130,90,15834,0.9214,90,2,0.0,1.0,30.222,439.0,2464.0,4753.0,8076.0,11965.0,12838.0,tm_score,current,1.0,2000,2000,103,53,0.7923076923076923
459.tiff,canine soft tissue sarcoma,0,tm_score@current,score,True,1.0,True,False,130,90,15834,0.9214,90,2,0.0,1.0,30.222,439.0,2464.0,4753.0,8076.0,11965.0,12838.0,tm_score,current,1.0,5000,5000,118,75,0.9076923076923077
459.tiff,canine soft tissue sarcoma,0,chromatin_od@current,od,True,1.0,True,False,130,90,15834,0.9214,90,2,0.0,1.0,30.222,116.0,923.0,4146.0,7668.0,11918.0,14721.0,chromatin_od,current,1.0,25,25,21,2,0.16153846153846155
459.tiff,canine soft tissue sarcoma,0,chromatin_od@current,od,True,1.0,True,False,130,90,15834,0.9214,90,2,0.0,1.0,30.222,116.0,923.0,4146.0,7668.0,11918.0,14721.0,chromatin_od,current,1.0,50,50,41,4,0.3153846153846154
459.tiff,canine soft tissue sarcoma,0,chromatin_od@current,od,True,1.0,True,False,130,90,15834,0.9214,90,2,0.0,1.0,30.222,116.0,923.0,4146.0,7668.0,11918.0,14721.0,chromatin_od,current,1.0,100,100,60,11,0.46153846153846156
459.tiff,canine soft tissue sarcoma,0,chromatin_od@current,od,True,1.0,True,False,130,90,15834,0.9214,90,2,0.0,1.0,30.222,116.0,923.0,4146.0,7668.0,11918.0,14721.0,chromatin_od,current,1.0,250,250,84,34,0.6461538461538462
459.tiff,canine soft tissue sarcoma,0,chromatin_od@current,od,True,1.0,True,False,130,90,15834,0.9214,90,2,0.0,1.0,30.222,116.0,923.0,4146.0,7668.0,11918.0,14721.0,chromatin_od,current,1.0,500,500,95,45,0.7307692307692307
459.tiff,canine soft tissue sarcoma,0,chromatin_od@current,od,True,1.0,True,False,130,90,15834,0.9214,90,2,0.0,1.0,30.222,116.0,923.0,4146.0,7668.0,11918.0,14721.0,chromatin_od,current,1.0,1000,1000,104,62,0.8
459.tiff,canine soft tissue sarcoma,0,chromatin_od@current,od,True,1.0,True,False,130,90,15834,0.9214,90,2,0.0,1.0,30.222,116.0,923.0,4146.0,7668.0,11918.0,14721.0,chromatin_od,current,1.0,2000,2000,112,73,0.8615384615384616
459.tiff,canine soft tissue sarcoma,0,chromatin_od@current,od,True,1.0,True,False,130,90,15834,0.9214,90,2,0.0,1.0,30.222,116.0,923.0,4146.0,7668.0,11918.0,14721.0,chromatin_od,current,1.0,5000,5000,117,82,0.9
459.tiff,canine soft tissue sarcoma,0,tm_score@global,score,True,0.43783,True,False,130,90,17367,0.9549,90,2,0.0,1.0,30.222,439.0,2464.0,4753.0,8076.0,11965.0,12838.0,tm_score,global,0.43783,25,25,14,6,0.1076923076923077
459.tiff,canine soft tissue sarcoma,0,tm_score@global,score,True,0.43783,True,False,130,90,17367,0.9549,90,2,0.0,1.0,30.222,439.0,2464.0,4753.0,8076.0,11965.0,12838.0,tm_score,global,0.43783,50,50,24,10,0.18461538461538463
459.tiff,canine soft tissue sarcoma,0,tm_score@global,score,True,0.43783,True,False,130,90,17367,0.9549,90,2,0.0,1.0,30.222,439.0,2464.0,4753.0,8076.0,11965.0,12838.0,tm_score,global,0.43783,100,100,40,14,0.3076923076923077
459.tiff,canine soft tissue sarcoma,0,tm_score@global,score,True,0.43783,True,False,130,90,17367,0.9549,90,2,0.0,1.0,30.222,439.0,2464.0,4753.0,8076.0,11965.0,12838.0,tm_score,global,0.43783,250,250,54,23,0.4153846153846154
459.tiff,canine soft tissue sarcoma,0,tm_score@global,score,True,0.43783,True,False,130,90,17367,0.9549,90,2,0.0,1.0,30.222,439.0,2464.0,4753.0,8076.0,11965.0,12838.0,tm_score,global,0.43783,500,500,67,32,0.5153846153846153
459.tiff,canine soft tissue sarcoma,0,tm_score@global,score,True,0.43783,True,False,130,90,17367,0.9549,90,2,0.0,1.0,30.222,439.0,2464.0,4753.0,8076.0,11965.0,12838.0,tm_score,global,0.43783,1000,1000,88,43,0.676923076923077
459.tiff,canine soft tissue sarcoma,0,tm_score@global,score,True,0.43783,True,False,130,90,17367,0.9549,90,2,0.0,1.0,30.222,439.0,2464.0,4753.0,8076.0,11965.0,12838.0,tm_score,global,0.43783,2000,2000,103,53,0.7923076923076923
459.tiff,canine soft tissue sarcoma,0,tm_score@global,score,True,0.43783,True,False,130,90,17367,0.9549,90,2,0.0,1.0,30.222,439.0,2464.0,4753.0,8076.0,11965.0,12838.0,tm_score,global,0.43783,5000,5000,118,75,0.9076923076923077
459.tiff,canine soft tissue sarcoma,0,chromatin_od@global,od,True,0.43783,True,False,130,90,17367,0.9549,90,2,0.0,1.0,30.222,116.0,928.0,4185.0,7786.0,12307.0,15652.0,chromatin_od,global,0.43783,25,25,21,2,0.16153846153846155
459.tiff,canine soft tissue sarcoma,0,chromatin_od@global,od,True,0.43783,True,False,130,90,17367,0.9549,90,2,0.0,1.0,30.222,116.0,928.0,4185.0,7786.0,12307.0,15652.0,chromatin_od,global,0.43783,50,50,41,4,0.3153846153846154
459.tiff,canine soft tissue sarcoma,0,chromatin_od@global,od,True,0.43783,True,False,130,90,17367,0.9549,90,2,0.0,1.0,30.222,116.0,928.0,4185.0,7786.0,12307.0,15652.0,chromatin_od,global,0.43783,100,100,60,11,0.46153846153846156
459.tiff,canine soft tissue sarcoma,0,chromatin_od@global,od,True,0.43783,True,False,130,90,17367,0.9549,90,2,0.0,1.0,30.222,116.0,928.0,4185.0,7786.0,12307.0,15652.0,chromatin_od,global,0.43783,250,250,84,34,0.6461538461538462
459.tiff,canine soft tissue sarcoma,0,chromatin_od@global,od,True,0.43783,True,False,130,90,17367,0.9549,90,2,0.0,1.0,30.222,116.0,928.0,4185.0,7786.0,12307.0,15652.0,chromatin_od,global,0.43783,500,500,95,45,0.7307692307692307
459.tiff,canine soft tissue sarcoma,0,chromatin_od@global,od,True,0.43783,True,False,130,90,17367,0.9549,90,2,0.0,1.0,30.222,116.0,928.0,4185.0,7786.0,12307.0,15652.0,chromatin_od,global,0.43783,1000,1000,104,62,0.8
459.tiff,canine soft tissue sarcoma,0,chromatin_od@global,od,True,0.43783,True,False,130,90,17367,0.9549,90,2,0.0,1.0,30.222,116.0,928.0,4185.0,7786.0,12307.0,15652.0,chromatin_od,global,0.43783,2000,2000,112,72,0.8615384615384616
459.tiff,canine soft tissue sarcoma,0,chromatin_od@global,od,True,0.43783,True,False,130,90,17367,0.9549,90,2,0.0,1.0,30.222,116.0,928.0,4185.0,7786.0,12307.0,15652.0,chromatin_od,global,0.43783,5000,5000,117,82,0.9
459.tiff,canine soft tissue sarcoma,0,tm_score@domain,score,True,1.30788,True,False,130,90,14868,0.8944,90,2,0.0,1.0,30.222,439.0,2464.0,4753.0,8076.0,11965.0,12838.0,tm_score,domain,1.30788,25,25,14,6,0.1076923076923077
459.tiff,canine soft tissue sarcoma,0,tm_score@domain,score,True,1.30788,True,False,130,90,14868,0.8944,90,2,0.0,1.0,30.222,439.0,2464.0,4753.0,8076.0,11965.0,12838.0,tm_score,domain,1.30788,50,50,24,10,0.18461538461538463
459.tiff,canine soft tissue sarcoma,0,tm_score@domain,score,True,1.30788,True,False,130,90,14868,0.8944,90,2,0.0,1.0,30.222,439.0,2464.0,4753.0,8076.0,11965.0,12838.0,tm_score,domain,1.30788,100,100,40,14,0.3076923076923077
459.tiff,canine soft tissue sarcoma,0,tm_score@domain,score,True,1.30788,True,False,130,90,14868,0.8944,90,2,0.0,1.0,30.222,439.0,2464.0,4753.0,8076.0,11965.0,12838.0,tm_score,domain,1.30788,250,250,54,23,0.4153846153846154
459.tiff,canine soft tissue sarcoma,0,tm_score@domain,score,True,1.30788,True,False,130,90,14868,0.8944,90,2,0.0,1.0,30.222,439.0,2464.0,4753.0,8076.0,11965.0,12838.0,tm_score,domain,1.30788,500,500,67,32,0.5153846153846153
459.tiff,canine soft tissue sarcoma,0,tm_score@domain,score,True,1.30788,True,False,130,90,14868,0.8944,90,2,0.0,1.0,30.222,439.0,2464.0,4753.0,8076.0,11965.0,12838.0,tm_score,domain,1.30788,1000,1000,88,43,0.676923076923077
459.tiff,canine soft tissue sarcoma,0,tm_score@domain,score,True,1.30788,True,False,130,90,14868,0.8944,90,2,0.0,1.0,30.222,439.0,2464.0,4753.0,8076.0,11965.0,12838.0,tm_score,domain,1.30788,2000,2000,103,53,0.7923076923076923
459.tiff,canine soft tissue sarcoma,0,tm_score@domain,score,True,1.30788,True,False,130,90,14868,0.8944,90,2,0.0,1.0,30.222,439.0,2464.0,4753.0,8076.0,11965.0,12838.0,tm_score,domain,1.30788,5000,5000,118,75,0.9076923076923077
459.tiff,canine soft tissue sarcoma,0,chromatin_od@domain,od,True,1.30788,True,False,130,90,14868,0.8944,90,2,0.0,1.0,30.222,116.0,918.0,4119.0,7583.0,11630.0,14109.0,chromatin_od,domain,1.30788,25,25,21,2,0.16153846153846155
459.tiff,canine soft tissue sarcoma,0,chromatin_od@domain,od,True,1.30788,True,False,130,90,14868,0.8944,90,2,0.0,1.0,30.222,116.0,918.0,4119.0,7583.0,11630.0,14109.0,chromatin_od,domain,1.30788,50,50,41,4,0.3153846153846154
459.tiff,canine soft tissue sarcoma,0,chromatin_od@domain,od,True,1.30788,True,False,130,90,14868,0.8944,90,2,0.0,1.0,30.222,116.0,918.0,4119.0,7583.0,11630.0,14109.0,chromatin_od,domain,1.30788,100,100,60,11,0.46153846153846156
459.tiff,canine soft tissue sarcoma,0,chromatin_od@domain,od,True,1.30788,True,False,130,90,14868,0.8944,90,2,0.0,1.0,30.222,116.0,918.0,4119.0,7583.0,11630.0,14109.0,chromatin_od,domain,1.30788,250,250,84,34,0.6461538461538462
459.tiff,canine soft tissue sarcoma,0,chromatin_od@domain,od,True,1.30788,True,False,130,90,14868,0.8944,90,2,0.0,1.0,30.222,116.0,918.0,4119.0,7583.0,11630.0,14109.0,chromatin_od,domain,1.30788,500,500,95,45,0.7307692307692307
459.tiff,canine soft tissue sarcoma,0,chromatin_od@domain,od,True,1.30788,True,False,130,90,14868,0.8944,90,2,0.0,1.0,30.222,116.0,918.0,4119.0,7583.0,11630.0,14109.0,chromatin_od,domain,1.30788,1000,1000,104,62,0.8
459.tiff,canine soft tissue sarcoma,0,chromatin_od@domain,od,True,1.30788,True,False,130,90,14868,0.8944,90,2,0.0,1.0,30.222,116.0,918.0,4119.0,7583.0,11630.0,14109.0,chromatin_od,domain,1.30788,2000,2000,112,73,0.8615384615384616
459.tiff,canine soft tissue sarcoma,0,chromatin_od@domain,od,True,1.30788,True,False,130,90,14868,0.8944,90,2,0.0,1.0,30.222,116.0,918.0,4119.0,7583.0,11630.0,14109.0,chromatin_od,domain,1.30788,5000,5000,117,82,0.9
459.tiff,canine soft tissue sarcoma,1,tm_score@current,score,True,1.0,True,False,130,90,14166,0.8857,89,2,0.0,1.0,30.222,128.0,962.0,3415.0,6598.0,9985.0,12189.0,tm_score,current,1.0,25,25,18,3,0.13846153846153847
459.tiff,canine soft tissue sarcoma,1,tm_score@current,score,True,1.0,True,False,130,90,14166,0.8857,89,2,0.0,1.0,30.222,128.0,962.0,3415.0,6598.0,9985.0,12189.0,tm_score,current,1.0,50,50,32,8,0.24615384615384617
459.tiff,canine soft tissue sarcoma,1,tm_score@current,score,True,1.0,True,False,130,90,14166,0.8857,89,2,0.0,1.0,30.222,128.0,962.0,3415.0,6598.0,9985.0,12189.0,tm_score,current,1.0,100,100,53,14,0.4076923076923077
459.tiff,canine soft tissue sarcoma,1,tm_score@current,score,True,1.0,True,False,130,90,14166,0.8857,89,2,0.0,1.0,30.222,128.0,962.0,3415.0,6598.0,9985.0,12189.0,tm_score,current,1.0,250,250,77,26,0.5923076923076923
459.tiff,canine soft tissue sarcoma,1,tm_score@current,score,True,1.0,True,False,130,90,14166,0.8857,89,2,0.0,1.0,30.222,128.0,962.0,3415.0,6598.0,9985.0,12189.0,tm_score,current,1.0,500,500,92,34,0.7076923076923077
459.tiff,canine soft tissue sarcoma,1,tm_score@current,score,True,1.0,True,False,130,90,14166,0.8857,89,2,0.0,1.0,30.222,128.0,962.0,3415.0,6598.0,9985.0,12189.0,tm_score,current,1.0,1000,1000,105,44,0.8076923076923077
459.tiff,canine soft tissue sarcoma,1,tm_score@current,score,True,1.0,True,False,130,90,14166,0.8857,89,2,0.0,1.0,30.222,128.0,962.0,3415.0,6598.0,9985.0,12189.0,tm_score,current,1.0,2000,2000,108,56,0.8307692307692308
459.tiff,canine soft tissue sarcoma,1,tm_score@current,score,True,1.0,True,False,130,90,14166,0.8857,89,2,0.0,1.0,30.222,128.0,962.0,3415.0,6598.0,9985.0,12189.0,tm_score,current,1.0,5000,5000,123,74,0.9461538461538461
459.tiff,canine soft tissue sarcoma,1,chromatin_od@current,od,True,1.0,True,False,130,90,14166,0.8857,89,2,0.0,1.0,30.222,108.0,845.0,4394.0,8839.0,12140.0,13480.0,chromatin_od,current,1.0,25,25,21,2,0.16153846153846155
459.tiff,canine soft tissue sarcoma,1,chromatin_od@current,od,True,1.0,True,False,130,90,14166,0.8857,89,2,0.0,1.0,30.222,108.0,845.0,4394.0,8839.0,12140.0,13480.0,chromatin_od,current,1.0,50,50,39,7,0.3
459.tiff,canine soft tissue sarcoma,1,chromatin_od@current,od,True,1.0,True,False,130,90,14166,0.8857,89,2,0.0,1.0,30.222,108.0,845.0,4394.0,8839.0,12140.0,13480.0,chromatin_od,current,1.0,100,100,61,12,0.46923076923076923
459.tiff,canine soft tissue sarcoma,1,chromatin_od@current,od,True,1.0,True,False,130,90,14166,0.8857,89,2,0.0,1.0,30.222,108.0,845.0,4394.0,8839.0,12140.0,13480.0,chromatin_od,current,1.0,250,250,85,34,0.6538461538461539
459.tiff,canine soft tissue sarcoma,1,chromatin_od@current,od,True,1.0,True,False,130,90,14166,0.8857,89,2,0.0,1.0,30.222,108.0,845.0,4394.0,8839.0,12140.0,13480.0,chromatin_od,current,1.0,500,500,97,48,0.7461538461538462
459.tiff,canine soft tissue sarcoma,1,chromatin_od@current,od,True,1.0,True,False,130,90,14166,0.8857,89,2,0.0,1.0,30.222,108.0,845.0,4394.0,8839.0,12140.0,13480.0,chromatin_od,current,1.0,1000,1000,104,62,0.8
459.tiff,canine soft tissue sarcoma,1,chromatin_od@current,od,True,1.0,True,False,130,90,14166,0.8857,89,2,0.0,1.0,30.222,108.0,845.0,4394.0,8839.0,12140.0,13480.0,chromatin_od,current,1.0,2000,2000,111,73,0.8538461538461538
459.tiff,canine soft tissue sarcoma,1,chromatin_od@current,od,True,1.0,True,False,130,90,14166,0.8857,89,2,0.0,1.0,30.222,108.0,845.0,4394.0,8839.0,12140.0,13480.0,chromatin_od,current,1.0,5000,5000,118,81,0.9076923076923077
459.tiff,canine soft tissue sarcoma,1,tm_score@global,score,True,0.43783,True,False,130,90,15617,0.9279,89,2,0.0,1.0,30.222,128.0,962.0,3415.0,6598.0,9985.0,12189.0,tm_score,global,0.43783,25,25,18,3,0.13846153846153847
459.tiff,canine soft tissue sarcoma,1,tm_score@global,score,True,0.43783,True,False,130,90,15617,0.9279,89,2,0.0,1.0,30.222,128.0,962.0,3415.0,6598.0,9985.0,12189.0,tm_score,global,0.43783,50,50,32,8,0.24615384615384617
459.tiff,canine soft tissue sarcoma,1,tm_score@global,score,True,0.43783,True,False,130,90,15617,0.9279,89,2,0.0,1.0,30.222,128.0,962.0,3415.0,6598.0,9985.0,12189.0,tm_score,global,0.43783,100,100,53,14,0.4076923076923077
459.tiff,canine soft tissue sarcoma,1,tm_score@global,score,True,0.43783,True,False,130,90,15617,0.9279,89,2,0.0,1.0,30.222,128.0,962.0,3415.0,6598.0,9985.0,12189.0,tm_score,global,0.43783,250,250,77,26,0.5923076923076923
459.tiff,canine soft tissue sarcoma,1,tm_score@global,score,True,0.43783,True,False,130,90,15617,0.9279,89,2,0.0,1.0,30.222,128.0,962.0,3415.0,6598.0,9985.0,12189.0,tm_score,global,0.43783,500,500,92,34,0.7076923076923077
459.tiff,canine soft tissue sarcoma,1,tm_score@global,score,True,0.43783,True,False,130,90,15617,0.9279,89,2,0.0,1.0,30.222,128.0,962.0,3415.0,6598.0,9985.0,12189.0,tm_score,global,0.43783,1000,1000,105,44,0.8076923076923077
459.tiff,canine soft tissue sarcoma,1,tm_score@global,score,True,0.43783,True,False,130,90,15617,0.9279,89,2,0.0,1.0,30.222,128.0,962.0,3415.0,6598.0,9985.0,12189.0,tm_score,global,0.43783,2000,2000,108,56,0.8307692307692308
459.tiff,canine soft tissue sarcoma,1,tm_score@global,score,True,0.43783,True,False,130,90,15617,0.9279,89,2,0.0,1.0,30.222,128.0,962.0,3415.0,6598.0,9985.0,12189.0,tm_score,global,0.43783,5000,5000,123,74,0.9461538461538461
459.tiff,canine soft tissue sarcoma,1,chromatin_od@global,od,True,0.43783,True,False,130,90,15617,0.9279,89,2,0.0,1.0,30.222,108.0,852.0,4433.0,9005.0,12569.0,14244.0,chromatin_od,global,0.43783,25,25,21,2,0.16153846153846155
459.tiff,canine soft tissue sarcoma,1,chromatin_od@global,od,True,0.43783,True,False,130,90,15617,0.9279,89,2,0.0,1.0,30.222,108.0,852.0,4433.0,9005.0,12569.0,14244.0,chromatin_od,global,0.43783,50,50,39,7,0.3
459.tiff,canine soft tissue sarcoma,1,chromatin_od@global,od,True,0.43783,True,False,130,90,15617,0.9279,89,2,0.0,1.0,30.222,108.0,852.0,4433.0,9005.0,12569.0,14244.0,chromatin_od,global,0.43783,100,100,61,12,0.46923076923076923
459.tiff,canine soft tissue sarcoma,1,chromatin_od@global,od,True,0.43783,True,False,130,90,15617,0.9279,89,2,0.0,1.0,30.222,108.0,852.0,4433.0,9005.0,12569.0,14244.0,chromatin_od,global,0.43783,250,250,84,34,0.6461538461538462
459.tiff,canine soft tissue sarcoma,1,chromatin_od@global,od,True,0.43783,True,False,130,90,15617,0.9279,89,2,0.0,1.0,30.222,108.0,852.0,4433.0,9005.0,12569.0,14244.0,chromatin_od,global,0.43783,500,500,97,48,0.7461538461538462
459.tiff,canine soft tissue sarcoma,1,chromatin_od@global,od,True,0.43783,True,False,130,90,15617,0.9279,89,2,0.0,1.0,30.222,108.0,852.0,4433.0,9005.0,12569.0,14244.0,chromatin_od,global,0.43783,1000,1000,104,62,0.8
459.tiff,canine soft tissue sarcoma,1,chromatin_od@global,od,True,0.43783,True,False,130,90,15617,0.9279,89,2,0.0,1.0,30.222,108.0,852.0,4433.0,9005.0,12569.0,14244.0,chromatin_od,global,0.43783,2000,2000,111,72,0.8538461538461538
459.tiff,canine soft tissue sarcoma,1,chromatin_od@global,od,True,0.43783,True,False,130,90,15617,0.9279,89,2,0.0,1.0,30.222,108.0,852.0,4433.0,9005.0,12569.0,14244.0,chromatin_od,global,0.43783,5000,5000,118,81,0.9076923076923077
459.tiff,canine soft tissue sarcoma,1,tm_score@domain,score,True,1.30788,True,False,130,90,13314,0.8555,89,2,0.0,1.0,30.222,128.0,962.0,3415.0,6598.0,9985.0,12189.0,tm_score,domain,1.30788,25,25,18,3,0.13846153846153847
459.tiff,canine soft tissue sarcoma,1,tm_score@domain,score,True,1.30788,True,False,130,90,13314,0.8555,89,2,0.0,1.0,30.222,128.0,962.0,3415.0,6598.0,9985.0,12189.0,tm_score,domain,1.30788,50,50,32,8,0.24615384615384617
459.tiff,canine soft tissue sarcoma,1,tm_score@domain,score,True,1.30788,True,False,130,90,13314,0.8555,89,2,0.0,1.0,30.222,128.0,962.0,3415.0,6598.0,9985.0,12189.0,tm_score,domain,1.30788,100,100,53,14,0.4076923076923077
459.tiff,canine soft tissue sarcoma,1,tm_score@domain,score,True,1.30788,True,False,130,90,13314,0.8555,89,2,0.0,1.0,30.222,128.0,962.0,3415.0,6598.0,9985.0,12189.0,tm_score,domain,1.30788,250,250,77,26,0.5923076923076923
459.tiff,canine soft tissue sarcoma,1,tm_score@domain,score,True,1.30788,True,False,130,90,13314,0.8555,89,2,0.0,1.0,30.222,128.0,962.0,3415.0,6598.0,9985.0,12189.0,tm_score,domain,1.30788,500,500,92,34,0.7076923076923077
459.tiff,canine soft tissue sarcoma,1,tm_score@domain,score,True,1.30788,True,False,130,90,13314,0.8555,89,2,0.0,1.0,30.222,128.0,962.0,3415.0,6598.0,9985.0,12189.0,tm_score,domain,1.30788,1000,1000,105,44,0.8076923076923077
459.tiff,canine soft tissue sarcoma,1,tm_score@domain,score,True,1.30788,True,False,130,90,13314,0.8555,89,2,0.0,1.0,30.222,128.0,962.0,3415.0,6598.0,9985.0,12189.0,tm_score,domain,1.30788,2000,2000,108,56,0.8307692307692308
459.tiff,canine soft tissue sarcoma,1,tm_score@domain,score,True,1.30788,True,False,130,90,13314,0.8555,89,2,0.0,1.0,30.222,128.0,962.0,3415.0,6598.0,9985.0,12189.0,tm_score,domain,1.30788,5000,5000,123,74,0.9461538461538461
459.tiff,canine soft tissue sarcoma,1,chromatin_od@domain,od,True,1.30788,True,False,130,90,13314,0.8555,89,2,0.0,1.0,30.222,108.0,841.0,4366.0,8683.0,11797.0,12909.0,chromatin_od,domain,1.30788,25,25,21,2,0.16153846153846155
459.tiff,canine soft tissue sarcoma,1,chromatin_od@domain,od,True,1.30788,True,False,130,90,13314,0.8555,89,2,0.0,1.0,30.222,108.0,841.0,4366.0,8683.0,11797.0,12909.0,chromatin_od,domain,1.30788,50,50,39,7,0.3
459.tiff,canine soft tissue sarcoma,1,chromatin_od@domain,od,True,1.30788,True,False,130,90,13314,0.8555,89,2,0.0,1.0,30.222,108.0,841.0,4366.0,8683.0,11797.0,12909.0,chromatin_od,domain,1.30788,100,100,61,12,0.46923076923076923
459.tiff,canine soft tissue sarcoma,1,chromatin_od@domain,od,True,1.30788,True,False,130,90,13314,0.8555,89,2,0.0,1.0,30.222,108.0,841.0,4366.0,8683.0,11797.0,12909.0,chromatin_od,domain,1.30788,250,250,85,34,0.6538461538461539
459.tiff,canine soft tissue sarcoma,1,chromatin_od@domain,od,True,1.30788,True,False,130,90,13314,0.8555,89,2,0.0,1.0,30.222,108.0,841.0,4366.0,8683.0,11797.0,12909.0,chromatin_od,domain,1.30788,500,500,97,48,0.7461538461538462
459.tiff,canine soft tissue sarcoma,1,chromatin_od@domain,od,True,1.30788,True,False,130,90,13314,0.8555,89,2,0.0,1.0,30.222,108.0,841.0,4366.0,8683.0,11797.0,12909.0,chromatin_od,domain,1.30788,1000,1000,104,63,0.8
459.tiff,canine soft tissue sarcoma,1,chromatin_od@domain,od,True,1.30788,True,False,130,90,13314,0.8555,89,2,0.0,1.0,30.222,108.0,841.0,4366.0,8683.0,11797.0,12909.0,chromatin_od,domain,1.30788,2000,2000,111,73,0.8538461538461538
459.tiff,canine soft tissue sarcoma,1,chromatin_od@domain,od,True,1.30788,True,False,130,90,13314,0.8555,89,2,0.0,1.0,30.222,108.0,841.0,4366.0,8683.0,11797.0,12909.0,chromatin_od,domain,1.30788,5000,5000,119,82,0.9153846153846154
459.tiff,canine soft tissue sarcoma,2,tm_score@current,score,True,1.0,True,False,130,90,15015,0.9035,89,2,0.0,1.0,30.222,422.0,3077.0,5405.0,7555.0,11700.0,12109.0,tm_score,current,1.0,25,25,12,5,0.09230769230769231
459.tiff,canine soft tissue sarcoma,2,tm_score@current,score,True,1.0,True,False,130,90,15015,0.9035,89,2,0.0,1.0,30.222,422.0,3077.0,5405.0,7555.0,11700.0,12109.0,tm_score,current,1.0,50,50,22,8,0.16923076923076924
459.tiff,canine soft tissue sarcoma,2,tm_score@current,score,True,1.0,True,False,130,90,15015,0.9035,89,2,0.0,1.0,30.222,422.0,3077.0,5405.0,7555.0,11700.0,12109.0,tm_score,current,1.0,100,100,37,15,0.2846153846153846
459.tiff,canine soft tissue sarcoma,2,tm_score@current,score,True,1.0,True,False,130,90,15015,0.9035,89,2,0.0,1.0,30.222,422.0,3077.0,5405.0,7555.0,11700.0,12109.0,tm_score,current,1.0,250,250,54,28,0.4153846153846154
459.tiff,canine soft tissue sarcoma,2,tm_score@current,score,True,1.0,True,False,130,90,15015,0.9035,89,2,0.0,1.0,30.222,422.0,3077.0,5405.0,7555.0,11700.0,12109.0,tm_score,current,1.0,500,500,73,37,0.5615384615384615
459.tiff,canine soft tissue sarcoma,2,tm_score@current,score,True,1.0,True,False,130,90,15015,0.9035,89,2,0.0,1.0,30.222,422.0,3077.0,5405.0,7555.0,11700.0,12109.0,tm_score,current,1.0,1000,1000,86,47,0.6615384615384615
459.tiff,canine soft tissue sarcoma,2,tm_score@current,score,True,1.0,True,False,130,90,15015,0.9035,89,2,0.0,1.0,30.222,422.0,3077.0,5405.0,7555.0,11700.0,12109.0,tm_score,current,1.0,2000,2000,99,61,0.7615384615384615
459.tiff,canine soft tissue sarcoma,2,tm_score@current,score,True,1.0,True,False,130,90,15015,0.9035,89,2,0.0,1.0,30.222,422.0,3077.0,5405.0,7555.0,11700.0,12109.0,tm_score,current,1.0,5000,5000,116,77,0.8923076923076924
459.tiff,canine soft tissue sarcoma,2,chromatin_od@current,od,True,1.0,True,False,130,90,15015,0.9035,89,2,0.0,1.0,30.222,112.0,885.0,4395.0,9473.0,12410.0,14084.0,chromatin_od,current,1.0,25,25,20,2,0.15384615384615385
459.tiff,canine soft tissue sarcoma,2,chromatin_od@current,od,True,1.0,True,False,130,90,15015,0.9035,89,2,0.0,1.0,30.222,112.0,885.0,4395.0,9473.0,12410.0,14084.0,chromatin_od,current,1.0,50,50,40,5,0.3076923076923077
459.tiff,canine soft tissue sarcoma,2,chromatin_od@current,od,True,1.0,True,False,130,90,15015,0.9035,89,2,0.0,1.0,30.222,112.0,885.0,4395.0,9473.0,12410.0,14084.0,chromatin_od,current,1.0,100,100,60,11,0.46153846153846156
459.tiff,canine soft tissue sarcoma,2,chromatin_od@current,od,True,1.0,True,False,130,90,15015,0.9035,89,2,0.0,1.0,30.222,112.0,885.0,4395.0,9473.0,12410.0,14084.0,chromatin_od,current,1.0,250,250,84,35,0.6461538461538462
459.tiff,canine soft tissue sarcoma,2,chromatin_od@current,od,True,1.0,True,False,130,90,15015,0.9035,89,2,0.0,1.0,30.222,112.0,885.0,4395.0,9473.0,12410.0,14084.0,chromatin_od,current,1.0,500,500,95,46,0.7307692307692307
459.tiff,canine soft tissue sarcoma,2,chromatin_od@current,od,True,1.0,True,False,130,90,15015,0.9035,89,2,0.0,1.0,30.222,112.0,885.0,4395.0,9473.0,12410.0,14084.0,chromatin_od,current,1.0,1000,1000,104,61,0.8
459.tiff,canine soft tissue sarcoma,2,chromatin_od@current,od,True,1.0,True,False,130,90,15015,0.9035,89,2,0.0,1.0,30.222,112.0,885.0,4395.0,9473.0,12410.0,14084.0,chromatin_od,current,1.0,2000,2000,111,71,0.8538461538461538
459.tiff,canine soft tissue sarcoma,2,chromatin_od@current,od,True,1.0,True,False,130,90,15015,0.9035,89,2,0.0,1.0,30.222,112.0,885.0,4395.0,9473.0,12410.0,14084.0,chromatin_od,current,1.0,5000,5000,117,82,0.9
459.tiff,canine soft tissue sarcoma,2,tm_score@global,score,True,0.43783,True,False,130,90,16376,0.9387,89,2,0.0,1.0,30.222,422.0,3077.0,5405.0,7555.0,11700.0,12109.0,tm_score,global,0.43783,25,25,12,5,0.09230769230769231
459.tiff,canine soft tissue sarcoma,2,tm_score@global,score,True,0.43783,True,False,130,90,16376,0.9387,89,2,0.0,1.0,30.222,422.0,3077.0,5405.0,7555.0,11700.0,12109.0,tm_score,global,0.43783,50,50,22,8,0.16923076923076924
459.tiff,canine soft tissue sarcoma,2,tm_score@global,score,True,0.43783,True,False,130,90,16376,0.9387,89,2,0.0,1.0,30.222,422.0,3077.0,5405.0,7555.0,11700.0,12109.0,tm_score,global,0.43783,100,100,37,15,0.2846153846153846
459.tiff,canine soft tissue sarcoma,2,tm_score@global,score,True,0.43783,True,False,130,90,16376,0.9387,89,2,0.0,1.0,30.222,422.0,3077.0,5405.0,7555.0,11700.0,12109.0,tm_score,global,0.43783,250,250,54,28,0.4153846153846154
459.tiff,canine soft tissue sarcoma,2,tm_score@global,score,True,0.43783,True,False,130,90,16376,0.9387,89,2,0.0,1.0,30.222,422.0,3077.0,5405.0,7555.0,11700.0,12109.0,tm_score,global,0.43783,500,500,73,37,0.5615384615384615
459.tiff,canine soft tissue sarcoma,2,tm_score@global,score,True,0.43783,True,False,130,90,16376,0.9387,89,2,0.0,1.0,30.222,422.0,3077.0,5405.0,7555.0,11700.0,12109.0,tm_score,global,0.43783,1000,1000,86,47,0.6615384615384615
459.tiff,canine soft tissue sarcoma,2,tm_score@global,score,True,0.43783,True,False,130,90,16376,0.9387,89,2,0.0,1.0,30.222,422.0,3077.0,5405.0,7555.0,11700.0,12109.0,tm_score,global,0.43783,2000,2000,99,61,0.7615384615384615
459.tiff,canine soft tissue sarcoma,2,tm_score@global,score,True,0.43783,True,False,130,90,16376,0.9387,89,2,0.0,1.0,30.222,422.0,3077.0,5405.0,7555.0,11700.0,12109.0,tm_score,global,0.43783,5000,5000,116,77,0.8923076923076924
459.tiff,canine soft tissue sarcoma,2,chromatin_od@global,od,True,0.43783,True,False,130,90,16376,0.9387,89,2,0.0,1.0,30.222,112.0,887.0,4415.0,9621.0,12797.0,14807.0,chromatin_od,global,0.43783,25,25,20,2,0.15384615384615385
459.tiff,canine soft tissue sarcoma,2,chromatin_od@global,od,True,0.43783,True,False,130,90,16376,0.9387,89,2,0.0,1.0,30.222,112.0,887.0,4415.0,9621.0,12797.0,14807.0,chromatin_od,global,0.43783,50,50,40,5,0.3076923076923077
459.tiff,canine soft tissue sarcoma,2,chromatin_od@global,od,True,0.43783,True,False,130,90,16376,0.9387,89,2,0.0,1.0,30.222,112.0,887.0,4415.0,9621.0,12797.0,14807.0,chromatin_od,global,0.43783,100,100,60,11,0.46153846153846156
459.tiff,canine soft tissue sarcoma,2,chromatin_od@global,od,True,0.43783,True,False,130,90,16376,0.9387,89,2,0.0,1.0,30.222,112.0,887.0,4415.0,9621.0,12797.0,14807.0,chromatin_od,global,0.43783,250,250,84,35,0.6461538461538462
459.tiff,canine soft tissue sarcoma,2,chromatin_od@global,od,True,0.43783,True,False,130,90,16376,0.9387,89,2,0.0,1.0,30.222,112.0,887.0,4415.0,9621.0,12797.0,14807.0,chromatin_od,global,0.43783,500,500,95,46,0.7307692307692307
459.tiff,canine soft tissue sarcoma,2,chromatin_od@global,od,True,0.43783,True,False,130,90,16376,0.9387,89,2,0.0,1.0,30.222,112.0,887.0,4415.0,9621.0,12797.0,14807.0,chromatin_od,global,0.43783,1000,1000,104,61,0.8
459.tiff,canine soft tissue sarcoma,2,chromatin_od@global,od,True,0.43783,True,False,130,90,16376,0.9387,89,2,0.0,1.0,30.222,112.0,887.0,4415.0,9621.0,12797.0,14807.0,chromatin_od,global,0.43783,2000,2000,111,71,0.8538461538461538
459.tiff,canine soft tissue sarcoma,2,chromatin_od@global,od,True,0.43783,True,False,130,90,16376,0.9387,89,2,0.0,1.0,30.222,112.0,887.0,4415.0,9621.0,12797.0,14807.0,chromatin_od,global,0.43783,5000,5000,117,82,0.9
459.tiff,canine soft tissue sarcoma,2,tm_score@domain,score,True,1.30788,True,False,130,90,14095,0.874,89,2,0.0,1.0,30.222,422.0,3077.0,5405.0,7555.0,11700.0,12109.0,tm_score,domain,1.30788,25,25,12,5,0.09230769230769231
459.tiff,canine soft tissue sarcoma,2,tm_score@domain,score,True,1.30788,True,False,130,90,14095,0.874,89,2,0.0,1.0,30.222,422.0,3077.0,5405.0,7555.0,11700.0,12109.0,tm_score,domain,1.30788,50,50,22,8,0.16923076923076924
459.tiff,canine soft tissue sarcoma,2,tm_score@domain,score,True,1.30788,True,False,130,90,14095,0.874,89,2,0.0,1.0,30.222,422.0,3077.0,5405.0,7555.0,11700.0,12109.0,tm_score,domain,1.30788,100,100,37,15,0.2846153846153846
459.tiff,canine soft tissue sarcoma,2,tm_score@domain,score,True,1.30788,True,False,130,90,14095,0.874,89,2,0.0,1.0,30.222,422.0,3077.0,5405.0,7555.0,11700.0,12109.0,tm_score,domain,1.30788,250,250,54,28,0.4153846153846154
459.tiff,canine soft tissue sarcoma,2,tm_score@domain,score,True,1.30788,True,False,130,90,14095,0.874,89,2,0.0,1.0,30.222,422.0,3077.0,5405.0,7555.0,11700.0,12109.0,tm_score,domain,1.30788,500,500,73,37,0.5615384615384615
459.tiff,canine soft tissue sarcoma,2,tm_score@domain,score,True,1.30788,True,False,130,90,14095,0.874,89,2,0.0,1.0,30.222,422.0,3077.0,5405.0,7555.0,11700.0,12109.0,tm_score,domain,1.30788,1000,1000,86,47,0.6615384615384615
459.tiff,canine soft tissue sarcoma,2,tm_score@domain,score,True,1.30788,True,False,130,90,14095,0.874,89,2,0.0,1.0,30.222,422.0,3077.0,5405.0,7555.0,11700.0,12109.0,tm_score,domain,1.30788,2000,2000,99,61,0.7615384615384615
459.tiff,canine soft tissue sarcoma,2,tm_score@domain,score,True,1.30788,True,False,130,90,14095,0.874,89,2,0.0,1.0,30.222,422.0,3077.0,5405.0,7555.0,11700.0,12109.0,tm_score,domain,1.30788,5000,5000,116,77,0.8923076923076924
459.tiff,canine soft tissue sarcoma,2,chromatin_od@domain,od,True,1.30788,True,False,130,90,14095,0.874,89,2,0.0,1.0,30.222,112.0,880.0,4361.0,9323.0,12078.0,13501.0,chromatin_od,domain,1.30788,25,25,20,2,0.15384615384615385
459.tiff,canine soft tissue sarcoma,2,chromatin_od@domain,od,True,1.30788,True,False,130,90,14095,0.874,89,2,0.0,1.0,30.222,112.0,880.0,4361.0,9323.0,12078.0,13501.0,chromatin_od,domain,1.30788,50,50,40,5,0.3076923076923077
459.tiff,canine soft tissue sarcoma,2,chromatin_od@domain,od,True,1.30788,True,False,130,90,14095,0.874,89,2,0.0,1.0,30.222,112.0,880.0,4361.0,9323.0,12078.0,13501.0,chromatin_od,domain,1.30788,100,100,60,11,0.46153846153846156
459.tiff,canine soft tissue sarcoma,2,chromatin_od@domain,od,True,1.30788,True,False,130,90,14095,0.874,89,2,0.0,1.0,30.222,112.0,880.0,4361.0,9323.0,12078.0,13501.0,chromatin_od,domain,1.30788,250,250,85,35,0.6538461538461539
459.tiff,canine soft tissue sarcoma,2,chromatin_od@domain,od,True,1.30788,True,False,130,90,14095,0.874,89,2,0.0,1.0,30.222,112.0,880.0,4361.0,9323.0,12078.0,13501.0,chromatin_od,domain,1.30788,500,500,95,46,0.7307692307692307
459.tiff,canine soft tissue sarcoma,2,chromatin_od@domain,od,True,1.30788,True,False,130,90,14095,0.874,89,2,0.0,1.0,30.222,112.0,880.0,4361.0,9323.0,12078.0,13501.0,chromatin_od,domain,1.30788,1000,1000,104,61,0.8
459.tiff,canine soft tissue sarcoma,2,chromatin_od@domain,od,True,1.30788,True,False,130,90,14095,0.874,89,2,0.0,1.0,30.222,112.0,880.0,4361.0,9323.0,12078.0,13501.0,chromatin_od,domain,1.30788,2000,2000,111,71,0.8538461538461538
459.tiff,canine soft tissue sarcoma,2,chromatin_od@domain,od,True,1.30788,True,False,130,90,14095,0.874,89,2,0.0,1.0,30.222,112.0,880.0,4361.0,9323.0,12078.0,13501.0,chromatin_od,domain,1.30788,5000,5000,117,82,0.9
459.tiff,canine soft tissue sarcoma,3,tm_score@current,score,True,1.0,True,False,130,90,13446,0.8673,86,2,0.0,1.0,30.222,140.0,1987.0,4873.0,9174.0,10112.0,12535.0,tm_score,current,1.0,25,25,22,1,0.16923076923076924
459.tiff,canine soft tissue sarcoma,3,tm_score@current,score,True,1.0,True,False,130,90,13446,0.8673,86,2,0.0,1.0,30.222,140.0,1987.0,4873.0,9174.0,10112.0,12535.0,tm_score,current,1.0,50,50,39,3,0.3
459.tiff,canine soft tissue sarcoma,3,tm_score@current,score,True,1.0,True,False,130,90,13446,0.8673,86,2,0.0,1.0,30.222,140.0,1987.0,4873.0,9174.0,10112.0,12535.0,tm_score,current,1.0,100,100,57,9,0.43846153846153846
459.tiff,canine soft tissue sarcoma,3,tm_score@current,score,True,1.0,True,False,130,90,13446,0.8673,86,2,0.0,1.0,30.222,140.0,1987.0,4873.0,9174.0,10112.0,12535.0,tm_score,current,1.0,250,250,74,17,0.5692307692307692
459.tiff,canine soft tissue sarcoma,3,tm_score@current,score,True,1.0,True,False,130,90,13446,0.8673,86,2,0.0,1.0,30.222,140.0,1987.0,4873.0,9174.0,10112.0,12535.0,tm_score,current,1.0,500,500,89,26,0.6846153846153846
459.tiff,canine soft tissue sarcoma,3,tm_score@current,score,True,1.0,True,False,130,90,13446,0.8673,86,2,0.0,1.0,30.222,140.0,1987.0,4873.0,9174.0,10112.0,12535.0,tm_score,current,1.0,1000,1000,100,38,0.7692307692307693
459.tiff,canine soft tissue sarcoma,3,tm_score@current,score,True,1.0,True,False,130,90,13446,0.8673,86,2,0.0,1.0,30.222,140.0,1987.0,4873.0,9174.0,10112.0,12535.0,tm_score,current,1.0,2000,2000,104,44,0.8
459.tiff,canine soft tissue sarcoma,3,tm_score@current,score,True,1.0,True,False,130,90,13446,0.8673,86,2,0.0,1.0,30.222,140.0,1987.0,4873.0,9174.0,10112.0,12535.0,tm_score,current,1.0,5000,5000,117,66,0.9
459.tiff,canine soft tissue sarcoma,3,chromatin_od@current,od,True,1.0,True,False,130,90,13446,0.8673,86,2,0.0,1.0,30.222,115.0,839.0,4525.0,8697.0,11819.0,12881.0,chromatin_od,current,1.0,25,25,20,2,0.15384615384615385
459.tiff,canine soft tissue sarcoma,3,chromatin_od@current,od,True,1.0,True,False,130,90,13446,0.8673,86,2,0.0,1.0,30.222,115.0,839.0,4525.0,8697.0,11819.0,12881.0,chromatin_od,current,1.0,50,50,40,5,0.3076923076923077
459.tiff,canine soft tissue sarcoma,3,chromatin_od@current,od,True,1.0,True,False,130,90,13446,0.8673,86,2,0.0,1.0,30.222,115.0,839.0,4525.0,8697.0,11819.0,12881.0,chromatin_od,current,1.0,100,100,61,11,0.46923076923076923
459.tiff,canine soft tissue sarcoma,3,chromatin_od@current,od,True,1.0,True,False,130,90,13446,0.8673,86,2,0.0,1.0,30.222,115.0,839.0,4525.0,8697.0,11819.0,12881.0,chromatin_od,current,1.0,250,250,86,36,0.6615384615384615
459.tiff,canine soft tissue sarcoma,3,chromatin_od@current,od,True,1.0,True,False,130,90,13446,0.8673,86,2,0.0,1.0,30.222,115.0,839.0,4525.0,8697.0,11819.0,12881.0,chromatin_od,current,1.0,500,500,97,48,0.7461538461538462
459.tiff,canine soft tissue sarcoma,3,chromatin_od@current,od,True,1.0,True,False,130,90,13446,0.8673,86,2,0.0,1.0,30.222,115.0,839.0,4525.0,8697.0,11819.0,12881.0,chromatin_od,current,1.0,1000,1000,104,59,0.8
459.tiff,canine soft tissue sarcoma,3,chromatin_od@current,od,True,1.0,True,False,130,90,13446,0.8673,86,2,0.0,1.0,30.222,115.0,839.0,4525.0,8697.0,11819.0,12881.0,chromatin_od,current,1.0,2000,2000,111,71,0.8538461538461538
459.tiff,canine soft tissue sarcoma,3,chromatin_od@current,od,True,1.0,True,False,130,90,13446,0.8673,86,2,0.0,1.0,30.222,115.0,839.0,4525.0,8697.0,11819.0,12881.0,chromatin_od,current,1.0,5000,5000,118,80,0.9076923076923077
459.tiff,canine soft tissue sarcoma,3,tm_score@global,score,True,0.43783,True,False,130,90,14821,0.9125,88,2,0.0,1.0,30.222,140.0,1987.0,4873.0,9174.0,10112.0,12535.0,tm_score,global,0.43783,25,25,22,1,0.16923076923076924
459.tiff,canine soft tissue sarcoma,3,tm_score@global,score,True,0.43783,True,False,130,90,14821,0.9125,88,2,0.0,1.0,30.222,140.0,1987.0,4873.0,9174.0,10112.0,12535.0,tm_score,global,0.43783,50,50,39,3,0.3
459.tiff,canine soft tissue sarcoma,3,tm_score@global,score,True,0.43783,True,False,130,90,14821,0.9125,88,2,0.0,1.0,30.222,140.0,1987.0,4873.0,9174.0,10112.0,12535.0,tm_score,global,0.43783,100,100,57,9,0.43846153846153846
459.tiff,canine soft tissue sarcoma,3,tm_score@global,score,True,0.43783,True,False,130,90,14821,0.9125,88,2,0.0,1.0,30.222,140.0,1987.0,4873.0,9174.0,10112.0,12535.0,tm_score,global,0.43783,250,250,74,17,0.5692307692307692
459.tiff,canine soft tissue sarcoma,3,tm_score@global,score,True,0.43783,True,False,130,90,14821,0.9125,88,2,0.0,1.0,30.222,140.0,1987.0,4873.0,9174.0,10112.0,12535.0,tm_score,global,0.43783,500,500,89,26,0.6846153846153846
459.tiff,canine soft tissue sarcoma,3,tm_score@global,score,True,0.43783,True,False,130,90,14821,0.9125,88,2,0.0,1.0,30.222,140.0,1987.0,4873.0,9174.0,10112.0,12535.0,tm_score,global,0.43783,1000,1000,100,38,0.7692307692307693
459.tiff,canine soft tissue sarcoma,3,tm_score@global,score,True,0.43783,True,False,130,90,14821,0.9125,88,2,0.0,1.0,30.222,140.0,1987.0,4873.0,9174.0,10112.0,12535.0,tm_score,global,0.43783,2000,2000,104,44,0.8
459.tiff,canine soft tissue sarcoma,3,tm_score@global,score,True,0.43783,True,False,130,90,14821,0.9125,88,2,0.0,1.0,30.222,140.0,1987.0,4873.0,9174.0,10112.0,12535.0,tm_score,global,0.43783,5000,5000,117,66,0.9
459.tiff,canine soft tissue sarcoma,3,chromatin_od@global,od,True,0.43783,True,False,130,90,14821,0.9125,88,2,0.0,1.0,30.222,115.0,842.0,4558.0,8828.0,12198.0,13560.0,chromatin_od,global,0.43783,25,25,20,2,0.15384615384615385
459.tiff,canine soft tissue sarcoma,3,chromatin_od@global,od,True,0.43783,True,False,130,90,14821,0.9125,88,2,0.0,1.0,30.222,115.0,842.0,4558.0,8828.0,12198.0,13560.0,chromatin_od,global,0.43783,50,50,40,5,0.3076923076923077
459.tiff,canine soft tissue sarcoma,3,chromatin_od@global,od,True,0.43783,True,False,130,90,14821,0.9125,88,2,0.0,1.0,30.222,115.0,842.0,4558.0,8828.0,12198.0,13560.0,chromatin_od,global,0.43783,100,100,61,11,0.46923076923076923
459.tiff,canine soft tissue sarcoma,3,chromatin_od@global,od,True,0.43783,True,False,130,90,14821,0.9125,88,2,0.0,1.0,30.222,115.0,842.0,4558.0,8828.0,12198.0,13560.0,chromatin_od,global,0.43783,250,250,85,36,0.6538461538461539
459.tiff,canine soft tissue sarcoma,3,chromatin_od@global,od,True,0.43783,True,False,130,90,14821,0.9125,88,2,0.0,1.0,30.222,115.0,842.0,4558.0,8828.0,12198.0,13560.0,chromatin_od,global,0.43783,500,500,97,48,0.7461538461538462
459.tiff,canine soft tissue sarcoma,3,chromatin_od@global,od,True,0.43783,True,False,130,90,14821,0.9125,88,2,0.0,1.0,30.222,115.0,842.0,4558.0,8828.0,12198.0,13560.0,chromatin_od,global,0.43783,1000,1000,104,59,0.8
459.tiff,canine soft tissue sarcoma,3,chromatin_od@global,od,True,0.43783,True,False,130,90,14821,0.9125,88,2,0.0,1.0,30.222,115.0,842.0,4558.0,8828.0,12198.0,13560.0,chromatin_od,global,0.43783,2000,2000,111,71,0.8538461538461538
459.tiff,canine soft tissue sarcoma,3,chromatin_od@global,od,True,0.43783,True,False,130,90,14821,0.9125,88,2,0.0,1.0,30.222,115.0,842.0,4558.0,8828.0,12198.0,13560.0,chromatin_od,global,0.43783,5000,5000,118,81,0.9076923076923077
459.tiff,canine soft tissue sarcoma,3,tm_score@domain,score,True,1.30788,True,False,130,90,12535,0.8332,85,2,0.0,1.0,30.222,140.0,1987.0,4873.0,9174.0,10112.0,12535.0,tm_score,domain,1.30788,25,25,22,1,0.16923076923076924
459.tiff,canine soft tissue sarcoma,3,tm_score@domain,score,True,1.30788,True,False,130,90,12535,0.8332,85,2,0.0,1.0,30.222,140.0,1987.0,4873.0,9174.0,10112.0,12535.0,tm_score,domain,1.30788,50,50,39,3,0.3
459.tiff,canine soft tissue sarcoma,3,tm_score@domain,score,True,1.30788,True,False,130,90,12535,0.8332,85,2,0.0,1.0,30.222,140.0,1987.0,4873.0,9174.0,10112.0,12535.0,tm_score,domain,1.30788,100,100,57,9,0.43846153846153846
459.tiff,canine soft tissue sarcoma,3,tm_score@domain,score,True,1.30788,True,False,130,90,12535,0.8332,85,2,0.0,1.0,30.222,140.0,1987.0,4873.0,9174.0,10112.0,12535.0,tm_score,domain,1.30788,250,250,74,17,0.5692307692307692
459.tiff,canine soft tissue sarcoma,3,tm_score@domain,score,True,1.30788,True,False,130,90,12535,0.8332,85,2,0.0,1.0,30.222,140.0,1987.0,4873.0,9174.0,10112.0,12535.0,tm_score,domain,1.30788,500,500,89,26,0.6846153846153846
459.tiff,canine soft tissue sarcoma,3,tm_score@domain,score,True,1.30788,True,False,130,90,12535,0.8332,85,2,0.0,1.0,30.222,140.0,1987.0,4873.0,9174.0,10112.0,12535.0,tm_score,domain,1.30788,1000,1000,100,38,0.7692307692307693
459.tiff,canine soft tissue sarcoma,3,tm_score@domain,score,True,1.30788,True,False,130,90,12535,0.8332,85,2,0.0,1.0,30.222,140.0,1987.0,4873.0,9174.0,10112.0,12535.0,tm_score,domain,1.30788,2000,2000,104,44,0.8
459.tiff,canine soft tissue sarcoma,3,tm_score@domain,score,True,1.30788,True,False,130,90,12535,0.8332,85,2,0.0,1.0,30.222,140.0,1987.0,4873.0,9174.0,10112.0,12535.0,tm_score,domain,1.30788,5000,5000,117,66,0.9
459.tiff,canine soft tissue sarcoma,3,chromatin_od@domain,od,True,1.30788,True,False,130,90,12535,0.8332,85,2,0.0,1.0,30.222,115.0,834.0,4474.0,8497.0,11372.0,12216.0,chromatin_od,domain,1.30788,25,25,20,2,0.15384615384615385
459.tiff,canine soft tissue sarcoma,3,chromatin_od@domain,od,True,1.30788,True,False,130,90,12535,0.8332,85,2,0.0,1.0,30.222,115.0,834.0,4474.0,8497.0,11372.0,12216.0,chromatin_od,domain,1.30788,50,50,40,5,0.3076923076923077
459.tiff,canine soft tissue sarcoma,3,chromatin_od@domain,od,True,1.30788,True,False,130,90,12535,0.8332,85,2,0.0,1.0,30.222,115.0,834.0,4474.0,8497.0,11372.0,12216.0,chromatin_od,domain,1.30788,100,100,61,11,0.46923076923076923
459.tiff,canine soft tissue sarcoma,3,chromatin_od@domain,od,True,1.30788,True,False,130,90,12535,0.8332,85,2,0.0,1.0,30.222,115.0,834.0,4474.0,8497.0,11372.0,12216.0,chromatin_od,domain,1.30788,250,250,86,36,0.6615384615384615
459.tiff,canine soft tissue sarcoma,3,chromatin_od@domain,od,True,1.30788,True,False,130,90,12535,0.8332,85,2,0.0,1.0,30.222,115.0,834.0,4474.0,8497.0,11372.0,12216.0,chromatin_od,domain,1.30788,500,500,97,49,0.7461538461538462
459.tiff,canine soft tissue sarcoma,3,chromatin_od@domain,od,True,1.30788,True,False,130,90,12535,0.8332,85,2,0.0,1.0,30.222,115.0,834.0,4474.0,8497.0,11372.0,12216.0,chromatin_od,domain,1.30788,1000,1000,104,59,0.8
459.tiff,canine soft tissue sarcoma,3,chromatin_od@domain,od,True,1.30788,True,False,130,90,12535,0.8332,85,2,0.0,1.0,30.222,115.0,834.0,4474.0,8497.0,11372.0,12216.0,chromatin_od,domain,1.30788,2000,2000,111,71,0.8538461538461538
459.tiff,canine soft tissue sarcoma,3,chromatin_od@domain,od,True,1.30788,True,False,130,90,12535,0.8332,85,2,0.0,1.0,30.222,115.0,834.0,4474.0,8497.0,11372.0,12216.0,chromatin_od,domain,1.30788,5000,5000,118,80,0.9076923076923077
459.tiff,canine soft tissue sarcoma,4,tm_score@current,score,True,1.0,True,False,130,90,14128,0.8843,88,2,0.0,0.9923076923076923,30.222,117.0,1777.0,5072.0,9659.0,13061.0,,tm_score,current,1.0,25,25,22,2,0.16923076923076924
459.tiff,canine soft tissue sarcoma,4,tm_score@current,score,True,1.0,True,False,130,90,14128,0.8843,88,2,0.0,0.9923076923076923,30.222,117.0,1777.0,5072.0,9659.0,13061.0,,tm_score,current,1.0,50,50,39,5,0.3
459.tiff,canine soft tissue sarcoma,4,tm_score@current,score,True,1.0,True,False,130,90,14128,0.8843,88,2,0.0,0.9923076923076923,30.222,117.0,1777.0,5072.0,9659.0,13061.0,,tm_score,current,1.0,100,100,60,13,0.46153846153846156
459.tiff,canine soft tissue sarcoma,4,tm_score@current,score,True,1.0,True,False,130,90,14128,0.8843,88,2,0.0,0.9923076923076923,30.222,117.0,1777.0,5072.0,9659.0,13061.0,,tm_score,current,1.0,250,250,78,22,0.6
459.tiff,canine soft tissue sarcoma,4,tm_score@current,score,True,1.0,True,False,130,90,14128,0.8843,88,2,0.0,0.9923076923076923,30.222,117.0,1777.0,5072.0,9659.0,13061.0,,tm_score,current,1.0,500,500,86,33,0.6615384615384615
459.tiff,canine soft tissue sarcoma,4,tm_score@current,score,True,1.0,True,False,130,90,14128,0.8843,88,2,0.0,0.9923076923076923,30.222,117.0,1777.0,5072.0,9659.0,13061.0,,tm_score,current,1.0,1000,1000,98,42,0.7538461538461538
459.tiff,canine soft tissue sarcoma,4,tm_score@current,score,True,1.0,True,False,130,90,14128,0.8843,88,2,0.0,0.9923076923076923,30.222,117.0,1777.0,5072.0,9659.0,13061.0,,tm_score,current,1.0,2000,2000,105,60,0.8076923076923077
459.tiff,canine soft tissue sarcoma,4,tm_score@current,score,True,1.0,True,False,130,90,14128,0.8843,88,2,0.0,0.9923076923076923,30.222,117.0,1777.0,5072.0,9659.0,13061.0,,tm_score,current,1.0,5000,5000,116,72,0.8923076923076924
459.tiff,canine soft tissue sarcoma,4,chromatin_od@current,od,True,1.0,True,False,130,90,14128,0.8843,88,2,0.0,0.9923076923076923,30.222,116.0,1006.0,5009.0,9567.0,13334.0,,chromatin_od,current,1.0,25,25,21,2,0.16153846153846155
459.tiff,canine soft tissue sarcoma,4,chromatin_od@current,od,True,1.0,True,False,130,90,14128,0.8843,88,2,0.0,0.9923076923076923,30.222,116.0,1006.0,5009.0,9567.0,13334.0,,chromatin_od,current,1.0,50,50,42,4,0.3230769230769231
459.tiff,canine soft tissue sarcoma,4,chromatin_od@current,od,True,1.0,True,False,130,90,14128,0.8843,88,2,0.0,0.9923076923076923,30.222,116.0,1006.0,5009.0,9567.0,13334.0,,chromatin_od,current,1.0,100,100,60,11,0.46153846153846156
459.tiff,canine soft tissue sarcoma,4,chromatin_od@current,od,True,1.0,True,False,130,90,14128,0.8843,88,2,0.0,0.9923076923076923,30.222,116.0,1006.0,5009.0,9567.0,13334.0,,chromatin_od,current,1.0,250,250,85,36,0.6538461538461539
459.tiff,canine soft tissue sarcoma,4,chromatin_od@current,od,True,1.0,True,False,130,90,14128,0.8843,88,2,0.0,0.9923076923076923,30.222,116.0,1006.0,5009.0,9567.0,13334.0,,chromatin_od,current,1.0,500,500,96,50,0.7384615384615385
459.tiff,canine soft tissue sarcoma,4,chromatin_od@current,od,True,1.0,True,False,130,90,14128,0.8843,88,2,0.0,0.9923076923076923,30.222,116.0,1006.0,5009.0,9567.0,13334.0,,chromatin_od,current,1.0,1000,1000,103,62,0.7923076923076923
459.tiff,canine soft tissue sarcoma,4,chromatin_od@current,od,True,1.0,True,False,130,90,14128,0.8843,88,2,0.0,0.9923076923076923,30.222,116.0,1006.0,5009.0,9567.0,13334.0,,chromatin_od,current,1.0,2000,2000,110,72,0.8461538461538461
459.tiff,canine soft tissue sarcoma,4,chromatin_od@current,od,True,1.0,True,False,130,90,14128,0.8843,88,2,0.0,0.9923076923076923,30.222,116.0,1006.0,5009.0,9567.0,13334.0,,chromatin_od,current,1.0,5000,5000,116,81,0.8923076923076924
459.tiff,canine soft tissue sarcoma,4,tm_score@global,score,True,0.43783,True,False,130,90,15511,0.9254,88,2,0.0,0.9923076923076923,30.222,117.0,1777.0,5072.0,9659.0,13061.0,,tm_score,global,0.43783,25,25,22,2,0.16923076923076924
459.tiff,canine soft tissue sarcoma,4,tm_score@global,score,True,0.43783,True,False,130,90,15511,0.9254,88,2,0.0,0.9923076923076923,30.222,117.0,1777.0,5072.0,9659.0,13061.0,,tm_score,global,0.43783,50,50,39,5,0.3
459.tiff,canine soft tissue sarcoma,4,tm_score@global,score,True,0.43783,True,False,130,90,15511,0.9254,88,2,0.0,0.9923076923076923,30.222,117.0,1777.0,5072.0,9659.0,13061.0,,tm_score,global,0.43783,100,100,60,13,0.46153846153846156
459.tiff,canine soft tissue sarcoma,4,tm_score@global,score,True,0.43783,True,False,130,90,15511,0.9254,88,2,0.0,0.9923076923076923,30.222,117.0,1777.0,5072.0,9659.0,13061.0,,tm_score,global,0.43783,250,250,78,22,0.6
459.tiff,canine soft tissue sarcoma,4,tm_score@global,score,True,0.43783,True,False,130,90,15511,0.9254,88,2,0.0,0.9923076923076923,30.222,117.0,1777.0,5072.0,9659.0,13061.0,,tm_score,global,0.43783,500,500,86,33,0.6615384615384615
459.tiff,canine soft tissue sarcoma,4,tm_score@global,score,True,0.43783,True,False,130,90,15511,0.9254,88,2,0.0,0.9923076923076923,30.222,117.0,1777.0,5072.0,9659.0,13061.0,,tm_score,global,0.43783,1000,1000,98,42,0.7538461538461538
459.tiff,canine soft tissue sarcoma,4,tm_score@global,score,True,0.43783,True,False,130,90,15511,0.9254,88,2,0.0,0.9923076923076923,30.222,117.0,1777.0,5072.0,9659.0,13061.0,,tm_score,global,0.43783,2000,2000,105,60,0.8076923076923077
459.tiff,canine soft tissue sarcoma,4,tm_score@global,score,True,0.43783,True,False,130,90,15511,0.9254,88,2,0.0,0.9923076923076923,30.222,117.0,1777.0,5072.0,9659.0,13061.0,,tm_score,global,0.43783,5000,5000,116,72,0.8923076923076924
459.tiff,canine soft tissue sarcoma,4,chromatin_od@global,od,True,0.43783,True,False,130,90,15511,0.9254,88,2,0.0,0.9923076923076923,30.222,117.0,1010.0,5044.0,9713.0,13997.0,,chromatin_od,global,0.43783,25,25,21,2,0.16153846153846155
459.tiff,canine soft tissue sarcoma,4,chromatin_od@global,od,True,0.43783,True,False,130,90,15511,0.9254,88,2,0.0,0.9923076923076923,30.222,117.0,1010.0,5044.0,9713.0,13997.0,,chromatin_od,global,0.43783,50,50,42,4,0.3230769230769231
459.tiff,canine soft tissue sarcoma,4,chromatin_od@global,od,True,0.43783,True,False,130,90,15511,0.9254,88,2,0.0,0.9923076923076923,30.222,117.0,1010.0,5044.0,9713.0,13997.0,,chromatin_od,global,0.43783,100,100,60,11,0.46153846153846156
459.tiff,canine soft tissue sarcoma,4,chromatin_od@global,od,True,0.43783,True,False,130,90,15511,0.9254,88,2,0.0,0.9923076923076923,30.222,117.0,1010.0,5044.0,9713.0,13997.0,,chromatin_od,global,0.43783,250,250,84,36,0.6461538461538462
459.tiff,canine soft tissue sarcoma,4,chromatin_od@global,od,True,0.43783,True,False,130,90,15511,0.9254,88,2,0.0,0.9923076923076923,30.222,117.0,1010.0,5044.0,9713.0,13997.0,,chromatin_od,global,0.43783,500,500,96,49,0.7384615384615385
459.tiff,canine soft tissue sarcoma,4,chromatin_od@global,od,True,0.43783,True,False,130,90,15511,0.9254,88,2,0.0,0.9923076923076923,30.222,117.0,1010.0,5044.0,9713.0,13997.0,,chromatin_od,global,0.43783,1000,1000,103,62,0.7923076923076923
459.tiff,canine soft tissue sarcoma,4,chromatin_od@global,od,True,0.43783,True,False,130,90,15511,0.9254,88,2,0.0,0.9923076923076923,30.222,117.0,1010.0,5044.0,9713.0,13997.0,,chromatin_od,global,0.43783,2000,2000,110,72,0.8461538461538461
459.tiff,canine soft tissue sarcoma,4,chromatin_od@global,od,True,0.43783,True,False,130,90,15511,0.9254,88,2,0.0,0.9923076923076923,30.222,117.0,1010.0,5044.0,9713.0,13997.0,,chromatin_od,global,0.43783,5000,5000,116,81,0.8923076923076924
459.tiff,canine soft tissue sarcoma,4,tm_score@domain,score,True,1.30788,True,False,130,90,13260,0.8537,86,2,0.0,0.9923076923076923,30.222,117.0,1777.0,5072.0,9659.0,13061.0,,tm_score,domain,1.30788,25,25,22,2,0.16923076923076924
459.tiff,canine soft tissue sarcoma,4,tm_score@domain,score,True,1.30788,True,False,130,90,13260,0.8537,86,2,0.0,0.9923076923076923,30.222,117.0,1777.0,5072.0,9659.0,13061.0,,tm_score,domain,1.30788,50,50,39,5,0.3
459.tiff,canine soft tissue sarcoma,4,tm_score@domain,score,True,1.30788,True,False,130,90,13260,0.8537,86,2,0.0,0.9923076923076923,30.222,117.0,1777.0,5072.0,9659.0,13061.0,,tm_score,domain,1.30788,100,100,60,13,0.46153846153846156
459.tiff,canine soft tissue sarcoma,4,tm_score@domain,score,True,1.30788,True,False,130,90,13260,0.8537,86,2,0.0,0.9923076923076923,30.222,117.0,1777.0,5072.0,9659.0,13061.0,,tm_score,domain,1.30788,250,250,78,22,0.6
459.tiff,canine soft tissue sarcoma,4,tm_score@domain,score,True,1.30788,True,False,130,90,13260,0.8537,86,2,0.0,0.9923076923076923,30.222,117.0,1777.0,5072.0,9659.0,13061.0,,tm_score,domain,1.30788,500,500,86,33,0.6615384615384615
459.tiff,canine soft tissue sarcoma,4,tm_score@domain,score,True,1.30788,True,False,130,90,13260,0.8537,86,2,0.0,0.9923076923076923,30.222,117.0,1777.0,5072.0,9659.0,13061.0,,tm_score,domain,1.30788,1000,1000,98,42,0.7538461538461538
459.tiff,canine soft tissue sarcoma,4,tm_score@domain,score,True,1.30788,True,False,130,90,13260,0.8537,86,2,0.0,0.9923076923076923,30.222,117.0,1777.0,5072.0,9659.0,13061.0,,tm_score,domain,1.30788,2000,2000,105,60,0.8076923076923077
459.tiff,canine soft tissue sarcoma,4,tm_score@domain,score,True,1.30788,True,False,130,90,13260,0.8537,86,2,0.0,0.9923076923076923,30.222,117.0,1777.0,5072.0,9659.0,13061.0,,tm_score,domain,1.30788,5000,5000,116,72,0.8923076923076924
459.tiff,canine soft tissue sarcoma,4,chromatin_od@domain,od,True,1.30788,True,False,130,90,13260,0.8537,86,2,0.0,0.9923076923076923,30.222,116.0,1000.0,4963.0,9384.0,12796.0,,chromatin_od,domain,1.30788,25,25,21,2,0.16153846153846155
459.tiff,canine soft tissue sarcoma,4,chromatin_od@domain,od,True,1.30788,True,False,130,90,13260,0.8537,86,2,0.0,0.9923076923076923,30.222,116.0,1000.0,4963.0,9384.0,12796.0,,chromatin_od,domain,1.30788,50,50,42,4,0.3230769230769231
459.tiff,canine soft tissue sarcoma,4,chromatin_od@domain,od,True,1.30788,True,False,130,90,13260,0.8537,86,2,0.0,0.9923076923076923,30.222,116.0,1000.0,4963.0,9384.0,12796.0,,chromatin_od,domain,1.30788,100,100,60,11,0.46153846153846156
459.tiff,canine soft tissue sarcoma,4,chromatin_od@domain,od,True,1.30788,True,False,130,90,13260,0.8537,86,2,0.0,0.9923076923076923,30.222,116.0,1000.0,4963.0,9384.0,12796.0,,chromatin_od,domain,1.30788,250,250,85,36,0.6538461538461539
459.tiff,canine soft tissue sarcoma,4,chromatin_od@domain,od,True,1.30788,True,False,130,90,13260,0.8537,86,2,0.0,0.9923076923076923,30.222,116.0,1000.0,4963.0,9384.0,12796.0,,chromatin_od,domain,1.30788,500,500,96,51,0.7384615384615385
459.tiff,canine soft tissue sarcoma,4,chromatin_od@domain,od,True,1.30788,True,False,130,90,13260,0.8537,86,2,0.0,0.9923076923076923,30.222,116.0,1000.0,4963.0,9384.0,12796.0,,chromatin_od,domain,1.30788,1000,1000,104,61,0.8
459.tiff,canine soft tissue sarcoma,4,chromatin_od@domain,od,True,1.30788,True,False,130,90,13260,0.8537,86,2,0.0,0.9923076923076923,30.222,116.0,1000.0,4963.0,9384.0,12796.0,,chromatin_od,domain,1.30788,2000,2000,110,73,0.8461538461538461
459.tiff,canine soft tissue sarcoma,4,chromatin_od@domain,od,True,1.30788,True,False,130,90,13260,0.8537,86,2,0.0,0.9923076923076923,30.222,116.0,1000.0,4963.0,9384.0,12796.0,,chromatin_od,domain,1.30788,5000,5000,117,81,0.9
094.tiff,human breast cancer,0,tm_score@current,score,True,1.0,True,False,81,102,15369,0.8865,102,2,0.0,1.0,32.63,135.0,809.0,1115.0,1351.0,3305.0,3305.0,tm_score,current,1.0,25,25,13,9,0.16049382716049382
094.tiff,human breast cancer,0,tm_score@current,score,True,1.0,True,False,81,102,15369,0.8865,102,2,0.0,1.0,32.63,135.0,809.0,1115.0,1351.0,3305.0,3305.0,tm_score,current,1.0,50,50,25,12,0.30864197530864196
094.tiff,human breast cancer,0,tm_score@current,score,True,1.0,True,False,81,102,15369,0.8865,102,2,0.0,1.0,32.63,135.0,809.0,1115.0,1351.0,3305.0,3305.0,tm_score,current,1.0,100,100,37,20,0.4567901234567901
094.tiff,human breast cancer,0,tm_score@current,score,True,1.0,True,False,81,102,15369,0.8865,102,2,0.0,1.0,32.63,135.0,809.0,1115.0,1351.0,3305.0,3305.0,tm_score,current,1.0,250,250,43,39,0.5308641975308642
094.tiff,human breast cancer,0,tm_score@current,score,True,1.0,True,False,81,102,15369,0.8865,102,2,0.0,1.0,32.63,135.0,809.0,1115.0,1351.0,3305.0,3305.0,tm_score,current,1.0,500,500,57,53,0.7037037037037037
094.tiff,human breast cancer,0,tm_score@current,score,True,1.0,True,False,81,102,15369,0.8865,102,2,0.0,1.0,32.63,135.0,809.0,1115.0,1351.0,3305.0,3305.0,tm_score,current,1.0,1000,1000,68,78,0.8395061728395061
094.tiff,human breast cancer,0,tm_score@current,score,True,1.0,True,False,81,102,15369,0.8865,102,2,0.0,1.0,32.63,135.0,809.0,1115.0,1351.0,3305.0,3305.0,tm_score,current,1.0,2000,2000,79,99,0.9753086419753086
094.tiff,human breast cancer,0,tm_score@current,score,True,1.0,True,False,81,102,15369,0.8865,102,2,0.0,1.0,32.63,135.0,809.0,1115.0,1351.0,3305.0,3305.0,tm_score,current,1.0,5000,5000,81,102,1.0
094.tiff,human breast cancer,0,chromatin_od@current,od,True,1.0,True,False,81,102,15369,0.8865,102,2,0.0,1.0,32.63,74.0,401.0,629.0,895.0,4775.0,4775.0,chromatin_od,current,1.0,25,25,18,6,0.2222222222222222
094.tiff,human breast cancer,0,chromatin_od@current,od,True,1.0,True,False,81,102,15369,0.8865,102,2,0.0,1.0,32.63,74.0,401.0,629.0,895.0,4775.0,4775.0,chromatin_od,current,1.0,50,50,32,15,0.3950617283950617
094.tiff,human breast cancer,0,chromatin_od@current,od,True,1.0,True,False,81,102,15369,0.8865,102,2,0.0,1.0,32.63,74.0,401.0,629.0,895.0,4775.0,4775.0,chromatin_od,current,1.0,100,100,46,21,0.5679012345679012
094.tiff,human breast cancer,0,chromatin_od@current,od,True,1.0,True,False,81,102,15369,0.8865,102,2,0.0,1.0,32.63,74.0,401.0,629.0,895.0,4775.0,4775.0,chromatin_od,current,1.0,250,250,60,37,0.7407407407407407
094.tiff,human breast cancer,0,chromatin_od@current,od,True,1.0,True,False,81,102,15369,0.8865,102,2,0.0,1.0,32.63,74.0,401.0,629.0,895.0,4775.0,4775.0,chromatin_od,current,1.0,500,500,69,58,0.8518518518518519
094.tiff,human breast cancer,0,chromatin_od@current,od,True,1.0,True,False,81,102,15369,0.8865,102,2,0.0,1.0,32.63,74.0,401.0,629.0,895.0,4775.0,4775.0,chromatin_od,current,1.0,1000,1000,77,83,0.9506172839506173
094.tiff,human breast cancer,0,chromatin_od@current,od,True,1.0,True,False,81,102,15369,0.8865,102,2,0.0,1.0,32.63,74.0,401.0,629.0,895.0,4775.0,4775.0,chromatin_od,current,1.0,2000,2000,78,94,0.9629629629629629
094.tiff,human breast cancer,0,chromatin_od@current,od,True,1.0,True,False,81,102,15369,0.8865,102,2,0.0,1.0,32.63,74.0,401.0,629.0,895.0,4775.0,4775.0,chromatin_od,current,1.0,5000,5000,81,102,1.0
094.tiff,human breast cancer,0,tm_score@global,score,True,0.43783,True,False,81,102,17108,0.9356,102,2,0.0,1.0,32.63,135.0,809.0,1115.0,1351.0,3305.0,3305.0,tm_score,global,0.43783,25,25,13,9,0.16049382716049382
094.tiff,human breast cancer,0,tm_score@global,score,True,0.43783,True,False,81,102,17108,0.9356,102,2,0.0,1.0,32.63,135.0,809.0,1115.0,1351.0,3305.0,3305.0,tm_score,global,0.43783,50,50,25,12,0.30864197530864196
094.tiff,human breast cancer,0,tm_score@global,score,True,0.43783,True,False,81,102,17108,0.9356,102,2,0.0,1.0,32.63,135.0,809.0,1115.0,1351.0,3305.0,3305.0,tm_score,global,0.43783,100,100,37,20,0.4567901234567901
094.tiff,human breast cancer,0,tm_score@global,score,True,0.43783,True,False,81,102,17108,0.9356,102,2,0.0,1.0,32.63,135.0,809.0,1115.0,1351.0,3305.0,3305.0,tm_score,global,0.43783,250,250,43,39,0.5308641975308642
094.tiff,human breast cancer,0,tm_score@global,score,True,0.43783,True,False,81,102,17108,0.9356,102,2,0.0,1.0,32.63,135.0,809.0,1115.0,1351.0,3305.0,3305.0,tm_score,global,0.43783,500,500,57,53,0.7037037037037037
094.tiff,human breast cancer,0,tm_score@global,score,True,0.43783,True,False,81,102,17108,0.9356,102,2,0.0,1.0,32.63,135.0,809.0,1115.0,1351.0,3305.0,3305.0,tm_score,global,0.43783,1000,1000,68,78,0.8395061728395061
094.tiff,human breast cancer,0,tm_score@global,score,True,0.43783,True,False,81,102,17108,0.9356,102,2,0.0,1.0,32.63,135.0,809.0,1115.0,1351.0,3305.0,3305.0,tm_score,global,0.43783,2000,2000,79,99,0.9753086419753086
094.tiff,human breast cancer,0,tm_score@global,score,True,0.43783,True,False,81,102,17108,0.9356,102,2,0.0,1.0,32.63,135.0,809.0,1115.0,1351.0,3305.0,3305.0,tm_score,global,0.43783,5000,5000,81,102,1.0
094.tiff,human breast cancer,0,chromatin_od@global,od,True,0.43783,True,False,81,102,17108,0.9356,102,2,0.0,1.0,32.63,74.0,402.0,631.0,905.0,4873.0,4873.0,chromatin_od,global,0.43783,25,25,18,6,0.2222222222222222
094.tiff,human breast cancer,0,chromatin_od@global,od,True,0.43783,True,False,81,102,17108,0.9356,102,2,0.0,1.0,32.63,74.0,402.0,631.0,905.0,4873.0,4873.0,chromatin_od,global,0.43783,50,50,32,15,0.3950617283950617
094.tiff,human breast cancer,0,chromatin_od@global,od,True,0.43783,True,False,81,102,17108,0.9356,102,2,0.0,1.0,32.63,74.0,402.0,631.0,905.0,4873.0,4873.0,chromatin_od,global,0.43783,100,100,46,21,0.5679012345679012
094.tiff,human breast cancer,0,chromatin_od@global,od,True,0.43783,True,False,81,102,17108,0.9356,102,2,0.0,1.0,32.63,74.0,402.0,631.0,905.0,4873.0,4873.0,chromatin_od,global,0.43783,250,250,60,37,0.7407407407407407
094.tiff,human breast cancer,0,chromatin_od@global,od,True,0.43783,True,False,81,102,17108,0.9356,102,2,0.0,1.0,32.63,74.0,402.0,631.0,905.0,4873.0,4873.0,chromatin_od,global,0.43783,500,500,69,58,0.8518518518518519
094.tiff,human breast cancer,0,chromatin_od@global,od,True,0.43783,True,False,81,102,17108,0.9356,102,2,0.0,1.0,32.63,74.0,402.0,631.0,905.0,4873.0,4873.0,chromatin_od,global,0.43783,1000,1000,77,83,0.9506172839506173
094.tiff,human breast cancer,0,chromatin_od@global,od,True,0.43783,True,False,81,102,17108,0.9356,102,2,0.0,1.0,32.63,74.0,402.0,631.0,905.0,4873.0,4873.0,chromatin_od,global,0.43783,2000,2000,78,94,0.9629629629629629
094.tiff,human breast cancer,0,chromatin_od@global,od,True,0.43783,True,False,81,102,17108,0.9356,102,2,0.0,1.0,32.63,74.0,402.0,631.0,905.0,4873.0,4873.0,chromatin_od,global,0.43783,5000,5000,81,102,1.0
094.tiff,human breast cancer,0,tm_score@domain,score,True,3.48766,True,False,81,102,6778,0.5022,102,2,0.0,1.0,32.63,135.0,809.0,1115.0,1351.0,3305.0,3305.0,tm_score,domain,3.48766,25,25,13,9,0.16049382716049382
094.tiff,human breast cancer,0,tm_score@domain,score,True,3.48766,True,False,81,102,6778,0.5022,102,2,0.0,1.0,32.63,135.0,809.0,1115.0,1351.0,3305.0,3305.0,tm_score,domain,3.48766,50,50,25,12,0.30864197530864196
094.tiff,human breast cancer,0,tm_score@domain,score,True,3.48766,True,False,81,102,6778,0.5022,102,2,0.0,1.0,32.63,135.0,809.0,1115.0,1351.0,3305.0,3305.0,tm_score,domain,3.48766,100,100,37,20,0.4567901234567901
094.tiff,human breast cancer,0,tm_score@domain,score,True,3.48766,True,False,81,102,6778,0.5022,102,2,0.0,1.0,32.63,135.0,809.0,1115.0,1351.0,3305.0,3305.0,tm_score,domain,3.48766,250,250,43,39,0.5308641975308642
094.tiff,human breast cancer,0,tm_score@domain,score,True,3.48766,True,False,81,102,6778,0.5022,102,2,0.0,1.0,32.63,135.0,809.0,1115.0,1351.0,3305.0,3305.0,tm_score,domain,3.48766,500,500,57,53,0.7037037037037037
094.tiff,human breast cancer,0,tm_score@domain,score,True,3.48766,True,False,81,102,6778,0.5022,102,2,0.0,1.0,32.63,135.0,809.0,1115.0,1351.0,3305.0,3305.0,tm_score,domain,3.48766,1000,1000,68,78,0.8395061728395061
094.tiff,human breast cancer,0,tm_score@domain,score,True,3.48766,True,False,81,102,6778,0.5022,102,2,0.0,1.0,32.63,135.0,809.0,1115.0,1351.0,3305.0,3305.0,tm_score,domain,3.48766,2000,2000,79,99,0.9753086419753086
094.tiff,human breast cancer,0,tm_score@domain,score,True,3.48766,True,False,81,102,6778,0.5022,102,2,0.0,1.0,32.63,135.0,809.0,1115.0,1351.0,3305.0,3305.0,tm_score,domain,3.48766,5000,5000,81,102,1.0
094.tiff,human breast cancer,0,chromatin_od@domain,od,True,3.48766,True,False,81,102,6778,0.5022,102,2,0.0,1.0,32.63,74.0,398.0,620.0,876.0,3884.0,3884.0,chromatin_od,domain,3.48766,25,25,18,6,0.2222222222222222
094.tiff,human breast cancer,0,chromatin_od@domain,od,True,3.48766,True,False,81,102,6778,0.5022,102,2,0.0,1.0,32.63,74.0,398.0,620.0,876.0,3884.0,3884.0,chromatin_od,domain,3.48766,50,50,32,15,0.3950617283950617
094.tiff,human breast cancer,0,chromatin_od@domain,od,True,3.48766,True,False,81,102,6778,0.5022,102,2,0.0,1.0,32.63,74.0,398.0,620.0,876.0,3884.0,3884.0,chromatin_od,domain,3.48766,100,100,46,21,0.5679012345679012
094.tiff,human breast cancer,0,chromatin_od@domain,od,True,3.48766,True,False,81,102,6778,0.5022,102,2,0.0,1.0,32.63,74.0,398.0,620.0,876.0,3884.0,3884.0,chromatin_od,domain,3.48766,250,250,60,37,0.7407407407407407
094.tiff,human breast cancer,0,chromatin_od@domain,od,True,3.48766,True,False,81,102,6778,0.5022,102,2,0.0,1.0,32.63,74.0,398.0,620.0,876.0,3884.0,3884.0,chromatin_od,domain,3.48766,500,500,69,59,0.8518518518518519
094.tiff,human breast cancer,0,chromatin_od@domain,od,True,3.48766,True,False,81,102,6778,0.5022,102,2,0.0,1.0,32.63,74.0,398.0,620.0,876.0,3884.0,3884.0,chromatin_od,domain,3.48766,1000,1000,77,85,0.9506172839506173
094.tiff,human breast cancer,0,chromatin_od@domain,od,True,3.48766,True,False,81,102,6778,0.5022,102,2,0.0,1.0,32.63,74.0,398.0,620.0,876.0,3884.0,3884.0,chromatin_od,domain,3.48766,2000,2000,78,96,0.9629629629629629
094.tiff,human breast cancer,0,chromatin_od@domain,od,True,3.48766,True,False,81,102,6778,0.5022,102,2,0.0,1.0,32.63,74.0,398.0,620.0,876.0,3884.0,3884.0,chromatin_od,domain,3.48766,5000,5000,81,102,1.0
094.tiff,human breast cancer,1,tm_score@current,score,True,1.0,True,False,81,102,14621,0.8582,102,2,0.0,1.0,32.63,75.0,463.0,717.0,1104.0,4441.0,4441.0,tm_score,current,1.0,25,25,18,6,0.2222222222222222
094.tiff,human breast cancer,1,tm_score@current,score,True,1.0,True,False,81,102,14621,0.8582,102,2,0.0,1.0,32.63,75.0,463.0,717.0,1104.0,4441.0,4441.0,tm_score,current,1.0,50,50,31,14,0.38271604938271603
094.tiff,human breast cancer,1,tm_score@current,score,True,1.0,True,False,81,102,14621,0.8582,102,2,0.0,1.0,32.63,75.0,463.0,717.0,1104.0,4441.0,4441.0,tm_score,current,1.0,100,100,45,21,0.5555555555555556
094.tiff,human breast cancer,1,tm_score@current,score,True,1.0,True,False,81,102,14621,0.8582,102,2,0.0,1.0,32.63,75.0,463.0,717.0,1104.0,4441.0,4441.0,tm_score,current,1.0,250,250,54,39,0.6666666666666666
094.tiff,human breast cancer,1,tm_score@current,score,True,1.0,True,False,81,102,14621,0.8582,102,2,0.0,1.0,32.63,75.0,463.0,717.0,1104.0,4441.0,4441.0,tm_score,current,1.0,500,500,68,68,0.8395061728395061
094.tiff,human breast cancer,1,tm_score@current,score,True,1.0,True,False,81,102,14621,0.8582,102,2,0.0,1.0,32.63,75.0,463.0,717.0,1104.0,4441.0,4441.0,tm_score,current,1.0,1000,1000,76,83,0.9382716049382716
094.tiff,human breast cancer,1,tm_score@current,score,True,1.0,True,False,81,102,14621,0.8582,102,2,0.0,1.0,32.63,75.0,463.0,717.0,1104.0,4441.0,4441.0,tm_score,current,1.0,2000,2000,78,95,0.9629629629629629
094.tiff,human breast cancer,1,tm_score@current,score,True,1.0,True,False,81,102,14621,0.8582,102,2,0.0,1.0,32.63,75.0,463.0,717.0,1104.0,4441.0,4441.0,tm_score,current,1.0,5000,5000,81,102,1.0
094.tiff,human breast cancer,1,chromatin_od@current,od,True,1.0,True,False,81,102,14621,0.8582,102,2,0.0,1.0,32.63,72.0,419.0,672.0,896.0,5339.0,5339.0,chromatin_od,current,1.0,25,25,17,6,0.20987654320987653
094.tiff,human breast cancer,1,chromatin_od@current,od,True,1.0,True,False,81,102,14621,0.8582,102,2,0.0,1.0,32.63,72.0,419.0,672.0,896.0,5339.0,5339.0,chromatin_od,current,1.0,50,50,32,15,0.3950617283950617
094.tiff,human breast cancer,1,chromatin_od@current,od,True,1.0,True,False,81,102,14621,0.8582,102,2,0.0,1.0,32.63,72.0,419.0,672.0,896.0,5339.0,5339.0,chromatin_od,current,1.0,100,100,45,21,0.5555555555555556
094.tiff,human breast cancer,1,chromatin_od@current,od,True,1.0,True,False,81,102,14621,0.8582,102,2,0.0,1.0,32.63,72.0,419.0,672.0,896.0,5339.0,5339.0,chromatin_od,current,1.0,250,250,58,35,0.7160493827160493
094.tiff,human breast cancer,1,chromatin_od@current,od,True,1.0,True,False,81,102,14621,0.8582,102,2,0.0,1.0,32.63,72.0,419.0,672.0,896.0,5339.0,5339.0,chromatin_od,current,1.0,500,500,70,56,0.8641975308641975
094.tiff,human breast cancer,1,chromatin_od@current,od,True,1.0,True,False,81,102,14621,0.8582,102,2,0.0,1.0,32.63,72.0,419.0,672.0,896.0,5339.0,5339.0,chromatin_od,current,1.0,1000,1000,77,83,0.9506172839506173
094.tiff,human breast cancer,1,chromatin_od@current,od,True,1.0,True,False,81,102,14621,0.8582,102,2,0.0,1.0,32.63,72.0,419.0,672.0,896.0,5339.0,5339.0,chromatin_od,current,1.0,2000,2000,78,94,0.9629629629629629
094.tiff,human breast cancer,1,chromatin_od@current,od,True,1.0,True,False,81,102,14621,0.8582,102,2,0.0,1.0,32.63,72.0,419.0,672.0,896.0,5339.0,5339.0,chromatin_od,current,1.0,5000,5000,80,101,0.9876543209876543
094.tiff,human breast cancer,1,tm_score@global,score,True,0.43783,True,False,81,102,16666,0.9223,102,2,0.0,1.0,32.63,75.0,463.0,717.0,1104.0,4441.0,4441.0,tm_score,global,0.43783,25,25,18,6,0.2222222222222222
094.tiff,human breast cancer,1,tm_score@global,score,True,0.43783,True,False,81,102,16666,0.9223,102,2,0.0,1.0,32.63,75.0,463.0,717.0,1104.0,4441.0,4441.0,tm_score,global,0.43783,50,50,31,14,0.38271604938271603
094.tiff,human breast cancer,1,tm_score@global,score,True,0.43783,True,False,81,102,16666,0.9223,102,2,0.0,1.0,32.63,75.0,463.0,717.0,1104.0,4441.0,4441.0,tm_score,global,0.43783,100,100,45,21,0.5555555555555556
094.tiff,human breast cancer,1,tm_score@global,score,True,0.43783,True,False,81,102,16666,0.9223,102,2,0.0,1.0,32.63,75.0,463.0,717.0,1104.0,4441.0,4441.0,tm_score,global,0.43783,250,250,54,39,0.6666666666666666
094.tiff,human breast cancer,1,tm_score@global,score,True,0.43783,True,False,81,102,16666,0.9223,102,2,0.0,1.0,32.63,75.0,463.0,717.0,1104.0,4441.0,4441.0,tm_score,global,0.43783,500,500,68,68,0.8395061728395061
094.tiff,human breast cancer,1,tm_score@global,score,True,0.43783,True,False,81,102,16666,0.9223,102,2,0.0,1.0,32.63,75.0,463.0,717.0,1104.0,4441.0,4441.0,tm_score,global,0.43783,1000,1000,76,83,0.9382716049382716
094.tiff,human breast cancer,1,tm_score@global,score,True,0.43783,True,False,81,102,16666,0.9223,102,2,0.0,1.0,32.63,75.0,463.0,717.0,1104.0,4441.0,4441.0,tm_score,global,0.43783,2000,2000,78,95,0.9629629629629629
094.tiff,human breast cancer,1,tm_score@global,score,True,0.43783,True,False,81,102,16666,0.9223,102,2,0.0,1.0,32.63,75.0,463.0,717.0,1104.0,4441.0,4441.0,tm_score,global,0.43783,5000,5000,81,102,1.0
094.tiff,human breast cancer,1,chromatin_od@global,od,True,0.43783,True,False,81,102,16666,0.9223,102,2,0.0,1.0,32.63,72.0,420.0,673.0,898.0,5400.0,5400.0,chromatin_od,global,0.43783,25,25,17,6,0.20987654320987653
094.tiff,human breast cancer,1,chromatin_od@global,od,True,0.43783,True,False,81,102,16666,0.9223,102,2,0.0,1.0,32.63,72.0,420.0,673.0,898.0,5400.0,5400.0,chromatin_od,global,0.43783,50,50,32,15,0.3950617283950617
094.tiff,human breast cancer,1,chromatin_od@global,od,True,0.43783,True,False,81,102,16666,0.9223,102,2,0.0,1.0,32.63,72.0,420.0,673.0,898.0,5400.0,5400.0,chromatin_od,global,0.43783,100,100,45,21,0.5555555555555556
094.tiff,human breast cancer,1,chromatin_od@global,od,True,0.43783,True,False,81,102,16666,0.9223,102,2,0.0,1.0,32.63,72.0,420.0,673.0,898.0,5400.0,5400.0,chromatin_od,global,0.43783,250,250,58,35,0.7160493827160493
094.tiff,human breast cancer,1,chromatin_od@global,od,True,0.43783,True,False,81,102,16666,0.9223,102,2,0.0,1.0,32.63,72.0,420.0,673.0,898.0,5400.0,5400.0,chromatin_od,global,0.43783,500,500,70,56,0.8641975308641975
094.tiff,human breast cancer,1,chromatin_od@global,od,True,0.43783,True,False,81,102,16666,0.9223,102,2,0.0,1.0,32.63,72.0,420.0,673.0,898.0,5400.0,5400.0,chromatin_od,global,0.43783,1000,1000,77,83,0.9506172839506173
094.tiff,human breast cancer,1,chromatin_od@global,od,True,0.43783,True,False,81,102,16666,0.9223,102,2,0.0,1.0,32.63,72.0,420.0,673.0,898.0,5400.0,5400.0,chromatin_od,global,0.43783,2000,2000,78,94,0.9629629629629629
094.tiff,human breast cancer,1,chromatin_od@global,od,True,0.43783,True,False,81,102,16666,0.9223,102,2,0.0,1.0,32.63,72.0,420.0,673.0,898.0,5400.0,5400.0,chromatin_od,global,0.43783,5000,5000,80,101,0.9876543209876543
094.tiff,human breast cancer,1,tm_score@domain,score,True,3.48766,True,False,81,102,4809,0.3661,102,1,0.0,1.0,32.63,75.0,463.0,717.0,1104.0,4441.0,4441.0,tm_score,domain,3.48766,25,25,18,6,0.2222222222222222
094.tiff,human breast cancer,1,tm_score@domain,score,True,3.48766,True,False,81,102,4809,0.3661,102,1,0.0,1.0,32.63,75.0,463.0,717.0,1104.0,4441.0,4441.0,tm_score,domain,3.48766,50,50,31,14,0.38271604938271603
094.tiff,human breast cancer,1,tm_score@domain,score,True,3.48766,True,False,81,102,4809,0.3661,102,1,0.0,1.0,32.63,75.0,463.0,717.0,1104.0,4441.0,4441.0,tm_score,domain,3.48766,100,100,45,21,0.5555555555555556
094.tiff,human breast cancer,1,tm_score@domain,score,True,3.48766,True,False,81,102,4809,0.3661,102,1,0.0,1.0,32.63,75.0,463.0,717.0,1104.0,4441.0,4441.0,tm_score,domain,3.48766,250,250,54,39,0.6666666666666666
094.tiff,human breast cancer,1,tm_score@domain,score,True,3.48766,True,False,81,102,4809,0.3661,102,1,0.0,1.0,32.63,75.0,463.0,717.0,1104.0,4441.0,4441.0,tm_score,domain,3.48766,500,500,68,68,0.8395061728395061
094.tiff,human breast cancer,1,tm_score@domain,score,True,3.48766,True,False,81,102,4809,0.3661,102,1,0.0,1.0,32.63,75.0,463.0,717.0,1104.0,4441.0,4441.0,tm_score,domain,3.48766,1000,1000,76,83,0.9382716049382716
094.tiff,human breast cancer,1,tm_score@domain,score,True,3.48766,True,False,81,102,4809,0.3661,102,1,0.0,1.0,32.63,75.0,463.0,717.0,1104.0,4441.0,4441.0,tm_score,domain,3.48766,2000,2000,78,95,0.9629629629629629
094.tiff,human breast cancer,1,tm_score@domain,score,True,3.48766,True,False,81,102,4809,0.3661,102,1,0.0,1.0,32.63,75.0,463.0,717.0,1104.0,4441.0,4441.0,tm_score,domain,3.48766,5000,4809,81,102,1.0
094.tiff,human breast cancer,1,chromatin_od@domain,od,True,3.48766,True,False,81,102,4809,0.3661,102,2,0.0,1.0,32.63,72.0,414.0,658.0,873.0,3552.0,3552.0,chromatin_od,domain,3.48766,25,25,17,6,0.20987654320987653
094.tiff,human breast cancer,1,chromatin_od@domain,od,True,3.48766,True,False,81,102,4809,0.3661,102,2,0.0,1.0,32.63,72.0,414.0,658.0,873.0,3552.0,3552.0,chromatin_od,domain,3.48766,50,50,32,15,0.3950617283950617
094.tiff,human breast cancer,1,chromatin_od@domain,od,True,3.48766,True,False,81,102,4809,0.3661,102,2,0.0,1.0,32.63,72.0,414.0,658.0,873.0,3552.0,3552.0,chromatin_od,domain,3.48766,100,100,45,21,0.5555555555555556
094.tiff,human breast cancer,1,chromatin_od@domain,od,True,3.48766,True,False,81,102,4809,0.3661,102,2,0.0,1.0,32.63,72.0,414.0,658.0,873.0,3552.0,3552.0,chromatin_od,domain,3.48766,250,250,59,35,0.7283950617283951
094.tiff,human breast cancer,1,chromatin_od@domain,od,True,3.48766,True,False,81,102,4809,0.3661,102,2,0.0,1.0,32.63,72.0,414.0,658.0,873.0,3552.0,3552.0,chromatin_od,domain,3.48766,500,500,70,57,0.8641975308641975
094.tiff,human breast cancer,1,chromatin_od@domain,od,True,3.48766,True,False,81,102,4809,0.3661,102,2,0.0,1.0,32.63,72.0,414.0,658.0,873.0,3552.0,3552.0,chromatin_od,domain,3.48766,1000,1000,77,84,0.9506172839506173
094.tiff,human breast cancer,1,chromatin_od@domain,od,True,3.48766,True,False,81,102,4809,0.3661,102,2,0.0,1.0,32.63,72.0,414.0,658.0,873.0,3552.0,3552.0,chromatin_od,domain,3.48766,2000,2000,79,95,0.9753086419753086
094.tiff,human breast cancer,1,chromatin_od@domain,od,True,3.48766,True,False,81,102,4809,0.3661,102,2,0.0,1.0,32.63,72.0,414.0,658.0,873.0,3552.0,3552.0,chromatin_od,domain,3.48766,5000,4809,81,102,1.0
094.tiff,human breast cancer,2,tm_score@current,score,True,1.0,True,False,81,102,15399,0.885,102,2,0.0,1.0,32.63,94.0,597.0,945.0,1521.0,3454.0,3454.0,tm_score,current,1.0,25,25,16,7,0.19753086419753085
094.tiff,human breast cancer,2,tm_score@current,score,True,1.0,True,False,81,102,15399,0.885,102,2,0.0,1.0,32.63,94.0,597.0,945.0,1521.0,3454.0,3454.0,tm_score,current,1.0,50,50,31,12,0.38271604938271603
094.tiff,human breast cancer,2,tm_score@current,score,True,1.0,True,False,81,102,15399,0.885,102,2,0.0,1.0,32.63,94.0,597.0,945.0,1521.0,3454.0,3454.0,tm_score,current,1.0,100,100,42,23,0.5185185185185185
094.tiff,human breast cancer,2,tm_score@current,score,True,1.0,True,False,81,102,15399,0.885,102,2,0.0,1.0,32.63,94.0,597.0,945.0,1521.0,3454.0,3454.0,tm_score,current,1.0,250,250,53,35,0.654320987654321
094.tiff,human breast cancer,2,tm_score@current,score,True,1.0,True,False,81,102,15399,0.885,102,2,0.0,1.0,32.63,94.0,597.0,945.0,1521.0,3454.0,3454.0,tm_score,current,1.0,500,500,60,63,0.7407407407407407
094.tiff,human breast cancer,2,tm_score@current,score,True,1.0,True,False,81,102,15399,0.885,102,2,0.0,1.0,32.63,94.0,597.0,945.0,1521.0,3454.0,3454.0,tm_score,current,1.0,1000,1000,73,81,0.9012345679012346
094.tiff,human breast cancer,2,tm_score@current,score,True,1.0,True,False,81,102,15399,0.885,102,2,0.0,1.0,32.63,94.0,597.0,945.0,1521.0,3454.0,3454.0,tm_score,current,1.0,2000,2000,78,96,0.9629629629629629
094.tiff,human breast cancer,2,tm_score@current,score,True,1.0,True,False,81,102,15399,0.885,102,2,0.0,1.0,32.63,94.0,597.0,945.0,1521.0,3454.0,3454.0,tm_score,current,1.0,5000,5000,81,102,1.0
094.tiff,human breast cancer,2,chromatin_od@current,od,True,1.0,True,False,81,102,15399,0.885,102,2,0.0,1.0,32.63,74.0,442.0,764.0,874.0,4961.0,4961.0,chromatin_od,current,1.0,25,25,18,6,0.2222222222222222
094.tiff,human breast cancer,2,chromatin_od@current,od,True,1.0,True,False,81,102,15399,0.885,102,2,0.0,1.0,32.63,74.0,442.0,764.0,874.0,4961.0,4961.0,chromatin_od,current,1.0,50,50,33,14,0.4074074074074074
094.tiff,human breast cancer,2,chromatin_od@current,od,True,1.0,True,False,81,102,15399,0.885,102,2,0.0,1.0,32.63,74.0,442.0,764.0,874.0,4961.0,4961.0,chromatin_od,current,1.0,100,100,45,21,0.5555555555555556
094.tiff,human breast cancer,2,chromatin_od@current,od,True,1.0,True,False,81,102,15399,0.885,102,2,0.0,1.0,32.63,74.0,442.0,764.0,874.0,4961.0,4961.0,chromatin_od,current,1.0,250,250,59,37,0.7283950617283951
094.tiff,human breast cancer,2,chromatin_od@current,od,True,1.0,True,False,81,102,15399,0.885,102,2,0.0,1.0,32.63,74.0,442.0,764.0,874.0,4961.0,4961.0,chromatin_od,current,1.0,500,500,69,53,0.8518518518518519
094.tiff,human breast cancer,2,chromatin_od@current,od,True,1.0,True,False,81,102,15399,0.885,102,2,0.0,1.0,32.63,74.0,442.0,764.0,874.0,4961.0,4961.0,chromatin_od,current,1.0,1000,1000,77,82,0.9506172839506173
094.tiff,human breast cancer,2,chromatin_od@current,od,True,1.0,True,False,81,102,15399,0.885,102,2,0.0,1.0,32.63,74.0,442.0,764.0,874.0,4961.0,4961.0,chromatin_od,current,1.0,2000,2000,79,94,0.9753086419753086
094.tiff,human breast cancer,2,chromatin_od@current,od,True,1.0,True,False,81,102,15399,0.885,102,2,0.0,1.0,32.63,74.0,442.0,764.0,874.0,4961.0,4961.0,chromatin_od,current,1.0,5000,5000,81,101,1.0
094.tiff,human breast cancer,2,tm_score@global,score,True,0.43783,True,False,81,102,17392,0.9392,102,2,0.0,1.0,32.63,94.0,597.0,945.0,1521.0,3454.0,3454.0,tm_score,global,0.43783,25,25,16,7,0.19753086419753085
094.tiff,human breast cancer,2,tm_score@global,score,True,0.43783,True,False,81,102,17392,0.9392,102,2,0.0,1.0,32.63,94.0,597.0,945.0,1521.0,3454.0,3454.0,tm_score,global,0.43783,50,50,31,12,0.38271604938271603
094.tiff,human breast cancer,2,tm_score@global,score,True,0.43783,True,False,81,102,17392,0.9392,102,2,0.0,1.0,32.63,94.0,597.0,945.0,1521.0,3454.0,3454.0,tm_score,global,0.43783,100,100,42,23,0.5185185185185185
094.tiff,human breast cancer,2,tm_score@global,score,True,0.43783,True,False,81,102,17392,0.9392,102,2,0.0,1.0,32.63,94.0,597.0,945.0,1521.0,3454.0,3454.0,tm_score,global,0.43783,250,250,53,35,0.654320987654321
094.tiff,human breast cancer,2,tm_score@global,score,True,0.43783,True,False,81,102,17392,0.9392,102,2,0.0,1.0,32.63,94.0,597.0,945.0,1521.0,3454.0,3454.0,tm_score,global,0.43783,500,500,60,63,0.7407407407407407
094.tiff,human breast cancer,2,tm_score@global,score,True,0.43783,True,False,81,102,17392,0.9392,102,2,0.0,1.0,32.63,94.0,597.0,945.0,1521.0,3454.0,3454.0,tm_score,global,0.43783,1000,1000,73,81,0.9012345679012346
094.tiff,human breast cancer,2,tm_score@global,score,True,0.43783,True,False,81,102,17392,0.9392,102,2,0.0,1.0,32.63,94.0,597.0,945.0,1521.0,3454.0,3454.0,tm_score,global,0.43783,2000,2000,78,96,0.9629629629629629
094.tiff,human breast cancer,2,tm_score@global,score,True,0.43783,True,False,81,102,17392,0.9392,102,2,0.0,1.0,32.63,94.0,597.0,945.0,1521.0,3454.0,3454.0,tm_score,global,0.43783,5000,5000,81,102,1.0
094.tiff,human breast cancer,2,chromatin_od@global,od,True,0.43783,True,False,81,102,17392,0.9392,102,2,0.0,1.0,32.63,74.0,442.0,767.0,877.0,5036.0,5036.0,chromatin_od,global,0.43783,25,25,18,6,0.2222222222222222
094.tiff,human breast cancer,2,chromatin_od@global,od,True,0.43783,True,False,81,102,17392,0.9392,102,2,0.0,1.0,32.63,74.0,442.0,767.0,877.0,5036.0,5036.0,chromatin_od,global,0.43783,50,50,33,14,0.4074074074074074
094.tiff,human breast cancer,2,chromatin_od@global,od,True,0.43783,True,False,81,102,17392,0.9392,102,2,0.0,1.0,32.63,74.0,442.0,767.0,877.0,5036.0,5036.0,chromatin_od,global,0.43783,100,100,45,21,0.5555555555555556
094.tiff,human breast cancer,2,chromatin_od@global,od,True,0.43783,True,False,81,102,17392,0.9392,102,2,0.0,1.0,32.63,74.0,442.0,767.0,877.0,5036.0,5036.0,chromatin_od,global,0.43783,250,250,59,37,0.7283950617283951
094.tiff,human breast cancer,2,chromatin_od@global,od,True,0.43783,True,False,81,102,17392,0.9392,102,2,0.0,1.0,32.63,74.0,442.0,767.0,877.0,5036.0,5036.0,chromatin_od,global,0.43783,500,500,68,53,0.8395061728395061
094.tiff,human breast cancer,2,chromatin_od@global,od,True,0.43783,True,False,81,102,17392,0.9392,102,2,0.0,1.0,32.63,74.0,442.0,767.0,877.0,5036.0,5036.0,chromatin_od,global,0.43783,1000,1000,77,82,0.9506172839506173
094.tiff,human breast cancer,2,chromatin_od@global,od,True,0.43783,True,False,81,102,17392,0.9392,102,2,0.0,1.0,32.63,74.0,442.0,767.0,877.0,5036.0,5036.0,chromatin_od,global,0.43783,2000,2000,79,94,0.9753086419753086
094.tiff,human breast cancer,2,chromatin_od@global,od,True,0.43783,True,False,81,102,17392,0.9392,102,2,0.0,1.0,32.63,74.0,442.0,767.0,877.0,5036.0,5036.0,chromatin_od,global,0.43783,5000,5000,79,101,0.9753086419753086
094.tiff,human breast cancer,2,tm_score@domain,score,True,3.48766,True,False,81,102,4935,0.3755,102,1,0.0,1.0,32.63,94.0,597.0,945.0,1521.0,3454.0,3454.0,tm_score,domain,3.48766,25,25,16,7,0.19753086419753085
094.tiff,human breast cancer,2,tm_score@domain,score,True,3.48766,True,False,81,102,4935,0.3755,102,1,0.0,1.0,32.63,94.0,597.0,945.0,1521.0,3454.0,3454.0,tm_score,domain,3.48766,50,50,31,12,0.38271604938271603
094.tiff,human breast cancer,2,tm_score@domain,score,True,3.48766,True,False,81,102,4935,0.3755,102,1,0.0,1.0,32.63,94.0,597.0,945.0,1521.0,3454.0,3454.0,tm_score,domain,3.48766,100,100,42,23,0.5185185185185185
094.tiff,human breast cancer,2,tm_score@domain,score,True,3.48766,True,False,81,102,4935,0.3755,102,1,0.0,1.0,32.63,94.0,597.0,945.0,1521.0,3454.0,3454.0,tm_score,domain,3.48766,250,250,53,35,0.654320987654321
094.tiff,human breast cancer,2,tm_score@domain,score,True,3.48766,True,False,81,102,4935,0.3755,102,1,0.0,1.0,32.63,94.0,597.0,945.0,1521.0,3454.0,3454.0,tm_score,domain,3.48766,500,500,60,63,0.7407407407407407
094.tiff,human breast cancer,2,tm_score@domain,score,True,3.48766,True,False,81,102,4935,0.3755,102,1,0.0,1.0,32.63,94.0,597.0,945.0,1521.0,3454.0,3454.0,tm_score,domain,3.48766,1000,1000,73,81,0.9012345679012346
094.tiff,human breast cancer,2,tm_score@domain,score,True,3.48766,True,False,81,102,4935,0.3755,102,1,0.0,1.0,32.63,94.0,597.0,945.0,1521.0,3454.0,3454.0,tm_score,domain,3.48766,2000,2000,78,96,0.9629629629629629
094.tiff,human breast cancer,2,tm_score@domain,score,True,3.48766,True,False,81,102,4935,0.3755,102,1,0.0,1.0,32.63,94.0,597.0,945.0,1521.0,3454.0,3454.0,tm_score,domain,3.48766,5000,4935,81,102,1.0
094.tiff,human breast cancer,2,chromatin_od@domain,od,True,3.48766,True,False,81,102,4935,0.3755,102,2,0.0,1.0,32.63,74.0,425.0,737.0,842.0,3428.0,3428.0,chromatin_od,domain,3.48766,25,25,18,6,0.2222222222222222
094.tiff,human breast cancer,2,chromatin_od@domain,od,True,3.48766,True,False,81,102,4935,0.3755,102,2,0.0,1.0,32.63,74.0,425.0,737.0,842.0,3428.0,3428.0,chromatin_od,domain,3.48766,50,50,33,14,0.4074074074074074
094.tiff,human breast cancer,2,chromatin_od@domain,od,True,3.48766,True,False,81,102,4935,0.3755,102,2,0.0,1.0,32.63,74.0,425.0,737.0,842.0,3428.0,3428.0,chromatin_od,domain,3.48766,100,100,45,21,0.5555555555555556
094.tiff,human breast cancer,2,chromatin_od@domain,od,True,3.48766,True,False,81,102,4935,0.3755,102,2,0.0,1.0,32.63,74.0,425.0,737.0,842.0,3428.0,3428.0,chromatin_od,domain,3.48766,250,250,59,38,0.7283950617283951
094.tiff,human breast cancer,2,chromatin_od@domain,od,True,3.48766,True,False,81,102,4935,0.3755,102,2,0.0,1.0,32.63,74.0,425.0,737.0,842.0,3428.0,3428.0,chromatin_od,domain,3.48766,500,500,69,55,0.8518518518518519
094.tiff,human breast cancer,2,chromatin_od@domain,od,True,3.48766,True,False,81,102,4935,0.3755,102,2,0.0,1.0,32.63,74.0,425.0,737.0,842.0,3428.0,3428.0,chromatin_od,domain,3.48766,1000,1000,77,83,0.9506172839506173
094.tiff,human breast cancer,2,chromatin_od@domain,od,True,3.48766,True,False,81,102,4935,0.3755,102,2,0.0,1.0,32.63,74.0,425.0,737.0,842.0,3428.0,3428.0,chromatin_od,domain,3.48766,2000,2000,79,96,0.9753086419753086
094.tiff,human breast cancer,2,chromatin_od@domain,od,True,3.48766,True,False,81,102,4935,0.3755,102,2,0.0,1.0,32.63,74.0,425.0,737.0,842.0,3428.0,3428.0,chromatin_od,domain,3.48766,5000,4935,81,102,1.0
094.tiff,human breast cancer,3,tm_score@current,score,True,1.0,True,False,81,102,14362,0.8498,102,2,0.0,1.0,32.63,65.0,304.0,838.0,1006.0,4420.0,4420.0,tm_score,current,1.0,25,25,19,5,0.2345679012345679
094.tiff,human breast cancer,3,tm_score@current,score,True,1.0,True,False,81,102,14362,0.8498,102,2,0.0,1.0,32.63,65.0,304.0,838.0,1006.0,4420.0,4420.0,tm_score,current,1.0,50,50,35,12,0.43209876543209874
094.tiff,human breast cancer,3,tm_score@current,score,True,1.0,True,False,81,102,14362,0.8498,102,2,0.0,1.0,32.63,65.0,304.0,838.0,1006.0,4420.0,4420.0,tm_score,current,1.0,100,100,52,26,0.6419753086419753
094.tiff,human breast cancer,3,tm_score@current,score,True,1.0,True,False,81,102,14362,0.8498,102,2,0.0,1.0,32.63,65.0,304.0,838.0,1006.0,4420.0,4420.0,tm_score,current,1.0,250,250,61,43,0.7530864197530864
094.tiff,human breast cancer,3,tm_score@current,score,True,1.0,True,False,81,102,14362,0.8498,102,2,0.0,1.0,32.63,65.0,304.0,838.0,1006.0,4420.0,4420.0,tm_score,current,1.0,500,500,70,62,0.8641975308641975
094.tiff,human breast cancer,3,tm_score@current,score,True,1.0,True,False,81,102,14362,0.8498,102,2,0.0,1.0,32.63,65.0,304.0,838.0,1006.0,4420.0,4420.0,tm_score,current,1.0,1000,1000,76,83,0.9382716049382716
094.tiff,human breast cancer,3,tm_score@current,score,True,1.0,True,False,81,102,14362,0.8498,102,2,0.0,1.0,32.63,65.0,304.0,838.0,1006.0,4420.0,4420.0,tm_score,current,1.0,2000,2000,79,93,0.9753086419753086
094.tiff,human breast cancer,3,tm_score@current,score,True,1.0,True,False,81,102,14362,0.8498,102,2,0.0,1.0,32.63,65.0,304.0,838.0,1006.0,4420.0,4420.0,tm_score,current,1.0,5000,5000,81,102,1.0
094.tiff,human breast cancer,3,chromatin_od@current,od,True,1.0,True,False,81,102,14362,0.8498,102,2,0.0,1.0,32.63,73.0,418.0,844.0,891.0,5319.0,5319.0,chromatin_od,current,1.0,25,25,17,6,0.20987654320987653
094.tiff,human breast cancer,3,chromatin_od@current,od,True,1.0,True,False,81,102,14362,0.8498,102,2,0.0,1.0,32.63,73.0,418.0,844.0,891.0,5319.0,5319.0,chromatin_od,current,1.0,50,50,33,14,0.4074074074074074
094.tiff,human breast cancer,3,chromatin_od@current,od,True,1.0,True,False,81,102,14362,0.8498,102,2,0.0,1.0,32.63,73.0,418.0,844.0,891.0,5319.0,5319.0,chromatin_od,current,1.0,100,100,44,21,0.5432098765432098
094.tiff,human breast cancer,3,chromatin_od@current,od,True,1.0,True,False,81,102,14362,0.8498,102,2,0.0,1.0,32.63,73.0,418.0,844.0,891.0,5319.0,5319.0,chromatin_od,current,1.0,250,250,57,35,0.7037037037037037
094.tiff,human breast cancer,3,chromatin_od@current,od,True,1.0,True,False,81,102,14362,0.8498,102,2,0.0,1.0,32.63,73.0,418.0,844.0,891.0,5319.0,5319.0,chromatin_od,current,1.0,500,500,69,55,0.8518518518518519
094.tiff,human breast cancer,3,chromatin_od@current,od,True,1.0,True,False,81,102,14362,0.8498,102,2,0.0,1.0,32.63,73.0,418.0,844.0,891.0,5319.0,5319.0,chromatin_od,current,1.0,1000,1000,77,80,0.9506172839506173
094.tiff,human breast cancer,3,chromatin_od@current,od,True,1.0,True,False,81,102,14362,0.8498,102,2,0.0,1.0,32.63,73.0,418.0,844.0,891.0,5319.0,5319.0,chromatin_od,current,1.0,2000,2000,78,94,0.9629629629629629
094.tiff,human breast cancer,3,chromatin_od@current,od,True,1.0,True,False,81,102,14362,0.8498,102,2,0.0,1.0,32.63,73.0,418.0,844.0,891.0,5319.0,5319.0,chromatin_od,current,1.0,5000,5000,79,101,0.9753086419753086
094.tiff,human breast cancer,3,tm_score@global,score,True,0.43783,True,False,81,102,16513,0.9195,102,2,0.0,1.0,32.63,65.0,304.0,838.0,1006.0,4420.0,4420.0,tm_score,global,0.43783,25,25,19,5,0.2345679012345679
094.tiff,human breast cancer,3,tm_score@global,score,True,0.43783,True,False,81,102,16513,0.9195,102,2,0.0,1.0,32.63,65.0,304.0,838.0,1006.0,4420.0,4420.0,tm_score,global,0.43783,50,50,35,12,0.43209876543209874
094.tiff,human breast cancer,3,tm_score@global,score,True,0.43783,True,False,81,102,16513,0.9195,102,2,0.0,1.0,32.63,65.0,304.0,838.0,1006.0,4420.0,4420.0,tm_score,global,0.43783,100,100,52,26,0.6419753086419753
094.tiff,human breast cancer,3,tm_score@global,score,True,0.43783,True,False,81,102,16513,0.9195,102,2,0.0,1.0,32.63,65.0,304.0,838.0,1006.0,4420.0,4420.0,tm_score,global,0.43783,250,250,61,43,0.7530864197530864
094.tiff,human breast cancer,3,tm_score@global,score,True,0.43783,True,False,81,102,16513,0.9195,102,2,0.0,1.0,32.63,65.0,304.0,838.0,1006.0,4420.0,4420.0,tm_score,global,0.43783,500,500,70,62,0.8641975308641975
094.tiff,human breast cancer,3,tm_score@global,score,True,0.43783,True,False,81,102,16513,0.9195,102,2,0.0,1.0,32.63,65.0,304.0,838.0,1006.0,4420.0,4420.0,tm_score,global,0.43783,1000,1000,76,83,0.9382716049382716
094.tiff,human breast cancer,3,tm_score@global,score,True,0.43783,True,False,81,102,16513,0.9195,102,2,0.0,1.0,32.63,65.0,304.0,838.0,1006.0,4420.0,4420.0,tm_score,global,0.43783,2000,2000,79,93,0.9753086419753086
094.tiff,human breast cancer,3,tm_score@global,score,True,0.43783,True,False,81,102,16513,0.9195,102,2,0.0,1.0,32.63,65.0,304.0,838.0,1006.0,4420.0,4420.0,tm_score,global,0.43783,5000,5000,81,102,1.0
094.tiff,human breast cancer,3,chromatin_od@global,od,True,0.43783,True,False,81,102,16513,0.9195,102,2,0.0,1.0,32.63,73.0,419.0,846.0,893.0,5402.0,5402.0,chromatin_od,global,0.43783,25,25,17,6,0.20987654320987653
094.tiff,human breast cancer,3,chromatin_od@global,od,True,0.43783,True,False,81,102,16513,0.9195,102,2,0.0,1.0,32.63,73.0,419.0,846.0,893.0,5402.0,5402.0,chromatin_od,global,0.43783,50,50,33,14,0.4074074074074074
094.tiff,human breast cancer,3,chromatin_od@global,od,True,0.43783,True,False,81,102,16513,0.9195,102,2,0.0,1.0,32.63,73.0,419.0,846.0,893.0,5402.0,5402.0,chromatin_od,global,0.43783,100,100,44,21,0.5432098765432098
094.tiff,human breast cancer,3,chromatin_od@global,od,True,0.43783,True,False,81,102,16513,0.9195,102,2,0.0,1.0,32.63,73.0,419.0,846.0,893.0,5402.0,5402.0,chromatin_od,global,0.43783,250,250,57,35,0.7037037037037037
094.tiff,human breast cancer,3,chromatin_od@global,od,True,0.43783,True,False,81,102,16513,0.9195,102,2,0.0,1.0,32.63,73.0,419.0,846.0,893.0,5402.0,5402.0,chromatin_od,global,0.43783,500,500,69,54,0.8518518518518519
094.tiff,human breast cancer,3,chromatin_od@global,od,True,0.43783,True,False,81,102,16513,0.9195,102,2,0.0,1.0,32.63,73.0,419.0,846.0,893.0,5402.0,5402.0,chromatin_od,global,0.43783,1000,1000,77,80,0.9506172839506173
094.tiff,human breast cancer,3,chromatin_od@global,od,True,0.43783,True,False,81,102,16513,0.9195,102,2,0.0,1.0,32.63,73.0,419.0,846.0,893.0,5402.0,5402.0,chromatin_od,global,0.43783,2000,2000,78,94,0.9629629629629629
094.tiff,human breast cancer,3,chromatin_od@global,od,True,0.43783,True,False,81,102,16513,0.9195,102,2,0.0,1.0,32.63,73.0,419.0,846.0,893.0,5402.0,5402.0,chromatin_od,global,0.43783,5000,5000,79,101,0.9753086419753086
094.tiff,human breast cancer,3,tm_score@domain,score,True,3.48766,True,False,81,102,4420,0.3388,100,2,0.0,1.0,32.63,65.0,304.0,838.0,1006.0,4420.0,4420.0,tm_score,domain,3.48766,25,25,19,5,0.2345679012345679
094.tiff,human breast cancer,3,tm_score@domain,score,True,3.48766,True,False,81,102,4420,0.3388,100,2,0.0,1.0,32.63,65.0,304.0,838.0,1006.0,4420.0,4420.0,tm_score,domain,3.48766,50,50,35,12,0.43209876543209874
094.tiff,human breast cancer,3,tm_score@domain,score,True,3.48766,True,False,81,102,4420,0.3388,100,2,0.0,1.0,32.63,65.0,304.0,838.0,1006.0,4420.0,4420.0,tm_score,domain,3.48766,100,100,52,26,0.6419753086419753
094.tiff,human breast cancer,3,tm_score@domain,score,True,3.48766,True,False,81,102,4420,0.3388,100,2,0.0,1.0,32.63,65.0,304.0,838.0,1006.0,4420.0,4420.0,tm_score,domain,3.48766,250,250,61,43,0.7530864197530864
094.tiff,human breast cancer,3,tm_score@domain,score,True,3.48766,True,False,81,102,4420,0.3388,100,2,0.0,1.0,32.63,65.0,304.0,838.0,1006.0,4420.0,4420.0,tm_score,domain,3.48766,500,500,70,62,0.8641975308641975
094.tiff,human breast cancer,3,tm_score@domain,score,True,3.48766,True,False,81,102,4420,0.3388,100,2,0.0,1.0,32.63,65.0,304.0,838.0,1006.0,4420.0,4420.0,tm_score,domain,3.48766,1000,1000,76,83,0.9382716049382716
094.tiff,human breast cancer,3,tm_score@domain,score,True,3.48766,True,False,81,102,4420,0.3388,100,2,0.0,1.0,32.63,65.0,304.0,838.0,1006.0,4420.0,4420.0,tm_score,domain,3.48766,2000,2000,79,93,0.9753086419753086
094.tiff,human breast cancer,3,tm_score@domain,score,True,3.48766,True,False,81,102,4420,0.3388,100,2,0.0,1.0,32.63,65.0,304.0,838.0,1006.0,4420.0,4420.0,tm_score,domain,3.48766,5000,4420,81,100,1.0
094.tiff,human breast cancer,3,chromatin_od@domain,od,True,3.48766,True,False,81,102,4420,0.3388,100,2,0.0,1.0,32.63,72.0,409.0,815.0,859.0,3348.0,3348.0,chromatin_od,domain,3.48766,25,25,18,6,0.2222222222222222
094.tiff,human breast cancer,3,chromatin_od@domain,od,True,3.48766,True,False,81,102,4420,0.3388,100,2,0.0,1.0,32.63,72.0,409.0,815.0,859.0,3348.0,3348.0,chromatin_od,domain,3.48766,50,50,34,14,0.41975308641975306
094.tiff,human breast cancer,3,chromatin_od@domain,od,True,3.48766,True,False,81,102,4420,0.3388,100,2,0.0,1.0,32.63,72.0,409.0,815.0,859.0,3348.0,3348.0,chromatin_od,domain,3.48766,100,100,44,21,0.5432098765432098
094.tiff,human breast cancer,3,chromatin_od@domain,od,True,3.48766,True,False,81,102,4420,0.3388,100,2,0.0,1.0,32.63,72.0,409.0,815.0,859.0,3348.0,3348.0,chromatin_od,domain,3.48766,250,250,57,35,0.7037037037037037
094.tiff,human breast cancer,3,chromatin_od@domain,od,True,3.48766,True,False,81,102,4420,0.3388,100,2,0.0,1.0,32.63,72.0,409.0,815.0,859.0,3348.0,3348.0,chromatin_od,domain,3.48766,500,500,69,55,0.8518518518518519
094.tiff,human breast cancer,3,chromatin_od@domain,od,True,3.48766,True,False,81,102,4420,0.3388,100,2,0.0,1.0,32.63,72.0,409.0,815.0,859.0,3348.0,3348.0,chromatin_od,domain,3.48766,1000,1000,77,84,0.9506172839506173
094.tiff,human breast cancer,3,chromatin_od@domain,od,True,3.48766,True,False,81,102,4420,0.3388,100,2,0.0,1.0,32.63,72.0,409.0,815.0,859.0,3348.0,3348.0,chromatin_od,domain,3.48766,2000,2000,79,95,0.9753086419753086
094.tiff,human breast cancer,3,chromatin_od@domain,od,True,3.48766,True,False,81,102,4420,0.3388,100,2,0.0,1.0,32.63,72.0,409.0,815.0,859.0,3348.0,3348.0,chromatin_od,domain,3.48766,5000,4420,81,100,1.0
094.tiff,human breast cancer,4,tm_score@current,score,True,1.0,True,False,81,102,15399,0.885,102,2,0.0,1.0,32.63,94.0,597.0,945.0,1521.0,3454.0,3454.0,tm_score,current,1.0,25,25,16,7,0.19753086419753085
094.tiff,human breast cancer,4,tm_score@current,score,True,1.0,True,False,81,102,15399,0.885,102,2,0.0,1.0,32.63,94.0,597.0,945.0,1521.0,3454.0,3454.0,tm_score,current,1.0,50,50,31,12,0.38271604938271603
094.tiff,human breast cancer,4,tm_score@current,score,True,1.0,True,False,81,102,15399,0.885,102,2,0.0,1.0,32.63,94.0,597.0,945.0,1521.0,3454.0,3454.0,tm_score,current,1.0,100,100,42,23,0.5185185185185185
094.tiff,human breast cancer,4,tm_score@current,score,True,1.0,True,False,81,102,15399,0.885,102,2,0.0,1.0,32.63,94.0,597.0,945.0,1521.0,3454.0,3454.0,tm_score,current,1.0,250,250,53,35,0.654320987654321
094.tiff,human breast cancer,4,tm_score@current,score,True,1.0,True,False,81,102,15399,0.885,102,2,0.0,1.0,32.63,94.0,597.0,945.0,1521.0,3454.0,3454.0,tm_score,current,1.0,500,500,60,63,0.7407407407407407
094.tiff,human breast cancer,4,tm_score@current,score,True,1.0,True,False,81,102,15399,0.885,102,2,0.0,1.0,32.63,94.0,597.0,945.0,1521.0,3454.0,3454.0,tm_score,current,1.0,1000,1000,73,81,0.9012345679012346
094.tiff,human breast cancer,4,tm_score@current,score,True,1.0,True,False,81,102,15399,0.885,102,2,0.0,1.0,32.63,94.0,597.0,945.0,1521.0,3454.0,3454.0,tm_score,current,1.0,2000,2000,78,96,0.9629629629629629
094.tiff,human breast cancer,4,tm_score@current,score,True,1.0,True,False,81,102,15399,0.885,102,2,0.0,1.0,32.63,94.0,597.0,945.0,1521.0,3454.0,3454.0,tm_score,current,1.0,5000,5000,81,102,1.0
094.tiff,human breast cancer,4,chromatin_od@current,od,True,1.0,True,False,81,102,15399,0.885,102,2,0.0,1.0,32.63,74.0,442.0,764.0,874.0,4961.0,4961.0,chromatin_od,current,1.0,25,25,18,6,0.2222222222222222
094.tiff,human breast cancer,4,chromatin_od@current,od,True,1.0,True,False,81,102,15399,0.885,102,2,0.0,1.0,32.63,74.0,442.0,764.0,874.0,4961.0,4961.0,chromatin_od,current,1.0,50,50,33,14,0.4074074074074074
094.tiff,human breast cancer,4,chromatin_od@current,od,True,1.0,True,False,81,102,15399,0.885,102,2,0.0,1.0,32.63,74.0,442.0,764.0,874.0,4961.0,4961.0,chromatin_od,current,1.0,100,100,45,21,0.5555555555555556
094.tiff,human breast cancer,4,chromatin_od@current,od,True,1.0,True,False,81,102,15399,0.885,102,2,0.0,1.0,32.63,74.0,442.0,764.0,874.0,4961.0,4961.0,chromatin_od,current,1.0,250,250,59,37,0.7283950617283951
094.tiff,human breast cancer,4,chromatin_od@current,od,True,1.0,True,False,81,102,15399,0.885,102,2,0.0,1.0,32.63,74.0,442.0,764.0,874.0,4961.0,4961.0,chromatin_od,current,1.0,500,500,69,53,0.8518518518518519
094.tiff,human breast cancer,4,chromatin_od@current,od,True,1.0,True,False,81,102,15399,0.885,102,2,0.0,1.0,32.63,74.0,442.0,764.0,874.0,4961.0,4961.0,chromatin_od,current,1.0,1000,1000,77,82,0.9506172839506173
094.tiff,human breast cancer,4,chromatin_od@current,od,True,1.0,True,False,81,102,15399,0.885,102,2,0.0,1.0,32.63,74.0,442.0,764.0,874.0,4961.0,4961.0,chromatin_od,current,1.0,2000,2000,79,94,0.9753086419753086
094.tiff,human breast cancer,4,chromatin_od@current,od,True,1.0,True,False,81,102,15399,0.885,102,2,0.0,1.0,32.63,74.0,442.0,764.0,874.0,4961.0,4961.0,chromatin_od,current,1.0,5000,5000,81,101,1.0
094.tiff,human breast cancer,4,tm_score@global,score,True,0.43783,True,False,81,102,17392,0.9392,102,2,0.0,1.0,32.63,94.0,597.0,945.0,1521.0,3454.0,3454.0,tm_score,global,0.43783,25,25,16,7,0.19753086419753085
094.tiff,human breast cancer,4,tm_score@global,score,True,0.43783,True,False,81,102,17392,0.9392,102,2,0.0,1.0,32.63,94.0,597.0,945.0,1521.0,3454.0,3454.0,tm_score,global,0.43783,50,50,31,12,0.38271604938271603
094.tiff,human breast cancer,4,tm_score@global,score,True,0.43783,True,False,81,102,17392,0.9392,102,2,0.0,1.0,32.63,94.0,597.0,945.0,1521.0,3454.0,3454.0,tm_score,global,0.43783,100,100,42,23,0.5185185185185185
094.tiff,human breast cancer,4,tm_score@global,score,True,0.43783,True,False,81,102,17392,0.9392,102,2,0.0,1.0,32.63,94.0,597.0,945.0,1521.0,3454.0,3454.0,tm_score,global,0.43783,250,250,53,35,0.654320987654321
094.tiff,human breast cancer,4,tm_score@global,score,True,0.43783,True,False,81,102,17392,0.9392,102,2,0.0,1.0,32.63,94.0,597.0,945.0,1521.0,3454.0,3454.0,tm_score,global,0.43783,500,500,60,63,0.7407407407407407
094.tiff,human breast cancer,4,tm_score@global,score,True,0.43783,True,False,81,102,17392,0.9392,102,2,0.0,1.0,32.63,94.0,597.0,945.0,1521.0,3454.0,3454.0,tm_score,global,0.43783,1000,1000,73,81,0.9012345679012346
094.tiff,human breast cancer,4,tm_score@global,score,True,0.43783,True,False,81,102,17392,0.9392,102,2,0.0,1.0,32.63,94.0,597.0,945.0,1521.0,3454.0,3454.0,tm_score,global,0.43783,2000,2000,78,96,0.9629629629629629
094.tiff,human breast cancer,4,tm_score@global,score,True,0.43783,True,False,81,102,17392,0.9392,102,2,0.0,1.0,32.63,94.0,597.0,945.0,1521.0,3454.0,3454.0,tm_score,global,0.43783,5000,5000,81,102,1.0
094.tiff,human breast cancer,4,chromatin_od@global,od,True,0.43783,True,False,81,102,17392,0.9392,102,2,0.0,1.0,32.63,74.0,442.0,767.0,877.0,5036.0,5036.0,chromatin_od,global,0.43783,25,25,18,6,0.2222222222222222
094.tiff,human breast cancer,4,chromatin_od@global,od,True,0.43783,True,False,81,102,17392,0.9392,102,2,0.0,1.0,32.63,74.0,442.0,767.0,877.0,5036.0,5036.0,chromatin_od,global,0.43783,50,50,33,14,0.4074074074074074
094.tiff,human breast cancer,4,chromatin_od@global,od,True,0.43783,True,False,81,102,17392,0.9392,102,2,0.0,1.0,32.63,74.0,442.0,767.0,877.0,5036.0,5036.0,chromatin_od,global,0.43783,100,100,45,21,0.5555555555555556
094.tiff,human breast cancer,4,chromatin_od@global,od,True,0.43783,True,False,81,102,17392,0.9392,102,2,0.0,1.0,32.63,74.0,442.0,767.0,877.0,5036.0,5036.0,chromatin_od,global,0.43783,250,250,59,37,0.7283950617283951
094.tiff,human breast cancer,4,chromatin_od@global,od,True,0.43783,True,False,81,102,17392,0.9392,102,2,0.0,1.0,32.63,74.0,442.0,767.0,877.0,5036.0,5036.0,chromatin_od,global,0.43783,500,500,68,53,0.8395061728395061
094.tiff,human breast cancer,4,chromatin_od@global,od,True,0.43783,True,False,81,102,17392,0.9392,102,2,0.0,1.0,32.63,74.0,442.0,767.0,877.0,5036.0,5036.0,chromatin_od,global,0.43783,1000,1000,77,82,0.9506172839506173
094.tiff,human breast cancer,4,chromatin_od@global,od,True,0.43783,True,False,81,102,17392,0.9392,102,2,0.0,1.0,32.63,74.0,442.0,767.0,877.0,5036.0,5036.0,chromatin_od,global,0.43783,2000,2000,79,94,0.9753086419753086
094.tiff,human breast cancer,4,chromatin_od@global,od,True,0.43783,True,False,81,102,17392,0.9392,102,2,0.0,1.0,32.63,74.0,442.0,767.0,877.0,5036.0,5036.0,chromatin_od,global,0.43783,5000,5000,79,101,0.9753086419753086
094.tiff,human breast cancer,4,tm_score@domain,score,True,3.48766,True,False,81,102,4935,0.3755,102,1,0.0,1.0,32.63,94.0,597.0,945.0,1521.0,3454.0,3454.0,tm_score,domain,3.48766,25,25,16,7,0.19753086419753085
094.tiff,human breast cancer,4,tm_score@domain,score,True,3.48766,True,False,81,102,4935,0.3755,102,1,0.0,1.0,32.63,94.0,597.0,945.0,1521.0,3454.0,3454.0,tm_score,domain,3.48766,50,50,31,12,0.38271604938271603
094.tiff,human breast cancer,4,tm_score@domain,score,True,3.48766,True,False,81,102,4935,0.3755,102,1,0.0,1.0,32.63,94.0,597.0,945.0,1521.0,3454.0,3454.0,tm_score,domain,3.48766,100,100,42,23,0.5185185185185185
094.tiff,human breast cancer,4,tm_score@domain,score,True,3.48766,True,False,81,102,4935,0.3755,102,1,0.0,1.0,32.63,94.0,597.0,945.0,1521.0,3454.0,3454.0,tm_score,domain,3.48766,250,250,53,35,0.654320987654321
094.tiff,human breast cancer,4,tm_score@domain,score,True,3.48766,True,False,81,102,4935,0.3755,102,1,0.0,1.0,32.63,94.0,597.0,945.0,1521.0,3454.0,3454.0,tm_score,domain,3.48766,500,500,60,63,0.7407407407407407
094.tiff,human breast cancer,4,tm_score@domain,score,True,3.48766,True,False,81,102,4935,0.3755,102,1,0.0,1.0,32.63,94.0,597.0,945.0,1521.0,3454.0,3454.0,tm_score,domain,3.48766,1000,1000,73,81,0.9012345679012346
094.tiff,human breast cancer,4,tm_score@domain,score,True,3.48766,True,False,81,102,4935,0.3755,102,1,0.0,1.0,32.63,94.0,597.0,945.0,1521.0,3454.0,3454.0,tm_score,domain,3.48766,2000,2000,78,96,0.9629629629629629
094.tiff,human breast cancer,4,tm_score@domain,score,True,3.48766,True,False,81,102,4935,0.3755,102,1,0.0,1.0,32.63,94.0,597.0,945.0,1521.0,3454.0,3454.0,tm_score,domain,3.48766,5000,4935,81,102,1.0
094.tiff,human breast cancer,4,chromatin_od@domain,od,True,3.48766,True,False,81,102,4935,0.3755,102,2,0.0,1.0,32.63,74.0,425.0,737.0,842.0,3428.0,3428.0,chromatin_od,domain,3.48766,25,25,18,6,0.2222222222222222
094.tiff,human breast cancer,4,chromatin_od@domain,od,True,3.48766,True,False,81,102,4935,0.3755,102,2,0.0,1.0,32.63,74.0,425.0,737.0,842.0,3428.0,3428.0,chromatin_od,domain,3.48766,50,50,33,14,0.4074074074074074
094.tiff,human breast cancer,4,chromatin_od@domain,od,True,3.48766,True,False,81,102,4935,0.3755,102,2,0.0,1.0,32.63,74.0,425.0,737.0,842.0,3428.0,3428.0,chromatin_od,domain,3.48766,100,100,45,21,0.5555555555555556
094.tiff,human breast cancer,4,chromatin_od@domain,od,True,3.48766,True,False,81,102,4935,0.3755,102,2,0.0,1.0,32.63,74.0,425.0,737.0,842.0,3428.0,3428.0,chromatin_od,domain,3.48766,250,250,59,38,0.7283950617283951
094.tiff,human breast cancer,4,chromatin_od@domain,od,True,3.48766,True,False,81,102,4935,0.3755,102,2,0.0,1.0,32.63,74.0,425.0,737.0,842.0,3428.0,3428.0,chromatin_od,domain,3.48766,500,500,69,55,0.8518518518518519
094.tiff,human breast cancer,4,chromatin_od@domain,od,True,3.48766,True,False,81,102,4935,0.3755,102,2,0.0,1.0,32.63,74.0,425.0,737.0,842.0,3428.0,3428.0,chromatin_od,domain,3.48766,1000,1000,77,83,0.9506172839506173
094.tiff,human breast cancer,4,chromatin_od@domain,od,True,3.48766,True,False,81,102,4935,0.3755,102,2,0.0,1.0,32.63,74.0,425.0,737.0,842.0,3428.0,3428.0,chromatin_od,domain,3.48766,2000,2000,79,96,0.9753086419753086
094.tiff,human breast cancer,4,chromatin_od@domain,od,True,3.48766,True,False,81,102,4935,0.3755,102,2,0.0,1.0,32.63,74.0,425.0,737.0,842.0,3428.0,3428.0,chromatin_od,domain,3.48766,5000,4935,81,102,1.0
548.tiff,human melanoma,0,tm_score@current,score,True,1.0,True,False,238,118,14484,0.8773,117,2,0.0,0.9957983193277311,32.975,214.0,501.0,936.0,1987.0,7042.0,,tm_score,current,1.0,25,25,14,5,0.058823529411764705
548.tiff,human melanoma,0,tm_score@current,score,True,1.0,True,False,238,118,14484,0.8773,117,2,0.0,0.9957983193277311,32.975,214.0,501.0,936.0,1987.0,7042.0,,tm_score,current,1.0,50,50,31,10,0.13025210084033614
548.tiff,human melanoma,0,tm_score@current,score,True,1.0,True,False,238,118,14484,0.8773,117,2,0.0,0.9957983193277311,32.975,214.0,501.0,936.0,1987.0,7042.0,,tm_score,current,1.0,100,100,66,16,0.2773109243697479
548.tiff,human melanoma,0,tm_score@current,score,True,1.0,True,False,238,118,14484,0.8773,117,2,0.0,0.9957983193277311,32.975,214.0,501.0,936.0,1987.0,7042.0,,tm_score,current,1.0,250,250,138,37,0.5798319327731093
548.tiff,human melanoma,0,tm_score@current,score,True,1.0,True,False,238,118,14484,0.8773,117,2,0.0,0.9957983193277311,32.975,214.0,501.0,936.0,1987.0,7042.0,,tm_score,current,1.0,500,500,190,61,0.7983193277310925
548.tiff,human melanoma,0,tm_score@current,score,True,1.0,True,False,238,118,14484,0.8773,117,2,0.0,0.9957983193277311,32.975,214.0,501.0,936.0,1987.0,7042.0,,tm_score,current,1.0,1000,1000,217,78,0.9117647058823529
548.tiff,human melanoma,0,tm_score@current,score,True,1.0,True,False,238,118,14484,0.8773,117,2,0.0,0.9957983193277311,32.975,214.0,501.0,936.0,1987.0,7042.0,,tm_score,current,1.0,2000,2000,227,98,0.9537815126050421
548.tiff,human melanoma,0,tm_score@current,score,True,1.0,True,False,238,118,14484,0.8773,117,2,0.0,0.9957983193277311,32.975,214.0,501.0,936.0,1987.0,7042.0,,tm_score,current,1.0,5000,5000,234,110,0.9831932773109243
548.tiff,human melanoma,0,chromatin_od@current,od,True,1.0,True,False,238,118,14484,0.8773,117,2,0.0,0.9957983193277311,32.975,179.0,486.0,1262.0,3778.0,11850.0,,chromatin_od,current,1.0,25,25,18,5,0.07563025210084033
548.tiff,human melanoma,0,chromatin_od@current,od,True,1.0,True,False,238,118,14484,0.8773,117,2,0.0,0.9957983193277311,32.975,179.0,486.0,1262.0,3778.0,11850.0,,chromatin_od,current,1.0,50,50,38,7,0.15966386554621848
548.tiff,human melanoma,0,chromatin_od@current,od,True,1.0,True,False,238,118,14484,0.8773,117,2,0.0,0.9957983193277311,32.975,179.0,486.0,1262.0,3778.0,11850.0,,chromatin_od,current,1.0,100,100,70,14,0.29411764705882354
548.tiff,human melanoma,0,chromatin_od@current,od,True,1.0,True,False,238,118,14484,0.8773,117,2,0.0,0.9957983193277311,32.975,179.0,486.0,1262.0,3778.0,11850.0,,chromatin_od,current,1.0,250,250,147,27,0.6176470588235294
548.tiff,human melanoma,0,chromatin_od@current,od,True,1.0,True,False,238,118,14484,0.8773,117,2,0.0,0.9957983193277311,32.975,179.0,486.0,1262.0,3778.0,11850.0,,chromatin_od,current,1.0,500,500,193,55,0.8109243697478992
548.tiff,human melanoma,0,chromatin_od@current,od,True,1.0,True,False,238,118,14484,0.8773,117,2,0.0,0.9957983193277311,32.975,179.0,486.0,1262.0,3778.0,11850.0,,chromatin_od,current,1.0,1000,1000,208,75,0.8739495798319328
548.tiff,human melanoma,0,chromatin_od@current,od,True,1.0,True,False,238,118,14484,0.8773,117,2,0.0,0.9957983193277311,32.975,179.0,486.0,1262.0,3778.0,11850.0,,chromatin_od,current,1.0,2000,2000,220,83,0.9243697478991597
548.tiff,human melanoma,0,chromatin_od@current,od,True,1.0,True,False,238,118,14484,0.8773,117,2,0.0,0.9957983193277311,32.975,179.0,486.0,1262.0,3778.0,11850.0,,chromatin_od,current,1.0,5000,5000,231,102,0.9705882352941176
548.tiff,human melanoma,0,tm_score@global,score,True,0.43783,True,False,238,118,16532,0.9374,117,2,0.0,1.0,32.975,214.0,501.0,936.0,1987.0,7042.0,16532.0,tm_score,global,0.43783,25,25,14,5,0.058823529411764705
548.tiff,human melanoma,0,tm_score@global,score,True,0.43783,True,False,238,118,16532,0.9374,117,2,0.0,1.0,32.975,214.0,501.0,936.0,1987.0,7042.0,16532.0,tm_score,global,0.43783,50,50,31,10,0.13025210084033614
548.tiff,human melanoma,0,tm_score@global,score,True,0.43783,True,False,238,118,16532,0.9374,117,2,0.0,1.0,32.975,214.0,501.0,936.0,1987.0,7042.0,16532.0,tm_score,global,0.43783,100,100,66,16,0.2773109243697479
548.tiff,human melanoma,0,tm_score@global,score,True,0.43783,True,False,238,118,16532,0.9374,117,2,0.0,1.0,32.975,214.0,501.0,936.0,1987.0,7042.0,16532.0,tm_score,global,0.43783,250,250,138,37,0.5798319327731093
548.tiff,human melanoma,0,tm_score@global,score,True,0.43783,True,False,238,118,16532,0.9374,117,2,0.0,1.0,32.975,214.0,501.0,936.0,1987.0,7042.0,16532.0,tm_score,global,0.43783,500,500,190,61,0.7983193277310925
548.tiff,human melanoma,0,tm_score@global,score,True,0.43783,True,False,238,118,16532,0.9374,117,2,0.0,1.0,32.975,214.0,501.0,936.0,1987.0,7042.0,16532.0,tm_score,global,0.43783,1000,1000,217,78,0.9117647058823529
548.tiff,human melanoma,0,tm_score@global,score,True,0.43783,True,False,238,118,16532,0.9374,117,2,0.0,1.0,32.975,214.0,501.0,936.0,1987.0,7042.0,16532.0,tm_score,global,0.43783,2000,2000,227,98,0.9537815126050421
548.tiff,human melanoma,0,tm_score@global,score,True,0.43783,True,False,238,118,16532,0.9374,117,2,0.0,1.0,32.975,214.0,501.0,936.0,1987.0,7042.0,16532.0,tm_score,global,0.43783,5000,5000,234,110,0.9831932773109243
548.tiff,human melanoma,0,chromatin_od@global,od,True,0.43783,True,False,238,118,16532,0.9374,117,2,0.0,1.0,32.975,179.0,488.0,1268.0,3826.0,7963.0,14676.0,chromatin_od,global,0.43783,25,25,18,5,0.07563025210084033
548.tiff,human melanoma,0,chromatin_od@global,od,True,0.43783,True,False,238,118,16532,0.9374,117,2,0.0,1.0,32.975,179.0,488.0,1268.0,3826.0,7963.0,14676.0,chromatin_od,global,0.43783,50,50,38,7,0.15966386554621848
548.tiff,human melanoma,0,chromatin_od@global,od,True,0.43783,True,False,238,118,16532,0.9374,117,2,0.0,1.0,32.975,179.0,488.0,1268.0,3826.0,7963.0,14676.0,chromatin_od,global,0.43783,100,100,70,14,0.29411764705882354
548.tiff,human melanoma,0,chromatin_od@global,od,True,0.43783,True,False,238,118,16532,0.9374,117,2,0.0,1.0,32.975,179.0,488.0,1268.0,3826.0,7963.0,14676.0,chromatin_od,global,0.43783,250,250,147,27,0.6176470588235294
548.tiff,human melanoma,0,chromatin_od@global,od,True,0.43783,True,False,238,118,16532,0.9374,117,2,0.0,1.0,32.975,179.0,488.0,1268.0,3826.0,7963.0,14676.0,chromatin_od,global,0.43783,500,500,193,54,0.8109243697478992
548.tiff,human melanoma,0,chromatin_od@global,od,True,0.43783,True,False,238,118,16532,0.9374,117,2,0.0,1.0,32.975,179.0,488.0,1268.0,3826.0,7963.0,14676.0,chromatin_od,global,0.43783,1000,1000,208,75,0.8739495798319328
548.tiff,human melanoma,0,chromatin_od@global,od,True,0.43783,True,False,238,118,16532,0.9374,117,2,0.0,1.0,32.975,179.0,488.0,1268.0,3826.0,7963.0,14676.0,chromatin_od,global,0.43783,2000,2000,220,83,0.9243697478991597
548.tiff,human melanoma,0,chromatin_od@global,od,True,0.43783,True,False,238,118,16532,0.9374,117,2,0.0,1.0,32.975,179.0,488.0,1268.0,3826.0,7963.0,14676.0,chromatin_od,global,0.43783,5000,5000,232,102,0.9747899159663865
548.tiff,human melanoma,0,tm_score@domain,score,True,0.43783,True,False,238,118,16532,0.9374,117,2,0.0,1.0,32.975,214.0,501.0,936.0,1987.0,7042.0,16532.0,tm_score,domain,0.43783,25,25,14,5,0.058823529411764705
548.tiff,human melanoma,0,tm_score@domain,score,True,0.43783,True,False,238,118,16532,0.9374,117,2,0.0,1.0,32.975,214.0,501.0,936.0,1987.0,7042.0,16532.0,tm_score,domain,0.43783,50,50,31,10,0.13025210084033614
548.tiff,human melanoma,0,tm_score@domain,score,True,0.43783,True,False,238,118,16532,0.9374,117,2,0.0,1.0,32.975,214.0,501.0,936.0,1987.0,7042.0,16532.0,tm_score,domain,0.43783,100,100,66,16,0.2773109243697479
548.tiff,human melanoma,0,tm_score@domain,score,True,0.43783,True,False,238,118,16532,0.9374,117,2,0.0,1.0,32.975,214.0,501.0,936.0,1987.0,7042.0,16532.0,tm_score,domain,0.43783,250,250,138,37,0.5798319327731093
548.tiff,human melanoma,0,tm_score@domain,score,True,0.43783,True,False,238,118,16532,0.9374,117,2,0.0,1.0,32.975,214.0,501.0,936.0,1987.0,7042.0,16532.0,tm_score,domain,0.43783,500,500,190,61,0.7983193277310925
548.tiff,human melanoma,0,tm_score@domain,score,True,0.43783,True,False,238,118,16532,0.9374,117,2,0.0,1.0,32.975,214.0,501.0,936.0,1987.0,7042.0,16532.0,tm_score,domain,0.43783,1000,1000,217,78,0.9117647058823529
548.tiff,human melanoma,0,tm_score@domain,score,True,0.43783,True,False,238,118,16532,0.9374,117,2,0.0,1.0,32.975,214.0,501.0,936.0,1987.0,7042.0,16532.0,tm_score,domain,0.43783,2000,2000,227,98,0.9537815126050421
548.tiff,human melanoma,0,tm_score@domain,score,True,0.43783,True,False,238,118,16532,0.9374,117,2,0.0,1.0,32.975,214.0,501.0,936.0,1987.0,7042.0,16532.0,tm_score,domain,0.43783,5000,5000,234,110,0.9831932773109243
548.tiff,human melanoma,0,chromatin_od@domain,od,True,0.43783,True,False,238,118,16532,0.9374,117,2,0.0,1.0,32.975,179.0,488.0,1268.0,3826.0,7963.0,14676.0,chromatin_od,domain,0.43783,25,25,18,5,0.07563025210084033
548.tiff,human melanoma,0,chromatin_od@domain,od,True,0.43783,True,False,238,118,16532,0.9374,117,2,0.0,1.0,32.975,179.0,488.0,1268.0,3826.0,7963.0,14676.0,chromatin_od,domain,0.43783,50,50,38,7,0.15966386554621848
548.tiff,human melanoma,0,chromatin_od@domain,od,True,0.43783,True,False,238,118,16532,0.9374,117,2,0.0,1.0,32.975,179.0,488.0,1268.0,3826.0,7963.0,14676.0,chromatin_od,domain,0.43783,100,100,70,14,0.29411764705882354
548.tiff,human melanoma,0,chromatin_od@domain,od,True,0.43783,True,False,238,118,16532,0.9374,117,2,0.0,1.0,32.975,179.0,488.0,1268.0,3826.0,7963.0,14676.0,chromatin_od,domain,0.43783,250,250,147,27,0.6176470588235294
548.tiff,human melanoma,0,chromatin_od@domain,od,True,0.43783,True,False,238,118,16532,0.9374,117,2,0.0,1.0,32.975,179.0,488.0,1268.0,3826.0,7963.0,14676.0,chromatin_od,domain,0.43783,500,500,193,54,0.8109243697478992
548.tiff,human melanoma,0,chromatin_od@domain,od,True,0.43783,True,False,238,118,16532,0.9374,117,2,0.0,1.0,32.975,179.0,488.0,1268.0,3826.0,7963.0,14676.0,chromatin_od,domain,0.43783,1000,1000,208,75,0.8739495798319328
548.tiff,human melanoma,0,chromatin_od@domain,od,True,0.43783,True,False,238,118,16532,0.9374,117,2,0.0,1.0,32.975,179.0,488.0,1268.0,3826.0,7963.0,14676.0,chromatin_od,domain,0.43783,2000,2000,220,83,0.9243697478991597
548.tiff,human melanoma,0,chromatin_od@domain,od,True,0.43783,True,False,238,118,16532,0.9374,117,2,0.0,1.0,32.975,179.0,488.0,1268.0,3826.0,7963.0,14676.0,chromatin_od,domain,0.43783,5000,5000,232,102,0.9747899159663865
548.tiff,human melanoma,1,tm_score@current,score,True,1.0,True,False,238,118,14348,0.8684,118,2,0.0,1.0,32.975,188.0,581.0,1175.0,2551.0,7795.0,13655.0,tm_score,current,1.0,25,25,22,3,0.09243697478991597
548.tiff,human melanoma,1,tm_score@current,score,True,1.0,True,False,238,118,14348,0.8684,118,2,0.0,1.0,32.975,188.0,581.0,1175.0,2551.0,7795.0,13655.0,tm_score,current,1.0,50,50,40,5,0.16806722689075632
548.tiff,human melanoma,1,tm_score@current,score,True,1.0,True,False,238,118,14348,0.8684,118,2,0.0,1.0,32.975,188.0,581.0,1175.0,2551.0,7795.0,13655.0,tm_score,current,1.0,100,100,73,16,0.3067226890756303
548.tiff,human melanoma,1,tm_score@current,score,True,1.0,True,False,238,118,14348,0.8684,118,2,0.0,1.0,32.975,188.0,581.0,1175.0,2551.0,7795.0,13655.0,tm_score,current,1.0,250,250,143,38,0.6008403361344538
548.tiff,human melanoma,1,tm_score@current,score,True,1.0,True,False,238,118,14348,0.8684,118,2,0.0,1.0,32.975,188.0,581.0,1175.0,2551.0,7795.0,13655.0,tm_score,current,1.0,500,500,186,59,0.7815126050420168
548.tiff,human melanoma,1,tm_score@current,score,True,1.0,True,False,238,118,14348,0.8684,118,2,0.0,1.0,32.975,188.0,581.0,1175.0,2551.0,7795.0,13655.0,tm_score,current,1.0,1000,1000,209,81,0.8781512605042017
548.tiff,human melanoma,1,tm_score@current,score,True,1.0,True,False,238,118,14348,0.8684,118,2,0.0,1.0,32.975,188.0,581.0,1175.0,2551.0,7795.0,13655.0,tm_score,current,1.0,2000,2000,222,93,0.9327731092436975
548.tiff,human melanoma,1,tm_score@current,score,True,1.0,True,False,238,118,14348,0.8684,118,2,0.0,1.0,32.975,188.0,581.0,1175.0,2551.0,7795.0,13655.0,tm_score,current,1.0,5000,5000,232,106,0.9747899159663865
548.tiff,human melanoma,1,chromatin_od@current,od,True,1.0,True,False,238,118,14348,0.8684,118,2,0.0,1.0,32.975,173.0,435.0,1289.0,3825.0,7799.0,11664.0,chromatin_od,current,1.0,25,25,18,5,0.07563025210084033
548.tiff,human melanoma,1,chromatin_od@current,od,True,1.0,True,False,238,118,14348,0.8684,118,2,0.0,1.0,32.975,173.0,435.0,1289.0,3825.0,7799.0,11664.0,chromatin_od,current,1.0,50,50,38,7,0.15966386554621848
548.tiff,human melanoma,1,chromatin_od@current,od,True,1.0,True,False,238,118,14348,0.8684,118,2,0.0,1.0,32.975,173.0,435.0,1289.0,3825.0,7799.0,11664.0,chromatin_od,current,1.0,100,100,72,14,0.3025210084033613
548.tiff,human melanoma,1,chromatin_od@current,od,True,1.0,True,False,238,118,14348,0.8684,118,2,0.0,1.0,32.975,173.0,435.0,1289.0,3825.0,7799.0,11664.0,chromatin_od,current,1.0,250,250,145,29,0.6092436974789915
548.tiff,human melanoma,1,chromatin_od@current,od,True,1.0,True,False,238,118,14348,0.8684,118,2,0.0,1.0,32.975,173.0,435.0,1289.0,3825.0,7799.0,11664.0,chromatin_od,current,1.0,500,500,194,55,0.8151260504201681
548.tiff,human melanoma,1,chromatin_od@current,od,True,1.0,True,False,238,118,14348,0.8684,118,2,0.0,1.0,32.975,173.0,435.0,1289.0,3825.0,7799.0,11664.0,chromatin_od,current,1.0,1000,1000,209,76,0.8781512605042017
548.tiff,human melanoma,1,chromatin_od@current,od,True,1.0,True,False,238,118,14348,0.8684,118,2,0.0,1.0,32.975,173.0,435.0,1289.0,3825.0,7799.0,11664.0,chromatin_od,current,1.0,2000,2000,220,84,0.9243697478991597
548.tiff,human melanoma,1,chromatin_od@current,od,True,1.0,True,False,238,118,14348,0.8684,118,2,0.0,1.0,32.975,173.0,435.0,1289.0,3825.0,7799.0,11664.0,chromatin_od,current,1.0,5000,5000,232,103,0.9747899159663865
548.tiff,human melanoma,1,tm_score@global,score,True,0.43783,True,False,238,118,16477,0.9333,118,2,0.0,1.0,32.975,188.0,581.0,1175.0,2551.0,7795.0,13655.0,tm_score,global,0.43783,25,25,22,3,0.09243697478991597
548.tiff,human melanoma,1,tm_score@global,score,True,0.43783,True,False,238,118,16477,0.9333,118,2,0.0,1.0,32.975,188.0,581.0,1175.0,2551.0,7795.0,13655.0,tm_score,global,0.43783,50,50,40,5,0.16806722689075632
548.tiff,human melanoma,1,tm_score@global,score,True,0.43783,True,False,238,118,16477,0.9333,118,2,0.0,1.0,32.975,188.0,581.0,1175.0,2551.0,7795.0,13655.0,tm_score,global,0.43783,100,100,73,16,0.3067226890756303
548.tiff,human melanoma,1,tm_score@global,score,True,0.43783,True,False,238,118,16477,0.9333,118,2,0.0,1.0,32.975,188.0,581.0,1175.0,2551.0,7795.0,13655.0,tm_score,global,0.43783,250,250,143,38,0.6008403361344538
548.tiff,human melanoma,1,tm_score@global,score,True,0.43783,True,False,238,118,16477,0.9333,118,2,0.0,1.0,32.975,188.0,581.0,1175.0,2551.0,7795.0,13655.0,tm_score,global,0.43783,500,500,186,59,0.7815126050420168
548.tiff,human melanoma,1,tm_score@global,score,True,0.43783,True,False,238,118,16477,0.9333,118,2,0.0,1.0,32.975,188.0,581.0,1175.0,2551.0,7795.0,13655.0,tm_score,global,0.43783,1000,1000,209,81,0.8781512605042017
548.tiff,human melanoma,1,tm_score@global,score,True,0.43783,True,False,238,118,16477,0.9333,118,2,0.0,1.0,32.975,188.0,581.0,1175.0,2551.0,7795.0,13655.0,tm_score,global,0.43783,2000,2000,222,93,0.9327731092436975
548.tiff,human melanoma,1,tm_score@global,score,True,0.43783,True,False,238,118,16477,0.9333,118,2,0.0,1.0,32.975,188.0,581.0,1175.0,2551.0,7795.0,13655.0,tm_score,global,0.43783,5000,5000,232,106,0.9747899159663865
548.tiff,human melanoma,1,chromatin_od@global,od,True,0.43783,True,False,238,118,16477,0.9333,118,2,0.0,1.0,32.975,173.0,435.0,1294.0,3842.0,7897.0,12088.0,chromatin_od,global,0.43783,25,25,18,5,0.07563025210084033
548.tiff,human melanoma,1,chromatin_od@global,od,True,0.43783,True,False,238,118,16477,0.9333,118,2,0.0,1.0,32.975,173.0,435.0,1294.0,3842.0,7897.0,12088.0,chromatin_od,global,0.43783,50,50,38,7,0.15966386554621848
548.tiff,human melanoma,1,chromatin_od@global,od,True,0.43783,True,False,238,118,16477,0.9333,118,2,0.0,1.0,32.975,173.0,435.0,1294.0,3842.0,7897.0,12088.0,chromatin_od,global,0.43783,100,100,72,14,0.3025210084033613
548.tiff,human melanoma,1,chromatin_od@global,od,True,0.43783,True,False,238,118,16477,0.9333,118,2,0.0,1.0,32.975,173.0,435.0,1294.0,3842.0,7897.0,12088.0,chromatin_od,global,0.43783,250,250,145,29,0.6092436974789915
548.tiff,human melanoma,1,chromatin_od@global,od,True,0.43783,True,False,238,118,16477,0.9333,118,2,0.0,1.0,32.975,173.0,435.0,1294.0,3842.0,7897.0,12088.0,chromatin_od,global,0.43783,500,500,194,55,0.8151260504201681
548.tiff,human melanoma,1,chromatin_od@global,od,True,0.43783,True,False,238,118,16477,0.9333,118,2,0.0,1.0,32.975,173.0,435.0,1294.0,3842.0,7897.0,12088.0,chromatin_od,global,0.43783,1000,1000,209,76,0.8781512605042017
548.tiff,human melanoma,1,chromatin_od@global,od,True,0.43783,True,False,238,118,16477,0.9333,118,2,0.0,1.0,32.975,173.0,435.0,1294.0,3842.0,7897.0,12088.0,chromatin_od,global,0.43783,2000,2000,220,84,0.9243697478991597
548.tiff,human melanoma,1,chromatin_od@global,od,True,0.43783,True,False,238,118,16477,0.9333,118,2,0.0,1.0,32.975,173.0,435.0,1294.0,3842.0,7897.0,12088.0,chromatin_od,global,0.43783,5000,5000,232,103,0.9747899159663865
548.tiff,human melanoma,1,tm_score@domain,score,True,0.43783,True,False,238,118,16477,0.9333,118,2,0.0,1.0,32.975,188.0,581.0,1175.0,2551.0,7795.0,13655.0,tm_score,domain,0.43783,25,25,22,3,0.09243697478991597
548.tiff,human melanoma,1,tm_score@domain,score,True,0.43783,True,False,238,118,16477,0.9333,118,2,0.0,1.0,32.975,188.0,581.0,1175.0,2551.0,7795.0,13655.0,tm_score,domain,0.43783,50,50,40,5,0.16806722689075632
548.tiff,human melanoma,1,tm_score@domain,score,True,0.43783,True,False,238,118,16477,0.9333,118,2,0.0,1.0,32.975,188.0,581.0,1175.0,2551.0,7795.0,13655.0,tm_score,domain,0.43783,100,100,73,16,0.3067226890756303
548.tiff,human melanoma,1,tm_score@domain,score,True,0.43783,True,False,238,118,16477,0.9333,118,2,0.0,1.0,32.975,188.0,581.0,1175.0,2551.0,7795.0,13655.0,tm_score,domain,0.43783,250,250,143,38,0.6008403361344538
548.tiff,human melanoma,1,tm_score@domain,score,True,0.43783,True,False,238,118,16477,0.9333,118,2,0.0,1.0,32.975,188.0,581.0,1175.0,2551.0,7795.0,13655.0,tm_score,domain,0.43783,500,500,186,59,0.7815126050420168
548.tiff,human melanoma,1,tm_score@domain,score,True,0.43783,True,False,238,118,16477,0.9333,118,2,0.0,1.0,32.975,188.0,581.0,1175.0,2551.0,7795.0,13655.0,tm_score,domain,0.43783,1000,1000,209,81,0.8781512605042017
548.tiff,human melanoma,1,tm_score@domain,score,True,0.43783,True,False,238,118,16477,0.9333,118,2,0.0,1.0,32.975,188.0,581.0,1175.0,2551.0,7795.0,13655.0,tm_score,domain,0.43783,2000,2000,222,93,0.9327731092436975
548.tiff,human melanoma,1,tm_score@domain,score,True,0.43783,True,False,238,118,16477,0.9333,118,2,0.0,1.0,32.975,188.0,581.0,1175.0,2551.0,7795.0,13655.0,tm_score,domain,0.43783,5000,5000,232,106,0.9747899159663865
548.tiff,human melanoma,1,chromatin_od@domain,od,True,0.43783,True,False,238,118,16477,0.9333,118,2,0.0,1.0,32.975,173.0,435.0,1294.0,3842.0,7897.0,12088.0,chromatin_od,domain,0.43783,25,25,18,5,0.07563025210084033
548.tiff,human melanoma,1,chromatin_od@domain,od,True,0.43783,True,False,238,118,16477,0.9333,118,2,0.0,1.0,32.975,173.0,435.0,1294.0,3842.0,7897.0,12088.0,chromatin_od,domain,0.43783,50,50,38,7,0.15966386554621848
548.tiff,human melanoma,1,chromatin_od@domain,od,True,0.43783,True,False,238,118,16477,0.9333,118,2,0.0,1.0,32.975,173.0,435.0,1294.0,3842.0,7897.0,12088.0,chromatin_od,domain,0.43783,100,100,72,14,0.3025210084033613
548.tiff,human melanoma,1,chromatin_od@domain,od,True,0.43783,True,False,238,118,16477,0.9333,118,2,0.0,1.0,32.975,173.0,435.0,1294.0,3842.0,7897.0,12088.0,chromatin_od,domain,0.43783,250,250,145,29,0.6092436974789915
548.tiff,human melanoma,1,chromatin_od@domain,od,True,0.43783,True,False,238,118,16477,0.9333,118,2,0.0,1.0,32.975,173.0,435.0,1294.0,3842.0,7897.0,12088.0,chromatin_od,domain,0.43783,500,500,194,55,0.8151260504201681
548.tiff,human melanoma,1,chromatin_od@domain,od,True,0.43783,True,False,238,118,16477,0.9333,118,2,0.0,1.0,32.975,173.0,435.0,1294.0,3842.0,7897.0,12088.0,chromatin_od,domain,0.43783,1000,1000,209,76,0.8781512605042017
548.tiff,human melanoma,1,chromatin_od@domain,od,True,0.43783,True,False,238,118,16477,0.9333,118,2,0.0,1.0,32.975,173.0,435.0,1294.0,3842.0,7897.0,12088.0,chromatin_od,domain,0.43783,2000,2000,220,84,0.9243697478991597
548.tiff,human melanoma,1,chromatin_od@domain,od,True,0.43783,True,False,238,118,16477,0.9333,118,2,0.0,1.0,32.975,173.0,435.0,1294.0,3842.0,7897.0,12088.0,chromatin_od,domain,0.43783,5000,5000,232,103,0.9747899159663865
548.tiff,human melanoma,2,tm_score@current,score,True,1.0,True,False,238,118,14594,0.8791,117,2,0.0,1.0,32.975,194.0,482.0,996.0,2113.0,6170.0,10055.0,tm_score,current,1.0,25,25,19,3,0.07983193277310924
548.tiff,human melanoma,2,tm_score@current,score,True,1.0,True,False,238,118,14594,0.8791,117,2,0.0,1.0,32.975,194.0,482.0,996.0,2113.0,6170.0,10055.0,tm_score,current,1.0,50,50,32,10,0.13445378151260504
548.tiff,human melanoma,2,tm_score@current,score,True,1.0,True,False,238,118,14594,0.8791,117,2,0.0,1.0,32.975,194.0,482.0,996.0,2113.0,6170.0,10055.0,tm_score,current,1.0,100,100,70,16,0.29411764705882354
548.tiff,human melanoma,2,tm_score@current,score,True,1.0,True,False,238,118,14594,0.8791,117,2,0.0,1.0,32.975,194.0,482.0,996.0,2113.0,6170.0,10055.0,tm_score,current,1.0,250,250,146,36,0.6134453781512605
548.tiff,human melanoma,2,tm_score@current,score,True,1.0,True,False,238,118,14594,0.8791,117,2,0.0,1.0,32.975,194.0,482.0,996.0,2113.0,6170.0,10055.0,tm_score,current,1.0,500,500,194,59,0.8151260504201681
548.tiff,human melanoma,2,tm_score@current,score,True,1.0,True,False,238,118,14594,0.8791,117,2,0.0,1.0,32.975,194.0,482.0,996.0,2113.0,6170.0,10055.0,tm_score,current,1.0,1000,1000,215,80,0.9033613445378151
548.tiff,human melanoma,2,tm_score@current,score,True,1.0,True,False,238,118,14594,0.8791,117,2,0.0,1.0,32.975,194.0,482.0,996.0,2113.0,6170.0,10055.0,tm_score,current,1.0,2000,2000,224,95,0.9411764705882353
548.tiff,human melanoma,2,tm_score@current,score,True,1.0,True,False,238,118,14594,0.8791,117,2,0.0,1.0,32.975,194.0,482.0,996.0,2113.0,6170.0,10055.0,tm_score,current,1.0,5000,5000,234,109,0.9831932773109243
548.tiff,human melanoma,2,chromatin_od@current,od,True,1.0,True,False,238,118,14594,0.8791,117,2,0.0,1.0,32.975,173.0,487.0,1234.0,3798.0,7168.0,12294.0,chromatin_od,current,1.0,25,25,18,5,0.07563025210084033
548.tiff,human melanoma,2,chromatin_od@current,od,True,1.0,True,False,238,118,14594,0.8791,117,2,0.0,1.0,32.975,173.0,487.0,1234.0,3798.0,7168.0,12294.0,chromatin_od,current,1.0,50,50,37,7,0.15546218487394958
548.tiff,human melanoma,2,chromatin_od@current,od,True,1.0,True,False,238,118,14594,0.8791,117,2,0.0,1.0,32.975,173.0,487.0,1234.0,3798.0,7168.0,12294.0,chromatin_od,current,1.0,100,100,71,15,0.29831932773109243
548.tiff,human melanoma,2,chromatin_od@current,od,True,1.0,True,False,238,118,14594,0.8791,117,2,0.0,1.0,32.975,173.0,487.0,1234.0,3798.0,7168.0,12294.0,chromatin_od,current,1.0,250,250,146,28,0.6134453781512605
548.tiff,human melanoma,2,chromatin_od@current,od,True,1.0,True,False,238,118,14594,0.8791,117,2,0.0,1.0,32.975,173.0,487.0,1234.0,3798.0,7168.0,12294.0,chromatin_od,current,1.0,500,500,193,56,0.8109243697478992
548.tiff,human melanoma,2,chromatin_od@current,od,True,1.0,True,False,238,118,14594,0.8791,117,2,0.0,1.0,32.975,173.0,487.0,1234.0,3798.0,7168.0,12294.0,chromatin_od,current,1.0,1000,1000,209,77,0.8781512605042017
548.tiff,human melanoma,2,chromatin_od@current,od,True,1.0,True,False,238,118,14594,0.8791,117,2,0.0,1.0,32.975,173.0,487.0,1234.0,3798.0,7168.0,12294.0,chromatin_od,current,1.0,2000,2000,222,84,0.9327731092436975
548.tiff,human melanoma,2,chromatin_od@current,od,True,1.0,True,False,238,118,14594,0.8791,117,2,0.0,1.0,32.975,173.0,487.0,1234.0,3798.0,7168.0,12294.0,chromatin_od,current,1.0,5000,5000,232,103,0.9747899159663865
548.tiff,human melanoma,2,tm_score@global,score,True,0.43783,True,False,238,118,16687,0.9403,117,2,0.0,1.0,32.975,194.0,482.0,996.0,2113.0,6170.0,10055.0,tm_score,global,0.43783,25,25,19,3,0.07983193277310924
548.tiff,human melanoma,2,tm_score@global,score,True,0.43783,True,False,238,118,16687,0.9403,117,2,0.0,1.0,32.975,194.0,482.0,996.0,2113.0,6170.0,10055.0,tm_score,global,0.43783,50,50,32,10,0.13445378151260504
548.tiff,human melanoma,2,tm_score@global,score,True,0.43783,True,False,238,118,16687,0.9403,117,2,0.0,1.0,32.975,194.0,482.0,996.0,2113.0,6170.0,10055.0,tm_score,global,0.43783,100,100,70,16,0.29411764705882354
548.tiff,human melanoma,2,tm_score@global,score,True,0.43783,True,False,238,118,16687,0.9403,117,2,0.0,1.0,32.975,194.0,482.0,996.0,2113.0,6170.0,10055.0,tm_score,global,0.43783,250,250,146,36,0.6134453781512605
548.tiff,human melanoma,2,tm_score@global,score,True,0.43783,True,False,238,118,16687,0.9403,117,2,0.0,1.0,32.975,194.0,482.0,996.0,2113.0,6170.0,10055.0,tm_score,global,0.43783,500,500,194,59,0.8151260504201681
548.tiff,human melanoma,2,tm_score@global,score,True,0.43783,True,False,238,118,16687,0.9403,117,2,0.0,1.0,32.975,194.0,482.0,996.0,2113.0,6170.0,10055.0,tm_score,global,0.43783,1000,1000,215,80,0.9033613445378151
548.tiff,human melanoma,2,tm_score@global,score,True,0.43783,True,False,238,118,16687,0.9403,117,2,0.0,1.0,32.975,194.0,482.0,996.0,2113.0,6170.0,10055.0,tm_score,global,0.43783,2000,2000,224,95,0.9411764705882353
548.tiff,human melanoma,2,tm_score@global,score,True,0.43783,True,False,238,118,16687,0.9403,117,2,0.0,1.0,32.975,194.0,482.0,996.0,2113.0,6170.0,10055.0,tm_score,global,0.43783,5000,5000,234,109,0.9831932773109243
548.tiff,human melanoma,2,chromatin_od@global,od,True,0.43783,True,False,238,118,16687,0.9403,117,2,0.0,1.0,32.975,173.0,489.0,1241.0,3829.0,7282.0,12882.0,chromatin_od,global,0.43783,25,25,18,5,0.07563025210084033
548.tiff,human melanoma,2,chromatin_od@global,od,True,0.43783,True,False,238,118,16687,0.9403,117,2,0.0,1.0,32.975,173.0,489.0,1241.0,3829.0,7282.0,12882.0,chromatin_od,global,0.43783,50,50,37,7,0.15546218487394958
548.tiff,human melanoma,2,chromatin_od@global,od,True,0.43783,True,False,238,118,16687,0.9403,117,2,0.0,1.0,32.975,173.0,489.0,1241.0,3829.0,7282.0,12882.0,chromatin_od,global,0.43783,100,100,71,15,0.29831932773109243
548.tiff,human melanoma,2,chromatin_od@global,od,True,0.43783,True,False,238,118,16687,0.9403,117,2,0.0,1.0,32.975,173.0,489.0,1241.0,3829.0,7282.0,12882.0,chromatin_od,global,0.43783,250,250,146,28,0.6134453781512605
548.tiff,human melanoma,2,chromatin_od@global,od,True,0.43783,True,False,238,118,16687,0.9403,117,2,0.0,1.0,32.975,173.0,489.0,1241.0,3829.0,7282.0,12882.0,chromatin_od,global,0.43783,500,500,193,56,0.8109243697478992
548.tiff,human melanoma,2,chromatin_od@global,od,True,0.43783,True,False,238,118,16687,0.9403,117,2,0.0,1.0,32.975,173.0,489.0,1241.0,3829.0,7282.0,12882.0,chromatin_od,global,0.43783,1000,1000,209,77,0.8781512605042017
548.tiff,human melanoma,2,chromatin_od@global,od,True,0.43783,True,False,238,118,16687,0.9403,117,2,0.0,1.0,32.975,173.0,489.0,1241.0,3829.0,7282.0,12882.0,chromatin_od,global,0.43783,2000,2000,222,84,0.9327731092436975
548.tiff,human melanoma,2,chromatin_od@global,od,True,0.43783,True,False,238,118,16687,0.9403,117,2,0.0,1.0,32.975,173.0,489.0,1241.0,3829.0,7282.0,12882.0,chromatin_od,global,0.43783,5000,5000,232,103,0.9747899159663865
548.tiff,human melanoma,2,tm_score@domain,score,True,0.43783,True,False,238,118,16687,0.9403,117,2,0.0,1.0,32.975,194.0,482.0,996.0,2113.0,6170.0,10055.0,tm_score,domain,0.43783,25,25,19,3,0.07983193277310924
548.tiff,human melanoma,2,tm_score@domain,score,True,0.43783,True,False,238,118,16687,0.9403,117,2,0.0,1.0,32.975,194.0,482.0,996.0,2113.0,6170.0,10055.0,tm_score,domain,0.43783,50,50,32,10,0.13445378151260504
548.tiff,human melanoma,2,tm_score@domain,score,True,0.43783,True,False,238,118,16687,0.9403,117,2,0.0,1.0,32.975,194.0,482.0,996.0,2113.0,6170.0,10055.0,tm_score,domain,0.43783,100,100,70,16,0.29411764705882354
548.tiff,human melanoma,2,tm_score@domain,score,True,0.43783,True,False,238,118,16687,0.9403,117,2,0.0,1.0,32.975,194.0,482.0,996.0,2113.0,6170.0,10055.0,tm_score,domain,0.43783,250,250,146,36,0.6134453781512605
548.tiff,human melanoma,2,tm_score@domain,score,True,0.43783,True,False,238,118,16687,0.9403,117,2,0.0,1.0,32.975,194.0,482.0,996.0,2113.0,6170.0,10055.0,tm_score,domain,0.43783,500,500,194,59,0.8151260504201681
548.tiff,human melanoma,2,tm_score@domain,score,True,0.43783,True,False,238,118,16687,0.9403,117,2,0.0,1.0,32.975,194.0,482.0,996.0,2113.0,6170.0,10055.0,tm_score,domain,0.43783,1000,1000,215,80,0.9033613445378151
548.tiff,human melanoma,2,tm_score@domain,score,True,0.43783,True,False,238,118,16687,0.9403,117,2,0.0,1.0,32.975,194.0,482.0,996.0,2113.0,6170.0,10055.0,tm_score,domain,0.43783,2000,2000,224,95,0.9411764705882353
548.tiff,human melanoma,2,tm_score@domain,score,True,0.43783,True,False,238,118,16687,0.9403,117,2,0.0,1.0,32.975,194.0,482.0,996.0,2113.0,6170.0,10055.0,tm_score,domain,0.43783,5000,5000,234,109,0.9831932773109243
548.tiff,human melanoma,2,chromatin_od@domain,od,True,0.43783,True,False,238,118,16687,0.9403,117,2,0.0,1.0,32.975,173.0,489.0,1241.0,3829.0,7282.0,12882.0,chromatin_od,domain,0.43783,25,25,18,5,0.07563025210084033
548.tiff,human melanoma,2,chromatin_od@domain,od,True,0.43783,True,False,238,118,16687,0.9403,117,2,0.0,1.0,32.975,173.0,489.0,1241.0,3829.0,7282.0,12882.0,chromatin_od,domain,0.43783,50,50,37,7,0.15546218487394958
548.tiff,human melanoma,2,chromatin_od@domain,od,True,0.43783,True,False,238,118,16687,0.9403,117,2,0.0,1.0,32.975,173.0,489.0,1241.0,3829.0,7282.0,12882.0,chromatin_od,domain,0.43783,100,100,71,15,0.29831932773109243
548.tiff,human melanoma,2,chromatin_od@domain,od,True,0.43783,True,False,238,118,16687,0.9403,117,2,0.0,1.0,32.975,173.0,489.0,1241.0,3829.0,7282.0,12882.0,chromatin_od,domain,0.43783,250,250,146,28,0.6134453781512605
548.tiff,human melanoma,2,chromatin_od@domain,od,True,0.43783,True,False,238,118,16687,0.9403,117,2,0.0,1.0,32.975,173.0,489.0,1241.0,3829.0,7282.0,12882.0,chromatin_od,domain,0.43783,500,500,193,56,0.8109243697478992
548.tiff,human melanoma,2,chromatin_od@domain,od,True,0.43783,True,False,238,118,16687,0.9403,117,2,0.0,1.0,32.975,173.0,489.0,1241.0,3829.0,7282.0,12882.0,chromatin_od,domain,0.43783,1000,1000,209,77,0.8781512605042017
548.tiff,human melanoma,2,chromatin_od@domain,od,True,0.43783,True,False,238,118,16687,0.9403,117,2,0.0,1.0,32.975,173.0,489.0,1241.0,3829.0,7282.0,12882.0,chromatin_od,domain,0.43783,2000,2000,222,84,0.9327731092436975
548.tiff,human melanoma,2,chromatin_od@domain,od,True,0.43783,True,False,238,118,16687,0.9403,117,2,0.0,1.0,32.975,173.0,489.0,1241.0,3829.0,7282.0,12882.0,chromatin_od,domain,0.43783,5000,5000,232,103,0.9747899159663865
548.tiff,human melanoma,3,tm_score@current,score,True,1.0,True,False,238,118,14472,0.8747,118,2,0.0,0.9957983193277311,32.975,235.0,584.0,1242.0,2424.0,6189.0,,tm_score,current,1.0,25,25,19,4,0.07983193277310924
548.tiff,human melanoma,3,tm_score@current,score,True,1.0,True,False,238,118,14472,0.8747,118,2,0.0,0.9957983193277311,32.975,235.0,584.0,1242.0,2424.0,6189.0,,tm_score,current,1.0,50,50,35,8,0.14705882352941177
548.tiff,human melanoma,3,tm_score@current,score,True,1.0,True,False,238,118,14472,0.8747,118,2,0.0,0.9957983193277311,32.975,235.0,584.0,1242.0,2424.0,6189.0,,tm_score,current,1.0,100,100,66,14,0.2773109243697479
548.tiff,human melanoma,3,tm_score@current,score,True,1.0,True,False,238,118,14472,0.8747,118,2,0.0,0.9957983193277311,32.975,235.0,584.0,1242.0,2424.0,6189.0,,tm_score,current,1.0,250,250,121,36,0.5084033613445378
548.tiff,human melanoma,3,tm_score@current,score,True,1.0,True,False,238,118,14472,0.8747,118,2,0.0,0.9957983193277311,32.975,235.0,584.0,1242.0,2424.0,6189.0,,tm_score,current,1.0,500,500,178,62,0.7478991596638656
548.tiff,human melanoma,3,tm_score@current,score,True,1.0,True,False,238,118,14472,0.8747,118,2,0.0,0.9957983193277311,32.975,235.0,584.0,1242.0,2424.0,6189.0,,tm_score,current,1.0,1000,1000,203,81,0.8529411764705882
548.tiff,human melanoma,3,tm_score@current,score,True,1.0,True,False,238,118,14472,0.8747,118,2,0.0,0.9957983193277311,32.975,235.0,584.0,1242.0,2424.0,6189.0,,tm_score,current,1.0,2000,2000,223,95,0.9369747899159664
548.tiff,human melanoma,3,tm_score@current,score,True,1.0,True,False,238,118,14472,0.8747,118,2,0.0,0.9957983193277311,32.975,235.0,584.0,1242.0,2424.0,6189.0,,tm_score,current,1.0,5000,5000,234,110,0.9831932773109243
548.tiff,human melanoma,3,chromatin_od@current,od,True,1.0,True,False,238,118,14472,0.8747,118,2,0.0,0.9957983193277311,32.975,179.0,499.0,1239.0,3012.0,8349.0,,chromatin_od,current,1.0,25,25,18,5,0.07563025210084033
548.tiff,human melanoma,3,chromatin_od@current,od,True,1.0,True,False,238,118,14472,0.8747,118,2,0.0,0.9957983193277311,32.975,179.0,499.0,1239.0,3012.0,8349.0,,chromatin_od,current,1.0,50,50,38,7,0.15966386554621848
548.tiff,human melanoma,3,chromatin_od@current,od,True,1.0,True,False,238,118,14472,0.8747,118,2,0.0,0.9957983193277311,32.975,179.0,499.0,1239.0,3012.0,8349.0,,chromatin_od,current,1.0,100,100,72,15,0.3025210084033613
548.tiff,human melanoma,3,chromatin_od@current,od,True,1.0,True,False,238,118,14472,0.8747,118,2,0.0,0.9957983193277311,32.975,179.0,499.0,1239.0,3012.0,8349.0,,chromatin_od,current,1.0,250,250,143,31,0.6008403361344538
548.tiff,human melanoma,3,chromatin_od@current,od,True,1.0,True,False,238,118,14472,0.8747,118,2,0.0,0.9957983193277311,32.975,179.0,499.0,1239.0,3012.0,8349.0,,chromatin_od,current,1.0,500,500,191,55,0.8025210084033614
548.tiff,human melanoma,3,chromatin_od@current,od,True,1.0,True,False,238,118,14472,0.8747,118,2,0.0,0.9957983193277311,32.975,179.0,499.0,1239.0,3012.0,8349.0,,chromatin_od,current,1.0,1000,1000,210,76,0.8823529411764706
548.tiff,human melanoma,3,chromatin_od@current,od,True,1.0,True,False,238,118,14472,0.8747,118,2,0.0,0.9957983193277311,32.975,179.0,499.0,1239.0,3012.0,8349.0,,chromatin_od,current,1.0,2000,2000,221,85,0.9285714285714286
548.tiff,human melanoma,3,chromatin_od@current,od,True,1.0,True,False,238,118,14472,0.8747,118,2,0.0,0.9957983193277311,32.975,179.0,499.0,1239.0,3012.0,8349.0,,chromatin_od,current,1.0,5000,5000,231,102,0.9705882352941176
548.tiff,human melanoma,3,tm_score@global,score,True,0.43783,True,False,238,118,16479,0.9344,118,2,0.0,0.9957983193277311,32.975,235.0,584.0,1242.0,2424.0,6189.0,,tm_score,global,0.43783,25,25,19,4,0.07983193277310924
548.tiff,human melanoma,3,tm_score@global,score,True,0.43783,True,False,238,118,16479,0.9344,118,2,0.0,0.9957983193277311,32.975,235.0,584.0,1242.0,2424.0,6189.0,,tm_score,global,0.43783,50,50,35,8,0.14705882352941177
548.tiff,human melanoma,3,tm_score@global,score,True,0.43783,True,False,238,118,16479,0.9344,118,2,0.0,0.9957983193277311,32.975,235.0,584.0,1242.0,2424.0,6189.0,,tm_score,global,0.43783,100,100,66,14,0.2773109243697479
548.tiff,human melanoma,3,tm_score@global,score,True,0.43783,True,False,238,118,16479,0.9344,118,2,0.0,0.9957983193277311,32.975,235.0,584.0,1242.0,2424.0,6189.0,,tm_score,global,0.43783,250,250,121,36,0.5084033613445378
548.tiff,human melanoma,3,tm_score@global,score,True,0.43783,True,False,238,118,16479,0.9344,118,2,0.0,0.9957983193277311,32.975,235.0,584.0,1242.0,2424.0,6189.0,,tm_score,global,0.43783,500,500,178,62,0.7478991596638656
548.tiff,human melanoma,3,tm_score@global,score,True,0.43783,True,False,238,118,16479,0.9344,118,2,0.0,0.9957983193277311,32.975,235.0,584.0,1242.0,2424.0,6189.0,,tm_score,global,0.43783,1000,1000,203,81,0.8529411764705882
548.tiff,human melanoma,3,tm_score@global,score,True,0.43783,True,False,238,118,16479,0.9344,118,2,0.0,0.9957983193277311,32.975,235.0,584.0,1242.0,2424.0,6189.0,,tm_score,global,0.43783,2000,2000,223,95,0.9369747899159664
548.tiff,human melanoma,3,tm_score@global,score,True,0.43783,True,False,238,118,16479,0.9344,118,2,0.0,0.9957983193277311,32.975,235.0,584.0,1242.0,2424.0,6189.0,,tm_score,global,0.43783,5000,5000,234,110,0.9831932773109243
548.tiff,human melanoma,3,chromatin_od@global,od,True,0.43783,True,False,238,118,16479,0.9344,118,2,0.0,0.9957983193277311,32.975,179.0,501.0,1248.0,3047.0,8513.0,,chromatin_od,global,0.43783,25,25,18,5,0.07563025210084033
548.tiff,human melanoma,3,chromatin_od@global,od,True,0.43783,True,False,238,118,16479,0.9344,118,2,0.0,0.9957983193277311,32.975,179.0,501.0,1248.0,3047.0,8513.0,,chromatin_od,global,0.43783,50,50,38,7,0.15966386554621848
548.tiff,human melanoma,3,chromatin_od@global,od,True,0.43783,True,False,238,118,16479,0.9344,118,2,0.0,0.9957983193277311,32.975,179.0,501.0,1248.0,3047.0,8513.0,,chromatin_od,global,0.43783,100,100,72,15,0.3025210084033613
548.tiff,human melanoma,3,chromatin_od@global,od,True,0.43783,True,False,238,118,16479,0.9344,118,2,0.0,0.9957983193277311,32.975,179.0,501.0,1248.0,3047.0,8513.0,,chromatin_od,global,0.43783,250,250,143,31,0.6008403361344538
548.tiff,human melanoma,3,chromatin_od@global,od,True,0.43783,True,False,238,118,16479,0.9344,118,2,0.0,0.9957983193277311,32.975,179.0,501.0,1248.0,3047.0,8513.0,,chromatin_od,global,0.43783,500,500,190,55,0.7983193277310925
548.tiff,human melanoma,3,chromatin_od@global,od,True,0.43783,True,False,238,118,16479,0.9344,118,2,0.0,0.9957983193277311,32.975,179.0,501.0,1248.0,3047.0,8513.0,,chromatin_od,global,0.43783,1000,1000,210,76,0.8823529411764706
548.tiff,human melanoma,3,chromatin_od@global,od,True,0.43783,True,False,238,118,16479,0.9344,118,2,0.0,0.9957983193277311,32.975,179.0,501.0,1248.0,3047.0,8513.0,,chromatin_od,global,0.43783,2000,2000,221,85,0.9285714285714286
548.tiff,human melanoma,3,chromatin_od@global,od,True,0.43783,True,False,238,118,16479,0.9344,118,2,0.0,0.9957983193277311,32.975,179.0,501.0,1248.0,3047.0,8513.0,,chromatin_od,global,0.43783,5000,5000,230,102,0.9663865546218487
548.tiff,human melanoma,3,tm_score@domain,score,True,0.43783,True,False,238,118,16479,0.9344,118,2,0.0,0.9957983193277311,32.975,235.0,584.0,1242.0,2424.0,6189.0,,tm_score,domain,0.43783,25,25,19,4,0.07983193277310924
548.tiff,human melanoma,3,tm_score@domain,score,True,0.43783,True,False,238,118,16479,0.9344,118,2,0.0,0.9957983193277311,32.975,235.0,584.0,1242.0,2424.0,6189.0,,tm_score,domain,0.43783,50,50,35,8,0.14705882352941177
548.tiff,human melanoma,3,tm_score@domain,score,True,0.43783,True,False,238,118,16479,0.9344,118,2,0.0,0.9957983193277311,32.975,235.0,584.0,1242.0,2424.0,6189.0,,tm_score,domain,0.43783,100,100,66,14,0.2773109243697479
548.tiff,human melanoma,3,tm_score@domain,score,True,0.43783,True,False,238,118,16479,0.9344,118,2,0.0,0.9957983193277311,32.975,235.0,584.0,1242.0,2424.0,6189.0,,tm_score,domain,0.43783,250,250,121,36,0.5084033613445378
548.tiff,human melanoma,3,tm_score@domain,score,True,0.43783,True,False,238,118,16479,0.9344,118,2,0.0,0.9957983193277311,32.975,235.0,584.0,1242.0,2424.0,6189.0,,tm_score,domain,0.43783,500,500,178,62,0.7478991596638656
548.tiff,human melanoma,3,tm_score@domain,score,True,0.43783,True,False,238,118,16479,0.9344,118,2,0.0,0.9957983193277311,32.975,235.0,584.0,1242.0,2424.0,6189.0,,tm_score,domain,0.43783,1000,1000,203,81,0.8529411764705882
548.tiff,human melanoma,3,tm_score@domain,score,True,0.43783,True,False,238,118,16479,0.9344,118,2,0.0,0.9957983193277311,32.975,235.0,584.0,1242.0,2424.0,6189.0,,tm_score,domain,0.43783,2000,2000,223,95,0.9369747899159664
548.tiff,human melanoma,3,tm_score@domain,score,True,0.43783,True,False,238,118,16479,0.9344,118,2,0.0,0.9957983193277311,32.975,235.0,584.0,1242.0,2424.0,6189.0,,tm_score,domain,0.43783,5000,5000,234,110,0.9831932773109243
548.tiff,human melanoma,3,chromatin_od@domain,od,True,0.43783,True,False,238,118,16479,0.9344,118,2,0.0,0.9957983193277311,32.975,179.0,501.0,1248.0,3047.0,8513.0,,chromatin_od,domain,0.43783,25,25,18,5,0.07563025210084033
548.tiff,human melanoma,3,chromatin_od@domain,od,True,0.43783,True,False,238,118,16479,0.9344,118,2,0.0,0.9957983193277311,32.975,179.0,501.0,1248.0,3047.0,8513.0,,chromatin_od,domain,0.43783,50,50,38,7,0.15966386554621848
548.tiff,human melanoma,3,chromatin_od@domain,od,True,0.43783,True,False,238,118,16479,0.9344,118,2,0.0,0.9957983193277311,32.975,179.0,501.0,1248.0,3047.0,8513.0,,chromatin_od,domain,0.43783,100,100,72,15,0.3025210084033613
548.tiff,human melanoma,3,chromatin_od@domain,od,True,0.43783,True,False,238,118,16479,0.9344,118,2,0.0,0.9957983193277311,32.975,179.0,501.0,1248.0,3047.0,8513.0,,chromatin_od,domain,0.43783,250,250,143,31,0.6008403361344538
548.tiff,human melanoma,3,chromatin_od@domain,od,True,0.43783,True,False,238,118,16479,0.9344,118,2,0.0,0.9957983193277311,32.975,179.0,501.0,1248.0,3047.0,8513.0,,chromatin_od,domain,0.43783,500,500,190,55,0.7983193277310925
548.tiff,human melanoma,3,chromatin_od@domain,od,True,0.43783,True,False,238,118,16479,0.9344,118,2,0.0,0.9957983193277311,32.975,179.0,501.0,1248.0,3047.0,8513.0,,chromatin_od,domain,0.43783,1000,1000,210,76,0.8823529411764706
548.tiff,human melanoma,3,chromatin_od@domain,od,True,0.43783,True,False,238,118,16479,0.9344,118,2,0.0,0.9957983193277311,32.975,179.0,501.0,1248.0,3047.0,8513.0,,chromatin_od,domain,0.43783,2000,2000,221,85,0.9285714285714286
548.tiff,human melanoma,3,chromatin_od@domain,od,True,0.43783,True,False,238,118,16479,0.9344,118,2,0.0,0.9957983193277311,32.975,179.0,501.0,1248.0,3047.0,8513.0,,chromatin_od,domain,0.43783,5000,5000,230,102,0.9663865546218487
548.tiff,human melanoma,4,tm_score@current,score,True,1.0,True,False,238,118,15212,0.8976,116,2,0.0,1.0,32.975,215.0,594.0,939.0,2173.0,5616.0,6503.0,tm_score,current,1.0,25,25,21,2,0.08823529411764706
548.tiff,human melanoma,4,tm_score@current,score,True,1.0,True,False,238,118,15212,0.8976,116,2,0.0,1.0,32.975,215.0,594.0,939.0,2173.0,5616.0,6503.0,tm_score,current,1.0,50,50,37,7,0.15546218487394958
548.tiff,human melanoma,4,tm_score@current,score,True,1.0,True,False,238,118,15212,0.8976,116,2,0.0,1.0,32.975,215.0,594.0,939.0,2173.0,5616.0,6503.0,tm_score,current,1.0,100,100,65,18,0.27310924369747897
548.tiff,human melanoma,4,tm_score@current,score,True,1.0,True,False,238,118,15212,0.8976,116,2,0.0,1.0,32.975,215.0,594.0,939.0,2173.0,5616.0,6503.0,tm_score,current,1.0,250,250,133,34,0.5588235294117647
548.tiff,human melanoma,4,tm_score@current,score,True,1.0,True,False,238,118,15212,0.8976,116,2,0.0,1.0,32.975,215.0,594.0,939.0,2173.0,5616.0,6503.0,tm_score,current,1.0,500,500,180,64,0.7563025210084033
548.tiff,human melanoma,4,tm_score@current,score,True,1.0,True,False,238,118,15212,0.8976,116,2,0.0,1.0,32.975,215.0,594.0,939.0,2173.0,5616.0,6503.0,tm_score,current,1.0,1000,1000,215,82,0.9033613445378151
548.tiff,human melanoma,4,tm_score@current,score,True,1.0,True,False,238,118,15212,0.8976,116,2,0.0,1.0,32.975,215.0,594.0,939.0,2173.0,5616.0,6503.0,tm_score,current,1.0,2000,2000,225,93,0.9453781512605042
548.tiff,human melanoma,4,tm_score@current,score,True,1.0,True,False,238,118,15212,0.8976,116,2,0.0,1.0,32.975,215.0,594.0,939.0,2173.0,5616.0,6503.0,tm_score,current,1.0,5000,5000,234,111,0.9831932773109243
548.tiff,human melanoma,4,chromatin_od@current,od,True,1.0,True,False,238,118,15212,0.8976,116,2,0.0,1.0,32.975,175.0,444.0,1207.0,2510.0,7159.0,11910.0,chromatin_od,current,1.0,25,25,18,5,0.07563025210084033
548.tiff,human melanoma,4,chromatin_od@current,od,True,1.0,True,False,238,118,15212,0.8976,116,2,0.0,1.0,32.975,175.0,444.0,1207.0,2510.0,7159.0,11910.0,chromatin_od,current,1.0,50,50,38,7,0.15966386554621848
548.tiff,human melanoma,4,chromatin_od@current,od,True,1.0,True,False,238,118,15212,0.8976,116,2,0.0,1.0,32.975,175.0,444.0,1207.0,2510.0,7159.0,11910.0,chromatin_od,current,1.0,100,100,72,14,0.3025210084033613
548.tiff,human melanoma,4,chromatin_od@current,od,True,1.0,True,False,238,118,15212,0.8976,116,2,0.0,1.0,32.975,175.0,444.0,1207.0,2510.0,7159.0,11910.0,chromatin_od,current,1.0,250,250,146,29,0.6134453781512605
548.tiff,human melanoma,4,chromatin_od@current,od,True,1.0,True,False,238,118,15212,0.8976,116,2,0.0,1.0,32.975,175.0,444.0,1207.0,2510.0,7159.0,11910.0,chromatin_od,current,1.0,500,500,194,54,0.8151260504201681
548.tiff,human melanoma,4,chromatin_od@current,od,True,1.0,True,False,238,118,15212,0.8976,116,2,0.0,1.0,32.975,175.0,444.0,1207.0,2510.0,7159.0,11910.0,chromatin_od,current,1.0,1000,1000,209,75,0.8781512605042017
548.tiff,human melanoma,4,chromatin_od@current,od,True,1.0,True,False,238,118,15212,0.8976,116,2,0.0,1.0,32.975,175.0,444.0,1207.0,2510.0,7159.0,11910.0,chromatin_od,current,1.0,2000,2000,222,83,0.9327731092436975
548.tiff,human melanoma,4,chromatin_od@current,od,True,1.0,True,False,238,118,15212,0.8976,116,2,0.0,1.0,32.975,175.0,444.0,1207.0,2510.0,7159.0,11910.0,chromatin_od,current,1.0,5000,5000,231,101,0.9705882352941176
548.tiff,human melanoma,4,tm_score@global,score,True,0.43783,True,False,238,118,17201,0.9499,116,2,0.0,1.0,32.975,215.0,594.0,939.0,2173.0,5616.0,6503.0,tm_score,global,0.43783,25,25,21,2,0.08823529411764706
548.tiff,human melanoma,4,tm_score@global,score,True,0.43783,True,False,238,118,17201,0.9499,116,2,0.0,1.0,32.975,215.0,594.0,939.0,2173.0,5616.0,6503.0,tm_score,global,0.43783,50,50,37,7,0.15546218487394958
548.tiff,human melanoma,4,tm_score@global,score,True,0.43783,True,False,238,118,17201,0.9499,116,2,0.0,1.0,32.975,215.0,594.0,939.0,2173.0,5616.0,6503.0,tm_score,global,0.43783,100,100,65,18,0.27310924369747897
548.tiff,human melanoma,4,tm_score@global,score,True,0.43783,True,False,238,118,17201,0.9499,116,2,0.0,1.0,32.975,215.0,594.0,939.0,2173.0,5616.0,6503.0,tm_score,global,0.43783,250,250,133,34,0.5588235294117647
548.tiff,human melanoma,4,tm_score@global,score,True,0.43783,True,False,238,118,17201,0.9499,116,2,0.0,1.0,32.975,215.0,594.0,939.0,2173.0,5616.0,6503.0,tm_score,global,0.43783,500,500,180,64,0.7563025210084033
548.tiff,human melanoma,4,tm_score@global,score,True,0.43783,True,False,238,118,17201,0.9499,116,2,0.0,1.0,32.975,215.0,594.0,939.0,2173.0,5616.0,6503.0,tm_score,global,0.43783,1000,1000,215,82,0.9033613445378151
548.tiff,human melanoma,4,tm_score@global,score,True,0.43783,True,False,238,118,17201,0.9499,116,2,0.0,1.0,32.975,215.0,594.0,939.0,2173.0,5616.0,6503.0,tm_score,global,0.43783,2000,2000,225,93,0.9453781512605042
548.tiff,human melanoma,4,tm_score@global,score,True,0.43783,True,False,238,118,17201,0.9499,116,2,0.0,1.0,32.975,215.0,594.0,939.0,2173.0,5616.0,6503.0,tm_score,global,0.43783,5000,5000,234,111,0.9831932773109243
548.tiff,human melanoma,4,chromatin_od@global,od,True,0.43783,True,False,238,118,17201,0.9499,116,2,0.0,1.0,32.975,175.0,444.0,1214.0,2529.0,7256.0,12338.0,chromatin_od,global,0.43783,25,25,18,5,0.07563025210084033
548.tiff,human melanoma,4,chromatin_od@global,od,True,0.43783,True,False,238,118,17201,0.9499,116,2,0.0,1.0,32.975,175.0,444.0,1214.0,2529.0,7256.0,12338.0,chromatin_od,global,0.43783,50,50,38,7,0.15966386554621848
548.tiff,human melanoma,4,chromatin_od@global,od,True,0.43783,True,False,238,118,17201,0.9499,116,2,0.0,1.0,32.975,175.0,444.0,1214.0,2529.0,7256.0,12338.0,chromatin_od,global,0.43783,100,100,72,14,0.3025210084033613
548.tiff,human melanoma,4,chromatin_od@global,od,True,0.43783,True,False,238,118,17201,0.9499,116,2,0.0,1.0,32.975,175.0,444.0,1214.0,2529.0,7256.0,12338.0,chromatin_od,global,0.43783,250,250,146,29,0.6134453781512605
548.tiff,human melanoma,4,chromatin_od@global,od,True,0.43783,True,False,238,118,17201,0.9499,116,2,0.0,1.0,32.975,175.0,444.0,1214.0,2529.0,7256.0,12338.0,chromatin_od,global,0.43783,500,500,194,54,0.8151260504201681
548.tiff,human melanoma,4,chromatin_od@global,od,True,0.43783,True,False,238,118,17201,0.9499,116,2,0.0,1.0,32.975,175.0,444.0,1214.0,2529.0,7256.0,12338.0,chromatin_od,global,0.43783,1000,1000,209,75,0.8781512605042017
548.tiff,human melanoma,4,chromatin_od@global,od,True,0.43783,True,False,238,118,17201,0.9499,116,2,0.0,1.0,32.975,175.0,444.0,1214.0,2529.0,7256.0,12338.0,chromatin_od,global,0.43783,2000,2000,222,83,0.9327731092436975
548.tiff,human melanoma,4,chromatin_od@global,od,True,0.43783,True,False,238,118,17201,0.9499,116,2,0.0,1.0,32.975,175.0,444.0,1214.0,2529.0,7256.0,12338.0,chromatin_od,global,0.43783,5000,5000,231,101,0.9705882352941176
548.tiff,human melanoma,4,tm_score@domain,score,True,0.43783,True,False,238,118,17201,0.9499,116,2,0.0,1.0,32.975,215.0,594.0,939.0,2173.0,5616.0,6503.0,tm_score,domain,0.43783,25,25,21,2,0.08823529411764706
548.tiff,human melanoma,4,tm_score@domain,score,True,0.43783,True,False,238,118,17201,0.9499,116,2,0.0,1.0,32.975,215.0,594.0,939.0,2173.0,5616.0,6503.0,tm_score,domain,0.43783,50,50,37,7,0.15546218487394958
548.tiff,human melanoma,4,tm_score@domain,score,True,0.43783,True,False,238,118,17201,0.9499,116,2,0.0,1.0,32.975,215.0,594.0,939.0,2173.0,5616.0,6503.0,tm_score,domain,0.43783,100,100,65,18,0.27310924369747897
548.tiff,human melanoma,4,tm_score@domain,score,True,0.43783,True,False,238,118,17201,0.9499,116,2,0.0,1.0,32.975,215.0,594.0,939.0,2173.0,5616.0,6503.0,tm_score,domain,0.43783,250,250,133,34,0.5588235294117647
548.tiff,human melanoma,4,tm_score@domain,score,True,0.43783,True,False,238,118,17201,0.9499,116,2,0.0,1.0,32.975,215.0,594.0,939.0,2173.0,5616.0,6503.0,tm_score,domain,0.43783,500,500,180,64,0.7563025210084033
548.tiff,human melanoma,4,tm_score@domain,score,True,0.43783,True,False,238,118,17201,0.9499,116,2,0.0,1.0,32.975,215.0,594.0,939.0,2173.0,5616.0,6503.0,tm_score,domain,0.43783,1000,1000,215,82,0.9033613445378151
548.tiff,human melanoma,4,tm_score@domain,score,True,0.43783,True,False,238,118,17201,0.9499,116,2,0.0,1.0,32.975,215.0,594.0,939.0,2173.0,5616.0,6503.0,tm_score,domain,0.43783,2000,2000,225,93,0.9453781512605042
548.tiff,human melanoma,4,tm_score@domain,score,True,0.43783,True,False,238,118,17201,0.9499,116,2,0.0,1.0,32.975,215.0,594.0,939.0,2173.0,5616.0,6503.0,tm_score,domain,0.43783,5000,5000,234,111,0.9831932773109243
548.tiff,human melanoma,4,chromatin_od@domain,od,True,0.43783,True,False,238,118,17201,0.9499,116,2,0.0,1.0,32.975,175.0,444.0,1214.0,2529.0,7256.0,12338.0,chromatin_od,domain,0.43783,25,25,18,5,0.07563025210084033
548.tiff,human melanoma,4,chromatin_od@domain,od,True,0.43783,True,False,238,118,17201,0.9499,116,2,0.0,1.0,32.975,175.0,444.0,1214.0,2529.0,7256.0,12338.0,chromatin_od,domain,0.43783,50,50,38,7,0.15966386554621848
548.tiff,human melanoma,4,chromatin_od@domain,od,True,0.43783,True,False,238,118,17201,0.9499,116,2,0.0,1.0,32.975,175.0,444.0,1214.0,2529.0,7256.0,12338.0,chromatin_od,domain,0.43783,100,100,72,14,0.3025210084033613
548.tiff,human melanoma,4,chromatin_od@domain,od,True,0.43783,True,False,238,118,17201,0.9499,116,2,0.0,1.0,32.975,175.0,444.0,1214.0,2529.0,7256.0,12338.0,chromatin_od,domain,0.43783,250,250,146,29,0.6134453781512605
548.tiff,human melanoma,4,chromatin_od@domain,od,True,0.43783,True,False,238,118,17201,0.9499,116,2,0.0,1.0,32.975,175.0,444.0,1214.0,2529.0,7256.0,12338.0,chromatin_od,domain,0.43783,500,500,194,54,0.8151260504201681
548.tiff,human melanoma,4,chromatin_od@domain,od,True,0.43783,True,False,238,118,17201,0.9499,116,2,0.0,1.0,32.975,175.0,444.0,1214.0,2529.0,7256.0,12338.0,chromatin_od,domain,0.43783,1000,1000,209,75,0.8781512605042017
548.tiff,human melanoma,4,chromatin_od@domain,od,True,0.43783,True,False,238,118,17201,0.9499,116,2,0.0,1.0,32.975,175.0,444.0,1214.0,2529.0,7256.0,12338.0,chromatin_od,domain,0.43783,2000,2000,222,83,0.9327731092436975
548.tiff,human melanoma,4,chromatin_od@domain,od,True,0.43783,True,False,238,118,17201,0.9499,116,2,0.0,1.0,32.975,175.0,444.0,1214.0,2529.0,7256.0,12338.0,chromatin_od,domain,0.43783,5000,5000,231,101,0.9705882352941176
402.tiff,human neuroendocrine tumor,0,tm_score@current,score,True,1.0,True,False,104,79,15912,0.9252,79,2,0.0,1.0,33.139,122.0,337.0,685.0,1026.0,3348.0,4592.0,tm_score,current,1.0,25,25,12,4,0.11538461538461539
402.tiff,human neuroendocrine tumor,0,tm_score@current,score,True,1.0,True,False,104,79,15912,0.9252,79,2,0.0,1.0,33.139,122.0,337.0,685.0,1026.0,3348.0,4592.0,tm_score,current,1.0,50,50,23,7,0.22115384615384615
402.tiff,human neuroendocrine tumor,0,tm_score@current,score,True,1.0,True,False,104,79,15912,0.9252,79,2,0.0,1.0,33.139,122.0,337.0,685.0,1026.0,3348.0,4592.0,tm_score,current,1.0,100,100,44,17,0.4230769230769231
402.tiff,human neuroendocrine tumor,0,tm_score@current,score,True,1.0,True,False,104,79,15912,0.9252,79,2,0.0,1.0,33.139,122.0,337.0,685.0,1026.0,3348.0,4592.0,tm_score,current,1.0,250,250,78,34,0.75
402.tiff,human neuroendocrine tumor,0,tm_score@current,score,True,1.0,True,False,104,79,15912,0.9252,79,2,0.0,1.0,33.139,122.0,337.0,685.0,1026.0,3348.0,4592.0,tm_score,current,1.0,500,500,91,47,0.875
402.tiff,human neuroendocrine tumor,0,tm_score@current,score,True,1.0,True,False,104,79,15912,0.9252,79,2,0.0,1.0,33.139,122.0,337.0,685.0,1026.0,3348.0,4592.0,tm_score,current,1.0,1000,1000,98,63,0.9423076923076923
402.tiff,human neuroendocrine tumor,0,tm_score@current,score,True,1.0,True,False,104,79,15912,0.9252,79,2,0.0,1.0,33.139,122.0,337.0,685.0,1026.0,3348.0,4592.0,tm_score,current,1.0,2000,2000,102,72,0.9807692307692307
402.tiff,human neuroendocrine tumor,0,tm_score@current,score,True,1.0,True,False,104,79,15912,0.9252,79,2,0.0,1.0,33.139,122.0,337.0,685.0,1026.0,3348.0,4592.0,tm_score,current,1.0,5000,5000,104,79,1.0
402.tiff,human neuroendocrine tumor,0,chromatin_od@current,od,True,1.0,True,False,104,79,15912,0.9252,79,2,0.0,1.0,33.139,150.0,429.0,989.0,3060.0,3412.0,3719.0,chromatin_od,current,1.0,25,25,13,2,0.125
402.tiff,human neuroendocrine tumor,0,chromatin_od@current,od,True,1.0,True,False,104,79,15912,0.9252,79,2,0.0,1.0,33.139,150.0,429.0,989.0,3060.0,3412.0,3719.0,chromatin_od,current,1.0,50,50,24,5,0.23076923076923078
402.tiff,human neuroendocrine tumor,0,chromatin_od@current,od,True,1.0,True,False,104,79,15912,0.9252,79,2,0.0,1.0,33.139,150.0,429.0,989.0,3060.0,3412.0,3719.0,chromatin_od,current,1.0,100,100,40,11,0.38461538461538464
402.tiff,human neuroendocrine tumor,0,chromatin_od@current,od,True,1.0,True,False,104,79,15912,0.9252,79,2,0.0,1.0,33.139,150.0,429.0,989.0,3060.0,3412.0,3719.0,chromatin_od,current,1.0,250,250,70,26,0.6730769230769231
402.tiff,human neuroendocrine tumor,0,chromatin_od@current,od,True,1.0,True,False,104,79,15912,0.9252,79,2,0.0,1.0,33.139,150.0,429.0,989.0,3060.0,3412.0,3719.0,chromatin_od,current,1.0,500,500,85,44,0.8173076923076923
402.tiff,human neuroendocrine tumor,0,chromatin_od@current,od,True,1.0,True,False,104,79,15912,0.9252,79,2,0.0,1.0,33.139,150.0,429.0,989.0,3060.0,3412.0,3719.0,chromatin_od,current,1.0,1000,1000,94,57,0.9038461538461539
402.tiff,human neuroendocrine tumor,0,chromatin_od@current,od,True,1.0,True,False,104,79,15912,0.9252,79,2,0.0,1.0,33.139,150.0,429.0,989.0,3060.0,3412.0,3719.0,chromatin_od,current,1.0,2000,2000,96,64,0.9230769230769231
402.tiff,human neuroendocrine tumor,0,chromatin_od@current,od,True,1.0,True,False,104,79,15912,0.9252,79,2,0.0,1.0,33.139,150.0,429.0,989.0,3060.0,3412.0,3719.0,chromatin_od,current,1.0,5000,5000,104,76,1.0
402.tiff,human neuroendocrine tumor,0,tm_score@global,score,True,0.43783,True,False,104,79,16818,0.9484,79,2,0.0,1.0,33.139,122.0,337.0,685.0,1026.0,3348.0,4592.0,tm_score,global,0.43783,25,25,12,4,0.11538461538461539
402.tiff,human neuroendocrine tumor,0,tm_score@global,score,True,0.43783,True,False,104,79,16818,0.9484,79,2,0.0,1.0,33.139,122.0,337.0,685.0,1026.0,3348.0,4592.0,tm_score,global,0.43783,50,50,23,7,0.22115384615384615
402.tiff,human neuroendocrine tumor,0,tm_score@global,score,True,0.43783,True,False,104,79,16818,0.9484,79,2,0.0,1.0,33.139,122.0,337.0,685.0,1026.0,3348.0,4592.0,tm_score,global,0.43783,100,100,44,17,0.4230769230769231
402.tiff,human neuroendocrine tumor,0,tm_score@global,score,True,0.43783,True,False,104,79,16818,0.9484,79,2,0.0,1.0,33.139,122.0,337.0,685.0,1026.0,3348.0,4592.0,tm_score,global,0.43783,250,250,78,34,0.75
402.tiff,human neuroendocrine tumor,0,tm_score@global,score,True,0.43783,True,False,104,79,16818,0.9484,79,2,0.0,1.0,33.139,122.0,337.0,685.0,1026.0,3348.0,4592.0,tm_score,global,0.43783,500,500,91,47,0.875
402.tiff,human neuroendocrine tumor,0,tm_score@global,score,True,0.43783,True,False,104,79,16818,0.9484,79,2,0.0,1.0,33.139,122.0,337.0,685.0,1026.0,3348.0,4592.0,tm_score,global,0.43783,1000,1000,98,63,0.9423076923076923
402.tiff,human neuroendocrine tumor,0,tm_score@global,score,True,0.43783,True,False,104,79,16818,0.9484,79,2,0.0,1.0,33.139,122.0,337.0,685.0,1026.0,3348.0,4592.0,tm_score,global,0.43783,2000,2000,102,72,0.9807692307692307
402.tiff,human neuroendocrine tumor,0,tm_score@global,score,True,0.43783,True,False,104,79,16818,0.9484,79,2,0.0,1.0,33.139,122.0,337.0,685.0,1026.0,3348.0,4592.0,tm_score,global,0.43783,5000,5000,104,79,1.0
402.tiff,human neuroendocrine tumor,0,chromatin_od@global,od,True,0.43783,True,False,104,79,16818,0.9484,79,2,0.0,1.0,33.139,150.0,430.0,991.0,3073.0,3426.0,3736.0,chromatin_od,global,0.43783,25,25,13,2,0.125
402.tiff,human neuroendocrine tumor,0,chromatin_od@global,od,True,0.43783,True,False,104,79,16818,0.9484,79,2,0.0,1.0,33.139,150.0,430.0,991.0,3073.0,3426.0,3736.0,chromatin_od,global,0.43783,50,50,24,5,0.23076923076923078
402.tiff,human neuroendocrine tumor,0,chromatin_od@global,od,True,0.43783,True,False,104,79,16818,0.9484,79,2,0.0,1.0,33.139,150.0,430.0,991.0,3073.0,3426.0,3736.0,chromatin_od,global,0.43783,100,100,40,11,0.38461538461538464
402.tiff,human neuroendocrine tumor,0,chromatin_od@global,od,True,0.43783,True,False,104,79,16818,0.9484,79,2,0.0,1.0,33.139,150.0,430.0,991.0,3073.0,3426.0,3736.0,chromatin_od,global,0.43783,250,250,70,26,0.6730769230769231
402.tiff,human neuroendocrine tumor,0,chromatin_od@global,od,True,0.43783,True,False,104,79,16818,0.9484,79,2,0.0,1.0,33.139,150.0,430.0,991.0,3073.0,3426.0,3736.0,chromatin_od,global,0.43783,500,500,85,44,0.8173076923076923
402.tiff,human neuroendocrine tumor,0,chromatin_od@global,od,True,0.43783,True,False,104,79,16818,0.9484,79,2,0.0,1.0,33.139,150.0,430.0,991.0,3073.0,3426.0,3736.0,chromatin_od,global,0.43783,1000,1000,94,57,0.9038461538461539
402.tiff,human neuroendocrine tumor,0,chromatin_od@global,od,True,0.43783,True,False,104,79,16818,0.9484,79,2,0.0,1.0,33.139,150.0,430.0,991.0,3073.0,3426.0,3736.0,chromatin_od,global,0.43783,2000,2000,96,64,0.9230769230769231
402.tiff,human neuroendocrine tumor,0,chromatin_od@global,od,True,0.43783,True,False,104,79,16818,0.9484,79,2,0.0,1.0,33.139,150.0,430.0,991.0,3073.0,3426.0,3736.0,chromatin_od,global,0.43783,5000,5000,104,76,1.0
402.tiff,human neuroendocrine tumor,0,tm_score@domain,score,True,1.82512,True,False,104,79,12899,0.8265,79,2,0.0,1.0,33.139,122.0,337.0,685.0,1026.0,3348.0,4592.0,tm_score,domain,1.82512,25,25,12,4,0.11538461538461539
402.tiff,human neuroendocrine tumor,0,tm_score@domain,score,True,1.82512,True,False,104,79,12899,0.8265,79,2,0.0,1.0,33.139,122.0,337.0,685.0,1026.0,3348.0,4592.0,tm_score,domain,1.82512,50,50,23,7,0.22115384615384615
402.tiff,human neuroendocrine tumor,0,tm_score@domain,score,True,1.82512,True,False,104,79,12899,0.8265,79,2,0.0,1.0,33.139,122.0,337.0,685.0,1026.0,3348.0,4592.0,tm_score,domain,1.82512,100,100,44,17,0.4230769230769231
402.tiff,human neuroendocrine tumor,0,tm_score@domain,score,True,1.82512,True,False,104,79,12899,0.8265,79,2,0.0,1.0,33.139,122.0,337.0,685.0,1026.0,3348.0,4592.0,tm_score,domain,1.82512,250,250,78,34,0.75
402.tiff,human neuroendocrine tumor,0,tm_score@domain,score,True,1.82512,True,False,104,79,12899,0.8265,79,2,0.0,1.0,33.139,122.0,337.0,685.0,1026.0,3348.0,4592.0,tm_score,domain,1.82512,500,500,91,47,0.875
402.tiff,human neuroendocrine tumor,0,tm_score@domain,score,True,1.82512,True,False,104,79,12899,0.8265,79,2,0.0,1.0,33.139,122.0,337.0,685.0,1026.0,3348.0,4592.0,tm_score,domain,1.82512,1000,1000,98,63,0.9423076923076923
402.tiff,human neuroendocrine tumor,0,tm_score@domain,score,True,1.82512,True,False,104,79,12899,0.8265,79,2,0.0,1.0,33.139,122.0,337.0,685.0,1026.0,3348.0,4592.0,tm_score,domain,1.82512,2000,2000,102,72,0.9807692307692307
402.tiff,human neuroendocrine tumor,0,tm_score@domain,score,True,1.82512,True,False,104,79,12899,0.8265,79,2,0.0,1.0,33.139,122.0,337.0,685.0,1026.0,3348.0,4592.0,tm_score,domain,1.82512,5000,5000,104,79,1.0
402.tiff,human neuroendocrine tumor,0,chromatin_od@domain,od,True,1.82512,True,False,104,79,12899,0.8265,79,2,0.0,1.0,33.139,149.0,428.0,974.0,2967.0,3300.0,3590.0,chromatin_od,domain,1.82512,25,25,13,2,0.125
402.tiff,human neuroendocrine tumor,0,chromatin_od@domain,od,True,1.82512,True,False,104,79,12899,0.8265,79,2,0.0,1.0,33.139,149.0,428.0,974.0,2967.0,3300.0,3590.0,chromatin_od,domain,1.82512,50,50,25,5,0.2403846153846154
402.tiff,human neuroendocrine tumor,0,chromatin_od@domain,od,True,1.82512,True,False,104,79,12899,0.8265,79,2,0.0,1.0,33.139,149.0,428.0,974.0,2967.0,3300.0,3590.0,chromatin_od,domain,1.82512,100,100,40,11,0.38461538461538464
402.tiff,human neuroendocrine tumor,0,chromatin_od@domain,od,True,1.82512,True,False,104,79,12899,0.8265,79,2,0.0,1.0,33.139,149.0,428.0,974.0,2967.0,3300.0,3590.0,chromatin_od,domain,1.82512,250,250,70,26,0.6730769230769231
402.tiff,human neuroendocrine tumor,0,chromatin_od@domain,od,True,1.82512,True,False,104,79,12899,0.8265,79,2,0.0,1.0,33.139,149.0,428.0,974.0,2967.0,3300.0,3590.0,chromatin_od,domain,1.82512,500,500,85,44,0.8173076923076923
402.tiff,human neuroendocrine tumor,0,chromatin_od@domain,od,True,1.82512,True,False,104,79,12899,0.8265,79,2,0.0,1.0,33.139,149.0,428.0,974.0,2967.0,3300.0,3590.0,chromatin_od,domain,1.82512,1000,1000,94,57,0.9038461538461539
402.tiff,human neuroendocrine tumor,0,chromatin_od@domain,od,True,1.82512,True,False,104,79,12899,0.8265,79,2,0.0,1.0,33.139,149.0,428.0,974.0,2967.0,3300.0,3590.0,chromatin_od,domain,1.82512,2000,2000,96,64,0.9230769230769231
402.tiff,human neuroendocrine tumor,0,chromatin_od@domain,od,True,1.82512,True,False,104,79,12899,0.8265,79,2,0.0,1.0,33.139,149.0,428.0,974.0,2967.0,3300.0,3590.0,chromatin_od,domain,1.82512,5000,5000,104,76,1.0
402.tiff,human neuroendocrine tumor,1,tm_score@current,score,True,1.0,True,False,104,79,13768,0.8672,79,2,0.0,1.0,33.139,105.0,368.0,1717.0,3326.0,8648.0,9066.0,tm_score,current,1.0,25,25,19,2,0.18269230769230768
402.tiff,human neuroendocrine tumor,1,tm_score@current,score,True,1.0,True,False,104,79,13768,0.8672,79,2,0.0,1.0,33.139,105.0,368.0,1717.0,3326.0,8648.0,9066.0,tm_score,current,1.0,50,50,32,8,0.3076923076923077
402.tiff,human neuroendocrine tumor,1,tm_score@current,score,True,1.0,True,False,104,79,13768,0.8672,79,2,0.0,1.0,33.139,105.0,368.0,1717.0,3326.0,8648.0,9066.0,tm_score,current,1.0,100,100,50,12,0.4807692307692308
402.tiff,human neuroendocrine tumor,1,tm_score@current,score,True,1.0,True,False,104,79,13768,0.8672,79,2,0.0,1.0,33.139,105.0,368.0,1717.0,3326.0,8648.0,9066.0,tm_score,current,1.0,250,250,72,27,0.6923076923076923
402.tiff,human neuroendocrine tumor,1,tm_score@current,score,True,1.0,True,False,104,79,13768,0.8672,79,2,0.0,1.0,33.139,105.0,368.0,1717.0,3326.0,8648.0,9066.0,tm_score,current,1.0,500,500,87,39,0.8365384615384616
402.tiff,human neuroendocrine tumor,1,tm_score@current,score,True,1.0,True,False,104,79,13768,0.8672,79,2,0.0,1.0,33.139,105.0,368.0,1717.0,3326.0,8648.0,9066.0,tm_score,current,1.0,1000,1000,92,55,0.8846153846153846
402.tiff,human neuroendocrine tumor,1,tm_score@current,score,True,1.0,True,False,104,79,13768,0.8672,79,2,0.0,1.0,33.139,105.0,368.0,1717.0,3326.0,8648.0,9066.0,tm_score,current,1.0,2000,2000,96,68,0.9230769230769231
402.tiff,human neuroendocrine tumor,1,tm_score@current,score,True,1.0,True,False,104,79,13768,0.8672,79,2,0.0,1.0,33.139,105.0,368.0,1717.0,3326.0,8648.0,9066.0,tm_score,current,1.0,5000,5000,101,77,0.9711538461538461
402.tiff,human neuroendocrine tumor,1,chromatin_od@current,od,True,1.0,True,False,104,79,13768,0.8672,79,2,0.0,1.0,33.139,140.0,416.0,920.0,2693.0,3179.0,3652.0,chromatin_od,current,1.0,25,25,13,2,0.125
402.tiff,human neuroendocrine tumor,1,chromatin_od@current,od,True,1.0,True,False,104,79,13768,0.8672,79,2,0.0,1.0,33.139,140.0,416.0,920.0,2693.0,3179.0,3652.0,chromatin_od,current,1.0,50,50,23,5,0.22115384615384615
402.tiff,human neuroendocrine tumor,1,chromatin_od@current,od,True,1.0,True,False,104,79,13768,0.8672,79,2,0.0,1.0,33.139,140.0,416.0,920.0,2693.0,3179.0,3652.0,chromatin_od,current,1.0,100,100,41,11,0.3942307692307692
402.tiff,human neuroendocrine tumor,1,chromatin_od@current,od,True,1.0,True,False,104,79,13768,0.8672,79,2,0.0,1.0,33.139,140.0,416.0,920.0,2693.0,3179.0,3652.0,chromatin_od,current,1.0,250,250,70,28,0.6730769230769231
402.tiff,human neuroendocrine tumor,1,chromatin_od@current,od,True,1.0,True,False,104,79,13768,0.8672,79,2,0.0,1.0,33.139,140.0,416.0,920.0,2693.0,3179.0,3652.0,chromatin_od,current,1.0,500,500,85,44,0.8173076923076923
402.tiff,human neuroendocrine tumor,1,chromatin_od@current,od,True,1.0,True,False,104,79,13768,0.8672,79,2,0.0,1.0,33.139,140.0,416.0,920.0,2693.0,3179.0,3652.0,chromatin_od,current,1.0,1000,1000,94,58,0.9038461538461539
402.tiff,human neuroendocrine tumor,1,chromatin_od@current,od,True,1.0,True,False,104,79,13768,0.8672,79,2,0.0,1.0,33.139,140.0,416.0,920.0,2693.0,3179.0,3652.0,chromatin_od,current,1.0,2000,2000,95,68,0.9134615384615384
402.tiff,human neuroendocrine tumor,1,chromatin_od@current,od,True,1.0,True,False,104,79,13768,0.8672,79,2,0.0,1.0,33.139,140.0,416.0,920.0,2693.0,3179.0,3652.0,chromatin_od,current,1.0,5000,5000,104,76,1.0
402.tiff,human neuroendocrine tumor,1,tm_score@global,score,True,0.43783,True,False,104,79,15147,0.9108,79,2,0.0,1.0,33.139,105.0,368.0,1717.0,3326.0,8648.0,9066.0,tm_score,global,0.43783,25,25,19,2,0.18269230769230768
402.tiff,human neuroendocrine tumor,1,tm_score@global,score,True,0.43783,True,False,104,79,15147,0.9108,79,2,0.0,1.0,33.139,105.0,368.0,1717.0,3326.0,8648.0,9066.0,tm_score,global,0.43783,50,50,32,8,0.3076923076923077
402.tiff,human neuroendocrine tumor,1,tm_score@global,score,True,0.43783,True,False,104,79,15147,0.9108,79,2,0.0,1.0,33.139,105.0,368.0,1717.0,3326.0,8648.0,9066.0,tm_score,global,0.43783,100,100,50,12,0.4807692307692308
402.tiff,human neuroendocrine tumor,1,tm_score@global,score,True,0.43783,True,False,104,79,15147,0.9108,79,2,0.0,1.0,33.139,105.0,368.0,1717.0,3326.0,8648.0,9066.0,tm_score,global,0.43783,250,250,72,27,0.6923076923076923
402.tiff,human neuroendocrine tumor,1,tm_score@global,score,True,0.43783,True,False,104,79,15147,0.9108,79,2,0.0,1.0,33.139,105.0,368.0,1717.0,3326.0,8648.0,9066.0,tm_score,global,0.43783,500,500,87,39,0.8365384615384616
402.tiff,human neuroendocrine tumor,1,tm_score@global,score,True,0.43783,True,False,104,79,15147,0.9108,79,2,0.0,1.0,33.139,105.0,368.0,1717.0,3326.0,8648.0,9066.0,tm_score,global,0.43783,1000,1000,92,55,0.8846153846153846
402.tiff,human neuroendocrine tumor,1,tm_score@global,score,True,0.43783,True,False,104,79,15147,0.9108,79,2,0.0,1.0,33.139,105.0,368.0,1717.0,3326.0,8648.0,9066.0,tm_score,global,0.43783,2000,2000,96,68,0.9230769230769231
402.tiff,human neuroendocrine tumor,1,tm_score@global,score,True,0.43783,True,False,104,79,15147,0.9108,79,2,0.0,1.0,33.139,105.0,368.0,1717.0,3326.0,8648.0,9066.0,tm_score,global,0.43783,5000,5000,101,77,0.9711538461538461
402.tiff,human neuroendocrine tumor,1,chromatin_od@global,od,True,0.43783,True,False,104,79,15147,0.9108,79,2,0.0,1.0,33.139,140.0,420.0,930.0,2727.0,3225.0,3713.0,chromatin_od,global,0.43783,25,25,13,2,0.125
402.tiff,human neuroendocrine tumor,1,chromatin_od@global,od,True,0.43783,True,False,104,79,15147,0.9108,79,2,0.0,1.0,33.139,140.0,420.0,930.0,2727.0,3225.0,3713.0,chromatin_od,global,0.43783,50,50,23,5,0.22115384615384615
402.tiff,human neuroendocrine tumor,1,chromatin_od@global,od,True,0.43783,True,False,104,79,15147,0.9108,79,2,0.0,1.0,33.139,140.0,420.0,930.0,2727.0,3225.0,3713.0,chromatin_od,global,0.43783,100,100,41,11,0.3942307692307692
402.tiff,human neuroendocrine tumor,1,chromatin_od@global,od,True,0.43783,True,False,104,79,15147,0.9108,79,2,0.0,1.0,33.139,140.0,420.0,930.0,2727.0,3225.0,3713.0,chromatin_od,global,0.43783,250,250,70,28,0.6730769230769231
402.tiff,human neuroendocrine tumor,1,chromatin_od@global,od,True,0.43783,True,False,104,79,15147,0.9108,79,2,0.0,1.0,33.139,140.0,420.0,930.0,2727.0,3225.0,3713.0,chromatin_od,global,0.43783,500,500,85,44,0.8173076923076923
402.tiff,human neuroendocrine tumor,1,chromatin_od@global,od,True,0.43783,True,False,104,79,15147,0.9108,79,2,0.0,1.0,33.139,140.0,420.0,930.0,2727.0,3225.0,3713.0,chromatin_od,global,0.43783,1000,1000,94,58,0.9038461538461539
402.tiff,human neuroendocrine tumor,1,chromatin_od@global,od,True,0.43783,True,False,104,79,15147,0.9108,79,2,0.0,1.0,33.139,140.0,420.0,930.0,2727.0,3225.0,3713.0,chromatin_od,global,0.43783,2000,2000,95,68,0.9134615384615384
402.tiff,human neuroendocrine tumor,1,chromatin_od@global,od,True,0.43783,True,False,104,79,15147,0.9108,79,2,0.0,1.0,33.139,140.0,420.0,930.0,2727.0,3225.0,3713.0,chromatin_od,global,0.43783,5000,5000,104,76,1.0
402.tiff,human neuroendocrine tumor,1,tm_score@domain,score,True,1.82512,True,False,104,79,9066,0.6509,79,2,0.0,1.0,33.139,105.0,368.0,1717.0,3326.0,8648.0,9066.0,tm_score,domain,1.82512,25,25,19,2,0.18269230769230768
402.tiff,human neuroendocrine tumor,1,tm_score@domain,score,True,1.82512,True,False,104,79,9066,0.6509,79,2,0.0,1.0,33.139,105.0,368.0,1717.0,3326.0,8648.0,9066.0,tm_score,domain,1.82512,50,50,32,8,0.3076923076923077
402.tiff,human neuroendocrine tumor,1,tm_score@domain,score,True,1.82512,True,False,104,79,9066,0.6509,79,2,0.0,1.0,33.139,105.0,368.0,1717.0,3326.0,8648.0,9066.0,tm_score,domain,1.82512,100,100,50,12,0.4807692307692308
402.tiff,human neuroendocrine tumor,1,tm_score@domain,score,True,1.82512,True,False,104,79,9066,0.6509,79,2,0.0,1.0,33.139,105.0,368.0,1717.0,3326.0,8648.0,9066.0,tm_score,domain,1.82512,250,250,72,27,0.6923076923076923
402.tiff,human neuroendocrine tumor,1,tm_score@domain,score,True,1.82512,True,False,104,79,9066,0.6509,79,2,0.0,1.0,33.139,105.0,368.0,1717.0,3326.0,8648.0,9066.0,tm_score,domain,1.82512,500,500,87,39,0.8365384615384616
402.tiff,human neuroendocrine tumor,1,tm_score@domain,score,True,1.82512,True,False,104,79,9066,0.6509,79,2,0.0,1.0,33.139,105.0,368.0,1717.0,3326.0,8648.0,9066.0,tm_score,domain,1.82512,1000,1000,92,55,0.8846153846153846
402.tiff,human neuroendocrine tumor,1,tm_score@domain,score,True,1.82512,True,False,104,79,9066,0.6509,79,2,0.0,1.0,33.139,105.0,368.0,1717.0,3326.0,8648.0,9066.0,tm_score,domain,1.82512,2000,2000,96,68,0.9230769230769231
402.tiff,human neuroendocrine tumor,1,tm_score@domain,score,True,1.82512,True,False,104,79,9066,0.6509,79,2,0.0,1.0,33.139,105.0,368.0,1717.0,3326.0,8648.0,9066.0,tm_score,domain,1.82512,5000,5000,101,77,0.9711538461538461
402.tiff,human neuroendocrine tumor,1,chromatin_od@domain,od,True,1.82512,True,False,104,79,9066,0.6509,79,2,0.0,1.0,33.139,140.0,413.0,901.0,2493.0,2896.0,3297.0,chromatin_od,domain,1.82512,25,25,13,2,0.125
402.tiff,human neuroendocrine tumor,1,chromatin_od@domain,od,True,1.82512,True,False,104,79,9066,0.6509,79,2,0.0,1.0,33.139,140.0,413.0,901.0,2493.0,2896.0,3297.0,chromatin_od,domain,1.82512,50,50,23,5,0.22115384615384615
402.tiff,human neuroendocrine tumor,1,chromatin_od@domain,od,True,1.82512,True,False,104,79,9066,0.6509,79,2,0.0,1.0,33.139,140.0,413.0,901.0,2493.0,2896.0,3297.0,chromatin_od,domain,1.82512,100,100,41,11,0.3942307692307692
402.tiff,human neuroendocrine tumor,1,chromatin_od@domain,od,True,1.82512,True,False,104,79,9066,0.6509,79,2,0.0,1.0,33.139,140.0,413.0,901.0,2493.0,2896.0,3297.0,chromatin_od,domain,1.82512,250,250,70,28,0.6730769230769231
402.tiff,human neuroendocrine tumor,1,chromatin_od@domain,od,True,1.82512,True,False,104,79,9066,0.6509,79,2,0.0,1.0,33.139,140.0,413.0,901.0,2493.0,2896.0,3297.0,chromatin_od,domain,1.82512,500,500,85,44,0.8173076923076923
402.tiff,human neuroendocrine tumor,1,chromatin_od@domain,od,True,1.82512,True,False,104,79,9066,0.6509,79,2,0.0,1.0,33.139,140.0,413.0,901.0,2493.0,2896.0,3297.0,chromatin_od,domain,1.82512,1000,1000,94,59,0.9038461538461539
402.tiff,human neuroendocrine tumor,1,chromatin_od@domain,od,True,1.82512,True,False,104,79,9066,0.6509,79,2,0.0,1.0,33.139,140.0,413.0,901.0,2493.0,2896.0,3297.0,chromatin_od,domain,1.82512,2000,2000,95,69,0.9134615384615384
402.tiff,human neuroendocrine tumor,1,chromatin_od@domain,od,True,1.82512,True,False,104,79,9066,0.6509,79,2,0.0,1.0,33.139,140.0,413.0,901.0,2493.0,2896.0,3297.0,chromatin_od,domain,1.82512,5000,5000,104,76,1.0
402.tiff,human neuroendocrine tumor,2,tm_score@current,score,True,1.0,True,False,104,79,13652,0.8618,78,2,0.0,1.0,33.139,180.0,749.0,1582.0,1903.0,2471.0,7567.0,tm_score,current,1.0,25,25,14,0,0.1346153846153846
402.tiff,human neuroendocrine tumor,2,tm_score@current,score,True,1.0,True,False,104,79,13652,0.8618,78,2,0.0,1.0,33.139,180.0,749.0,1582.0,1903.0,2471.0,7567.0,tm_score,current,1.0,50,50,22,4,0.21153846153846154
402.tiff,human neuroendocrine tumor,2,tm_score@current,score,True,1.0,True,False,104,79,13652,0.8618,78,2,0.0,1.0,33.139,180.0,749.0,1582.0,1903.0,2471.0,7567.0,tm_score,current,1.0,100,100,32,12,0.3076923076923077
402.tiff,human neuroendocrine tumor,2,tm_score@current,score,True,1.0,True,False,104,79,13652,0.8618,78,2,0.0,1.0,33.139,180.0,749.0,1582.0,1903.0,2471.0,7567.0,tm_score,current,1.0,250,250,56,24,0.5384615384615384
402.tiff,human neuroendocrine tumor,2,tm_score@current,score,True,1.0,True,False,104,79,13652,0.8618,78,2,0.0,1.0,33.139,180.0,749.0,1582.0,1903.0,2471.0,7567.0,tm_score,current,1.0,500,500,73,39,0.7019230769230769
402.tiff,human neuroendocrine tumor,2,tm_score@current,score,True,1.0,True,False,104,79,13652,0.8618,78,2,0.0,1.0,33.139,180.0,749.0,1582.0,1903.0,2471.0,7567.0,tm_score,current,1.0,1000,1000,88,53,0.8461538461538461
402.tiff,human neuroendocrine tumor,2,tm_score@current,score,True,1.0,True,False,104,79,13652,0.8618,78,2,0.0,1.0,33.139,180.0,749.0,1582.0,1903.0,2471.0,7567.0,tm_score,current,1.0,2000,2000,99,65,0.9519230769230769
402.tiff,human neuroendocrine tumor,2,tm_score@current,score,True,1.0,True,False,104,79,13652,0.8618,78,2,0.0,1.0,33.139,180.0,749.0,1582.0,1903.0,2471.0,7567.0,tm_score,current,1.0,5000,5000,103,74,0.9903846153846154
402.tiff,human neuroendocrine tumor,2,chromatin_od@current,od,True,1.0,True,False,104,79,13652,0.8618,78,2,0.0,1.0,33.139,142.0,436.0,912.0,3054.0,3568.0,3785.0,chromatin_od,current,1.0,25,25,13,2,0.125
402.tiff,human neuroendocrine tumor,2,chromatin_od@current,od,True,1.0,True,False,104,79,13652,0.8618,78,2,0.0,1.0,33.139,142.0,436.0,912.0,3054.0,3568.0,3785.0,chromatin_od,current,1.0,50,50,24,5,0.23076923076923078
402.tiff,human neuroendocrine tumor,2,chromatin_od@current,od,True,1.0,True,False,104,79,13652,0.8618,78,2,0.0,1.0,33.139,142.0,436.0,912.0,3054.0,3568.0,3785.0,chromatin_od,current,1.0,100,100,41,11,0.3942307692307692
402.tiff,human neuroendocrine tumor,2,chromatin_od@current,od,True,1.0,True,False,104,79,13652,0.8618,78,2,0.0,1.0,33.139,142.0,436.0,912.0,3054.0,3568.0,3785.0,chromatin_od,current,1.0,250,250,68,27,0.6538461538461539
402.tiff,human neuroendocrine tumor,2,chromatin_od@current,od,True,1.0,True,False,104,79,13652,0.8618,78,2,0.0,1.0,33.139,142.0,436.0,912.0,3054.0,3568.0,3785.0,chromatin_od,current,1.0,500,500,85,43,0.8173076923076923
402.tiff,human neuroendocrine tumor,2,chromatin_od@current,od,True,1.0,True,False,104,79,13652,0.8618,78,2,0.0,1.0,33.139,142.0,436.0,912.0,3054.0,3568.0,3785.0,chromatin_od,current,1.0,1000,1000,95,56,0.9134615384615384
402.tiff,human neuroendocrine tumor,2,chromatin_od@current,od,True,1.0,True,False,104,79,13652,0.8618,78,2,0.0,1.0,33.139,142.0,436.0,912.0,3054.0,3568.0,3785.0,chromatin_od,current,1.0,2000,2000,97,64,0.9326923076923077
402.tiff,human neuroendocrine tumor,2,chromatin_od@current,od,True,1.0,True,False,104,79,13652,0.8618,78,2,0.0,1.0,33.139,142.0,436.0,912.0,3054.0,3568.0,3785.0,chromatin_od,current,1.0,5000,5000,104,73,1.0
402.tiff,human neuroendocrine tumor,2,tm_score@global,score,True,0.43783,True,False,104,79,15499,0.9204,79,2,0.0,1.0,33.139,180.0,749.0,1582.0,1903.0,2471.0,7567.0,tm_score,global,0.43783,25,25,14,0,0.1346153846153846
402.tiff,human neuroendocrine tumor,2,tm_score@global,score,True,0.43783,True,False,104,79,15499,0.9204,79,2,0.0,1.0,33.139,180.0,749.0,1582.0,1903.0,2471.0,7567.0,tm_score,global,0.43783,50,50,22,4,0.21153846153846154
402.tiff,human neuroendocrine tumor,2,tm_score@global,score,True,0.43783,True,False,104,79,15499,0.9204,79,2,0.0,1.0,33.139,180.0,749.0,1582.0,1903.0,2471.0,7567.0,tm_score,global,0.43783,100,100,32,12,0.3076923076923077
402.tiff,human neuroendocrine tumor,2,tm_score@global,score,True,0.43783,True,False,104,79,15499,0.9204,79,2,0.0,1.0,33.139,180.0,749.0,1582.0,1903.0,2471.0,7567.0,tm_score,global,0.43783,250,250,56,24,0.5384615384615384
402.tiff,human neuroendocrine tumor,2,tm_score@global,score,True,0.43783,True,False,104,79,15499,0.9204,79,2,0.0,1.0,33.139,180.0,749.0,1582.0,1903.0,2471.0,7567.0,tm_score,global,0.43783,500,500,73,39,0.7019230769230769
402.tiff,human neuroendocrine tumor,2,tm_score@global,score,True,0.43783,True,False,104,79,15499,0.9204,79,2,0.0,1.0,33.139,180.0,749.0,1582.0,1903.0,2471.0,7567.0,tm_score,global,0.43783,1000,1000,88,53,0.8461538461538461
402.tiff,human neuroendocrine tumor,2,tm_score@global,score,True,0.43783,True,False,104,79,15499,0.9204,79,2,0.0,1.0,33.139,180.0,749.0,1582.0,1903.0,2471.0,7567.0,tm_score,global,0.43783,2000,2000,99,65,0.9519230769230769
402.tiff,human neuroendocrine tumor,2,tm_score@global,score,True,0.43783,True,False,104,79,15499,0.9204,79,2,0.0,1.0,33.139,180.0,749.0,1582.0,1903.0,2471.0,7567.0,tm_score,global,0.43783,5000,5000,103,74,0.9903846153846154
402.tiff,human neuroendocrine tumor,2,chromatin_od@global,od,True,0.43783,True,False,104,79,15499,0.9204,79,2,0.0,1.0,33.139,142.0,439.0,925.0,3138.0,3680.0,3916.0,chromatin_od,global,0.43783,25,25,13,2,0.125
402.tiff,human neuroendocrine tumor,2,chromatin_od@global,od,True,0.43783,True,False,104,79,15499,0.9204,79,2,0.0,1.0,33.139,142.0,439.0,925.0,3138.0,3680.0,3916.0,chromatin_od,global,0.43783,50,50,24,5,0.23076923076923078
402.tiff,human neuroendocrine tumor,2,chromatin_od@global,od,True,0.43783,True,False,104,79,15499,0.9204,79,2,0.0,1.0,33.139,142.0,439.0,925.0,3138.0,3680.0,3916.0,chromatin_od,global,0.43783,100,100,41,11,0.3942307692307692
402.tiff,human neuroendocrine tumor,2,chromatin_od@global,od,True,0.43783,True,False,104,79,15499,0.9204,79,2,0.0,1.0,33.139,142.0,439.0,925.0,3138.0,3680.0,3916.0,chromatin_od,global,0.43783,250,250,68,27,0.6538461538461539
402.tiff,human neuroendocrine tumor,2,chromatin_od@global,od,True,0.43783,True,False,104,79,15499,0.9204,79,2,0.0,1.0,33.139,142.0,439.0,925.0,3138.0,3680.0,3916.0,chromatin_od,global,0.43783,500,500,85,43,0.8173076923076923
402.tiff,human neuroendocrine tumor,2,chromatin_od@global,od,True,0.43783,True,False,104,79,15499,0.9204,79,2,0.0,1.0,33.139,142.0,439.0,925.0,3138.0,3680.0,3916.0,chromatin_od,global,0.43783,1000,1000,95,56,0.9134615384615384
402.tiff,human neuroendocrine tumor,2,chromatin_od@global,od,True,0.43783,True,False,104,79,15499,0.9204,79,2,0.0,1.0,33.139,142.0,439.0,925.0,3138.0,3680.0,3916.0,chromatin_od,global,0.43783,2000,2000,97,64,0.9326923076923077
402.tiff,human neuroendocrine tumor,2,chromatin_od@global,od,True,0.43783,True,False,104,79,15499,0.9204,79,2,0.0,1.0,33.139,142.0,439.0,925.0,3138.0,3680.0,3916.0,chromatin_od,global,0.43783,5000,5000,104,74,1.0
402.tiff,human neuroendocrine tumor,2,tm_score@domain,score,True,1.82512,True,False,104,79,8254,0.6033,76,2,0.0,1.0,33.139,180.0,749.0,1582.0,1903.0,2471.0,7567.0,tm_score,domain,1.82512,25,25,14,0,0.1346153846153846
402.tiff,human neuroendocrine tumor,2,tm_score@domain,score,True,1.82512,True,False,104,79,8254,0.6033,76,2,0.0,1.0,33.139,180.0,749.0,1582.0,1903.0,2471.0,7567.0,tm_score,domain,1.82512,50,50,22,4,0.21153846153846154
402.tiff,human neuroendocrine tumor,2,tm_score@domain,score,True,1.82512,True,False,104,79,8254,0.6033,76,2,0.0,1.0,33.139,180.0,749.0,1582.0,1903.0,2471.0,7567.0,tm_score,domain,1.82512,100,100,32,12,0.3076923076923077
402.tiff,human neuroendocrine tumor,2,tm_score@domain,score,True,1.82512,True,False,104,79,8254,0.6033,76,2,0.0,1.0,33.139,180.0,749.0,1582.0,1903.0,2471.0,7567.0,tm_score,domain,1.82512,250,250,56,24,0.5384615384615384
402.tiff,human neuroendocrine tumor,2,tm_score@domain,score,True,1.82512,True,False,104,79,8254,0.6033,76,2,0.0,1.0,33.139,180.0,749.0,1582.0,1903.0,2471.0,7567.0,tm_score,domain,1.82512,500,500,73,39,0.7019230769230769
402.tiff,human neuroendocrine tumor,2,tm_score@domain,score,True,1.82512,True,False,104,79,8254,0.6033,76,2,0.0,1.0,33.139,180.0,749.0,1582.0,1903.0,2471.0,7567.0,tm_score,domain,1.82512,1000,1000,88,53,0.8461538461538461
402.tiff,human neuroendocrine tumor,2,tm_score@domain,score,True,1.82512,True,False,104,79,8254,0.6033,76,2,0.0,1.0,33.139,180.0,749.0,1582.0,1903.0,2471.0,7567.0,tm_score,domain,1.82512,2000,2000,99,65,0.9519230769230769
402.tiff,human neuroendocrine tumor,2,tm_score@domain,score,True,1.82512,True,False,104,79,8254,0.6033,76,2,0.0,1.0,33.139,180.0,749.0,1582.0,1903.0,2471.0,7567.0,tm_score,domain,1.82512,5000,5000,103,74,0.9903846153846154
402.tiff,human neuroendocrine tumor,2,chromatin_od@domain,od,True,1.82512,True,False,104,79,8254,0.6033,76,2,0.0,1.0,33.139,138.0,420.0,866.0,2659.0,3025.0,4640.0,chromatin_od,domain,1.82512,25,25,13,2,0.125
402.tiff,human neuroendocrine tumor,2,chromatin_od@domain,od,True,1.82512,True,False,104,79,8254,0.6033,76,2,0.0,1.0,33.139,138.0,420.0,866.0,2659.0,3025.0,4640.0,chromatin_od,domain,1.82512,50,50,24,5,0.23076923076923078
402.tiff,human neuroendocrine tumor,2,chromatin_od@domain,od,True,1.82512,True,False,104,79,8254,0.6033,76,2,0.0,1.0,33.139,138.0,420.0,866.0,2659.0,3025.0,4640.0,chromatin_od,domain,1.82512,100,100,41,11,0.3942307692307692
402.tiff,human neuroendocrine tumor,2,chromatin_od@domain,od,True,1.82512,True,False,104,79,8254,0.6033,76,2,0.0,1.0,33.139,138.0,420.0,866.0,2659.0,3025.0,4640.0,chromatin_od,domain,1.82512,250,250,71,28,0.6826923076923077
402.tiff,human neuroendocrine tumor,2,chromatin_od@domain,od,True,1.82512,True,False,104,79,8254,0.6033,76,2,0.0,1.0,33.139,138.0,420.0,866.0,2659.0,3025.0,4640.0,chromatin_od,domain,1.82512,500,500,85,43,0.8173076923076923
402.tiff,human neuroendocrine tumor,2,chromatin_od@domain,od,True,1.82512,True,False,104,79,8254,0.6033,76,2,0.0,1.0,33.139,138.0,420.0,866.0,2659.0,3025.0,4640.0,chromatin_od,domain,1.82512,1000,1000,95,56,0.9134615384615384
402.tiff,human neuroendocrine tumor,2,chromatin_od@domain,od,True,1.82512,True,False,104,79,8254,0.6033,76,2,0.0,1.0,33.139,138.0,420.0,866.0,2659.0,3025.0,4640.0,chromatin_od,domain,1.82512,2000,2000,97,65,0.9326923076923077
402.tiff,human neuroendocrine tumor,2,chromatin_od@domain,od,True,1.82512,True,False,104,79,8254,0.6033,76,2,0.0,1.0,33.139,138.0,420.0,866.0,2659.0,3025.0,4640.0,chromatin_od,domain,1.82512,5000,5000,104,73,1.0
402.tiff,human neuroendocrine tumor,3,tm_score@current,score,True,1.0,True,False,104,79,15445,0.9154,79,2,0.0,1.0,33.139,118.0,401.0,581.0,1211.0,2596.0,6354.0,tm_score,current,1.0,25,25,18,2,0.17307692307692307
402.tiff,human neuroendocrine tumor,3,tm_score@current,score,True,1.0,True,False,104,79,15445,0.9154,79,2,0.0,1.0,33.139,118.0,401.0,581.0,1211.0,2596.0,6354.0,tm_score,current,1.0,50,50,31,5,0.2980769230769231
402.tiff,human neuroendocrine tumor,3,tm_score@current,score,True,1.0,True,False,104,79,15445,0.9154,79,2,0.0,1.0,33.139,118.0,401.0,581.0,1211.0,2596.0,6354.0,tm_score,current,1.0,100,100,49,13,0.47115384615384615
402.tiff,human neuroendocrine tumor,3,tm_score@current,score,True,1.0,True,False,104,79,15445,0.9154,79,2,0.0,1.0,33.139,118.0,401.0,581.0,1211.0,2596.0,6354.0,tm_score,current,1.0,250,250,71,33,0.6826923076923077
402.tiff,human neuroendocrine tumor,3,tm_score@current,score,True,1.0,True,False,104,79,15445,0.9154,79,2,0.0,1.0,33.139,118.0,401.0,581.0,1211.0,2596.0,6354.0,tm_score,current,1.0,500,500,88,51,0.8461538461538461
402.tiff,human neuroendocrine tumor,3,tm_score@current,score,True,1.0,True,False,104,79,15445,0.9154,79,2,0.0,1.0,33.139,118.0,401.0,581.0,1211.0,2596.0,6354.0,tm_score,current,1.0,1000,1000,95,60,0.9134615384615384
402.tiff,human neuroendocrine tumor,3,tm_score@current,score,True,1.0,True,False,104,79,15445,0.9154,79,2,0.0,1.0,33.139,118.0,401.0,581.0,1211.0,2596.0,6354.0,tm_score,current,1.0,2000,2000,101,66,0.9711538461538461
402.tiff,human neuroendocrine tumor,3,tm_score@current,score,True,1.0,True,False,104,79,15445,0.9154,79,2,0.0,1.0,33.139,118.0,401.0,581.0,1211.0,2596.0,6354.0,tm_score,current,1.0,5000,5000,103,79,0.9903846153846154
402.tiff,human neuroendocrine tumor,3,chromatin_od@current,od,True,1.0,True,False,104,79,15445,0.9154,79,2,0.0,1.0,33.139,138.0,407.0,973.0,2940.0,3646.0,3868.0,chromatin_od,current,1.0,25,25,13,2,0.125
402.tiff,human neuroendocrine tumor,3,chromatin_od@current,od,True,1.0,True,False,104,79,15445,0.9154,79,2,0.0,1.0,33.139,138.0,407.0,973.0,2940.0,3646.0,3868.0,chromatin_od,current,1.0,50,50,24,5,0.23076923076923078
402.tiff,human neuroendocrine tumor,3,chromatin_od@current,od,True,1.0,True,False,104,79,15445,0.9154,79,2,0.0,1.0,33.139,138.0,407.0,973.0,2940.0,3646.0,3868.0,chromatin_od,current,1.0,100,100,42,11,0.40384615384615385
402.tiff,human neuroendocrine tumor,3,chromatin_od@current,od,True,1.0,True,False,104,79,15445,0.9154,79,2,0.0,1.0,33.139,138.0,407.0,973.0,2940.0,3646.0,3868.0,chromatin_od,current,1.0,250,250,70,27,0.6730769230769231
402.tiff,human neuroendocrine tumor,3,chromatin_od@current,od,True,1.0,True,False,104,79,15445,0.9154,79,2,0.0,1.0,33.139,138.0,407.0,973.0,2940.0,3646.0,3868.0,chromatin_od,current,1.0,500,500,85,41,0.8173076923076923
402.tiff,human neuroendocrine tumor,3,chromatin_od@current,od,True,1.0,True,False,104,79,15445,0.9154,79,2,0.0,1.0,33.139,138.0,407.0,973.0,2940.0,3646.0,3868.0,chromatin_od,current,1.0,1000,1000,94,56,0.9038461538461539
402.tiff,human neuroendocrine tumor,3,chromatin_od@current,od,True,1.0,True,False,104,79,15445,0.9154,79,2,0.0,1.0,33.139,138.0,407.0,973.0,2940.0,3646.0,3868.0,chromatin_od,current,1.0,2000,2000,96,66,0.9230769230769231
402.tiff,human neuroendocrine tumor,3,chromatin_od@current,od,True,1.0,True,False,104,79,15445,0.9154,79,2,0.0,1.0,33.139,138.0,407.0,973.0,2940.0,3646.0,3868.0,chromatin_od,current,1.0,5000,5000,104,77,1.0
402.tiff,human neuroendocrine tumor,3,tm_score@global,score,True,0.43783,True,False,104,79,16497,0.9417,79,2,0.0,1.0,33.139,118.0,401.0,581.0,1211.0,2596.0,6354.0,tm_score,global,0.43783,25,25,18,2,0.17307692307692307
402.tiff,human neuroendocrine tumor,3,tm_score@global,score,True,0.43783,True,False,104,79,16497,0.9417,79,2,0.0,1.0,33.139,118.0,401.0,581.0,1211.0,2596.0,6354.0,tm_score,global,0.43783,50,50,31,5,0.2980769230769231
402.tiff,human neuroendocrine tumor,3,tm_score@global,score,True,0.43783,True,False,104,79,16497,0.9417,79,2,0.0,1.0,33.139,118.0,401.0,581.0,1211.0,2596.0,6354.0,tm_score,global,0.43783,100,100,49,13,0.47115384615384615
402.tiff,human neuroendocrine tumor,3,tm_score@global,score,True,0.43783,True,False,104,79,16497,0.9417,79,2,0.0,1.0,33.139,118.0,401.0,581.0,1211.0,2596.0,6354.0,tm_score,global,0.43783,250,250,71,33,0.6826923076923077
402.tiff,human neuroendocrine tumor,3,tm_score@global,score,True,0.43783,True,False,104,79,16497,0.9417,79,2,0.0,1.0,33.139,118.0,401.0,581.0,1211.0,2596.0,6354.0,tm_score,global,0.43783,500,500,88,51,0.8461538461538461
402.tiff,human neuroendocrine tumor,3,tm_score@global,score,True,0.43783,True,False,104,79,16497,0.9417,79,2,0.0,1.0,33.139,118.0,401.0,581.0,1211.0,2596.0,6354.0,tm_score,global,0.43783,1000,1000,95,60,0.9134615384615384
402.tiff,human neuroendocrine tumor,3,tm_score@global,score,True,0.43783,True,False,104,79,16497,0.9417,79,2,0.0,1.0,33.139,118.0,401.0,581.0,1211.0,2596.0,6354.0,tm_score,global,0.43783,2000,2000,101,66,0.9711538461538461
402.tiff,human neuroendocrine tumor,3,tm_score@global,score,True,0.43783,True,False,104,79,16497,0.9417,79,2,0.0,1.0,33.139,118.0,401.0,581.0,1211.0,2596.0,6354.0,tm_score,global,0.43783,5000,5000,103,79,0.9903846153846154
402.tiff,human neuroendocrine tumor,3,chromatin_od@global,od,True,0.43783,True,False,104,79,16497,0.9417,79,2,0.0,1.0,33.139,140.0,410.0,982.0,2973.0,3695.0,3920.0,chromatin_od,global,0.43783,25,25,12,2,0.11538461538461539
402.tiff,human neuroendocrine tumor,3,chromatin_od@global,od,True,0.43783,True,False,104,79,16497,0.9417,79,2,0.0,1.0,33.139,140.0,410.0,982.0,2973.0,3695.0,3920.0,chromatin_od,global,0.43783,50,50,23,5,0.22115384615384615
402.tiff,human neuroendocrine tumor,3,chromatin_od@global,od,True,0.43783,True,False,104,79,16497,0.9417,79,2,0.0,1.0,33.139,140.0,410.0,982.0,2973.0,3695.0,3920.0,chromatin_od,global,0.43783,100,100,42,11,0.40384615384615385
402.tiff,human neuroendocrine tumor,3,chromatin_od@global,od,True,0.43783,True,False,104,79,16497,0.9417,79,2,0.0,1.0,33.139,140.0,410.0,982.0,2973.0,3695.0,3920.0,chromatin_od,global,0.43783,250,250,70,27,0.6730769230769231
402.tiff,human neuroendocrine tumor,3,chromatin_od@global,od,True,0.43783,True,False,104,79,16497,0.9417,79,2,0.0,1.0,33.139,140.0,410.0,982.0,2973.0,3695.0,3920.0,chromatin_od,global,0.43783,500,500,85,41,0.8173076923076923
402.tiff,human neuroendocrine tumor,3,chromatin_od@global,od,True,0.43783,True,False,104,79,16497,0.9417,79,2,0.0,1.0,33.139,140.0,410.0,982.0,2973.0,3695.0,3920.0,chromatin_od,global,0.43783,1000,1000,94,55,0.9038461538461539
402.tiff,human neuroendocrine tumor,3,chromatin_od@global,od,True,0.43783,True,False,104,79,16497,0.9417,79,2,0.0,1.0,33.139,140.0,410.0,982.0,2973.0,3695.0,3920.0,chromatin_od,global,0.43783,2000,2000,96,66,0.9230769230769231
402.tiff,human neuroendocrine tumor,3,chromatin_od@global,od,True,0.43783,True,False,104,79,16497,0.9417,79,2,0.0,1.0,33.139,140.0,410.0,982.0,2973.0,3695.0,3920.0,chromatin_od,global,0.43783,5000,5000,104,76,1.0
402.tiff,human neuroendocrine tumor,3,tm_score@domain,score,True,1.82512,True,False,104,79,11622,0.7763,79,2,0.0,1.0,33.139,118.0,401.0,581.0,1211.0,2596.0,6354.0,tm_score,domain,1.82512,25,25,18,2,0.17307692307692307
402.tiff,human neuroendocrine tumor,3,tm_score@domain,score,True,1.82512,True,False,104,79,11622,0.7763,79,2,0.0,1.0,33.139,118.0,401.0,581.0,1211.0,2596.0,6354.0,tm_score,domain,1.82512,50,50,31,5,0.2980769230769231
402.tiff,human neuroendocrine tumor,3,tm_score@domain,score,True,1.82512,True,False,104,79,11622,0.7763,79,2,0.0,1.0,33.139,118.0,401.0,581.0,1211.0,2596.0,6354.0,tm_score,domain,1.82512,100,100,49,13,0.47115384615384615
402.tiff,human neuroendocrine tumor,3,tm_score@domain,score,True,1.82512,True,False,104,79,11622,0.7763,79,2,0.0,1.0,33.139,118.0,401.0,581.0,1211.0,2596.0,6354.0,tm_score,domain,1.82512,250,250,71,33,0.6826923076923077
402.tiff,human neuroendocrine tumor,3,tm_score@domain,score,True,1.82512,True,False,104,79,11622,0.7763,79,2,0.0,1.0,33.139,118.0,401.0,581.0,1211.0,2596.0,6354.0,tm_score,domain,1.82512,500,500,88,51,0.8461538461538461
402.tiff,human neuroendocrine tumor,3,tm_score@domain,score,True,1.82512,True,False,104,79,11622,0.7763,79,2,0.0,1.0,33.139,118.0,401.0,581.0,1211.0,2596.0,6354.0,tm_score,domain,1.82512,1000,1000,95,60,0.9134615384615384
402.tiff,human neuroendocrine tumor,3,tm_score@domain,score,True,1.82512,True,False,104,79,11622,0.7763,79,2,0.0,1.0,33.139,118.0,401.0,581.0,1211.0,2596.0,6354.0,tm_score,domain,1.82512,2000,2000,101,66,0.9711538461538461
402.tiff,human neuroendocrine tumor,3,tm_score@domain,score,True,1.82512,True,False,104,79,11622,0.7763,79,2,0.0,1.0,33.139,118.0,401.0,581.0,1211.0,2596.0,6354.0,tm_score,domain,1.82512,5000,5000,103,79,0.9903846153846154
402.tiff,human neuroendocrine tumor,3,chromatin_od@domain,od,True,1.82512,True,False,104,79,11622,0.7763,79,2,0.0,1.0,33.139,138.0,403.0,956.0,2800.0,3426.0,3632.0,chromatin_od,domain,1.82512,25,25,13,2,0.125
402.tiff,human neuroendocrine tumor,3,chromatin_od@domain,od,True,1.82512,True,False,104,79,11622,0.7763,79,2,0.0,1.0,33.139,138.0,403.0,956.0,2800.0,3426.0,3632.0,chromatin_od,domain,1.82512,50,50,24,5,0.23076923076923078
402.tiff,human neuroendocrine tumor,3,chromatin_od@domain,od,True,1.82512,True,False,104,79,11622,0.7763,79,2,0.0,1.0,33.139,138.0,403.0,956.0,2800.0,3426.0,3632.0,chromatin_od,domain,1.82512,100,100,42,11,0.40384615384615385
402.tiff,human neuroendocrine tumor,3,chromatin_od@domain,od,True,1.82512,True,False,104,79,11622,0.7763,79,2,0.0,1.0,33.139,138.0,403.0,956.0,2800.0,3426.0,3632.0,chromatin_od,domain,1.82512,250,250,70,27,0.6730769230769231
402.tiff,human neuroendocrine tumor,3,chromatin_od@domain,od,True,1.82512,True,False,104,79,11622,0.7763,79,2,0.0,1.0,33.139,138.0,403.0,956.0,2800.0,3426.0,3632.0,chromatin_od,domain,1.82512,500,500,85,42,0.8173076923076923
402.tiff,human neuroendocrine tumor,3,chromatin_od@domain,od,True,1.82512,True,False,104,79,11622,0.7763,79,2,0.0,1.0,33.139,138.0,403.0,956.0,2800.0,3426.0,3632.0,chromatin_od,domain,1.82512,1000,1000,94,56,0.9038461538461539
402.tiff,human neuroendocrine tumor,3,chromatin_od@domain,od,True,1.82512,True,False,104,79,11622,0.7763,79,2,0.0,1.0,33.139,138.0,403.0,956.0,2800.0,3426.0,3632.0,chromatin_od,domain,1.82512,2000,2000,96,69,0.9230769230769231
402.tiff,human neuroendocrine tumor,3,chromatin_od@domain,od,True,1.82512,True,False,104,79,11622,0.7763,79,2,0.0,1.0,33.139,138.0,403.0,956.0,2800.0,3426.0,3632.0,chromatin_od,domain,1.82512,5000,5000,104,77,1.0
402.tiff,human neuroendocrine tumor,4,tm_score@current,score,True,1.0,True,False,104,79,16699,0.9435,79,2,0.0,1.0,33.139,224.0,731.0,1146.0,1675.0,7134.0,8375.0,tm_score,current,1.0,25,25,8,5,0.07692307692307693
402.tiff,human neuroendocrine tumor,4,tm_score@current,score,True,1.0,True,False,104,79,16699,0.9435,79,2,0.0,1.0,33.139,224.0,731.0,1146.0,1675.0,7134.0,8375.0,tm_score,current,1.0,50,50,16,7,0.15384615384615385
402.tiff,human neuroendocrine tumor,4,tm_score@current,score,True,1.0,True,False,104,79,16699,0.9435,79,2,0.0,1.0,33.139,224.0,731.0,1146.0,1675.0,7134.0,8375.0,tm_score,current,1.0,100,100,31,11,0.2980769230769231
402.tiff,human neuroendocrine tumor,4,tm_score@current,score,True,1.0,True,False,104,79,16699,0.9435,79,2,0.0,1.0,33.139,224.0,731.0,1146.0,1675.0,7134.0,8375.0,tm_score,current,1.0,250,250,56,20,0.5384615384615384
402.tiff,human neuroendocrine tumor,4,tm_score@current,score,True,1.0,True,False,104,79,16699,0.9435,79,2,0.0,1.0,33.139,224.0,731.0,1146.0,1675.0,7134.0,8375.0,tm_score,current,1.0,500,500,78,42,0.75
402.tiff,human neuroendocrine tumor,4,tm_score@current,score,True,1.0,True,False,104,79,16699,0.9435,79,2,0.0,1.0,33.139,224.0,731.0,1146.0,1675.0,7134.0,8375.0,tm_score,current,1.0,1000,1000,92,58,0.8846153846153846
402.tiff,human neuroendocrine tumor,4,tm_score@current,score,True,1.0,True,False,104,79,16699,0.9435,79,2,0.0,1.0,33.139,224.0,731.0,1146.0,1675.0,7134.0,8375.0,tm_score,current,1.0,2000,2000,100,68,0.9615384615384616
402.tiff,human neuroendocrine tumor,4,tm_score@current,score,True,1.0,True,False,104,79,16699,0.9435,79,2,0.0,1.0,33.139,224.0,731.0,1146.0,1675.0,7134.0,8375.0,tm_score,current,1.0,5000,5000,102,75,0.9807692307692307
402.tiff,human neuroendocrine tumor,4,chromatin_od@current,od,True,1.0,True,False,104,79,16699,0.9435,79,2,0.0,1.0,33.139,180.0,482.0,1574.0,3294.0,4600.0,4807.0,chromatin_od,current,1.0,25,25,13,2,0.125
402.tiff,human neuroendocrine tumor,4,chromatin_od@current,od,True,1.0,True,False,104,79,16699,0.9435,79,2,0.0,1.0,33.139,180.0,482.0,1574.0,3294.0,4600.0,4807.0,chromatin_od,current,1.0,50,50,22,3,0.21153846153846154
402.tiff,human neuroendocrine tumor,4,chromatin_od@current,od,True,1.0,True,False,104,79,16699,0.9435,79,2,0.0,1.0,33.139,180.0,482.0,1574.0,3294.0,4600.0,4807.0,chromatin_od,current,1.0,100,100,34,8,0.3269230769230769
402.tiff,human neuroendocrine tumor,4,chromatin_od@current,od,True,1.0,True,False,104,79,16699,0.9435,79,2,0.0,1.0,33.139,180.0,482.0,1574.0,3294.0,4600.0,4807.0,chromatin_od,current,1.0,250,250,63,22,0.6057692307692307
402.tiff,human neuroendocrine tumor,4,chromatin_od@current,od,True,1.0,True,False,104,79,16699,0.9435,79,2,0.0,1.0,33.139,180.0,482.0,1574.0,3294.0,4600.0,4807.0,chromatin_od,current,1.0,500,500,84,36,0.8076923076923077
402.tiff,human neuroendocrine tumor,4,chromatin_od@current,od,True,1.0,True,False,104,79,16699,0.9435,79,2,0.0,1.0,33.139,180.0,482.0,1574.0,3294.0,4600.0,4807.0,chromatin_od,current,1.0,1000,1000,89,48,0.8557692307692307
402.tiff,human neuroendocrine tumor,4,chromatin_od@current,od,True,1.0,True,False,104,79,16699,0.9435,79,2,0.0,1.0,33.139,180.0,482.0,1574.0,3294.0,4600.0,4807.0,chromatin_od,current,1.0,2000,2000,94,63,0.9038461538461539
402.tiff,human neuroendocrine tumor,4,chromatin_od@current,od,True,1.0,True,False,104,79,16699,0.9435,79,2,0.0,1.0,33.139,180.0,482.0,1574.0,3294.0,4600.0,4807.0,chromatin_od,current,1.0,5000,5000,104,73,1.0
402.tiff,human neuroendocrine tumor,4,tm_score@global,score,True,0.43783,True,False,104,79,17730,0.9643,79,2,0.0,1.0,33.139,224.0,731.0,1146.0,1675.0,7134.0,8375.0,tm_score,global,0.43783,25,25,8,5,0.07692307692307693
402.tiff,human neuroendocrine tumor,4,tm_score@global,score,True,0.43783,True,False,104,79,17730,0.9643,79,2,0.0,1.0,33.139,224.0,731.0,1146.0,1675.0,7134.0,8375.0,tm_score,global,0.43783,50,50,16,7,0.15384615384615385
402.tiff,human neuroendocrine tumor,4,tm_score@global,score,True,0.43783,True,False,104,79,17730,0.9643,79,2,0.0,1.0,33.139,224.0,731.0,1146.0,1675.0,7134.0,8375.0,tm_score,global,0.43783,100,100,31,11,0.2980769230769231
402.tiff,human neuroendocrine tumor,4,tm_score@global,score,True,0.43783,True,False,104,79,17730,0.9643,79,2,0.0,1.0,33.139,224.0,731.0,1146.0,1675.0,7134.0,8375.0,tm_score,global,0.43783,250,250,56,20,0.5384615384615384
402.tiff,human neuroendocrine tumor,4,tm_score@global,score,True,0.43783,True,False,104,79,17730,0.9643,79,2,0.0,1.0,33.139,224.0,731.0,1146.0,1675.0,7134.0,8375.0,tm_score,global,0.43783,500,500,78,42,0.75
402.tiff,human neuroendocrine tumor,4,tm_score@global,score,True,0.43783,True,False,104,79,17730,0.9643,79,2,0.0,1.0,33.139,224.0,731.0,1146.0,1675.0,7134.0,8375.0,tm_score,global,0.43783,1000,1000,92,58,0.8846153846153846
402.tiff,human neuroendocrine tumor,4,tm_score@global,score,True,0.43783,True,False,104,79,17730,0.9643,79,2,0.0,1.0,33.139,224.0,731.0,1146.0,1675.0,7134.0,8375.0,tm_score,global,0.43783,2000,2000,100,68,0.9615384615384616
402.tiff,human neuroendocrine tumor,4,tm_score@global,score,True,0.43783,True,False,104,79,17730,0.9643,79,2,0.0,1.0,33.139,224.0,731.0,1146.0,1675.0,7134.0,8375.0,tm_score,global,0.43783,5000,5000,102,75,0.9807692307692307
402.tiff,human neuroendocrine tumor,4,chromatin_od@global,od,True,0.43783,True,False,104,79,17730,0.9643,79,2,0.0,1.0,33.139,181.0,483.0,1587.0,3346.0,4689.0,4901.0,chromatin_od,global,0.43783,25,25,13,2,0.125
402.tiff,human neuroendocrine tumor,4,chromatin_od@global,od,True,0.43783,True,False,104,79,17730,0.9643,79,2,0.0,1.0,33.139,181.0,483.0,1587.0,3346.0,4689.0,4901.0,chromatin_od,global,0.43783,50,50,22,3,0.21153846153846154
402.tiff,human neuroendocrine tumor,4,chromatin_od@global,od,True,0.43783,True,False,104,79,17730,0.9643,79,2,0.0,1.0,33.139,181.0,483.0,1587.0,3346.0,4689.0,4901.0,chromatin_od,global,0.43783,100,100,34,8,0.3269230769230769
402.tiff,human neuroendocrine tumor,4,chromatin_od@global,od,True,0.43783,True,False,104,79,17730,0.9643,79,2,0.0,1.0,33.139,181.0,483.0,1587.0,3346.0,4689.0,4901.0,chromatin_od,global,0.43783,250,250,63,22,0.6057692307692307
402.tiff,human neuroendocrine tumor,4,chromatin_od@global,od,True,0.43783,True,False,104,79,17730,0.9643,79,2,0.0,1.0,33.139,181.0,483.0,1587.0,3346.0,4689.0,4901.0,chromatin_od,global,0.43783,500,500,84,35,0.8076923076923077
402.tiff,human neuroendocrine tumor,4,chromatin_od@global,od,True,0.43783,True,False,104,79,17730,0.9643,79,2,0.0,1.0,33.139,181.0,483.0,1587.0,3346.0,4689.0,4901.0,chromatin_od,global,0.43783,1000,1000,89,48,0.8557692307692307
402.tiff,human neuroendocrine tumor,4,chromatin_od@global,od,True,0.43783,True,False,104,79,17730,0.9643,79,2,0.0,1.0,33.139,181.0,483.0,1587.0,3346.0,4689.0,4901.0,chromatin_od,global,0.43783,2000,2000,94,63,0.9038461538461539
402.tiff,human neuroendocrine tumor,4,chromatin_od@global,od,True,0.43783,True,False,104,79,17730,0.9643,79,2,0.0,1.0,33.139,181.0,483.0,1587.0,3346.0,4689.0,4901.0,chromatin_od,global,0.43783,5000,5000,104,73,1.0
402.tiff,human neuroendocrine tumor,4,tm_score@domain,score,True,1.82512,True,False,104,79,13030,0.8297,79,2,0.0,1.0,33.139,224.0,731.0,1146.0,1675.0,7134.0,8375.0,tm_score,domain,1.82512,25,25,8,5,0.07692307692307693
402.tiff,human neuroendocrine tumor,4,tm_score@domain,score,True,1.82512,True,False,104,79,13030,0.8297,79,2,0.0,1.0,33.139,224.0,731.0,1146.0,1675.0,7134.0,8375.0,tm_score,domain,1.82512,50,50,16,7,0.15384615384615385
402.tiff,human neuroendocrine tumor,4,tm_score@domain,score,True,1.82512,True,False,104,79,13030,0.8297,79,2,0.0,1.0,33.139,224.0,731.0,1146.0,1675.0,7134.0,8375.0,tm_score,domain,1.82512,100,100,31,11,0.2980769230769231
402.tiff,human neuroendocrine tumor,4,tm_score@domain,score,True,1.82512,True,False,104,79,13030,0.8297,79,2,0.0,1.0,33.139,224.0,731.0,1146.0,1675.0,7134.0,8375.0,tm_score,domain,1.82512,250,250,56,20,0.5384615384615384
402.tiff,human neuroendocrine tumor,4,tm_score@domain,score,True,1.82512,True,False,104,79,13030,0.8297,79,2,0.0,1.0,33.139,224.0,731.0,1146.0,1675.0,7134.0,8375.0,tm_score,domain,1.82512,500,500,78,42,0.75
402.tiff,human neuroendocrine tumor,4,tm_score@domain,score,True,1.82512,True,False,104,79,13030,0.8297,79,2,0.0,1.0,33.139,224.0,731.0,1146.0,1675.0,7134.0,8375.0,tm_score,domain,1.82512,1000,1000,92,58,0.8846153846153846
402.tiff,human neuroendocrine tumor,4,tm_score@domain,score,True,1.82512,True,False,104,79,13030,0.8297,79,2,0.0,1.0,33.139,224.0,731.0,1146.0,1675.0,7134.0,8375.0,tm_score,domain,1.82512,2000,2000,100,68,0.9615384615384616
402.tiff,human neuroendocrine tumor,4,tm_score@domain,score,True,1.82512,True,False,104,79,13030,0.8297,79,2,0.0,1.0,33.139,224.0,731.0,1146.0,1675.0,7134.0,8375.0,tm_score,domain,1.82512,5000,5000,102,75,0.9807692307692307
402.tiff,human neuroendocrine tumor,4,chromatin_od@domain,od,True,1.82512,True,False,104,79,13030,0.8297,79,2,0.0,1.0,33.139,179.0,474.0,1512.0,3081.0,4243.0,4425.0,chromatin_od,domain,1.82512,25,25,13,2,0.125
402.tiff,human neuroendocrine tumor,4,chromatin_od@domain,od,True,1.82512,True,False,104,79,13030,0.8297,79,2,0.0,1.0,33.139,179.0,474.0,1512.0,3081.0,4243.0,4425.0,chromatin_od,domain,1.82512,50,50,22,3,0.21153846153846154
402.tiff,human neuroendocrine tumor,4,chromatin_od@domain,od,True,1.82512,True,False,104,79,13030,0.8297,79,2,0.0,1.0,33.139,179.0,474.0,1512.0,3081.0,4243.0,4425.0,chromatin_od,domain,1.82512,100,100,34,8,0.3269230769230769
402.tiff,human neuroendocrine tumor,4,chromatin_od@domain,od,True,1.82512,True,False,104,79,13030,0.8297,79,2,0.0,1.0,33.139,179.0,474.0,1512.0,3081.0,4243.0,4425.0,chromatin_od,domain,1.82512,250,250,63,23,0.6057692307692307
402.tiff,human neuroendocrine tumor,4,chromatin_od@domain,od,True,1.82512,True,False,104,79,13030,0.8297,79,2,0.0,1.0,33.139,179.0,474.0,1512.0,3081.0,4243.0,4425.0,chromatin_od,domain,1.82512,500,500,84,37,0.8076923076923077
402.tiff,human neuroendocrine tumor,4,chromatin_od@domain,od,True,1.82512,True,False,104,79,13030,0.8297,79,2,0.0,1.0,33.139,179.0,474.0,1512.0,3081.0,4243.0,4425.0,chromatin_od,domain,1.82512,1000,1000,90,48,0.8653846153846154
402.tiff,human neuroendocrine tumor,4,chromatin_od@domain,od,True,1.82512,True,False,104,79,13030,0.8297,79,2,0.0,1.0,33.139,179.0,474.0,1512.0,3081.0,4243.0,4425.0,chromatin_od,domain,1.82512,2000,2000,94,63,0.9038461538461539
402.tiff,human neuroendocrine tumor,4,chromatin_od@domain,od,True,1.82512,True,False,104,79,13030,0.8297,79,2,0.0,1.0,33.139,179.0,474.0,1512.0,3081.0,4243.0,4425.0,chromatin_od,domain,1.82512,5000,5000,104,75,1.0
