file_name,tumor_type,seed_index,matched_ann_id,rank,z,score,unanimous,n_votes,n_mitotic_votes
013.tiff,human breast cancer,0,259,2,25.330005645751953,3.242079734802246,False,3,2
013.tiff,human breast cancer,0,240,5,22.01105499267578,2.8166465759277344,False,3,2
013.tiff,human breast cancer,0,263,6,21.74964714050293,2.7831387519836426,True,2,2
013.tiff,human breast cancer,0,260,8,20.930984497070312,2.6782000064849854,True,2,2
013.tiff,human breast cancer,0,246,17,18.86956214904785,2.4139609336853027,True,2,2
013.tiff,human breast cancer,0,247,22,18.0837345123291,2.3132312297821045,False,3,2
013.tiff,human breast cancer,0,268,36,17.2979793548584,2.212510585784912,False,3,2
013.tiff,human breast cancer,0,250,40,17.155298233032227,2.1942214965820312,True,2,2
013.tiff,human breast cancer,0,249,49,16.460542678833008,2.105165481567383,True,2,2
013.tiff,human breast cancer,0,262,58,15.904967308044434,2.0339503288269043,False,3,2
013.tiff,human breast cancer,0,243,148,13.828710556030273,1.7678096294403076,True,2,2
013.tiff,human breast cancer,0,258,384,11.664299011230469,1.4903689622879028,True,2,2
013.tiff,human breast cancer,0,248,394,11.55268383026123,1.4760618209838867,True,2,2
013.tiff,human breast cancer,0,253,486,11.069604873657227,1.4141392707824707,False,3,2
013.tiff,human breast cancer,0,242,633,10.58032512664795,1.3514219522476196,True,2,2
013.tiff,human breast cancer,0,241,912,9.749090194702148,1.2448718547821045,True,2,2
013.tiff,human breast cancer,0,245,1172,9.130783081054688,1.165615439414978,False,3,2
013.tiff,human breast cancer,1,259,1,35.189903259277344,5.676706790924072,False,3,2
013.tiff,human breast cancer,1,268,2,30.54428482055664,4.924788475036621,False,3,2
013.tiff,human breast cancer,1,263,3,28.850934982299805,4.650710582733154,True,2,2
013.tiff,human breast cancer,1,241,6,23.10709571838379,3.721039056777954,True,2,2
013.tiff,human breast cancer,1,240,11,21.494258880615234,3.4599924087524414,False,3,2
013.tiff,human breast cancer,1,249,15,20.799072265625,3.347472906112671,True,2,2
013.tiff,human breast cancer,1,242,24,19.11863136291504,3.07548451423645,True,2,2
013.tiff,human breast cancer,1,260,36,18.10441017150879,2.911327362060547,True,2,2
013.tiff,human breast cancer,1,250,53,17.329343795776367,2.7858784198760986,True,2,2
013.tiff,human breast cancer,1,262,59,17.160110473632812,2.7584872245788574,False,3,2
013.tiff,human breast cancer,1,247,74,16.50843620300293,2.653010129928589,False,3,2
013.tiff,human breast cancer,1,245,78,16.43343734741211,2.640871286392212,False,3,2
013.tiff,human breast cancer,1,253,111,15.7047700881958,2.522932529449463,False,3,2
013.tiff,human breast cancer,1,248,116,15.62757682800293,2.5104384422302246,True,2,2
013.tiff,human breast cancer,1,254,144,15.072680473327637,2.4206254482269287,True,2,2
013.tiff,human breast cancer,1,258,189,14.549296379089355,2.3359129428863525,True,2,2
013.tiff,human breast cancer,1,243,354,12.876814842224121,2.0652127265930176,True,2,2
013.tiff,human breast cancer,2,268,1,27.697277069091797,4.665999889373779,False,3,2
013.tiff,human breast cancer,2,248,2,25.587141036987305,4.308649063110352,True,2,2
013.tiff,human breast cancer,2,259,4,24.353178024291992,4.099678039550781,False,3,2
013.tiff,human breast cancer,2,262,6,23.469655990600586,3.9500539302825928,False,3,2
013.tiff,human breast cancer,2,260,7,23.441699981689453,3.945319652557373,True,2,2
013.tiff,human breast cancer,2,263,8,23.208101272583008,3.905759572982788,True,2,2
013.tiff,human breast cancer,2,246,39,17.246061325073242,2.896090507507324,True,2,2
013.tiff,human breast cancer,2,242,46,16.82009506225586,2.823953151702881,True,2,2
013.tiff,human breast cancer,2,241,54,16.535058975219727,2.7756824493408203,True,2,2
013.tiff,human breast cancer,2,243,92,15.429469108581543,2.588451385498047,True,2,2
013.tiff,human breast cancer,2,240,102,15.241631507873535,2.556641101837158,False,3,2
013.tiff,human breast cancer,2,245,126,14.632278442382812,2.4534473419189453,False,3,2
013.tiff,human breast cancer,2,250,168,13.812304496765137,2.3145852088928223,True,2,2
013.tiff,human breast cancer,2,253,195,13.454355239868164,2.2539665699005127,False,3,2
013.tiff,human breast cancer,2,254,199,13.436296463012695,2.250908374786377,True,2,2
013.tiff,human breast cancer,2,249,238,12.962931632995605,2.1707441806793213,True,2,2
013.tiff,human breast cancer,2,247,480,11.005843162536621,1.8393120765686035,False,3,2
013.tiff,human breast cancer,3,268,4,29.991403579711914,3.7619152069091797,False,3,2
013.tiff,human breast cancer,3,260,5,28.650026321411133,3.593223810195923,True,2,2
013.tiff,human breast cancer,3,259,6,27.66532325744629,3.4693877696990967,False,3,2
013.tiff,human breast cancer,3,240,13,24.44066619873047,3.0638556480407715,False,3,2
013.tiff,human breast cancer,3,246,47,21.536651611328125,2.6986472606658936,True,2,2
013.tiff,human breast cancer,3,262,59,21.0979061126709,2.6434707641601562,False,3,2
013.tiff,human breast cancer,3,254,69,20.49526023864746,2.5676822662353516,True,2,2
013.tiff,human breast cancer,3,241,72,20.378969192504883,2.5530574321746826,True,2,2
013.tiff,human breast cancer,3,247,88,19.828981399536133,2.483891010284424,False,3,2
013.tiff,human breast cancer,3,253,96,19.538679122924805,2.447382688522339,False,3,2
013.tiff,human breast cancer,3,249,97,19.533313751220703,2.4467079639434814,True,2,2
013.tiff,human breast cancer,3,258,99,19.476734161376953,2.4395925998687744,True,2,2
013.tiff,human breast cancer,3,243,132,18.464975357055664,2.3123538494110107,True,2,2
013.tiff,human breast cancer,3,248,135,18.396427154541016,2.3037333488464355,True,2,2
013.tiff,human breast cancer,3,245,190,17.247468948364258,2.159240484237671,False,3,2
013.tiff,human breast cancer,3,250,246,15.976421356201172,1.9993939399719238,True,2,2
013.tiff,human breast cancer,3,242,366,14.329621315002441,1.7922927141189575,True,2,2
013.tiff,human breast cancer,4,268,1,36.86744689941406,3.4895663261413574,False,3,2
013.tiff,human breast cancer,4,241,3,32.57887268066406,3.082263946533203,True,2,2
013.tiff,human breast cancer,4,259,4,31.26161766052246,2.9571592807769775,False,3,2
013.tiff,human breast cancer,4,263,10,27.076950073242188,2.559725522994995,True,2,2
013.tiff,human breast cancer,4,258,11,26.804349899291992,2.5338356494903564,True,2,2
013.tiff,human breast cancer,4,246,17,25.78226089477539,2.4367640018463135,True,2,2
013.tiff,human breast cancer,4,240,19,24.870311737060547,2.3501527309417725,False,3,2
013.tiff,human breast cancer,4,262,24,24.120210647583008,2.2789127826690674,False,3,2
013.tiff,human breast cancer,4,248,30,23.88287353515625,2.2563719749450684,True,2,2
013.tiff,human breast cancer,4,253,41,22.326791763305664,2.1085851192474365,False,3,2
013.tiff,human breast cancer,4,245,63,21.14310646057129,1.9961661100387573,False,3,2
013.tiff,human breast cancer,4,247,87,20.007604598999023,1.8883230686187744,False,3,2
013.tiff,human breast cancer,4,260,89,19.962915420532227,1.884078860282898,True,2,2
013.tiff,human breast cancer,4,249,112,19.179351806640625,1.809660792350769,True,2,2
013.tiff,human breast cancer,4,250,129,18.64225196838379,1.758650302886963,True,2,2
013.tiff,human breast cancer,4,243,194,16.840805053710938,1.5875601768493652,True,2,2
013.tiff,human breast cancer,4,254,273,15.516854286193848,1.4618195295333862,True,2,2
094.tiff,human breast cancer,0,2532,2,21.695999145507812,1.0931031703948975,False,3,2
094.tiff,human breast cancer,0,2643,3,21.001262664794922,1.0579967498779297,False,3,2
094.tiff,human breast cancer,0,2487,5,20.4581241607666,1.0305508375167847,True,2,2
094.tiff,human breast cancer,0,2619,8,19.310707092285156,0.972569465637207,False,3,2
094.tiff,human breast cancer,0,2622,9,18.91007423400879,0.9523246884346008,False,3,2
094.tiff,human breast cancer,0,2518,14,18.062978744506836,0.9095192551612854,True,2,2
094.tiff,human breast cancer,0,2644,16,17.94838523864746,0.9037286043167114,True,2,2
094.tiff,human breast cancer,0,2626,18,17.850982666015625,0.8988066911697388,False,3,2
094.tiff,human breast cancer,0,2588,19,17.83146858215332,0.8978205919265747,True,2,2
094.tiff,human breast cancer,0,2601,20,17.66020393371582,0.8891662955284119,False,3,2
094.tiff,human breast cancer,0,2614,21,17.63164710998535,0.8877232670783997,False,3,2
094.tiff,human breast cancer,0,2488,22,17.522953033447266,0.8822306990623474,False,3,2
094.tiff,human breast cancer,0,2630,23,17.45040512084961,0.8785646557807922,False,3,2
094.tiff,human breast cancer,0,2543,26,17.191896438598633,0.8655017614364624,True,2,2
094.tiff,human breast cancer,0,2607,27,17.13965606689453,0.8628619313240051,True,2,2
094.tiff,human breast cancer,0,2492,29,16.85483169555664,0.8484691977500916,True,2,2
094.tiff,human breast cancer,0,2513,31,16.526931762695312,0.8318997621536255,True,2,2
094.tiff,human breast cancer,0,2576,33,16.199440002441406,0.8153508901596069,False,3,2
094.tiff,human breast cancer,0,2483,35,16.075044631958008,0.8090649843215942,True,2,2
094.tiff,human breast cancer,0,2484,37,16.06207847595215,0.8084098100662231,False,3,2
094.tiff,human breast cancer,0,2490,39,15.980512619018555,0.8042880892753601,False,3,2
094.tiff,human breast cancer,0,2558,42,15.931717872619629,0.8018223643302917,True,2,2
094.tiff,human breast cancer,0,2645,43,15.833894729614258,0.7968791723251343,False,3,2
094.tiff,human breast cancer,0,2542,48,15.636757850646973,0.7869174480438232,True,2,2
094.tiff,human breast cancer,0,2552,49,15.616314888000488,0.785884439945221,False,3,2
094.tiff,human breast cancer,0,2514,53,15.385557174682617,0.774223804473877,True,2,2
094.tiff,human breast cancer,0,2502,54,15.340669631958008,0.7719555497169495,True,2,2
094.tiff,human breast cancer,0,2560,55,15.316428184509277,0.7707305550575256,True,2,2
094.tiff,human breast cancer,0,2596,57,15.264927864074707,0.7681281566619873,True,2,2
094.tiff,human breast cancer,0,2646,58,15.253719329833984,0.7675617337226868,False,3,2
094.tiff,human breast cancer,0,2587,60,15.18231201171875,0.7639533877372742,False,3,2
094.tiff,human breast cancer,0,2583,62,15.057183265686035,0.7576304078102112,False,3,2
094.tiff,human breast cancer,0,2594,75,14.815521240234375,0.7454187273979187,False,3,2
094.tiff,human breast cancer,0,2530,79,14.653867721557617,0.737250030040741,True,2,2
094.tiff,human breast cancer,0,2500,93,14.29389476776123,0.7190598845481873,False,3,2
094.tiff,human breast cancer,0,2531,95,14.261966705322266,0.717446506023407,False,3,2
094.tiff,human breast cancer,0,2650,98,14.215729713439941,0.7151100635528564,False,3,2
094.tiff,human breast cancer,0,2597,101,14.162025451660156,0.7123962640762329,True,2,2
094.tiff,human breast cancer,0,2642,108,14.032093048095703,0.7058305144309998,False,3,2
094.tiff,human breast cancer,0,2527,109,14.016968727111816,0.7050662636756897,True,2,2
094.tiff,human breast cancer,0,2511,137,13.59240436553955,0.6836121678352356,False,3,2
094.tiff,human breast cancer,0,2604,160,13.279603004455566,0.6678056716918945,False,3,2
094.tiff,human breast cancer,0,2577,227,12.600435256958008,0.6334859728813171,True,2,2
094.tiff,human breast cancer,0,2549,265,12.32095718383789,0.6193633675575256,True,2,2
094.tiff,human breast cancer,0,2524,268,12.314958572387695,0.6190602779388428,True,2,2
094.tiff,human breast cancer,0,2603,290,12.178444862365723,0.6121619343757629,True,2,2
094.tiff,human breast cancer,0,2510,310,12.042299270629883,0.6052822470664978,True,2,2
094.tiff,human breast cancer,0,2529,322,11.99965763092041,0.6031274795532227,False,3,2
094.tiff,human breast cancer,0,2505,325,11.976333618164062,0.6019488573074341,True,2,2
094.tiff,human breast cancer,0,2539,355,11.78639030456543,0.5923506617546082,False,3,2
094.tiff,human breast cancer,0,2499,371,11.71873664855957,0.5889319777488708,True,2,2
094.tiff,human breast cancer,0,2602,418,11.457090377807617,0.5757104754447937,True,2,2
094.tiff,human breast cancer,0,2566,420,11.435568809509277,0.5746229290962219,True,2,2
094.tiff,human breast cancer,0,2591,445,11.27254867553711,0.5663852095603943,True,2,2
094.tiff,human breast cancer,0,2612,493,11.053338050842285,0.5553080439567566,True,2,2
094.tiff,human breast cancer,0,2559,515,10.933646202087402,0.5492597818374634,False,3,2
094.tiff,human breast cancer,0,2486,533,10.841785430908203,0.5446178913116455,True,2,2
094.tiff,human breast cancer,0,2536,626,10.412056922912598,0.5229028463363647,True,2,2
094.tiff,human breast cancer,0,2507,631,10.393242835998535,0.5219520926475525,False,3,2
094.tiff,human breast cancer,0,2582,690,10.1611909866333,0.5102260708808899,True,2,2
094.tiff,human breast cancer,0,2493,724,10.03962230682373,0.504082977771759,True,2,2
094.tiff,human breast cancer,0,2581,738,10.00881290435791,0.5025261044502258,False,3,2
094.tiff,human breast cancer,0,2534,740,10.00749683380127,0.5024595856666565,True,2,2
094.tiff,human breast cancer,0,2629,744,9.996359825134277,0.5018967986106873,True,2,2
094.tiff,human breast cancer,0,2494,920,9.414916038513184,0.4725153148174286,True,2,2
094.tiff,human breast cancer,0,2519,941,9.306901931762695,0.46705713868141174,True,2,2
094.tiff,human breast cancer,0,2557,1115,8.82418441772461,0.4426644444465637,True,2,2
094.tiff,human breast cancer,0,2495,1117,8.824068069458008,0.44265857338905334,True,2,2
094.tiff,human breast cancer,0,2574,1171,8.696123123168945,0.4361932575702667,True,2,2
094.tiff,human breast cancer,0,2592,1241,8.489334106445312,0.42574381828308105,False,3,2
094.tiff,human breast cancer,0,2617,1259,8.450126647949219,0.42376258969306946,True,2,2
094.tiff,human breast cancer,0,2637,1283,8.361252784729004,0.4192716181278229,False,3,2
094.tiff,human breast cancer,0,2544,1309,8.310046195983887,0.41668403148651123,False,3,2
094.tiff,human breast cancer,0,2489,1366,8.167341232299805,0.40947285294532776,True,2,2
094.tiff,human breast cancer,0,2548,1457,7.930343151092529,0.39749687910079956,True,2,2
094.tiff,human breast cancer,0,2540,1588,7.610569953918457,0.38133808970451355,True,2,2
094.tiff,human breast cancer,0,2652,1630,7.524537563323975,0.3769907057285309,False,3,2
094.tiff,human breast cancer,0,2546,1785,7.20613431930542,0.3609011471271515,True,2,2
094.tiff,human breast cancer,0,2589,2130,6.60261344909668,0.33040401339530945,True,2,2
094.tiff,human breast cancer,0,2651,2516,6.0234150886535645,0.30113595724105835,True,2,2
094.tiff,human breast cancer,0,2655,4052,4.767851829528809,0.2376898229122162,True,2,2
094.tiff,human breast cancer,1,2614,5,16.487144470214844,1.8600037097930908,False,3,2
094.tiff,human breast cancer,1,2518,6,16.247615814208984,1.8328399658203125,True,2,2
094.tiff,human breast cancer,1,2644,7,16.02748680114746,1.8078763484954834,True,2,2
094.tiff,human breast cancer,1,2514,8,16.005298614501953,1.8053600788116455,True,2,2
094.tiff,human breast cancer,1,2622,9,15.969100952148438,1.8012549877166748,False,3,2
094.tiff,human breast cancer,1,2645,10,15.66256332397461,1.7664921283721924,False,3,2
094.tiff,human breast cancer,1,2483,11,15.581449508666992,1.757293462753296,True,2,2
094.tiff,human breast cancer,1,2558,13,15.30897045135498,1.7263929843902588,True,2,2
094.tiff,human breast cancer,1,2604,14,15.183052062988281,1.7121132612228394,False,3,2
094.tiff,human breast cancer,1,2560,15,15.115997314453125,1.704508900642395,True,2,2
094.tiff,human breast cancer,1,2646,16,15.104690551757812,1.7032266855239868,False,3,2
094.tiff,human breast cancer,1,2630,17,14.955429077148438,1.6862995624542236,False,3,2
094.tiff,human breast cancer,1,2487,18,14.914342880249023,1.6816401481628418,True,2,2
094.tiff,human breast cancer,1,2626,19,14.822227478027344,1.6711938381195068,False,3,2
094.tiff,human breast cancer,1,2587,20,14.817524909973145,1.6706604957580566,False,3,2
094.tiff,human breast cancer,1,2588,22,14.785080909729004,1.6669812202453613,True,2,2
094.tiff,human breast cancer,1,2543,24,14.63862419128418,1.6503723859786987,True,2,2
094.tiff,human breast cancer,1,2532,25,14.439040184020996,1.6277384757995605,False,3,2
094.tiff,human breast cancer,1,2488,26,14.397579193115234,1.6230367422103882,False,3,2
094.tiff,human breast cancer,1,2594,29,14.185917854309082,1.5990331172943115,False,3,2
094.tiff,human breast cancer,1,2583,30,14.0485200881958,1.583451509475708,False,3,2
094.tiff,human breast cancer,1,2650,31,13.992256164550781,1.5770710706710815,False,3,2
094.tiff,human breast cancer,1,2530,33,13.859822273254395,1.5620523691177368,True,2,2
094.tiff,human breast cancer,1,2619,34,13.824292182922363,1.5580229759216309,False,3,2
094.tiff,human breast cancer,1,2643,36,13.59751033782959,1.5323048830032349,False,3,2
094.tiff,human breast cancer,1,2542,38,13.401349067687988,1.5100592374801636,True,2,2
094.tiff,human breast cancer,1,2510,42,13.148422241210938,1.481376051902771,True,2,2
094.tiff,human breast cancer,1,2597,44,13.003243446350098,1.464911937713623,True,2,2
094.tiff,human breast cancer,1,2484,46,12.968926429748535,1.4610202312469482,False,3,2
094.tiff,human breast cancer,1,2490,47,12.94848918914795,1.458702564239502,False,3,2
094.tiff,human breast cancer,1,2596,48,12.917655944824219,1.455206036567688,True,2,2
094.tiff,human breast cancer,1,2529,52,12.566308975219727,1.4153615236282349,False,3,2
094.tiff,human breast cancer,1,2629,53,12.517109870910645,1.4097819328308105,True,2,2
094.tiff,human breast cancer,1,2505,54,12.510051727294922,1.4089815616607666,True,2,2
094.tiff,human breast cancer,1,2552,55,12.369029998779297,1.3929890394210815,False,3,2
094.tiff,human breast cancer,1,2601,60,12.252163887023926,1.3797358274459839,False,3,2
094.tiff,human breast cancer,1,2531,63,12.167304039001465,1.3701122999191284,False,3,2
094.tiff,human breast cancer,1,2527,64,12.162758827209473,1.3695967197418213,True,2,2
094.tiff,human breast cancer,1,2607,65,12.07577133178711,1.359731912612915,True,2,2
094.tiff,human breast cancer,1,2581,67,12.068368911743164,1.3588924407958984,False,3,2
094.tiff,human breast cancer,1,2486,75,11.834141731262207,1.3323301076889038,True,2,2
094.tiff,human breast cancer,1,2603,83,11.735562324523926,1.321150541305542,True,2,2
094.tiff,human breast cancer,1,2549,86,11.685504913330078,1.3154737949371338,True,2,2
094.tiff,human breast cancer,1,2513,88,11.56567668914795,1.301884651184082,True,2,2
094.tiff,human breast cancer,1,2602,92,11.434167861938477,1.286970853805542,True,2,2
094.tiff,human breast cancer,1,2492,118,10.679534912109375,1.2013916969299316,True,2,2
094.tiff,human breast cancer,1,2576,121,10.629107475280762,1.1956731081008911,False,3,2
094.tiff,human breast cancer,1,2566,122,10.556138038635254,1.187398076057434,True,2,2
094.tiff,human breast cancer,1,2612,136,10.248941421508789,1.1525603532791138,True,2,2
094.tiff,human breast cancer,1,2577,148,10.089216232299805,1.1344467401504517,True,2,2
094.tiff,human breast cancer,1,2637,150,10.079099655151367,1.1332993507385254,False,3,2
094.tiff,human breast cancer,1,2519,162,9.957372665405273,1.1194950342178345,True,2,2
094.tiff,human breast cancer,1,2489,195,9.578173637390137,1.0764918327331543,True,2,2
094.tiff,human breast cancer,1,2524,234,9.308877944946289,1.0459524393081665,True,2,2
094.tiff,human breast cancer,1,2502,257,9.151870727539062,1.0281469821929932,True,2,2
094.tiff,human breast cancer,1,2512,304,8.854171752929688,0.9943864345550537,True,2,2
094.tiff,human breast cancer,1,2539,319,8.78395938873291,0.9864240884780884,False,3,2
094.tiff,human breast cancer,1,2536,333,8.677225112915039,0.9743198156356812,True,2,2
094.tiff,human breast cancer,1,2540,400,8.376151084899902,0.9401765465736389,True,2,2
094.tiff,human breast cancer,1,2500,404,8.363991737365723,0.9387975931167603,False,3,2
094.tiff,human breast cancer,1,2495,450,8.161662101745605,0.9158523678779602,True,2,2
094.tiff,human breast cancer,1,2617,463,8.112835884094238,0.9103152751922607,True,2,2
094.tiff,human breast cancer,1,2574,472,8.074410438537598,0.9059576392173767,True,2,2
094.tiff,human breast cancer,1,2493,475,8.069018363952637,0.905346155166626,True,2,2
094.tiff,human breast cancer,1,2507,476,8.068180084228516,0.9052510857582092,False,3,2
094.tiff,human breast cancer,1,2499,479,8.054883003234863,0.9037431478500366,True,2,2
094.tiff,human breast cancer,1,2591,498,7.9927873611450195,0.8967011570930481,True,2,2
094.tiff,human breast cancer,1,2642,516,7.9400105476379395,0.890716016292572,False,3,2
094.tiff,human breast cancer,1,2548,607,7.6624627113342285,0.859240710735321,True,2,2
094.tiff,human breast cancer,1,2511,610,7.652288913726807,0.8580869436264038,False,3,2
094.tiff,human breast cancer,1,2544,621,7.622533321380615,0.8547124862670898,False,3,2
094.tiff,human breast cancer,1,2559,721,7.385988235473633,0.8278871178627014,False,3,2
094.tiff,human breast cancer,1,2494,747,7.3254241943359375,0.8210188150405884,True,2,2
094.tiff,human breast cancer,1,2582,820,7.117086410522461,0.7973923087120056,True,2,2
094.tiff,human breast cancer,1,2592,1001,6.729589939117432,0.7534482479095459,False,3,2
094.tiff,human breast cancer,1,2546,1051,6.602612495422363,0.7390483617782593,True,2,2
094.tiff,human breast cancer,1,2557,1183,6.336989402770996,0.7089253664016724,True,2,2
094.tiff,human breast cancer,1,2589,1673,5.589105129241943,0.624111533164978,True,2,2
094.tiff,human breast cancer,1,2652,2794,4.511907577514648,0.5019519329071045,False,3,2
094.tiff,human breast cancer,1,2655,2836,4.484536170959473,0.4988478720188141,True,2,2
094.tiff,human breast cancer,1,2651,4922,3.6053645610809326,0.3991454243659973,True,2,2
094.tiff,human breast cancer,2,2601,1,18.31544303894043,1.4171268939971924,False,3,2
094.tiff,human breast cancer,2,2532,3,16.257715225219727,1.2575536966323853,False,3,2
094.tiff,human breast cancer,2,2619,7,14.843223571777344,1.147862195968628,False,3,2
094.tiff,human breast cancer,2,2607,8,14.745774269104004,1.1403051614761353,True,2,2
094.tiff,human breast cancer,2,2646,9,14.736072540283203,1.1395528316497803,False,3,2
094.tiff,human breast cancer,2,2603,11,14.554095268249512,1.1254408359527588,True,2,2
094.tiff,human breast cancer,2,2643,12,14.546110153198242,1.1248215436935425,False,3,2
094.tiff,human breast cancer,2,2588,13,14.524285316467285,1.12312912940979,True,2,2
094.tiff,human breast cancer,2,2644,16,14.286581039428711,1.1046955585479736,True,2,2
094.tiff,human breast cancer,2,2483,17,14.244490623474121,1.1014314889907837,True,2,2
094.tiff,human breast cancer,2,2622,18,14.1685209274292,1.095540165901184,False,3,2
094.tiff,human breast cancer,2,2488,19,14.048027992248535,1.0861961841583252,False,3,2
094.tiff,human breast cancer,2,2630,20,14.046786308288574,1.0860998630523682,False,3,2
094.tiff,human breast cancer,2,2645,21,13.998305320739746,1.0823402404785156,False,3,2
094.tiff,human breast cancer,2,2484,24,13.7251615524292,1.0611584186553955,False,3,2
094.tiff,human breast cancer,2,2530,25,13.691776275634766,1.0585694313049316,True,2,2
094.tiff,human breast cancer,2,2487,27,13.666791915893555,1.0566319227218628,True,2,2
094.tiff,human breast cancer,2,2500,28,13.607170104980469,1.0520083904266357,False,3,2
094.tiff,human breast cancer,2,2560,29,13.524627685546875,1.045607328414917,True,2,2
094.tiff,human breast cancer,2,2514,31,13.402273178100586,1.036118984222412,True,2,2
094.tiff,human breast cancer,2,2626,33,13.362257957458496,1.0330158472061157,False,3,2
094.tiff,human breast cancer,2,2594,34,13.289225578308105,1.0273523330688477,False,3,2
094.tiff,human breast cancer,2,2529,35,13.287378311157227,1.0272090435028076,False,3,2
094.tiff,human breast cancer,2,2507,38,13.086994171142578,1.011669635772705,False,3,2
094.tiff,human breast cancer,2,2559,40,12.890152931213379,0.9964048862457275,False,3,2
094.tiff,human breast cancer,2,2650,41,12.7037353515625,0.9819485545158386,False,3,2
094.tiff,human breast cancer,2,2531,42,12.696404457092285,0.981380045413971,False,3,2
094.tiff,human breast cancer,2,2587,43,12.680509567260742,0.9801474213600159,False,3,2
094.tiff,human breast cancer,2,2583,44,12.631556510925293,0.9763512015342712,False,3,2
094.tiff,human breast cancer,2,2552,45,12.620359420776367,0.9754828810691833,False,3,2
094.tiff,human breast cancer,2,2510,46,12.46945571899414,0.9637805819511414,True,2,2
094.tiff,human breast cancer,2,2614,52,12.001222610473633,0.9274699091911316,False,3,2
094.tiff,human breast cancer,2,2505,53,11.969343185424805,0.9249976873397827,True,2,2
094.tiff,human breast cancer,2,2557,62,11.465680122375488,0.8859394788742065,True,2,2
094.tiff,human breast cancer,2,2604,64,11.40202808380127,0.8810033798217773,False,3,2
094.tiff,human breast cancer,2,2511,67,11.351439476013184,0.8770803213119507,False,3,2
094.tiff,human breast cancer,2,2490,71,11.312032699584961,0.8740243911743164,False,3,2
094.tiff,human breast cancer,2,2486,86,10.991004943847656,0.8491292595863342,True,2,2
094.tiff,human breast cancer,2,2518,88,10.978992462158203,0.8481976985931396,True,2,2
094.tiff,human breast cancer,2,2596,93,10.85423469543457,0.8385229110717773,True,2,2
094.tiff,human breast cancer,2,2499,94,10.843785285949707,0.8377125859260559,True,2,2
094.tiff,human breast cancer,2,2549,100,10.742534637451172,0.8298608064651489,True,2,2
094.tiff,human breast cancer,2,2542,101,10.739943504333496,0.8296598792076111,True,2,2
094.tiff,human breast cancer,2,2495,102,10.73141098022461,0.8289981484413147,True,2,2
094.tiff,human breast cancer,2,2581,114,10.4921875,0.8104467988014221,False,3,2
094.tiff,human breast cancer,2,2602,129,10.260415077209473,0.7924732565879822,True,2,2
094.tiff,human breast cancer,2,2597,133,10.210728645324707,0.788620114326477,True,2,2
094.tiff,human breast cancer,2,2524,147,10.082460403442383,0.7786731719970703,True,2,2
094.tiff,human breast cancer,2,2558,172,9.882169723510742,0.7631409168243408,True,2,2
094.tiff,human breast cancer,2,2637,211,9.566462516784668,0.7386584281921387,False,3,2
094.tiff,human breast cancer,2,2577,223,9.508792877197266,0.7341862320899963,True,2,2
094.tiff,human breast cancer,2,2617,238,9.419785499572754,0.7272838354110718,True,2,2
094.tiff,human breast cancer,2,2642,240,9.406953811645508,0.7262887358665466,False,3,2
094.tiff,human breast cancer,2,2544,274,9.123476028442383,0.7043055295944214,False,3,2
094.tiff,human breast cancer,2,2566,338,8.791878700256348,0.6785907745361328,True,2,2
094.tiff,human breast cancer,2,2591,366,8.660388946533203,0.6683939099311829,True,2,2
094.tiff,human breast cancer,2,2512,391,8.583464622497559,0.662428617477417,True,2,2
094.tiff,human breast cancer,2,2489,424,8.476653099060059,0.6541455388069153,True,2,2
094.tiff,human breast cancer,2,2492,426,8.468965530395508,0.6535493731498718,True,2,2
094.tiff,human breast cancer,2,2543,475,8.300748825073242,0.6405044794082642,True,2,2
094.tiff,human breast cancer,2,2513,539,8.064251899719238,0.6221645474433899,True,2,2
094.tiff,human breast cancer,2,2629,565,7.976953983306885,0.6153947114944458,True,2,2
094.tiff,human breast cancer,2,2592,605,7.862096786499023,0.6064877510070801,False,3,2
094.tiff,human breast cancer,2,2493,639,7.752035617828369,0.597952663898468,True,2,2
094.tiff,human breast cancer,2,2502,644,7.742680549621582,0.5972272157669067,True,2,2
094.tiff,human breast cancer,2,2534,690,7.611198425292969,0.5870310068130493,True,2,2
094.tiff,human breast cancer,2,2539,695,7.597952365875244,0.5860037803649902,False,3,2
094.tiff,human breast cancer,2,2574,728,7.51710319519043,0.5797340869903564,True,2,2
094.tiff,human breast cancer,2,2612,733,7.502602577209473,0.5786095857620239,True,2,2
094.tiff,human breast cancer,2,2536,781,7.362214088439941,0.5677226781845093,True,2,2
094.tiff,human breast cancer,2,2527,915,7.032148361206055,0.5421266555786133,True,2,2
094.tiff,human breast cancer,2,2576,939,6.9800262451171875,0.5380846858024597,False,3,2
094.tiff,human breast cancer,2,2546,1046,6.737508296966553,0.519277811050415,True,2,2
094.tiff,human breast cancer,2,2582,1321,6.139930725097656,0.4729367196559906,True,2,2
094.tiff,human breast cancer,2,2519,1510,5.819236755371094,0.44806745648384094,True,2,2
094.tiff,human breast cancer,2,2548,1656,5.602297782897949,0.4312441945075989,True,2,2
094.tiff,human breast cancer,2,2540,1743,5.4730730056762695,0.4212230443954468,True,2,2
094.tiff,human breast cancer,2,2589,1771,5.444479942321777,0.41900569200515747,True,2,2
094.tiff,human breast cancer,2,2655,2465,4.793581008911133,0.3685295879840851,True,2,2
094.tiff,human breast cancer,2,2652,3851,4.084197998046875,0.3135181665420532,False,3,2
094.tiff,human breast cancer,2,2651,4088,3.995893955230713,0.30667033791542053,True,2,2
094.tiff,human breast cancer,3,2645,2,14.784247398376465,1.5744391679763794,False,3,2
094.tiff,human breast cancer,3,2646,4,14.4083833694458,1.5342081785202026,False,3,2
094.tiff,human breast cancer,3,2530,5,14.167236328125,1.508396863937378,True,2,2
094.tiff,human breast cancer,3,2514,7,13.841652870178223,1.4735478162765503,True,2,2
094.tiff,human breast cancer,3,2622,8,13.70669174194336,1.4591021537780762,False,3,2
094.tiff,human breast cancer,3,2483,9,13.689163208007812,1.4572259187698364,True,2,2
094.tiff,human breast cancer,3,2588,10,13.474967002868652,1.4342992305755615,True,2,2
094.tiff,human breast cancer,3,2560,11,13.403406143188477,1.4266396760940552,True,2,2
094.tiff,human breast cancer,3,2529,12,13.335686683654785,1.4193912744522095,False,3,2
094.tiff,human breast cancer,3,2614,13,13.296464920043945,1.4151932001113892,False,3,2
094.tiff,human breast cancer,3,2644,14,13.296344757080078,1.4151803255081177,True,2,2
094.tiff,human breast cancer,3,2487,15,13.203228950500488,1.4052135944366455,True,2,2
094.tiff,human breast cancer,3,2587,16,13.194437980651855,1.4042726755142212,False,3,2
094.tiff,human breast cancer,3,2558,19,13.056700706481934,1.389529824256897,True,2,2
094.tiff,human breast cancer,3,2594,20,12.989571571350098,1.3823446035385132,False,3,2
094.tiff,human breast cancer,3,2583,21,12.878766059875488,1.370484471321106,False,3,2
094.tiff,human breast cancer,3,2630,23,12.748758316040039,1.3565689325332642,False,3,2
094.tiff,human breast cancer,3,2484,24,12.734832763671875,1.3550784587860107,False,3,2
094.tiff,human breast cancer,3,2650,25,12.627081871032715,1.3435451984405518,False,3,2
094.tiff,human breast cancer,3,2488,26,12.609231948852539,1.3416346311569214,False,3,2
094.tiff,human breast cancer,3,2518,27,12.528255462646484,1.3329672813415527,True,2,2
094.tiff,human breast cancer,3,2510,29,12.506775856018066,1.3306682109832764,True,2,2
094.tiff,human breast cancer,3,2505,30,12.489304542541504,1.3287981748580933,True,2,2
094.tiff,human breast cancer,3,2601,31,12.47276496887207,1.3270277976989746,False,3,2
094.tiff,human breast cancer,3,2597,32,12.45125675201416,1.32472562789917,True,2,2
094.tiff,human breast cancer,3,2531,34,12.286391258239746,1.3070791959762573,False,3,2
094.tiff,human breast cancer,3,2596,37,12.124290466308594,1.2897285223007202,True,2,2
094.tiff,human breast cancer,3,2619,38,12.073319435119629,1.2842727899551392,False,3,2
094.tiff,human breast cancer,3,2566,39,12.025779724121094,1.279184341430664,True,2,2
094.tiff,human breast cancer,3,2626,40,12.019497871398926,1.2785120010375977,False,3,2
094.tiff,human breast cancer,3,2603,41,11.997486114501953,1.276155948638916,True,2,2
094.tiff,human breast cancer,3,2602,45,11.707950592041016,1.2451653480529785,True,2,2
094.tiff,human breast cancer,3,2549,47,11.661221504211426,1.2401635646820068,True,2,2
094.tiff,human breast cancer,3,2542,49,11.657588005065918,1.2397747039794922,True,2,2
094.tiff,human breast cancer,3,2552,50,11.597254753112793,1.2333168983459473,False,3,2
094.tiff,human breast cancer,3,2607,52,11.522397994995117,1.2253044843673706,True,2,2
094.tiff,human breast cancer,3,2643,53,11.329472541809082,1.204654574394226,False,3,2
094.tiff,human breast cancer,3,2534,57,11.1336030960083,1.1836895942687988,True,2,2
094.tiff,human breast cancer,3,2604,60,11.050918579101562,1.1748393774032593,False,3,2
094.tiff,human breast cancer,3,2532,64,11.020174026489258,1.17154860496521,False,3,2
094.tiff,human breast cancer,3,2486,65,11.000200271606445,1.1694107055664062,True,2,2
094.tiff,human breast cancer,3,2581,69,10.747903823852539,1.1424059867858887,False,3,2
094.tiff,human breast cancer,3,2489,70,10.740860939025879,1.1416521072387695,True,2,2
094.tiff,human breast cancer,3,2519,73,10.654244422912598,1.1323810815811157,True,2,2
094.tiff,human breast cancer,3,2490,76,10.495637893676758,1.115404486656189,False,3,2
094.tiff,human breast cancer,3,2629,78,10.414344787597656,1.1067031621932983,True,2,2
094.tiff,human breast cancer,3,2637,80,10.384337425231934,1.1034913063049316,False,3,2
094.tiff,human breast cancer,3,2511,82,10.341790199279785,1.0989372730255127,False,3,2
094.tiff,human breast cancer,3,2507,87,10.054952621459961,1.0682353973388672,False,3,2
094.tiff,human breast cancer,3,2495,90,9.935876846313477,1.0554900169372559,True,2,2
094.tiff,human breast cancer,3,2500,92,9.929606437683105,1.054818868637085,False,3,2
094.tiff,human breast cancer,3,2559,100,9.637210845947266,1.0235220193862915,False,3,2
094.tiff,human breast cancer,3,2546,106,9.439327239990234,1.002341389656067,True,2,2
094.tiff,human breast cancer,3,2548,107,9.430072784423828,1.0013508796691895,True,2,2
094.tiff,human breast cancer,3,2543,120,9.168932914733887,0.9733995199203491,True,2,2
094.tiff,human breast cancer,3,2527,154,8.550004005432129,0.9071519374847412,True,2,2
094.tiff,human breast cancer,3,2524,158,8.525704383850098,0.9045510292053223,True,2,2
094.tiff,human breast cancer,3,2513,165,8.493897438049316,0.9011465311050415,True,2,2
094.tiff,human breast cancer,3,2492,190,8.31767749786377,0.8822847604751587,True,2,2
094.tiff,human breast cancer,3,2577,214,8.121631622314453,0.8613008260726929,True,2,2
094.tiff,human breast cancer,3,2512,226,8.053443908691406,0.8540022969245911,True,2,2
094.tiff,human breast cancer,3,2540,278,7.816787242889404,0.8286715149879456,True,2,2
094.tiff,human breast cancer,3,2499,282,7.805951118469238,0.8275116682052612,True,2,2
094.tiff,human breast cancer,3,2557,286,7.795975685119629,0.8264439702033997,True,2,2
094.tiff,human breast cancer,3,2493,307,7.698057651519775,0.8159632086753845,True,2,2
094.tiff,human breast cancer,3,2574,343,7.509251117706299,0.7957541942596436,True,2,2
094.tiff,human breast cancer,3,2536,374,7.4163994789123535,0.7858157157897949,True,2,2
094.tiff,human breast cancer,3,2591,375,7.410844802856445,0.7852211594581604,True,2,2
094.tiff,human breast cancer,3,2494,456,7.119421482086182,0.7540284395217896,True,2,2
094.tiff,human breast cancer,3,2642,482,7.038151741027832,0.7453296780586243,False,3,2
094.tiff,human breast cancer,3,2502,685,6.5942888259887695,0.6978204846382141,True,2,2
094.tiff,human breast cancer,3,2589,776,6.4220662117004395,0.6793864965438843,True,2,2
094.tiff,human breast cancer,3,2539,872,6.249442100524902,0.6609095335006714,False,3,2
094.tiff,human breast cancer,3,2617,887,6.230535507202148,0.6588858366012573,True,2,2
094.tiff,human breast cancer,3,2592,907,6.2048797607421875,0.6561397910118103,False,3,2
094.tiff,human breast cancer,3,2544,1022,5.959521770477295,0.6298776865005493,False,3,2
094.tiff,human breast cancer,3,2576,1050,5.921899318695068,0.6258507370948792,False,3,2
094.tiff,human breast cancer,3,2582,1101,5.844600677490234,0.6175770163536072,True,2,2
094.tiff,human breast cancer,3,2655,1617,5.138045787811279,0.5419503450393677,True,2,2
094.tiff,human breast cancer,3,2652,2433,4.433435440063477,0.4665318727493286,False,3,2
094.tiff,human breast cancer,3,2651,4808,3.4876599311828613,0.3653000593185425,True,2,2
094.tiff,human breast cancer,4,2601,1,18.31544303894043,1.4171268939971924,False,3,2
094.tiff,human breast cancer,4,2532,3,16.257715225219727,1.2575536966323853,False,3,2
094.tiff,human breast cancer,4,2619,7,14.843223571777344,1.147862195968628,False,3,2
094.tiff,human breast cancer,4,2607,8,14.745774269104004,1.1403051614761353,True,2,2
094.tiff,human breast cancer,4,2646,9,14.736072540283203,1.1395528316497803,False,3,2
094.tiff,human breast cancer,4,2603,11,14.554095268249512,1.1254408359527588,True,2,2
094.tiff,human breast cancer,4,2643,12,14.546110153198242,1.1248215436935425,False,3,2
094.tiff,human breast cancer,4,2588,13,14.524285316467285,1.12312912940979,True,2,2
094.tiff,human breast cancer,4,2644,16,14.286581039428711,1.1046955585479736,True,2,2
094.tiff,human breast cancer,4,2483,17,14.244490623474121,1.1014314889907837,True,2,2
094.tiff,human breast cancer,4,2622,18,14.1685209274292,1.095540165901184,False,3,2
094.tiff,human breast cancer,4,2488,19,14.048027992248535,1.0861961841583252,False,3,2
094.tiff,human breast cancer,4,2630,20,14.046786308288574,1.0860998630523682,False,3,2
094.tiff,human breast cancer,4,2645,21,13.998305320739746,1.0823402404785156,False,3,2
094.tiff,human breast cancer,4,2484,24,13.7251615524292,1.0611584186553955,False,3,2
094.tiff,human breast cancer,4,2530,25,13.691776275634766,1.0585694313049316,True,2,2
094.tiff,human breast cancer,4,2487,27,13.666791915893555,1.0566319227218628,True,2,2
094.tiff,human breast cancer,4,2500,28,13.607170104980469,1.0520083904266357,False,3,2
094.tiff,human breast cancer,4,2560,29,13.524627685546875,1.045607328414917,True,2,2
094.tiff,human breast cancer,4,2514,31,13.402273178100586,1.036118984222412,True,2,2
094.tiff,human breast cancer,4,2626,33,13.362257957458496,1.0330158472061157,False,3,2
094.tiff,human breast cancer,4,2594,34,13.289225578308105,1.0273523330688477,False,3,2
094.tiff,human breast cancer,4,2529,35,13.287378311157227,1.0272090435028076,False,3,2
094.tiff,human breast cancer,4,2507,38,13.086994171142578,1.011669635772705,False,3,2
094.tiff,human breast cancer,4,2559,40,12.890152931213379,0.9964048862457275,False,3,2
094.tiff,human breast cancer,4,2650,41,12.7037353515625,0.9819485545158386,False,3,2
094.tiff,human breast cancer,4,2531,42,12.696404457092285,0.981380045413971,False,3,2
094.tiff,human breast cancer,4,2587,43,12.680509567260742,0.9801474213600159,False,3,2
094.tiff,human breast cancer,4,2583,44,12.631556510925293,0.9763512015342712,False,3,2
094.tiff,human breast cancer,4,2552,45,12.620359420776367,0.9754828810691833,False,3,2
094.tiff,human breast cancer,4,2510,46,12.46945571899414,0.9637805819511414,True,2,2
094.tiff,human breast cancer,4,2614,52,12.001222610473633,0.9274699091911316,False,3,2
094.tiff,human breast cancer,4,2505,53,11.969343185424805,0.9249976873397827,True,2,2
094.tiff,human breast cancer,4,2557,62,11.465680122375488,0.8859394788742065,True,2,2
094.tiff,human breast cancer,4,2604,64,11.40202808380127,0.8810033798217773,False,3,2
094.tiff,human breast cancer,4,2511,67,11.351439476013184,0.8770803213119507,False,3,2
094.tiff,human breast cancer,4,2490,71,11.312032699584961,0.8740243911743164,False,3,2
094.tiff,human breast cancer,4,2486,86,10.991004943847656,0.8491292595863342,True,2,2
094.tiff,human breast cancer,4,2518,88,10.978992462158203,0.8481976985931396,True,2,2
094.tiff,human breast cancer,4,2596,93,10.85423469543457,0.8385229110717773,True,2,2
094.tiff,human breast cancer,4,2499,94,10.843785285949707,0.8377125859260559,True,2,2
094.tiff,human breast cancer,4,2549,100,10.742534637451172,0.8298608064651489,True,2,2
094.tiff,human breast cancer,4,2542,101,10.739943504333496,0.8296598792076111,True,2,2
094.tiff,human breast cancer,4,2495,102,10.73141098022461,0.8289981484413147,True,2,2
094.tiff,human breast cancer,4,2581,114,10.4921875,0.8104467988014221,False,3,2
094.tiff,human breast cancer,4,2602,129,10.260415077209473,0.7924732565879822,True,2,2
094.tiff,human breast cancer,4,2597,133,10.210728645324707,0.788620114326477,True,2,2
094.tiff,human breast cancer,4,2524,147,10.082460403442383,0.7786731719970703,True,2,2
094.tiff,human breast cancer,4,2558,172,9.882169723510742,0.7631409168243408,True,2,2
094.tiff,human breast cancer,4,2637,211,9.566462516784668,0.7386584281921387,False,3,2
094.tiff,human breast cancer,4,2577,223,9.508792877197266,0.7341862320899963,True,2,2
094.tiff,human breast cancer,4,2617,238,9.419785499572754,0.7272838354110718,True,2,2
094.tiff,human breast cancer,4,2642,240,9.406953811645508,0.7262887358665466,False,3,2
094.tiff,human breast cancer,4,2544,274,9.123476028442383,0.7043055295944214,False,3,2
094.tiff,human breast cancer,4,2566,338,8.791878700256348,0.6785907745361328,True,2,2
094.tiff,human breast cancer,4,2591,366,8.660388946533203,0.6683939099311829,True,2,2
094.tiff,human breast cancer,4,2512,391,8.583464622497559,0.662428617477417,True,2,2
094.tiff,human breast cancer,4,2489,424,8.476653099060059,0.6541455388069153,True,2,2
094.tiff,human breast cancer,4,2492,426,8.468965530395508,0.6535493731498718,True,2,2
094.tiff,human breast cancer,4,2543,475,8.300748825073242,0.6405044794082642,True,2,2
094.tiff,human breast cancer,4,2513,539,8.064251899719238,0.6221645474433899,True,2,2
094.tiff,human breast cancer,4,2629,565,7.976953983306885,0.6153947114944458,True,2,2
094.tiff,human breast cancer,4,2592,605,7.862096786499023,0.6064877510070801,False,3,2
094.tiff,human breast cancer,4,2493,639,7.752035617828369,0.597952663898468,True,2,2
094.tiff,human breast cancer,4,2502,644,7.742680549621582,0.5972272157669067,True,2,2
094.tiff,human breast cancer,4,2534,690,7.611198425292969,0.5870310068130493,True,2,2
094.tiff,human breast cancer,4,2539,695,7.597952365875244,0.5860037803649902,False,3,2
094.tiff,human breast cancer,4,2574,728,7.51710319519043,0.5797340869903564,True,2,2
094.tiff,human breast cancer,4,2612,733,7.502602577209473,0.5786095857620239,True,2,2
094.tiff,human breast cancer,4,2536,781,7.362214088439941,0.5677226781845093,True,2,2
094.tiff,human breast cancer,4,2527,915,7.032148361206055,0.5421266555786133,True,2,2
094.tiff,human breast cancer,4,2576,939,6.9800262451171875,0.5380846858024597,False,3,2
094.tiff,human breast cancer,4,2546,1046,6.737508296966553,0.519277811050415,True,2,2
094.tiff,human breast cancer,4,2582,1321,6.139930725097656,0.4729367196559906,True,2,2
094.tiff,human breast cancer,4,2519,1510,5.819236755371094,0.44806745648384094,True,2,2
094.tiff,human breast cancer,4,2548,1656,5.602297782897949,0.4312441945075989,True,2,2
094.tiff,human breast cancer,4,2540,1743,5.4730730056762695,0.4212230443954468,True,2,2
094.tiff,human breast cancer,4,2589,1771,5.444479942321777,0.41900569200515747,True,2,2
094.tiff,human breast cancer,4,2655,2465,4.793581008911133,0.3685295879840851,True,2,2
094.tiff,human breast cancer,4,2652,3851,4.084197998046875,0.3135181665420532,False,3,2
094.tiff,human breast cancer,4,2651,4088,3.995893955230713,0.30667033791542053,True,2,2
201.tiff,canine lung cancer,0,4453,2,7.35236930847168,4.4734272956848145,False,3,2
201.tiff,canine lung cancer,0,4441,4,6.976704120635986,4.243407726287842,False,3,2
201.tiff,canine lung cancer,0,4444,6,6.758781909942627,4.109973907470703,False,3,2
201.tiff,canine lung cancer,0,4476,13,6.159581661224365,3.7430834770202637,True,2,2
201.tiff,canine lung cancer,0,4479,19,6.056478023529053,3.6799533367156982,True,2,2
201.tiff,canine lung cancer,0,4458,23,6.001615047454834,3.6463606357574463,False,3,2
201.tiff,canine lung cancer,0,4480,36,5.822179794311523,3.5364925861358643,False,3,2
201.tiff,canine lung cancer,0,4502,39,5.761083602905273,3.4990835189819336,False,3,2
201.tiff,canine lung cancer,0,4469,42,5.745893478393555,3.4897823333740234,True,2,2
201.tiff,canine lung cancer,0,4477,46,5.677459239959717,3.447880268096924,True,2,2
201.tiff,canine lung cancer,0,4494,48,5.638448715209961,3.4239940643310547,False,3,2
201.tiff,canine lung cancer,0,4493,63,5.5218586921691895,3.3526060581207275,False,3,2
201.tiff,canine lung cancer,0,4454,164,4.909216403961182,2.977485418319702,True,2,2
201.tiff,canine lung cancer,0,4481,244,4.689102649688721,2.84270977973938,False,3,2
201.tiff,canine lung cancer,0,4475,273,4.619965076446533,2.8003768920898438,True,2,2
201.tiff,canine lung cancer,0,4491,275,4.6186933517456055,2.799598217010498,False,3,2
201.tiff,canine lung cancer,0,4466,665,4.07609224319458,2.4673638343811035,False,3,2
201.tiff,canine lung cancer,1,4453,2,7.35236930847168,4.4734272956848145,False,3,2
201.tiff,canine lung cancer,1,4441,4,6.976704120635986,4.243407726287842,False,3,2
201.tiff,canine lung cancer,1,4444,6,6.758781909942627,4.109973907470703,False,3,2
201.tiff,canine lung cancer,1,4476,13,6.159581661224365,3.7430834770202637,True,2,2
201.tiff,canine lung cancer,1,4479,19,6.056478023529053,3.6799533367156982,True,2,2
201.tiff,canine lung cancer,1,4458,23,6.001615047454834,3.6463606357574463,False,3,2
201.tiff,canine lung cancer,1,4480,36,5.822179794311523,3.5364925861358643,False,3,2
201.tiff,canine lung cancer,1,4502,39,5.761083602905273,3.4990835189819336,False,3,2
201.tiff,canine lung cancer,1,4469,42,5.745893478393555,3.4897823333740234,True,2,2
201.tiff,canine lung cancer,1,4477,46,5.677459239959717,3.447880268096924,True,2,2
201.tiff,canine lung cancer,1,4494,48,5.638448715209961,3.4239940643310547,False,3,2
201.tiff,canine lung cancer,1,4493,63,5.5218586921691895,3.3526060581207275,False,3,2
201.tiff,canine lung cancer,1,4454,164,4.909216403961182,2.977485418319702,True,2,2
201.tiff,canine lung cancer,1,4481,244,4.689102649688721,2.84270977973938,False,3,2
201.tiff,canine lung cancer,1,4475,273,4.619965076446533,2.8003768920898438,True,2,2
201.tiff,canine lung cancer,1,4491,275,4.6186933517456055,2.799598217010498,False,3,2
201.tiff,canine lung cancer,1,4466,665,4.07609224319458,2.4673638343811035,False,3,2
201.tiff,canine lung cancer,2,4453,3,6.754302978515625,5.808216094970703,False,3,2
201.tiff,canine lung cancer,2,4476,4,6.6778178215026855,5.741970539093018,True,2,2
201.tiff,canine lung cancer,2,4441,6,6.599410057067871,5.6740593910217285,False,3,2
201.tiff,canine lung cancer,2,4458,28,5.74559211730957,4.934545993804932,False,3,2
201.tiff,canine lung cancer,2,4477,29,5.714306831359863,4.907449245452881,True,2,2
201.tiff,canine lung cancer,2,4454,45,5.549673080444336,4.764855861663818,True,2,2
201.tiff,canine lung cancer,2,4493,76,5.321249008178711,4.567011833190918,False,3,2
201.tiff,canine lung cancer,2,4491,79,5.294979572296143,4.544259071350098,False,3,2
201.tiff,canine lung cancer,2,4479,86,5.260326862335205,4.514245510101318,True,2,2
201.tiff,canine lung cancer,2,4480,119,5.093944549560547,4.370137691497803,False,3,2
201.tiff,canine lung cancer,2,4469,193,4.8140435218811035,4.127708435058594,True,2,2
201.tiff,canine lung cancer,2,4444,243,4.678829669952393,4.01059627532959,False,3,2
201.tiff,canine lung cancer,2,4481,480,4.265987873077393,3.6530232429504395,False,3,2
201.tiff,canine lung cancer,2,4502,818,3.9323019981384277,3.364009380340576,False,3,2
201.tiff,canine lung cancer,2,4494,1465,3.5250675678253174,3.011293411254883,False,3,2
201.tiff,canine lung cancer,2,4457,1862,3.3547675609588623,2.8637921810150146,True,2,2
201.tiff,canine lung cancer,2,4466,2867,2.9928243160247803,2.5503039360046387,False,3,2
201.tiff,canine lung cancer,3,4441,3,7.663150310516357,5.401021957397461,False,3,2
201.tiff,canine lung cancer,3,4477,6,7.260740756988525,5.115672588348389,True,2,2
201.tiff,canine lung cancer,3,4453,7,7.2067670822143555,5.077399730682373,False,3,2
201.tiff,canine lung cancer,3,4444,16,6.681920051574707,4.705229759216309,False,3,2
201.tiff,canine lung cancer,3,4480,21,6.626158714294434,4.665689468383789,False,3,2
201.tiff,canine lung cancer,3,4491,26,6.391724586486816,4.499451637268066,False,3,2
201.tiff,canine lung cancer,3,4458,27,6.386756420135498,4.495928764343262,False,3,2
201.tiff,canine lung cancer,3,4475,30,6.355733871459961,4.473930835723877,True,2,2
201.tiff,canine lung cancer,3,4493,42,6.170799732208252,4.3427934646606445,False,3,2
201.tiff,canine lung cancer,3,4469,45,6.139719009399414,4.320754051208496,True,2,2
201.tiff,canine lung cancer,3,4476,60,5.9278154373168945,4.170493125915527,True,2,2
201.tiff,canine lung cancer,3,4502,277,4.9585676193237305,3.4831976890563965,False,3,2
201.tiff,canine lung cancer,3,4457,497,4.572517395019531,3.209449052810669,True,2,2
201.tiff,canine lung cancer,3,4479,641,4.402405261993408,3.08882212638855,True,2,2
201.tiff,canine lung cancer,3,4481,721,4.318237781524658,3.0291388034820557,False,3,2
201.tiff,canine lung cancer,3,4466,2123,3.5139198303222656,2.4587955474853516,False,3,2
201.tiff,canine lung cancer,3,4494,2265,3.464264154434204,2.4235846996307373,False,3,2
201.tiff,canine lung cancer,4,4453,2,6.602808475494385,6.628237247467041,False,3,2
201.tiff,canine lung cancer,4,4441,7,6.020536422729492,6.039880275726318,False,3,2
201.tiff,canine lung cancer,4,4476,20,5.614221096038818,5.629319190979004,True,2,2
201.tiff,canine lung cancer,4,4480,37,5.287847995758057,5.299535274505615,False,3,2
201.tiff,canine lung cancer,4,4444,45,5.234297752380371,5.245425701141357,False,3,2
201.tiff,canine lung cancer,4,4493,90,4.904547214508057,4.912229061126709,False,3,2
201.tiff,canine lung cancer,4,4458,103,4.829678058624268,4.836577415466309,False,3,2
201.tiff,canine lung cancer,4,4491,129,4.726348876953125,4.732168674468994,False,3,2
201.tiff,canine lung cancer,4,4475,200,4.5283122062683105,4.532062530517578,True,2,2
201.tiff,canine lung cancer,4,4469,253,4.40350866317749,4.405954837799072,True,2,2
201.tiff,canine lung cancer,4,4502,440,4.120898723602295,4.120391845703125,False,3,2
201.tiff,canine lung cancer,4,4494,518,4.005459308624268,4.003746032714844,False,3,2
201.tiff,canine lung cancer,4,4481,527,3.995884418487549,3.9940710067749023,False,3,2
201.tiff,canine lung cancer,4,4477,920,3.6622543334960938,3.656954526901245,True,2,2
201.tiff,canine lung cancer,4,4457,1181,3.498276472091675,3.491262912750244,True,2,2
201.tiff,canine lung cancer,4,4454,1280,3.4470865726470947,3.4395382404327393,True,2,2
201.tiff,canine lung cancer,4,4466,2250,3.027251720428467,3.0153160095214844,False,3,2
233.tiff,canine lung cancer,0,5763,1,12.719720840454102,1.8108662366867065,False,3,2
233.tiff,canine lung cancer,0,5766,3,11.862486839294434,1.6877574920654297,True,2,2
233.tiff,canine lung cancer,0,5764,4,11.281318664550781,1.6042951345443726,False,3,2
233.tiff,canine lung cancer,0,5767,10,10.804998397827148,1.535889983177185,False,3,2
233.tiff,canine lung cancer,0,5759,14,10.484996795654297,1.4899340867996216,True,2,2
233.tiff,canine lung cancer,0,5757,17,10.422846794128418,1.4810086488723755,True,2,2
233.tiff,canine lung cancer,0,5768,19,10.301719665527344,1.4636133909225464,True,2,2
233.tiff,canine lung cancer,0,5762,33,9.965006828308105,1.4152575731277466,True,2,2
233.tiff,canine lung cancer,0,5770,41,9.68834114074707,1.3755251169204712,True,2,2
233.tiff,canine lung cancer,0,5786,48,9.572638511657715,1.3589088916778564,False,3,2
233.tiff,canine lung cancer,0,5756,86,8.904529571533203,1.26296067237854,True,2,2
233.tiff,canine lung cancer,0,5775,218,7.963979244232178,1.1278868913650513,False,3,2
233.tiff,canine lung cancer,0,5760,294,7.668153285980225,1.0854028463363647,True,2,2
233.tiff,canine lung cancer,0,5765,344,7.516868591308594,1.0636765956878662,True,2,2
233.tiff,canine lung cancer,0,5769,361,7.4481377601623535,1.0538060665130615,True,2,2
233.tiff,canine lung cancer,0,5772,434,7.245906352996826,1.0247633457183838,True,2,2
233.tiff,canine lung cancer,0,5777,1328,5.993628025054932,0.8449216485023499,True,2,2
233.tiff,canine lung cancer,1,5763,1,12.719720840454102,1.8108662366867065,False,3,2
233.tiff,canine lung cancer,1,5766,3,11.862486839294434,1.6877574920654297,True,2,2
233.tiff,canine lung cancer,1,5764,4,11.281318664550781,1.6042951345443726,False,3,2
233.tiff,canine lung cancer,1,5767,10,10.804998397827148,1.535889983177185,False,3,2
233.tiff,canine lung cancer,1,5759,14,10.484996795654297,1.4899340867996216,True,2,2
233.tiff,canine lung cancer,1,5757,17,10.422846794128418,1.4810086488723755,True,2,2
233.tiff,canine lung cancer,1,5768,19,10.301719665527344,1.4636133909225464,True,2,2
233.tiff,canine lung cancer,1,5762,33,9.965006828308105,1.4152575731277466,True,2,2
233.tiff,canine lung cancer,1,5770,41,9.68834114074707,1.3755251169204712,True,2,2
233.tiff,canine lung cancer,1,5786,48,9.572638511657715,1.3589088916778564,False,3,2
233.tiff,canine lung cancer,1,5756,86,8.904529571533203,1.26296067237854,True,2,2
233.tiff,canine lung cancer,1,5775,218,7.963979244232178,1.1278868913650513,False,3,2
233.tiff,canine lung cancer,1,5760,294,7.668153285980225,1.0854028463363647,True,2,2
233.tiff,canine lung cancer,1,5765,344,7.516868591308594,1.0636765956878662,True,2,2
233.tiff,canine lung cancer,1,5769,361,7.4481377601623535,1.0538060665130615,True,2,2
233.tiff,canine lung cancer,1,5772,434,7.245906352996826,1.0247633457183838,True,2,2
233.tiff,canine lung cancer,1,5777,1328,5.993628025054932,0.8449216485023499,True,2,2
233.tiff,canine lung cancer,2,5760,1,9.193065643310547,4.377264976501465,True,2,2
233.tiff,canine lung cancer,2,5761,2,8.124017715454102,3.8601250648498535,True,2,2
233.tiff,canine lung cancer,2,5757,3,7.8836350440979,3.743842840194702,True,2,2
233.tiff,canine lung cancer,2,5763,5,7.7527852058410645,3.6805455684661865,False,3,2
233.tiff,canine lung cancer,2,5765,8,7.669319152832031,3.640169858932495,True,2,2
233.tiff,canine lung cancer,2,5756,14,7.056832790374756,3.343886375427246,True,2,2
233.tiff,canine lung cancer,2,5759,15,6.888853073120117,3.2626280784606934,True,2,2
233.tiff,canine lung cancer,2,5769,19,6.752634525299072,3.1967339515686035,True,2,2
233.tiff,canine lung cancer,2,5762,64,6.1554436683654785,2.9078495502471924,True,2,2
233.tiff,canine lung cancer,2,5766,92,5.957576751708984,2.8121337890625,True,2,2
233.tiff,canine lung cancer,2,5786,201,5.572693347930908,2.625950813293457,False,3,2
233.tiff,canine lung cancer,2,5767,237,5.508516311645508,2.5949058532714844,False,3,2
233.tiff,canine lung cancer,2,5764,313,5.341849327087402,2.514282464981079,False,3,2
233.tiff,canine lung cancer,2,5777,443,5.176024436950684,2.4340665340423584,True,2,2
233.tiff,canine lung cancer,2,5768,1100,4.611189842224121,2.160834312438965,True,2,2
233.tiff,canine lung cancer,2,5775,1191,4.553985595703125,2.133162260055542,False,3,2
233.tiff,canine lung cancer,2,5772,1218,4.534766674041748,2.1238653659820557,True,2,2
233.tiff,canine lung cancer,3,5770,1,8.705850601196289,5.009661674499512,True,2,2
233.tiff,canine lung cancer,3,5765,2,8.002500534057617,4.5963592529296875,True,2,2
233.tiff,canine lung cancer,3,5761,4,7.80484676361084,4.4802141189575195,True,2,2
233.tiff,canine lung cancer,3,5757,6,7.496692180633545,4.299136638641357,True,2,2
233.tiff,canine lung cancer,3,5756,7,7.451859474182129,4.272791862487793,True,2,2
233.tiff,canine lung cancer,3,5763,10,7.276835918426514,4.169944763183594,False,3,2
233.tiff,canine lung cancer,3,5759,11,7.187314987182617,4.117340564727783,True,2,2
233.tiff,canine lung cancer,3,5769,17,6.770118236541748,3.872187852859497,True,2,2
233.tiff,canine lung cancer,3,5762,26,6.50770378112793,3.7179877758026123,True,2,2
233.tiff,canine lung cancer,3,5786,246,5.249821186065674,2.9788312911987305,False,3,2
233.tiff,canine lung cancer,3,5768,313,5.121460914611816,2.903404474258423,True,2,2
233.tiff,canine lung cancer,3,5766,346,5.064579010009766,2.8699793815612793,True,2,2
233.tiff,canine lung cancer,3,5764,527,4.860126495361328,2.7498390674591064,False,3,2
233.tiff,canine lung cancer,3,5777,828,4.60612678527832,2.600584030151367,True,2,2
233.tiff,canine lung cancer,3,5775,1296,4.315334796905518,2.42970871925354,False,3,2
233.tiff,canine lung cancer,3,5772,1649,4.148821830749512,2.331862688064575,True,2,2
233.tiff,canine lung cancer,3,5767,2320,3.8979485034942627,2.1844444274902344,False,3,2
233.tiff,canine lung cancer,4,5763,1,12.719720840454102,1.8108662366867065,False,3,2
233.tiff,canine lung cancer,4,5766,3,11.862486839294434,1.6877574920654297,True,2,2
233.tiff,canine lung cancer,4,5764,4,11.281318664550781,1.6042951345443726,False,3,2
233.tiff,canine lung cancer,4,5767,10,10.804998397827148,1.535889983177185,False,3,2
233.tiff,canine lung cancer,4,5759,14,10.484996795654297,1.4899340867996216,True,2,2
233.tiff,canine lung cancer,4,5757,17,10.422846794128418,1.4810086488723755,True,2,2
233.tiff,canine lung cancer,4,5768,19,10.301719665527344,1.4636133909225464,True,2,2
233.tiff,canine lung cancer,4,5762,33,9.965006828308105,1.4152575731277466,True,2,2
233.tiff,canine lung cancer,4,5770,41,9.68834114074707,1.3755251169204712,True,2,2
233.tiff,canine lung cancer,4,5786,48,9.572638511657715,1.3589088916778564,False,3,2
233.tiff,canine lung cancer,4,5756,86,8.904529571533203,1.26296067237854,True,2,2
233.tiff,canine lung cancer,4,5775,218,7.963979244232178,1.1278868913650513,False,3,2
233.tiff,canine lung cancer,4,5760,294,7.668153285980225,1.0854028463363647,True,2,2
233.tiff,canine lung cancer,4,5765,344,7.516868591308594,1.0636765956878662,True,2,2
233.tiff,canine lung cancer,4,5769,361,7.4481377601623535,1.0538060665130615,True,2,2
233.tiff,canine lung cancer,4,5772,434,7.245906352996826,1.0247633457183838,True,2,2
233.tiff,canine lung cancer,4,5777,1328,5.993628025054932,0.8449216485023499,True,2,2
245.tiff,canine lymphosarcoma,0,6334,4,5.98259162902832,1.2743490934371948,True,2,2
245.tiff,canine lymphosarcoma,0,6254,37,4.950592994689941,1.053401231765747,True,2,2
245.tiff,canine lymphosarcoma,0,6261,46,4.9067888259887695,1.0440229177474976,True,2,2
245.tiff,canine lymphosarcoma,0,6292,48,4.905146598815918,1.0436712503433228,True,2,2
245.tiff,canine lymphosarcoma,0,6318,82,4.7171406745910645,1.0034197568893433,True,2,2
245.tiff,canine lymphosarcoma,0,6348,100,4.655331611633301,0.9901865720748901,True,2,2
245.tiff,canine lymphosarcoma,0,6294,118,4.583975315093994,0.9749094247817993,True,2,2
245.tiff,canine lymphosarcoma,0,6322,180,4.42785120010376,0.9414836764335632,True,2,2
245.tiff,canine lymphosarcoma,0,6323,253,4.295050144195557,0.9130513668060303,True,2,2
245.tiff,canine lymphosarcoma,0,6257,306,4.226959228515625,0.8984732627868652,True,2,2
245.tiff,canine lymphosarcoma,0,6331,383,4.15096378326416,0.8822028636932373,False,3,2
245.tiff,canine lymphosarcoma,0,6327,413,4.1242852210998535,0.876491129398346,True,2,2
245.tiff,canine lymphosarcoma,0,6284,442,4.094333171844482,0.8700785040855408,False,3,2
245.tiff,canine lymphosarcoma,0,6364,464,4.0770087242126465,0.866369366645813,True,2,2
245.tiff,canine lymphosarcoma,0,6309,468,4.073363304138184,0.8655888438224792,True,2,2
245.tiff,canine lymphosarcoma,0,6282,478,4.064963340759277,0.8637905120849609,False,3,2
245.tiff,canine lymphosarcoma,0,6344,545,4.022881507873535,0.854780912399292,True,2,2
245.tiff,canine lymphosarcoma,0,6392,548,4.021172523498535,0.8544149398803711,False,3,2
245.tiff,canine lymphosarcoma,0,6368,797,3.8762598037719727,0.8233895897865295,True,2,2
245.tiff,canine lymphosarcoma,0,6258,804,3.8737196922302246,0.8228457570075989,True,2,2
245.tiff,canine lymphosarcoma,0,6272,993,3.781245470046997,0.8030472993850708,True,2,2
245.tiff,canine lymphosarcoma,0,6259,1011,3.776535987854004,0.8020390272140503,True,2,2
245.tiff,canine lymphosarcoma,0,6275,1167,3.7144243717193604,0.7887411117553711,False,3,2
245.tiff,canine lymphosarcoma,0,6398,1169,3.7137234210968018,0.7885910272598267,True,2,2
245.tiff,canine lymphosarcoma,0,6396,1230,3.694683074951172,0.7845145463943481,True,2,2
245.tiff,canine lymphosarcoma,0,6273,1275,3.6782515048980713,0.7809966206550598,True,2,2
245.tiff,canine lymphosarcoma,0,6375,1329,3.6615519523620605,0.7774212956428528,True,2,2
245.tiff,canine lymphosarcoma,0,6288,1442,3.629213571548462,0.770497739315033,True,2,2
245.tiff,canine lymphosarcoma,0,6289,1483,3.6176435947418213,0.7680206298828125,False,3,2
245.tiff,canine lymphosarcoma,0,6270,1569,3.5959489345550537,0.7633758783340454,True,2,2
245.tiff,canine lymphosarcoma,0,6358,1641,3.5777297019958496,0.7594751715660095,True,2,2
245.tiff,canine lymphosarcoma,0,6349,1686,3.5666329860687256,0.7570993900299072,True,2,2
245.tiff,canine lymphosarcoma,0,6355,1745,3.5518746376037598,0.753939688205719,True,2,2
245.tiff,canine lymphosarcoma,0,6324,1788,3.5417277812957764,0.7517672777175903,True,2,2
245.tiff,canine lymphosarcoma,0,6307,1793,3.5412938594818115,0.7516743540763855,True,2,2
245.tiff,canine lymphosarcoma,0,6325,1868,3.526270866394043,0.7484579682350159,True,2,2
245.tiff,canine lymphosarcoma,0,6353,2040,3.4871842861175537,0.7400896549224854,True,2,2
245.tiff,canine lymphosarcoma,0,6251,2413,3.410672903060913,0.7237088084220886,False,3,2
245.tiff,canine lymphosarcoma,0,6250,2610,3.370565176010132,0.715121865272522,True,2,2
245.tiff,canine lymphosarcoma,0,6246,2659,3.3632757663726807,0.7135612368583679,False,3,2
245.tiff,canine lymphosarcoma,0,6326,2791,3.340953826904297,0.7087821364402771,True,2,2
245.tiff,canine lymphosarcoma,0,6377,2810,3.336977243423462,0.7079308032989502,True,2,2
245.tiff,canine lymphosarcoma,0,6354,2819,3.335763931274414,0.7076709866523743,True,2,2
245.tiff,canine lymphosarcoma,0,6286,3035,3.3005292415618896,0.700127363204956,True,2,2
245.tiff,canine lymphosarcoma,0,6316,3135,3.2828867435455322,0.6963501572608948,True,2,2
245.tiff,canine lymphosarcoma,0,6287,3231,3.2653861045837402,0.692603349685669,True,2,2
245.tiff,canine lymphosarcoma,0,6379,3418,3.2380380630493164,0.686748206615448,True,2,2
245.tiff,canine lymphosarcoma,0,6399,3436,3.235584259033203,0.6862228512763977,False,3,2
245.tiff,canine lymphosarcoma,0,6297,3466,3.2321295738220215,0.6854832172393799,True,2,2
245.tiff,canine lymphosarcoma,0,6341,3596,3.214200735092163,0.6816446781158447,True,2,2
245.tiff,canine lymphosarcoma,0,6335,3886,3.175215244293213,0.6732980012893677,True,2,2
245.tiff,canine lymphosarcoma,0,6350,3961,3.1669845581054688,0.671535849571228,True,2,2
245.tiff,canine lymphosarcoma,0,6333,4281,3.1267905235290527,0.662930428981781,True,2,2
245.tiff,canine lymphosarcoma,0,6336,4298,3.12404203414917,0.6623419523239136,True,2,2
245.tiff,canine lymphosarcoma,0,6291,4318,3.120964288711548,0.6616830229759216,True,2,2
245.tiff,canine lymphosarcoma,0,6247,4491,3.097033739089966,0.6565595865249634,True,2,2
245.tiff,canine lymphosarcoma,0,6389,4858,3.0556421279907227,0.6476977467536926,True,2,2
245.tiff,canine lymphosarcoma,0,6310,4907,3.049823760986328,0.6464520692825317,True,2,2
245.tiff,canine lymphosarcoma,0,6311,5290,3.0089614391326904,0.637703537940979,False,3,2
245.tiff,canine lymphosarcoma,0,6380,5413,2.997121572494507,0.6351686716079712,True,2,2
245.tiff,canine lymphosarcoma,0,6384,5555,2.981783866882324,0.6318849325180054,True,2,2
245.tiff,canine lymphosarcoma,0,6253,6147,2.9267044067382812,0.6200925707817078,True,2,2
245.tiff,canine lymphosarcoma,0,6338,6194,2.9211363792419434,0.6189004778862,True,2,2
245.tiff,canine lymphosarcoma,0,6249,6217,2.9192757606506348,0.618502140045166,True,2,2
245.tiff,canine lymphosarcoma,0,6264,6434,2.9003045558929443,0.6144404411315918,True,2,2
245.tiff,canine lymphosarcoma,0,6243,6492,2.895984411239624,0.6135154962539673,True,2,2
245.tiff,canine lymphosarcoma,0,6382,6652,2.882915735244751,0.6107175350189209,True,2,2
245.tiff,canine lymphosarcoma,0,6306,6800,2.872279405593872,0.6084403395652771,True,2,2
245.tiff,canine lymphosarcoma,0,6244,7023,2.853529930114746,0.6044261455535889,True,2,2
245.tiff,canine lymphosarcoma,0,6263,7052,2.8514132499694824,0.6039729714393616,True,2,2
245.tiff,canine lymphosarcoma,0,6317,7352,2.828958034515381,0.5991653800010681,True,2,2
245.tiff,canine lymphosarcoma,0,6245,7483,2.817927837371826,0.5968038439750671,True,2,2
245.tiff,canine lymphosarcoma,0,6361,7650,2.805269956588745,0.5940937995910645,True,2,2
245.tiff,canine lymphosarcoma,0,6303,8210,2.764504909515381,0.5853661298751831,True,2,2
245.tiff,canine lymphosarcoma,0,6321,8766,2.7247474193573,0.5768541693687439,True,2,2
245.tiff,canine lymphosarcoma,0,6301,9314,2.6895828247070312,0.5693255066871643,True,2,2
245.tiff,canine lymphosarcoma,0,6299,9741,2.660092353820801,0.5630117058753967,True,2,2
245.tiff,canine lymphosarcoma,0,6359,9961,2.6460936069488525,0.5600146055221558,True,2,2
245.tiff,canine lymphosarcoma,0,6248,10182,2.6314547061920166,0.5568804740905762,True,2,2
245.tiff,canine lymphosarcoma,0,6252,11803,2.5283169746398926,0.5347989797592163,True,2,2
245.tiff,canine lymphosarcoma,0,6345,12554,2.484189033508301,0.525351345539093,True,2,2
245.tiff,canine lymphosarcoma,0,6371,13568,2.4271562099456787,0.5131407380104065,False,3,2
245.tiff,canine lymphosarcoma,0,6369,13645,2.424049139022827,0.5124755501747131,True,2,2
245.tiff,canine lymphosarcoma,0,6262,13729,2.4201064109802246,0.511631429195404,True,2,2
245.tiff,canine lymphosarcoma,0,6360,14988,2.3551902770996094,0.49773305654525757,True,2,2
245.tiff,canine lymphosarcoma,0,6256,15236,2.3421504497528076,0.4949412941932678,True,2,2
245.tiff,canine lymphosarcoma,0,6381,15310,2.3379218578338623,0.4940359890460968,True,2,2
245.tiff,canine lymphosarcoma,0,6302,15503,2.328632116317749,0.4920470714569092,True,2,2
245.tiff,canine lymphosarcoma,0,6268,16226,2.2945878505706787,0.48475831747055054,False,3,2
245.tiff,canine lymphosarcoma,1,6259,52,4.8056960105896,0.8118481636047363,True,2,2
245.tiff,canine lymphosarcoma,1,6275,65,4.735244274139404,0.7998960018157959,False,3,2
245.tiff,canine lymphosarcoma,1,6392,119,4.46116828918457,0.7533988952636719,False,3,2
245.tiff,canine lymphosarcoma,1,6368,129,4.434171676635742,0.7488189339637756,True,2,2
245.tiff,canine lymphosarcoma,1,6398,171,4.337002277374268,0.7323341369628906,True,2,2
245.tiff,canine lymphosarcoma,1,6334,211,4.274592399597168,0.7217462658882141,True,2,2
245.tiff,canine lymphosarcoma,1,6379,246,4.220584869384766,0.7125838398933411,True,2,2
245.tiff,canine lymphosarcoma,1,6348,259,4.209239482879639,0.7106590867042542,True,2,2
245.tiff,canine lymphosarcoma,1,6258,349,4.100180625915527,0.6921572089195251,True,2,2
245.tiff,canine lymphosarcoma,1,6355,354,4.095775604248047,0.6914099454879761,True,2,2
245.tiff,canine lymphosarcoma,1,6371,404,4.048586845397949,0.6834043264389038,False,3,2
245.tiff,canine lymphosarcoma,1,6399,419,4.026646137237549,0.6796820759773254,False,3,2
245.tiff,canine lymphosarcoma,1,6358,445,4.002940654754639,0.6756604313850403,True,2,2
245.tiff,canine lymphosarcoma,1,6292,486,3.9703164100646973,0.6701257228851318,True,2,2
245.tiff,canine lymphosarcoma,1,6254,487,3.969651460647583,0.670012891292572,True,2,2
245.tiff,canine lymphosarcoma,1,6272,644,3.8701376914978027,0.6531303524971008,True,2,2
245.tiff,canine lymphosarcoma,1,6274,656,3.8612260818481445,0.651618480682373,True,2,2
245.tiff,canine lymphosarcoma,1,6344,660,3.8604979515075684,0.6514949798583984,True,2,2
245.tiff,canine lymphosarcoma,1,6353,720,3.817251443862915,0.6441581845283508,True,2,2
245.tiff,canine lymphosarcoma,1,6307,750,3.799898862838745,0.6412143111228943,True,2,2
245.tiff,canine lymphosarcoma,1,6375,826,3.760805130004883,0.6345820426940918,True,2,2
245.tiff,canine lymphosarcoma,1,6324,838,3.754643678665161,0.6335367560386658,True,2,2
245.tiff,canine lymphosarcoma,1,6249,876,3.737750291824341,0.6306707859039307,True,2,2
245.tiff,canine lymphosarcoma,1,6273,881,3.736011505126953,0.6303758025169373,True,2,2
245.tiff,canine lymphosarcoma,1,6323,918,3.7222952842712402,0.628048837184906,True,2,2
245.tiff,canine lymphosarcoma,1,6335,994,3.695267915725708,0.6234636306762695,True,2,2
245.tiff,canine lymphosarcoma,1,6350,1090,3.654324531555176,0.6165175437927246,True,2,2
245.tiff,canine lymphosarcoma,1,6331,1146,3.6379804611206055,0.6137447953224182,False,3,2
245.tiff,canine lymphosarcoma,1,6396,1385,3.5599448680877686,0.6005060076713562,True,2,2
245.tiff,canine lymphosarcoma,1,6354,1397,3.5559256076812744,0.5998241305351257,True,2,2
245.tiff,canine lymphosarcoma,1,6287,1508,3.5282161235809326,0.5951232314109802,True,2,2
245.tiff,canine lymphosarcoma,1,6309,1628,3.4964089393615723,0.5897271037101746,True,2,2
245.tiff,canine lymphosarcoma,1,6338,2003,3.406731367111206,0.5745132565498352,True,2,2
245.tiff,canine lymphosarcoma,1,6345,2172,3.37408709526062,0.5689751505851746,True,2,2
245.tiff,canine lymphosarcoma,1,6284,2234,3.36136531829834,0.5668169260025024,False,3,2
245.tiff,canine lymphosarcoma,1,6318,2454,3.320706844329834,0.5599191784858704,True,2,2
245.tiff,canine lymphosarcoma,1,6294,2544,3.3071062564849854,0.5576118230819702,True,2,2
245.tiff,canine lymphosarcoma,1,6302,2566,3.3040308952331543,0.5570901036262512,True,2,2
245.tiff,canine lymphosarcoma,1,6322,2655,3.2877533435821533,0.5543286204338074,True,2,2
245.tiff,canine lymphosarcoma,1,6282,2712,3.2794084548950195,0.5529128909111023,False,3,2
245.tiff,canine lymphosarcoma,1,6303,2739,3.275329828262329,0.5522209405899048,True,2,2
245.tiff,canine lymphosarcoma,1,6326,2787,3.267782688140869,0.5509405732154846,True,2,2
245.tiff,canine lymphosarcoma,1,6250,2859,3.2559471130371094,0.548932671546936,True,2,2
245.tiff,canine lymphosarcoma,1,6311,2924,3.247427225112915,0.5474872589111328,False,3,2
245.tiff,canine lymphosarcoma,1,6261,3025,3.2334702014923096,0.5451194643974304,True,2,2
245.tiff,canine lymphosarcoma,1,6316,3175,3.2104408740997314,0.5412124991416931,True,2,2
245.tiff,canine lymphosarcoma,1,6286,3280,3.197273015975952,0.5389785766601562,True,2,2
245.tiff,canine lymphosarcoma,1,6252,3413,3.178050994873047,0.5357175469398499,True,2,2
245.tiff,canine lymphosarcoma,1,6380,3515,3.1632349491119385,0.5332040190696716,True,2,2
245.tiff,canine lymphosarcoma,1,6253,3580,3.1546921730041504,0.531754732131958,True,2,2
245.tiff,canine lymphosarcoma,1,6333,3587,3.154012441635132,0.5316393971443176,True,2,2
245.tiff,canine lymphosarcoma,1,6336,3607,3.1517746448516846,0.5312597751617432,True,2,2
245.tiff,canine lymphosarcoma,1,6310,3750,3.1344308853149414,0.528317391872406,True,2,2
245.tiff,canine lymphosarcoma,1,6349,3762,3.1328041553497314,0.528041422367096,True,2,2
245.tiff,canine lymphosarcoma,1,6291,3812,3.1263155937194824,0.526940643787384,True,2,2
245.tiff,canine lymphosarcoma,1,6257,3816,3.126063823699951,0.5268979072570801,True,2,2
245.tiff,canine lymphosarcoma,1,6288,3927,3.112476110458374,0.5245927572250366,True,2,2
245.tiff,canine lymphosarcoma,1,6377,4246,3.076693058013916,0.5185221433639526,True,2,2
245.tiff,canine lymphosarcoma,1,6369,4442,3.0551018714904785,0.5148591995239258,True,2,2
245.tiff,canine lymphosarcoma,1,6359,4488,3.049935817718506,0.5139827728271484,True,2,2
245.tiff,canine lymphosarcoma,1,6327,4550,3.0448808670043945,0.5131251811981201,True,2,2
245.tiff,canine lymphosarcoma,1,6325,5135,2.9875736236572266,0.5034030079841614,True,2,2
245.tiff,canine lymphosarcoma,1,6251,5210,2.9794580936431885,0.5020262002944946,False,3,2
245.tiff,canine lymphosarcoma,1,6248,5301,2.9698052406311035,0.5003885626792908,True,2,2
245.tiff,canine lymphosarcoma,1,6268,5371,2.963066577911377,0.49924537539482117,False,3,2
245.tiff,canine lymphosarcoma,1,6364,5661,2.935563564300537,0.4945794641971588,True,2,2
245.tiff,canine lymphosarcoma,1,6306,5787,2.9253551959991455,0.49284762144088745,True,2,2
245.tiff,canine lymphosarcoma,1,6262,6323,2.8766531944274902,0.48458531498908997,True,2,2
245.tiff,canine lymphosarcoma,1,6382,6933,2.8287506103515625,0.4764586091041565,True,2,2
245.tiff,canine lymphosarcoma,1,6361,7239,2.8069138526916504,0.47275397181510925,True,2,2
245.tiff,canine lymphosarcoma,1,6264,7391,2.795319080352783,0.4707869291305542,True,2,2
245.tiff,canine lymphosarcoma,1,6341,8044,2.7504875659942627,0.4631812572479248,True,2,2
245.tiff,canine lymphosarcoma,1,6301,8996,2.690253734588623,0.4529625475406647,True,2,2
245.tiff,canine lymphosarcoma,1,6321,9041,2.6870296001434326,0.4524155855178833,True,2,2
245.tiff,canine lymphosarcoma,1,6270,9171,2.678823709487915,0.4510234594345093,True,2,2
245.tiff,canine lymphosarcoma,1,6245,9916,2.6368463039398193,0.4439019560813904,True,2,2
245.tiff,canine lymphosarcoma,1,6246,10419,2.608522653579712,0.4390968382358551,False,3,2
245.tiff,canine lymphosarcoma,1,6244,11059,2.572380304336548,0.4329652786254883,True,2,2
245.tiff,canine lymphosarcoma,1,6297,11886,2.52789044380188,0.42541754245758057,True,2,2
245.tiff,canine lymphosarcoma,1,6299,12470,2.494513750076294,0.4197551906108856,True,2,2
245.tiff,canine lymphosarcoma,1,6289,12748,2.4819095134735107,0.4176168739795685,False,3,2
245.tiff,canine lymphosarcoma,1,6317,13860,2.4258365631103516,0.4081040620803833,True,2,2
245.tiff,canine lymphosarcoma,1,6389,14985,2.368976354598999,0.39845773577690125,True,2,2
245.tiff,canine lymphosarcoma,1,6247,15853,2.328059434890747,0.39151614904403687,True,2,2
245.tiff,canine lymphosarcoma,1,6263,17622,2.252493381500244,0.37869635224342346,True,2,2
245.tiff,canine lymphosarcoma,1,6360,20031,2.143937349319458,0.36027976870536804,True,2,2
245.tiff,canine lymphosarcoma,1,6256,22848,2.022916793823242,0.3397485911846161,True,2,2
245.tiff,canine lymphosarcoma,1,6381,26313,1.871232509613037,0.31401526927948,True,2,2
245.tiff,canine lymphosarcoma,1,6384,33073,1.527258276939392,0.25565990805625916,True,2,2
245.tiff,canine lymphosarcoma,2,6307,3,5.607193946838379,1.4041627645492554,True,2,2
245.tiff,canine lymphosarcoma,2,6350,9,5.180990695953369,1.2969013452529907,True,2,2
245.tiff,canine lymphosarcoma,2,6261,19,4.763326168060303,1.1917887926101685,True,2,2
245.tiff,canine lymphosarcoma,2,6334,31,4.61845588684082,1.155329704284668,True,2,2
245.tiff,canine lymphosarcoma,2,6275,33,4.602687358856201,1.1513612270355225,False,3,2
245.tiff,canine lymphosarcoma,2,6316,37,4.560741424560547,1.1408047676086426,True,2,2
245.tiff,canine lymphosarcoma,2,6369,42,4.491577625274658,1.1233985424041748,True,2,2
245.tiff,canine lymphosarcoma,2,6309,47,4.4483771324157715,1.1125264167785645,True,2,2
245.tiff,canine lymphosarcoma,2,6359,63,4.334723472595215,1.0839234590530396,True,2,2
245.tiff,canine lymphosarcoma,2,6377,83,4.265892505645752,1.0666009187698364,True,2,2
245.tiff,canine lymphosarcoma,2,6326,85,4.263567924499512,1.0660159587860107,True,2,2
245.tiff,canine lymphosarcoma,2,6381,90,4.237208366394043,1.0593820810317993,True,2,2
245.tiff,canine lymphosarcoma,2,6318,125,4.123597621917725,1.0307899713516235,True,2,2
245.tiff,canine lymphosarcoma,2,6306,187,4.013008117675781,1.0029581785202026,True,2,2
245.tiff,canine lymphosarcoma,2,6321,190,4.011144161224365,1.0024890899658203,True,2,2
245.tiff,canine lymphosarcoma,2,6396,194,4.000732898712158,0.9998689293861389,True,2,2
245.tiff,canine lymphosarcoma,2,6333,271,3.8826730251312256,0.9701570868492126,True,2,2
245.tiff,canine lymphosarcoma,2,6254,285,3.858427047729492,0.9640551805496216,True,2,2
245.tiff,canine lymphosarcoma,2,6286,297,3.8444271087646484,0.9605318307876587,True,2,2
245.tiff,canine lymphosarcoma,2,6324,320,3.819127321243286,0.9541646838188171,True,2,2
245.tiff,canine lymphosarcoma,2,6392,330,3.8138439655303955,0.9528350234031677,False,3,2
245.tiff,canine lymphosarcoma,2,6398,378,3.768152952194214,0.9413360953330994,True,2,2
245.tiff,canine lymphosarcoma,2,6273,395,3.751173973083496,0.9370630383491516,True,2,2
245.tiff,canine lymphosarcoma,2,6353,592,3.619743824005127,0.903986394405365,True,2,2
245.tiff,canine lymphosarcoma,2,6301,605,3.6086792945861816,0.9012017846107483,True,2,2
245.tiff,canine lymphosarcoma,2,6354,675,3.5746662616729736,0.8926418423652649,True,2,2
245.tiff,canine lymphosarcoma,2,6287,728,3.553469657897949,0.887307345867157,True,2,2
245.tiff,canine lymphosarcoma,2,6262,831,3.5025784969329834,0.8744996786117554,True,2,2
245.tiff,canine lymphosarcoma,2,6338,847,3.4950990676879883,0.8726173639297485,True,2,2
245.tiff,canine lymphosarcoma,2,6358,906,3.4677133560180664,0.8657252788543701,True,2,2
245.tiff,canine lymphosarcoma,2,6258,942,3.454705238342285,0.8624515533447266,True,2,2
245.tiff,canine lymphosarcoma,2,6303,970,3.4434988498687744,0.8596312403678894,True,2,2
245.tiff,canine lymphosarcoma,2,6375,987,3.437976598739624,0.8582414984703064,True,2,2
245.tiff,canine lymphosarcoma,2,6302,1051,3.4134979248046875,0.8520810008049011,True,2,2
245.tiff,canine lymphosarcoma,2,6368,1161,3.3763267993927,0.8427262306213379,True,2,2
245.tiff,canine lymphosarcoma,2,6291,1189,3.3673152923583984,0.840458333492279,True,2,2
245.tiff,canine lymphosarcoma,2,6288,1231,3.3530642986297607,0.8368718028068542,True,2,2
245.tiff,canine lymphosarcoma,2,6349,1241,3.348881721496582,0.8358191847801208,True,2,2
245.tiff,canine lymphosarcoma,2,6299,1498,3.282414674758911,0.8190916180610657,True,2,2
245.tiff,canine lymphosarcoma,2,6270,1710,3.2307698726654053,0.8060942888259888,True,2,2
245.tiff,canine lymphosarcoma,2,6282,1712,3.229637622833252,0.8058093190193176,False,3,2
245.tiff,canine lymphosarcoma,2,6384,1807,3.207726001739502,0.8002949357032776,True,2,2
245.tiff,canine lymphosarcoma,2,6272,1809,3.2072834968566895,0.8001835346221924,True,2,2
245.tiff,canine lymphosarcoma,2,6335,1905,3.1868538856506348,0.795042097568512,True,2,2
245.tiff,canine lymphosarcoma,2,6310,1946,3.179514169692993,0.7931948900222778,True,2,2
245.tiff,canine lymphosarcoma,2,6250,2097,3.1511411666870117,0.7860543727874756,True,2,2
245.tiff,canine lymphosarcoma,2,6327,2151,3.1408839225769043,0.7834729552268982,True,2,2
245.tiff,canine lymphosarcoma,2,6399,2201,3.1317615509033203,0.7811771035194397,False,3,2
245.tiff,canine lymphosarcoma,2,6348,2229,3.126976251602173,0.7799728512763977,True,2,2
245.tiff,canine lymphosarcoma,2,6264,2324,3.1073157787323,0.775024950504303,True,2,2
245.tiff,canine lymphosarcoma,2,6284,2508,3.077270746231079,0.7674635648727417,False,3,2
245.tiff,canine lymphosarcoma,2,6371,2969,3.006383180618286,0.7496234774589539,False,3,2
245.tiff,canine lymphosarcoma,2,6331,3370,2.9492228031158447,0.7352380752563477,False,3,2
245.tiff,canine lymphosarcoma,2,6364,3410,2.94388484954834,0.7338947057723999,True,2,2
245.tiff,canine lymphosarcoma,2,6263,3576,2.9202888011932373,0.7279563546180725,True,2,2
245.tiff,canine lymphosarcoma,2,6259,3714,2.9004528522491455,0.7229642868041992,True,2,2
245.tiff,canine lymphosarcoma,2,6289,3718,2.9001688957214355,0.7228928208351135,False,3,2
245.tiff,canine lymphosarcoma,2,6251,3960,2.86989688873291,0.7152743339538574,False,3,2
245.tiff,canine lymphosarcoma,2,6379,4128,2.8508050441741943,0.7104695439338684,True,2,2
245.tiff,canine lymphosarcoma,2,6345,4346,2.8281564712524414,0.7047696113586426,True,2,2
245.tiff,canine lymphosarcoma,2,6355,4501,2.812936305999756,0.7009391784667969,True,2,2
245.tiff,canine lymphosarcoma,2,6380,4624,2.8002328872680664,0.6977421641349792,True,2,2
245.tiff,canine lymphosarcoma,2,6317,4870,2.7770862579345703,0.6919169425964355,True,2,2
245.tiff,canine lymphosarcoma,2,6253,4984,2.7653183937072754,0.6889553070068359,True,2,2
245.tiff,canine lymphosarcoma,2,6274,5115,2.752734422683716,0.6857883334159851,True,2,2
245.tiff,canine lymphosarcoma,2,6292,5782,2.690073251724243,0.6700185537338257,True,2,2
245.tiff,canine lymphosarcoma,2,6360,5888,2.680767297744751,0.667676568031311,True,2,2
245.tiff,canine lymphosarcoma,2,6297,5933,2.6777615547180176,0.6669201254844666,True,2,2
245.tiff,canine lymphosarcoma,2,6247,7828,2.52946138381958,0.6295977830886841,True,2,2
245.tiff,canine lymphosarcoma,2,6246,9109,2.4390275478363037,0.606838583946228,False,3,2
245.tiff,canine lymphosarcoma,2,6344,9132,2.4372715950012207,0.6063966155052185,True,2,2
245.tiff,canine lymphosarcoma,2,6323,9403,2.421384334564209,0.6023983359336853,True,2,2
245.tiff,canine lymphosarcoma,2,6248,10131,2.3774683475494385,0.5913460850715637,True,2,2
245.tiff,canine lymphosarcoma,2,6243,10379,2.360913038253784,0.5871796607971191,True,2,2
245.tiff,canine lymphosarcoma,2,6389,10534,2.3513338565826416,0.5847688913345337,True,2,2
245.tiff,canine lymphosarcoma,2,6257,10554,2.3505969047546387,0.5845834612846375,True,2,2
245.tiff,canine lymphosarcoma,2,6325,10882,2.330129384994507,0.5794324278831482,True,2,2
245.tiff,canine lymphosarcoma,2,6382,11343,2.3023784160614014,0.5724484324455261,True,2,2
245.tiff,canine lymphosarcoma,2,6341,12386,2.2460272312164307,0.5582666397094727,True,2,2
245.tiff,canine lymphosarcoma,2,6294,12591,2.234851598739624,0.5554541349411011,True,2,2
245.tiff,canine lymphosarcoma,2,6268,13099,2.2090251445770264,0.548954427242279,False,3,2
245.tiff,canine lymphosarcoma,2,6311,14458,2.1336848735809326,0.5299937725067139,False,3,2
245.tiff,canine lymphosarcoma,2,6336,14758,2.118561267852783,0.5261876583099365,True,2,2
245.tiff,canine lymphosarcoma,2,6322,14857,2.113075017929077,0.5248069167137146,True,2,2
245.tiff,canine lymphosarcoma,2,6252,17916,1.9705862998962402,0.48894715309143066,True,2,2
245.tiff,canine lymphosarcoma,2,6361,20046,1.8671231269836426,0.46290886402130127,True,2,2
245.tiff,canine lymphosarcoma,2,6245,22978,1.719071388244629,0.4256490468978882,True,2,2
245.tiff,canine lymphosarcoma,2,6256,24699,1.63346529006958,0.4041047990322113,True,2,2
245.tiff,canine lymphosarcoma,2,6244,29638,1.3430378437042236,0.33101367950439453,True,2,2
245.tiff,canine lymphosarcoma,3,6350,8,5.28661584854126,0.7669121623039246,True,2,2
245.tiff,canine lymphosarcoma,3,6354,12,5.100796699523926,0.7399346828460693,True,2,2
245.tiff,canine lymphosarcoma,3,6321,15,4.9604105949401855,0.7195532321929932,True,2,2
245.tiff,canine lymphosarcoma,3,6399,20,4.868628025054932,0.7062280774116516,False,3,2
245.tiff,canine lymphosarcoma,3,6316,30,4.63468599319458,0.6722640991210938,True,2,2
245.tiff,canine lymphosarcoma,3,6274,32,4.610909461975098,0.6688121557235718,True,2,2
245.tiff,canine lymphosarcoma,3,6398,38,4.5949201583862305,0.6664908528327942,True,2,2
245.tiff,canine lymphosarcoma,3,6353,43,4.567194938659668,0.6624656319618225,True,2,2
245.tiff,canine lymphosarcoma,3,6334,44,4.5662736892700195,0.6623318791389465,True,2,2
245.tiff,canine lymphosarcoma,3,6309,52,4.458273410797119,0.6466522812843323,True,2,2
245.tiff,canine lymphosarcoma,3,6261,55,4.443847179412842,0.6445578336715698,True,2,2
245.tiff,canine lymphosarcoma,3,6318,59,4.417412757873535,0.6407200694084167,True,2,2
245.tiff,canine lymphosarcoma,3,6289,60,4.413702487945557,0.6401814222335815,False,3,2
245.tiff,canine lymphosarcoma,3,6254,71,4.349671840667725,0.6308853626251221,True,2,2
245.tiff,canine lymphosarcoma,3,6331,105,4.217105388641357,0.6116392016410828,False,3,2
245.tiff,canine lymphosarcoma,3,6396,147,4.102582931518555,0.5950126647949219,True,2,2
245.tiff,canine lymphosarcoma,3,6364,150,4.099606990814209,0.5945805907249451,True,2,2
245.tiff,canine lymphosarcoma,3,6302,156,4.089534282684326,0.5931182503700256,True,2,2
245.tiff,canine lymphosarcoma,3,6348,159,4.083882808685303,0.5922977328300476,True,2,2
245.tiff,canine lymphosarcoma,3,6375,180,4.039121150970459,0.5857992172241211,True,2,2
245.tiff,canine lymphosarcoma,3,6358,181,4.0386786460876465,0.5857349634170532,True,2,2
245.tiff,canine lymphosarcoma,3,6306,190,4.011915683746338,0.5818495154380798,True,2,2
245.tiff,canine lymphosarcoma,3,6324,258,3.9160311222076416,0.5679288506507874,True,2,2
245.tiff,canine lymphosarcoma,3,6270,270,3.8867366313934326,0.5636758208274841,True,2,2
245.tiff,canine lymphosarcoma,3,6392,306,3.8474161624908447,0.5579672455787659,False,3,2
245.tiff,canine lymphosarcoma,3,6377,321,3.8355467319488525,0.5562440156936646,True,2,2
245.tiff,canine lymphosarcoma,3,6338,359,3.7995643615722656,0.5510200262069702,True,2,2
245.tiff,canine lymphosarcoma,3,6345,370,3.7908477783203125,0.5497545599937439,True,2,2
245.tiff,canine lymphosarcoma,3,6249,393,3.767794370651245,0.5464076399803162,True,2,2
245.tiff,canine lymphosarcoma,3,6368,476,3.689812421798706,0.5350860953330994,True,2,2
245.tiff,canine lymphosarcoma,3,6272,593,3.6135339736938477,0.5240119099617004,True,2,2
245.tiff,canine lymphosarcoma,3,6294,596,3.6127822399139404,0.5239027738571167,True,2,2
245.tiff,canine lymphosarcoma,3,6253,598,3.610393762588501,0.5235559940338135,True,2,2
245.tiff,canine lymphosarcoma,3,6335,615,3.600425958633423,0.5221088528633118,True,2,2
245.tiff,canine lymphosarcoma,3,6291,661,3.5724523067474365,0.5180476307868958,True,2,2
245.tiff,canine lymphosarcoma,3,6258,752,3.525052309036255,0.5111660361289978,True,2,2
245.tiff,canine lymphosarcoma,3,6341,816,3.493856430053711,0.5066369771957397,True,2,2
245.tiff,canine lymphosarcoma,3,6369,946,3.438922882080078,0.498661607503891,True,2,2
245.tiff,canine lymphosarcoma,3,6349,1102,3.3875656127929688,0.49120548367500305,True,2,2
245.tiff,canine lymphosarcoma,3,6384,1173,3.3662781715393066,0.48811495304107666,True,2,2
245.tiff,canine lymphosarcoma,3,6323,1291,3.3325753211975098,0.4832219183444977,True,2,2
245.tiff,canine lymphosarcoma,3,6284,1304,3.328903913497925,0.48268890380859375,False,3,2
245.tiff,canine lymphosarcoma,3,6259,1506,3.2761852741241455,0.4750351309776306,True,2,2
245.tiff,canine lymphosarcoma,3,6325,1518,3.2732036113739014,0.47460225224494934,True,2,2
245.tiff,canine lymphosarcoma,3,6288,1664,3.238978624343872,0.46963343024253845,True,2,2
245.tiff,canine lymphosarcoma,3,6287,1725,3.224595546722412,0.4675453007221222,True,2,2
245.tiff,canine lymphosarcoma,3,6307,1781,3.2109122276306152,0.4655587077140808,True,2,2
245.tiff,canine lymphosarcoma,3,6322,1806,3.2060160636901855,0.4648478925228119,True,2,2
245.tiff,canine lymphosarcoma,3,6303,1831,3.2008135318756104,0.46409258246421814,True,2,2
245.tiff,canine lymphosarcoma,3,6299,1880,3.191621780395508,0.4627580940723419,True,2,2
245.tiff,canine lymphosarcoma,3,6326,1903,3.186992883682251,0.4620860815048218,True,2,2
245.tiff,canine lymphosarcoma,3,6381,2033,3.163609504699707,0.45869123935699463,True,2,2
245.tiff,canine lymphosarcoma,3,6262,2356,3.105969190597534,0.4503229558467865,True,2,2
245.tiff,canine lymphosarcoma,3,6380,2377,3.1026880741119385,0.4498465955257416,True,2,2
245.tiff,canine lymphosarcoma,3,6256,3131,2.9883205890655518,0.4332425594329834,True,2,2
245.tiff,canine lymphosarcoma,3,6250,3161,2.9847047328948975,0.43271762132644653,True,2,2
245.tiff,canine lymphosarcoma,3,6379,3681,2.920257329940796,0.42336106300354004,True,2,2
245.tiff,canine lymphosarcoma,3,6282,4050,2.8784894943237305,0.4172971546649933,False,3,2
245.tiff,canine lymphosarcoma,3,6311,4058,2.8778302669525146,0.4172014594078064,False,3,2
245.tiff,canine lymphosarcoma,3,6355,4473,2.835122585296631,0.4110010862350464,True,2,2
245.tiff,canine lymphosarcoma,3,6273,4478,2.8349761962890625,0.41097983717918396,True,2,2
245.tiff,canine lymphosarcoma,3,6389,4700,2.8113036155700684,0.40754303336143494,True,2,2
245.tiff,canine lymphosarcoma,3,6382,4877,2.7948896884918213,0.40516000986099243,True,2,2
245.tiff,canine lymphosarcoma,3,6275,4909,2.792590379714966,0.40482619404792786,False,3,2
245.tiff,canine lymphosarcoma,3,6333,5042,2.7800636291503906,0.4030075669288635,True,2,2
245.tiff,canine lymphosarcoma,3,6344,5393,2.7508111000061035,0.3987606465816498,True,2,2
245.tiff,canine lymphosarcoma,3,6286,5760,2.720487117767334,0.39435815811157227,True,2,2
245.tiff,canine lymphosarcoma,3,6327,5941,2.705341100692749,0.39215925335884094,True,2,2
245.tiff,canine lymphosarcoma,3,6245,6428,2.666550397872925,0.38652756810188293,True,2,2
245.tiff,canine lymphosarcoma,3,6246,6513,2.65967059135437,0.3855287432670593,False,3,2
245.tiff,canine lymphosarcoma,3,6243,6598,2.6523635387420654,0.3844678997993469,True,2,2
245.tiff,canine lymphosarcoma,3,6264,6754,2.640866279602051,0.3827987015247345,True,2,2
245.tiff,canine lymphosarcoma,3,6371,6770,2.640044689178467,0.38267943263053894,False,3,2
245.tiff,canine lymphosarcoma,3,6297,6821,2.635643720626831,0.38204047083854675,True,2,2
245.tiff,canine lymphosarcoma,3,6268,6887,2.6295907497406006,0.38116171956062317,False,3,2
245.tiff,canine lymphosarcoma,3,6263,7928,2.5574169158935547,0.3706834018230438,True,2,2
245.tiff,canine lymphosarcoma,3,6359,8956,2.492748737335205,0.36129480600357056,True,2,2
245.tiff,canine lymphosarcoma,3,6244,9520,2.461003541946411,0.356685996055603,True,2,2
245.tiff,canine lymphosarcoma,3,6317,10745,2.395981550216675,0.3472460210323334,True,2,2
245.tiff,canine lymphosarcoma,3,6252,10970,2.384004592895508,0.3455071747303009,True,2,2
245.tiff,canine lymphosarcoma,3,6336,11095,2.377270221710205,0.34452947974205017,True,2,2
245.tiff,canine lymphosarcoma,3,6251,12343,2.307100296020508,0.3343421220779419,False,3,2
245.tiff,canine lymphosarcoma,3,6247,13273,2.2609193325042725,0.3276374936103821,True,2,2
245.tiff,canine lymphosarcoma,3,6301,13738,2.2369492053985596,0.3241574764251709,True,2,2
245.tiff,canine lymphosarcoma,3,6248,14084,2.2209975719451904,0.32184162735939026,True,2,2
245.tiff,canine lymphosarcoma,3,6361,14855,2.183887004852295,0.31645384430885315,True,2,2
245.tiff,canine lymphosarcoma,3,6292,16153,2.1247310638427734,0.3078655004501343,True,2,2
245.tiff,canine lymphosarcoma,3,6310,16779,2.098250389099121,0.30402103066444397,True,2,2
245.tiff,canine lymphosarcoma,3,6360,20558,1.9315786361694336,0.2798233926296234,True,2,2
245.tiff,canine lymphosarcoma,4,6392,3,6.228565692901611,1.6110609769821167,False,3,2
245.tiff,canine lymphosarcoma,4,6377,5,5.673531532287598,1.466837763786316,True,2,2
245.tiff,canine lymphosarcoma,4,6291,8,5.2912092208862305,1.3674930334091187,True,2,2
245.tiff,canine lymphosarcoma,4,6350,9,5.072136402130127,1.3105679750442505,True,2,2
245.tiff,canine lymphosarcoma,4,6358,10,5.05878210067749,1.3070979118347168,True,2,2
245.tiff,canine lymphosarcoma,4,6303,11,5.051987171173096,1.3053323030471802,True,2,2
245.tiff,canine lymphosarcoma,4,6344,20,4.815003395080566,1.2437530755996704,True,2,2
245.tiff,canine lymphosarcoma,4,6289,21,4.809237003326416,1.2422547340393066,False,3,2
245.tiff,canine lymphosarcoma,4,6302,26,4.740838050842285,1.2244815826416016,True,2,2
245.tiff,canine lymphosarcoma,4,6396,27,4.740416049957275,1.2243719100952148,True,2,2
245.tiff,canine lymphosarcoma,4,6353,31,4.699145793914795,1.2136480808258057,True,2,2
245.tiff,canine lymphosarcoma,4,6316,41,4.604379653930664,1.189023494720459,True,2,2
245.tiff,canine lymphosarcoma,4,6398,50,4.551287651062012,1.1752277612686157,True,2,2
245.tiff,canine lymphosarcoma,4,6309,54,4.5342888832092285,1.1708106994628906,True,2,2
245.tiff,canine lymphosarcoma,4,6310,66,4.471798896789551,1.1545729637145996,True,2,2
245.tiff,canine lymphosarcoma,4,6380,76,4.412633419036865,1.1391990184783936,True,2,2
245.tiff,canine lymphosarcoma,4,6254,83,4.3828325271606445,1.131455421447754,True,2,2
245.tiff,canine lymphosarcoma,4,6306,91,4.345349311828613,1.1217155456542969,True,2,2
245.tiff,canine lymphosarcoma,4,6323,109,4.27362585067749,1.1030786037445068,True,2,2
245.tiff,canine lymphosarcoma,4,6371,141,4.157505035400391,1.0729050636291504,False,3,2
245.tiff,canine lymphosarcoma,4,6349,143,4.149830341339111,1.070910930633545,True,2,2
245.tiff,canine lymphosarcoma,4,6318,156,4.126804828643799,1.0649278163909912,True,2,2
245.tiff,canine lymphosarcoma,4,6261,178,4.089750289916992,1.0552994012832642,True,2,2
245.tiff,canine lymphosarcoma,4,6321,179,4.0893473625183105,1.055194616317749,True,2,2
245.tiff,canine lymphosarcoma,4,6307,191,4.06093692779541,1.0478123426437378,True,2,2
245.tiff,canine lymphosarcoma,4,6355,220,4.002584934234619,1.0326498746871948,True,2,2
245.tiff,canine lymphosarcoma,4,6375,259,3.941014528274536,1.0166510343551636,True,2,2
245.tiff,canine lymphosarcoma,4,6311,314,3.8783323764801025,1.0003633499145508,False,3,2
245.tiff,canine lymphosarcoma,4,6338,330,3.8600122928619385,0.9956029653549194,True,2,2
245.tiff,canine lymphosarcoma,4,6257,368,3.8206441402435303,0.9853733777999878,True,2,2
245.tiff,canine lymphosarcoma,4,6270,442,3.7637577056884766,0.97059166431427,True,2,2
245.tiff,canine lymphosarcoma,4,6348,449,3.758633852005005,0.9692602753639221,True,2,2
245.tiff,canine lymphosarcoma,4,6262,469,3.7455966472625732,0.9658726453781128,True,2,2
245.tiff,canine lymphosarcoma,4,6345,481,3.73995304107666,0.9644061326980591,True,2,2
245.tiff,canine lymphosarcoma,4,6381,588,3.6697044372558594,0.94615238904953,True,2,2
245.tiff,canine lymphosarcoma,4,6335,693,3.6133179664611816,0.9315006136894226,True,2,2
245.tiff,canine lymphosarcoma,4,6249,708,3.605273723602295,0.9294103384017944,True,2,2
245.tiff,canine lymphosarcoma,4,6359,772,3.5767743587493896,0.9220048785209656,True,2,2
245.tiff,canine lymphosarcoma,4,6275,938,3.5124521255493164,0.9052910804748535,False,3,2
245.tiff,canine lymphosarcoma,4,6284,1017,3.490540027618408,0.8995972871780396,False,3,2
245.tiff,canine lymphosarcoma,4,6286,1089,3.467625856399536,0.8936431407928467,True,2,2
245.tiff,canine lymphosarcoma,4,6274,1409,3.3733482360839844,0.8691455125808716,True,2,2
245.tiff,canine lymphosarcoma,4,6333,1547,3.3389205932617188,0.8601996898651123,True,2,2
245.tiff,canine lymphosarcoma,4,6288,1621,3.3210508823394775,0.855556309223175,True,2,2
245.tiff,canine lymphosarcoma,4,6287,1738,3.290132761001587,0.8475223779678345,True,2,2
245.tiff,canine lymphosarcoma,4,6399,1769,3.2834601402282715,0.8457885384559631,False,3,2
245.tiff,canine lymphosarcoma,4,6258,1959,3.2413523197174072,0.8348469734191895,True,2,2
245.tiff,canine lymphosarcoma,4,6384,1989,3.2364542484283447,0.8335742354393005,True,2,2
245.tiff,canine lymphosarcoma,4,6246,2059,3.2224574089050293,0.829937219619751,False,3,2
245.tiff,canine lymphosarcoma,4,6264,2170,3.203665018081665,0.8250541090965271,True,2,2
245.tiff,canine lymphosarcoma,4,6379,2181,3.201512575149536,0.8244947791099548,True,2,2
245.tiff,canine lymphosarcoma,4,6259,2221,3.1939101219177246,0.8225193619728088,True,2,2
245.tiff,canine lymphosarcoma,4,6282,2644,3.1240525245666504,0.804367184638977,False,3,2
245.tiff,canine lymphosarcoma,4,6252,2742,3.1097004413604736,0.8006378412246704,True,2,2
245.tiff,canine lymphosarcoma,4,6299,2975,3.0766429901123047,0.7920479774475098,True,2,2
245.tiff,canine lymphosarcoma,4,6369,3019,3.069768190383911,0.7902616262435913,True,2,2
245.tiff,canine lymphosarcoma,4,6382,3235,3.0397989749908447,0.7824742197990417,True,2,2
245.tiff,canine lymphosarcoma,4,6334,3488,3.0081069469451904,0.7742392420768738,True,2,2
245.tiff,canine lymphosarcoma,4,6297,3734,2.97882080078125,0.7666293382644653,True,2,2
245.tiff,canine lymphosarcoma,4,6324,4111,2.9383435249328613,0.7561115026473999,True,2,2
245.tiff,canine lymphosarcoma,4,6250,4250,2.9250354766845703,0.7526534795761108,True,2,2
245.tiff,canine lymphosarcoma,4,6292,5019,2.855928897857666,0.7346964478492737,True,2,2
245.tiff,canine lymphosarcoma,4,6273,5185,2.8404948711395264,0.7306859493255615,True,2,2
245.tiff,canine lymphosarcoma,4,6331,5296,2.8312127590179443,0.7282740473747253,False,3,2
245.tiff,canine lymphosarcoma,4,6336,5672,2.7976818084716797,0.7195611596107483,True,2,2
245.tiff,canine lymphosarcoma,4,6272,6361,2.741483688354492,0.7049583792686462,True,2,2
245.tiff,canine lymphosarcoma,4,6243,7888,2.6294665336608887,0.6758512258529663,True,2,2
245.tiff,canine lymphosarcoma,4,6294,8010,2.6218044757843018,0.6738602519035339,True,2,2
245.tiff,canine lymphosarcoma,4,6253,8120,2.613402843475342,0.6716771125793457,True,2,2
245.tiff,canine lymphosarcoma,4,6327,8536,2.587460994720459,0.6649362444877625,True,2,2
245.tiff,canine lymphosarcoma,4,6341,8943,2.561953067779541,0.6583081483840942,True,2,2
245.tiff,canine lymphosarcoma,4,6245,9109,2.551866054534912,0.6556870937347412,True,2,2
245.tiff,canine lymphosarcoma,4,6322,9201,2.5457255840301514,0.654091477394104,True,2,2
245.tiff,canine lymphosarcoma,4,6364,9836,2.5064713954925537,0.643891453742981,True,2,2
245.tiff,canine lymphosarcoma,4,6256,9905,2.5015673637390137,0.6426171660423279,True,2,2
245.tiff,canine lymphosarcoma,4,6368,9950,2.498612880706787,0.6418494582176208,True,2,2
245.tiff,canine lymphosarcoma,4,6247,10746,2.4549214839935303,0.6304964423179626,True,2,2
245.tiff,canine lymphosarcoma,4,6326,10750,2.454610586166382,0.630415678024292,True,2,2
245.tiff,canine lymphosarcoma,4,6301,11310,2.424349784851074,0.6225525140762329,True,2,2
245.tiff,canine lymphosarcoma,4,6268,11904,2.3934764862060547,0.6145302653312683,False,3,2
245.tiff,canine lymphosarcoma,4,6325,12622,2.3576061725616455,0.6052095293998718,True,2,2
245.tiff,canine lymphosarcoma,4,6248,13902,2.292271852493286,0.588232696056366,True,2,2
245.tiff,canine lymphosarcoma,4,6360,15047,2.236443042755127,0.5737258195877075,True,2,2
245.tiff,canine lymphosarcoma,4,6263,18628,2.0731935501098633,0.5313061475753784,True,2,2
245.tiff,canine lymphosarcoma,4,6361,18681,2.0710091590881348,0.5307385325431824,True,2,2
245.tiff,canine lymphosarcoma,4,6251,19030,2.054816961288452,0.5265311002731323,False,3,2
245.tiff,canine lymphosarcoma,4,6317,20292,1.9992923736572266,0.512103259563446,True,2,2
245.tiff,canine lymphosarcoma,4,6244,20830,1.9748408794403076,0.5057496428489685,True,2,2
245.tiff,canine lymphosarcoma,4,6389,29455,1.5528154373168945,0.39608824253082275,True,2,2
246.tiff,canine lymphosarcoma,0,6407,1,11.697921752929688,1.9977912902832031,True,2,2
246.tiff,canine lymphosarcoma,0,6604,2,11.139420509338379,1.902117133140564,True,2,2
246.tiff,canine lymphosarcoma,0,6498,3,10.903289794921875,1.8616666793823242,True,2,2
246.tiff,canine lymphosarcoma,0,6456,4,10.60998249053955,1.8114213943481445,True,2,2
246.tiff,canine lymphosarcoma,0,6455,5,10.287693977355957,1.7562116384506226,True,2,2
246.tiff,canine lymphosarcoma,0,6597,6,10.094522476196289,1.7231203317642212,False,3,2
246.tiff,canine lymphosarcoma,0,6559,7,9.876184463500977,1.6857177019119263,True,2,2
246.tiff,canine lymphosarcoma,0,6513,8,9.783182144165039,1.669785976409912,True,2,2
246.tiff,canine lymphosarcoma,0,6512,9,9.763108253479004,1.6663471460342407,True,2,2
246.tiff,canine lymphosarcoma,0,6561,10,9.720157623291016,1.6589895486831665,True,2,2
246.tiff,canine lymphosarcoma,0,6618,11,9.59347152709961,1.6372874975204468,True,2,2
246.tiff,canine lymphosarcoma,0,6581,12,9.577031135559082,1.6344711780548096,True,2,2
246.tiff,canine lymphosarcoma,0,6515,13,9.551674842834473,1.6301274299621582,True,2,2
246.tiff,canine lymphosarcoma,0,6409,14,9.461966514587402,1.614759922027588,True,2,2
246.tiff,canine lymphosarcoma,0,6526,15,9.452164649963379,1.6130808591842651,True,2,2
246.tiff,canine lymphosarcoma,0,6617,18,9.035717010498047,1.5417410135269165,True,2,2
246.tiff,canine lymphosarcoma,0,6473,19,8.799735069274902,1.501315951347351,True,2,2
246.tiff,canine lymphosarcoma,0,6435,20,8.790595054626465,1.4997502565383911,True,2,2
246.tiff,canine lymphosarcoma,0,6544,22,8.700955390930176,1.4843945503234863,True,2,2
246.tiff,canine lymphosarcoma,0,6582,23,8.677199363708496,1.4803249835968018,True,2,2
246.tiff,canine lymphosarcoma,0,6425,25,8.629542350769043,1.472161054611206,False,3,2
246.tiff,canine lymphosarcoma,0,6426,26,8.627397537231445,1.4717936515808105,True,2,2
246.tiff,canine lymphosarcoma,0,6516,28,8.451333045959473,1.4416327476501465,True,2,2
246.tiff,canine lymphosarcoma,0,6434,30,8.404085159301758,1.4335390329360962,True,2,2
246.tiff,canine lymphosarcoma,0,6481,31,8.396159172058105,1.4321812391281128,True,2,2
246.tiff,canine lymphosarcoma,0,6500,35,8.283487319946289,1.4128798246383667,True,2,2
246.tiff,canine lymphosarcoma,0,6519,37,8.18155574798584,1.395418405532837,True,2,2
246.tiff,canine lymphosarcoma,0,6587,38,8.140157699584961,1.3883267641067505,True,2,2
246.tiff,canine lymphosarcoma,0,6528,39,8.108819007873535,1.382958173751831,True,2,2
246.tiff,canine lymphosarcoma,0,6438,44,7.870268821716309,1.3420932292938232,True,2,2
246.tiff,canine lymphosarcoma,0,6589,46,7.842206954956055,1.337286114692688,True,2,2
246.tiff,canine lymphosarcoma,0,6609,49,7.764034271240234,1.323894739151001,True,2,2
246.tiff,canine lymphosarcoma,0,6464,54,7.59279203414917,1.2945599555969238,True,2,2
246.tiff,canine lymphosarcoma,0,6612,56,7.573703289031982,1.2912899255752563,True,2,2
246.tiff,canine lymphosarcoma,0,6492,57,7.571761131286621,1.2909572124481201,True,2,2
246.tiff,canine lymphosarcoma,0,6495,61,7.4587860107421875,1.2716039419174194,True,2,2
246.tiff,canine lymphosarcoma,0,6600,67,7.356902599334717,1.2541507482528687,True,2,2
246.tiff,canine lymphosarcoma,0,6588,70,7.293941974639893,1.2433652877807617,True,2,2
246.tiff,canine lymphosarcoma,0,6530,79,7.115060806274414,1.2127219438552856,True,2,2
246.tiff,canine lymphosarcoma,0,6408,85,7.026309013366699,1.197518229484558,True,2,2
246.tiff,canine lymphosarcoma,0,6446,86,7.021554946899414,1.1967039108276367,True,2,2
246.tiff,canine lymphosarcoma,0,6433,88,6.985477447509766,1.190523624420166,True,2,2
246.tiff,canine lymphosarcoma,0,6552,89,6.966156482696533,1.1872137784957886,True,2,2
246.tiff,canine lymphosarcoma,0,6439,95,6.936197757720947,1.182081699371338,True,2,2
246.tiff,canine lymphosarcoma,0,6475,96,6.933886528015137,1.1816858053207397,True,2,2
246.tiff,canine lymphosarcoma,0,6518,97,6.913538932800293,1.178200125694275,True,2,2
246.tiff,canine lymphosarcoma,0,6494,98,6.909501552581787,1.1775084733963013,True,2,2
246.tiff,canine lymphosarcoma,0,6590,99,6.903710842132568,1.1765165328979492,True,2,2
246.tiff,canine lymphosarcoma,0,6565,100,6.898143768310547,1.175562858581543,True,2,2
246.tiff,canine lymphosarcoma,0,6521,101,6.8937554359436035,1.1748111248016357,True,2,2
246.tiff,canine lymphosarcoma,0,6549,107,6.855123519897461,1.1681932210922241,True,2,2
246.tiff,canine lymphosarcoma,0,6567,108,6.847020626068115,1.1668051481246948,False,3,2
246.tiff,canine lymphosarcoma,0,6514,113,6.80849552154541,1.160205602645874,True,2,2
246.tiff,canine lymphosarcoma,0,6504,122,6.7081074714660645,1.1430085897445679,True,2,2
246.tiff,canine lymphosarcoma,0,6611,127,6.645949363708496,1.132360577583313,True,2,2
246.tiff,canine lymphosarcoma,0,6598,129,6.612097263336182,1.1265615224838257,True,2,2
246.tiff,canine lymphosarcoma,0,6524,130,6.601953506469727,1.124823808670044,False,3,2
246.tiff,canine lymphosarcoma,0,6486,134,6.559462070465088,1.1175447702407837,True,2,2
246.tiff,canine lymphosarcoma,0,6505,136,6.54193115234375,1.1145416498184204,True,2,2
246.tiff,canine lymphosarcoma,0,6543,138,6.519179344177246,1.1106441020965576,True,2,2
246.tiff,canine lymphosarcoma,0,6620,142,6.503104209899902,1.1078903675079346,True,2,2
246.tiff,canine lymphosarcoma,0,6520,156,6.434361457824707,1.0961143970489502,True,2,2
246.tiff,canine lymphosarcoma,0,6463,160,6.420610427856445,1.0937587022781372,True,2,2
246.tiff,canine lymphosarcoma,0,6447,161,6.412913799285889,1.0924402475357056,False,3,2
246.tiff,canine lymphosarcoma,0,6606,162,6.411979675292969,1.0922802686691284,True,2,2
246.tiff,canine lymphosarcoma,0,6639,164,6.4069671630859375,1.0914216041564941,False,3,2
246.tiff,canine lymphosarcoma,0,6479,167,6.3604583740234375,1.0834543704986572,False,3,2
246.tiff,canine lymphosarcoma,0,6427,170,6.342580318450928,1.080391764640808,True,2,2
246.tiff,canine lymphosarcoma,0,6571,180,6.279645919799805,1.0696107149124146,True,2,2
246.tiff,canine lymphosarcoma,0,6615,212,6.090462684631348,1.0372025966644287,True,2,2
246.tiff,canine lymphosarcoma,0,6536,233,5.961706161499023,1.0151458978652954,False,3,2
246.tiff,canine lymphosarcoma,0,6437,237,5.937087059020996,1.0109285116195679,True,2,2
246.tiff,canine lymphosarcoma,0,6585,241,5.906301975250244,1.0056548118591309,True,2,2
246.tiff,canine lymphosarcoma,0,6602,297,5.646546363830566,0.9611572027206421,True,2,2
246.tiff,canine lymphosarcoma,0,6424,343,5.478923320770264,0.9324424266815186,True,2,2
246.tiff,canine lymphosarcoma,0,6573,355,5.439260959625244,0.925648033618927,True,2,2
246.tiff,canine lymphosarcoma,0,6484,364,5.418169021606445,0.9220348596572876,True,2,2
246.tiff,canine lymphosarcoma,0,6576,368,5.402606964111328,0.9193690419197083,True,2,2
246.tiff,canine lymphosarcoma,0,6457,420,5.265580177307129,0.8958956003189087,True,2,2
246.tiff,canine lymphosarcoma,0,6461,472,5.080695629119873,0.864223837852478,True,2,2
246.tiff,canine lymphosarcoma,0,6599,488,5.051965236663818,0.8593021631240845,True,2,2
246.tiff,canine lymphosarcoma,0,6574,495,5.043912410736084,0.8579226732254028,True,2,2
246.tiff,canine lymphosarcoma,0,6482,539,4.955876350402832,0.8428415656089783,True,2,2
246.tiff,canine lymphosarcoma,0,6517,543,4.943389415740967,0.8407025337219238,True,2,2
246.tiff,canine lymphosarcoma,0,6634,576,4.887394428253174,0.8311102390289307,False,3,2
246.tiff,canine lymphosarcoma,0,6499,583,4.872970104217529,0.8286392688751221,True,2,2
246.tiff,canine lymphosarcoma,0,6432,587,4.865721702575684,0.8273976445198059,False,3,2
246.tiff,canine lymphosarcoma,0,6419,596,4.8594584465026855,0.8263247013092041,True,2,2
246.tiff,canine lymphosarcoma,0,6527,616,4.833242416381836,0.8218337297439575,True,2,2
246.tiff,canine lymphosarcoma,0,6545,619,4.828341484069824,0.8209941983222961,True,2,2
246.tiff,canine lymphosarcoma,0,6550,661,4.770274639129639,0.8110470175743103,True,2,2
246.tiff,canine lymphosarcoma,0,6472,688,4.700345993041992,0.7990677952766418,True,2,2
246.tiff,canine lymphosarcoma,0,6502,696,4.68408727645874,0.7962826490402222,True,2,2
246.tiff,canine lymphosarcoma,0,6554,741,4.585616588592529,0.7794140577316284,True,2,2
246.tiff,canine lymphosarcoma,0,6489,761,4.554685592651367,0.7741153836250305,True,2,2
246.tiff,canine lymphosarcoma,0,6586,799,4.512024879455566,0.7668073773384094,True,2,2
246.tiff,canine lymphosarcoma,0,6603,820,4.494294166564941,0.7637699842453003,False,3,2
246.tiff,canine lymphosarcoma,0,6563,841,4.464760780334473,0.7587108016014099,True,2,2
246.tiff,canine lymphosarcoma,0,6509,1060,4.224239826202393,0.7175081968307495,True,2,2
246.tiff,canine lymphosarcoma,0,6411,1148,4.1481122970581055,0.7044671177864075,True,2,2
246.tiff,canine lymphosarcoma,0,6632,1270,4.036384582519531,0.6853275299072266,False,3,2
246.tiff,canine lymphosarcoma,0,6403,1380,3.9620304107666016,0.6725902557373047,True,2,2
246.tiff,canine lymphosarcoma,0,6404,1412,3.9333441257476807,0.6676761507987976,True,2,2
246.tiff,canine lymphosarcoma,0,6406,1477,3.890547752380371,0.6603448987007141,True,2,2
246.tiff,canine lymphosarcoma,0,6555,1522,3.8559465408325195,0.6544175148010254,False,3,2
246.tiff,canine lymphosarcoma,0,6510,1559,3.838244676589966,0.6513850688934326,True,2,2
246.tiff,canine lymphosarcoma,0,6454,1638,3.7929141521453857,0.64361971616745,True,2,2
246.tiff,canine lymphosarcoma,0,6546,1678,3.7703053951263428,0.6397467255592346,True,2,2
246.tiff,canine lymphosarcoma,0,6622,1764,3.7271945476531982,0.6323615908622742,False,3,2
246.tiff,canine lymphosarcoma,0,6443,1912,3.6600804328918457,0.6208645701408386,True,2,2
246.tiff,canine lymphosarcoma,0,6529,2531,3.4264652729034424,0.5808449983596802,False,3,2
246.tiff,canine lymphosarcoma,0,6417,3910,3.076920986175537,0.520966112613678,True,2,2
246.tiff,canine lymphosarcoma,0,6485,4368,2.99454402923584,0.5068544745445251,True,2,2
246.tiff,canine lymphosarcoma,0,6626,4539,2.964128255844116,0.5016440749168396,False,3,2
246.tiff,canine lymphosarcoma,0,6405,6268,2.7220458984375,0.4601740837097168,True,2,2
246.tiff,canine lymphosarcoma,1,6620,1,10.294917106628418,1.8540865182876587,True,2,2
246.tiff,canine lymphosarcoma,1,6618,2,9.95767593383789,1.7931944131851196,True,2,2
246.tiff,canine lymphosarcoma,1,6571,3,9.511680603027344,1.7126660346984863,True,2,2
246.tiff,canine lymphosarcoma,1,6606,5,9.446430206298828,1.700884461402893,True,2,2
246.tiff,canine lymphosarcoma,1,6611,6,9.379802703857422,1.6888542175292969,True,2,2
246.tiff,canine lymphosarcoma,1,6597,7,9.178400993347168,1.6524893045425415,False,3,2
246.tiff,canine lymphosarcoma,1,6573,8,9.13139533996582,1.6440019607543945,True,2,2
246.tiff,canine lymphosarcoma,1,6484,10,9.058406829833984,1.6308232545852661,True,2,2
246.tiff,canine lymphosarcoma,1,6514,11,8.95683479309082,1.6124835014343262,True,2,2
246.tiff,canine lymphosarcoma,1,6475,12,8.942022323608398,1.6098090410232544,True,2,2
246.tiff,canine lymphosarcoma,1,6609,14,8.60495662689209,1.5489486455917358,True,2,2
246.tiff,canine lymphosarcoma,1,6530,15,8.552754402160645,1.5395230054855347,True,2,2
246.tiff,canine lymphosarcoma,1,6481,16,8.348740577697754,1.502686619758606,True,2,2
246.tiff,canine lymphosarcoma,1,6590,18,8.188013076782227,1.473665714263916,True,2,2
246.tiff,canine lymphosarcoma,1,6425,20,8.05591869354248,1.4498149156570435,False,3,2
246.tiff,canine lymphosarcoma,1,6437,22,8.031314849853516,1.4453723430633545,True,2,2
246.tiff,canine lymphosarcoma,1,6598,23,8.026429176330566,1.4444903135299683,True,2,2
246.tiff,canine lymphosarcoma,1,6615,24,7.95911169052124,1.4323354959487915,True,2,2
246.tiff,canine lymphosarcoma,1,6502,25,7.929055690765381,1.4269086122512817,True,2,2
246.tiff,canine lymphosarcoma,1,6521,30,7.653997421264648,1.3772443532943726,True,2,2
246.tiff,canine lymphosarcoma,1,6527,32,7.589781761169434,1.3656495809555054,True,2,2
246.tiff,canine lymphosarcoma,1,6500,33,7.575564861297607,1.3630826473236084,True,2,2
246.tiff,canine lymphosarcoma,1,6552,35,7.508762359619141,1.3510208129882812,True,2,2
246.tiff,canine lymphosarcoma,1,6555,36,7.488448619842529,1.3473529815673828,False,3,2
246.tiff,canine lymphosarcoma,1,6604,37,7.481233596801758,1.3460502624511719,True,2,2
246.tiff,canine lymphosarcoma,1,6617,38,7.477008819580078,1.3452874422073364,True,2,2
246.tiff,canine lymphosarcoma,1,6512,39,7.467451095581055,1.3435616493225098,True,2,2
246.tiff,canine lymphosarcoma,1,6612,41,7.426726341247559,1.336208462715149,True,2,2
246.tiff,canine lymphosarcoma,1,6407,47,7.243540287017822,1.3031325340270996,True,2,2
246.tiff,canine lymphosarcoma,1,6432,48,7.24055814743042,1.3025940656661987,False,3,2
246.tiff,canine lymphosarcoma,1,6509,50,7.182726860046387,1.2921521663665771,True,2,2
246.tiff,canine lymphosarcoma,1,6582,51,7.1814751625061035,1.2919261455535889,True,2,2
246.tiff,canine lymphosarcoma,1,6435,55,7.0703959465026855,1.2718697786331177,True,2,2
246.tiff,canine lymphosarcoma,1,6516,61,6.905180931091309,1.2420387268066406,True,2,2
246.tiff,canine lymphosarcoma,1,6528,65,6.88077449798584,1.237631916999817,True,2,2
246.tiff,canine lymphosarcoma,1,6439,69,6.832174777984619,1.2288568019866943,True,2,2
246.tiff,canine lymphosarcoma,1,6446,71,6.785989761352539,1.220517635345459,True,2,2
246.tiff,canine lymphosarcoma,1,6554,72,6.778947830200195,1.2192461490631104,True,2,2
246.tiff,canine lymphosarcoma,1,6585,73,6.770718574523926,1.2177603244781494,True,2,2
246.tiff,canine lymphosarcoma,1,6622,80,6.61293888092041,1.1892716884613037,False,3,2
246.tiff,canine lymphosarcoma,1,6529,82,6.606149196624756,1.1880457401275635,False,3,2
246.tiff,canine lymphosarcoma,1,6443,84,6.5604634284973145,1.179796814918518,True,2,2
246.tiff,canine lymphosarcoma,1,6603,85,6.545148849487305,1.1770316362380981,False,3,2
246.tiff,canine lymphosarcoma,1,6545,88,6.510211944580078,1.1707234382629395,True,2,2
246.tiff,canine lymphosarcoma,1,6404,89,6.501254558563232,1.169106125831604,True,2,2
246.tiff,canine lymphosarcoma,1,6403,93,6.456824779510498,1.1610839366912842,True,2,2
246.tiff,canine lymphosarcoma,1,6587,96,6.452450275421143,1.1602940559387207,True,2,2
246.tiff,canine lymphosarcoma,1,6576,97,6.438996315002441,1.1578648090362549,True,2,2
246.tiff,canine lymphosarcoma,1,6563,102,6.401848316192627,1.1511573791503906,True,2,2
246.tiff,canine lymphosarcoma,1,6519,103,6.393326282501221,1.1496186256408691,True,2,2
246.tiff,canine lymphosarcoma,1,6426,107,6.341808319091797,1.1403166055679321,True,2,2
246.tiff,canine lymphosarcoma,1,6510,112,6.306365489959717,1.1339170932769775,True,2,2
246.tiff,canine lymphosarcoma,1,6492,113,6.2940521240234375,1.1316938400268555,True,2,2
246.tiff,canine lymphosarcoma,1,6581,115,6.288214683532715,1.1306397914886475,True,2,2
246.tiff,canine lymphosarcoma,1,6626,132,6.213920593261719,1.1172252893447876,False,3,2
246.tiff,canine lymphosarcoma,1,6456,145,6.109875202178955,1.0984389781951904,True,2,2
246.tiff,canine lymphosarcoma,1,6561,151,6.065030097961426,1.0903418064117432,True,2,2
246.tiff,canine lymphosarcoma,1,6504,158,6.035828590393066,1.085069179534912,True,2,2
246.tiff,canine lymphosarcoma,1,6559,159,6.029759883880615,1.0839734077453613,True,2,2
246.tiff,canine lymphosarcoma,1,6499,165,5.999290943145752,1.0784720182418823,True,2,2
246.tiff,canine lymphosarcoma,1,6639,166,5.9843430519104,1.075773000717163,False,3,2
246.tiff,canine lymphosarcoma,1,6520,170,5.960257530212402,1.071424126625061,True,2,2
246.tiff,canine lymphosarcoma,1,6447,179,5.913304328918457,1.0629463195800781,False,3,2
246.tiff,canine lymphosarcoma,1,6408,182,5.902568340301514,1.0610078573226929,True,2,2
246.tiff,canine lymphosarcoma,1,6463,183,5.899575710296631,1.0604674816131592,True,2,2
246.tiff,canine lymphosarcoma,1,6457,195,5.792412281036377,1.0411181449890137,True,2,2
246.tiff,canine lymphosarcoma,1,6482,209,5.7419867515563965,1.0320134162902832,True,2,2
246.tiff,canine lymphosarcoma,1,6498,232,5.615118503570557,1.009106159210205,True,2,2
246.tiff,canine lymphosarcoma,1,6424,239,5.566254615783691,1.0002833604812622,True,2,2
246.tiff,canine lymphosarcoma,1,6550,244,5.536365985870361,0.9948867559432983,True,2,2
246.tiff,canine lymphosarcoma,1,6433,253,5.506024360656738,0.9894083142280579,True,2,2
246.tiff,canine lymphosarcoma,1,6518,265,5.440974235534668,0.9776628613471985,True,2,2
246.tiff,canine lymphosarcoma,1,6427,278,5.38948392868042,0.9683658480644226,True,2,2
246.tiff,canine lymphosarcoma,1,6549,283,5.379735946655273,0.9666057229042053,True,2,2
246.tiff,canine lymphosarcoma,1,6513,305,5.322535514831543,0.9562777280807495,True,2,2
246.tiff,canine lymphosarcoma,1,6600,311,5.307348728179932,0.9535356163978577,True,2,2
246.tiff,canine lymphosarcoma,1,6495,316,5.284900188446045,0.949482262134552,True,2,2
246.tiff,canine lymphosarcoma,1,6515,362,5.152981281280518,0.9256631135940552,True,2,2
246.tiff,canine lymphosarcoma,1,6589,365,5.139190673828125,0.9231731295585632,True,2,2
246.tiff,canine lymphosarcoma,1,6464,372,5.119584083557129,0.9196329712867737,True,2,2
246.tiff,canine lymphosarcoma,1,6505,404,5.050824165344238,0.9072177410125732,True,2,2
246.tiff,canine lymphosarcoma,1,6526,423,4.989800930023193,0.8961994051933289,True,2,2
246.tiff,canine lymphosarcoma,1,6409,432,4.971487045288086,0.8928927183151245,True,2,2
246.tiff,canine lymphosarcoma,1,6494,448,4.933201313018799,0.8859798312187195,True,2,2
246.tiff,canine lymphosarcoma,1,6438,456,4.909966468811035,0.8817846179008484,True,2,2
246.tiff,canine lymphosarcoma,1,6567,463,4.895962238311768,0.879256010055542,False,3,2
246.tiff,canine lymphosarcoma,1,6485,477,4.864009380340576,0.8734865784645081,True,2,2
246.tiff,canine lymphosarcoma,1,6486,528,4.779062271118164,0.8581486344337463,True,2,2
246.tiff,canine lymphosarcoma,1,6543,544,4.757593631744385,0.8542723059654236,True,2,2
246.tiff,canine lymphosarcoma,1,6574,568,4.718874454498291,0.8472812175750732,True,2,2
246.tiff,canine lymphosarcoma,1,6548,605,4.662243843078613,0.8370559811592102,True,2,2
246.tiff,canine lymphosarcoma,1,6544,652,4.581690311431885,0.8225113153457642,True,2,2
246.tiff,canine lymphosarcoma,1,6411,655,4.576876640319824,0.8216421604156494,True,2,2
246.tiff,canine lymphosarcoma,1,6489,732,4.459560871124268,0.8004597425460815,True,2,2
246.tiff,canine lymphosarcoma,1,6455,775,4.408710479736328,0.7912782430648804,True,2,2
246.tiff,canine lymphosarcoma,1,6405,837,4.324789047241211,0.776125431060791,True,2,2
246.tiff,canine lymphosarcoma,1,6473,889,4.2710700035095215,0.7664260268211365,True,2,2
246.tiff,canine lymphosarcoma,1,6588,1207,4.008005619049072,0.7189273238182068,True,2,2
246.tiff,canine lymphosarcoma,1,6454,1297,3.935279607772827,0.7057960033416748,True,2,2
246.tiff,canine lymphosarcoma,1,6536,1307,3.9271063804626465,0.7043202519416809,False,3,2
246.tiff,canine lymphosarcoma,1,6634,1322,3.9181630611419678,0.702705442905426,False,3,2
246.tiff,canine lymphosarcoma,1,6479,1404,3.868413209915161,0.693722665309906,False,3,2
246.tiff,canine lymphosarcoma,1,6632,1572,3.76912522315979,0.675795316696167,False,3,2
246.tiff,canine lymphosarcoma,1,6434,2073,3.5594935417175293,0.6379444003105164,True,2,2
246.tiff,canine lymphosarcoma,1,6517,2107,3.545616388320923,0.6354387402534485,True,2,2
246.tiff,canine lymphosarcoma,1,6602,2573,3.3894448280334473,0.6072405576705933,True,2,2
246.tiff,canine lymphosarcoma,1,6546,2609,3.38037371635437,0.6056026816368103,True,2,2
246.tiff,canine lymphosarcoma,1,6419,2618,3.3760688304901123,0.6048253774642944,True,2,2
246.tiff,canine lymphosarcoma,1,6461,3029,3.2655038833618164,0.5848618745803833,True,2,2
246.tiff,canine lymphosarcoma,1,6406,3985,3.077746868133545,0.5509606599807739,True,2,2
246.tiff,canine lymphosarcoma,1,6524,5545,2.836642026901245,0.5074269771575928,False,3,2
246.tiff,canine lymphosarcoma,1,6472,6163,2.758236885070801,0.4932701885700226,True,2,2
246.tiff,canine lymphosarcoma,1,6565,6705,2.692882776260376,0.48146992921829224,True,2,2
246.tiff,canine lymphosarcoma,1,6586,8745,2.490387439727783,0.444907546043396,True,2,2
246.tiff,canine lymphosarcoma,1,6417,16972,1.8915382623672485,0.3367798626422882,True,2,2
246.tiff,canine lymphosarcoma,2,6620,1,10.52992057800293,1.9359930753707886,True,2,2
246.tiff,canine lymphosarcoma,2,6609,2,9.830143928527832,1.8070930242538452,True,2,2
246.tiff,canine lymphosarcoma,2,6425,3,9.311328887939453,1.7115263938903809,False,3,2
246.tiff,canine lymphosarcoma,2,6475,4,9.181905746459961,1.6876864433288574,True,2,2
246.tiff,canine lymphosarcoma,2,6590,5,8.999523162841797,1.654091238975525,True,2,2
246.tiff,canine lymphosarcoma,2,6521,6,8.744841575622559,1.6071784496307373,True,2,2
246.tiff,canine lymphosarcoma,2,6530,7,8.61073112487793,1.5824750661849976,True,2,2
246.tiff,canine lymphosarcoma,2,6611,8,8.557291984558105,1.5726313591003418,True,2,2
246.tiff,canine lymphosarcoma,2,6618,9,8.528368949890137,1.5673037767410278,True,2,2
246.tiff,canine lymphosarcoma,2,6606,10,8.514551162719727,1.5647584199905396,True,2,2
246.tiff,canine lymphosarcoma,2,6437,11,8.466362953186035,1.555882215499878,True,2,2
246.tiff,canine lymphosarcoma,2,6514,12,8.402907371520996,1.5441935062408447,True,2,2
246.tiff,canine lymphosarcoma,2,6599,13,8.35111141204834,1.534652590751648,True,2,2
246.tiff,canine lymphosarcoma,2,6481,14,8.318107604980469,1.5285731554031372,True,2,2
246.tiff,canine lymphosarcoma,2,6612,15,8.281496047973633,1.52182936668396,True,2,2
246.tiff,canine lymphosarcoma,2,6597,17,8.166552543640137,1.5006564855575562,False,3,2
246.tiff,canine lymphosarcoma,2,6502,18,8.093541145324707,1.4872076511383057,True,2,2
246.tiff,canine lymphosarcoma,2,6617,19,8.06445026397705,1.4818490743637085,True,2,2
246.tiff,canine lymphosarcoma,2,6407,20,7.9639387130737305,1.4633346796035767,True,2,2
246.tiff,canine lymphosarcoma,2,6512,21,7.929852485656738,1.457055926322937,True,2,2
246.tiff,canine lymphosarcoma,2,6598,22,7.886902332305908,1.4491444826126099,True,2,2
246.tiff,canine lymphosarcoma,2,6615,23,7.807034969329834,1.4344327449798584,True,2,2
246.tiff,canine lymphosarcoma,2,6587,24,7.796180725097656,1.4324333667755127,True,2,2
246.tiff,canine lymphosarcoma,2,6585,28,7.686506748199463,1.412231206893921,True,2,2
246.tiff,canine lymphosarcoma,2,6439,29,7.557560920715332,1.388479232788086,True,2,2
246.tiff,canine lymphosarcoma,2,6545,30,7.548182964324951,1.3867517709732056,True,2,2
246.tiff,canine lymphosarcoma,2,6554,31,7.546934127807617,1.3865216970443726,True,2,2
246.tiff,canine lymphosarcoma,2,6571,32,7.438048839569092,1.3664648532867432,True,2,2
246.tiff,canine lymphosarcoma,2,6604,33,7.411065578460693,1.361494541168213,True,2,2
246.tiff,canine lymphosarcoma,2,6432,35,7.332951545715332,1.3471057415008545,False,3,2
246.tiff,canine lymphosarcoma,2,6510,40,7.117463111877441,1.3074123859405518,True,2,2
246.tiff,canine lymphosarcoma,2,6435,41,7.055257797241211,1.2959541082382202,True,2,2
246.tiff,canine lymphosarcoma,2,6500,43,7.006594181060791,1.2869901657104492,True,2,2
246.tiff,canine lymphosarcoma,2,6555,47,6.862673282623291,1.2604796886444092,False,3,2
246.tiff,canine lymphosarcoma,2,6486,48,6.862032890319824,1.260361671447754,True,2,2
246.tiff,canine lymphosarcoma,2,6520,50,6.840950965881348,1.2564784288406372,True,2,2
246.tiff,canine lymphosarcoma,2,6527,54,6.69196891784668,1.2290356159210205,True,2,2
246.tiff,canine lymphosarcoma,2,6576,55,6.689915180206299,1.2286573648452759,True,2,2
246.tiff,canine lymphosarcoma,2,6504,63,6.483455657958984,1.190627098083496,True,2,2
246.tiff,canine lymphosarcoma,2,6563,66,6.458006858825684,1.1859394311904907,True,2,2
246.tiff,canine lymphosarcoma,2,6519,68,6.444880485534668,1.1835215091705322,True,2,2
246.tiff,canine lymphosarcoma,2,6509,71,6.415898323059082,1.1781829595565796,True,2,2
246.tiff,canine lymphosarcoma,2,6581,72,6.355718612670898,1.1670976877212524,True,2,2
246.tiff,canine lymphosarcoma,2,6573,76,6.3269758224487305,1.1618032455444336,True,2,2
246.tiff,canine lymphosarcoma,2,6622,78,6.2889580726623535,1.154800295829773,False,3,2
246.tiff,canine lymphosarcoma,2,6492,82,6.248396873474121,1.1473288536071777,True,2,2
246.tiff,canine lymphosarcoma,2,6559,84,6.240423202514648,1.1458600759506226,True,2,2
246.tiff,canine lymphosarcoma,2,6528,89,6.194026947021484,1.1373138427734375,True,2,2
246.tiff,canine lymphosarcoma,2,6482,96,6.1608500480651855,1.1312025785446167,True,2,2
246.tiff,canine lymphosarcoma,2,6499,103,6.093830108642578,1.1188573837280273,True,2,2
246.tiff,canine lymphosarcoma,2,6463,106,6.061508655548096,1.1129037141799927,True,2,2
246.tiff,canine lymphosarcoma,2,6456,109,6.044641971588135,1.1097968816757202,True,2,2
246.tiff,canine lymphosarcoma,2,6443,110,6.031993865966797,1.1074670553207397,True,2,2
246.tiff,canine lymphosarcoma,2,6457,111,6.028147220611572,1.10675847530365,True,2,2
246.tiff,canine lymphosarcoma,2,6515,112,6.018117427825928,1.104910969734192,True,2,2
246.tiff,canine lymphosarcoma,2,6639,115,5.998890399932861,1.1013693809509277,False,3,2
246.tiff,canine lymphosarcoma,2,6589,119,5.964715480804443,1.0950742959976196,True,2,2
246.tiff,canine lymphosarcoma,2,6447,123,5.935050010681152,1.0896098613739014,False,3,2
246.tiff,canine lymphosarcoma,2,6600,129,5.887835502624512,1.0809128284454346,True,2,2
246.tiff,canine lymphosarcoma,2,6498,130,5.886002540588379,1.0805752277374268,True,2,2
246.tiff,canine lymphosarcoma,2,6426,137,5.831765651702881,1.0705846548080444,True,2,2
246.tiff,canine lymphosarcoma,2,6518,144,5.741211891174316,1.0539045333862305,True,2,2
246.tiff,canine lymphosarcoma,2,6544,151,5.715771198272705,1.0492182970046997,True,2,2
246.tiff,canine lymphosarcoma,2,6446,154,5.689645290374756,1.0444058179855347,True,2,2
246.tiff,canine lymphosarcoma,2,6561,160,5.6721930503845215,1.0411911010742188,True,2,2
246.tiff,canine lymphosarcoma,2,6505,162,5.666069507598877,1.0400631427764893,True,2,2
246.tiff,canine lymphosarcoma,2,6552,163,5.661228656768799,1.0391714572906494,True,2,2
246.tiff,canine lymphosarcoma,2,6529,164,5.647628307342529,1.0366662740707397,False,3,2
246.tiff,canine lymphosarcoma,2,6433,165,5.644482612609863,1.0360867977142334,True,2,2
246.tiff,canine lymphosarcoma,2,6567,184,5.5689697265625,1.0221772193908691,False,3,2
246.tiff,canine lymphosarcoma,2,6427,188,5.537041187286377,1.0162959098815918,True,2,2
246.tiff,canine lymphosarcoma,2,6403,222,5.396944522857666,0.9904898405075073,True,2,2
246.tiff,canine lymphosarcoma,2,6582,233,5.367888450622559,0.9851377010345459,True,2,2
246.tiff,canine lymphosarcoma,2,6485,244,5.327898979187012,0.9777715802192688,True,2,2
246.tiff,canine lymphosarcoma,2,6495,246,5.318171501159668,0.975979745388031,True,2,2
246.tiff,canine lymphosarcoma,2,6513,260,5.252608776092529,0.9639029502868652,True,2,2
246.tiff,canine lymphosarcoma,2,6603,289,5.103830337524414,0.9364977478981018,False,3,2
246.tiff,canine lymphosarcoma,2,6424,302,5.074547290802002,0.9311037063598633,True,2,2
246.tiff,canine lymphosarcoma,2,6494,310,5.051722049713135,0.926899254322052,True,2,2
246.tiff,canine lymphosarcoma,2,6549,343,4.931079864501953,0.9046767354011536,True,2,2
246.tiff,canine lymphosarcoma,2,6548,352,4.914821624755859,0.9016819596290588,True,2,2
246.tiff,canine lymphosarcoma,2,6409,372,4.880068778991699,0.8952804207801819,True,2,2
246.tiff,canine lymphosarcoma,2,6464,388,4.818980693817139,0.884027898311615,True,2,2
246.tiff,canine lymphosarcoma,2,6404,409,4.76722526550293,0.8744944334030151,True,2,2
246.tiff,canine lymphosarcoma,2,6489,428,4.707879066467285,0.8635627627372742,True,2,2
246.tiff,canine lymphosarcoma,2,6526,460,4.6110005378723145,0.8457175493240356,True,2,2
246.tiff,canine lymphosarcoma,2,6626,466,4.595844745635986,0.8429259061813354,False,3,2
246.tiff,canine lymphosarcoma,2,6543,481,4.575523853302002,0.8391827344894409,True,2,2
246.tiff,canine lymphosarcoma,2,6574,486,4.556741237640381,0.8357229232788086,True,2,2
246.tiff,canine lymphosarcoma,2,6550,529,4.460335731506348,0.8179648518562317,True,2,2
246.tiff,canine lymphosarcoma,2,6473,545,4.436679840087891,0.813607394695282,True,2,2
246.tiff,canine lymphosarcoma,2,6455,549,4.428149700164795,0.8120360970497131,True,2,2
246.tiff,canine lymphosarcoma,2,6438,550,4.426056861877441,0.8116506338119507,True,2,2
246.tiff,canine lymphosarcoma,2,6434,615,4.339346885681152,0.7956784963607788,True,2,2
246.tiff,canine lymphosarcoma,2,6536,734,4.184210300445557,0.767102062702179,False,3,2
246.tiff,canine lymphosarcoma,2,6419,754,4.165867805480957,0.7637233138084412,True,2,2
246.tiff,canine lymphosarcoma,2,6408,822,4.08857536315918,0.7494859099388123,True,2,2
246.tiff,canine lymphosarcoma,2,6479,916,4.013944149017334,0.7357387542724609,False,3,2
246.tiff,canine lymphosarcoma,2,6405,959,3.977525234222412,0.7290303111076355,True,2,2
246.tiff,canine lymphosarcoma,2,6516,1053,3.898860454559326,0.7145401239395142,True,2,2
246.tiff,canine lymphosarcoma,2,6461,1202,3.79594087600708,0.6955821514129639,True,2,2
246.tiff,canine lymphosarcoma,2,6632,1366,3.6922245025634766,0.6764774322509766,False,3,2
246.tiff,canine lymphosarcoma,2,6454,1595,3.575680732727051,0.6550098657608032,True,2,2
246.tiff,canine lymphosarcoma,2,6588,1632,3.5544533729553223,0.6510997414588928,True,2,2
246.tiff,canine lymphosarcoma,2,6546,1731,3.512972593307495,0.643458902835846,True,2,2
246.tiff,canine lymphosarcoma,2,6517,1896,3.4465720653533936,0.6312277913093567,True,2,2
246.tiff,canine lymphosarcoma,2,6602,2017,3.3962483406066895,0.6219580769538879,True,2,2
246.tiff,canine lymphosarcoma,2,6524,2047,3.38905668258667,0.6206333637237549,False,3,2
246.tiff,canine lymphosarcoma,2,6417,2058,3.3870179653167725,0.6202578544616699,True,2,2
246.tiff,canine lymphosarcoma,2,6411,2350,3.2828309535980225,0.6010664105415344,True,2,2
246.tiff,canine lymphosarcoma,2,6586,3014,3.113607168197632,0.5698950886726379,True,2,2
246.tiff,canine lymphosarcoma,2,6565,6992,2.513164520263672,0.4592925012111664,True,2,2
246.tiff,canine lymphosarcoma,2,6634,7210,2.490752696990967,0.45516419410705566,False,3,2
246.tiff,canine lymphosarcoma,2,6406,7292,2.483858108520508,0.4538941979408264,True,2,2
246.tiff,canine lymphosarcoma,2,6472,8502,2.3642191886901855,0.4318564832210541,True,2,2
246.tiff,canine lymphosarcoma,3,6604,1,10.643795013427734,1.9419147968292236,True,2,2
246.tiff,canine lymphosarcoma,3,6475,2,10.53000545501709,1.9210400581359863,True,2,2
246.tiff,canine lymphosarcoma,3,6435,3,10.499008178710938,1.915353536605835,True,2,2
246.tiff,canine lymphosarcoma,3,6597,4,10.352717399597168,1.8885165452957153,False,3,2
246.tiff,canine lymphosarcoma,3,6425,5,10.296549797058105,1.878212571144104,False,3,2
246.tiff,canine lymphosarcoma,3,6612,6,10.040331840515137,1.8312091827392578,True,2,2
246.tiff,canine lymphosarcoma,3,6407,7,9.999013900756836,1.823629379272461,True,2,2
246.tiff,canine lymphosarcoma,3,6481,8,9.804268836975098,1.7879033088684082,True,2,2
246.tiff,canine lymphosarcoma,3,6618,9,9.717081069946289,1.7719087600708008,True,2,2
246.tiff,canine lymphosarcoma,3,6530,10,9.690074920654297,1.7669544219970703,True,2,2
246.tiff,canine lymphosarcoma,3,6620,12,9.551480293273926,1.7415292263031006,True,2,2
246.tiff,canine lymphosarcoma,3,6617,13,9.403539657592773,1.7143895626068115,True,2,2
246.tiff,canine lymphosarcoma,3,6581,14,9.376872062683105,1.709497332572937,True,2,2
246.tiff,canine lymphosarcoma,3,6512,15,9.314495086669922,1.698054313659668,True,2,2
246.tiff,canine lymphosarcoma,3,6585,16,9.181757926940918,1.6737035512924194,True,2,2
246.tiff,canine lymphosarcoma,3,6519,17,9.024754524230957,1.6449012756347656,True,2,2
246.tiff,canine lymphosarcoma,3,6500,18,8.983466148376465,1.6373268365859985,True,2,2
246.tiff,canine lymphosarcoma,3,6463,19,8.936330795288086,1.628679871559143,True,2,2
246.tiff,canine lymphosarcoma,3,6590,20,8.883705139160156,1.619025707244873,True,2,2
246.tiff,canine lymphosarcoma,3,6504,21,8.854134559631348,1.6136008501052856,True,2,2
246.tiff,canine lymphosarcoma,3,6521,22,8.847393989562988,1.6123642921447754,True,2,2
246.tiff,canine lymphosarcoma,3,6559,23,8.833586692810059,1.60983145236969,True,2,2
246.tiff,canine lymphosarcoma,3,6544,24,8.673691749572754,1.5804985761642456,True,2,2
246.tiff,canine lymphosarcoma,3,6513,26,8.612571716308594,1.5692861080169678,True,2,2
246.tiff,canine lymphosarcoma,3,6561,27,8.568904876708984,1.5612754821777344,True,2,2
246.tiff,canine lymphosarcoma,3,6447,28,8.558382987976074,1.5593452453613281,False,3,2
246.tiff,canine lymphosarcoma,3,6609,29,8.487996101379395,1.5464327335357666,True,2,2
246.tiff,canine lymphosarcoma,3,6514,30,8.448816299438477,1.5392451286315918,True,2,2
246.tiff,canine lymphosarcoma,3,6574,31,8.367671012878418,1.524359107017517,True,2,2
246.tiff,canine lymphosarcoma,3,6446,32,8.190051078796387,1.491774559020996,True,2,2
246.tiff,canine lymphosarcoma,3,6439,35,8.057799339294434,1.4675129652023315,True,2,2
246.tiff,canine lymphosarcoma,3,6432,36,7.963805675506592,1.4502698183059692,False,3,2
246.tiff,canine lymphosarcoma,3,6515,37,7.913402080535889,1.4410232305526733,True,2,2
246.tiff,canine lymphosarcoma,3,6492,39,7.883460521697998,1.435530424118042,True,2,2
246.tiff,canine lymphosarcoma,3,6571,41,7.813407897949219,1.4226793050765991,True,2,2
246.tiff,canine lymphosarcoma,3,6437,42,7.805307865142822,1.4211933612823486,True,2,2
246.tiff,canine lymphosarcoma,3,6600,52,7.513800621032715,1.3677161931991577,True,2,2
246.tiff,canine lymphosarcoma,3,6587,55,7.461043834686279,1.3580379486083984,True,2,2
246.tiff,canine lymphosarcoma,3,6502,56,7.433123588562012,1.3529160022735596,True,2,2
246.tiff,canine lymphosarcoma,3,6498,58,7.405256271362305,1.3478037118911743,True,2,2
246.tiff,canine lymphosarcoma,3,6424,59,7.391724586486816,1.3453212976455688,True,2,2
246.tiff,canine lymphosarcoma,3,6464,60,7.312172889709473,1.3307275772094727,True,2,2
246.tiff,canine lymphosarcoma,3,6427,61,7.309070110321045,1.3301583528518677,True,2,2
246.tiff,canine lymphosarcoma,3,6426,63,7.286684513092041,1.3260517120361328,True,2,2
246.tiff,canine lymphosarcoma,3,6457,64,7.271468639373779,1.3232603073120117,True,2,2
246.tiff,canine lymphosarcoma,3,6456,70,7.165258884429932,1.3037761449813843,True,2,2
246.tiff,canine lymphosarcoma,3,6484,72,7.097619533538818,1.2913676500320435,True,2,2
246.tiff,canine lymphosarcoma,3,6482,74,7.05445671081543,1.283449411392212,True,2,2
246.tiff,canine lymphosarcoma,3,6526,78,6.960129261016846,1.2661449909210205,True,2,2
246.tiff,canine lymphosarcoma,3,6582,86,6.834433555603027,1.2430860996246338,True,2,2
246.tiff,canine lymphosarcoma,3,6606,87,6.829104423522949,1.2421084642410278,True,2,2
246.tiff,canine lymphosarcoma,3,6598,99,6.69060754776001,1.2167011499404907,True,2,2
246.tiff,canine lymphosarcoma,3,6548,104,6.575709819793701,1.1956231594085693,True,2,2
246.tiff,canine lymphosarcoma,3,6552,105,6.537069320678711,1.1885344982147217,True,2,2
246.tiff,canine lymphosarcoma,3,6527,112,6.466141700744629,1.175522804260254,True,2,2
246.tiff,canine lymphosarcoma,3,6611,120,6.390452861785889,1.1616376638412476,True,2,2
246.tiff,canine lymphosarcoma,3,6549,121,6.3903279304504395,1.1616147756576538,True,2,2
246.tiff,canine lymphosarcoma,3,6639,125,6.365262031555176,1.157016396522522,False,3,2
246.tiff,canine lymphosarcoma,3,6528,128,6.328078269958496,1.1501950025558472,True,2,2
246.tiff,canine lymphosarcoma,3,6494,132,6.296003818511963,1.1443109512329102,True,2,2
246.tiff,canine lymphosarcoma,3,6545,137,6.246271133422852,1.1351875066757202,True,2,2
246.tiff,canine lymphosarcoma,3,6409,144,6.1457743644714355,1.1167513132095337,True,2,2
246.tiff,canine lymphosarcoma,3,6576,148,6.133454322814941,1.1144912242889404,True,2,2
246.tiff,canine lymphosarcoma,3,6589,150,6.104795932769775,1.1092338562011719,True,2,2
246.tiff,canine lymphosarcoma,3,6505,156,6.077952861785889,1.1043094396591187,True,2,2
246.tiff,canine lymphosarcoma,3,6499,186,5.888576984405518,1.069568395614624,True,2,2
246.tiff,canine lymphosarcoma,3,6555,191,5.837520122528076,1.0602020025253296,False,3,2
246.tiff,canine lymphosarcoma,3,6599,201,5.802384376525879,1.0537563562393188,True,2,2
246.tiff,canine lymphosarcoma,3,6434,206,5.735218048095703,1.041434645652771,True,2,2
246.tiff,canine lymphosarcoma,3,6516,212,5.715694427490234,1.0378530025482178,True,2,2
246.tiff,canine lymphosarcoma,3,6455,221,5.68187141418457,1.0316481590270996,True,2,2
246.tiff,canine lymphosarcoma,3,6573,301,5.3797993659973145,0.9762329459190369,True,2,2
246.tiff,canine lymphosarcoma,3,6615,310,5.350009918212891,0.9707680344581604,True,2,2
246.tiff,canine lymphosarcoma,3,6554,353,5.20164680480957,0.9435507655143738,True,2,2
246.tiff,canine lymphosarcoma,3,6479,367,5.156992435455322,0.9353589415550232,False,3,2
246.tiff,canine lymphosarcoma,3,6563,372,5.1493754386901855,0.9339615702629089,True,2,2
246.tiff,canine lymphosarcoma,3,6588,396,5.100931167602539,0.9250744581222534,True,2,2
246.tiff,canine lymphosarcoma,3,6495,424,5.032558441162109,0.9125314950942993,True,2,2
246.tiff,canine lymphosarcoma,3,6408,437,5.006482124328613,0.907747745513916,True,2,2
246.tiff,canine lymphosarcoma,3,6510,448,4.987443923950195,0.904255211353302,True,2,2
246.tiff,canine lymphosarcoma,3,6603,458,4.968862533569336,0.9008464217185974,False,3,2
246.tiff,canine lymphosarcoma,3,6567,478,4.932865142822266,0.8942427039146423,False,3,2
246.tiff,canine lymphosarcoma,3,6404,479,4.932751178741455,0.894221842288971,True,2,2
246.tiff,canine lymphosarcoma,3,6438,507,4.881627082824707,0.884843111038208,True,2,2
246.tiff,canine lymphosarcoma,3,6473,510,4.877499580383301,0.8840858936309814,True,2,2
246.tiff,canine lymphosarcoma,3,6454,523,4.854884147644043,0.8799370527267456,True,2,2
246.tiff,canine lymphosarcoma,3,6536,549,4.8151068687438965,0.8726398944854736,False,3,2
246.tiff,canine lymphosarcoma,3,6518,552,4.8080854415893555,0.8713518381118774,True,2,2
246.tiff,canine lymphosarcoma,3,6543,736,4.529924392700195,0.82032310962677,True,2,2
246.tiff,canine lymphosarcoma,3,6550,745,4.519847393035889,0.8184744715690613,True,2,2
246.tiff,canine lymphosarcoma,3,6489,803,4.4539055824279785,0.8063774108886719,True,2,2
246.tiff,canine lymphosarcoma,3,6509,905,4.357481479644775,0.7886883616447449,True,2,2
246.tiff,canine lymphosarcoma,3,6529,1023,4.261625289916992,0.77110356092453,False,3,2
246.tiff,canine lymphosarcoma,3,6461,1064,4.230372905731201,0.76537024974823,True,2,2
246.tiff,canine lymphosarcoma,3,6546,1107,4.1961798667907715,0.7590975761413574,True,2,2
246.tiff,canine lymphosarcoma,3,6486,1149,4.171363830566406,0.7545450329780579,True,2,2
246.tiff,canine lymphosarcoma,3,6433,1214,4.129909038543701,0.7469401359558105,True,2,2
246.tiff,canine lymphosarcoma,3,6485,1460,3.9964301586151123,0.7224534153938293,True,2,2
246.tiff,canine lymphosarcoma,3,6622,1682,3.8998312950134277,0.7047322988510132,False,3,2
246.tiff,canine lymphosarcoma,3,6403,1858,3.82066011428833,0.6902083158493042,True,2,2
246.tiff,canine lymphosarcoma,3,6419,1872,3.8120453357696533,0.6886279582977295,True,2,2
246.tiff,canine lymphosarcoma,3,6626,2036,3.740434408187866,0.6754909157752991,False,3,2
246.tiff,canine lymphosarcoma,3,6417,2119,3.709927797317505,0.6698944568634033,True,2,2
246.tiff,canine lymphosarcoma,3,6443,2136,3.704284191131592,0.6688591241836548,True,2,2
246.tiff,canine lymphosarcoma,3,6524,2137,3.703533887863159,0.6687214970588684,False,3,2
246.tiff,canine lymphosarcoma,3,6411,2805,3.4919865131378174,0.6299130320549011,True,2,2
246.tiff,canine lymphosarcoma,3,6602,2929,3.4605069160461426,0.6241381168365479,True,2,2
246.tiff,canine lymphosarcoma,3,6565,3167,3.399547576904297,0.6129550933837891,True,2,2
246.tiff,canine lymphosarcoma,3,6517,3257,3.378342628479004,0.609065055847168,True,2,2
246.tiff,canine lymphosarcoma,3,6634,3605,3.30586314201355,0.5957686305046082,False,3,2
246.tiff,canine lymphosarcoma,3,6586,3919,3.24438738822937,0.5844908952713013,True,2,2
246.tiff,canine lymphosarcoma,3,6405,4902,3.0683135986328125,0.5521901249885559,True,2,2
246.tiff,canine lymphosarcoma,3,6406,6281,2.872769355773926,0.5163174271583557,True,2,2
246.tiff,canine lymphosarcoma,3,6632,6952,2.7912285327911377,0.5013587474822998,False,3,2
246.tiff,canine lymphosarcoma,3,6472,7065,2.7782137393951416,0.4989711344242096,True,2,2
246.tiff,canine lymphosarcoma,4,6407,1,16.691965103149414,3.0216615200042725,True,2,2
246.tiff,canine lymphosarcoma,4,6617,2,14.420910835266113,2.6100056171417236,True,2,2
246.tiff,canine lymphosarcoma,4,6609,3,13.669753074645996,2.473849296569824,True,2,2
246.tiff,canine lymphosarcoma,4,6585,4,13.04113483428955,2.3599047660827637,True,2,2
246.tiff,canine lymphosarcoma,4,6590,5,12.882567405700684,2.331162452697754,True,2,2
246.tiff,canine lymphosarcoma,4,6620,6,12.611430168151855,2.282015562057495,True,2,2
246.tiff,canine lymphosarcoma,4,6409,7,11.800617218017578,2.1350460052490234,True,2,2
246.tiff,canine lymphosarcoma,4,6606,8,11.545699119567871,2.088839054107666,True,2,2
246.tiff,canine lymphosarcoma,4,6425,9,11.359477043151855,2.055083990097046,False,3,2
246.tiff,canine lymphosarcoma,4,6581,10,10.59113883972168,1.9158135652542114,True,2,2
246.tiff,canine lymphosarcoma,4,6526,11,10.54501724243164,1.9074534177780151,True,2,2
246.tiff,canine lymphosarcoma,4,6514,12,10.319680213928223,1.8666083812713623,True,2,2
246.tiff,canine lymphosarcoma,4,6597,13,10.210074424743652,1.8467410802841187,False,3,2
246.tiff,canine lymphosarcoma,4,6437,14,10.108870506286621,1.8283965587615967,True,2,2
246.tiff,canine lymphosarcoma,4,6481,16,9.863296508789062,1.7838833332061768,True,2,2
246.tiff,canine lymphosarcoma,4,6549,17,9.7910737991333,1.7707921266555786,True,2,2
246.tiff,canine lymphosarcoma,4,6435,18,9.69826602935791,1.753969669342041,True,2,2
246.tiff,canine lymphosarcoma,4,6518,19,9.461227416992188,1.7110034227371216,True,2,2
246.tiff,canine lymphosarcoma,4,6530,21,9.315898895263672,1.6846610307693481,True,2,2
246.tiff,canine lymphosarcoma,4,6499,23,9.251649856567383,1.6730151176452637,True,2,2
246.tiff,canine lymphosarcoma,4,6482,24,9.243375778198242,1.6715153455734253,True,2,2
246.tiff,canine lymphosarcoma,4,6513,25,9.24072265625,1.6710344552993774,True,2,2
246.tiff,canine lymphosarcoma,4,6604,26,9.079983711242676,1.641898512840271,True,2,2
246.tiff,canine lymphosarcoma,4,6464,30,8.7247896194458,1.5775153636932373,True,2,2
246.tiff,canine lymphosarcoma,4,6521,32,8.601202011108398,1.5551135540008545,True,2,2
246.tiff,canine lymphosarcoma,4,6559,33,8.590851783752441,1.5532375574111938,True,2,2
246.tiff,canine lymphosarcoma,4,6561,34,8.551307678222656,1.546069622039795,True,2,2
246.tiff,canine lymphosarcoma,4,6486,35,8.443533897399902,1.5265343189239502,True,2,2
246.tiff,canine lymphosarcoma,4,6543,37,8.402389526367188,1.5190764665603638,True,2,2
246.tiff,canine lymphosarcoma,4,6563,43,8.150017738342285,1.4733309745788574,True,2,2
246.tiff,canine lymphosarcoma,4,6512,48,7.997877597808838,1.445753812789917,True,2,2
246.tiff,canine lymphosarcoma,4,6419,49,7.991075038909912,1.4445207118988037,True,2,2
246.tiff,canine lymphosarcoma,4,6612,50,7.98817253112793,1.4439946413040161,True,2,2
246.tiff,canine lymphosarcoma,4,6611,53,7.915614128112793,1.4308425188064575,True,2,2
246.tiff,canine lymphosarcoma,4,6475,57,7.818932056427002,1.4133177995681763,True,2,2
246.tiff,canine lymphosarcoma,4,6479,62,7.572118759155273,1.3685798645019531,False,3,2
246.tiff,canine lymphosarcoma,4,6434,66,7.503286361694336,1.3561031818389893,True,2,2
246.tiff,canine lymphosarcoma,4,6433,67,7.472611427307129,1.3505430221557617,True,2,2
246.tiff,canine lymphosarcoma,4,6502,71,7.404946804046631,1.3382779359817505,True,2,2
246.tiff,canine lymphosarcoma,4,6548,79,7.307933330535889,1.3206931352615356,True,2,2
246.tiff,canine lymphosarcoma,4,6545,85,7.254880905151367,1.3110767602920532,True,2,2
246.tiff,canine lymphosarcoma,4,6504,87,7.233588695526123,1.3072172403335571,True,2,2
246.tiff,canine lymphosarcoma,4,6517,94,7.183693885803223,1.298173189163208,True,2,2
246.tiff,canine lymphosarcoma,4,6618,95,7.181264400482178,1.2977328300476074,True,2,2
246.tiff,canine lymphosarcoma,4,6447,101,7.150803565979004,1.2922114133834839,False,3,2
246.tiff,canine lymphosarcoma,4,6446,102,7.142171382904053,1.2906467914581299,True,2,2
246.tiff,canine lymphosarcoma,4,6500,105,7.114650726318359,1.285658359527588,True,2,2
246.tiff,canine lymphosarcoma,4,6550,112,7.074318885803223,1.2783477306365967,True,2,2
246.tiff,canine lymphosarcoma,4,6639,115,7.065124988555908,1.2766811847686768,False,3,2
246.tiff,canine lymphosarcoma,4,6432,118,7.049258232116699,1.2738051414489746,False,3,2
246.tiff,canine lymphosarcoma,4,6544,124,6.945713043212891,1.2550363540649414,True,2,2
246.tiff,canine lymphosarcoma,4,6484,125,6.93403434753418,1.2529194355010986,True,2,2
246.tiff,canine lymphosarcoma,4,6438,129,6.9016313552856445,1.2470459938049316,True,2,2
246.tiff,canine lymphosarcoma,4,6552,139,6.856105804443359,1.238793969154358,True,2,2
246.tiff,canine lymphosarcoma,4,6516,150,6.750746250152588,1.219696283340454,True,2,2
246.tiff,canine lymphosarcoma,4,6515,153,6.7412495613098145,1.2179749011993408,True,2,2
246.tiff,canine lymphosarcoma,4,6520,161,6.68212890625,1.2072585821151733,True,2,2
246.tiff,canine lymphosarcoma,4,6439,164,6.668612957000732,1.2048085927963257,True,2,2
246.tiff,canine lymphosarcoma,4,6498,177,6.5953688621521,1.1915322542190552,True,2,2
246.tiff,canine lymphosarcoma,4,6519,193,6.453788757324219,1.165869116783142,True,2,2
246.tiff,canine lymphosarcoma,4,6461,198,6.4137492179870605,1.158611536026001,True,2,2
246.tiff,canine lymphosarcoma,4,6505,224,6.276610851287842,1.1337535381317139,True,2,2
246.tiff,canine lymphosarcoma,4,6463,225,6.275615692138672,1.1335731744766235,True,2,2
246.tiff,canine lymphosarcoma,4,6546,229,6.237255096435547,1.126619815826416,True,2,2
246.tiff,canine lymphosarcoma,4,6454,230,6.2331318855285645,1.1258724927902222,True,2,2
246.tiff,canine lymphosarcoma,4,6582,236,6.212118625640869,1.1220635175704956,True,2,2
246.tiff,canine lymphosarcoma,4,6473,237,6.207675933837891,1.12125825881958,True,2,2
246.tiff,canine lymphosarcoma,4,6509,239,6.205081462860107,1.1207879781723022,True,2,2
246.tiff,canine lymphosarcoma,4,6600,255,6.132634162902832,1.1076560020446777,True,2,2
246.tiff,canine lymphosarcoma,4,6427,280,5.983044624328613,1.0805411338806152,True,2,2
246.tiff,canine lymphosarcoma,4,6456,283,5.966198444366455,1.077487587928772,True,2,2
246.tiff,canine lymphosarcoma,4,6457,297,5.893232822418213,1.0642616748809814,True,2,2
246.tiff,canine lymphosarcoma,4,6571,302,5.883699417114258,1.0625336170196533,True,2,2
246.tiff,canine lymphosarcoma,4,6426,305,5.867093563079834,1.059523582458496,True,2,2
246.tiff,canine lymphosarcoma,4,6589,308,5.849100589752197,1.0562621355056763,True,2,2
246.tiff,canine lymphosarcoma,4,6492,319,5.8160719871521,1.0502753257751465,True,2,2
246.tiff,canine lymphosarcoma,4,6510,320,5.815711498260498,1.0502099990844727,True,2,2
246.tiff,canine lymphosarcoma,4,6455,330,5.803060054779053,1.0479167699813843,True,2,2
246.tiff,canine lymphosarcoma,4,6536,334,5.7892913818359375,1.0454210042953491,False,3,2
246.tiff,canine lymphosarcoma,4,6524,338,5.775359153747559,1.0428956747055054,False,3,2
246.tiff,canine lymphosarcoma,4,6495,340,5.770074367523193,1.0419377088546753,True,2,2
246.tiff,canine lymphosarcoma,4,6599,357,5.6904497146606445,1.027504801750183,True,2,2
246.tiff,canine lymphosarcoma,4,6622,360,5.662658214569092,1.0224672555923462,False,3,2
246.tiff,canine lymphosarcoma,4,6555,409,5.493838310241699,0.9918665885925293,False,3,2
246.tiff,canine lymphosarcoma,4,6417,421,5.476993560791016,0.9888133406639099,True,2,2
246.tiff,canine lymphosarcoma,4,6576,422,5.476073265075684,0.9886465072631836,True,2,2
246.tiff,canine lymphosarcoma,4,6567,491,5.29000186920166,0.9549188017845154,False,3,2
246.tiff,canine lymphosarcoma,4,6615,497,5.27748441696167,0.9526498913764954,True,2,2
246.tiff,canine lymphosarcoma,4,6634,535,5.165674686431885,0.9323830008506775,False,3,2
246.tiff,canine lymphosarcoma,4,6528,536,5.165233135223389,0.9323030114173889,True,2,2
246.tiff,canine lymphosarcoma,4,6598,539,5.150577068328857,0.929646372795105,True,2,2
246.tiff,canine lymphosarcoma,4,6574,540,5.147995471954346,0.9291784763336182,True,2,2
246.tiff,canine lymphosarcoma,4,6554,545,5.138908863067627,0.9275314211845398,True,2,2
246.tiff,canine lymphosarcoma,4,6424,560,5.115007400512695,0.923198938369751,True,2,2
246.tiff,canine lymphosarcoma,4,6494,568,5.099058151245117,0.9203079342842102,True,2,2
246.tiff,canine lymphosarcoma,4,6443,572,5.084240913391113,0.9176221489906311,True,2,2
246.tiff,canine lymphosarcoma,4,6485,633,4.95396614074707,0.8940082788467407,True,2,2
246.tiff,canine lymphosarcoma,4,6586,646,4.929409980773926,0.8895571827888489,True,2,2
246.tiff,canine lymphosarcoma,4,6527,721,4.788121700286865,0.8639469742774963,True,2,2
246.tiff,canine lymphosarcoma,4,6573,899,4.530637741088867,0.8172749876976013,True,2,2
246.tiff,canine lymphosarcoma,4,6529,919,4.501382350921631,0.8119720816612244,False,3,2
246.tiff,canine lymphosarcoma,4,6603,926,4.488553524017334,0.809646725654602,False,3,2
246.tiff,canine lymphosarcoma,4,6408,1061,4.338525295257568,0.7824522852897644,True,2,2
246.tiff,canine lymphosarcoma,4,6565,1066,4.331083297729492,0.7811033129692078,True,2,2
246.tiff,canine lymphosarcoma,4,6602,1151,4.243217945098877,0.7651766538619995,True,2,2
246.tiff,canine lymphosarcoma,4,6405,1278,4.12843656539917,0.7443711757659912,True,2,2
246.tiff,canine lymphosarcoma,4,6588,1643,3.8805854320526123,0.6994451880455017,True,2,2
246.tiff,canine lymphosarcoma,4,6403,1723,3.83868408203125,0.6918500661849976,True,2,2
246.tiff,canine lymphosarcoma,4,6404,1910,3.754166603088379,0.6765302419662476,True,2,2
246.tiff,canine lymphosarcoma,4,6626,2421,3.541102886199951,0.6379098892211914,False,3,2
246.tiff,canine lymphosarcoma,4,6406,2480,3.5205907821655273,0.6341918110847473,True,2,2
246.tiff,canine lymphosarcoma,4,6489,2539,3.5015017986297607,0.6307317018508911,True,2,2
246.tiff,canine lymphosarcoma,4,6632,3381,3.263225793838501,0.5875413417816162,False,3,2
246.tiff,canine lymphosarcoma,4,6472,4889,2.997607946395874,0.5393949151039124,True,2,2
246.tiff,canine lymphosarcoma,4,6411,8527,2.555565357208252,0.45926937460899353,True,2,2
300.tiff,canine cutaneous mast cell tumor,0,14609,1,11.029509544372559,4.04008150100708,True,2,2
300.tiff,canine cutaneous mast cell tumor,0,14561,2,10.164440155029297,3.7187235355377197,True,2,2
300.tiff,canine cutaneous mast cell tumor,0,14557,3,9.509068489074707,3.475264549255371,False,3,2
300.tiff,canine cutaneous mast cell tumor,0,14600,4,9.462389945983887,3.4579241275787354,True,2,2
300.tiff,canine cutaneous mast cell tumor,0,14637,5,9.342514038085938,3.4133923053741455,True,2,2
300.tiff,canine cutaneous mast cell tumor,0,14560,8,8.744565963745117,3.191265344619751,True,2,2
300.tiff,canine cutaneous mast cell tumor,0,14639,10,8.52346420288086,3.1091299057006836,False,3,2
300.tiff,canine cutaneous mast cell tumor,0,14535,11,8.449190139770508,3.081538438796997,True,2,2
300.tiff,canine cutaneous mast cell tumor,0,14459,13,8.318947792053223,3.033155679702759,True,2,2
300.tiff,canine cutaneous mast cell tumor,0,14583,14,8.2312593460083,3.0005810260772705,True,2,2
300.tiff,canine cutaneous mast cell tumor,0,14608,15,8.064593315124512,2.9386672973632812,True,2,2
300.tiff,canine cutaneous mast cell tumor,0,14607,17,7.834324359893799,2.8531265258789062,True,2,2
300.tiff,canine cutaneous mast cell tumor,0,14531,18,7.831639766693115,2.8521292209625244,True,2,2
300.tiff,canine cutaneous mast cell tumor,0,14612,20,7.794037818908691,2.838160753250122,True,2,2
300.tiff,canine cutaneous mast cell tumor,0,14641,22,7.759731292724609,2.8254165649414062,True,2,2
300.tiff,canine cutaneous mast cell tumor,0,14619,23,7.755463123321533,2.823831081390381,True,2,2
300.tiff,canine cutaneous mast cell tumor,0,14517,24,7.724032878875732,2.812155246734619,False,3,2
300.tiff,canine cutaneous mast cell tumor,0,14567,26,7.6860456466674805,2.798043727874756,True,2,2
300.tiff,canine cutaneous mast cell tumor,0,14597,28,7.656064510345459,2.7869062423706055,False,3,2
300.tiff,canine cutaneous mast cell tumor,0,14650,29,7.608286380767822,2.7691574096679688,True,2,2
300.tiff,canine cutaneous mast cell tumor,0,14550,31,7.567938804626465,2.75416898727417,True,2,2
300.tiff,canine cutaneous mast cell tumor,0,14543,32,7.560403347015381,2.7513697147369385,True,2,2
300.tiff,canine cutaneous mast cell tumor,0,14586,34,7.554690361022949,2.7492475509643555,True,2,2
300.tiff,canine cutaneous mast cell tumor,0,14495,36,7.491543292999268,2.7257895469665527,False,3,2
300.tiff,canine cutaneous mast cell tumor,0,14477,39,7.419893741607666,2.6991729736328125,False,3,2
300.tiff,canine cutaneous mast cell tumor,0,14480,40,7.411453723907471,2.696037530899048,True,2,2
300.tiff,canine cutaneous mast cell tumor,0,14559,41,7.34831428527832,2.6725823879241943,True,2,2
300.tiff,canine cutaneous mast cell tumor,0,14620,42,7.339861869812012,2.6694424152374268,True,2,2
300.tiff,canine cutaneous mast cell tumor,0,14644,43,7.338567733764648,2.668961763381958,True,2,2
300.tiff,canine cutaneous mast cell tumor,0,14474,46,7.247767925262451,2.6352312564849854,False,3,2
300.tiff,canine cutaneous mast cell tumor,0,14642,47,7.231971263885498,2.6293630599975586,True,2,2
300.tiff,canine cutaneous mast cell tumor,0,14507,48,7.2289719581604,2.628248929977417,False,3,2
300.tiff,canine cutaneous mast cell tumor,0,14598,51,7.19053316116333,2.613969564437866,True,2,2
300.tiff,canine cutaneous mast cell tumor,0,14476,53,7.174098491668701,2.6078643798828125,False,3,2
300.tiff,canine cutaneous mast cell tumor,0,14468,55,7.169068813323975,2.6059958934783936,True,2,2
300.tiff,canine cutaneous mast cell tumor,0,14545,56,7.143907070159912,2.596648693084717,True,2,2
300.tiff,canine cutaneous mast cell tumor,0,14490,58,7.121023178100586,2.5881478786468506,True,2,2
300.tiff,canine cutaneous mast cell tumor,0,14634,61,7.096571922302246,2.5790646076202393,True,2,2
300.tiff,canine cutaneous mast cell tumor,0,14460,63,7.063631534576416,2.5668277740478516,True,2,2
300.tiff,canine cutaneous mast cell tumor,0,14630,65,7.045336723327637,2.5600316524505615,True,2,2
300.tiff,canine cutaneous mast cell tumor,0,14682,67,7.020522594451904,2.550813674926758,False,3,2
300.tiff,canine cutaneous mast cell tumor,0,14632,68,7.015538692474365,2.548962116241455,True,2,2
300.tiff,canine cutaneous mast cell tumor,0,14605,69,7.014904022216797,2.5487263202667236,False,3,2
300.tiff,canine cutaneous mast cell tumor,0,14514,70,6.998265266418457,2.5425453186035156,False,3,2
300.tiff,canine cutaneous mast cell tumor,0,14494,79,6.875018119812012,2.4967613220214844,False,3,2
300.tiff,canine cutaneous mast cell tumor,0,14715,81,6.825028419494629,2.4781908988952637,False,3,2
300.tiff,canine cutaneous mast cell tumor,0,14606,84,6.780032634735107,2.4614758491516113,True,2,2
300.tiff,canine cutaneous mast cell tumor,0,14646,85,6.759488582611084,2.4538440704345703,True,2,2
300.tiff,canine cutaneous mast cell tumor,0,14555,86,6.748626708984375,2.4498090744018555,True,2,2
300.tiff,canine cutaneous mast cell tumor,0,14553,88,6.731171607971191,2.4433248043060303,True,2,2
300.tiff,canine cutaneous mast cell tumor,0,14613,91,6.718855857849121,2.4387497901916504,True,2,2
300.tiff,canine cutaneous mast cell tumor,0,14635,92,6.70945405960083,2.4352571964263916,True,2,2
300.tiff,canine cutaneous mast cell tumor,0,14580,98,6.657365322113037,2.415907144546509,True,2,2
300.tiff,canine cutaneous mast cell tumor,0,14526,99,6.650740623474121,2.4134461879730225,True,2,2
300.tiff,canine cutaneous mast cell tumor,0,14582,101,6.637147426605225,2.4083964824676514,True,2,2
300.tiff,canine cutaneous mast cell tumor,0,14563,103,6.620907783508301,2.4023637771606445,False,3,2
300.tiff,canine cutaneous mast cell tumor,0,14579,107,6.585133075714111,2.3890740871429443,True,2,2
300.tiff,canine cutaneous mast cell tumor,0,14614,108,6.568223476409912,2.3827924728393555,True,2,2
300.tiff,canine cutaneous mast cell tumor,0,14520,113,6.524668216705322,2.366612434387207,True,2,2
300.tiff,canine cutaneous mast cell tumor,0,14540,116,6.492106914520264,2.3545165061950684,True,2,2
300.tiff,canine cutaneous mast cell tumor,0,14623,121,6.469845294952393,2.3462467193603516,True,2,2
300.tiff,canine cutaneous mast cell tumor,0,14503,122,6.469634532928467,2.3461685180664062,False,3,2
300.tiff,canine cutaneous mast cell tumor,0,14482,124,6.446524143218994,2.337583303451538,False,3,2
300.tiff,canine cutaneous mast cell tumor,0,14572,130,6.408069133758545,2.3232979774475098,True,2,2
300.tiff,canine cutaneous mast cell tumor,0,14510,133,6.395317554473877,2.31856107711792,True,2,2
300.tiff,canine cutaneous mast cell tumor,0,14565,146,6.336566925048828,2.296736240386963,True,2,2
300.tiff,canine cutaneous mast cell tumor,0,14640,150,6.31995153427124,2.2905638217926025,False,3,2
300.tiff,canine cutaneous mast cell tumor,0,14525,162,6.28304386138916,2.276853322982788,True,2,2
300.tiff,canine cutaneous mast cell tumor,0,14615,176,6.243247032165527,2.2620694637298584,True,2,2
300.tiff,canine cutaneous mast cell tumor,0,14595,188,6.175044536590576,2.2367334365844727,True,2,2
300.tiff,canine cutaneous mast cell tumor,0,14541,191,6.16226863861084,2.231987476348877,True,2,2
300.tiff,canine cutaneous mast cell tumor,0,14599,202,6.140444755554199,2.2238802909851074,True,2,2
300.tiff,canine cutaneous mast cell tumor,0,14575,210,6.118429660797119,2.2157020568847656,True,2,2
300.tiff,canine cutaneous mast cell tumor,0,14626,213,6.10975456237793,2.21247935295105,True,2,2
300.tiff,canine cutaneous mast cell tumor,0,14570,217,6.103765964508057,2.210254669189453,True,2,2
300.tiff,canine cutaneous mast cell tumor,0,14548,239,6.033257961273193,2.1840622425079346,False,3,2
300.tiff,canine cutaneous mast cell tumor,0,14603,254,5.987605094909668,2.1671030521392822,True,2,2
300.tiff,canine cutaneous mast cell tumor,0,14602,255,5.987161636352539,2.166938304901123,True,2,2
300.tiff,canine cutaneous mast cell tumor,0,14568,257,5.979496479034424,2.164090871810913,False,3,2
300.tiff,canine cutaneous mast cell tumor,0,14569,258,5.971110820770264,2.160975694656372,False,3,2
300.tiff,canine cutaneous mast cell tumor,0,14633,263,5.963258266448975,2.1580586433410645,True,2,2
300.tiff,canine cutaneous mast cell tumor,0,14483,266,5.960921764373779,2.1571905612945557,False,3,2
300.tiff,canine cutaneous mast cell tumor,0,14462,267,5.958276748657227,2.156208038330078,True,2,2
300.tiff,canine cutaneous mast cell tumor,0,14484,272,5.942502498626709,2.15034818649292,False,3,2
300.tiff,canine cutaneous mast cell tumor,0,14513,278,5.928527355194092,2.1451566219329834,True,2,2
300.tiff,canine cutaneous mast cell tumor,0,14506,282,5.922371864318848,2.1428699493408203,False,3,2
300.tiff,canine cutaneous mast cell tumor,0,14501,286,5.908687114715576,2.137786388397217,True,2,2
300.tiff,canine cutaneous mast cell tumor,0,14505,290,5.900895595550537,2.134891986846924,False,3,2
300.tiff,canine cutaneous mast cell tumor,0,14692,295,5.887499809265137,2.129915714263916,False,3,2
300.tiff,canine cutaneous mast cell tumor,0,14518,305,5.86328649520874,2.1209208965301514,True,2,2
300.tiff,canine cutaneous mast cell tumor,0,14594,307,5.860870838165283,2.120023488998413,True,2,2
300.tiff,canine cutaneous mast cell tumor,0,14470,308,5.860719203948975,2.119967222213745,True,2,2
300.tiff,canine cutaneous mast cell tumor,0,14509,331,5.8091864585876465,2.1008236408233643,False,3,2
300.tiff,canine cutaneous mast cell tumor,0,14622,333,5.804783821105957,2.0991880893707275,True,2,2
300.tiff,canine cutaneous mast cell tumor,0,14665,340,5.782795429229736,2.091019868850708,False,3,2
300.tiff,canine cutaneous mast cell tumor,0,14585,375,5.730669021606445,2.071655750274658,True,2,2
300.tiff,canine cutaneous mast cell tumor,0,14618,379,5.717484951019287,2.066758155822754,True,2,2
300.tiff,canine cutaneous mast cell tumor,0,14590,395,5.682950973510742,2.053929328918457,False,3,2
300.tiff,canine cutaneous mast cell tumor,0,14465,396,5.678424835205078,2.052248001098633,True,2,2
300.tiff,canine cutaneous mast cell tumor,0,14475,407,5.663179874420166,2.0465848445892334,True,2,2
300.tiff,canine cutaneous mast cell tumor,0,14537,410,5.658471584320068,2.0448358058929443,True,2,2
300.tiff,canine cutaneous mast cell tumor,0,14534,414,5.65313196182251,2.0428521633148193,False,3,2
300.tiff,canine cutaneous mast cell tumor,0,14523,450,5.601320266723633,2.0236051082611084,True,2,2
300.tiff,canine cutaneous mast cell tumor,0,14547,457,5.590268611907959,2.0194995403289795,False,3,2
300.tiff,canine cutaneous mast cell tumor,0,14554,461,5.5818963050842285,2.0163893699645996,True,2,2
300.tiff,canine cutaneous mast cell tumor,0,14464,480,5.540496826171875,2.0010101795196533,True,2,2
300.tiff,canine cutaneous mast cell tumor,0,14524,500,5.5062665939331055,1.9882944822311401,True,2,2
300.tiff,canine cutaneous mast cell tumor,0,14629,528,5.476351737976074,1.9771815538406372,False,3,2
300.tiff,canine cutaneous mast cell tumor,0,14625,532,5.468395233154297,1.9742258787155151,True,2,2
300.tiff,canine cutaneous mast cell tumor,0,14577,547,5.442063331604004,1.9644439220428467,True,2,2
300.tiff,canine cutaneous mast cell tumor,0,14544,548,5.438256740570068,1.9630299806594849,True,2,2
300.tiff,canine cutaneous mast cell tumor,0,14493,566,5.417688846588135,1.9553892612457275,True,2,2
300.tiff,canine cutaneous mast cell tumor,0,14587,581,5.394527435302734,1.9467852115631104,False,3,2
300.tiff,canine cutaneous mast cell tumor,0,14593,589,5.388161659240723,1.944420337677002,True,2,2
300.tiff,canine cutaneous mast cell tumor,0,14617,609,5.356387138366699,1.9326168298721313,True,2,2
300.tiff,canine cutaneous mast cell tumor,0,14485,668,5.2990312576293945,1.911310076713562,True,2,2
300.tiff,canine cutaneous mast cell tumor,0,14516,682,5.278793811798096,1.9037922620773315,True,2,2
300.tiff,canine cutaneous mast cell tumor,0,14461,727,5.238084316253662,1.8886693716049194,True,2,2
300.tiff,canine cutaneous mast cell tumor,0,14601,730,5.236260414123535,1.8879919052124023,True,2,2
300.tiff,canine cutaneous mast cell tumor,0,14724,763,5.202151298522949,1.8753209114074707,False,3,2
300.tiff,canine cutaneous mast cell tumor,0,14479,764,5.202035903930664,1.8752779960632324,True,2,2
300.tiff,canine cutaneous mast cell tumor,0,14589,806,5.1547698974609375,1.8577195405960083,True,2,2
300.tiff,canine cutaneous mast cell tumor,0,14512,870,5.106528282165527,1.8397986888885498,True,2,2
300.tiff,canine cutaneous mast cell tumor,0,14528,878,5.095762729644775,1.8357994556427002,True,2,2
300.tiff,canine cutaneous mast cell tumor,0,14499,1008,4.999841213226318,1.8001662492752075,True,2,2
300.tiff,canine cutaneous mast cell tumor,0,14621,1015,4.992679595947266,1.7975059747695923,True,2,2
300.tiff,canine cutaneous mast cell tumor,0,14558,1113,4.935879707336426,1.776405692100525,True,2,2
300.tiff,canine cutaneous mast cell tumor,0,14685,1149,4.916947841644287,1.7693729400634766,False,3,2
300.tiff,canine cutaneous mast cell tumor,0,14502,1188,4.894323825836182,1.7609684467315674,False,3,2
300.tiff,canine cutaneous mast cell tumor,0,14539,1243,4.86651611328125,1.750638484954834,True,2,2
300.tiff,canine cutaneous mast cell tumor,0,14571,1254,4.857027053833008,1.7471134662628174,False,3,2
300.tiff,canine cutaneous mast cell tumor,0,14500,1280,4.840540409088135,1.7409889698028564,True,2,2
300.tiff,canine cutaneous mast cell tumor,0,14564,1300,4.832634449005127,1.7380520105361938,False,3,2
300.tiff,canine cutaneous mast cell tumor,0,14616,1381,4.789798259735107,1.7221391201019287,True,2,2
300.tiff,canine cutaneous mast cell tumor,0,14527,1417,4.772148609161377,1.7155826091766357,True,2,2
300.tiff,canine cutaneous mast cell tumor,0,14638,1419,4.771701812744141,1.7154165506362915,True,2,2
300.tiff,canine cutaneous mast cell tumor,0,14610,1473,4.75123929977417,1.7078150510787964,True,2,2
300.tiff,canine cutaneous mast cell tumor,0,14492,1667,4.662938117980957,1.6750127077102661,True,2,2
300.tiff,canine cutaneous mast cell tumor,0,14478,1673,4.659719467163086,1.6738170385360718,False,3,2
300.tiff,canine cutaneous mast cell tumor,0,14578,1738,4.631752014160156,1.663427710533142,True,2,2
300.tiff,canine cutaneous mast cell tumor,0,14521,1742,4.6311140060424805,1.6631907224655151,True,2,2
300.tiff,canine cutaneous mast cell tumor,0,14628,1764,4.624416828155518,1.6607028245925903,True,2,2
300.tiff,canine cutaneous mast cell tumor,0,14596,1870,4.575143337249756,1.6423985958099365,True,2,2
300.tiff,canine cutaneous mast cell tumor,0,14624,1895,4.566511631011963,1.6391921043395996,True,2,2
300.tiff,canine cutaneous mast cell tumor,0,14511,2104,4.492414474487305,1.6116663217544556,True,2,2
300.tiff,canine cutaneous mast cell tumor,0,14562,2322,4.428696632385254,1.587996244430542,True,2,2
300.tiff,canine cutaneous mast cell tumor,0,14686,2390,4.405548095703125,1.5793969631195068,False,3,2
300.tiff,canine cutaneous mast cell tumor,0,14488,2407,4.400586128234863,1.577553629875183,False,3,2
300.tiff,canine cutaneous mast cell tumor,0,14498,2469,4.381585597991943,1.570495367050171,True,2,2
300.tiff,canine cutaneous mast cell tumor,0,14467,2535,4.359348773956299,1.5622347593307495,False,3,2
300.tiff,canine cutaneous mast cell tumor,0,14649,2611,4.335093975067139,1.5532244443893433,True,2,2
300.tiff,canine cutaneous mast cell tumor,0,14698,2784,4.2786149978637695,1.5322436094284058,False,3,2
300.tiff,canine cutaneous mast cell tumor,0,14631,2871,4.25477409362793,1.52338707447052,True,2,2
300.tiff,canine cutaneous mast cell tumor,0,14532,3115,4.195831298828125,1.5014909505844116,True,2,2
300.tiff,canine cutaneous mast cell tumor,0,14591,3317,4.147494316101074,1.4835344552993774,True,2,2
300.tiff,canine cutaneous mast cell tumor,0,14604,3369,4.133516311645508,1.4783419370651245,True,2,2
300.tiff,canine cutaneous mast cell tumor,0,14533,3377,4.132592678070068,1.4779988527297974,True,2,2
300.tiff,canine cutaneous mast cell tumor,0,14574,3444,4.115013599395752,1.4714685678482056,True,2,2
300.tiff,canine cutaneous mast cell tumor,0,14469,3458,4.111945152282715,1.470328688621521,True,2,2
300.tiff,canine cutaneous mast cell tumor,0,14556,3633,4.075482368469238,1.456783413887024,False,3,2
300.tiff,canine cutaneous mast cell tumor,0,14487,3805,4.038666248321533,1.4431068897247314,False,3,2
300.tiff,canine cutaneous mast cell tumor,0,14473,3868,4.019489288330078,1.4359829425811768,True,2,2
300.tiff,canine cutaneous mast cell tumor,0,14529,3939,4.001068592071533,1.4291399717330933,False,3,2
300.tiff,canine cutaneous mast cell tumor,0,14519,4499,3.8834683895111084,1.3854535818099976,True,2,2
300.tiff,canine cutaneous mast cell tumor,0,14647,5056,3.7771248817443848,1.3459488153457642,True,2,2
300.tiff,canine cutaneous mast cell tumor,0,14653,5268,3.7369446754455566,1.3310226202011108,False,3,2
300.tiff,canine cutaneous mast cell tumor,0,14508,5411,3.7096736431121826,1.3208918571472168,True,2,2
300.tiff,canine cutaneous mast cell tumor,0,14489,5420,3.7075247764587402,1.3200936317443848,True,2,2
300.tiff,canine cutaneous mast cell tumor,0,14522,5448,3.7034759521484375,1.3185895681381226,False,3,2
300.tiff,canine cutaneous mast cell tumor,0,14645,5653,3.660356044769287,1.3025712966918945,True,2,2
300.tiff,canine cutaneous mast cell tumor,0,14515,6370,3.5325419902801514,1.255090594291687,True,2,2
300.tiff,canine cutaneous mast cell tumor,0,14588,7854,3.2625725269317627,1.1548017263412476,True,2,2
300.tiff,canine cutaneous mast cell tumor,0,14592,8517,3.147451877593994,1.1120364665985107,False,3,2
300.tiff,canine cutaneous mast cell tumor,0,14542,8982,3.063614845275879,1.0808924436569214,True,2,2
300.tiff,canine cutaneous mast cell tumor,0,14627,9433,2.974228620529175,1.04768705368042,True,2,2
300.tiff,canine cutaneous mast cell tumor,0,14546,9810,2.908538341522217,1.0232843160629272,False,3,2
300.tiff,canine cutaneous mast cell tumor,0,14466,10364,2.8039627075195312,0.9844362139701843,True,2,2
300.tiff,canine cutaneous mast cell tumor,0,14551,10453,2.784977674484253,0.9773837327957153,True,2,2
300.tiff,canine cutaneous mast cell tumor,0,14481,11123,2.6520535945892334,0.9280046820640564,True,2,2
300.tiff,canine cutaneous mast cell tumor,0,14693,11702,2.5446724891662598,0.8881145119667053,True,2,2
300.tiff,canine cutaneous mast cell tumor,1,14541,1,8.213699340820312,3.3576343059539795,True,2,2
300.tiff,canine cutaneous mast cell tumor,1,14492,2,7.6677327156066895,3.1327526569366455,True,2,2
300.tiff,canine cutaneous mast cell tumor,1,14582,3,7.564878940582275,3.0903875827789307,True,2,2
300.tiff,canine cutaneous mast cell tumor,1,14502,4,7.451686382293701,3.043764114379883,False,3,2
300.tiff,canine cutaneous mast cell tumor,1,14638,6,7.211900234222412,2.9449970722198486,True,2,2
300.tiff,canine cutaneous mast cell tumor,1,14623,7,7.025004863739014,2.868015766143799,True,2,2
300.tiff,canine cutaneous mast cell tumor,1,14557,8,6.990983009338379,2.8540022373199463,False,3,2
300.tiff,canine cutaneous mast cell tumor,1,14495,11,6.891382694244385,2.8129773139953613,False,3,2
300.tiff,canine cutaneous mast cell tumor,1,14459,14,6.817026615142822,2.7823503017425537,True,2,2
300.tiff,canine cutaneous mast cell tumor,1,14633,15,6.735932350158691,2.748947858810425,True,2,2
300.tiff,canine cutaneous mast cell tumor,1,14580,16,6.619335174560547,2.7009220123291016,True,2,2
300.tiff,canine cutaneous mast cell tumor,1,14642,17,6.5231032371521,2.6612844467163086,True,2,2
300.tiff,canine cutaneous mast cell tumor,1,14539,18,6.512939453125,2.6570980548858643,True,2,2
300.tiff,canine cutaneous mast cell tumor,1,14632,20,6.432735443115234,2.6240622997283936,True,2,2
300.tiff,canine cutaneous mast cell tumor,1,14609,21,6.427095890045166,2.621739387512207,True,2,2
300.tiff,canine cutaneous mast cell tumor,1,14583,26,6.350383281707764,2.590141773223877,True,2,2
300.tiff,canine cutaneous mast cell tumor,1,14724,29,6.336165428161621,2.5842854976654053,False,3,2
300.tiff,canine cutaneous mast cell tumor,1,14493,35,6.265578269958496,2.555210828781128,True,2,2
300.tiff,canine cutaneous mast cell tumor,1,14605,36,6.250339984893799,2.5489342212677,False,3,2
300.tiff,canine cutaneous mast cell tumor,1,14477,37,6.238790988922119,2.544177293777466,False,3,2
300.tiff,canine cutaneous mast cell tumor,1,14563,39,6.18951940536499,2.5238826274871826,False,3,2
300.tiff,canine cutaneous mast cell tumor,1,14626,43,6.1192307472229,2.4949309825897217,True,2,2
300.tiff,canine cutaneous mast cell tumor,1,14641,45,6.116098403930664,2.493640661239624,True,2,2
300.tiff,canine cutaneous mast cell tumor,1,14613,46,6.114934921264648,2.49316143989563,True,2,2
300.tiff,canine cutaneous mast cell tumor,1,14607,52,6.060824871063232,2.4708738327026367,True,2,2
300.tiff,canine cutaneous mast cell tumor,1,14646,54,6.041163921356201,2.462775468826294,True,2,2
300.tiff,canine cutaneous mast cell tumor,1,14559,58,6.0145416259765625,2.451809883117676,True,2,2
300.tiff,canine cutaneous mast cell tumor,1,14526,59,6.005239963531494,2.4479784965515137,True,2,2
300.tiff,canine cutaneous mast cell tumor,1,14534,60,6.004572868347168,2.4477038383483887,False,3,2
300.tiff,canine cutaneous mast cell tumor,1,14560,61,5.994014263153076,2.443354845046997,True,2,2
300.tiff,canine cutaneous mast cell tumor,1,14500,62,5.992928981781006,2.4429078102111816,True,2,2
300.tiff,canine cutaneous mast cell tumor,1,14544,70,5.922445774078369,2.4138760566711426,True,2,2
300.tiff,canine cutaneous mast cell tumor,1,14599,71,5.914228916168213,2.410491466522217,True,2,2
300.tiff,canine cutaneous mast cell tumor,1,14503,73,5.886293411254883,2.398984909057617,False,3,2
300.tiff,canine cutaneous mast cell tumor,1,14501,75,5.806303977966309,2.366037607192993,True,2,2
300.tiff,canine cutaneous mast cell tumor,1,14593,79,5.7515645027160645,2.3434906005859375,True,2,2
300.tiff,canine cutaneous mast cell tumor,1,14528,81,5.738026142120361,2.337914228439331,True,2,2
300.tiff,canine cutaneous mast cell tumor,1,14512,84,5.719834327697754,2.330421209335327,True,2,2
300.tiff,canine cutaneous mast cell tumor,1,14490,88,5.7083024978637695,2.3256711959838867,True,2,2
300.tiff,canine cutaneous mast cell tumor,1,14509,90,5.698736190795898,2.321730852127075,False,3,2
300.tiff,canine cutaneous mast cell tumor,1,14625,93,5.6689534187316895,2.3094635009765625,True,2,2
300.tiff,canine cutaneous mast cell tumor,1,14698,96,5.660518646240234,2.3059892654418945,False,3,2
300.tiff,canine cutaneous mast cell tumor,1,14598,97,5.653651237487793,2.3031606674194336,True,2,2
300.tiff,canine cutaneous mast cell tumor,1,14653,102,5.617317199707031,2.2881946563720703,False,3,2
300.tiff,canine cutaneous mast cell tumor,1,14639,103,5.616174221038818,2.287724018096924,False,3,2
300.tiff,canine cutaneous mast cell tumor,1,14618,113,5.566233158111572,2.26715350151062,True,2,2
300.tiff,canine cutaneous mast cell tumor,1,14594,120,5.541048526763916,2.256779909133911,True,2,2
300.tiff,canine cutaneous mast cell tumor,1,14462,124,5.533734321594238,2.253767251968384,True,2,2
300.tiff,canine cutaneous mast cell tumor,1,14531,126,5.526025772094727,2.2505922317504883,True,2,2
300.tiff,canine cutaneous mast cell tumor,1,14484,130,5.495052814483643,2.2378344535827637,False,3,2
300.tiff,canine cutaneous mast cell tumor,1,14637,132,5.4867424964904785,2.2344114780426025,True,2,2
300.tiff,canine cutaneous mast cell tumor,1,14555,133,5.4825873374938965,2.2327001094818115,True,2,2
300.tiff,canine cutaneous mast cell tumor,1,14517,135,5.470590591430664,2.2277586460113525,False,3,2
300.tiff,canine cutaneous mast cell tumor,1,14485,136,5.467301845550537,2.2264039516448975,True,2,2
300.tiff,canine cutaneous mast cell tumor,1,14622,146,5.422059535980225,2.2077689170837402,True,2,2
300.tiff,canine cutaneous mast cell tumor,1,14682,149,5.418944358825684,2.2064857482910156,False,3,2
300.tiff,canine cutaneous mast cell tumor,1,14535,161,5.393664360046387,2.196073055267334,True,2,2
300.tiff,canine cutaneous mast cell tumor,1,14547,163,5.381878852844238,2.191218614578247,False,3,2
300.tiff,canine cutaneous mast cell tumor,1,14615,174,5.350522994995117,2.1783032417297363,True,2,2
300.tiff,canine cutaneous mast cell tumor,1,14715,177,5.346747875213623,2.176748275756836,False,3,2
300.tiff,canine cutaneous mast cell tumor,1,14482,190,5.288577079772949,2.152787923812866,False,3,2
300.tiff,canine cutaneous mast cell tumor,1,14601,193,5.273144245147705,2.1464312076568604,True,2,2
300.tiff,canine cutaneous mast cell tumor,1,14597,197,5.263708591461182,2.142544746398926,False,3,2
300.tiff,canine cutaneous mast cell tumor,1,14550,205,5.237370014190674,2.1316959857940674,True,2,2
300.tiff,canine cutaneous mast cell tumor,1,14665,221,5.169036865234375,2.1035499572753906,False,3,2
300.tiff,canine cutaneous mast cell tumor,1,14464,224,5.158883571624756,2.09936785697937,True,2,2
300.tiff,canine cutaneous mast cell tumor,1,14616,230,5.1319756507873535,2.088284492492676,True,2,2
300.tiff,canine cutaneous mast cell tumor,1,14579,238,5.103267669677734,2.0764598846435547,True,2,2
300.tiff,canine cutaneous mast cell tumor,1,14554,244,5.08113956451416,2.067345380783081,True,2,2
300.tiff,canine cutaneous mast cell tumor,1,14612,245,5.080564498901367,2.067108392715454,True,2,2
300.tiff,canine cutaneous mast cell tumor,1,14693,264,5.039992809295654,2.0503971576690674,True,2,2
300.tiff,canine cutaneous mast cell tumor,1,14533,265,5.038707256317139,2.049867630004883,True,2,2
300.tiff,canine cutaneous mast cell tumor,1,14602,271,5.021138668060303,2.042631149291992,True,2,2
300.tiff,canine cutaneous mast cell tumor,1,14630,280,4.994805335998535,2.0317845344543457,True,2,2
300.tiff,canine cutaneous mast cell tumor,1,14631,287,4.972320556640625,2.0225231647491455,True,2,2
300.tiff,canine cutaneous mast cell tumor,1,14603,290,4.967335224151611,2.0204696655273438,True,2,2
300.tiff,canine cutaneous mast cell tumor,1,14513,295,4.956418037414551,2.0159730911254883,True,2,2
300.tiff,canine cutaneous mast cell tumor,1,14685,296,4.953113555908203,2.0146119594573975,False,3,2
300.tiff,canine cutaneous mast cell tumor,1,14567,299,4.950729846954346,2.0136301517486572,True,2,2
300.tiff,canine cutaneous mast cell tumor,1,14514,303,4.946111679077148,2.011727809906006,False,3,2
300.tiff,canine cutaneous mast cell tumor,1,14585,308,4.93902587890625,2.0088093280792236,True,2,2
300.tiff,canine cutaneous mast cell tumor,1,14527,322,4.9169840812683105,1.9997303485870361,True,2,2
300.tiff,canine cutaneous mast cell tumor,1,14578,324,4.913638591766357,1.9983524084091187,True,2,2
300.tiff,canine cutaneous mast cell tumor,1,14499,362,4.852981090545654,1.9733679294586182,True,2,2
300.tiff,canine cutaneous mast cell tumor,1,14649,366,4.844146728515625,1.969728946685791,True,2,2
300.tiff,canine cutaneous mast cell tumor,1,14525,402,4.787054061889648,1.9462127685546875,True,2,2
300.tiff,canine cutaneous mast cell tumor,1,14518,406,4.778730392456055,1.942784309387207,True,2,2
300.tiff,canine cutaneous mast cell tumor,1,14575,414,4.766873359680176,1.937900424003601,True,2,2
300.tiff,canine cutaneous mast cell tumor,1,14519,416,4.766375541687012,1.9376953840255737,True,2,2
300.tiff,canine cutaneous mast cell tumor,1,14570,430,4.742082118988037,1.9276889562606812,True,2,2
300.tiff,canine cutaneous mast cell tumor,1,14686,449,4.718743324279785,1.9180757999420166,False,3,2
300.tiff,canine cutaneous mast cell tumor,1,14532,457,4.710763931274414,1.9147891998291016,True,2,2
300.tiff,canine cutaneous mast cell tumor,1,14475,460,4.708130836486816,1.9137046337127686,True,2,2
300.tiff,canine cutaneous mast cell tumor,1,14494,462,4.707866191864014,1.9135955572128296,False,3,2
300.tiff,canine cutaneous mast cell tumor,1,14545,464,4.705181121826172,1.912489652633667,True,2,2
300.tiff,canine cutaneous mast cell tumor,1,14561,477,4.685675144195557,1.9044551849365234,True,2,2
300.tiff,canine cutaneous mast cell tumor,1,14543,487,4.67125940322876,1.898517370223999,True,2,2
300.tiff,canine cutaneous mast cell tumor,1,14511,492,4.6677985191345215,1.8970918655395508,True,2,2
300.tiff,canine cutaneous mast cell tumor,1,14629,517,4.646335124969482,1.8882511854171753,False,3,2
300.tiff,canine cutaneous mast cell tumor,1,14620,528,4.624313831329346,1.879180669784546,True,2,2
300.tiff,canine cutaneous mast cell tumor,1,14610,535,4.601588726043701,1.8698203563690186,True,2,2
300.tiff,canine cutaneous mast cell tumor,1,14627,544,4.5963053703308105,1.867644190788269,True,2,2
300.tiff,canine cutaneous mast cell tumor,1,14480,559,4.584055423736572,1.8625984191894531,True,2,2
300.tiff,canine cutaneous mast cell tumor,1,14634,576,4.568037986755371,1.8560009002685547,True,2,2
300.tiff,canine cutaneous mast cell tumor,1,14628,583,4.56126594543457,1.8532116413116455,True,2,2
300.tiff,canine cutaneous mast cell tumor,1,14476,589,4.556783199310303,1.8513652086257935,False,3,2
300.tiff,canine cutaneous mast cell tumor,1,14588,598,4.548543930053711,1.8479714393615723,True,2,2
300.tiff,canine cutaneous mast cell tumor,1,14565,613,4.532108306884766,1.841201663017273,True,2,2
300.tiff,canine cutaneous mast cell tumor,1,14587,638,4.511806488037109,1.8328394889831543,False,3,2
300.tiff,canine cutaneous mast cell tumor,1,14569,654,4.4904022216796875,1.8240231275558472,False,3,2
300.tiff,canine cutaneous mast cell tumor,1,14558,673,4.467967510223389,1.8147822618484497,True,2,2
300.tiff,canine cutaneous mast cell tumor,1,14556,685,4.451642990112305,1.8080583810806274,False,3,2
300.tiff,canine cutaneous mast cell tumor,1,14572,694,4.444973468780518,1.8053110837936401,True,2,2
300.tiff,canine cutaneous mast cell tumor,1,14647,713,4.428289413452148,1.7984391450881958,True,2,2
300.tiff,canine cutaneous mast cell tumor,1,14608,715,4.427093982696533,1.797946572303772,True,2,2
300.tiff,canine cutaneous mast cell tumor,1,14469,732,4.41322135925293,1.7922325134277344,True,2,2
300.tiff,canine cutaneous mast cell tumor,1,14553,760,4.3874335289001465,1.7816107273101807,True,2,2
300.tiff,canine cutaneous mast cell tumor,1,14468,767,4.381419658660889,1.779133677482605,True,2,2
300.tiff,canine cutaneous mast cell tumor,1,14644,771,4.376978397369385,1.7773042917251587,True,2,2
300.tiff,canine cutaneous mast cell tumor,1,14483,773,4.372531414031982,1.7754725217819214,False,3,2
300.tiff,canine cutaneous mast cell tumor,1,14481,780,4.3674397468566895,1.7733752727508545,True,2,2
300.tiff,canine cutaneous mast cell tumor,1,14621,784,4.361413478851318,1.7708930969238281,True,2,2
300.tiff,canine cutaneous mast cell tumor,1,14506,798,4.349293231964111,1.7659008502960205,False,3,2
300.tiff,canine cutaneous mast cell tumor,1,14635,850,4.312469482421875,1.7507332563400269,True,2,2
300.tiff,canine cutaneous mast cell tumor,1,14537,881,4.286118984222412,1.7398796081542969,True,2,2
300.tiff,canine cutaneous mast cell tumor,1,14520,890,4.277746200561523,1.7364310026168823,True,2,2
300.tiff,canine cutaneous mast cell tumor,1,14600,898,4.269792079925537,1.7331546545028687,True,2,2
300.tiff,canine cutaneous mast cell tumor,1,14505,929,4.245663166046143,1.7232160568237305,False,3,2
300.tiff,canine cutaneous mast cell tumor,1,14507,942,4.239859104156494,1.720825433731079,False,3,2
300.tiff,canine cutaneous mast cell tumor,1,14650,951,4.233609676361084,1.7182512283325195,True,2,2
300.tiff,canine cutaneous mast cell tumor,1,14479,964,4.225545406341553,1.7149296998977661,True,2,2
300.tiff,canine cutaneous mast cell tumor,1,14614,993,4.207520008087158,1.7075049877166748,True,2,2
300.tiff,canine cutaneous mast cell tumor,1,14465,1113,4.122313976287842,1.6724090576171875,True,2,2
300.tiff,canine cutaneous mast cell tumor,1,14619,1159,4.1001505851745605,1.6632798910140991,True,2,2
300.tiff,canine cutaneous mast cell tumor,1,14589,1228,4.053881645202637,1.6442220211029053,True,2,2
300.tiff,canine cutaneous mast cell tumor,1,14516,1249,4.04414701461792,1.6402122974395752,True,2,2
300.tiff,canine cutaneous mast cell tumor,1,14568,1259,4.036979675292969,1.6372601985931396,False,3,2
300.tiff,canine cutaneous mast cell tumor,1,14581,1268,4.0334248542785645,1.6357959508895874,True,2,2
300.tiff,canine cutaneous mast cell tumor,1,14590,1272,4.032351016998291,1.635353684425354,False,3,2
300.tiff,canine cutaneous mast cell tumor,1,14478,1392,3.975099802017212,1.611772060394287,False,3,2
300.tiff,canine cutaneous mast cell tumor,1,14488,1411,3.9698593616485596,1.6096135377883911,False,3,2
300.tiff,canine cutaneous mast cell tumor,1,14523,1470,3.9370970726013184,1.5961189270019531,True,2,2
300.tiff,canine cutaneous mast cell tumor,1,14586,1509,3.9211959838867188,1.589569330215454,True,2,2
300.tiff,canine cutaneous mast cell tumor,1,14548,1515,3.9176928997039795,1.5881264209747314,False,3,2
300.tiff,canine cutaneous mast cell tumor,1,14595,1521,3.9160642623901367,1.5874555110931396,True,2,2
300.tiff,canine cutaneous mast cell tumor,1,14508,1524,3.9145421981811523,1.586828589439392,True,2,2
300.tiff,canine cutaneous mast cell tumor,1,14470,1539,3.9079763889312744,1.584124207496643,True,2,2
300.tiff,canine cutaneous mast cell tumor,1,14540,1621,3.877788543701172,1.5716899633407593,True,2,2
300.tiff,canine cutaneous mast cell tumor,1,14467,1648,3.869124174118042,1.568121075630188,False,3,2
300.tiff,canine cutaneous mast cell tumor,1,14640,1734,3.828592538833618,1.5514262914657593,False,3,2
300.tiff,canine cutaneous mast cell tumor,1,14604,1798,3.8095922470092773,1.5436002016067505,True,2,2
300.tiff,canine cutaneous mast cell tumor,1,14460,1815,3.8049464225769043,1.5416865348815918,True,2,2
300.tiff,canine cutaneous mast cell tumor,1,14624,1899,3.776566505432129,1.5299969911575317,True,2,2
300.tiff,canine cutaneous mast cell tumor,1,14461,1973,3.751636028289795,1.519728183746338,True,2,2
300.tiff,canine cutaneous mast cell tumor,1,14473,2109,3.7057502269744873,1.5008280277252197,True,2,2
300.tiff,canine cutaneous mast cell tumor,1,14645,2174,3.687499523162842,1.4933106899261475,True,2,2
300.tiff,canine cutaneous mast cell tumor,1,14510,2318,3.6374499797821045,1.4726954698562622,True,2,2
300.tiff,canine cutaneous mast cell tumor,1,14606,2460,3.598109245300293,1.4564911127090454,True,2,2
300.tiff,canine cutaneous mast cell tumor,1,14591,2546,3.57635498046875,1.4475306272506714,True,2,2
300.tiff,canine cutaneous mast cell tumor,1,14498,2567,3.567016839981079,1.4436843395233154,True,2,2
300.tiff,canine cutaneous mast cell tumor,1,14474,2668,3.5386834144592285,1.4320138692855835,False,3,2
300.tiff,canine cutaneous mast cell tumor,1,14522,2809,3.498084783554077,1.415291428565979,False,3,2
300.tiff,canine cutaneous mast cell tumor,1,14617,2824,3.4950709342956543,1.4140501022338867,True,2,2
300.tiff,canine cutaneous mast cell tumor,1,14562,2854,3.4876599311828613,1.4109975099563599,True,2,2
300.tiff,canine cutaneous mast cell tumor,1,14542,3074,3.4315357208251953,1.3878802061080933,True,2,2
300.tiff,canine cutaneous mast cell tumor,1,14524,3099,3.425391435623169,1.3853493928909302,True,2,2
300.tiff,canine cutaneous mast cell tumor,1,14489,3183,3.4044947624206543,1.3767421245574951,True,2,2
300.tiff,canine cutaneous mast cell tumor,1,14571,3418,3.347187042236328,1.3531372547149658,False,3,2
300.tiff,canine cutaneous mast cell tumor,1,14521,3982,3.233994245529175,1.3065136671066284,True,2,2
300.tiff,canine cutaneous mast cell tumor,1,14564,3997,3.2309370040893555,1.305254340171814,False,3,2
300.tiff,canine cutaneous mast cell tumor,1,14487,4105,3.2117209434509277,1.2973393201828003,False,3,2
300.tiff,canine cutaneous mast cell tumor,1,14466,4230,3.1916580200195312,1.289075493812561,True,2,2
300.tiff,canine cutaneous mast cell tumor,1,14592,5124,3.030034303665161,1.2225033044815063,False,3,2
300.tiff,canine cutaneous mast cell tumor,1,14574,6015,2.900045156478882,1.1689612865447998,True,2,2
300.tiff,canine cutaneous mast cell tumor,1,14692,6463,2.8344876766204834,1.141958475112915,False,3,2
300.tiff,canine cutaneous mast cell tumor,1,14551,8076,2.653775453567505,1.0675238370895386,True,2,2
300.tiff,canine cutaneous mast cell tumor,1,14515,8227,2.6352059841156006,1.0598751306533813,True,2,2
300.tiff,canine cutaneous mast cell tumor,1,14546,8849,2.570387601852417,1.0331766605377197,False,3,2
300.tiff,canine cutaneous mast cell tumor,1,14596,8911,2.564708709716797,1.0308375358581543,True,2,2
300.tiff,canine cutaneous mast cell tumor,1,14529,20944,1.471129298210144,0.5803965926170349,False,3,2
300.tiff,canine cutaneous mast cell tumor,2,14637,1,9.663920402526855,3.915423631668091,True,2,2
300.tiff,canine cutaneous mast cell tumor,2,14586,2,9.477705955505371,3.8382680416107178,True,2,2
300.tiff,canine cutaneous mast cell tumor,2,14634,3,9.338139533996582,3.780440092086792,True,2,2
300.tiff,canine cutaneous mast cell tumor,2,14608,4,9.305723190307617,3.7670090198516846,True,2,2
300.tiff,canine cutaneous mast cell tumor,2,14459,6,9.196451187133789,3.721733331680298,True,2,2
300.tiff,canine cutaneous mast cell tumor,2,14517,7,9.186572074890137,3.7176401615142822,False,3,2
300.tiff,canine cutaneous mast cell tumor,2,14582,8,9.033552169799805,3.654238224029541,True,2,2
300.tiff,canine cutaneous mast cell tumor,2,14639,9,8.931731224060059,3.6120500564575195,False,3,2
300.tiff,canine cutaneous mast cell tumor,2,14545,10,8.794737815856934,3.555288553237915,True,2,2
300.tiff,canine cutaneous mast cell tumor,2,14490,11,8.726271629333496,3.5269205570220947,True,2,2
300.tiff,canine cutaneous mast cell tumor,2,14561,12,8.718823432922363,3.523834228515625,True,2,2
300.tiff,canine cutaneous mast cell tumor,2,14477,13,8.689421653747559,3.5116522312164307,False,3,2
300.tiff,canine cutaneous mast cell tumor,2,14550,14,8.596047401428223,3.472963809967041,True,2,2
300.tiff,canine cutaneous mast cell tumor,2,14503,15,8.54002571105957,3.449751853942871,False,3,2
300.tiff,canine cutaneous mast cell tumor,2,14482,16,8.538214683532715,3.4490015506744385,False,3,2
300.tiff,canine cutaneous mast cell tumor,2,14543,18,8.453272819519043,3.413806676864624,True,2,2
300.tiff,canine cutaneous mast cell tumor,2,14560,19,8.42971134185791,3.4040443897247314,True,2,2
300.tiff,canine cutaneous mast cell tumor,2,14567,20,8.41679573059082,3.3986928462982178,True,2,2
300.tiff,canine cutaneous mast cell tumor,2,14715,21,8.407567977905273,3.394869565963745,False,3,2
300.tiff,canine cutaneous mast cell tumor,2,14630,23,8.350397109985352,3.3711817264556885,True,2,2
300.tiff,canine cutaneous mast cell tumor,2,14572,25,8.260231018066406,3.333822250366211,True,2,2
300.tiff,canine cutaneous mast cell tumor,2,14514,26,8.223716735839844,3.318693161010742,False,3,2
300.tiff,canine cutaneous mast cell tumor,2,14535,27,8.218955039978027,3.3167202472686768,True,2,2
300.tiff,canine cutaneous mast cell tumor,2,14682,28,8.206154823303223,3.3114166259765625,False,3,2
300.tiff,canine cutaneous mast cell tumor,2,14507,29,8.201794624328613,3.309609889984131,False,3,2
300.tiff,canine cutaneous mast cell tumor,2,14609,30,8.107503890991211,3.2705419063568115,True,2,2
300.tiff,canine cutaneous mast cell tumor,2,14620,31,8.098723411560059,3.2669036388397217,True,2,2
300.tiff,canine cutaneous mast cell tumor,2,14600,32,8.095081329345703,3.265394449234009,True,2,2
300.tiff,canine cutaneous mast cell tumor,2,14623,34,8.059769630432129,3.2507636547088623,True,2,2
300.tiff,canine cutaneous mast cell tumor,2,14597,35,8.029873847961426,3.2383766174316406,False,3,2
300.tiff,canine cutaneous mast cell tumor,2,14555,36,8.010220527648926,3.2302334308624268,True,2,2
300.tiff,canine cutaneous mast cell tumor,2,14598,37,8.003299713134766,3.2273662090301514,True,2,2
300.tiff,canine cutaneous mast cell tumor,2,14641,38,7.9974446296691895,3.224940061569214,True,2,2
300.tiff,canine cutaneous mast cell tumor,2,14612,39,7.975297927856445,3.215763807296753,True,2,2
300.tiff,canine cutaneous mast cell tumor,2,14520,41,7.853291988372803,3.1652121543884277,True,2,2
300.tiff,canine cutaneous mast cell tumor,2,14495,42,7.812079429626465,3.1481363773345947,False,3,2
300.tiff,canine cutaneous mast cell tumor,2,14569,43,7.800015926361084,3.1431379318237305,False,3,2
300.tiff,canine cutaneous mast cell tumor,2,14644,44,7.784764766693115,3.1368188858032227,True,2,2
300.tiff,canine cutaneous mast cell tumor,2,14593,45,7.78275728225708,3.1359870433807373,True,2,2
300.tiff,canine cutaneous mast cell tumor,2,14531,46,7.7581095695495605,3.125774621963501,True,2,2
300.tiff,canine cutaneous mast cell tumor,2,14475,48,7.70920991897583,3.105513572692871,True,2,2
300.tiff,canine cutaneous mast cell tumor,2,14618,49,7.699226379394531,3.101377010345459,True,2,2
300.tiff,canine cutaneous mast cell tumor,2,14483,51,7.676249027252197,3.0918567180633545,False,3,2
300.tiff,canine cutaneous mast cell tumor,2,14642,52,7.647447109222412,3.079922914505005,True,2,2
300.tiff,canine cutaneous mast cell tumor,2,14494,53,7.609058856964111,3.0640172958374023,False,3,2
300.tiff,canine cutaneous mast cell tumor,2,14570,54,7.574424743652344,3.0496671199798584,True,2,2
300.tiff,canine cutaneous mast cell tumor,2,14638,57,7.4671173095703125,3.0052056312561035,True,2,2
300.tiff,canine cutaneous mast cell tumor,2,14476,59,7.446404457092285,2.9966235160827637,False,3,2
300.tiff,canine cutaneous mast cell tumor,2,14585,60,7.438266754150391,2.9932518005371094,True,2,2
300.tiff,canine cutaneous mast cell tumor,2,14512,62,7.388169765472412,2.972494602203369,True,2,2
300.tiff,canine cutaneous mast cell tumor,2,14633,63,7.33868932723999,2.951992988586426,True,2,2
300.tiff,canine cutaneous mast cell tumor,2,14607,64,7.32318115234375,2.9455673694610596,True,2,2
300.tiff,canine cutaneous mast cell tumor,2,14505,65,7.314948558807373,2.9421563148498535,False,3,2
300.tiff,canine cutaneous mast cell tumor,2,14619,66,7.306265830993652,2.93855881690979,True,2,2
300.tiff,canine cutaneous mast cell tumor,2,14650,67,7.30142068862915,2.936551332473755,True,2,2
300.tiff,canine cutaneous mast cell tumor,2,14580,68,7.294135570526123,2.93353271484375,True,2,2
300.tiff,canine cutaneous mast cell tumor,2,14525,69,7.25142765045166,2.915837287902832,True,2,2
300.tiff,canine cutaneous mast cell tumor,2,14605,71,7.218700408935547,2.9022772312164307,False,3,2
300.tiff,canine cutaneous mast cell tumor,2,14626,73,7.208504676818848,2.89805269241333,True,2,2
300.tiff,canine cutaneous mast cell tumor,2,14583,75,7.200201988220215,2.8946125507354736,True,2,2
300.tiff,canine cutaneous mast cell tumor,2,14635,76,7.195234775543213,2.892554521560669,True,2,2
300.tiff,canine cutaneous mast cell tumor,2,14568,77,7.1808671951293945,2.886601448059082,False,3,2
300.tiff,canine cutaneous mast cell tumor,2,14594,78,7.178345203399658,2.88555645942688,True,2,2
300.tiff,canine cutaneous mast cell tumor,2,14603,80,7.16942024230957,2.8818585872650146,True,2,2
300.tiff,canine cutaneous mast cell tumor,2,14474,81,7.14600944519043,2.8721585273742676,False,3,2
300.tiff,canine cutaneous mast cell tumor,2,14510,83,7.127771854400635,2.8646020889282227,True,2,2
300.tiff,canine cutaneous mast cell tumor,2,14557,89,7.042139530181885,2.8291213512420654,False,3,2
300.tiff,canine cutaneous mast cell tumor,2,14485,90,7.029088497161865,2.823713779449463,True,2,2
300.tiff,canine cutaneous mast cell tumor,2,14532,91,7.014854907989502,2.8178162574768066,True,2,2
300.tiff,canine cutaneous mast cell tumor,2,14461,92,7.009679317474365,2.815671920776367,True,2,2
300.tiff,canine cutaneous mast cell tumor,2,14640,96,6.980287551879883,2.8034937381744385,False,3,2
300.tiff,canine cutaneous mast cell tumor,2,14606,97,6.974881172180176,2.8012537956237793,True,2,2
300.tiff,canine cutaneous mast cell tumor,2,14553,100,6.94863224029541,2.7903778553009033,True,2,2
300.tiff,canine cutaneous mast cell tumor,2,14587,101,6.945890426635742,2.7892417907714844,False,3,2
300.tiff,canine cutaneous mast cell tumor,2,14548,102,6.928025722503662,2.7818398475646973,False,3,2
300.tiff,canine cutaneous mast cell tumor,2,14537,103,6.924286365509033,2.780290365219116,True,2,2
300.tiff,canine cutaneous mast cell tumor,2,14470,105,6.9183220863342285,2.7778191566467285,True,2,2
300.tiff,canine cutaneous mast cell tumor,2,14615,107,6.906430244445801,2.7728919982910156,True,2,2
300.tiff,canine cutaneous mast cell tumor,2,14484,108,6.900017261505127,2.7702348232269287,False,3,2
300.tiff,canine cutaneous mast cell tumor,2,14534,110,6.880194187164307,2.76202130317688,False,3,2
300.tiff,canine cutaneous mast cell tumor,2,14563,111,6.86987829208374,2.757747173309326,False,3,2
300.tiff,canine cutaneous mast cell tumor,2,14523,117,6.8082194328308105,2.7321994304656982,True,2,2
300.tiff,canine cutaneous mast cell tumor,2,14518,118,6.794486045837402,2.7265093326568604,True,2,2
300.tiff,canine cutaneous mast cell tumor,2,14622,121,6.769067764282227,2.715977430343628,True,2,2
300.tiff,canine cutaneous mast cell tumor,2,14613,123,6.714754104614258,2.6934733390808105,True,2,2
300.tiff,canine cutaneous mast cell tumor,2,14501,124,6.710558891296387,2.691735029220581,True,2,2
300.tiff,canine cutaneous mast cell tumor,2,14509,129,6.6667609214782715,2.6735880374908447,False,3,2
300.tiff,canine cutaneous mast cell tumor,2,14465,132,6.635077476501465,2.6604602336883545,True,2,2
300.tiff,canine cutaneous mast cell tumor,2,14479,133,6.632994174957275,2.659597158432007,True,2,2
300.tiff,canine cutaneous mast cell tumor,2,14539,140,6.612471103668213,2.6510937213897705,True,2,2
300.tiff,canine cutaneous mast cell tumor,2,14516,143,6.602361679077148,2.646904945373535,True,2,2
300.tiff,canine cutaneous mast cell tumor,2,14480,145,6.571020126342773,2.6339190006256104,True,2,2
300.tiff,canine cutaneous mast cell tumor,2,14468,147,6.554112434387207,2.626913547515869,True,2,2
300.tiff,canine cutaneous mast cell tumor,2,14610,149,6.542181491851807,2.6219699382781982,True,2,2
300.tiff,canine cutaneous mast cell tumor,2,14595,151,6.532371997833252,2.617905616760254,True,2,2
300.tiff,canine cutaneous mast cell tumor,2,14493,153,6.518752098083496,2.61226224899292,True,2,2
300.tiff,canine cutaneous mast cell tumor,2,14649,160,6.492526531219482,2.601396083831787,True,2,2
300.tiff,canine cutaneous mast cell tumor,2,14565,167,6.449518203735352,2.583576202392578,True,2,2
300.tiff,canine cutaneous mast cell tumor,2,14604,171,6.4373626708984375,2.5785396099090576,True,2,2
300.tiff,canine cutaneous mast cell tumor,2,14513,174,6.416619777679443,2.5699450969696045,True,2,2
300.tiff,canine cutaneous mast cell tumor,2,14616,176,6.403287410736084,2.5644209384918213,True,2,2
300.tiff,canine cutaneous mast cell tumor,2,14502,184,6.372635364532471,2.55172061920166,False,3,2
300.tiff,canine cutaneous mast cell tumor,2,14631,186,6.367974281311035,2.5497894287109375,True,2,2
300.tiff,canine cutaneous mast cell tumor,2,14462,187,6.364133834838867,2.5481982231140137,True,2,2
300.tiff,canine cutaneous mast cell tumor,2,14617,188,6.361203193664551,2.5469839572906494,True,2,2
300.tiff,canine cutaneous mast cell tumor,2,14632,190,6.351374626159668,2.5429115295410156,True,2,2
300.tiff,canine cutaneous mast cell tumor,2,14540,192,6.333359241485596,2.535447120666504,True,2,2
300.tiff,canine cutaneous mast cell tumor,2,14460,197,6.297419548034668,2.5205559730529785,True,2,2
300.tiff,canine cutaneous mast cell tumor,2,14527,200,6.28863000869751,2.516914129257202,True,2,2
300.tiff,canine cutaneous mast cell tumor,2,14478,202,6.282851219177246,2.514519691467285,False,3,2
300.tiff,canine cutaneous mast cell tumor,2,14629,205,6.259713172912598,2.5049328804016113,False,3,2
300.tiff,canine cutaneous mast cell tumor,2,14559,214,6.241029262542725,2.4971914291381836,True,2,2
300.tiff,canine cutaneous mast cell tumor,2,14547,215,6.2339277267456055,2.494248867034912,False,3,2
300.tiff,canine cutaneous mast cell tumor,2,14487,220,6.2175140380859375,2.487448215484619,False,3,2
300.tiff,canine cutaneous mast cell tumor,2,14581,221,6.215394496917725,2.486569881439209,True,2,2
300.tiff,canine cutaneous mast cell tumor,2,14579,226,6.184991359710693,2.473972797393799,True,2,2
300.tiff,canine cutaneous mast cell tumor,2,14499,234,6.147556304931641,2.4584619998931885,True,2,2
300.tiff,canine cutaneous mast cell tumor,2,14500,249,6.095875263214111,2.4370486736297607,True,2,2
300.tiff,canine cutaneous mast cell tumor,2,14590,255,6.072542667388916,2.4273810386657715,False,3,2
300.tiff,canine cutaneous mast cell tumor,2,14544,257,6.060060501098633,2.4222092628479004,True,2,2
300.tiff,canine cutaneous mast cell tumor,2,14575,266,6.035601615905762,2.4120750427246094,True,2,2
300.tiff,canine cutaneous mast cell tumor,2,14511,269,6.028256416320801,2.409031629562378,True,2,2
300.tiff,canine cutaneous mast cell tumor,2,14571,281,5.964087963104248,2.382444143295288,False,3,2
300.tiff,canine cutaneous mast cell tumor,2,14621,295,5.9165143966674805,2.3627326488494873,True,2,2
300.tiff,canine cutaneous mast cell tumor,2,14498,314,5.871821880340576,2.344214916229248,True,2,2
300.tiff,canine cutaneous mast cell tumor,2,14724,336,5.802369117736816,2.3154380321502686,False,3,2
300.tiff,canine cutaneous mast cell tumor,2,14488,341,5.792738437652588,2.3114476203918457,False,3,2
300.tiff,canine cutaneous mast cell tumor,2,14519,354,5.760984420776367,2.298290729522705,True,2,2
300.tiff,canine cutaneous mast cell tumor,2,14541,383,5.692638397216797,2.269972562789917,True,2,2
300.tiff,canine cutaneous mast cell tumor,2,14685,414,5.6280412673950195,2.2432074546813965,False,3,2
300.tiff,canine cutaneous mast cell tumor,2,14533,452,5.565524101257324,2.217304229736328,True,2,2
300.tiff,canine cutaneous mast cell tumor,2,14601,454,5.5638041496276855,2.2165915966033936,True,2,2
300.tiff,canine cutaneous mast cell tumor,2,14628,504,5.498745441436768,2.1896352767944336,True,2,2
300.tiff,canine cutaneous mast cell tumor,2,14564,537,5.446994304656982,2.1681928634643555,False,3,2
300.tiff,canine cutaneous mast cell tumor,2,14524,545,5.433305263519287,2.1625211238861084,True,2,2
300.tiff,canine cutaneous mast cell tumor,2,14591,561,5.418163299560547,2.156247138977051,True,2,2
300.tiff,canine cutaneous mast cell tumor,2,14588,565,5.416845321655273,2.155701160430908,True,2,2
300.tiff,canine cutaneous mast cell tumor,2,14599,578,5.400151252746582,2.1487841606140137,True,2,2
300.tiff,canine cutaneous mast cell tumor,2,14526,593,5.375613212585449,2.1386170387268066,True,2,2
300.tiff,canine cutaneous mast cell tumor,2,14665,618,5.3493146896362305,2.127720594406128,False,3,2
300.tiff,canine cutaneous mast cell tumor,2,14522,639,5.325078964233398,2.1176788806915283,False,3,2
300.tiff,canine cutaneous mast cell tumor,2,14578,683,5.277068614959717,2.0977864265441895,True,2,2
300.tiff,canine cutaneous mast cell tumor,2,14589,827,5.13823127746582,2.0402607917785645,True,2,2
300.tiff,canine cutaneous mast cell tumor,2,14624,932,5.060718059539795,2.0081441402435303,True,2,2
300.tiff,canine cutaneous mast cell tumor,2,14625,970,5.028191089630127,1.9946669340133667,True,2,2
300.tiff,canine cutaneous mast cell tumor,2,14577,1034,4.990800380706787,1.9791744947433472,True,2,2
300.tiff,canine cutaneous mast cell tumor,2,14473,1156,4.918381214141846,1.9491686820983887,True,2,2
300.tiff,canine cutaneous mast cell tumor,2,14554,1195,4.89632511138916,1.9400299787521362,True,2,2
300.tiff,canine cutaneous mast cell tumor,2,14602,1322,4.817559719085693,1.9073944091796875,True,2,2
300.tiff,canine cutaneous mast cell tumor,2,14506,1434,4.760642051696777,1.8838112354278564,False,3,2
300.tiff,canine cutaneous mast cell tumor,2,14515,1501,4.73538064956665,1.8733446598052979,True,2,2
300.tiff,canine cutaneous mast cell tumor,2,14646,1675,4.662231922149658,1.8430362939834595,True,2,2
300.tiff,canine cutaneous mast cell tumor,2,14558,1801,4.619668006896973,1.8254005908966064,True,2,2
300.tiff,canine cutaneous mast cell tumor,2,14489,1821,4.610463619232178,1.8215867280960083,True,2,2
300.tiff,canine cutaneous mast cell tumor,2,14653,1832,4.606797695159912,1.8200678825378418,False,3,2
300.tiff,canine cutaneous mast cell tumor,2,14528,2042,4.539231300354004,1.7920725345611572,True,2,2
300.tiff,canine cutaneous mast cell tumor,2,14574,2207,4.491857051849365,1.7724435329437256,True,2,2
300.tiff,canine cutaneous mast cell tumor,2,14693,2254,4.473597049713135,1.7648779153823853,True,2,2
300.tiff,canine cutaneous mast cell tumor,2,14542,2258,4.471648693084717,1.7640705108642578,True,2,2
300.tiff,canine cutaneous mast cell tumor,2,14464,2411,4.42547607421875,1.7449394464492798,True,2,2
300.tiff,canine cutaneous mast cell tumor,2,14627,2700,4.34214448928833,1.7104121446609497,True,2,2
300.tiff,canine cutaneous mast cell tumor,2,14467,2893,4.287126064300537,1.687615990638733,False,3,2
300.tiff,canine cutaneous mast cell tumor,2,14562,3257,4.198443412780762,1.6508712768554688,True,2,2
300.tiff,canine cutaneous mast cell tumor,2,14596,3473,4.145185470581055,1.6288046836853027,True,2,2
300.tiff,canine cutaneous mast cell tumor,2,14556,3614,4.109763145446777,1.6141277551651,False,3,2
300.tiff,canine cutaneous mast cell tumor,2,14647,4086,4.011270523071289,1.573318600654602,True,2,2
300.tiff,canine cutaneous mast cell tumor,2,14521,4973,3.837494134902954,1.5013165473937988,True,2,2
300.tiff,canine cutaneous mast cell tumor,2,14645,5155,3.8022804260253906,1.48672616481781,True,2,2
300.tiff,canine cutaneous mast cell tumor,2,14529,5248,3.784437656402588,1.4793332815170288,False,3,2
300.tiff,canine cutaneous mast cell tumor,2,14686,5616,3.7174768447875977,1.4515888690948486,False,3,2
300.tiff,canine cutaneous mast cell tumor,2,14492,5721,3.6975667476654053,1.4433393478393555,True,2,2
300.tiff,canine cutaneous mast cell tumor,2,14698,6637,3.5373823642730713,1.3769689798355103,False,3,2
300.tiff,canine cutaneous mast cell tumor,2,14592,8021,3.292850971221924,1.2756505012512207,False,3,2
300.tiff,canine cutaneous mast cell tumor,2,14551,8290,3.2502095699310303,1.2579824924468994,True,2,2
300.tiff,canine cutaneous mast cell tumor,2,14692,8406,3.2309467792510986,1.2500011920928955,False,3,2
300.tiff,canine cutaneous mast cell tumor,2,14469,8537,3.20527982711792,1.2393664121627808,True,2,2
300.tiff,canine cutaneous mast cell tumor,2,14466,10035,2.9504668712615967,1.1337878704071045,True,2,2
300.tiff,canine cutaneous mast cell tumor,2,14508,10572,2.850241184234619,1.0922605991363525,True,2,2
300.tiff,canine cutaneous mast cell tumor,2,14546,10969,2.780963182449341,1.06355619430542,False,3,2
300.tiff,canine cutaneous mast cell tumor,2,14481,11024,2.771357774734497,1.0595762729644775,True,2,2
300.tiff,canine cutaneous mast cell tumor,3,14637,1,9.663920402526855,3.915423631668091,True,2,2
300.tiff,canine cutaneous mast cell tumor,3,14586,2,9.477705955505371,3.8382680416107178,True,2,2
300.tiff,canine cutaneous mast cell tumor,3,14634,3,9.338139533996582,3.780440092086792,True,2,2
300.tiff,canine cutaneous mast cell tumor,3,14608,4,9.305723190307617,3.7670090198516846,True,2,2
300.tiff,canine cutaneous mast cell tumor,3,14459,6,9.196451187133789,3.721733331680298,True,2,2
300.tiff,canine cutaneous mast cell tumor,3,14517,7,9.186572074890137,3.7176401615142822,False,3,2
300.tiff,canine cutaneous mast cell tumor,3,14582,8,9.033552169799805,3.654238224029541,True,2,2
300.tiff,canine cutaneous mast cell tumor,3,14639,9,8.931731224060059,3.6120500564575195,False,3,2
300.tiff,canine cutaneous mast cell tumor,3,14545,10,8.794737815856934,3.555288553237915,True,2,2
300.tiff,canine cutaneous mast cell tumor,3,14490,11,8.726271629333496,3.5269205570220947,True,2,2
300.tiff,canine cutaneous mast cell tumor,3,14561,12,8.718823432922363,3.523834228515625,True,2,2
300.tiff,canine cutaneous mast cell tumor,3,14477,13,8.689421653747559,3.5116522312164307,False,3,2
300.tiff,canine cutaneous mast cell tumor,3,14550,14,8.596047401428223,3.472963809967041,True,2,2
300.tiff,canine cutaneous mast cell tumor,3,14503,15,8.54002571105957,3.449751853942871,False,3,2
300.tiff,canine cutaneous mast cell tumor,3,14482,16,8.538214683532715,3.4490015506744385,False,3,2
300.tiff,canine cutaneous mast cell tumor,3,14543,18,8.453272819519043,3.413806676864624,True,2,2
300.tiff,canine cutaneous mast cell tumor,3,14560,19,8.42971134185791,3.4040443897247314,True,2,2
300.tiff,canine cutaneous mast cell tumor,3,14567,20,8.41679573059082,3.3986928462982178,True,2,2
300.tiff,canine cutaneous mast cell tumor,3,14715,21,8.407567977905273,3.394869565963745,False,3,2
300.tiff,canine cutaneous mast cell tumor,3,14630,23,8.350397109985352,3.3711817264556885,True,2,2
300.tiff,canine cutaneous mast cell tumor,3,14572,25,8.260231018066406,3.333822250366211,True,2,2
300.tiff,canine cutaneous mast cell tumor,3,14514,26,8.223716735839844,3.318693161010742,False,3,2
300.tiff,canine cutaneous mast cell tumor,3,14535,27,8.218955039978027,3.3167202472686768,True,2,2
300.tiff,canine cutaneous mast cell tumor,3,14682,28,8.206154823303223,3.3114166259765625,False,3,2
300.tiff,canine cutaneous mast cell tumor,3,14507,29,8.201794624328613,3.309609889984131,False,3,2
300.tiff,canine cutaneous mast cell tumor,3,14609,30,8.107503890991211,3.2705419063568115,True,2,2
300.tiff,canine cutaneous mast cell tumor,3,14620,31,8.098723411560059,3.2669036388397217,True,2,2
300.tiff,canine cutaneous mast cell tumor,3,14600,32,8.095081329345703,3.265394449234009,True,2,2
300.tiff,canine cutaneous mast cell tumor,3,14623,34,8.059769630432129,3.2507636547088623,True,2,2
300.tiff,canine cutaneous mast cell tumor,3,14597,35,8.029873847961426,3.2383766174316406,False,3,2
300.tiff,canine cutaneous mast cell tumor,3,14555,36,8.010220527648926,3.2302334308624268,True,2,2
300.tiff,canine cutaneous mast cell tumor,3,14598,37,8.003299713134766,3.2273662090301514,True,2,2
300.tiff,canine cutaneous mast cell tumor,3,14641,38,7.9974446296691895,3.224940061569214,True,2,2
300.tiff,canine cutaneous mast cell tumor,3,14612,39,7.975297927856445,3.215763807296753,True,2,2
300.tiff,canine cutaneous mast cell tumor,3,14520,41,7.853291988372803,3.1652121543884277,True,2,2
300.tiff,canine cutaneous mast cell tumor,3,14495,42,7.812079429626465,3.1481363773345947,False,3,2
300.tiff,canine cutaneous mast cell tumor,3,14569,43,7.800015926361084,3.1431379318237305,False,3,2
300.tiff,canine cutaneous mast cell tumor,3,14644,44,7.784764766693115,3.1368188858032227,True,2,2
300.tiff,canine cutaneous mast cell tumor,3,14593,45,7.78275728225708,3.1359870433807373,True,2,2
300.tiff,canine cutaneous mast cell tumor,3,14531,46,7.7581095695495605,3.125774621963501,True,2,2
300.tiff,canine cutaneous mast cell tumor,3,14475,48,7.70920991897583,3.105513572692871,True,2,2
300.tiff,canine cutaneous mast cell tumor,3,14618,49,7.699226379394531,3.101377010345459,True,2,2
300.tiff,canine cutaneous mast cell tumor,3,14483,51,7.676249027252197,3.0918567180633545,False,3,2
300.tiff,canine cutaneous mast cell tumor,3,14642,52,7.647447109222412,3.079922914505005,True,2,2
300.tiff,canine cutaneous mast cell tumor,3,14494,53,7.609058856964111,3.0640172958374023,False,3,2
300.tiff,canine cutaneous mast cell tumor,3,14570,54,7.574424743652344,3.0496671199798584,True,2,2
300.tiff,canine cutaneous mast cell tumor,3,14638,57,7.4671173095703125,3.0052056312561035,True,2,2
300.tiff,canine cutaneous mast cell tumor,3,14476,59,7.446404457092285,2.9966235160827637,False,3,2
300.tiff,canine cutaneous mast cell tumor,3,14585,60,7.438266754150391,2.9932518005371094,True,2,2
300.tiff,canine cutaneous mast cell tumor,3,14512,62,7.388169765472412,2.972494602203369,True,2,2
300.tiff,canine cutaneous mast cell tumor,3,14633,63,7.33868932723999,2.951992988586426,True,2,2
300.tiff,canine cutaneous mast cell tumor,3,14607,64,7.32318115234375,2.9455673694610596,True,2,2
300.tiff,canine cutaneous mast cell tumor,3,14505,65,7.314948558807373,2.9421563148498535,False,3,2
300.tiff,canine cutaneous mast cell tumor,3,14619,66,7.306265830993652,2.93855881690979,True,2,2
300.tiff,canine cutaneous mast cell tumor,3,14650,67,7.30142068862915,2.936551332473755,True,2,2
300.tiff,canine cutaneous mast cell tumor,3,14580,68,7.294135570526123,2.93353271484375,True,2,2
300.tiff,canine cutaneous mast cell tumor,3,14525,69,7.25142765045166,2.915837287902832,True,2,2
300.tiff,canine cutaneous mast cell tumor,3,14605,71,7.218700408935547,2.9022772312164307,False,3,2
300.tiff,canine cutaneous mast cell tumor,3,14626,73,7.208504676818848,2.89805269241333,True,2,2
300.tiff,canine cutaneous mast cell tumor,3,14583,75,7.200201988220215,2.8946125507354736,True,2,2
300.tiff,canine cutaneous mast cell tumor,3,14635,76,7.195234775543213,2.892554521560669,True,2,2
300.tiff,canine cutaneous mast cell tumor,3,14568,77,7.1808671951293945,2.886601448059082,False,3,2
300.tiff,canine cutaneous mast cell tumor,3,14594,78,7.178345203399658,2.88555645942688,True,2,2
300.tiff,canine cutaneous mast cell tumor,3,14603,80,7.16942024230957,2.8818585872650146,True,2,2
300.tiff,canine cutaneous mast cell tumor,3,14474,81,7.14600944519043,2.8721585273742676,False,3,2
300.tiff,canine cutaneous mast cell tumor,3,14510,83,7.127771854400635,2.8646020889282227,True,2,2
300.tiff,canine cutaneous mast cell tumor,3,14557,89,7.042139530181885,2.8291213512420654,False,3,2
300.tiff,canine cutaneous mast cell tumor,3,14485,90,7.029088497161865,2.823713779449463,True,2,2
300.tiff,canine cutaneous mast cell tumor,3,14532,91,7.014854907989502,2.8178162574768066,True,2,2
300.tiff,canine cutaneous mast cell tumor,3,14461,92,7.009679317474365,2.815671920776367,True,2,2
300.tiff,canine cutaneous mast cell tumor,3,14640,96,6.980287551879883,2.8034937381744385,False,3,2
300.tiff,canine cutaneous mast cell tumor,3,14606,97,6.974881172180176,2.8012537956237793,True,2,2
300.tiff,canine cutaneous mast cell tumor,3,14553,100,6.94863224029541,2.7903778553009033,True,2,2
300.tiff,canine cutaneous mast cell tumor,3,14587,101,6.945890426635742,2.7892417907714844,False,3,2
300.tiff,canine cutaneous mast cell tumor,3,14548,102,6.928025722503662,2.7818398475646973,False,3,2
300.tiff,canine cutaneous mast cell tumor,3,14537,103,6.924286365509033,2.780290365219116,True,2,2
300.tiff,canine cutaneous mast cell tumor,3,14470,105,6.9183220863342285,2.7778191566467285,True,2,2
300.tiff,canine cutaneous mast cell tumor,3,14615,107,6.906430244445801,2.7728919982910156,True,2,2
300.tiff,canine cutaneous mast cell tumor,3,14484,108,6.900017261505127,2.7702348232269287,False,3,2
300.tiff,canine cutaneous mast cell tumor,3,14534,110,6.880194187164307,2.76202130317688,False,3,2
300.tiff,canine cutaneous mast cell tumor,3,14563,111,6.86987829208374,2.757747173309326,False,3,2
300.tiff,canine cutaneous mast cell tumor,3,14523,117,6.8082194328308105,2.7321994304656982,True,2,2
300.tiff,canine cutaneous mast cell tumor,3,14518,118,6.794486045837402,2.7265093326568604,True,2,2
300.tiff,canine cutaneous mast cell tumor,3,14622,121,6.769067764282227,2.715977430343628,True,2,2
300.tiff,canine cutaneous mast cell tumor,3,14613,123,6.714754104614258,2.6934733390808105,True,2,2
300.tiff,canine cutaneous mast cell tumor,3,14501,124,6.710558891296387,2.691735029220581,True,2,2
300.tiff,canine cutaneous mast cell tumor,3,14509,129,6.6667609214782715,2.6735880374908447,False,3,2
300.tiff,canine cutaneous mast cell tumor,3,14465,132,6.635077476501465,2.6604602336883545,True,2,2
300.tiff,canine cutaneous mast cell tumor,3,14479,133,6.632994174957275,2.659597158432007,True,2,2
300.tiff,canine cutaneous mast cell tumor,3,14539,140,6.612471103668213,2.6510937213897705,True,2,2
300.tiff,canine cutaneous mast cell tumor,3,14516,143,6.602361679077148,2.646904945373535,True,2,2
300.tiff,canine cutaneous mast cell tumor,3,14480,145,6.571020126342773,2.6339190006256104,True,2,2
300.tiff,canine cutaneous mast cell tumor,3,14468,147,6.554112434387207,2.626913547515869,True,2,2
300.tiff,canine cutaneous mast cell tumor,3,14610,149,6.542181491851807,2.6219699382781982,True,2,2
300.tiff,canine cutaneous mast cell tumor,3,14595,151,6.532371997833252,2.617905616760254,True,2,2
300.tiff,canine cutaneous mast cell tumor,3,14493,153,6.518752098083496,2.61226224899292,True,2,2
300.tiff,canine cutaneous mast cell tumor,3,14649,160,6.492526531219482,2.601396083831787,True,2,2
300.tiff,canine cutaneous mast cell tumor,3,14565,167,6.449518203735352,2.583576202392578,True,2,2
300.tiff,canine cutaneous mast cell tumor,3,14604,171,6.4373626708984375,2.5785396099090576,True,2,2
300.tiff,canine cutaneous mast cell tumor,3,14513,174,6.416619777679443,2.5699450969696045,True,2,2
300.tiff,canine cutaneous mast cell tumor,3,14616,176,6.403287410736084,2.5644209384918213,True,2,2
300.tiff,canine cutaneous mast cell tumor,3,14502,184,6.372635364532471,2.55172061920166,False,3,2
300.tiff,canine cutaneous mast cell tumor,3,14631,186,6.367974281311035,2.5497894287109375,True,2,2
300.tiff,canine cutaneous mast cell tumor,3,14462,187,6.364133834838867,2.5481982231140137,True,2,2
300.tiff,canine cutaneous mast cell tumor,3,14617,188,6.361203193664551,2.5469839572906494,True,2,2
300.tiff,canine cutaneous mast cell tumor,3,14632,190,6.351374626159668,2.5429115295410156,True,2,2
300.tiff,canine cutaneous mast cell tumor,3,14540,192,6.333359241485596,2.535447120666504,True,2,2
300.tiff,canine cutaneous mast cell tumor,3,14460,197,6.297419548034668,2.5205559730529785,True,2,2
300.tiff,canine cutaneous mast cell tumor,3,14527,200,6.28863000869751,2.516914129257202,True,2,2
300.tiff,canine cutaneous mast cell tumor,3,14478,202,6.282851219177246,2.514519691467285,False,3,2
300.tiff,canine cutaneous mast cell tumor,3,14629,205,6.259713172912598,2.5049328804016113,False,3,2
300.tiff,canine cutaneous mast cell tumor,3,14559,214,6.241029262542725,2.4971914291381836,True,2,2
300.tiff,canine cutaneous mast cell tumor,3,14547,215,6.2339277267456055,2.494248867034912,False,3,2
300.tiff,canine cutaneous mast cell tumor,3,14487,220,6.2175140380859375,2.487448215484619,False,3,2
300.tiff,canine cutaneous mast cell tumor,3,14581,221,6.215394496917725,2.486569881439209,True,2,2
300.tiff,canine cutaneous mast cell tumor,3,14579,226,6.184991359710693,2.473972797393799,True,2,2
300.tiff,canine cutaneous mast cell tumor,3,14499,234,6.147556304931641,2.4584619998931885,True,2,2
300.tiff,canine cutaneous mast cell tumor,3,14500,249,6.095875263214111,2.4370486736297607,True,2,2
300.tiff,canine cutaneous mast cell tumor,3,14590,255,6.072542667388916,2.4273810386657715,False,3,2
300.tiff,canine cutaneous mast cell tumor,3,14544,257,6.060060501098633,2.4222092628479004,True,2,2
300.tiff,canine cutaneous mast cell tumor,3,14575,266,6.035601615905762,2.4120750427246094,True,2,2
300.tiff,canine cutaneous mast cell tumor,3,14511,269,6.028256416320801,2.409031629562378,True,2,2
300.tiff,canine cutaneous mast cell tumor,3,14571,281,5.964087963104248,2.382444143295288,False,3,2
300.tiff,canine cutaneous mast cell tumor,3,14621,295,5.9165143966674805,2.3627326488494873,True,2,2
300.tiff,canine cutaneous mast cell tumor,3,14498,314,5.871821880340576,2.344214916229248,True,2,2
300.tiff,canine cutaneous mast cell tumor,3,14724,336,5.802369117736816,2.3154380321502686,False,3,2
300.tiff,canine cutaneous mast cell tumor,3,14488,341,5.792738437652588,2.3114476203918457,False,3,2
300.tiff,canine cutaneous mast cell tumor,3,14519,354,5.760984420776367,2.298290729522705,True,2,2
300.tiff,canine cutaneous mast cell tumor,3,14541,383,5.692638397216797,2.269972562789917,True,2,2
300.tiff,canine cutaneous mast cell tumor,3,14685,414,5.6280412673950195,2.2432074546813965,False,3,2
300.tiff,canine cutaneous mast cell tumor,3,14533,452,5.565524101257324,2.217304229736328,True,2,2
300.tiff,canine cutaneous mast cell tumor,3,14601,454,5.5638041496276855,2.2165915966033936,True,2,2
300.tiff,canine cutaneous mast cell tumor,3,14628,504,5.498745441436768,2.1896352767944336,True,2,2
300.tiff,canine cutaneous mast cell tumor,3,14564,537,5.446994304656982,2.1681928634643555,False,3,2
300.tiff,canine cutaneous mast cell tumor,3,14524,545,5.433305263519287,2.1625211238861084,True,2,2
300.tiff,canine cutaneous mast cell tumor,3,14591,561,5.418163299560547,2.156247138977051,True,2,2
300.tiff,canine cutaneous mast cell tumor,3,14588,565,5.416845321655273,2.155701160430908,True,2,2
300.tiff,canine cutaneous mast cell tumor,3,14599,578,5.400151252746582,2.1487841606140137,True,2,2
300.tiff,canine cutaneous mast cell tumor,3,14526,593,5.375613212585449,2.1386170387268066,True,2,2
300.tiff,canine cutaneous mast cell tumor,3,14665,618,5.3493146896362305,2.127720594406128,False,3,2
300.tiff,canine cutaneous mast cell tumor,3,14522,639,5.325078964233398,2.1176788806915283,False,3,2
300.tiff,canine cutaneous mast cell tumor,3,14578,683,5.277068614959717,2.0977864265441895,True,2,2
300.tiff,canine cutaneous mast cell tumor,3,14589,827,5.13823127746582,2.0402607917785645,True,2,2
300.tiff,canine cutaneous mast cell tumor,3,14624,932,5.060718059539795,2.0081441402435303,True,2,2
300.tiff,canine cutaneous mast cell tumor,3,14625,970,5.028191089630127,1.9946669340133667,True,2,2
300.tiff,canine cutaneous mast cell tumor,3,14577,1034,4.990800380706787,1.9791744947433472,True,2,2
300.tiff,canine cutaneous mast cell tumor,3,14473,1156,4.918381214141846,1.9491686820983887,True,2,2
300.tiff,canine cutaneous mast cell tumor,3,14554,1195,4.89632511138916,1.9400299787521362,True,2,2
300.tiff,canine cutaneous mast cell tumor,3,14602,1322,4.817559719085693,1.9073944091796875,True,2,2
300.tiff,canine cutaneous mast cell tumor,3,14506,1434,4.760642051696777,1.8838112354278564,False,3,2
300.tiff,canine cutaneous mast cell tumor,3,14515,1501,4.73538064956665,1.8733446598052979,True,2,2
300.tiff,canine cutaneous mast cell tumor,3,14646,1675,4.662231922149658,1.8430362939834595,True,2,2
300.tiff,canine cutaneous mast cell tumor,3,14558,1801,4.619668006896973,1.8254005908966064,True,2,2
300.tiff,canine cutaneous mast cell tumor,3,14489,1821,4.610463619232178,1.8215867280960083,True,2,2
300.tiff,canine cutaneous mast cell tumor,3,14653,1832,4.606797695159912,1.8200678825378418,False,3,2
300.tiff,canine cutaneous mast cell tumor,3,14528,2042,4.539231300354004,1.7920725345611572,True,2,2
300.tiff,canine cutaneous mast cell tumor,3,14574,2207,4.491857051849365,1.7724435329437256,True,2,2
300.tiff,canine cutaneous mast cell tumor,3,14693,2254,4.473597049713135,1.7648779153823853,True,2,2
300.tiff,canine cutaneous mast cell tumor,3,14542,2258,4.471648693084717,1.7640705108642578,True,2,2
300.tiff,canine cutaneous mast cell tumor,3,14464,2411,4.42547607421875,1.7449394464492798,True,2,2
300.tiff,canine cutaneous mast cell tumor,3,14627,2700,4.34214448928833,1.7104121446609497,True,2,2
300.tiff,canine cutaneous mast cell tumor,3,14467,2893,4.287126064300537,1.687615990638733,False,3,2
300.tiff,canine cutaneous mast cell tumor,3,14562,3257,4.198443412780762,1.6508712768554688,True,2,2
300.tiff,canine cutaneous mast cell tumor,3,14596,3473,4.145185470581055,1.6288046836853027,True,2,2
300.tiff,canine cutaneous mast cell tumor,3,14556,3614,4.109763145446777,1.6141277551651,False,3,2
300.tiff,canine cutaneous mast cell tumor,3,14647,4086,4.011270523071289,1.573318600654602,True,2,2
300.tiff,canine cutaneous mast cell tumor,3,14521,4973,3.837494134902954,1.5013165473937988,True,2,2
300.tiff,canine cutaneous mast cell tumor,3,14645,5155,3.8022804260253906,1.48672616481781,True,2,2
300.tiff,canine cutaneous mast cell tumor,3,14529,5248,3.784437656402588,1.4793332815170288,False,3,2
300.tiff,canine cutaneous mast cell tumor,3,14686,5616,3.7174768447875977,1.4515888690948486,False,3,2
300.tiff,canine cutaneous mast cell tumor,3,14492,5721,3.6975667476654053,1.4433393478393555,True,2,2
300.tiff,canine cutaneous mast cell tumor,3,14698,6637,3.5373823642730713,1.3769689798355103,False,3,2
300.tiff,canine cutaneous mast cell tumor,3,14592,8021,3.292850971221924,1.2756505012512207,False,3,2
300.tiff,canine cutaneous mast cell tumor,3,14551,8290,3.2502095699310303,1.2579824924468994,True,2,2
300.tiff,canine cutaneous mast cell tumor,3,14692,8406,3.2309467792510986,1.2500011920928955,False,3,2
300.tiff,canine cutaneous mast cell tumor,3,14469,8537,3.20527982711792,1.2393664121627808,True,2,2
300.tiff,canine cutaneous mast cell tumor,3,14466,10035,2.9504668712615967,1.1337878704071045,True,2,2
300.tiff,canine cutaneous mast cell tumor,3,14508,10572,2.850241184234619,1.0922605991363525,True,2,2
300.tiff,canine cutaneous mast cell tumor,3,14546,10969,2.780963182449341,1.06355619430542,False,3,2
300.tiff,canine cutaneous mast cell tumor,3,14481,11024,2.771357774734497,1.0595762729644775,True,2,2
300.tiff,canine cutaneous mast cell tumor,4,14632,1,12.445631980895996,3.455843210220337,True,2,2
300.tiff,canine cutaneous mast cell tumor,4,14477,2,11.072612762451172,3.070817708969116,False,3,2
300.tiff,canine cutaneous mast cell tumor,4,14626,3,10.78482437133789,2.990115165710449,True,2,2
300.tiff,canine cutaneous mast cell tumor,4,14559,4,10.450931549072266,2.896484136581421,True,2,2
300.tiff,canine cutaneous mast cell tumor,4,14502,5,10.405088424682617,2.8836286067962646,False,3,2
300.tiff,canine cutaneous mast cell tumor,4,14484,6,10.341214179992676,2.8657169342041016,False,3,2
300.tiff,canine cutaneous mast cell tumor,4,14598,7,10.219039916992188,2.831456422805786,True,2,2
300.tiff,canine cutaneous mast cell tumor,4,14594,8,10.186728477478027,2.8223955631256104,True,2,2
300.tiff,canine cutaneous mast cell tumor,4,14580,9,10.109905242919922,2.8008527755737305,True,2,2
300.tiff,canine cutaneous mast cell tumor,4,14501,11,9.82051944732666,2.7197022438049316,True,2,2
300.tiff,canine cutaneous mast cell tumor,4,14518,12,9.770941734313965,2.7057995796203613,True,2,2
300.tiff,canine cutaneous mast cell tumor,4,14563,14,9.695677757263184,2.6846940517425537,False,3,2
300.tiff,canine cutaneous mast cell tumor,4,14503,17,9.646411895751953,2.6708786487579346,False,3,2
300.tiff,canine cutaneous mast cell tumor,4,14605,18,9.629396438598633,2.666107177734375,False,3,2
300.tiff,canine cutaneous mast cell tumor,4,14665,20,9.528797149658203,2.637896776199341,False,3,2
300.tiff,canine cutaneous mast cell tumor,4,14534,21,9.489386558532715,2.626845121383667,False,3,2
300.tiff,canine cutaneous mast cell tumor,4,14475,22,9.403908729553223,2.602875232696533,True,2,2
300.tiff,canine cutaneous mast cell tumor,4,14505,24,9.397756576538086,2.6011500358581543,False,3,2
300.tiff,canine cutaneous mast cell tumor,4,14682,25,9.365288734436035,2.592045307159424,False,3,2
300.tiff,canine cutaneous mast cell tumor,4,14642,26,9.333127975463867,2.583026647567749,True,2,2
300.tiff,canine cutaneous mast cell tumor,4,14545,27,9.178976058959961,2.5397989749908447,True,2,2
300.tiff,canine cutaneous mast cell tumor,4,14610,28,9.021273612976074,2.4955756664276123,True,2,2
300.tiff,canine cutaneous mast cell tumor,4,14547,29,8.956866264343262,2.4775145053863525,False,3,2
300.tiff,canine cutaneous mast cell tumor,4,14601,30,8.883980751037598,2.457075834274292,True,2,2
300.tiff,canine cutaneous mast cell tumor,4,14485,31,8.86075210571289,2.450562000274658,True,2,2
300.tiff,canine cutaneous mast cell tumor,4,14526,33,8.814459800720215,2.4375803470611572,True,2,2
300.tiff,canine cutaneous mast cell tumor,4,14623,37,8.647635459899902,2.390799045562744,True,2,2
300.tiff,canine cutaneous mast cell tumor,4,14495,38,8.604047775268555,2.3785762786865234,False,3,2
300.tiff,canine cutaneous mast cell tumor,4,14615,39,8.600945472717285,2.377706289291382,True,2,2
300.tiff,canine cutaneous mast cell tumor,4,14525,41,8.532882690429688,2.3586199283599854,True,2,2
300.tiff,canine cutaneous mast cell tumor,4,14550,43,8.494672775268555,2.347904920578003,True,2,2
300.tiff,canine cutaneous mast cell tumor,4,14579,46,8.413729667663574,2.325206756591797,True,2,2
300.tiff,canine cutaneous mast cell tumor,4,14509,49,8.369023323059082,2.3126699924468994,False,3,2
300.tiff,canine cutaneous mast cell tumor,4,14582,51,8.280352592468262,2.2878048419952393,True,2,2
300.tiff,canine cutaneous mast cell tumor,4,14622,52,8.276939392089844,2.2868475914001465,True,2,2
300.tiff,canine cutaneous mast cell tumor,4,14568,54,8.2471342086792,2.278489589691162,False,3,2
300.tiff,canine cutaneous mast cell tumor,4,14514,56,8.208395957946777,2.2676265239715576,False,3,2
300.tiff,canine cutaneous mast cell tumor,4,14482,63,8.019495964050293,2.2146546840667725,False,3,2
300.tiff,canine cutaneous mast cell tumor,4,14499,64,8.017897605895996,2.2142064571380615,True,2,2
300.tiff,canine cutaneous mast cell tumor,4,14548,76,7.874660968780518,2.174039602279663,False,3,2
300.tiff,canine cutaneous mast cell tumor,4,14637,81,7.799685955047607,2.153014898300171,True,2,2
300.tiff,canine cutaneous mast cell tumor,4,14511,82,7.799213409423828,2.1528823375701904,True,2,2
300.tiff,canine cutaneous mast cell tumor,4,14537,87,7.741992950439453,2.136836528778076,True,2,2
300.tiff,canine cutaneous mast cell tumor,4,14493,88,7.725742340087891,2.132279396057129,True,2,2
300.tiff,canine cutaneous mast cell tumor,4,14465,94,7.705809116363525,2.1266896724700928,True,2,2
300.tiff,canine cutaneous mast cell tumor,4,14531,98,7.6799139976501465,2.1194281578063965,True,2,2
300.tiff,canine cutaneous mast cell tumor,4,14558,103,7.602629661560059,2.0977559089660645,True,2,2
300.tiff,canine cutaneous mast cell tumor,4,14585,108,7.539740562438965,2.080120325088501,True,2,2
300.tiff,canine cutaneous mast cell tumor,4,14459,109,7.539738655090332,2.0801198482513428,True,2,2
300.tiff,canine cutaneous mast cell tumor,4,14494,110,7.532404899597168,2.0780632495880127,False,3,2
300.tiff,canine cutaneous mast cell tumor,4,14570,111,7.522348403930664,2.0752432346343994,True,2,2
300.tiff,canine cutaneous mast cell tumor,4,14607,118,7.463441848754883,2.0587244033813477,True,2,2
300.tiff,canine cutaneous mast cell tumor,4,14612,119,7.439564228057861,2.0520286560058594,True,2,2
300.tiff,canine cutaneous mast cell tumor,4,14620,121,7.418944835662842,2.0462465286254883,True,2,2
300.tiff,canine cutaneous mast cell tumor,4,14685,122,7.414484024047852,2.0449955463409424,False,3,2
300.tiff,canine cutaneous mast cell tumor,4,14599,124,7.389270782470703,2.0379252433776855,True,2,2
300.tiff,canine cutaneous mast cell tumor,4,14561,125,7.38865852355957,2.0377535820007324,True,2,2
300.tiff,canine cutaneous mast cell tumor,4,14597,129,7.369143009185791,2.032280921936035,False,3,2
300.tiff,canine cutaneous mast cell tumor,4,14640,138,7.309887409210205,2.0156643390655518,False,3,2
300.tiff,canine cutaneous mast cell tumor,4,14565,139,7.298777103424072,2.0125486850738525,True,2,2
300.tiff,canine cutaneous mast cell tumor,4,14609,140,7.297839164733887,2.0122857093811035,True,2,2
300.tiff,canine cutaneous mast cell tumor,4,14464,144,7.273645401000977,2.0055012702941895,True,2,2
300.tiff,canine cutaneous mast cell tumor,4,14517,146,7.263742923736572,2.0027244091033936,False,3,2
300.tiff,canine cutaneous mast cell tumor,4,14639,149,7.228122711181641,1.992735505104065,False,3,2
300.tiff,canine cutaneous mast cell tumor,4,14653,155,7.199056625366211,1.9845846891403198,False,3,2
300.tiff,canine cutaneous mast cell tumor,4,14560,159,7.183903217315674,1.9803353548049927,True,2,2
300.tiff,canine cutaneous mast cell tumor,4,14586,162,7.171185493469238,1.976769208908081,True,2,2
300.tiff,canine cutaneous mast cell tumor,4,14602,171,7.111939907073975,1.9601553678512573,True,2,2
300.tiff,canine cutaneous mast cell tumor,4,14635,181,7.055498123168945,1.9443278312683105,True,2,2
300.tiff,canine cutaneous mast cell tumor,4,14555,188,6.989530563354492,1.9258290529251099,True,2,2
300.tiff,canine cutaneous mast cell tumor,4,14544,208,6.875155448913574,1.8937556743621826,True,2,2
300.tiff,canine cutaneous mast cell tumor,4,14647,214,6.856298446655273,1.8884676694869995,True,2,2
300.tiff,canine cutaneous mast cell tumor,4,14613,215,6.854381084442139,1.8879300355911255,True,2,2
300.tiff,canine cutaneous mast cell tumor,4,14649,217,6.845664024353027,1.8854855298995972,True,2,2
300.tiff,canine cutaneous mast cell tumor,4,14589,219,6.830496311187744,1.8812322616577148,True,2,2
300.tiff,canine cutaneous mast cell tumor,4,14476,220,6.827004432678223,1.8802529573440552,False,3,2
300.tiff,canine cutaneous mast cell tumor,4,14646,236,6.776974201202393,1.8662234544754028,True,2,2
300.tiff,canine cutaneous mast cell tumor,4,14490,239,6.76457405090332,1.8627461194992065,True,2,2
300.tiff,canine cutaneous mast cell tumor,4,14483,245,6.745520114898682,1.8574029207229614,False,3,2
300.tiff,canine cutaneous mast cell tumor,4,14641,257,6.686282634735107,1.8407914638519287,True,2,2
300.tiff,canine cutaneous mast cell tumor,4,14520,262,6.67572021484375,1.8378294706344604,True,2,2
300.tiff,canine cutaneous mast cell tumor,4,14513,268,6.659062385559082,1.833158254623413,True,2,2
300.tiff,canine cutaneous mast cell tumor,4,14587,273,6.644371509552002,1.8290386199951172,False,3,2
300.tiff,canine cutaneous mast cell tumor,4,14567,280,6.627265453338623,1.8242416381835938,True,2,2
300.tiff,canine cutaneous mast cell tumor,4,14543,284,6.613069534301758,1.820260763168335,True,2,2
300.tiff,canine cutaneous mast cell tumor,4,14715,288,6.594851493835449,1.8151520490646362,False,3,2
300.tiff,canine cutaneous mast cell tumor,4,14633,297,6.5683207511901855,1.8077123165130615,True,2,2
300.tiff,canine cutaneous mast cell tumor,4,14470,300,6.5642900466918945,1.806581974029541,True,2,2
300.tiff,canine cutaneous mast cell tumor,4,14478,301,6.561564922332764,1.805817723274231,False,3,2
300.tiff,canine cutaneous mast cell tumor,4,14510,307,6.549227714538574,1.8023581504821777,True,2,2
300.tiff,canine cutaneous mast cell tumor,4,14523,311,6.5474629402160645,1.8018633127212524,True,2,2
300.tiff,canine cutaneous mast cell tumor,4,14590,316,6.52897834777832,1.7966797351837158,False,3,2
300.tiff,canine cutaneous mast cell tumor,4,14528,321,6.503383636474609,1.7895023822784424,True,2,2
300.tiff,canine cutaneous mast cell tumor,4,14624,336,6.473544120788574,1.7811347246170044,True,2,2
300.tiff,canine cutaneous mast cell tumor,4,14618,371,6.398509979248047,1.7600934505462646,True,2,2
300.tiff,canine cutaneous mast cell tumor,4,14583,385,6.366166114807129,1.751023530960083,True,2,2
300.tiff,canine cutaneous mast cell tumor,4,14650,401,6.3433356285095215,1.7446213960647583,True,2,2
300.tiff,canine cutaneous mast cell tumor,4,14606,420,6.292365074157715,1.73032808303833,True,2,2
300.tiff,canine cutaneous mast cell tumor,4,14462,430,6.2744598388671875,1.7253069877624512,True,2,2
300.tiff,canine cutaneous mast cell tumor,4,14540,436,6.261538028717041,1.721683382987976,True,2,2
300.tiff,canine cutaneous mast cell tumor,4,14488,441,6.256986618041992,1.7204071283340454,False,3,2
300.tiff,canine cutaneous mast cell tumor,4,14619,443,6.239623546600342,1.7155381441116333,True,2,2
300.tiff,canine cutaneous mast cell tumor,4,14554,449,6.230981826782227,1.7131147384643555,True,2,2
300.tiff,canine cutaneous mast cell tumor,4,14569,500,6.127556324005127,1.6841119527816772,False,3,2
300.tiff,canine cutaneous mast cell tumor,4,14539,503,6.120611190795898,1.6821643114089966,True,2,2
300.tiff,canine cutaneous mast cell tumor,4,14577,525,6.08856725692749,1.6731785535812378,True,2,2
300.tiff,canine cutaneous mast cell tumor,4,14603,536,6.071533203125,1.6684017181396484,True,2,2
300.tiff,canine cutaneous mast cell tumor,4,14516,547,6.060265064239502,1.6652419567108154,True,2,2
300.tiff,canine cutaneous mast cell tumor,4,14621,553,6.051304340362549,1.6627291440963745,True,2,2
300.tiff,canine cutaneous mast cell tumor,4,14557,555,6.050374507904053,1.662468433380127,False,3,2
300.tiff,canine cutaneous mast cell tumor,4,14524,560,6.0424346923828125,1.660241961479187,True,2,2
300.tiff,canine cutaneous mast cell tumor,4,14629,562,6.041075229644775,1.659860610961914,False,3,2
300.tiff,canine cutaneous mast cell tumor,4,14498,570,6.03007698059082,1.6567765474319458,True,2,2
300.tiff,canine cutaneous mast cell tumor,4,14473,598,5.974825382232666,1.6412826776504517,True,2,2
300.tiff,canine cutaneous mast cell tumor,4,14468,611,5.9533538818359375,1.6352616548538208,True,2,2
300.tiff,canine cutaneous mast cell tumor,4,14600,628,5.927858352661133,1.6281120777130127,True,2,2
300.tiff,canine cutaneous mast cell tumor,4,14467,639,5.91764497756958,1.6252480745315552,False,3,2
300.tiff,canine cutaneous mast cell tumor,4,14479,646,5.902780055999756,1.6210795640945435,True,2,2
300.tiff,canine cutaneous mast cell tumor,4,14572,673,5.853132724761963,1.6071573495864868,True,2,2
300.tiff,canine cutaneous mast cell tumor,4,14638,703,5.8060503005981445,1.59395432472229,True,2,2
300.tiff,canine cutaneous mast cell tumor,4,14596,719,5.783991813659668,1.5877686738967896,True,2,2
300.tiff,canine cutaneous mast cell tumor,4,14541,720,5.780625343322754,1.586824655532837,True,2,2
300.tiff,canine cutaneous mast cell tumor,4,14553,723,5.776383876800537,1.5856351852416992,True,2,2
300.tiff,canine cutaneous mast cell tumor,4,14593,762,5.722615718841553,1.5705573558807373,True,2,2
300.tiff,canine cutaneous mast cell tumor,4,14625,768,5.706005096435547,1.5658994913101196,True,2,2
300.tiff,canine cutaneous mast cell tumor,4,14608,782,5.69718074798584,1.5634249448776245,True,2,2
300.tiff,canine cutaneous mast cell tumor,4,14521,802,5.669191837310791,1.555576205253601,True,2,2
300.tiff,canine cutaneous mast cell tumor,4,14595,803,5.6674909591674805,1.5550991296768188,True,2,2
300.tiff,canine cutaneous mast cell tumor,4,14724,847,5.620450019836426,1.5419079065322876,False,3,2
300.tiff,canine cutaneous mast cell tumor,4,14492,862,5.60968542098999,1.5388891696929932,True,2,2
300.tiff,canine cutaneous mast cell tumor,4,14507,884,5.583136081695557,1.5314441919326782,False,3,2
300.tiff,canine cutaneous mast cell tumor,4,14460,908,5.552530288696289,1.5228615999221802,True,2,2
300.tiff,canine cutaneous mast cell tumor,4,14644,926,5.536440372467041,1.5183496475219727,True,2,2
300.tiff,canine cutaneous mast cell tumor,4,14578,998,5.464123725891113,1.498070478439331,True,2,2
300.tiff,canine cutaneous mast cell tumor,4,14487,1023,5.433333396911621,1.489436149597168,False,3,2
300.tiff,canine cutaneous mast cell tumor,4,14474,1045,5.418828010559082,1.4853684902191162,False,3,2
300.tiff,canine cutaneous mast cell tumor,4,14533,1152,5.311432838439941,1.4552524089813232,True,2,2
300.tiff,canine cutaneous mast cell tumor,4,14481,1210,5.270356178283691,1.4437335729599,True,2,2
300.tiff,canine cutaneous mast cell tumor,4,14556,1225,5.261353969573975,1.4412091970443726,False,3,2
300.tiff,canine cutaneous mast cell tumor,4,14634,1234,5.250677108764648,1.4382151365280151,True,2,2
300.tiff,canine cutaneous mast cell tumor,4,14508,1243,5.246974468231201,1.4371768236160278,True,2,2
300.tiff,canine cutaneous mast cell tumor,4,14535,1289,5.223018646240234,1.4304591417312622,True,2,2
300.tiff,canine cutaneous mast cell tumor,4,14527,1527,5.075104713439941,1.388980746269226,True,2,2
300.tiff,canine cutaneous mast cell tumor,4,14617,1545,5.061322212219238,1.3851157426834106,True,2,2
300.tiff,canine cutaneous mast cell tumor,4,14588,1616,5.02683162689209,1.3754438161849976,True,2,2
300.tiff,canine cutaneous mast cell tumor,4,14532,1662,4.997287273406982,1.3671588897705078,True,2,2
300.tiff,canine cutaneous mast cell tumor,4,14522,1692,4.981574535369873,1.3627526760101318,False,3,2
300.tiff,canine cutaneous mast cell tumor,4,14630,1702,4.971245765686035,1.3598562479019165,True,2,2
300.tiff,canine cutaneous mast cell tumor,4,14562,1759,4.943062782287598,1.351953148841858,True,2,2
300.tiff,canine cutaneous mast cell tumor,4,14480,1817,4.917715549468994,1.344845175743103,True,2,2
300.tiff,canine cutaneous mast cell tumor,4,14581,1909,4.873409271240234,1.3324207067489624,True,2,2
300.tiff,canine cutaneous mast cell tumor,4,14519,2018,4.820853233337402,1.3176828622817993,True,2,2
300.tiff,canine cutaneous mast cell tumor,4,14616,2076,4.799224376678467,1.3116176128387451,True,2,2
300.tiff,canine cutaneous mast cell tumor,4,14627,2132,4.776029586791992,1.3051131963729858,True,2,2
300.tiff,canine cutaneous mast cell tumor,4,14575,2241,4.729860782623291,1.2921664714813232,True,2,2
300.tiff,canine cutaneous mast cell tumor,4,14529,2462,4.650717258453369,1.269972801208496,False,3,2
300.tiff,canine cutaneous mast cell tumor,4,14592,2916,4.493937015533447,1.2260080575942993,False,3,2
300.tiff,canine cutaneous mast cell tumor,4,14604,2959,4.4811015129089355,1.2224087715148926,True,2,2
300.tiff,canine cutaneous mast cell tumor,4,14693,3200,4.415232181549072,1.2039375305175781,True,2,2
300.tiff,canine cutaneous mast cell tumor,4,14614,3289,4.392275810241699,1.1974999904632568,True,2,2
300.tiff,canine cutaneous mast cell tumor,4,14698,3420,4.360271453857422,1.1885251998901367,False,3,2
300.tiff,canine cutaneous mast cell tumor,4,14461,3716,4.286304473876953,1.167783260345459,True,2,2
300.tiff,canine cutaneous mast cell tumor,4,14631,3810,4.265803337097168,1.162034273147583,True,2,2
300.tiff,canine cutaneous mast cell tumor,4,14628,3867,4.250555038452148,1.1577582359313965,True,2,2
300.tiff,canine cutaneous mast cell tumor,4,14692,4390,4.134641647338867,1.1252535581588745,False,3,2
300.tiff,canine cutaneous mast cell tumor,4,14469,4780,4.052377700805664,1.1021848917007446,True,2,2
300.tiff,canine cutaneous mast cell tumor,4,14542,4978,4.009441375732422,1.0901445150375366,True,2,2
300.tiff,canine cutaneous mast cell tumor,4,14512,5037,3.995988368988037,1.0863720178604126,True,2,2
300.tiff,canine cutaneous mast cell tumor,4,14551,5045,3.995155096054077,1.086138367652893,True,2,2
300.tiff,canine cutaneous mast cell tumor,4,14564,5265,3.948819875717163,1.0731449127197266,False,3,2
300.tiff,canine cutaneous mast cell tumor,4,14546,5274,3.9468746185302734,1.0725994110107422,False,3,2
300.tiff,canine cutaneous mast cell tumor,4,14591,5463,3.9099161624908447,1.0622354745864868,True,2,2
300.tiff,canine cutaneous mast cell tumor,4,14645,6257,3.757915735244751,1.019611120223999,True,2,2
300.tiff,canine cutaneous mast cell tumor,4,14686,6532,3.7147748470306396,1.007513403892517,False,3,2
300.tiff,canine cutaneous mast cell tumor,4,14515,6763,3.677023410797119,0.99692702293396,True,2,2
300.tiff,canine cutaneous mast cell tumor,4,14574,7830,3.489021062850952,0.944206953048706,True,2,2
300.tiff,canine cutaneous mast cell tumor,4,14466,8377,3.397940158843994,0.9186657667160034,True,2,2
300.tiff,canine cutaneous mast cell tumor,4,14506,8809,3.330699920654297,0.8998100161552429,False,3,2
300.tiff,canine cutaneous mast cell tumor,4,14489,10175,3.1112329959869385,0.8382665514945984,True,2,2
300.tiff,canine cutaneous mast cell tumor,4,14571,10256,3.0992021560668945,0.8348928689956665,False,3,2
301.tiff,canine cutaneous mast cell tumor,0,14824,2,8.097527503967285,1.6261096000671387,True,2,2
301.tiff,canine cutaneous mast cell tumor,0,14997,3,7.721015453338623,1.549455165863037,True,2,2
301.tiff,canine cutaneous mast cell tumor,0,14814,4,7.531875133514404,1.510947823524475,True,2,2
301.tiff,canine cutaneous mast cell tumor,0,14878,5,7.457997798919678,1.4959070682525635,True,2,2
301.tiff,canine cutaneous mast cell tumor,0,14813,6,7.320730209350586,1.4679605960845947,True,2,2
301.tiff,canine cutaneous mast cell tumor,0,14762,7,7.202938079833984,1.443979263305664,True,2,2
301.tiff,canine cutaneous mast cell tumor,0,14867,8,7.111626148223877,1.4253889322280884,True,2,2
301.tiff,canine cutaneous mast cell tumor,0,14784,9,7.087496280670166,1.4204763174057007,True,2,2
301.tiff,canine cutaneous mast cell tumor,0,15017,10,7.077818393707275,1.4185060262680054,False,3,2
301.tiff,canine cutaneous mast cell tumor,0,14955,11,7.062038421630859,1.4152933359146118,True,2,2
301.tiff,canine cutaneous mast cell tumor,0,14849,12,7.020793437957764,1.4068962335586548,True,2,2
301.tiff,canine cutaneous mast cell tumor,0,14737,14,6.987240314483643,1.4000650644302368,True,2,2
301.tiff,canine cutaneous mast cell tumor,0,14817,16,6.9206647872924805,1.386510968208313,True,2,2
301.tiff,canine cutaneous mast cell tumor,0,14833,17,6.920267581939697,1.386430025100708,True,2,2
301.tiff,canine cutaneous mast cell tumor,0,14923,18,6.852527618408203,1.3726388216018677,True,2,2
301.tiff,canine cutaneous mast cell tumor,0,14988,19,6.850968360900879,1.372321367263794,True,2,2
301.tiff,canine cutaneous mast cell tumor,0,14773,21,6.822744369506836,1.3665752410888672,True,2,2
301.tiff,canine cutaneous mast cell tumor,0,14976,22,6.795620441436768,1.3610529899597168,True,2,2
301.tiff,canine cutaneous mast cell tumor,0,14999,23,6.7460808753967285,1.3509671688079834,True,2,2
301.tiff,canine cutaneous mast cell tumor,0,14938,24,6.713628768920898,1.3443602323532104,True,2,2
301.tiff,canine cutaneous mast cell tumor,0,14752,25,6.709960460662842,1.3436133861541748,True,2,2
301.tiff,canine cutaneous mast cell tumor,0,14831,27,6.667002201080322,1.3348674774169922,True,2,2
301.tiff,canine cutaneous mast cell tumor,0,14910,28,6.666301727294922,1.3347249031066895,True,2,2
301.tiff,canine cutaneous mast cell tumor,0,14891,30,6.633925914764404,1.328133463859558,True,2,2
301.tiff,canine cutaneous mast cell tumor,0,15000,32,6.594662189483643,1.320139765739441,True,2,2
301.tiff,canine cutaneous mast cell tumor,0,14905,35,6.546313762664795,1.3102964162826538,True,2,2
301.tiff,canine cutaneous mast cell tumor,0,14755,36,6.540359020233154,1.3090840578079224,True,2,2
301.tiff,canine cutaneous mast cell tumor,0,14937,38,6.526707172393799,1.306304693222046,True,2,2
301.tiff,canine cutaneous mast cell tumor,0,14825,39,6.523717403411865,1.3056960105895996,True,2,2
301.tiff,canine cutaneous mast cell tumor,0,14890,40,6.51872444152832,1.3046795129776,True,2,2
301.tiff,canine cutaneous mast cell tumor,0,15008,41,6.512831211090088,1.3034796714782715,True,2,2
301.tiff,canine cutaneous mast cell tumor,0,15051,42,6.512244701385498,1.3033602237701416,False,3,2
301.tiff,canine cutaneous mast cell tumor,0,14897,43,6.5092668533325195,1.3027540445327759,True,2,2
301.tiff,canine cutaneous mast cell tumor,0,14980,44,6.49099588394165,1.2990342378616333,True,2,2
301.tiff,canine cutaneous mast cell tumor,0,14956,45,6.4665937423706055,1.2940661907196045,True,2,2
301.tiff,canine cutaneous mast cell tumor,0,14972,46,6.444377899169922,1.2895431518554688,False,3,2
301.tiff,canine cutaneous mast cell tumor,0,14945,48,6.438286304473877,1.288303017616272,True,2,2
301.tiff,canine cutaneous mast cell tumor,0,14858,49,6.432814121246338,1.2871888875961304,True,2,2
301.tiff,canine cutaneous mast cell tumor,0,15011,51,6.4302144050598145,1.286659598350525,True,2,2
301.tiff,canine cutaneous mast cell tumor,0,15014,52,6.429732799530029,1.2865616083145142,False,3,2
301.tiff,canine cutaneous mast cell tumor,0,14852,54,6.388605117797852,1.2781883478164673,True,2,2
301.tiff,canine cutaneous mast cell tumor,0,14933,56,6.376861095428467,1.2757973670959473,True,2,2
301.tiff,canine cutaneous mast cell tumor,0,15034,58,6.35988187789917,1.2723405361175537,False,3,2
301.tiff,canine cutaneous mast cell tumor,0,14785,59,6.3487324714660645,1.2700706720352173,True,2,2
301.tiff,canine cutaneous mast cell tumor,0,14917,60,6.326330184936523,1.2655097246170044,True,2,2
301.tiff,canine cutaneous mast cell tumor,0,14961,61,6.302188396453857,1.2605947256088257,True,2,2
301.tiff,canine cutaneous mast cell tumor,0,14881,62,6.287576675415039,1.257619857788086,True,2,2
301.tiff,canine cutaneous mast cell tumor,0,14730,63,6.269522666931152,1.2539442777633667,False,3,2
301.tiff,canine cutaneous mast cell tumor,0,14805,65,6.217214107513428,1.2432947158813477,True,2,2
301.tiff,canine cutaneous mast cell tumor,0,14839,66,6.210539817810059,1.2419358491897583,False,3,2
301.tiff,canine cutaneous mast cell tumor,0,14989,68,6.184438228607178,1.2366218566894531,True,2,2
301.tiff,canine cutaneous mast cell tumor,0,14750,69,6.1836161613464355,1.2364544868469238,True,2,2
301.tiff,canine cutaneous mast cell tumor,0,14982,71,6.139763832092285,1.2275265455245972,True,2,2
301.tiff,canine cutaneous mast cell tumor,0,14947,72,6.128946781158447,1.225324273109436,True,2,2
301.tiff,canine cutaneous mast cell tumor,0,14779,75,6.102147102355957,1.2198680639266968,True,2,2
301.tiff,canine cutaneous mast cell tumor,0,14772,76,6.101934432983398,1.2198247909545898,True,2,2
301.tiff,canine cutaneous mast cell tumor,0,14807,77,6.084022045135498,1.2161779403686523,True,2,2
301.tiff,canine cutaneous mast cell tumor,0,14796,79,6.077319622039795,1.214813470840454,True,2,2
301.tiff,canine cutaneous mast cell tumor,0,14979,80,6.062643051147461,1.2118253707885742,True,2,2
301.tiff,canine cutaneous mast cell tumor,0,14995,81,6.048341751098633,1.208913803100586,True,2,2
301.tiff,canine cutaneous mast cell tumor,0,14921,82,6.003815650939941,1.1998486518859863,True,2,2
301.tiff,canine cutaneous mast cell tumor,0,14726,83,6.002124309539795,1.1995043754577637,True,2,2
301.tiff,canine cutaneous mast cell tumor,0,14924,84,5.956358432769775,1.190186858177185,False,3,2
301.tiff,canine cutaneous mast cell tumor,0,14866,88,5.921145915985107,1.1830178499221802,True,2,2
301.tiff,canine cutaneous mast cell tumor,0,14985,89,5.905611991882324,1.1798553466796875,False,3,2
301.tiff,canine cutaneous mast cell tumor,0,14907,91,5.894761085510254,1.1776461601257324,True,2,2
301.tiff,canine cutaneous mast cell tumor,0,14751,92,5.8933515548706055,1.1773592233657837,True,2,2
301.tiff,canine cutaneous mast cell tumor,0,14766,94,5.870296955108643,1.1726654767990112,True,2,2
301.tiff,canine cutaneous mast cell tumor,0,14781,96,5.868385314941406,1.172276258468628,True,2,2
301.tiff,canine cutaneous mast cell tumor,0,14960,98,5.851304054260254,1.1687986850738525,True,2,2
301.tiff,canine cutaneous mast cell tumor,0,14731,100,5.842550277709961,1.1670165061950684,True,2,2
301.tiff,canine cutaneous mast cell tumor,0,14911,109,5.764707565307617,1.1511684656143188,True,2,2
301.tiff,canine cutaneous mast cell tumor,0,14975,110,5.763375282287598,1.1508971452713013,True,2,2
301.tiff,canine cutaneous mast cell tumor,0,14857,115,5.749495506286621,1.1480714082717896,False,3,2
301.tiff,canine cutaneous mast cell tumor,0,14962,119,5.729248046875,1.1439491510391235,True,2,2
301.tiff,canine cutaneous mast cell tumor,0,14912,121,5.714635848999023,1.1409742832183838,True,2,2
301.tiff,canine cutaneous mast cell tumor,0,14888,122,5.714230060577393,1.140891671180725,True,2,2
301.tiff,canine cutaneous mast cell tumor,0,14844,124,5.6777849197387695,1.1334717273712158,False,3,2
301.tiff,canine cutaneous mast cell tumor,0,14903,125,5.666340351104736,1.1311417818069458,True,2,2
301.tiff,canine cutaneous mast cell tumor,0,14816,127,5.63746976852417,1.1252639293670654,True,2,2
301.tiff,canine cutaneous mast cell tumor,0,14850,130,5.613219261169434,1.1203267574310303,True,2,2
301.tiff,canine cutaneous mast cell tumor,0,14826,132,5.599888801574707,1.1176128387451172,True,2,2
301.tiff,canine cutaneous mast cell tumor,0,14957,139,5.538561820983887,1.105127215385437,True,2,2
301.tiff,canine cutaneous mast cell tumor,0,14977,143,5.51983642578125,1.101314902305603,True,2,2
301.tiff,canine cutaneous mast cell tumor,0,14934,150,5.489217758178711,1.0950812101364136,True,2,2
301.tiff,canine cutaneous mast cell tumor,0,14798,158,5.449216365814209,1.0869373083114624,True,2,2
301.tiff,canine cutaneous mast cell tumor,0,14733,159,5.417651176452637,1.0805108547210693,False,3,2
301.tiff,canine cutaneous mast cell tumor,0,14898,161,5.4175615310668945,1.080492615699768,True,2,2
301.tiff,canine cutaneous mast cell tumor,0,14815,162,5.416135787963867,1.080202341079712,True,2,2
301.tiff,canine cutaneous mast cell tumor,0,14879,176,5.3647141456604,1.0697333812713623,False,3,2
301.tiff,canine cutaneous mast cell tumor,0,14759,181,5.337000846862793,1.0640912055969238,False,3,2
301.tiff,canine cutaneous mast cell tumor,0,15018,183,5.332208156585693,1.0631154775619507,True,2,2
301.tiff,canine cutaneous mast cell tumor,0,14770,185,5.318500518798828,1.0603246688842773,True,2,2
301.tiff,canine cutaneous mast cell tumor,0,14795,186,5.314571380615234,1.0595247745513916,False,3,2
301.tiff,canine cutaneous mast cell tumor,0,15007,200,5.22435188293457,1.0411568880081177,False,3,2
301.tiff,canine cutaneous mast cell tumor,0,14874,203,5.200461387634277,1.0362930297851562,True,2,2
301.tiff,canine cutaneous mast cell tumor,0,14743,206,5.190648078918457,1.0342950820922852,True,2,2
301.tiff,canine cutaneous mast cell tumor,0,14764,210,5.185997009277344,1.0333482027053833,True,2,2
301.tiff,canine cutaneous mast cell tumor,0,14998,211,5.181675910949707,1.0324684381484985,True,2,2
301.tiff,canine cutaneous mast cell tumor,0,14889,215,5.1717095375061035,1.0304393768310547,True,2,2
301.tiff,canine cutaneous mast cell tumor,0,14946,221,5.142374515533447,1.0244669914245605,True,2,2
301.tiff,canine cutaneous mast cell tumor,0,14806,236,5.0980048179626465,1.0154337882995605,False,3,2
301.tiff,canine cutaneous mast cell tumor,0,14904,239,5.086982727050781,1.0131897926330566,False,3,2
301.tiff,canine cutaneous mast cell tumor,0,14842,272,4.980185031890869,0.9914466738700867,True,2,2
301.tiff,canine cutaneous mast cell tumor,0,14932,276,4.961867332458496,0.98771733045578,True,2,2
301.tiff,canine cutaneous mast cell tumor,0,14876,291,4.921790599822998,0.9795581102371216,True,2,2
301.tiff,canine cutaneous mast cell tumor,0,15010,318,4.869051456451416,0.9688208699226379,True,2,2
301.tiff,canine cutaneous mast cell tumor,0,14958,338,4.83786678314209,0.9624719619750977,False,3,2
301.tiff,canine cutaneous mast cell tumor,0,14834,345,4.825888633728027,0.9600332975387573,True,2,2
301.tiff,canine cutaneous mast cell tumor,0,14902,348,4.8187971115112305,0.9585895538330078,True,2,2
301.tiff,canine cutaneous mast cell tumor,0,14856,353,4.8115057945251465,0.9571051001548767,True,2,2
301.tiff,canine cutaneous mast cell tumor,0,15003,358,4.808241367340088,0.9564405083656311,True,2,2
301.tiff,canine cutaneous mast cell tumor,0,14942,383,4.77138090133667,0.9489360451698303,True,2,2
301.tiff,canine cutaneous mast cell tumor,0,14810,397,4.753419399261475,0.9452793002128601,True,2,2
301.tiff,canine cutaneous mast cell tumor,0,14918,416,4.714587211608887,0.9373733997344971,True,2,2
301.tiff,canine cutaneous mast cell tumor,0,14808,418,4.713149547576904,0.9370806813240051,True,2,2
301.tiff,canine cutaneous mast cell tumor,0,14901,448,4.675643444061279,0.9294447302818298,True,2,2
301.tiff,canine cutaneous mast cell tumor,0,14734,457,4.665951251983643,0.9274715185165405,False,3,2
301.tiff,canine cutaneous mast cell tumor,0,14809,461,4.656130313873291,0.92547208070755,False,3,2
301.tiff,canine cutaneous mast cell tumor,0,14757,478,4.639786243438721,0.9221445322036743,True,2,2
301.tiff,canine cutaneous mast cell tumor,0,14963,498,4.61974573135376,0.918064534664154,False,3,2
301.tiff,canine cutaneous mast cell tumor,0,15001,501,4.615354061126709,0.9171704053878784,True,2,2
301.tiff,canine cutaneous mast cell tumor,0,14837,502,4.614598274230957,0.9170165657997131,True,2,2
301.tiff,canine cutaneous mast cell tumor,0,14786,511,4.604851245880127,0.915032148361206,True,2,2
301.tiff,canine cutaneous mast cell tumor,0,14968,537,4.5688323974609375,0.9076989889144897,True,2,2
301.tiff,canine cutaneous mast cell tumor,0,14964,549,4.553724765777588,0.9046232104301453,True,2,2
301.tiff,canine cutaneous mast cell tumor,0,14742,616,4.481113433837891,0.8898401856422424,True,2,2
301.tiff,canine cutaneous mast cell tumor,0,15022,670,4.420214653015137,0.8774417638778687,False,3,2
301.tiff,canine cutaneous mast cell tumor,0,14735,740,4.35597562789917,0.8643633127212524,True,2,2
301.tiff,canine cutaneous mast cell tumor,0,14880,758,4.342600345611572,0.861640214920044,True,2,2
301.tiff,canine cutaneous mast cell tumor,0,14983,773,4.332816123962402,0.8596482276916504,False,3,2
301.tiff,canine cutaneous mast cell tumor,0,14915,774,4.330820560455322,0.8592419624328613,True,2,2
301.tiff,canine cutaneous mast cell tumor,0,14981,786,4.321176528930664,0.8572785258293152,True,2,2
301.tiff,canine cutaneous mast cell tumor,0,14950,798,4.2997260093688965,0.8529114127159119,True,2,2
301.tiff,canine cutaneous mast cell tumor,0,14771,804,4.29549503326416,0.8520500063896179,True,2,2
301.tiff,canine cutaneous mast cell tumor,0,15013,842,4.26125431060791,0.8450788855552673,True,2,2
301.tiff,canine cutaneous mast cell tumor,0,15004,886,4.231052398681641,0.838930070400238,False,3,2
301.tiff,canine cutaneous mast cell tumor,0,14952,909,4.213689804077148,0.8353951573371887,True,2,2
301.tiff,canine cutaneous mast cell tumor,0,14935,941,4.197514533996582,0.8321020603179932,True,2,2
301.tiff,canine cutaneous mast cell tumor,0,14788,942,4.19708251953125,0.8320140838623047,True,2,2
301.tiff,canine cutaneous mast cell tumor,0,14841,965,4.179168701171875,0.8283669352531433,True,2,2
301.tiff,canine cutaneous mast cell tumor,0,14836,1030,4.144262313842773,0.8212603330612183,False,3,2
301.tiff,canine cutaneous mast cell tumor,0,14778,1039,4.139737129211426,0.820339024066925,True,2,2
301.tiff,canine cutaneous mast cell tumor,0,14864,1052,4.132442474365234,0.8188539743423462,False,3,2
301.tiff,canine cutaneous mast cell tumor,0,14789,1160,4.075300693511963,0.8072203993797302,True,2,2
301.tiff,canine cutaneous mast cell tumor,0,14908,1163,4.074620723724365,0.807081937789917,False,3,2
301.tiff,canine cutaneous mast cell tumor,0,14996,1180,4.066982269287109,0.8055267930030823,True,2,2
301.tiff,canine cutaneous mast cell tumor,0,14939,1195,4.059274196624756,0.8039575219154358,False,3,2
301.tiff,canine cutaneous mast cell tumor,0,14797,1248,4.032315731048584,0.7984690070152283,True,2,2
301.tiff,canine cutaneous mast cell tumor,0,14973,1268,4.024914741516113,0.7969622611999512,False,3,2
301.tiff,canine cutaneous mast cell tumor,0,14754,1300,4.01052713394165,0.7940330505371094,True,2,2
301.tiff,canine cutaneous mast cell tumor,0,14914,1315,4.00588321685791,0.7930876612663269,True,2,2
301.tiff,canine cutaneous mast cell tumor,0,14803,1349,3.9890921115875244,0.7896690964698792,True,2,2
301.tiff,canine cutaneous mast cell tumor,0,14812,1367,3.98337721824646,0.7885056138038635,True,2,2
301.tiff,canine cutaneous mast cell tumor,0,14875,1388,3.969359874725342,0.7856518030166626,True,2,2
301.tiff,canine cutaneous mast cell tumor,0,15002,1440,3.9494733810424805,0.7816030979156494,False,3,2
301.tiff,canine cutaneous mast cell tumor,0,14747,1450,3.9440391063690186,0.7804967164993286,True,2,2
301.tiff,canine cutaneous mast cell tumor,0,14916,1465,3.9362454414367676,0.7789099812507629,True,2,2
301.tiff,canine cutaneous mast cell tumor,0,14970,1475,3.931568145751953,0.7779577374458313,False,3,2
301.tiff,canine cutaneous mast cell tumor,0,14882,1510,3.9138121604919434,0.7743427753448486,True,2,2
301.tiff,canine cutaneous mast cell tumor,0,14840,1511,3.913694143295288,0.7743187546730042,False,3,2
301.tiff,canine cutaneous mast cell tumor,0,14868,1592,3.877504587173462,0.7669509053230286,True,2,2
301.tiff,canine cutaneous mast cell tumor,0,14800,1719,3.82780122756958,0.756831705570221,True,2,2
301.tiff,canine cutaneous mast cell tumor,0,14936,1785,3.80659818649292,0.7525149583816528,False,3,2
301.tiff,canine cutaneous mast cell tumor,0,14827,1845,3.790438652038574,0.7492250204086304,True,2,2
301.tiff,canine cutaneous mast cell tumor,0,14749,1881,3.7785861492156982,0.7468119859695435,False,3,2
301.tiff,canine cutaneous mast cell tumor,0,14920,1900,3.771602153778076,0.7453901171684265,False,3,2
301.tiff,canine cutaneous mast cell tumor,0,14829,1932,3.7624735832214355,0.7435315847396851,True,2,2
301.tiff,canine cutaneous mast cell tumor,0,15036,1955,3.755356550216675,0.7420826554298401,False,3,2
301.tiff,canine cutaneous mast cell tumor,0,14790,2090,3.7071149349212646,0.732261061668396,True,2,2
301.tiff,canine cutaneous mast cell tumor,0,14767,2108,3.699925422668457,0.7307973504066467,False,3,2
301.tiff,canine cutaneous mast cell tumor,0,14835,2113,3.6989824771881104,0.7306053638458252,True,2,2
301.tiff,canine cutaneous mast cell tumor,0,14884,2130,3.693495035171509,0.7294881939888,True,2,2
301.tiff,canine cutaneous mast cell tumor,0,14847,2131,3.6932873725891113,0.7294459342956543,True,2,2
301.tiff,canine cutaneous mast cell tumor,0,14865,2192,3.6790578365325928,0.7265489101409912,True,2,2
301.tiff,canine cutaneous mast cell tumor,0,14769,2360,3.6272246837615967,0.7159961462020874,True,2,2
301.tiff,canine cutaneous mast cell tumor,0,14823,2427,3.6118905544281006,0.7128742337226868,True,2,2
301.tiff,canine cutaneous mast cell tumor,0,15027,2492,3.596435785293579,0.7097278237342834,False,3,2
301.tiff,canine cutaneous mast cell tumor,0,14819,2566,3.5782546997070312,0.7060263156890869,True,2,2
301.tiff,canine cutaneous mast cell tumor,0,14974,2921,3.4945571422576904,0.6889862418174744,False,3,2
301.tiff,canine cutaneous mast cell tumor,0,14893,2949,3.4861648082733154,0.687277615070343,False,3,2
301.tiff,canine cutaneous mast cell tumor,0,14787,3014,3.473470687866211,0.6846932172775269,True,2,2
301.tiff,canine cutaneous mast cell tumor,0,14949,3148,3.4458038806915283,0.6790605187416077,False,3,2
301.tiff,canine cutaneous mast cell tumor,0,14913,3205,3.4342055320739746,0.676699161529541,True,2,2
301.tiff,canine cutaneous mast cell tumor,0,14906,3344,3.404482364654541,0.6706477999687195,True,2,2
301.tiff,canine cutaneous mast cell tumor,0,14753,3631,3.3553097248077393,0.6606367230415344,True,2,2
301.tiff,canine cutaneous mast cell tumor,0,14811,3649,3.351280450820923,0.6598163843154907,False,3,2
301.tiff,canine cutaneous mast cell tumor,0,14761,3799,3.3228418827056885,0.6540265679359436,True,2,2
301.tiff,canine cutaneous mast cell tumor,0,14928,3832,3.31709885597229,0.6528573036193848,False,3,2
301.tiff,canine cutaneous mast cell tumor,0,14869,3960,3.296661615371704,0.6486964821815491,True,2,2
301.tiff,canine cutaneous mast cell tumor,0,14930,4327,3.241844892501831,0.6375362873077393,False,3,2
301.tiff,canine cutaneous mast cell tumor,0,14736,4476,3.219083070755005,0.632902204990387,True,2,2
301.tiff,canine cutaneous mast cell tumor,0,14727,4500,3.214437484741211,0.6319563984870911,True,2,2
301.tiff,canine cutaneous mast cell tumor,0,15032,4592,3.2005622386932373,0.6291314959526062,False,3,2
301.tiff,canine cutaneous mast cell tumor,0,14948,4689,3.1859278678894043,0.6261520981788635,False,3,2
301.tiff,canine cutaneous mast cell tumor,0,14853,4697,3.184293508529663,0.6258193254470825,False,3,2
301.tiff,canine cutaneous mast cell tumor,0,15016,5292,3.1064975261688232,0.6099807620048523,False,3,2
301.tiff,canine cutaneous mast cell tumor,0,15025,5449,3.0848207473754883,0.6055675745010376,False,3,2
301.tiff,canine cutaneous mast cell tumor,0,14748,6433,2.9679269790649414,0.5817690491676331,True,2,2
301.tiff,canine cutaneous mast cell tumor,0,14741,7075,2.8923451900482178,0.5663812756538391,True,2,2
301.tiff,canine cutaneous mast cell tumor,0,14729,7154,2.8835859298706055,0.5645979642868042,False,3,2
301.tiff,canine cutaneous mast cell tumor,0,14732,7337,2.8622970581054688,0.5602637529373169,False,3,2
301.tiff,canine cutaneous mast cell tumor,0,14777,7545,2.840791940689087,0.5558854937553406,True,2,2
301.tiff,canine cutaneous mast cell tumor,0,15012,7959,2.794898271560669,0.5465419888496399,True,2,2
301.tiff,canine cutaneous mast cell tumor,0,15026,8439,2.745851755142212,0.5365565419197083,False,3,2
301.tiff,canine cutaneous mast cell tumor,0,14843,9384,2.6466140747070312,0.516352653503418,True,2,2
301.tiff,canine cutaneous mast cell tumor,0,14744,9433,2.641929864883423,0.5153989791870117,True,2,2
301.tiff,canine cutaneous mast cell tumor,0,14940,9798,2.6037869453430176,0.5076334476470947,True,2,2
301.tiff,canine cutaneous mast cell tumor,0,14863,9996,2.58514142036438,0.5038373470306396,False,3,2
301.tiff,canine cutaneous mast cell tumor,0,14859,10977,2.4894652366638184,0.4843585193157196,True,2,2
301.tiff,canine cutaneous mast cell tumor,0,14776,11002,2.487471103668213,0.4839525520801544,True,2,2
301.tiff,canine cutaneous mast cell tumor,0,14873,11084,2.4794647693634033,0.4823225438594818,True,2,2
301.tiff,canine cutaneous mast cell tumor,0,14978,11228,2.4650449752807617,0.4793867766857147,True,2,2
301.tiff,canine cutaneous mast cell tumor,0,14763,11952,2.392000198364258,0.4645155370235443,True,2,2
301.tiff,canine cutaneous mast cell tumor,0,14765,12798,2.3058581352233887,0.44697776436805725,True,2,2
301.tiff,canine cutaneous mast cell tumor,0,14768,15003,2.09305739402771,0.40365344285964966,True,2,2
301.tiff,canine cutaneous mast cell tumor,0,14782,15929,1.9873121976852417,0.3821246922016144,True,2,2
301.tiff,canine cutaneous mast cell tumor,1,14839,1,9.341879844665527,3.542736768722534,False,3,2
301.tiff,canine cutaneous mast cell tumor,1,14975,2,8.507400512695312,3.2247512340545654,True,2,2
301.tiff,canine cutaneous mast cell tumor,1,14910,5,7.987346172332764,3.0265798568725586,True,2,2
301.tiff,canine cutaneous mast cell tumor,1,14989,6,7.967701435089111,3.0190939903259277,True,2,2
301.tiff,canine cutaneous mast cell tumor,1,15014,7,7.666806221008301,2.904435157775879,False,3,2
301.tiff,canine cutaneous mast cell tumor,1,14911,8,7.659186840057373,2.90153169631958,True,2,2
301.tiff,canine cutaneous mast cell tumor,1,14730,11,7.384011268615723,2.7966737747192383,False,3,2
301.tiff,canine cutaneous mast cell tumor,1,14813,12,7.349431037902832,2.783496618270874,True,2,2
301.tiff,canine cutaneous mast cell tumor,1,15002,13,7.236464500427246,2.7404496669769287,False,3,2
301.tiff,canine cutaneous mast cell tumor,1,14835,14,7.176780700683594,2.7177066802978516,True,2,2
301.tiff,canine cutaneous mast cell tumor,1,14852,15,7.092139720916748,2.685453414916992,True,2,2
301.tiff,canine cutaneous mast cell tumor,1,14980,16,7.030111312866211,2.6618170738220215,True,2,2
301.tiff,canine cutaneous mast cell tumor,1,14995,17,6.956360816955566,2.633713722229004,True,2,2
301.tiff,canine cutaneous mast cell tumor,1,14937,18,6.93622350692749,2.62604022026062,True,2,2
301.tiff,canine cutaneous mast cell tumor,1,14732,19,6.927491664886475,2.6227128505706787,False,3,2
301.tiff,canine cutaneous mast cell tumor,1,14999,20,6.894311428070068,2.6100692749023438,True,2,2
301.tiff,canine cutaneous mast cell tumor,1,14957,21,6.8582634925842285,2.5963327884674072,True,2,2
301.tiff,canine cutaneous mast cell tumor,1,14841,23,6.840125560760498,2.589421272277832,True,2,2
301.tiff,canine cutaneous mast cell tumor,1,14913,25,6.792275428771973,2.5711874961853027,True,2,2
301.tiff,canine cutaneous mast cell tumor,1,14898,28,6.734184741973877,2.549051523208618,True,2,2
301.tiff,canine cutaneous mast cell tumor,1,14904,31,6.5716118812561035,2.4871017932891846,False,3,2
301.tiff,canine cutaneous mast cell tumor,1,14934,33,6.517417907714844,2.4664506912231445,True,2,2
301.tiff,canine cutaneous mast cell tumor,1,14807,34,6.51202917098999,2.4643971920013428,True,2,2
301.tiff,canine cutaneous mast cell tumor,1,14960,35,6.5029096603393555,2.4609222412109375,True,2,2
301.tiff,canine cutaneous mast cell tumor,1,14955,36,6.415920734405518,2.42777419090271,True,2,2
301.tiff,canine cutaneous mast cell tumor,1,14773,37,6.396526336669922,2.420383930206299,True,2,2
301.tiff,canine cutaneous mast cell tumor,1,14933,39,6.372391223907471,2.411186933517456,True,2,2
301.tiff,canine cutaneous mast cell tumor,1,14823,46,6.257142066955566,2.3672702312469482,True,2,2
301.tiff,canine cutaneous mast cell tumor,1,14790,48,6.219252586364746,2.352832078933716,True,2,2
301.tiff,canine cutaneous mast cell tumor,1,15007,49,6.211359024047852,2.3498241901397705,False,3,2
301.tiff,canine cutaneous mast cell tumor,1,14751,50,6.206478118896484,2.347964286804199,True,2,2
301.tiff,canine cutaneous mast cell tumor,1,14726,51,6.2023444175720215,2.346389055252075,True,2,2
301.tiff,canine cutaneous mast cell tumor,1,14844,53,6.166664123535156,2.3327927589416504,False,3,2
301.tiff,canine cutaneous mast cell tumor,1,15025,54,6.156033515930176,2.328742027282715,False,3,2
301.tiff,canine cutaneous mast cell tumor,1,15001,64,6.07909631729126,2.299424409866333,True,2,2
301.tiff,canine cutaneous mast cell tumor,1,14831,66,6.036732196807861,2.283281087875366,True,2,2
301.tiff,canine cutaneous mast cell tumor,1,14836,70,5.97294282913208,2.2589735984802246,False,3,2
301.tiff,canine cutaneous mast cell tumor,1,14950,72,5.967363357543945,2.256847620010376,True,2,2
301.tiff,canine cutaneous mast cell tumor,1,14866,73,5.938272953033447,2.245762348175049,True,2,2
301.tiff,canine cutaneous mast cell tumor,1,14752,75,5.928361415863037,2.241985559463501,True,2,2
301.tiff,canine cutaneous mast cell tumor,1,14787,76,5.920769691467285,2.2390925884246826,True,2,2
301.tiff,canine cutaneous mast cell tumor,1,14809,78,5.910822868347168,2.235302209854126,False,3,2
301.tiff,canine cutaneous mast cell tumor,1,15008,81,5.896855354309082,2.2299797534942627,True,2,2
301.tiff,canine cutaneous mast cell tumor,1,14772,82,5.892099380493164,2.2281675338745117,True,2,2
301.tiff,canine cutaneous mast cell tumor,1,14917,83,5.886965274810791,2.2262110710144043,True,2,2
301.tiff,canine cutaneous mast cell tumor,1,14816,87,5.868594169616699,2.219210624694824,True,2,2
301.tiff,canine cutaneous mast cell tumor,1,14869,89,5.862399101257324,2.2168500423431396,True,2,2
301.tiff,canine cutaneous mast cell tumor,1,14923,90,5.838639736175537,2.207796335220337,True,2,2
301.tiff,canine cutaneous mast cell tumor,1,14825,91,5.835272789001465,2.2065131664276123,True,2,2
301.tiff,canine cutaneous mast cell tumor,1,14982,93,5.808346271514893,2.1962525844573975,True,2,2
301.tiff,canine cutaneous mast cell tumor,1,14785,96,5.7966532707214355,2.1917970180511475,True,2,2
301.tiff,canine cutaneous mast cell tumor,1,14779,100,5.774029731750488,2.183176040649414,True,2,2
301.tiff,canine cutaneous mast cell tumor,1,15000,101,5.754617691040039,2.175778865814209,True,2,2
301.tiff,canine cutaneous mast cell tumor,1,14858,108,5.701110363006592,2.1553895473480225,True,2,2
301.tiff,canine cutaneous mast cell tumor,1,14789,112,5.6720147132873535,2.1443023681640625,True,2,2
301.tiff,canine cutaneous mast cell tumor,1,14784,118,5.6353678703308105,2.130337715148926,True,2,2
301.tiff,canine cutaneous mast cell tumor,1,14795,120,5.619236946105957,2.1241908073425293,False,3,2
301.tiff,canine cutaneous mast cell tumor,1,14914,121,5.610922336578369,2.1210224628448486,True,2,2
301.tiff,canine cutaneous mast cell tumor,1,14800,129,5.5469255447387695,2.0966360569000244,True,2,2
301.tiff,canine cutaneous mast cell tumor,1,14819,137,5.518340110778809,2.0857431888580322,True,2,2
301.tiff,canine cutaneous mast cell tumor,1,14945,138,5.512500286102295,2.0835180282592773,True,2,2
301.tiff,canine cutaneous mast cell tumor,1,14881,139,5.509924411773682,2.082536458969116,True,2,2
301.tiff,canine cutaneous mast cell tumor,1,14850,140,5.5082316398620605,2.0818912982940674,True,2,2
301.tiff,canine cutaneous mast cell tumor,1,14840,141,5.503662109375,2.0801501274108887,False,3,2
301.tiff,canine cutaneous mast cell tumor,1,14936,143,5.498805522918701,2.0782995223999023,False,3,2
301.tiff,canine cutaneous mast cell tumor,1,14876,151,5.477180004119873,2.070058822631836,True,2,2
301.tiff,canine cutaneous mast cell tumor,1,14762,158,5.441391468048096,2.0564212799072266,True,2,2
301.tiff,canine cutaneous mast cell tumor,1,14890,164,5.428991794586182,2.051696300506592,True,2,2
301.tiff,canine cutaneous mast cell tumor,1,14963,165,5.426360130310059,2.0506935119628906,False,3,2
301.tiff,canine cutaneous mast cell tumor,1,14973,170,5.4088969230651855,2.044039011001587,False,3,2
301.tiff,canine cutaneous mast cell tumor,1,14810,174,5.392275333404541,2.037705183029175,True,2,2
301.tiff,canine cutaneous mast cell tumor,1,14976,179,5.342927932739258,2.0189008712768555,True,2,2
301.tiff,canine cutaneous mast cell tumor,1,14847,181,5.338842868804932,2.0173442363739014,True,2,2
301.tiff,canine cutaneous mast cell tumor,1,14834,182,5.332159996032715,2.0147976875305176,True,2,2
301.tiff,canine cutaneous mast cell tumor,1,14924,189,5.299392223358154,2.0023112297058105,False,3,2
301.tiff,canine cutaneous mast cell tumor,1,14806,203,5.257766246795654,1.9864492416381836,False,3,2
301.tiff,canine cutaneous mast cell tumor,1,14743,204,5.254917621612549,1.9853636026382446,True,2,2
301.tiff,canine cutaneous mast cell tumor,1,14742,209,5.245748996734619,1.9818699359893799,True,2,2
301.tiff,canine cutaneous mast cell tumor,1,14833,212,5.234127044677734,1.9774411916732788,True,2,2
301.tiff,canine cutaneous mast cell tumor,1,14805,215,5.22461462020874,1.9738163948059082,True,2,2
301.tiff,canine cutaneous mast cell tumor,1,14796,217,5.220992088317871,1.9724360704421997,True,2,2
301.tiff,canine cutaneous mast cell tumor,1,14736,225,5.190879821777344,1.9609614610671997,True,2,2
301.tiff,canine cutaneous mast cell tumor,1,14979,226,5.186023712158203,1.959110975265503,True,2,2
301.tiff,canine cutaneous mast cell tumor,1,14864,229,5.1830973625183105,1.957995891571045,False,3,2
301.tiff,canine cutaneous mast cell tumor,1,14875,238,5.148741245269775,1.9449042081832886,True,2,2
301.tiff,canine cutaneous mast cell tumor,1,14985,241,5.140316009521484,1.941693663597107,False,3,2
301.tiff,canine cutaneous mast cell tumor,1,15034,244,5.129390239715576,1.9375303983688354,False,3,2
301.tiff,canine cutaneous mast cell tumor,1,14757,246,5.125419616699219,1.936017394065857,True,2,2
301.tiff,canine cutaneous mast cell tumor,1,14972,249,5.113827705383301,1.9316002130508423,False,3,2
301.tiff,canine cutaneous mast cell tumor,1,15051,252,5.102424621582031,1.9272549152374268,False,3,2
301.tiff,canine cutaneous mast cell tumor,1,15011,255,5.086809158325195,1.92130446434021,True,2,2
301.tiff,canine cutaneous mast cell tumor,1,14808,256,5.084314346313477,1.9203537702560425,True,2,2
301.tiff,canine cutaneous mast cell tumor,1,14849,257,5.0841064453125,1.9202744960784912,True,2,2
301.tiff,canine cutaneous mast cell tumor,1,14907,264,5.056007385253906,1.90956711769104,True,2,2
301.tiff,canine cutaneous mast cell tumor,1,14771,266,5.055081367492676,1.9092143774032593,True,2,2
301.tiff,canine cutaneous mast cell tumor,1,14867,267,5.054210662841797,1.90888249874115,True,2,2
301.tiff,canine cutaneous mast cell tumor,1,14814,268,5.050975322723389,1.9076496362686157,True,2,2
301.tiff,canine cutaneous mast cell tumor,1,14891,273,5.037697792053223,1.9025901556015015,True,2,2
301.tiff,canine cutaneous mast cell tumor,1,14905,277,5.024731636047363,1.8976492881774902,True,2,2
301.tiff,canine cutaneous mast cell tumor,1,14874,279,5.014205455780029,1.8936381340026855,True,2,2
301.tiff,canine cutaneous mast cell tumor,1,14770,286,4.992684841156006,1.8854376077651978,True,2,2
301.tiff,canine cutaneous mast cell tumor,1,14932,295,4.965878009796143,1.8752226829528809,True,2,2
301.tiff,canine cutaneous mast cell tumor,1,15018,297,4.959527969360352,1.8728028535842896,True,2,2
301.tiff,canine cutaneous mast cell tumor,1,14947,301,4.95269250869751,1.870198130607605,True,2,2
301.tiff,canine cutaneous mast cell tumor,1,14961,302,4.946713447570801,1.867919683456421,True,2,2
301.tiff,canine cutaneous mast cell tumor,1,14912,314,4.924899578094482,1.8596073389053345,True,2,2
301.tiff,canine cutaneous mast cell tumor,1,14737,319,4.916228771209717,1.856303334236145,True,2,2
301.tiff,canine cutaneous mast cell tumor,1,14759,321,4.91472864151001,1.855731725692749,False,3,2
301.tiff,canine cutaneous mast cell tumor,1,14879,323,4.9104437828063965,1.854098916053772,False,3,2
301.tiff,canine cutaneous mast cell tumor,1,14817,324,4.910336017608643,1.8540579080581665,True,2,2
301.tiff,canine cutaneous mast cell tumor,1,14769,326,4.907413959503174,1.8529443740844727,True,2,2
301.tiff,canine cutaneous mast cell tumor,1,14908,328,4.906670570373535,1.8526610136032104,False,3,2
301.tiff,canine cutaneous mast cell tumor,1,14767,339,4.883866310119629,1.8439712524414062,False,3,2
301.tiff,canine cutaneous mast cell tumor,1,14856,340,4.8835015296936035,1.84383225440979,True,2,2
301.tiff,canine cutaneous mast cell tumor,1,14747,351,4.84397554397583,1.8287705183029175,True,2,2
301.tiff,canine cutaneous mast cell tumor,1,14811,355,4.832858562469482,1.8245344161987305,False,3,2
301.tiff,canine cutaneous mast cell tumor,1,14798,356,4.831912517547607,1.8241738080978394,True,2,2
301.tiff,canine cutaneous mast cell tumor,1,14928,364,4.8147759437561035,1.8176438808441162,False,3,2
301.tiff,canine cutaneous mast cell tumor,1,14781,365,4.8115997314453125,1.8164334297180176,True,2,2
301.tiff,canine cutaneous mast cell tumor,1,14865,368,4.807654857635498,1.8149303197860718,True,2,2
301.tiff,canine cutaneous mast cell tumor,1,14826,369,4.806525230407715,1.8144997358322144,True,2,2
301.tiff,canine cutaneous mast cell tumor,1,14889,377,4.79155969619751,1.8087971210479736,True,2,2
301.tiff,canine cutaneous mast cell tumor,1,14970,385,4.777778625488281,1.8035457134246826,False,3,2
301.tiff,canine cutaneous mast cell tumor,1,14827,408,4.7304534912109375,1.785512089729309,True,2,2
301.tiff,canine cutaneous mast cell tumor,1,14996,419,4.7103400230407715,1.7778476476669312,True,2,2
301.tiff,canine cutaneous mast cell tumor,1,14750,434,4.69314432144165,1.7712949514389038,True,2,2
301.tiff,canine cutaneous mast cell tumor,1,14988,436,4.691105842590332,1.7705183029174805,True,2,2
301.tiff,canine cutaneous mast cell tumor,1,14921,447,4.66687536239624,1.7612850666046143,True,2,2
301.tiff,canine cutaneous mast cell tumor,1,14837,449,4.663601875305176,1.7600375413894653,True,2,2
301.tiff,canine cutaneous mast cell tumor,1,14901,463,4.645203590393066,1.7530267238616943,True,2,2
301.tiff,canine cutaneous mast cell tumor,1,14731,468,4.637552738189697,1.7501113414764404,True,2,2
301.tiff,canine cutaneous mast cell tumor,1,14857,473,4.631775379180908,1.7479099035263062,False,3,2
301.tiff,canine cutaneous mast cell tumor,1,14888,475,4.630345344543457,1.7473649978637695,True,2,2
301.tiff,canine cutaneous mast cell tumor,1,14981,476,4.628485679626465,1.7466562986373901,True,2,2
301.tiff,canine cutaneous mast cell tumor,1,14766,514,4.570864200592041,1.7246991395950317,True,2,2
301.tiff,canine cutaneous mast cell tumor,1,14897,539,4.532113552093506,1.709932804107666,True,2,2
301.tiff,canine cutaneous mast cell tumor,1,14778,543,4.527430057525635,1.7081481218338013,True,2,2
301.tiff,canine cutaneous mast cell tumor,1,14764,601,4.475361347198486,1.6883068084716797,True,2,2
301.tiff,canine cutaneous mast cell tumor,1,14949,629,4.433964729309082,1.6725324392318726,False,3,2
301.tiff,canine cutaneous mast cell tumor,1,14918,654,4.410176753997803,1.6634676456451416,True,2,2
301.tiff,canine cutaneous mast cell tumor,1,15032,663,4.401739120483398,1.6602524518966675,False,3,2
301.tiff,canine cutaneous mast cell tumor,1,14903,678,4.378716468811035,1.6514796018600464,True,2,2
301.tiff,canine cutaneous mast cell tumor,1,14938,702,4.359720706939697,1.6442410945892334,True,2,2
301.tiff,canine cutaneous mast cell tumor,1,14749,722,4.3478007316589355,1.63969886302948,False,3,2
301.tiff,canine cutaneous mast cell tumor,1,14893,733,4.340560436248779,1.6369397640228271,False,3,2
301.tiff,canine cutaneous mast cell tumor,1,14997,735,4.340093612670898,1.636762022972107,True,2,2
301.tiff,canine cutaneous mast cell tumor,1,14786,758,4.315225124359131,1.6272855997085571,True,2,2
301.tiff,canine cutaneous mast cell tumor,1,14962,768,4.311100959777832,1.6257140636444092,True,2,2
301.tiff,canine cutaneous mast cell tumor,1,14964,771,4.309426784515381,1.6250760555267334,True,2,2
301.tiff,canine cutaneous mast cell tumor,1,14734,831,4.254986763000488,1.604331135749817,False,3,2
301.tiff,canine cutaneous mast cell tumor,1,14956,880,4.2236714363098145,1.5923982858657837,True,2,2
301.tiff,canine cutaneous mast cell tumor,1,14942,899,4.210910797119141,1.5875357389450073,True,2,2
301.tiff,canine cutaneous mast cell tumor,1,14859,911,4.200906753540039,1.583723545074463,True,2,2
301.tiff,canine cutaneous mast cell tumor,1,14880,914,4.198521137237549,1.5828144550323486,True,2,2
301.tiff,canine cutaneous mast cell tumor,1,14977,946,4.170016765594482,1.5719527006149292,True,2,2
301.tiff,canine cutaneous mast cell tumor,1,15036,949,4.164665699005127,1.5699135065078735,False,3,2
301.tiff,canine cutaneous mast cell tumor,1,14998,958,4.160188674926758,1.5682076215744019,True,2,2
301.tiff,canine cutaneous mast cell tumor,1,14782,1018,4.115427494049072,1.551150918006897,True,2,2
301.tiff,canine cutaneous mast cell tumor,1,15022,1097,4.0719451904296875,1.5345816612243652,False,3,2
301.tiff,canine cutaneous mast cell tumor,1,14935,1129,4.047387599945068,1.525223731994629,True,2,2
301.tiff,canine cutaneous mast cell tumor,1,14842,1134,4.044198989868164,1.5240087509155273,True,2,2
301.tiff,canine cutaneous mast cell tumor,1,14788,1169,4.0238566398620605,1.5162570476531982,True,2,2
301.tiff,canine cutaneous mast cell tumor,1,14812,1218,4.000164031982422,1.5072288513183594,True,2,2
301.tiff,canine cutaneous mast cell tumor,1,15013,1233,3.9946019649505615,1.5051093101501465,True,2,2
301.tiff,canine cutaneous mast cell tumor,1,15017,1296,3.9690475463867188,1.4953715801239014,False,3,2
301.tiff,canine cutaneous mast cell tumor,1,14939,1314,3.9597887992858887,1.4918434619903564,False,3,2
301.tiff,canine cutaneous mast cell tumor,1,14761,1344,3.9476675987243652,1.4872245788574219,True,2,2
301.tiff,canine cutaneous mast cell tumor,1,14733,1361,3.938896417617798,1.483882188796997,False,3,2
301.tiff,canine cutaneous mast cell tumor,1,14952,1380,3.9294180870056152,1.4802703857421875,True,2,2
301.tiff,canine cutaneous mast cell tumor,1,14829,1471,3.883863687515259,1.4629114866256714,True,2,2
301.tiff,canine cutaneous mast cell tumor,1,14878,1488,3.8760054111480713,1.4599170684814453,True,2,2
301.tiff,canine cutaneous mast cell tumor,1,14755,1601,3.823849678039551,1.4400426149368286,True,2,2
301.tiff,canine cutaneous mast cell tumor,1,14853,1617,3.8181753158569336,1.4378803968429565,False,3,2
301.tiff,canine cutaneous mast cell tumor,1,14873,1656,3.8000330924987793,1.430967092514038,True,2,2
301.tiff,canine cutaneous mast cell tumor,1,15027,1664,3.797131061553955,1.429861307144165,False,3,2
301.tiff,canine cutaneous mast cell tumor,1,14777,1714,3.7824244499206543,1.4242571592330933,True,2,2
301.tiff,canine cutaneous mast cell tumor,1,14902,1760,3.768202066421509,1.4188376665115356,True,2,2
301.tiff,canine cutaneous mast cell tumor,1,14882,1800,3.7536141872406006,1.4132788181304932,True,2,2
301.tiff,canine cutaneous mast cell tumor,1,14729,1861,3.726726770401001,1.4030331373214722,False,3,2
301.tiff,canine cutaneous mast cell tumor,1,14824,1862,3.7261903285980225,1.4028286933898926,True,2,2
301.tiff,canine cutaneous mast cell tumor,1,15026,1907,3.7086660861968994,1.3961509466171265,False,3,2
301.tiff,canine cutaneous mast cell tumor,1,14884,2005,3.6763007640838623,1.3838177919387817,True,2,2
301.tiff,canine cutaneous mast cell tumor,1,15010,2016,3.6740522384643555,1.3829610347747803,True,2,2
301.tiff,canine cutaneous mast cell tumor,1,14868,2314,3.580812931060791,1.3474313020706177,True,2,2
301.tiff,canine cutaneous mast cell tumor,1,14920,2335,3.5757339000701904,1.3454959392547607,False,3,2
301.tiff,canine cutaneous mast cell tumor,1,14906,2379,3.563143491744995,1.3406982421875,True,2,2
301.tiff,canine cutaneous mast cell tumor,1,14863,2392,3.5594241619110107,1.3392809629440308,False,3,2
301.tiff,canine cutaneous mast cell tumor,1,14983,2440,3.5458829402923584,1.3341209888458252,False,3,2
301.tiff,canine cutaneous mast cell tumor,1,14958,2539,3.519036293029785,1.3238908052444458,False,3,2
301.tiff,canine cutaneous mast cell tumor,1,15004,2617,3.499364137649536,1.316394567489624,False,3,2
301.tiff,canine cutaneous mast cell tumor,1,14915,2790,3.4609909057617188,1.301772117614746,True,2,2
301.tiff,canine cutaneous mast cell tumor,1,14744,2944,3.423989772796631,1.287672519683838,True,2,2
301.tiff,canine cutaneous mast cell tumor,1,14815,3072,3.3938815593719482,1.276199460029602,True,2,2
301.tiff,canine cutaneous mast cell tumor,1,14735,3107,3.3839426040649414,1.2724121809005737,True,2,2
301.tiff,canine cutaneous mast cell tumor,1,14763,3147,3.3737809658050537,1.2685400247573853,True,2,2
301.tiff,canine cutaneous mast cell tumor,1,14797,3179,3.36881160736084,1.266646385192871,True,2,2
301.tiff,canine cutaneous mast cell tumor,1,14946,3339,3.3381383419036865,1.2549580335617065,True,2,2
301.tiff,canine cutaneous mast cell tumor,1,14748,3391,3.3295154571533203,1.2516722679138184,True,2,2
301.tiff,canine cutaneous mast cell tumor,1,15016,3426,3.322410821914673,1.2489649057388306,False,3,2
301.tiff,canine cutaneous mast cell tumor,1,14968,3537,3.3026294708251953,1.2414270639419556,True,2,2
301.tiff,canine cutaneous mast cell tumor,1,14930,3778,3.2550809383392334,1.2233083248138428,False,3,2
301.tiff,canine cutaneous mast cell tumor,1,14948,3789,3.253535032272339,1.2227191925048828,False,3,2
301.tiff,canine cutaneous mast cell tumor,1,14776,3840,3.244664430618286,1.2193390130996704,True,2,2
301.tiff,canine cutaneous mast cell tumor,1,14803,4071,3.200876474380493,1.202653169631958,True,2,2
301.tiff,canine cutaneous mast cell tumor,1,14978,4590,3.118427276611328,1.171235203742981,True,2,2
301.tiff,canine cutaneous mast cell tumor,1,14974,4787,3.088918685913086,1.159990668296814,False,3,2
301.tiff,canine cutaneous mast cell tumor,1,14843,4956,3.0642502307891846,1.1505905389785767,True,2,2
301.tiff,canine cutaneous mast cell tumor,1,14768,5674,2.973299026489258,1.115932822227478,True,2,2
301.tiff,canine cutaneous mast cell tumor,1,14916,6734,2.852602481842041,1.0699403285980225,True,2,2
301.tiff,canine cutaneous mast cell tumor,1,15003,8772,2.6503686904907227,0.9928774237632751,True,2,2
301.tiff,canine cutaneous mast cell tumor,1,14754,9007,2.628441333770752,0.984521746635437,True,2,2
301.tiff,canine cutaneous mast cell tumor,1,14727,10591,2.491612195968628,0.9323818683624268,True,2,2
301.tiff,canine cutaneous mast cell tumor,1,14969,11633,2.4125866889953613,0.9022684693336487,True,2,2
301.tiff,canine cutaneous mast cell tumor,1,15012,12311,2.3574931621551514,0.8812746405601501,True,2,2
301.tiff,canine cutaneous mast cell tumor,1,14765,13565,2.2612671852111816,0.844606876373291,True,2,2
301.tiff,canine cutaneous mast cell tumor,1,14741,14286,2.210550546646118,0.8252808451652527,True,2,2
301.tiff,canine cutaneous mast cell tumor,1,14940,15769,2.1027019023895264,0.7841841578483582,True,2,2
301.tiff,canine cutaneous mast cell tumor,2,14858,1,11.572014808654785,0.29719528555870056,True,2,2
301.tiff,canine cutaneous mast cell tumor,2,15007,2,11.506621360778809,0.2955048084259033,False,3,2
301.tiff,canine cutaneous mast cell tumor,2,14841,5,10.780197143554688,0.2767261564731598,True,2,2
301.tiff,canine cutaneous mast cell tumor,2,14773,6,10.660282135009766,0.27362626791000366,True,2,2
301.tiff,canine cutaneous mast cell tumor,2,14936,7,10.653271675109863,0.2734450399875641,False,3,2
301.tiff,canine cutaneous mast cell tumor,2,14905,9,10.506548881530762,0.2696521282196045,True,2,2
301.tiff,canine cutaneous mast cell tumor,2,14839,10,10.467752456665039,0.26864922046661377,False,3,2
301.tiff,canine cutaneous mast cell tumor,2,14995,11,10.302847862243652,0.26438629627227783,True,2,2
301.tiff,canine cutaneous mast cell tumor,2,14898,12,10.252852439880371,0.26309385895729065,True,2,2
301.tiff,canine cutaneous mast cell tumor,2,14824,14,10.111842155456543,0.2594486474990845,True,2,2
301.tiff,canine cutaneous mast cell tumor,2,14784,15,10.08156967163086,0.258666068315506,True,2,2
301.tiff,canine cutaneous mast cell tumor,2,14730,16,10.068403244018555,0.2583256959915161,False,3,2
301.tiff,canine cutaneous mast cell tumor,2,14769,18,10.000288963317871,0.2565648853778839,True,2,2
301.tiff,canine cutaneous mast cell tumor,2,14957,19,9.970826148986816,0.25580325722694397,True,2,2
301.tiff,canine cutaneous mast cell tumor,2,14980,20,9.96435260772705,0.25563591718673706,True,2,2
301.tiff,canine cutaneous mast cell tumor,2,14737,21,9.94558048248291,0.2551506459712982,True,2,2
301.tiff,canine cutaneous mast cell tumor,2,14999,22,9.93598747253418,0.2549026608467102,True,2,2
301.tiff,canine cutaneous mast cell tumor,2,14911,24,9.886030197143555,0.2536112070083618,True,2,2
301.tiff,canine cutaneous mast cell tumor,2,14850,25,9.839973449707031,0.2524206042289734,True,2,2
301.tiff,canine cutaneous mast cell tumor,2,14831,26,9.830275535583496,0.2521699070930481,True,2,2
301.tiff,canine cutaneous mast cell tumor,2,15017,27,9.79556941986084,0.2512727379798889,False,3,2
301.tiff,canine cutaneous mast cell tumor,2,14852,28,9.780101776123047,0.2508728802204132,True,2,2
301.tiff,canine cutaneous mast cell tumor,2,14867,29,9.74472427368164,0.2499583214521408,True,2,2
301.tiff,canine cutaneous mast cell tumor,2,14726,31,9.674360275268555,0.2481393665075302,True,2,2
301.tiff,canine cutaneous mast cell tumor,2,14890,32,9.670233726501465,0.24803268909454346,True,2,2
301.tiff,canine cutaneous mast cell tumor,2,14928,33,9.66915512084961,0.24800480902194977,False,3,2
301.tiff,canine cutaneous mast cell tumor,2,14972,34,9.661209106445312,0.24779938161373138,False,3,2
301.tiff,canine cutaneous mast cell tumor,2,14752,35,9.634050369262695,0.24709732830524445,True,2,2
301.tiff,canine cutaneous mast cell tumor,2,14796,36,9.590006828308105,0.24595874547958374,True,2,2
301.tiff,canine cutaneous mast cell tumor,2,14907,37,9.560489654541016,0.24519570171833038,True,2,2
301.tiff,canine cutaneous mast cell tumor,2,14753,38,9.557395935058594,0.245115727186203,True,2,2
301.tiff,canine cutaneous mast cell tumor,2,14807,39,9.546977043151855,0.2448463886976242,True,2,2
301.tiff,canine cutaneous mast cell tumor,2,14910,40,9.478137969970703,0.24306686222553253,True,2,2
301.tiff,canine cutaneous mast cell tumor,2,14751,41,9.471755027770996,0.24290186166763306,True,2,2
301.tiff,canine cutaneous mast cell tumor,2,14960,42,9.465880393981934,0.24274998903274536,True,2,2
301.tiff,canine cutaneous mast cell tumor,2,14997,43,9.465765953063965,0.24274702370166779,True,2,2
301.tiff,canine cutaneous mast cell tumor,2,14829,44,9.414013862609863,0.24140919744968414,True,2,2
301.tiff,canine cutaneous mast cell tumor,2,14876,46,9.364008903503418,0.24011653661727905,True,2,2
301.tiff,canine cutaneous mast cell tumor,2,15034,50,9.269012451171875,0.23766078054904938,False,3,2
301.tiff,canine cutaneous mast cell tumor,2,14778,51,9.262121200561523,0.23748263716697693,True,2,2
301.tiff,canine cutaneous mast cell tumor,2,14976,52,9.255715370178223,0.2373170405626297,True,2,2
301.tiff,canine cutaneous mast cell tumor,2,14950,53,9.25314712524414,0.2372506558895111,True,2,2
301.tiff,canine cutaneous mast cell tumor,2,14866,56,9.22061824798584,0.2364097684621811,True,2,2
301.tiff,canine cutaneous mast cell tumor,2,14924,57,9.182622909545898,0.23542755842208862,False,3,2
301.tiff,canine cutaneous mast cell tumor,2,14937,58,9.162271499633789,0.23490144312381744,True,2,2
301.tiff,canine cutaneous mast cell tumor,2,14946,59,9.1405611038208,0.23434022068977356,True,2,2
301.tiff,canine cutaneous mast cell tumor,2,14743,61,9.11737060546875,0.23374073207378387,True,2,2
301.tiff,canine cutaneous mast cell tumor,2,14891,65,9.053823471069336,0.23209798336029053,True,2,2
301.tiff,canine cutaneous mast cell tumor,2,14813,67,9.045747756958008,0.23188921809196472,True,2,2
301.tiff,canine cutaneous mast cell tumor,2,14857,68,9.029276847839355,0.23146343231201172,False,3,2
301.tiff,canine cutaneous mast cell tumor,2,14933,69,8.9691743850708,0.2299097329378128,True,2,2
301.tiff,canine cutaneous mast cell tumor,2,14988,70,8.964020729064941,0.2297765016555786,True,2,2
301.tiff,canine cutaneous mast cell tumor,2,14923,74,8.93053913116455,0.22891098260879517,True,2,2
301.tiff,canine cutaneous mast cell tumor,2,14985,75,8.92805004119873,0.22884663939476013,False,3,2
301.tiff,canine cutaneous mast cell tumor,2,14785,76,8.91550350189209,0.22852228581905365,True,2,2
301.tiff,canine cutaneous mast cell tumor,2,14772,77,8.902124404907227,0.22817644476890564,True,2,2
301.tiff,canine cutaneous mast cell tumor,2,14938,78,8.83718204498291,0.226497620344162,True,2,2
301.tiff,canine cutaneous mast cell tumor,2,14816,79,8.82845687866211,0.22627206146717072,True,2,2
301.tiff,canine cutaneous mast cell tumor,2,15011,81,8.815732955932617,0.22594313323497772,True,2,2
301.tiff,canine cutaneous mast cell tumor,2,15000,82,8.813689231872559,0.22589030861854553,True,2,2
301.tiff,canine cutaneous mast cell tumor,2,14864,83,8.805176734924316,0.22567026317119598,False,3,2
301.tiff,canine cutaneous mast cell tumor,2,15025,84,8.797560691833496,0.22547337412834167,False,3,2
301.tiff,canine cutaneous mast cell tumor,2,14978,86,8.782644271850586,0.22508777678012848,True,2,2
301.tiff,canine cutaneous mast cell tumor,2,15036,87,8.78189754486084,0.22506847977638245,False,3,2
301.tiff,canine cutaneous mast cell tumor,2,14918,88,8.753725051879883,0.22434020042419434,True,2,2
301.tiff,canine cutaneous mast cell tumor,2,15001,89,8.749528884887695,0.22423171997070312,True,2,2
301.tiff,canine cutaneous mast cell tumor,2,14934,93,8.709540367126465,0.22319798171520233,True,2,2
301.tiff,canine cutaneous mast cell tumor,2,14814,94,8.704257011413574,0.22306139767169952,True,2,2
301.tiff,canine cutaneous mast cell tumor,2,15018,95,8.702311515808105,0.2230111062526703,True,2,2
301.tiff,canine cutaneous mast cell tumor,2,14975,98,8.673542976379395,0.22226741909980774,True,2,2
301.tiff,canine cutaneous mast cell tumor,2,14917,99,8.663805961608887,0.22201570868492126,True,2,2
301.tiff,canine cutaneous mast cell tumor,2,14903,100,8.660881996154785,0.22194011509418488,True,2,2
301.tiff,canine cutaneous mast cell tumor,2,14767,101,8.633665084838867,0.22123654186725616,False,3,2
301.tiff,canine cutaneous mast cell tumor,2,14982,102,8.616551399230957,0.22079414129257202,True,2,2
301.tiff,canine cutaneous mast cell tumor,2,14835,103,8.591266632080078,0.2201405167579651,True,2,2
301.tiff,canine cutaneous mast cell tumor,2,14947,104,8.57064151763916,0.21960733830928802,True,2,2
301.tiff,canine cutaneous mast cell tumor,2,15051,107,8.531322479248047,0.2185909003019333,False,3,2
301.tiff,canine cutaneous mast cell tumor,2,14977,109,8.508140563964844,0.2179916352033615,True,2,2
301.tiff,canine cutaneous mast cell tumor,2,14902,110,8.499198913574219,0.21776047348976135,True,2,2
301.tiff,canine cutaneous mast cell tumor,2,14878,111,8.49499797821045,0.2176518738269806,True,2,2
301.tiff,canine cutaneous mast cell tumor,2,14734,112,8.489741325378418,0.2175159901380539,False,3,2
301.tiff,canine cutaneous mast cell tumor,2,14949,113,8.48110580444336,0.21729277074337006,False,3,2
301.tiff,canine cutaneous mast cell tumor,2,14963,117,8.47043514251709,0.21701690554618835,False,3,2
301.tiff,canine cutaneous mast cell tumor,2,14961,119,8.4557523727417,0.21663735806941986,True,2,2
301.tiff,canine cutaneous mast cell tumor,2,14945,123,8.432840347290039,0.2160450518131256,True,2,2
301.tiff,canine cutaneous mast cell tumor,2,14733,124,8.429210662841797,0.21595123410224915,False,3,2
301.tiff,canine cutaneous mast cell tumor,2,14879,125,8.418630599975586,0.21567772328853607,False,3,2
301.tiff,canine cutaneous mast cell tumor,2,14833,126,8.418130874633789,0.2156648188829422,True,2,2
301.tiff,canine cutaneous mast cell tumor,2,14880,127,8.384981155395508,0.21480786800384521,True,2,2
301.tiff,canine cutaneous mast cell tumor,2,14808,128,8.373208045959473,0.21450351178646088,True,2,2
301.tiff,canine cutaneous mast cell tumor,2,14912,129,8.369413375854492,0.21440543234348297,True,2,2
301.tiff,canine cutaneous mast cell tumor,2,14932,131,8.353865623474121,0.21400348842144012,True,2,2
301.tiff,canine cutaneous mast cell tumor,2,14731,134,8.330045700073242,0.21338774263858795,True,2,2
301.tiff,canine cutaneous mast cell tumor,2,14736,138,8.303114891052246,0.2126915603876114,True,2,2
301.tiff,canine cutaneous mast cell tumor,2,14840,141,8.280038833618164,0.2120950073003769,False,3,2
301.tiff,canine cutaneous mast cell tumor,2,14789,146,8.221935272216797,0.21059298515319824,True,2,2
301.tiff,canine cutaneous mast cell tumor,2,14766,147,8.208158493041992,0.21023686230182648,True,2,2
301.tiff,canine cutaneous mast cell tumor,2,14973,149,8.148289680480957,0.20868919789791107,False,3,2
301.tiff,canine cutaneous mast cell tumor,2,14759,155,8.090496063232422,0.2071951925754547,False,3,2
301.tiff,canine cutaneous mast cell tumor,2,14956,156,8.083612442016602,0.2070172280073166,True,2,2
301.tiff,canine cutaneous mast cell tumor,2,14750,157,8.07394790649414,0.20676741003990173,True,2,2
301.tiff,canine cutaneous mast cell tumor,2,14849,163,8.040229797363281,0.20589576661586761,True,2,2
301.tiff,canine cutaneous mast cell tumor,2,14747,164,8.037976264953613,0.20583750307559967,True,2,2
301.tiff,canine cutaneous mast cell tumor,2,14732,165,8.033780097961426,0.20572903752326965,False,3,2
301.tiff,canine cutaneous mast cell tumor,2,14939,166,8.032944679260254,0.20570743083953857,False,3,2
301.tiff,canine cutaneous mast cell tumor,2,14913,167,8.029590606689453,0.20562073588371277,True,2,2
301.tiff,canine cutaneous mast cell tumor,2,14981,168,8.02674674987793,0.20554721355438232,True,2,2
301.tiff,canine cutaneous mast cell tumor,2,14755,169,7.973411560058594,0.20416845381259918,True,2,2
301.tiff,canine cutaneous mast cell tumor,2,14881,172,7.94452428817749,0.2034216970205307,True,2,2
301.tiff,canine cutaneous mast cell tumor,2,14979,173,7.942111492156982,0.20335932075977325,True,2,2
301.tiff,canine cutaneous mast cell tumor,2,14955,175,7.890584468841553,0.2020273059606552,True,2,2
301.tiff,canine cutaneous mast cell tumor,2,14815,178,7.850030422210693,0.20097894966602325,True,2,2
301.tiff,canine cutaneous mast cell tumor,2,14889,181,7.826971530914307,0.20038285851478577,True,2,2
301.tiff,canine cutaneous mast cell tumor,2,14844,183,7.813371658325195,0.20003129541873932,False,3,2
301.tiff,canine cutaneous mast cell tumor,2,15014,184,7.809116840362549,0.19992129504680634,False,3,2
301.tiff,canine cutaneous mast cell tumor,2,14904,185,7.801243782043457,0.19971777498722076,False,3,2
301.tiff,canine cutaneous mast cell tumor,2,14742,186,7.796804904937744,0.19960302114486694,True,2,2
301.tiff,canine cutaneous mast cell tumor,2,14897,195,7.720726013183594,0.19763632118701935,True,2,2
301.tiff,canine cutaneous mast cell tumor,2,14842,198,7.692967891693115,0.19691875576972961,True,2,2
301.tiff,canine cutaneous mast cell tumor,2,14869,199,7.691132068634033,0.1968712955713272,True,2,2
301.tiff,canine cutaneous mast cell tumor,2,14762,200,7.6780500411987305,0.19653311371803284,True,2,2
301.tiff,canine cutaneous mast cell tumor,2,14809,205,7.663005352020264,0.1961441934108734,False,3,2
301.tiff,canine cutaneous mast cell tumor,2,14958,209,7.639401435852051,0.19553402066230774,False,3,2
301.tiff,canine cutaneous mast cell tumor,2,14865,212,7.60725212097168,0.19470293819904327,True,2,2
301.tiff,canine cutaneous mast cell tumor,2,14873,226,7.523874759674072,0.19254755973815918,True,2,2
301.tiff,canine cutaneous mast cell tumor,2,14826,241,7.475411415100098,0.19129474461078644,True,2,2
301.tiff,canine cutaneous mast cell tumor,2,14786,243,7.455967903137207,0.19079211354255676,True,2,2
301.tiff,canine cutaneous mast cell tumor,2,14776,245,7.44685173034668,0.19055645167827606,True,2,2
301.tiff,canine cutaneous mast cell tumor,2,14777,247,7.440666198730469,0.19039654731750488,True,2,2
301.tiff,canine cutaneous mast cell tumor,2,14893,250,7.409013748168945,0.18957830965518951,False,3,2
301.tiff,canine cutaneous mast cell tumor,2,14806,253,7.391858100891113,0.18913482129573822,False,3,2
301.tiff,canine cutaneous mast cell tumor,2,14901,257,7.363157749176025,0.18839289247989655,True,2,2
301.tiff,canine cutaneous mast cell tumor,2,15008,260,7.351917743682861,0.1881023347377777,True,2,2
301.tiff,canine cutaneous mast cell tumor,2,15002,264,7.329868793487549,0.18753235042095184,False,3,2
301.tiff,canine cutaneous mast cell tumor,2,14874,282,7.23455810546875,0.18506848812103271,True,2,2
301.tiff,canine cutaneous mast cell tumor,2,14795,284,7.231565475463867,0.18499112129211426,False,3,2
301.tiff,canine cutaneous mast cell tumor,2,14875,285,7.227619647979736,0.18488912284374237,True,2,2
301.tiff,canine cutaneous mast cell tumor,2,14888,286,7.222777366638184,0.18476395308971405,True,2,2
301.tiff,canine cutaneous mast cell tumor,2,14989,287,7.219035625457764,0.1846672147512436,True,2,2
301.tiff,canine cutaneous mast cell tumor,2,14810,295,7.1753315925598145,0.18353743851184845,True,2,2
301.tiff,canine cutaneous mast cell tumor,2,14781,309,7.122740745544434,0.18217791616916656,True,2,2
301.tiff,canine cutaneous mast cell tumor,2,14836,313,7.099905967712402,0.18158762156963348,False,3,2
301.tiff,canine cutaneous mast cell tumor,2,14914,318,7.078372478485107,0.18103095889091492,True,2,2
301.tiff,canine cutaneous mast cell tumor,2,14790,329,7.016577243804932,0.17943350970745087,True,2,2
301.tiff,canine cutaneous mast cell tumor,2,14805,330,7.015451431274414,0.17940440773963928,True,2,2
301.tiff,canine cutaneous mast cell tumor,2,14834,334,7.009130477905273,0.17924100160598755,True,2,2
301.tiff,canine cutaneous mast cell tumor,2,14819,335,7.009029388427734,0.17923839390277863,True,2,2
301.tiff,canine cutaneous mast cell tumor,2,14952,338,7.003742218017578,0.17910170555114746,True,2,2
301.tiff,canine cutaneous mast cell tumor,2,14935,349,6.968865871429443,0.1782001256942749,True,2,2
301.tiff,canine cutaneous mast cell tumor,2,14920,356,6.935641765594482,0.1773412525653839,False,3,2
301.tiff,canine cutaneous mast cell tumor,2,14968,361,6.921410083770752,0.176973357796669,True,2,2
301.tiff,canine cutaneous mast cell tumor,2,14812,370,6.892070770263672,0.17621491849422455,True,2,2
301.tiff,canine cutaneous mast cell tumor,2,14729,377,6.853795051574707,0.17522545158863068,False,3,2
301.tiff,canine cutaneous mast cell tumor,2,14974,388,6.804914474487305,0.1739618480205536,False,3,2
301.tiff,canine cutaneous mast cell tumor,2,14996,406,6.743256568908691,0.17236794531345367,True,2,2
301.tiff,canine cutaneous mast cell tumor,2,14770,411,6.725485801696777,0.17190855741500854,True,2,2
301.tiff,canine cutaneous mast cell tumor,2,14948,414,6.718735218048096,0.1717340499162674,False,3,2
301.tiff,canine cutaneous mast cell tumor,2,14882,421,6.691983222961426,0.17104248702526093,True,2,2
301.tiff,canine cutaneous mast cell tumor,2,14970,435,6.652470588684082,0.17002105712890625,False,3,2
301.tiff,canine cutaneous mast cell tumor,2,14757,438,6.642406940460205,0.16976089775562286,True,2,2
301.tiff,canine cutaneous mast cell tumor,2,14761,441,6.635110855102539,0.16957229375839233,True,2,2
301.tiff,canine cutaneous mast cell tumor,2,14764,443,6.630987167358398,0.16946569085121155,True,2,2
301.tiff,canine cutaneous mast cell tumor,2,14800,449,6.604896545410156,0.16879121959209442,True,2,2
301.tiff,canine cutaneous mast cell tumor,2,14921,453,6.60145902633667,0.1687023639678955,True,2,2
301.tiff,canine cutaneous mast cell tumor,2,15022,482,6.520711898803711,0.16661497950553894,False,3,2
301.tiff,canine cutaneous mast cell tumor,2,14825,485,6.511262893676758,0.1663707196712494,True,2,2
301.tiff,canine cutaneous mast cell tumor,2,14771,508,6.447170257568359,0.16471387445926666,True,2,2
301.tiff,canine cutaneous mast cell tumor,2,14788,513,6.438891887664795,0.16449986398220062,True,2,2
301.tiff,canine cutaneous mast cell tumor,2,14983,515,6.4331769943237305,0.16435213387012482,False,3,2
301.tiff,canine cutaneous mast cell tumor,2,14962,530,6.391119956970215,0.1632649302482605,True,2,2
301.tiff,canine cutaneous mast cell tumor,2,14779,538,6.383582592010498,0.16307008266448975,True,2,2
301.tiff,canine cutaneous mast cell tumor,2,14837,562,6.323634624481201,0.16152037680149078,True,2,2
301.tiff,canine cutaneous mast cell tumor,2,15032,590,6.259468078613281,0.15986162424087524,False,3,2
301.tiff,canine cutaneous mast cell tumor,2,14964,599,6.251467704772949,0.15965479612350464,True,2,2
301.tiff,canine cutaneous mast cell tumor,2,14749,661,6.137937545776367,0.15671995282173157,False,3,2
301.tiff,canine cutaneous mast cell tumor,2,15003,685,6.081273555755615,0.15525513887405396,True,2,2
301.tiff,canine cutaneous mast cell tumor,2,14859,692,6.072558879852295,0.15502986311912537,True,2,2
301.tiff,canine cutaneous mast cell tumor,2,14797,693,6.071857929229736,0.15501174330711365,True,2,2
301.tiff,canine cutaneous mast cell tumor,2,14868,699,6.058150291442871,0.15465739369392395,True,2,2
301.tiff,canine cutaneous mast cell tumor,2,15027,703,6.051512718200684,0.1544858068227768,False,3,2
301.tiff,canine cutaneous mast cell tumor,2,14856,733,6.005255222320557,0.1532900035381317,True,2,2
301.tiff,canine cutaneous mast cell tumor,2,14847,808,5.8893351554870605,0.15029338002204895,True,2,2
301.tiff,canine cutaneous mast cell tumor,2,15010,853,5.825599193572998,0.14864575862884521,True,2,2
301.tiff,canine cutaneous mast cell tumor,2,14817,872,5.8065643310546875,0.14815369248390198,True,2,2
301.tiff,canine cutaneous mast cell tumor,2,14741,891,5.776638507843018,0.14738008379936218,True,2,2
301.tiff,canine cutaneous mast cell tumor,2,14906,896,5.774383544921875,0.14732179045677185,True,2,2
301.tiff,canine cutaneous mast cell tumor,2,14763,957,5.7001752853393555,0.1454034447669983,True,2,2
301.tiff,canine cutaneous mast cell tumor,2,14803,958,5.700009822845459,0.14539916813373566,True,2,2
301.tiff,canine cutaneous mast cell tumor,2,14915,965,5.69492769241333,0.1452677845954895,True,2,2
301.tiff,canine cutaneous mast cell tumor,2,14827,1008,5.6446075439453125,0.14396697282791138,True,2,2
301.tiff,canine cutaneous mast cell tumor,2,14998,1010,5.641505241394043,0.1438867747783661,True,2,2
301.tiff,canine cutaneous mast cell tumor,2,15013,1020,5.632752895355225,0.1436605155467987,True,2,2
301.tiff,canine cutaneous mast cell tumor,2,14930,1039,5.6107001304626465,0.14309044182300568,False,3,2
301.tiff,canine cutaneous mast cell tumor,2,14916,1074,5.579549312591553,0.14228516817092896,True,2,2
301.tiff,canine cutaneous mast cell tumor,2,14754,1081,5.571979999542236,0.14208948612213135,True,2,2
301.tiff,canine cutaneous mast cell tumor,2,14811,1226,5.457945346832275,0.13914160430431366,False,3,2
301.tiff,canine cutaneous mast cell tumor,2,14782,1228,5.454095363616943,0.13904207944869995,True,2,2
301.tiff,canine cutaneous mast cell tumor,2,14942,1280,5.417372226715088,0.1380927562713623,True,2,2
301.tiff,canine cutaneous mast cell tumor,2,15004,1374,5.344032287597656,0.13619685173034668,False,3,2
301.tiff,canine cutaneous mast cell tumor,2,14884,1391,5.326942443847656,0.13575507700443268,True,2,2
301.tiff,canine cutaneous mast cell tumor,2,15012,1399,5.321885585784912,0.13562434911727905,True,2,2
301.tiff,canine cutaneous mast cell tumor,2,14787,1439,5.300765514373779,0.13507837057113647,True,2,2
301.tiff,canine cutaneous mast cell tumor,2,14863,1568,5.22491979598999,0.1331177055835724,False,3,2
301.tiff,canine cutaneous mast cell tumor,2,15016,1648,5.17111349105835,0.13172677159309387,False,3,2
301.tiff,canine cutaneous mast cell tumor,2,14727,1868,5.064693450927734,0.12897571921348572,True,2,2
301.tiff,canine cutaneous mast cell tumor,2,14843,2216,4.918023109436035,0.12518417835235596,True,2,2
301.tiff,canine cutaneous mast cell tumor,2,14748,2324,4.871725082397461,0.1239873394370079,True,2,2
301.tiff,canine cutaneous mast cell tumor,2,14735,2694,4.73787260055542,0.12052714079618454,True,2,2
301.tiff,canine cutaneous mast cell tumor,2,14798,3512,4.502327919006348,0.11443811655044556,True,2,2
301.tiff,canine cutaneous mast cell tumor,2,15026,3893,4.418613910675049,0.11227404326200485,False,3,2
301.tiff,canine cutaneous mast cell tumor,2,14744,4640,4.250032901763916,0.10791608691215515,True,2,2
301.tiff,canine cutaneous mast cell tumor,2,14908,4671,4.2443647384643555,0.10776956379413605,False,3,2
301.tiff,canine cutaneous mast cell tumor,2,14853,5347,4.119007587432861,0.1045289859175682,False,3,2
301.tiff,canine cutaneous mast cell tumor,2,14940,7026,3.857316255569458,0.0977640450000763,True,2,2
301.tiff,canine cutaneous mast cell tumor,2,14765,7358,3.8101158142089844,0.09654387831687927,True,2,2
301.tiff,canine cutaneous mast cell tumor,2,14969,8321,3.6872119903564453,0.09336671233177185,True,2,2
301.tiff,canine cutaneous mast cell tumor,2,14768,10756,3.4031238555908203,0.08602280169725418,True,2,2
301.tiff,canine cutaneous mast cell tumor,3,14839,2,8.941637992858887,0.1357184797525406,False,3,2
301.tiff,canine cutaneous mast cell tumor,3,14817,4,8.371620178222656,0.1270751804113388,True,2,2
301.tiff,canine cutaneous mast cell tumor,3,14932,6,8.198201179504395,0.1244455948472023,True,2,2
301.tiff,canine cutaneous mast cell tumor,3,15011,7,8.140019416809082,0.12356338649988174,True,2,2
301.tiff,canine cutaneous mast cell tumor,3,14771,9,8.031394958496094,0.1219162866473198,True,2,2
301.tiff,canine cutaneous mast cell tumor,3,15014,10,8.024928092956543,0.12181822955608368,False,3,2
301.tiff,canine cutaneous mast cell tumor,3,14937,11,7.986171722412109,0.12123055756092072,True,2,2
301.tiff,canine cutaneous mast cell tumor,3,14989,12,7.9766974449157715,0.12108689546585083,True,2,2
301.tiff,canine cutaneous mast cell tumor,3,14807,13,7.975116729736328,0.12106292694807053,True,2,2
301.tiff,canine cutaneous mast cell tumor,3,14840,14,7.898784637451172,0.1199054941534996,False,3,2
301.tiff,canine cutaneous mast cell tumor,3,14762,17,7.834909439086914,0.1189369410276413,True,2,2
301.tiff,canine cutaneous mast cell tumor,3,14833,19,7.780393123626709,0.1181102991104126,True,2,2
301.tiff,canine cutaneous mast cell tumor,3,14999,20,7.748834133148193,0.11763176321983337,True,2,2
301.tiff,canine cutaneous mast cell tumor,3,14881,23,7.665541648864746,0.11636878550052643,True,2,2
301.tiff,canine cutaneous mast cell tumor,3,14852,25,7.640861511230469,0.11599455028772354,True,2,2
301.tiff,canine cutaneous mast cell tumor,3,14849,26,7.633333206176758,0.11588039994239807,True,2,2
301.tiff,canine cutaneous mast cell tumor,3,14742,29,7.618317127227783,0.11565271019935608,True,2,2
301.tiff,canine cutaneous mast cell tumor,3,14980,30,7.563186168670654,0.11481674760580063,True,2,2
301.tiff,canine cutaneous mast cell tumor,3,14814,31,7.549136161804199,0.11460370570421219,True,2,2
301.tiff,canine cutaneous mast cell tumor,3,14864,32,7.528775215148926,0.11429496854543686,False,3,2
301.tiff,canine cutaneous mast cell tumor,3,14890,33,7.458614826202393,0.1132311150431633,True,2,2
301.tiff,canine cutaneous mast cell tumor,3,14898,35,7.418160438537598,0.11261769384145737,True,2,2
301.tiff,canine cutaneous mast cell tumor,3,14731,39,7.3504638671875,0.11159119755029678,True,2,2
301.tiff,canine cutaneous mast cell tumor,3,14982,40,7.341833114624023,0.11146032810211182,True,2,2
301.tiff,canine cutaneous mast cell tumor,3,14934,41,7.319028854370117,0.11111454665660858,True,2,2
301.tiff,canine cutaneous mast cell tumor,3,14867,42,7.2977519035339355,0.11079191416501999,True,2,2
301.tiff,canine cutaneous mast cell tumor,3,15007,43,7.286972999572754,0.11062847077846527,False,3,2
301.tiff,canine cutaneous mast cell tumor,3,14882,45,7.2464070320129395,0.11001336574554443,True,2,2
301.tiff,canine cutaneous mast cell tumor,3,14935,46,7.213895797729492,0.10952039062976837,True,2,2
301.tiff,canine cutaneous mast cell tumor,3,14866,50,7.156005859375,0.1086425930261612,True,2,2
301.tiff,canine cutaneous mast cell tumor,3,14912,53,7.064236640930176,0.10725107789039612,True,2,2
301.tiff,canine cutaneous mast cell tumor,3,14805,54,7.063815116882324,0.10724468529224396,True,2,2
301.tiff,canine cutaneous mast cell tumor,3,14772,55,7.061081886291504,0.10720324516296387,True,2,2
301.tiff,canine cutaneous mast cell tumor,3,14734,56,7.036003589630127,0.10682297497987747,False,3,2
301.tiff,canine cutaneous mast cell tumor,3,14829,57,7.029049396514893,0.10671752691268921,True,2,2
301.tiff,canine cutaneous mast cell tumor,3,15017,58,7.015822887420654,0.10651697218418121,False,3,2
301.tiff,canine cutaneous mast cell tumor,3,14826,60,7.007922172546387,0.10639717429876328,True,2,2
301.tiff,canine cutaneous mast cell tumor,3,14831,64,6.932526111602783,0.1052539274096489,True,2,2
301.tiff,canine cutaneous mast cell tumor,3,14997,65,6.92946720123291,0.10520754754543304,True,2,2
301.tiff,canine cutaneous mast cell tumor,3,14995,66,6.923089504241943,0.10511083900928497,True,2,2
301.tiff,canine cutaneous mast cell tumor,3,14850,67,6.916604042053223,0.10501249879598618,True,2,2
301.tiff,canine cutaneous mast cell tumor,3,14737,68,6.913165092468262,0.1049603521823883,True,2,2
301.tiff,canine cutaneous mast cell tumor,3,15008,74,6.857151031494141,0.10411100089550018,True,2,2
301.tiff,canine cutaneous mast cell tumor,3,14879,76,6.848117828369141,0.10397402942180634,False,3,2
301.tiff,canine cutaneous mast cell tumor,3,14751,81,6.815743923187256,0.10348314046859741,True,2,2
301.tiff,canine cutaneous mast cell tumor,3,14835,85,6.800991535186768,0.10325944423675537,True,2,2
301.tiff,canine cutaneous mast cell tumor,3,15051,87,6.799401760101318,0.10323534160852432,False,3,2
301.tiff,canine cutaneous mast cell tumor,3,14889,92,6.715413570404053,0.10196180641651154,True,2,2
301.tiff,canine cutaneous mast cell tumor,3,14753,94,6.692073822021484,0.10160790383815765,True,2,2
301.tiff,canine cutaneous mast cell tumor,3,14875,95,6.692054271697998,0.10160760581493378,True,2,2
301.tiff,canine cutaneous mast cell tumor,3,14996,99,6.660216808319092,0.1011248528957367,True,2,2
301.tiff,canine cutaneous mast cell tumor,3,14785,116,6.525748252868652,0.09908587485551834,True,2,2
301.tiff,canine cutaneous mast cell tumor,3,15025,119,6.503312110900879,0.0987456738948822,False,3,2
301.tiff,canine cutaneous mast cell tumor,3,14796,121,6.501453399658203,0.09871748834848404,True,2,2
301.tiff,canine cutaneous mast cell tumor,3,14837,123,6.492272853851318,0.09857828170061111,True,2,2
301.tiff,canine cutaneous mast cell tumor,3,14972,124,6.491872310638428,0.09857220947742462,False,3,2
301.tiff,canine cutaneous mast cell tumor,3,14888,125,6.490561485290527,0.09855233132839203,True,2,2
301.tiff,canine cutaneous mast cell tumor,3,15018,137,6.428999900817871,0.09761886298656464,True,2,2
301.tiff,canine cutaneous mast cell tumor,3,14816,140,6.4262213706970215,0.09757672995328903,True,2,2
301.tiff,canine cutaneous mast cell tumor,3,14938,141,6.425564289093018,0.09756676852703094,True,2,2
301.tiff,canine cutaneous mast cell tumor,3,14936,142,6.416987895965576,0.09743672609329224,False,3,2
301.tiff,canine cutaneous mast cell tumor,3,14773,147,6.3897271156311035,0.0970233604311943,True,2,2
301.tiff,canine cutaneous mast cell tumor,3,14844,150,6.360334396362305,0.09657767415046692,False,3,2
301.tiff,canine cutaneous mast cell tumor,3,14924,152,6.3564019203186035,0.09651804715394974,False,3,2
301.tiff,canine cutaneous mast cell tumor,3,14755,155,6.33550500869751,0.09620118141174316,True,2,2
301.tiff,canine cutaneous mast cell tumor,3,14876,156,6.332831859588623,0.0961606502532959,True,2,2
301.tiff,canine cutaneous mast cell tumor,3,15034,159,6.325876712799072,0.09605518728494644,False,3,2
301.tiff,canine cutaneous mast cell tumor,3,14913,162,6.314416408538818,0.09588140994310379,True,2,2
301.tiff,canine cutaneous mast cell tumor,3,14891,165,6.305072784423828,0.09573972970247269,True,2,2
301.tiff,canine cutaneous mast cell tumor,3,14856,166,6.302474021911621,0.09570033103227615,True,2,2
301.tiff,canine cutaneous mast cell tumor,3,14781,171,6.285597801208496,0.09544443339109421,True,2,2
301.tiff,canine cutaneous mast cell tumor,3,14797,173,6.2828850746154785,0.09540329873561859,True,2,2
301.tiff,canine cutaneous mast cell tumor,3,14973,176,6.271341323852539,0.09522825479507446,False,3,2
301.tiff,canine cutaneous mast cell tumor,3,14857,179,6.260835647583008,0.09506895393133163,False,3,2
301.tiff,canine cutaneous mast cell tumor,3,14806,189,6.22074031829834,0.09446098655462265,False,3,2
301.tiff,canine cutaneous mast cell tumor,3,14907,190,6.219886779785156,0.0944480448961258,True,2,2
301.tiff,canine cutaneous mast cell tumor,3,14752,191,6.213916778564453,0.09435752034187317,True,2,2
301.tiff,canine cutaneous mast cell tumor,3,14958,195,6.208117961883545,0.09426958858966827,False,3,2
301.tiff,canine cutaneous mast cell tumor,3,14903,197,6.202183723449707,0.09417960792779922,True,2,2
301.tiff,canine cutaneous mast cell tumor,3,14985,201,6.195624351501465,0.09408014267683029,False,3,2
301.tiff,canine cutaneous mast cell tumor,3,14779,206,6.171738147735596,0.09371795505285263,True,2,2
301.tiff,canine cutaneous mast cell tumor,3,15022,207,6.169091701507568,0.0936778262257576,False,3,2
301.tiff,canine cutaneous mast cell tumor,3,14910,209,6.164661407470703,0.09361065179109573,True,2,2
301.tiff,canine cutaneous mast cell tumor,3,14810,211,6.1494221687316895,0.09337957203388214,True,2,2
301.tiff,canine cutaneous mast cell tumor,3,14784,216,6.120593547821045,0.09294243901968002,True,2,2
301.tiff,canine cutaneous mast cell tumor,3,14976,217,6.119378566741943,0.09292401373386383,True,2,2
301.tiff,canine cutaneous mast cell tumor,3,14998,222,6.095839977264404,0.0925670936703682,True,2,2
301.tiff,canine cutaneous mast cell tumor,3,15000,224,6.090871334075928,0.0924917533993721,True,2,2
301.tiff,canine cutaneous mast cell tumor,3,14809,225,6.088684558868408,0.09245859831571579,False,3,2
301.tiff,canine cutaneous mast cell tumor,3,14841,226,6.086545467376709,0.09242615848779678,True,2,2
301.tiff,canine cutaneous mast cell tumor,3,15001,230,6.068751335144043,0.09215634316205978,True,2,2
301.tiff,canine cutaneous mast cell tumor,3,14950,233,6.060791015625,0.09203564375638962,True,2,2
301.tiff,canine cutaneous mast cell tumor,3,14905,238,6.05150842666626,0.09189488738775253,True,2,2
301.tiff,canine cutaneous mast cell tumor,3,14917,239,6.051193714141846,0.0918901190161705,True,2,2
301.tiff,canine cutaneous mast cell tumor,3,14808,241,6.047640323638916,0.09183623641729355,True,2,2
301.tiff,canine cutaneous mast cell tumor,3,14769,243,6.0459089279174805,0.09180998057126999,True,2,2
301.tiff,canine cutaneous mast cell tumor,3,15036,244,6.043670177459717,0.0917760357260704,False,3,2
301.tiff,canine cutaneous mast cell tumor,3,14770,246,6.041979789733887,0.09175040572881699,True,2,2
301.tiff,canine cutaneous mast cell tumor,3,14946,254,6.007786750793457,0.09123192727565765,True,2,2
301.tiff,canine cutaneous mast cell tumor,3,14825,256,6.004429817199707,0.09118102490901947,True,2,2
301.tiff,canine cutaneous mast cell tumor,3,14955,257,6.000293731689453,0.09111831337213516,True,2,2
301.tiff,canine cutaneous mast cell tumor,3,14878,258,5.99973201751709,0.09110978990793228,True,2,2
301.tiff,canine cutaneous mast cell tumor,3,14904,260,5.99304723739624,0.09100843220949173,False,3,2
301.tiff,canine cutaneous mast cell tumor,3,14858,272,5.964934349060059,0.09058214724063873,True,2,2
301.tiff,canine cutaneous mast cell tumor,3,14988,275,5.958155632019043,0.09047935903072357,True,2,2
301.tiff,canine cutaneous mast cell tumor,3,14960,282,5.9413886070251465,0.09022512286901474,True,2,2
301.tiff,canine cutaneous mast cell tumor,3,14961,287,5.926360607147217,0.08999724686145782,True,2,2
301.tiff,canine cutaneous mast cell tumor,3,14726,290,5.924016952514648,0.0899617075920105,True,2,2
301.tiff,canine cutaneous mast cell tumor,3,14823,299,5.900603294372559,0.08960668742656708,True,2,2
301.tiff,canine cutaneous mast cell tumor,3,14911,302,5.892821788787842,0.0894886925816536,True,2,2
301.tiff,canine cutaneous mast cell tumor,3,14902,320,5.857924461364746,0.08895953744649887,True,2,2
301.tiff,canine cutaneous mast cell tumor,3,14743,326,5.848889350891113,0.08882253617048264,True,2,2
301.tiff,canine cutaneous mast cell tumor,3,14869,330,5.8389363288879395,0.08867161720991135,True,2,2
301.tiff,canine cutaneous mast cell tumor,3,14868,338,5.810547351837158,0.08824115246534348,True,2,2
301.tiff,canine cutaneous mast cell tumor,3,14766,344,5.803826808929443,0.08813924342393875,True,2,2
301.tiff,canine cutaneous mast cell tumor,3,14956,365,5.755227088928223,0.08740231394767761,True,2,2
301.tiff,canine cutaneous mast cell tumor,3,14979,370,5.744760990142822,0.08724361658096313,True,2,2
301.tiff,canine cutaneous mast cell tumor,3,14949,371,5.741366386413574,0.08719214797019958,False,3,2
301.tiff,canine cutaneous mast cell tumor,3,14819,373,5.7351837158203125,0.08709839731454849,True,2,2
301.tiff,canine cutaneous mast cell tumor,3,14729,377,5.723416328430176,0.08691996335983276,False,3,2
301.tiff,canine cutaneous mast cell tumor,3,14928,378,5.7233171463012695,0.08691845834255219,False,3,2
301.tiff,canine cutaneous mast cell tumor,3,14914,386,5.707916736602783,0.0866849422454834,True,2,2
301.tiff,canine cutaneous mast cell tumor,3,14865,387,5.7022294998168945,0.086598701775074,True,2,2
301.tiff,canine cutaneous mast cell tumor,3,15004,402,5.666924953460693,0.08606337755918503,False,3,2
301.tiff,canine cutaneous mast cell tumor,3,14757,403,5.666510105133057,0.08605708181858063,True,2,2
301.tiff,canine cutaneous mast cell tumor,3,14918,404,5.662991046905518,0.08600372821092606,True,2,2
301.tiff,canine cutaneous mast cell tumor,3,14968,415,5.638279914855957,0.08562902361154556,True,2,2
301.tiff,canine cutaneous mast cell tumor,3,14942,421,5.623478889465332,0.08540459722280502,True,2,2
301.tiff,canine cutaneous mast cell tumor,3,14786,446,5.5911030769348145,0.08491367101669312,True,2,2
301.tiff,canine cutaneous mast cell tumor,3,14759,449,5.5862016677856445,0.0848393514752388,False,3,2
301.tiff,canine cutaneous mast cell tumor,3,14957,469,5.540467262268066,0.08414587378501892,True,2,2
301.tiff,canine cutaneous mast cell tumor,3,14947,482,5.509796619415283,0.08368080854415894,True,2,2
301.tiff,canine cutaneous mast cell tumor,3,15002,484,5.506101131439209,0.08362477272748947,False,3,2
301.tiff,canine cutaneous mast cell tumor,3,14853,490,5.495566368103027,0.08346503227949142,False,3,2
301.tiff,canine cutaneous mast cell tumor,3,15013,491,5.491243362426758,0.08339948207139969,True,2,2
301.tiff,canine cutaneous mast cell tumor,3,14948,498,5.478932857513428,0.08321281522512436,False,3,2
301.tiff,canine cutaneous mast cell tumor,3,14893,504,5.467614650726318,0.08304119855165482,False,3,2
301.tiff,canine cutaneous mast cell tumor,3,14884,514,5.45451021194458,0.08284249156713486,True,2,2
301.tiff,canine cutaneous mast cell tumor,3,14815,547,5.378091812133789,0.08168374001979828,True,2,2
301.tiff,canine cutaneous mast cell tumor,3,14750,549,5.376935958862305,0.08166621625423431,True,2,2
301.tiff,canine cutaneous mast cell tumor,3,14789,550,5.376462459564209,0.08165903389453888,True,2,2
301.tiff,canine cutaneous mast cell tumor,3,14921,573,5.347426891326904,0.08121876418590546,True,2,2
301.tiff,canine cutaneous mast cell tumor,3,14824,580,5.341983318328857,0.08113622665405273,True,2,2
301.tiff,canine cutaneous mast cell tumor,3,14790,583,5.338474273681641,0.0810830146074295,True,2,2
301.tiff,canine cutaneous mast cell tumor,3,14813,590,5.334622383117676,0.08102460950613022,True,2,2
301.tiff,canine cutaneous mast cell tumor,3,14834,592,5.331093788146973,0.08097109943628311,True,2,2
301.tiff,canine cutaneous mast cell tumor,3,14952,598,5.320158004760742,0.08080527931451797,True,2,2
301.tiff,canine cutaneous mast cell tumor,3,14842,623,5.2679924964904785,0.08001428842544556,True,2,2
301.tiff,canine cutaneous mast cell tumor,3,14897,632,5.258808135986328,0.07987502217292786,True,2,2
301.tiff,canine cutaneous mast cell tumor,3,14923,641,5.251746654510498,0.07976794987916946,True,2,2
301.tiff,canine cutaneous mast cell tumor,3,14733,645,5.2491888999938965,0.07972916215658188,False,3,2
301.tiff,canine cutaneous mast cell tumor,3,14847,659,5.236363410949707,0.07953468710184097,True,2,2
301.tiff,canine cutaneous mast cell tumor,3,14800,665,5.230083465576172,0.07943946123123169,True,2,2
301.tiff,canine cutaneous mast cell tumor,3,14836,687,5.205055236816406,0.07905995845794678,False,3,2
301.tiff,canine cutaneous mast cell tumor,3,14812,690,5.200377464294434,0.07898902893066406,True,2,2
301.tiff,canine cutaneous mast cell tumor,3,14915,698,5.1883697509765625,0.07880695164203644,True,2,2
301.tiff,canine cutaneous mast cell tumor,3,14778,717,5.165548324584961,0.07846090197563171,True,2,2
301.tiff,canine cutaneous mast cell tumor,3,14795,761,5.124842643737793,0.07784368097782135,False,3,2
301.tiff,canine cutaneous mast cell tumor,3,14963,769,5.114657878875732,0.07768924534320831,False,3,2
301.tiff,canine cutaneous mast cell tumor,3,14736,782,5.100188255310059,0.0774698406457901,True,2,2
301.tiff,canine cutaneous mast cell tumor,3,14748,799,5.086175441741943,0.07725735753774643,True,2,2
301.tiff,canine cutaneous mast cell tumor,3,14767,842,5.040401458740234,0.0765632763504982,False,3,2
301.tiff,canine cutaneous mast cell tumor,3,14727,846,5.0388946533203125,0.07654043287038803,True,2,2
301.tiff,canine cutaneous mast cell tumor,3,14747,852,5.0344038009643555,0.07647233456373215,True,2,2
301.tiff,canine cutaneous mast cell tumor,3,14962,872,5.011829853057861,0.07613003998994827,True,2,2
301.tiff,canine cutaneous mast cell tumor,3,14880,886,5.001036167144775,0.07596637308597565,True,2,2
301.tiff,canine cutaneous mast cell tumor,3,14975,911,4.975174903869629,0.07557423412799835,True,2,2
301.tiff,canine cutaneous mast cell tumor,3,14933,931,4.966493606567383,0.0754425972700119,True,2,2
301.tiff,canine cutaneous mast cell tumor,3,14945,1030,4.872473239898682,0.07401695102453232,True,2,2
301.tiff,canine cutaneous mast cell tumor,3,14906,1099,4.813574314117432,0.07312385737895966,True,2,2
301.tiff,canine cutaneous mast cell tumor,3,14730,1102,4.8115763664245605,0.07309356331825256,False,3,2
301.tiff,canine cutaneous mast cell tumor,3,14964,1197,4.748965740203857,0.07214418053627014,True,2,2
301.tiff,canine cutaneous mast cell tumor,3,14732,1326,4.667212963104248,0.07090455293655396,False,3,2
301.tiff,canine cutaneous mast cell tumor,3,15032,1403,4.623843669891357,0.07024693489074707,False,3,2
301.tiff,canine cutaneous mast cell tumor,3,14776,1415,4.6181640625,0.07016081362962723,True,2,2
301.tiff,canine cutaneous mast cell tumor,3,14749,1502,4.5756402015686035,0.06951601803302765,False,3,2
301.tiff,canine cutaneous mast cell tumor,3,14787,1539,4.561036586761475,0.06929457932710648,True,2,2
301.tiff,canine cutaneous mast cell tumor,3,14983,1571,4.543339252471924,0.06902623176574707,False,3,2
301.tiff,canine cutaneous mast cell tumor,3,15026,1574,4.542093753814697,0.06900734454393387,False,3,2
301.tiff,canine cutaneous mast cell tumor,3,14970,1651,4.508100509643555,0.06849189847707748,False,3,2
301.tiff,canine cutaneous mast cell tumor,3,14874,1663,4.5003981590271,0.0683751031756401,True,2,2
301.tiff,canine cutaneous mast cell tumor,3,15003,1704,4.476150035858154,0.06800742447376251,True,2,2
301.tiff,canine cutaneous mast cell tumor,3,14764,1749,4.448645114898682,0.06759036332368851,True,2,2
301.tiff,canine cutaneous mast cell tumor,3,14930,1783,4.432814121246338,0.06735031306743622,False,3,2
301.tiff,canine cutaneous mast cell tumor,3,14908,1804,4.422645568847656,0.06719613075256348,False,3,2
301.tiff,canine cutaneous mast cell tumor,3,15010,1823,4.414663314819336,0.06707508862018585,True,2,2
301.tiff,canine cutaneous mast cell tumor,3,15027,1840,4.40722131729126,0.06696224957704544,False,3,2
301.tiff,canine cutaneous mast cell tumor,3,14978,2023,4.342475891113281,0.06598050147294998,True,2,2
301.tiff,canine cutaneous mast cell tumor,3,14859,2149,4.2988104820251465,0.06531839072704315,True,2,2
301.tiff,canine cutaneous mast cell tumor,3,14916,2262,4.259395599365234,0.06472073495388031,True,2,2
301.tiff,canine cutaneous mast cell tumor,3,14863,2343,4.226569175720215,0.06422298401594162,False,3,2
301.tiff,canine cutaneous mast cell tumor,3,14920,2416,4.1990885734558105,0.06380628794431686,False,3,2
301.tiff,canine cutaneous mast cell tumor,3,14735,2433,4.19539737701416,0.06375031918287277,True,2,2
301.tiff,canine cutaneous mast cell tumor,3,14768,2536,4.165041446685791,0.06329002976417542,True,2,2
301.tiff,canine cutaneous mast cell tumor,3,14811,2724,4.106479167938232,0.06240203231573105,False,3,2
301.tiff,canine cutaneous mast cell tumor,3,14901,2914,4.054830074310303,0.0616188645362854,True,2,2
301.tiff,canine cutaneous mast cell tumor,3,14827,3218,3.976363182067871,0.060429058969020844,True,2,2
301.tiff,canine cutaneous mast cell tumor,3,14977,3525,3.8959155082702637,0.05920921638607979,True,2,2
301.tiff,canine cutaneous mast cell tumor,3,14873,3536,3.8907363414764404,0.05913068354129791,True,2,2
301.tiff,canine cutaneous mast cell tumor,3,14763,3724,3.8484559059143066,0.05848957598209381,True,2,2
301.tiff,canine cutaneous mast cell tumor,3,14798,3922,3.8060946464538574,0.057847246527671814,True,2,2
301.tiff,canine cutaneous mast cell tumor,3,14969,4400,3.7140145301818848,0.056451015174388885,True,2,2
301.tiff,canine cutaneous mast cell tumor,3,14754,4769,3.650639772415161,0.055490054190158844,True,2,2
301.tiff,canine cutaneous mast cell tumor,3,14981,4831,3.638859272003174,0.0553114227950573,True,2,2
301.tiff,canine cutaneous mast cell tumor,3,14803,5204,3.576176404953003,0.054360952228307724,True,2,2
301.tiff,canine cutaneous mast cell tumor,3,14761,5572,3.5190107822418213,0.05349413678050041,True,2,2
301.tiff,canine cutaneous mast cell tumor,3,15016,5947,3.4626212120056152,0.05263909325003624,False,3,2
301.tiff,canine cutaneous mast cell tumor,3,14777,6166,3.4348018169403076,0.052217260003089905,True,2,2
301.tiff,canine cutaneous mast cell tumor,3,14974,6675,3.370363235473633,0.051240164786577225,False,3,2
301.tiff,canine cutaneous mast cell tumor,3,14940,6701,3.3675687313079834,0.05119779333472252,True,2,2
301.tiff,canine cutaneous mast cell tumor,3,14741,6818,3.3536553382873535,0.050986822694540024,True,2,2
301.tiff,canine cutaneous mast cell tumor,3,14765,7071,3.318688154220581,0.05045660585165024,True,2,2
301.tiff,canine cutaneous mast cell tumor,3,15012,9029,3.1000843048095703,0.04714187607169151,True,2,2
301.tiff,canine cutaneous mast cell tumor,3,14843,11172,2.8958728313446045,0.044045377522706985,True,2,2
301.tiff,canine cutaneous mast cell tumor,3,14744,12197,2.804203510284424,0.042655378580093384,True,2,2
301.tiff,canine cutaneous mast cell tumor,3,14939,12551,2.7730774879455566,0.04218340665102005,False,3,2
301.tiff,canine cutaneous mast cell tumor,3,14782,15692,2.517056465148926,0.03830131143331528,True,2,2
301.tiff,canine cutaneous mast cell tumor,4,14999,1,10.85267162322998,2.7271299362182617,True,2,2
301.tiff,canine cutaneous mast cell tumor,4,14898,2,10.712851524353027,2.6916253566741943,True,2,2
301.tiff,canine cutaneous mast cell tumor,4,15014,3,10.591961860656738,2.6609275341033936,False,3,2
301.tiff,canine cutaneous mast cell tumor,4,14881,4,10.564896583557129,2.654054880142212,True,2,2
301.tiff,canine cutaneous mast cell tumor,4,14937,5,10.453201293945312,2.6256918907165527,True,2,2
301.tiff,canine cutaneous mast cell tumor,4,14852,6,10.253097534179688,2.5748791694641113,True,2,2
301.tiff,canine cutaneous mast cell tumor,4,14751,7,10.093767166137695,2.5344202518463135,True,2,2
301.tiff,canine cutaneous mast cell tumor,4,14773,8,10.026193618774414,2.517261266708374,True,2,2
301.tiff,canine cutaneous mast cell tumor,4,14866,9,9.854790687561035,2.473736524581909,True,2,2
301.tiff,canine cutaneous mast cell tumor,4,14980,10,9.852445602416992,2.4731411933898926,True,2,2
301.tiff,canine cutaneous mast cell tumor,4,14779,11,9.8383207321167,2.4695544242858887,True,2,2
301.tiff,canine cutaneous mast cell tumor,4,14807,12,9.79442024230957,2.458406686782837,True,2,2
301.tiff,canine cutaneous mast cell tumor,4,15007,13,9.781596183776855,2.4551501274108887,False,3,2
301.tiff,canine cutaneous mast cell tumor,4,15018,14,9.698878288269043,2.434145450592041,True,2,2
301.tiff,canine cutaneous mast cell tumor,4,14891,15,9.503862380981445,2.38462495803833,True,2,2
301.tiff,canine cutaneous mast cell tumor,4,14982,16,9.394227027893066,2.3567850589752197,True,2,2
301.tiff,canine cutaneous mast cell tumor,4,14850,17,9.384477615356445,2.354309320449829,True,2,2
301.tiff,canine cutaneous mast cell tumor,4,14957,18,9.365312576293945,2.349442720413208,True,2,2
301.tiff,canine cutaneous mast cell tumor,4,14730,19,9.351643562316895,2.3459715843200684,False,3,2
301.tiff,canine cutaneous mast cell tumor,4,15034,23,9.163498878479004,2.2981958389282227,False,3,2
301.tiff,canine cutaneous mast cell tumor,4,14947,24,9.042400360107422,2.2674450874328613,True,2,2
301.tiff,canine cutaneous mast cell tumor,4,14867,25,8.99928092956543,2.256495714187622,True,2,2
301.tiff,canine cutaneous mast cell tumor,4,14762,26,8.996805191040039,2.2558670043945312,True,2,2
301.tiff,canine cutaneous mast cell tumor,4,14995,27,8.988333702087402,2.253715991973877,True,2,2
301.tiff,canine cutaneous mast cell tumor,4,14989,29,8.909207344055176,2.2336232662200928,True,2,2
301.tiff,canine cutaneous mast cell tumor,4,14911,30,8.903315544128418,2.2321271896362305,True,2,2
301.tiff,canine cutaneous mast cell tumor,4,14806,31,8.83197021484375,2.214010238647461,False,3,2
301.tiff,canine cutaneous mast cell tumor,4,14890,33,8.760679244995117,2.1959071159362793,True,2,2
301.tiff,canine cutaneous mast cell tumor,4,14743,34,8.757669448852539,2.195142984390259,True,2,2
301.tiff,canine cutaneous mast cell tumor,4,14809,35,8.752568244934082,2.19384765625,False,3,2
301.tiff,canine cutaneous mast cell tumor,4,14785,36,8.69862174987793,2.1801488399505615,True,2,2
301.tiff,canine cutaneous mast cell tumor,4,14755,37,8.622772216796875,2.160888195037842,True,2,2
301.tiff,canine cutaneous mast cell tumor,4,15000,38,8.608814239501953,2.157343864440918,True,2,2
301.tiff,canine cutaneous mast cell tumor,4,14889,39,8.573781967163086,2.1484482288360596,True,2,2
301.tiff,canine cutaneous mast cell tumor,4,14938,40,8.559382438659668,2.144791603088379,True,2,2
301.tiff,canine cutaneous mast cell tumor,4,14934,41,8.536696434020996,2.139030933380127,True,2,2
301.tiff,canine cutaneous mast cell tumor,4,14907,42,8.500852584838867,2.1299290657043457,True,2,2
301.tiff,canine cutaneous mast cell tumor,4,14839,43,8.445932388305664,2.115983009338379,False,3,2
301.tiff,canine cutaneous mast cell tumor,4,14831,44,8.412971496582031,2.1076133251190186,True,2,2
301.tiff,canine cutaneous mast cell tumor,4,14784,45,8.399588584899902,2.104214906692505,True,2,2
301.tiff,canine cutaneous mast cell tumor,4,14752,46,8.390783309936523,2.1019790172576904,True,2,2
301.tiff,canine cutaneous mast cell tumor,4,14975,47,8.375950813293457,2.098212480545044,True,2,2
301.tiff,canine cutaneous mast cell tumor,4,14979,48,8.309829711914062,2.0814223289489746,True,2,2
301.tiff,canine cutaneous mast cell tumor,4,14960,49,8.304109573364258,2.079969882965088,True,2,2
301.tiff,canine cutaneous mast cell tumor,4,14988,50,8.275009155273438,2.072580337524414,True,2,2
301.tiff,canine cutaneous mast cell tumor,4,15008,51,8.237537384033203,2.0630650520324707,True,2,2
301.tiff,canine cutaneous mast cell tumor,4,14770,53,8.194729804992676,2.052194833755493,True,2,2
301.tiff,canine cutaneous mast cell tumor,4,14813,54,8.187073707580566,2.050250768661499,True,2,2
301.tiff,canine cutaneous mast cell tumor,4,14956,55,8.16657543182373,2.0450456142425537,True,2,2
301.tiff,canine cutaneous mast cell tumor,4,14910,56,8.156153678894043,2.0423991680145264,True,2,2
301.tiff,canine cutaneous mast cell tumor,4,14972,57,8.038671493530273,2.0125668048858643,False,3,2
301.tiff,canine cutaneous mast cell tumor,4,14837,58,8.019632339477539,2.0077321529388428,True,2,2
301.tiff,canine cutaneous mast cell tumor,4,14917,59,8.011499404907227,2.005666971206665,True,2,2
301.tiff,canine cutaneous mast cell tumor,4,14879,60,7.963061332702637,1.993367075920105,False,3,2
301.tiff,canine cutaneous mast cell tumor,4,14826,61,7.939913749694824,1.987489104270935,True,2,2
301.tiff,canine cutaneous mast cell tumor,4,14923,63,7.882864475250244,1.973002552986145,True,2,2
301.tiff,canine cutaneous mast cell tumor,4,14772,64,7.771745204925537,1.944785714149475,True,2,2
301.tiff,canine cutaneous mast cell tumor,4,14834,66,7.753659248352051,1.9401931762695312,True,2,2
301.tiff,canine cutaneous mast cell tumor,4,14985,67,7.709295272827148,1.9289277791976929,False,3,2
301.tiff,canine cutaneous mast cell tumor,4,14805,68,7.699767112731934,1.9265081882476807,True,2,2
301.tiff,canine cutaneous mast cell tumor,4,14816,69,7.67233419418335,1.9195421934127808,True,2,2
301.tiff,canine cutaneous mast cell tumor,4,14976,70,7.671691417694092,1.9193788766860962,True,2,2
301.tiff,canine cutaneous mast cell tumor,4,14810,72,7.650901794433594,1.9140998125076294,True,2,2
301.tiff,canine cutaneous mast cell tumor,4,14933,73,7.547901153564453,1.8879446983337402,True,2,2
301.tiff,canine cutaneous mast cell tumor,4,14824,74,7.546568393707275,1.8876062631607056,True,2,2
301.tiff,canine cutaneous mast cell tumor,4,14903,75,7.5344953536987305,1.8845405578613281,True,2,2
301.tiff,canine cutaneous mast cell tumor,4,14924,78,7.49185848236084,1.873713731765747,False,3,2
301.tiff,canine cutaneous mast cell tumor,4,14878,81,7.428738117218018,1.8576854467391968,True,2,2
301.tiff,canine cutaneous mast cell tumor,4,14945,82,7.421189308166504,1.8557685613632202,True,2,2
301.tiff,canine cutaneous mast cell tumor,4,14962,83,7.41398811340332,1.8539398908615112,True,2,2
301.tiff,canine cutaneous mast cell tumor,4,14808,84,7.385507106781006,1.8467077016830444,True,2,2
301.tiff,canine cutaneous mast cell tumor,4,14905,85,7.363909721374512,1.8412234783172607,True,2,2
301.tiff,canine cutaneous mast cell tumor,4,14915,89,7.284544467926025,1.8210700750350952,True,2,2
301.tiff,canine cutaneous mast cell tumor,4,14814,90,7.274856090545654,1.8186099529266357,True,2,2
301.tiff,canine cutaneous mast cell tumor,4,14876,91,7.266223907470703,1.816417932510376,True,2,2
301.tiff,canine cutaneous mast cell tumor,4,15017,92,7.241393566131592,1.810112714767456,False,3,2
301.tiff,canine cutaneous mast cell tumor,4,14998,96,7.15585470199585,1.7883917093276978,True,2,2
301.tiff,canine cutaneous mast cell tumor,4,14961,97,7.126201152801514,1.780861735343933,True,2,2
301.tiff,canine cutaneous mast cell tumor,4,14726,99,7.109653949737549,1.7766599655151367,True,2,2
301.tiff,canine cutaneous mast cell tumor,4,14736,100,7.088670253753662,1.771331548690796,True,2,2
301.tiff,canine cutaneous mast cell tumor,4,14766,103,7.0450849533081055,1.7602638006210327,True,2,2
301.tiff,canine cutaneous mast cell tumor,4,14815,104,7.043690204620361,1.7599096298217773,True,2,2
301.tiff,canine cutaneous mast cell tumor,4,14977,106,7.018453121185303,1.7535011768341064,True,2,2
301.tiff,canine cutaneous mast cell tumor,4,14888,109,6.986626148223877,1.7454192638397217,True,2,2
301.tiff,canine cutaneous mast cell tumor,4,14737,111,6.954951286315918,1.737376093864441,True,2,2
301.tiff,canine cutaneous mast cell tumor,4,14901,119,6.868717193603516,1.715478539466858,True,2,2
301.tiff,canine cutaneous mast cell tumor,4,14759,127,6.79115104675293,1.695781946182251,False,3,2
301.tiff,canine cutaneous mast cell tumor,4,14981,129,6.743680000305176,1.6837276220321655,True,2,2
301.tiff,canine cutaneous mast cell tumor,4,14914,131,6.716041088104248,1.6767091751098633,True,2,2
301.tiff,canine cutaneous mast cell tumor,4,14731,132,6.706552505493164,1.674299716949463,True,2,2
301.tiff,canine cutaneous mast cell tumor,4,14897,133,6.7045722007751465,1.6737968921661377,True,2,2
301.tiff,canine cutaneous mast cell tumor,4,14858,138,6.661688327789307,1.662907361984253,True,2,2
301.tiff,canine cutaneous mast cell tumor,4,14733,139,6.661636829376221,1.6628942489624023,False,3,2
301.tiff,canine cutaneous mast cell tumor,4,15051,141,6.646147727966309,1.6589610576629639,False,3,2
301.tiff,canine cutaneous mast cell tumor,4,14771,142,6.632423400878906,1.6554760932922363,True,2,2
301.tiff,canine cutaneous mast cell tumor,4,14764,144,6.62410306930542,1.6533632278442383,True,2,2
301.tiff,canine cutaneous mast cell tumor,4,14950,145,6.618729591369629,1.65199875831604,True,2,2
301.tiff,canine cutaneous mast cell tumor,4,14833,146,6.618161201477051,1.651854395866394,True,2,2
301.tiff,canine cutaneous mast cell tumor,4,14916,148,6.590465068817139,1.6448215246200562,True,2,2
301.tiff,canine cutaneous mast cell tumor,4,15011,151,6.565354347229004,1.6384451389312744,True,2,2
301.tiff,canine cutaneous mast cell tumor,4,14932,153,6.511809349060059,1.6248483657836914,True,2,2
301.tiff,canine cutaneous mast cell tumor,4,14742,156,6.500720977783203,1.622032642364502,True,2,2
301.tiff,canine cutaneous mast cell tumor,4,14882,159,6.464442729949951,1.6128205060958862,True,2,2
301.tiff,canine cutaneous mast cell tumor,4,14750,160,6.45392370223999,1.6101493835449219,True,2,2
301.tiff,canine cutaneous mast cell tumor,4,15010,162,6.441590309143066,1.6070175170898438,True,2,2
301.tiff,canine cutaneous mast cell tumor,4,14942,168,6.319920539855957,1.5761216878890991,True,2,2
301.tiff,canine cutaneous mast cell tumor,4,14921,172,6.306430339813232,1.5726962089538574,True,2,2
301.tiff,canine cutaneous mast cell tumor,4,14849,175,6.2877349853515625,1.567948818206787,True,2,2
301.tiff,canine cutaneous mast cell tumor,4,14795,182,6.243783473968506,1.5567880868911743,False,3,2
301.tiff,canine cutaneous mast cell tumor,4,14844,183,6.243126392364502,1.5566213130950928,False,3,2
301.tiff,canine cutaneous mast cell tumor,4,14825,184,6.238125801086426,1.5553514957427979,True,2,2
301.tiff,canine cutaneous mast cell tumor,4,14796,189,6.197428226470947,1.545017123222351,True,2,2
301.tiff,canine cutaneous mast cell tumor,4,14800,190,6.193007469177246,1.5438945293426514,True,2,2
301.tiff,canine cutaneous mast cell tumor,4,15025,202,6.120981693267822,1.5256048440933228,False,3,2
301.tiff,canine cutaneous mast cell tumor,4,14946,204,6.115013122558594,1.5240893363952637,True,2,2
301.tiff,canine cutaneous mast cell tumor,4,14786,206,6.108554363250732,1.522449254989624,True,2,2
301.tiff,canine cutaneous mast cell tumor,4,14856,208,6.104706287384033,1.5214720964431763,True,2,2
301.tiff,canine cutaneous mast cell tumor,4,14874,211,6.088741302490234,1.5174180269241333,True,2,2
301.tiff,canine cutaneous mast cell tumor,4,15002,213,6.085269451141357,1.5165364742279053,False,3,2
301.tiff,canine cutaneous mast cell tumor,4,14997,217,6.069344997406006,1.5124926567077637,True,2,2
301.tiff,canine cutaneous mast cell tumor,4,14912,222,6.043824672698975,1.5060123205184937,True,2,2
301.tiff,canine cutaneous mast cell tumor,4,15003,226,6.024839401245117,1.5011913776397705,True,2,2
301.tiff,canine cutaneous mast cell tumor,4,14840,253,5.927418231964111,1.4764530658721924,False,3,2
301.tiff,canine cutaneous mast cell tumor,4,14753,257,5.924961090087891,1.4758291244506836,True,2,2
301.tiff,canine cutaneous mast cell tumor,4,14857,258,5.922079563140869,1.475097417831421,False,3,2
301.tiff,canine cutaneous mast cell tumor,4,14778,259,5.9208455085754395,1.474784016609192,True,2,2
301.tiff,canine cutaneous mast cell tumor,4,14913,273,5.857792377471924,1.458772897720337,True,2,2
301.tiff,canine cutaneous mast cell tumor,4,14963,277,5.848079204559326,1.4563063383102417,False,3,2
301.tiff,canine cutaneous mast cell tumor,4,14798,299,5.768496990203857,1.4360979795455933,True,2,2
301.tiff,canine cutaneous mast cell tumor,4,14836,301,5.765383720397949,1.4353073835372925,False,3,2
301.tiff,canine cutaneous mast cell tumor,4,14823,309,5.741645812988281,1.4292795658111572,True,2,2
301.tiff,canine cutaneous mast cell tumor,4,14812,347,5.633157730102539,1.401731014251709,True,2,2
301.tiff,canine cutaneous mast cell tumor,4,14769,376,5.5830979347229,1.389019250869751,True,2,2
301.tiff,canine cutaneous mast cell tumor,4,14781,393,5.555239200592041,1.381945013999939,True,2,2
301.tiff,canine cutaneous mast cell tumor,4,14875,402,5.538464546203613,1.3776854276657104,True,2,2
301.tiff,canine cutaneous mast cell tumor,4,14918,404,5.533919334411621,1.3765312433242798,True,2,2
301.tiff,canine cutaneous mast cell tumor,4,14973,422,5.501258850097656,1.3682377338409424,False,3,2
301.tiff,canine cutaneous mast cell tumor,4,14939,428,5.489377498626709,1.3652206659317017,False,3,2
301.tiff,canine cutaneous mast cell tumor,4,14835,500,5.392286777496338,1.3405662775039673,True,2,2
301.tiff,canine cutaneous mast cell tumor,4,14952,501,5.392271995544434,1.3405625820159912,True,2,2
301.tiff,canine cutaneous mast cell tumor,4,14955,502,5.391765594482422,1.340433955192566,True,2,2
301.tiff,canine cutaneous mast cell tumor,4,14757,514,5.384424209594727,1.3385697603225708,True,2,2
301.tiff,canine cutaneous mast cell tumor,4,14904,540,5.34710693359375,1.3290936946868896,False,3,2
301.tiff,canine cutaneous mast cell tumor,4,14790,565,5.317564487457275,1.3215919733047485,True,2,2
301.tiff,canine cutaneous mast cell tumor,4,14935,596,5.270871162414551,1.3097350597381592,True,2,2
301.tiff,canine cutaneous mast cell tumor,4,14789,604,5.264591217041016,1.3081403970718384,True,2,2
301.tiff,canine cutaneous mast cell tumor,4,14865,608,5.260439872741699,1.3070862293243408,True,2,2
301.tiff,canine cutaneous mast cell tumor,4,15027,623,5.238283634185791,1.3014600276947021,False,3,2
301.tiff,canine cutaneous mast cell tumor,4,14893,645,5.216449737548828,1.2959157228469849,False,3,2
301.tiff,canine cutaneous mast cell tumor,4,14747,658,5.202063083648682,1.2922625541687012,True,2,2
301.tiff,canine cutaneous mast cell tumor,4,14859,660,5.200057029724121,1.2917531728744507,True,2,2
301.tiff,canine cutaneous mast cell tumor,4,14841,721,5.147583961486816,1.278428554534912,True,2,2
301.tiff,canine cutaneous mast cell tumor,4,14829,752,5.121120929718018,1.2717087268829346,True,2,2
301.tiff,canine cutaneous mast cell tumor,4,14996,778,5.098681926727295,1.2660107612609863,True,2,2
301.tiff,canine cutaneous mast cell tumor,4,14936,796,5.079608917236328,1.2611675262451172,False,3,2
301.tiff,canine cutaneous mast cell tumor,4,15001,821,5.0551910400390625,1.2549670934677124,True,2,2
301.tiff,canine cutaneous mast cell tumor,4,14920,831,5.046775817871094,1.252830147743225,False,3,2
301.tiff,canine cutaneous mast cell tumor,4,14788,848,5.035427570343018,1.249948501586914,True,2,2
301.tiff,canine cutaneous mast cell tumor,4,14930,849,5.034119606018066,1.2496163845062256,False,3,2
301.tiff,canine cutaneous mast cell tumor,4,14958,853,5.03134822845459,1.2489126920700073,False,3,2
301.tiff,canine cutaneous mast cell tumor,4,14964,855,5.029610633850098,1.2484713792800903,True,2,2
301.tiff,canine cutaneous mast cell tumor,4,14869,917,4.989360809326172,1.238250732421875,True,2,2
301.tiff,canine cutaneous mast cell tumor,4,14970,938,4.9785380363464355,1.2355024814605713,False,3,2
301.tiff,canine cutaneous mast cell tumor,4,14777,940,4.978344917297363,1.235453486442566,True,2,2
301.tiff,canine cutaneous mast cell tumor,4,14902,1022,4.916239261627197,1.2196828126907349,True,2,2
301.tiff,canine cutaneous mast cell tumor,4,15032,1061,4.892989635467529,1.213779091835022,False,3,2
301.tiff,canine cutaneous mast cell tumor,4,14863,1192,4.813170909881592,1.1935105323791504,False,3,2
301.tiff,canine cutaneous mast cell tumor,4,14787,1235,4.791046142578125,1.1878923177719116,True,2,2
301.tiff,canine cutaneous mast cell tumor,4,14761,1311,4.747963905334473,1.1769524812698364,True,2,2
301.tiff,canine cutaneous mast cell tumor,4,14884,1339,4.730480670928955,1.1725128889083862,True,2,2
301.tiff,canine cutaneous mast cell tumor,4,14727,1404,4.691108703613281,1.1625151634216309,True,2,2
301.tiff,canine cutaneous mast cell tumor,4,14811,1421,4.682664394378662,1.1603708267211914,False,3,2
301.tiff,canine cutaneous mast cell tumor,4,14864,1439,4.675887584686279,1.1586500406265259,False,3,2
301.tiff,canine cutaneous mast cell tumor,4,14928,1457,4.668254852294922,1.1567118167877197,False,3,2
301.tiff,canine cutaneous mast cell tumor,4,14949,1460,4.666109085083008,1.156166911125183,False,3,2
301.tiff,canine cutaneous mast cell tumor,4,14734,1466,4.663885116577148,1.155602216720581,False,3,2
301.tiff,canine cutaneous mast cell tumor,4,14767,1520,4.643084526062012,1.150320291519165,False,3,2
301.tiff,canine cutaneous mast cell tumor,4,14803,1755,4.54318380355835,1.1249523162841797,True,2,2
301.tiff,canine cutaneous mast cell tumor,4,14754,1816,4.52154016494751,1.1194562911987305,True,2,2
301.tiff,canine cutaneous mast cell tumor,4,14797,1824,4.518524646759033,1.1186906099319458,True,2,2
301.tiff,canine cutaneous mast cell tumor,4,15004,1830,4.517189025878906,1.1183514595031738,False,3,2
301.tiff,canine cutaneous mast cell tumor,4,14749,2016,4.4478230476379395,1.10073721408844,False,3,2
301.tiff,canine cutaneous mast cell tumor,4,14842,2086,4.424221038818359,1.0947439670562744,True,2,2
301.tiff,canine cutaneous mast cell tumor,4,14906,2093,4.421880722045898,1.0941497087478638,True,2,2
301.tiff,canine cutaneous mast cell tumor,4,14748,2098,4.419698715209961,1.0935956239700317,True,2,2
301.tiff,canine cutaneous mast cell tumor,4,14732,2113,4.415112495422363,1.0924309492111206,False,3,2
301.tiff,canine cutaneous mast cell tumor,4,15022,2145,4.405865669250488,1.0900828838348389,False,3,2
301.tiff,canine cutaneous mast cell tumor,4,14974,2315,4.353941917419434,1.0768978595733643,False,3,2
301.tiff,canine cutaneous mast cell tumor,4,14880,2319,4.35325288772583,1.0767228603363037,True,2,2
301.tiff,canine cutaneous mast cell tumor,4,14948,2444,4.308173656463623,1.06527578830719,False,3,2
301.tiff,canine cutaneous mast cell tumor,4,14983,2630,4.254422664642334,1.0516268014907837,False,3,2
301.tiff,canine cutaneous mast cell tumor,4,14968,2636,4.252037525177002,1.0510210990905762,True,2,2
301.tiff,canine cutaneous mast cell tumor,4,15036,2850,4.1957221031188965,1.036720871925354,False,3,2
301.tiff,canine cutaneous mast cell tumor,4,15013,2962,4.164729595184326,1.0288509130477905,True,2,2
301.tiff,canine cutaneous mast cell tumor,4,14776,3003,4.152857780456543,1.0258362293243408,True,2,2
301.tiff,canine cutaneous mast cell tumor,4,14729,3411,4.059220790863037,1.0020588636398315,False,3,2
301.tiff,canine cutaneous mast cell tumor,4,14978,3912,3.9496853351593018,0.9742444157600403,True,2,2
301.tiff,canine cutaneous mast cell tumor,4,15016,4008,3.9333341121673584,0.9700923562049866,False,3,2
301.tiff,canine cutaneous mast cell tumor,4,15026,4011,3.932821035385132,0.9699620604515076,False,3,2
301.tiff,canine cutaneous mast cell tumor,4,14868,4066,3.9219260215759277,0.967195451259613,True,2,2
301.tiff,canine cutaneous mast cell tumor,4,15012,4637,3.8157360553741455,0.9402304887771606,True,2,2
301.tiff,canine cutaneous mast cell tumor,4,14819,4757,3.7934229373931885,0.934564471244812,True,2,2
301.tiff,canine cutaneous mast cell tumor,4,14908,5055,3.7428672313690186,0.9217268228530884,False,3,2
301.tiff,canine cutaneous mast cell tumor,4,14853,5268,3.708300828933716,0.9129493236541748,False,3,2
301.tiff,canine cutaneous mast cell tumor,4,14847,5340,3.69711971282959,0.9101100564002991,True,2,2
301.tiff,canine cutaneous mast cell tumor,4,14744,5810,3.625647783279419,0.8919610977172852,True,2,2
301.tiff,canine cutaneous mast cell tumor,4,14735,5876,3.615241289138794,0.889318585395813,True,2,2
301.tiff,canine cutaneous mast cell tumor,4,14827,5968,3.6013288497924805,0.8857857584953308,True,2,2
301.tiff,canine cutaneous mast cell tumor,4,14969,7067,3.44120454788208,0.845125138759613,True,2,2
301.tiff,canine cutaneous mast cell tumor,4,14763,7099,3.4376978874206543,0.8442347049713135,True,2,2
301.tiff,canine cutaneous mast cell tumor,4,14768,9279,3.1643216609954834,0.7748158574104309,True,2,2
301.tiff,canine cutaneous mast cell tumor,4,14940,10554,3.0245466232299805,0.7393226027488708,True,2,2
301.tiff,canine cutaneous mast cell tumor,4,14873,10593,3.018831253051758,0.7378712892532349,True,2,2
301.tiff,canine cutaneous mast cell tumor,4,14741,11658,2.896956443786621,0.7069234251976013,True,2,2
301.tiff,canine cutaneous mast cell tumor,4,14843,13614,2.6992032527923584,0.6567076444625854,True,2,2
301.tiff,canine cutaneous mast cell tumor,4,14765,13750,2.6830990314483643,0.6526182889938354,True,2,2
301.tiff,canine cutaneous mast cell tumor,4,14782,22143,1.6656702756881714,0.39426106214523315,True,2,2
402.tiff,human neuroendocrine tumor,0,20178,4,11.818856239318848,10.823746681213379,True,2,2
402.tiff,human neuroendocrine tumor,0,20159,5,11.800976753234863,10.80728816986084,True,2,2
402.tiff,human neuroendocrine tumor,0,20197,9,11.163744926452637,10.220704078674316,False,3,2
402.tiff,human neuroendocrine tumor,0,20165,11,11.02248477935791,10.09067153930664,True,2,2
402.tiff,human neuroendocrine tumor,0,20194,12,10.962848663330078,10.035775184631348,True,2,2
402.tiff,human neuroendocrine tumor,0,20192,13,10.92288875579834,9.998991012573242,True,2,2
402.tiff,human neuroendocrine tumor,0,20235,17,10.641899108886719,9.740334510803223,True,2,2
402.tiff,human neuroendocrine tumor,0,20162,18,10.50340461730957,9.612847328186035,True,2,2
402.tiff,human neuroendocrine tumor,0,20233,19,10.453933715820312,9.56730842590332,True,2,2
402.tiff,human neuroendocrine tumor,0,20288,21,10.380615234375,9.499817848205566,False,3,2
402.tiff,human neuroendocrine tumor,0,20169,23,10.272282600402832,9.400094985961914,True,2,2
402.tiff,human neuroendocrine tumor,0,20266,25,10.219579696655273,9.351581573486328,True,2,2
402.tiff,human neuroendocrine tumor,0,20261,26,10.165946960449219,9.30221176147461,True,2,2
402.tiff,human neuroendocrine tumor,0,20270,28,10.037582397460938,9.184049606323242,True,2,2
402.tiff,human neuroendocrine tumor,0,20174,30,10.014147758483887,9.162477493286133,True,2,2
402.tiff,human neuroendocrine tumor,0,20211,35,9.83164119720459,8.994476318359375,True,2,2
402.tiff,human neuroendocrine tumor,0,20220,39,9.73522663116455,8.90572452545166,True,2,2
402.tiff,human neuroendocrine tumor,0,20264,40,9.734711647033691,8.905250549316406,True,2,2
402.tiff,human neuroendocrine tumor,0,20185,41,9.729900360107422,8.900821685791016,False,3,2
402.tiff,human neuroendocrine tumor,0,20206,42,9.646556854248047,8.824102401733398,True,2,2
402.tiff,human neuroendocrine tumor,0,20250,47,9.55985164642334,8.744288444519043,True,2,2
402.tiff,human neuroendocrine tumor,0,20168,48,9.552793502807617,8.737791061401367,False,3,2
402.tiff,human neuroendocrine tumor,0,20181,49,9.536311149597168,8.72261905670166,False,3,2
402.tiff,human neuroendocrine tumor,0,20199,52,9.45804500579834,8.65057373046875,False,3,2
402.tiff,human neuroendocrine tumor,0,20262,57,9.355782508850098,8.556439399719238,True,2,2
402.tiff,human neuroendocrine tumor,0,20255,58,9.336038589477539,8.538264274597168,True,2,2
402.tiff,human neuroendocrine tumor,0,20167,60,9.250866889953613,8.459861755371094,True,2,2
402.tiff,human neuroendocrine tumor,0,20230,62,9.199254989624023,8.412352561950684,False,3,2
402.tiff,human neuroendocrine tumor,0,20259,64,9.160473823547363,8.376653671264648,True,2,2
402.tiff,human neuroendocrine tumor,0,20179,68,9.11593246459961,8.335652351379395,False,3,2
402.tiff,human neuroendocrine tumor,0,20236,70,9.079297065734863,8.301928520202637,False,3,2
402.tiff,human neuroendocrine tumor,0,20218,71,9.071756362915039,8.294987678527832,True,2,2
402.tiff,human neuroendocrine tumor,0,20217,73,9.016362190246582,8.243995666503906,False,3,2
402.tiff,human neuroendocrine tumor,0,20269,74,8.989816665649414,8.219560623168945,True,2,2
402.tiff,human neuroendocrine tumor,0,20216,77,8.909852981567383,8.145952224731445,False,3,2
402.tiff,human neuroendocrine tumor,0,20239,81,8.857672691345215,8.097919464111328,True,2,2
402.tiff,human neuroendocrine tumor,0,20222,85,8.79204273223877,8.037505149841309,True,2,2
402.tiff,human neuroendocrine tumor,0,20208,87,8.747536659240723,7.9965362548828125,False,3,2
402.tiff,human neuroendocrine tumor,0,20176,88,8.723272323608398,7.974201202392578,True,2,2
402.tiff,human neuroendocrine tumor,0,20214,90,8.69122314453125,7.944699287414551,False,3,2
402.tiff,human neuroendocrine tumor,0,20153,94,8.62170124053955,7.880702495574951,False,3,2
402.tiff,human neuroendocrine tumor,0,20225,95,8.611251831054688,7.871083736419678,True,2,2
402.tiff,human neuroendocrine tumor,0,20202,97,8.51661491394043,7.783968448638916,True,2,2
402.tiff,human neuroendocrine tumor,0,20258,100,8.467350959777832,7.738619804382324,True,2,2
402.tiff,human neuroendocrine tumor,0,20219,103,8.431048393249512,7.705202579498291,True,2,2
402.tiff,human neuroendocrine tumor,0,20279,105,8.321505546569824,7.604366302490234,False,3,2
402.tiff,human neuroendocrine tumor,0,20215,108,8.277392387390137,7.5637593269348145,False,3,2
402.tiff,human neuroendocrine tumor,0,20226,109,8.23180866241455,7.521798610687256,True,2,2
402.tiff,human neuroendocrine tumor,0,20155,112,8.210105895996094,7.5018205642700195,False,3,2
402.tiff,human neuroendocrine tumor,0,20164,115,8.191749572753906,7.484922885894775,True,2,2
402.tiff,human neuroendocrine tumor,0,20186,116,8.180952072143555,7.4749836921691895,False,3,2
402.tiff,human neuroendocrine tumor,0,20271,124,8.023420333862305,7.329973220825195,False,3,2
402.tiff,human neuroendocrine tumor,0,20234,125,8.010782241821289,7.318338871002197,True,2,2
402.tiff,human neuroendocrine tumor,0,20200,128,7.998345851898193,7.306891441345215,True,2,2
402.tiff,human neuroendocrine tumor,0,20257,129,7.994613170623779,7.303455352783203,True,2,2
402.tiff,human neuroendocrine tumor,0,20210,130,7.988335132598877,7.297676086425781,True,2,2
402.tiff,human neuroendocrine tumor,0,20182,134,7.936680316925049,7.250126838684082,True,2,2
402.tiff,human neuroendocrine tumor,0,20191,136,7.894719123840332,7.211500644683838,True,2,2
402.tiff,human neuroendocrine tumor,0,20228,140,7.826794147491455,7.148974418640137,True,2,2
402.tiff,human neuroendocrine tumor,0,20249,151,7.680197715759277,7.014029502868652,True,2,2
402.tiff,human neuroendocrine tumor,0,20213,153,7.633793354034424,6.9713134765625,False,3,2
402.tiff,human neuroendocrine tumor,0,20158,160,7.572499752044678,6.914891719818115,True,2,2
402.tiff,human neuroendocrine tumor,0,20227,165,7.522019863128662,6.868423938751221,True,2,2
402.tiff,human neuroendocrine tumor,0,20183,180,7.374299049377441,6.732443809509277,True,2,2
402.tiff,human neuroendocrine tumor,0,20268,184,7.3333659172058105,6.694764137268066,False,3,2
402.tiff,human neuroendocrine tumor,0,20198,190,7.325527667999268,6.687549114227295,False,3,2
402.tiff,human neuroendocrine tumor,0,20244,197,7.209507942199707,6.580750465393066,False,3,2
402.tiff,human neuroendocrine tumor,0,20171,204,7.150905609130859,6.526805877685547,True,2,2
402.tiff,human neuroendocrine tumor,0,20156,210,7.118201732635498,6.496701240539551,True,2,2
402.tiff,human neuroendocrine tumor,0,20170,212,7.094848155975342,6.475203990936279,True,2,2
402.tiff,human neuroendocrine tumor,0,20263,216,7.073243141174316,6.455316066741943,True,2,2
402.tiff,human neuroendocrine tumor,0,20172,219,7.0602264404296875,6.443334102630615,False,3,2
402.tiff,human neuroendocrine tumor,0,20209,222,7.036927700042725,6.421886920928955,True,2,2
402.tiff,human neuroendocrine tumor,0,20221,233,6.994444370269775,6.382780075073242,True,2,2
402.tiff,human neuroendocrine tumor,0,20160,239,6.948406219482422,6.3404011726379395,True,2,2
402.tiff,human neuroendocrine tumor,0,20180,247,6.892813682556152,6.28922700881958,True,2,2
402.tiff,human neuroendocrine tumor,0,20148,248,6.885095119476318,6.2821221351623535,True,2,2
402.tiff,human neuroendocrine tumor,0,20301,251,6.865828037261963,6.264386177062988,False,3,2
402.tiff,human neuroendocrine tumor,0,20201,265,6.72387170791626,6.1337127685546875,False,3,2
402.tiff,human neuroendocrine tumor,0,20207,270,6.698367118835449,6.110235214233398,True,2,2
402.tiff,human neuroendocrine tumor,0,20154,272,6.683923244476318,6.096939563751221,False,3,2
402.tiff,human neuroendocrine tumor,0,20161,326,6.370894432067871,5.80879020690918,True,2,2
402.tiff,human neuroendocrine tumor,0,20157,330,6.356513500213623,5.7955522537231445,True,2,2
402.tiff,human neuroendocrine tumor,0,20203,345,6.2987141609191895,5.74234676361084,False,3,2
402.tiff,human neuroendocrine tumor,0,20243,373,6.165013313293457,5.619272708892822,True,2,2
402.tiff,human neuroendocrine tumor,0,20149,396,6.081667900085449,5.542551517486572,True,2,2
402.tiff,human neuroendocrine tumor,0,20166,411,6.025940418243408,5.49125337600708,False,3,2
402.tiff,human neuroendocrine tumor,0,20274,415,6.008251667022705,5.47497034072876,False,3,2
402.tiff,human neuroendocrine tumor,0,20189,419,6.000123500823975,5.4674882888793945,False,3,2
402.tiff,human neuroendocrine tumor,0,20224,438,5.919147968292236,5.392948627471924,False,3,2
402.tiff,human neuroendocrine tumor,0,20246,498,5.73310661315918,5.221693992614746,True,2,2
402.tiff,human neuroendocrine tumor,0,20273,517,5.687809944152832,5.179997444152832,False,3,2
402.tiff,human neuroendocrine tumor,0,20267,555,5.59915828704834,5.098392009735107,False,3,2
402.tiff,human neuroendocrine tumor,0,20150,722,5.249706745147705,4.77671480178833,True,2,2
402.tiff,human neuroendocrine tumor,0,20242,786,5.140685558319092,4.676358699798584,True,2,2
402.tiff,human neuroendocrine tumor,0,20232,872,5.029996395111084,4.574467182159424,False,3,2
402.tiff,human neuroendocrine tumor,0,20275,904,4.994404315948486,4.541703701019287,False,3,2
402.tiff,human neuroendocrine tumor,0,20300,935,4.957269191741943,4.5075201988220215,False,3,2
402.tiff,human neuroendocrine tumor,0,20223,1102,4.747098922729492,4.314054489135742,False,3,2
402.tiff,human neuroendocrine tumor,0,20163,1443,4.446228981018066,4.037097930908203,True,2,2
402.tiff,human neuroendocrine tumor,0,20291,1608,4.325936317443848,3.926366090774536,False,3,2
402.tiff,human neuroendocrine tumor,0,20251,1791,4.222409725189209,3.8310675621032715,False,3,2
402.tiff,human neuroendocrine tumor,0,20245,3853,3.491551399230957,3.1582982540130615,True,2,2
402.tiff,human neuroendocrine tumor,0,20229,5457,3.1865651607513428,2.8775522708892822,True,2,2
402.tiff,human neuroendocrine tumor,1,20192,1,9.36038875579834,20.676116943359375,True,2,2
402.tiff,human neuroendocrine tumor,1,20194,2,9.01477336883545,19.908626556396484,True,2,2
402.tiff,human neuroendocrine tumor,1,20206,3,8.825590133666992,19.488515853881836,True,2,2
402.tiff,human neuroendocrine tumor,1,20262,4,8.740829467773438,19.300291061401367,True,2,2
402.tiff,human neuroendocrine tumor,1,20233,5,8.523094177246094,18.816776275634766,True,2,2
402.tiff,human neuroendocrine tumor,1,20270,6,8.160544395446777,18.01167869567871,True,2,2
402.tiff,human neuroendocrine tumor,1,20225,7,8.158239364624023,18.006559371948242,True,2,2
402.tiff,human neuroendocrine tumor,1,20159,8,8.047606468200684,17.760881423950195,True,2,2
402.tiff,human neuroendocrine tumor,1,20254,9,8.01224136352539,17.682348251342773,True,2,2
402.tiff,human neuroendocrine tumor,1,20234,15,7.5047197341918945,16.55531883239746,True,2,2
402.tiff,human neuroendocrine tumor,1,20178,16,7.487966060638428,16.51811408996582,True,2,2
402.tiff,human neuroendocrine tumor,1,20191,17,7.462451934814453,16.461456298828125,True,2,2
402.tiff,human neuroendocrine tumor,1,20239,18,7.421484470367432,16.370481491088867,True,2,2
402.tiff,human neuroendocrine tumor,1,20218,19,7.218749046325684,15.920276641845703,True,2,2
402.tiff,human neuroendocrine tumor,1,20165,20,7.188113212585449,15.852243423461914,True,2,2
402.tiff,human neuroendocrine tumor,1,20227,21,7.186246871948242,15.848099708557129,True,2,2
402.tiff,human neuroendocrine tumor,1,20268,23,7.133366107940674,15.730669975280762,False,3,2
402.tiff,human neuroendocrine tumor,1,20208,24,7.1132307052612305,15.685956001281738,False,3,2
402.tiff,human neuroendocrine tumor,1,20185,25,7.110614776611328,15.680147171020508,False,3,2
402.tiff,human neuroendocrine tumor,1,20172,27,7.043447017669678,15.530990600585938,False,3,2
402.tiff,human neuroendocrine tumor,1,20202,28,7.034058570861816,15.510141372680664,True,2,2
402.tiff,human neuroendocrine tumor,1,20249,30,6.988709926605225,15.409438133239746,True,2,2
402.tiff,human neuroendocrine tumor,1,20235,33,6.930591583251953,15.280377388000488,True,2,2
402.tiff,human neuroendocrine tumor,1,20236,35,6.909628391265869,15.23382568359375,False,3,2
402.tiff,human neuroendocrine tumor,1,20220,36,6.8887038230896,15.187358856201172,True,2,2
402.tiff,human neuroendocrine tumor,1,20228,38,6.849994659423828,15.101399421691895,True,2,2
402.tiff,human neuroendocrine tumor,1,20257,39,6.845163345336914,15.090670585632324,True,2,2
402.tiff,human neuroendocrine tumor,1,20250,41,6.808130264282227,15.00843334197998,True,2,2
402.tiff,human neuroendocrine tumor,1,20168,42,6.716955661773682,14.8059663772583,False,3,2
402.tiff,human neuroendocrine tumor,1,20162,43,6.696578025817871,14.760714530944824,True,2,2
402.tiff,human neuroendocrine tumor,1,20263,47,6.592533111572266,14.529666900634766,True,2,2
402.tiff,human neuroendocrine tumor,1,20169,50,6.496579647064209,14.316587448120117,True,2,2
402.tiff,human neuroendocrine tumor,1,20207,53,6.420833110809326,14.148380279541016,True,2,2
402.tiff,human neuroendocrine tumor,1,20161,54,6.388427734375,14.07641887664795,True,2,2
402.tiff,human neuroendocrine tumor,1,20266,58,6.302685737609863,13.886015892028809,True,2,2
402.tiff,human neuroendocrine tumor,1,20170,60,6.255954742431641,13.782242774963379,True,2,2
402.tiff,human neuroendocrine tumor,1,20221,62,6.226728916168213,13.717341423034668,True,2,2
402.tiff,human neuroendocrine tumor,1,20267,64,6.2032246589660645,13.665146827697754,False,3,2
402.tiff,human neuroendocrine tumor,1,20255,65,6.196239948272705,13.649636268615723,True,2,2
402.tiff,human neuroendocrine tumor,1,20271,67,6.181615352630615,13.617159843444824,False,3,2
402.tiff,human neuroendocrine tumor,1,20215,72,6.112560272216797,13.463812828063965,False,3,2
402.tiff,human neuroendocrine tumor,1,20200,74,6.092141628265381,13.41847038269043,True,2,2
402.tiff,human neuroendocrine tumor,1,20189,75,6.059225082397461,13.34537410736084,False,3,2
402.tiff,human neuroendocrine tumor,1,20174,78,5.9854416847229,13.181526184082031,True,2,2
402.tiff,human neuroendocrine tumor,1,20160,80,5.983565807342529,13.177360534667969,True,2,2
402.tiff,human neuroendocrine tumor,1,20158,86,5.909048557281494,13.011883735656738,True,2,2
402.tiff,human neuroendocrine tumor,1,20153,90,5.888520240783691,12.966297149658203,False,3,2
402.tiff,human neuroendocrine tumor,1,20261,94,5.844405174255371,12.868332862854004,True,2,2
402.tiff,human neuroendocrine tumor,1,20269,97,5.807323455810547,12.78598690032959,True,2,2
402.tiff,human neuroendocrine tumor,1,20183,99,5.773271560668945,12.710370063781738,True,2,2
402.tiff,human neuroendocrine tumor,1,20181,102,5.7420334815979,12.641000747680664,False,3,2
402.tiff,human neuroendocrine tumor,1,20154,105,5.72432279586792,12.60167121887207,False,3,2
402.tiff,human neuroendocrine tumor,1,20197,112,5.671525478363037,12.484426498413086,False,3,2
402.tiff,human neuroendocrine tumor,1,20157,113,5.663633823394775,12.466901779174805,True,2,2
402.tiff,human neuroendocrine tumor,1,20213,119,5.600912094116211,12.327618598937988,False,3,2
402.tiff,human neuroendocrine tumor,1,20176,130,5.512141227722168,12.130489349365234,True,2,2
402.tiff,human neuroendocrine tumor,1,20279,140,5.453514099121094,12.000298500061035,False,3,2
402.tiff,human neuroendocrine tumor,1,20167,152,5.364033222198486,11.801592826843262,True,2,2
402.tiff,human neuroendocrine tumor,1,20155,160,5.314976692199707,11.692655563354492,False,3,2
402.tiff,human neuroendocrine tumor,1,20230,163,5.2935566902160645,11.645089149475098,False,3,2
402.tiff,human neuroendocrine tumor,1,20264,165,5.282842636108398,11.621296882629395,True,2,2
402.tiff,human neuroendocrine tumor,1,20216,169,5.266963481903076,11.586034774780273,False,3,2
402.tiff,human neuroendocrine tumor,1,20156,174,5.24290132522583,11.532600402832031,True,2,2
402.tiff,human neuroendocrine tumor,1,20211,179,5.216259002685547,11.473437309265137,True,2,2
402.tiff,human neuroendocrine tumor,1,20180,187,5.17903470993042,11.390774726867676,True,2,2
402.tiff,human neuroendocrine tumor,1,20210,189,5.176640510559082,11.385458946228027,True,2,2
402.tiff,human neuroendocrine tumor,1,20219,209,5.062038421630859,11.130967140197754,True,2,2
402.tiff,human neuroendocrine tumor,1,20199,224,4.997445583343506,10.987528800964355,False,3,2
402.tiff,human neuroendocrine tumor,1,20179,229,4.980731964111328,10.950413703918457,False,3,2
402.tiff,human neuroendocrine tumor,1,20198,230,4.98049783706665,10.9498929977417,False,3,2
402.tiff,human neuroendocrine tumor,1,20222,231,4.977428913116455,10.94307804107666,True,2,2
402.tiff,human neuroendocrine tumor,1,20288,242,4.930428981781006,10.83870792388916,False,3,2
402.tiff,human neuroendocrine tumor,1,20186,272,4.82851505279541,10.61239242553711,False,3,2
402.tiff,human neuroendocrine tumor,1,20226,273,4.82524299621582,10.60512638092041,True,2,2
402.tiff,human neuroendocrine tumor,1,20164,278,4.809468746185303,10.570096969604492,True,2,2
402.tiff,human neuroendocrine tumor,1,20150,286,4.763063430786133,10.467046737670898,True,2,2
402.tiff,human neuroendocrine tumor,1,20274,290,4.755795478820801,10.450906753540039,False,3,2
402.tiff,human neuroendocrine tumor,1,20301,295,4.7335591316223145,10.401528358459473,False,3,2
402.tiff,human neuroendocrine tumor,1,20259,306,4.700948238372803,10.329110145568848,True,2,2
402.tiff,human neuroendocrine tumor,1,20163,309,4.690815448760986,10.306609153747559,True,2,2
402.tiff,human neuroendocrine tumor,1,20214,322,4.643285274505615,10.201061248779297,False,3,2
402.tiff,human neuroendocrine tumor,1,20243,357,4.53395414352417,9.958273887634277,True,2,2
402.tiff,human neuroendocrine tumor,1,20148,366,4.509019374847412,9.902902603149414,True,2,2
402.tiff,human neuroendocrine tumor,1,20201,369,4.503983974456787,9.89172077178955,False,3,2
402.tiff,human neuroendocrine tumor,1,20171,407,4.418025493621826,9.700837135314941,True,2,2
402.tiff,human neuroendocrine tumor,1,20166,454,4.343542098999023,9.53543472290039,False,3,2
402.tiff,human neuroendocrine tumor,1,20273,474,4.299218654632568,9.437007904052734,False,3,2
402.tiff,human neuroendocrine tumor,1,20149,531,4.190765380859375,9.196170806884766,True,2,2
402.tiff,human neuroendocrine tumor,1,20182,540,4.168796062469482,9.147384643554688,True,2,2
402.tiff,human neuroendocrine tumor,1,20217,738,3.8883004188537598,8.524500846862793,False,3,2
402.tiff,human neuroendocrine tumor,1,20244,965,3.674436330795288,8.049582481384277,False,3,2
402.tiff,human neuroendocrine tumor,1,20300,1013,3.643064022064209,7.979916095733643,False,3,2
402.tiff,human neuroendocrine tumor,1,20209,1023,3.634251594543457,7.960346221923828,True,2,2
402.tiff,human neuroendocrine tumor,1,20246,1753,3.2473902702331543,7.101260662078857,True,2,2
402.tiff,human neuroendocrine tumor,1,20203,1854,3.2066304683685303,7.01074743270874,False,3,2
402.tiff,human neuroendocrine tumor,1,20224,1913,3.187448263168335,6.9681501388549805,False,3,2
402.tiff,human neuroendocrine tumor,1,20242,2266,3.060868501663208,6.687060356140137,True,2,2
402.tiff,human neuroendocrine tumor,1,20229,2452,3.0063703060150146,6.566038608551025,True,2,2
402.tiff,human neuroendocrine tumor,1,20275,3439,2.755812168121338,6.009635925292969,False,3,2
402.tiff,human neuroendocrine tumor,1,20291,3466,2.749744415283203,5.996161460876465,False,3,2
402.tiff,human neuroendocrine tumor,1,20245,4275,2.6003010272979736,5.664299488067627,True,2,2
402.tiff,human neuroendocrine tumor,1,20223,5606,2.3828234672546387,5.181356906890869,False,3,2
402.tiff,human neuroendocrine tumor,1,20232,9580,1.8835853338241577,4.072721481323242,False,3,2
402.tiff,human neuroendocrine tumor,1,20251,10127,1.825117588043213,3.942885160446167,False,3,2
402.tiff,human neuroendocrine tumor,2,20197,2,8.689291954040527,8.211030006408691,False,3,2
402.tiff,human neuroendocrine tumor,2,20178,3,7.678940773010254,7.257634162902832,True,2,2
402.tiff,human neuroendocrine tumor,2,20227,6,7.2113189697265625,6.816372871398926,True,2,2
402.tiff,human neuroendocrine tumor,2,20257,8,6.992496490478516,6.6098856925964355,True,2,2
402.tiff,human neuroendocrine tumor,2,20170,9,6.991799354553223,6.609228134155273,True,2,2
402.tiff,human neuroendocrine tumor,2,20192,10,6.991659164428711,6.609095573425293,True,2,2
402.tiff,human neuroendocrine tumor,2,20168,12,6.928146839141846,6.549163818359375,False,3,2
402.tiff,human neuroendocrine tumor,2,20270,13,6.925457000732422,6.54662561416626,True,2,2
402.tiff,human neuroendocrine tumor,2,20215,15,6.861501216888428,6.486274719238281,False,3,2
402.tiff,human neuroendocrine tumor,2,20200,18,6.809432506561279,6.437141418457031,True,2,2
402.tiff,human neuroendocrine tumor,2,20191,19,6.792470455169678,6.421135425567627,True,2,2
402.tiff,human neuroendocrine tumor,2,20271,22,6.677749156951904,6.3128814697265625,False,3,2
402.tiff,human neuroendocrine tumor,2,20198,24,6.657227516174316,6.293516635894775,False,3,2
402.tiff,human neuroendocrine tumor,2,20236,26,6.596168518066406,6.235899448394775,False,3,2
402.tiff,human neuroendocrine tumor,2,20228,28,6.561159133911133,6.202863693237305,True,2,2
402.tiff,human neuroendocrine tumor,2,20250,30,6.532951831817627,6.176246643066406,True,2,2
402.tiff,human neuroendocrine tumor,2,20225,34,6.470362186431885,6.117185115814209,True,2,2
402.tiff,human neuroendocrine tumor,2,20183,38,6.373541355133057,6.025822162628174,True,2,2
402.tiff,human neuroendocrine tumor,2,20224,42,6.265453338623047,5.923827171325684,False,3,2
402.tiff,human neuroendocrine tumor,2,20213,45,6.232229709625244,5.892476558685303,False,3,2
402.tiff,human neuroendocrine tumor,2,20161,46,6.223595142364502,5.884328842163086,True,2,2
402.tiff,human neuroendocrine tumor,2,20274,47,6.157857894897461,5.822297096252441,False,3,2
402.tiff,human neuroendocrine tumor,2,20174,66,5.8662848472595215,5.547160625457764,True,2,2
402.tiff,human neuroendocrine tumor,2,20255,71,5.78916597366333,5.47438907623291,True,2,2
402.tiff,human neuroendocrine tumor,2,20159,72,5.77208948135376,5.458275318145752,True,2,2
402.tiff,human neuroendocrine tumor,2,20258,74,5.759521961212158,5.44641637802124,True,2,2
402.tiff,human neuroendocrine tumor,2,20202,80,5.68936014175415,5.380209445953369,True,2,2
402.tiff,human neuroendocrine tumor,2,20162,86,5.646203517913818,5.3394856452941895,True,2,2
402.tiff,human neuroendocrine tumor,2,20176,92,5.592804431915283,5.289096832275391,True,2,2
402.tiff,human neuroendocrine tumor,2,20261,98,5.557982444763184,5.256237983703613,True,2,2
402.tiff,human neuroendocrine tumor,2,20157,99,5.547976016998291,5.246795654296875,True,2,2
402.tiff,human neuroendocrine tumor,2,20254,103,5.526576519012451,5.226602077484131,True,2,2
402.tiff,human neuroendocrine tumor,2,20153,106,5.5167107582092285,5.217292785644531,False,3,2
402.tiff,human neuroendocrine tumor,2,20194,108,5.514154434204102,5.214880466461182,True,2,2
402.tiff,human neuroendocrine tumor,2,20268,112,5.49373197555542,5.195609092712402,False,3,2
402.tiff,human neuroendocrine tumor,2,20266,116,5.4715375900268555,5.174665927886963,True,2,2
402.tiff,human neuroendocrine tumor,2,20230,121,5.445786952972412,5.15036678314209,False,3,2
402.tiff,human neuroendocrine tumor,2,20160,123,5.438275337219238,5.1432785987854,True,2,2
402.tiff,human neuroendocrine tumor,2,20180,127,5.408841133117676,5.115503787994385,True,2,2
402.tiff,human neuroendocrine tumor,2,20181,129,5.404575824737549,5.111478805541992,False,3,2
402.tiff,human neuroendocrine tumor,2,20189,139,5.354883193969727,5.064587593078613,False,3,2
402.tiff,human neuroendocrine tumor,2,20234,140,5.354362964630127,5.064096927642822,True,2,2
402.tiff,human neuroendocrine tumor,2,20185,141,5.350931167602539,5.060858249664307,False,3,2
402.tiff,human neuroendocrine tumor,2,20182,147,5.3045477867126465,5.01708984375,True,2,2
402.tiff,human neuroendocrine tumor,2,20207,151,5.261547565460205,4.976513385772705,True,2,2
402.tiff,human neuroendocrine tumor,2,20233,155,5.234454154968262,4.950947284698486,True,2,2
402.tiff,human neuroendocrine tumor,2,20288,157,5.221643447875977,4.938858985900879,False,3,2
402.tiff,human neuroendocrine tumor,2,20221,172,5.150618553161621,4.871837615966797,True,2,2
402.tiff,human neuroendocrine tumor,2,20223,173,5.144396781921387,4.865966796875,False,3,2
402.tiff,human neuroendocrine tumor,2,20239,180,5.1026225090026855,4.826547145843506,True,2,2
402.tiff,human neuroendocrine tumor,2,20235,182,5.092053413391113,4.8165740966796875,True,2,2
402.tiff,human neuroendocrine tumor,2,20262,186,5.066441535949707,4.79240608215332,True,2,2
402.tiff,human neuroendocrine tumor,2,20226,191,5.053715229034424,4.780396938323975,True,2,2
402.tiff,human neuroendocrine tumor,2,20201,215,4.945491313934326,4.678273677825928,False,3,2
402.tiff,human neuroendocrine tumor,2,20206,221,4.9027485847473145,4.637940406799316,True,2,2
402.tiff,human neuroendocrine tumor,2,20214,223,4.897516250610352,4.633003234863281,False,3,2
402.tiff,human neuroendocrine tumor,2,20263,262,4.7454023361206055,4.489464282989502,True,2,2
402.tiff,human neuroendocrine tumor,2,20218,267,4.737523078918457,4.482028961181641,True,2,2
402.tiff,human neuroendocrine tumor,2,20220,270,4.731792449951172,4.476621627807617,True,2,2
402.tiff,human neuroendocrine tumor,2,20249,273,4.729216575622559,4.474190711975098,True,2,2
402.tiff,human neuroendocrine tumor,2,20264,275,4.72603702545166,4.471190452575684,True,2,2
402.tiff,human neuroendocrine tumor,2,20279,283,4.714084148406982,4.459911346435547,False,3,2
402.tiff,human neuroendocrine tumor,2,20208,288,4.705545902252197,4.451854705810547,False,3,2
402.tiff,human neuroendocrine tumor,2,20165,323,4.6131672859191895,4.364683628082275,True,2,2
402.tiff,human neuroendocrine tumor,2,20166,355,4.521672248840332,4.278346061706543,False,3,2
402.tiff,human neuroendocrine tumor,2,20186,375,4.4744110107421875,4.2337493896484375,False,3,2
402.tiff,human neuroendocrine tumor,2,20216,382,4.463928699493408,4.223857879638672,False,3,2
402.tiff,human neuroendocrine tumor,2,20179,392,4.429346084594727,4.191224575042725,False,3,2
402.tiff,human neuroendocrine tumor,2,20219,398,4.42024564743042,4.1826372146606445,True,2,2
402.tiff,human neuroendocrine tumor,2,20149,399,4.419878005981445,4.182290077209473,True,2,2
402.tiff,human neuroendocrine tumor,2,20210,408,4.402956485748291,4.166322708129883,True,2,2
402.tiff,human neuroendocrine tumor,2,20164,461,4.307016372680664,4.075790882110596,True,2,2
402.tiff,human neuroendocrine tumor,2,20199,483,4.2714643478393555,4.042243003845215,False,3,2
402.tiff,human neuroendocrine tumor,2,20273,545,4.1486101150512695,3.926314115524292,False,3,2
402.tiff,human neuroendocrine tumor,2,20155,575,4.098639488220215,3.8791604042053223,False,3,2
402.tiff,human neuroendocrine tumor,2,20209,590,4.075725555419922,3.8575384616851807,True,2,2
402.tiff,human neuroendocrine tumor,2,20259,600,4.055262565612793,3.838228702545166,True,2,2
402.tiff,human neuroendocrine tumor,2,20169,609,4.04135799407959,3.825108289718628,True,2,2
402.tiff,human neuroendocrine tumor,2,20172,612,4.038417816162109,3.822333812713623,False,3,2
402.tiff,human neuroendocrine tumor,2,20167,617,4.033130168914795,3.8173441886901855,True,2,2
402.tiff,human neuroendocrine tumor,2,20269,664,3.9687678813934326,3.756610155105591,True,2,2
402.tiff,human neuroendocrine tumor,2,20148,689,3.9504895210266113,3.7393620014190674,True,2,2
402.tiff,human neuroendocrine tumor,2,20243,758,3.8742635250091553,3.667433023452759,True,2,2
402.tiff,human neuroendocrine tumor,2,20300,780,3.8510403633117676,3.6455190181732178,False,3,2
402.tiff,human neuroendocrine tumor,2,20171,808,3.80873703956604,3.605600357055664,True,2,2
402.tiff,human neuroendocrine tumor,2,20217,833,3.791682481765747,3.5895073413848877,False,3,2
402.tiff,human neuroendocrine tumor,2,20163,839,3.7881836891174316,3.5862057209014893,True,2,2
402.tiff,human neuroendocrine tumor,2,20154,914,3.717897653579712,3.5198817253112793,False,3,2
402.tiff,human neuroendocrine tumor,2,20244,1051,3.608520030975342,3.416670083999634,False,3,2
402.tiff,human neuroendocrine tumor,2,20222,1084,3.5776255130767822,3.387516975402832,True,2,2
402.tiff,human neuroendocrine tumor,2,20229,1109,3.557950735092163,3.3689513206481934,True,2,2
402.tiff,human neuroendocrine tumor,2,20275,1130,3.543907403945923,3.3556997776031494,False,3,2
402.tiff,human neuroendocrine tumor,2,20211,1170,3.5192160606384277,3.332400321960449,True,2,2
402.tiff,human neuroendocrine tumor,2,20150,1507,3.3418567180633545,3.1650390625,True,2,2
402.tiff,human neuroendocrine tumor,2,20267,1706,3.2493233680725098,3.0777218341827393,False,3,2
402.tiff,human neuroendocrine tumor,2,20156,1797,3.2134649753570557,3.0438849925994873,True,2,2
402.tiff,human neuroendocrine tumor,2,20232,1892,3.176342725753784,3.0088553428649902,False,3,2
402.tiff,human neuroendocrine tumor,2,20291,2029,3.117306709289551,2.9531471729278564,False,3,2
402.tiff,human neuroendocrine tumor,2,20158,2127,3.0857529640197754,2.923372268676758,True,2,2
402.tiff,human neuroendocrine tumor,2,20203,2174,3.0704400539398193,2.9089224338531494,False,3,2
402.tiff,human neuroendocrine tumor,2,20301,2204,3.0614566802978516,2.9004454612731934,False,3,2
402.tiff,human neuroendocrine tumor,2,20246,2439,2.980767250061035,2.8243048191070557,True,2,2
402.tiff,human neuroendocrine tumor,2,20242,2471,2.971372127532959,2.815439224243164,True,2,2
402.tiff,human neuroendocrine tumor,2,20251,10028,1.918854832649231,1.8222543001174927,False,3,2
402.tiff,human neuroendocrine tumor,3,20192,1,10.871095657348633,9.919695854187012,True,2,2
402.tiff,human neuroendocrine tumor,3,20236,2,10.548611640930176,9.624107360839844,False,3,2
402.tiff,human neuroendocrine tumor,3,20170,3,10.545071601867676,9.62086296081543,True,2,2
402.tiff,human neuroendocrine tumor,3,20197,6,10.119508743286133,9.230792999267578,False,3,2
402.tiff,human neuroendocrine tumor,3,20288,7,9.931267738342285,9.05825138092041,False,3,2
402.tiff,human neuroendocrine tumor,3,20228,8,9.928173065185547,9.055415153503418,True,2,2
402.tiff,human neuroendocrine tumor,3,20271,9,9.83955192565918,8.9741849899292,False,3,2
402.tiff,human neuroendocrine tumor,3,20194,10,9.714594841003418,8.859649658203125,True,2,2
402.tiff,human neuroendocrine tumor,3,20178,13,9.6375150680542,8.7889986038208,True,2,2
402.tiff,human neuroendocrine tumor,3,20215,14,9.617270469665527,8.770442008972168,False,3,2
402.tiff,human neuroendocrine tumor,3,20250,15,9.515717506408691,8.677359580993652,True,2,2
402.tiff,human neuroendocrine tumor,3,20270,17,9.434344291687012,8.60277271270752,True,2,2
402.tiff,human neuroendocrine tumor,3,20181,18,9.379598617553711,8.552593231201172,False,3,2
402.tiff,human neuroendocrine tumor,3,20176,20,9.364118576049805,8.53840446472168,True,2,2
402.tiff,human neuroendocrine tumor,3,20213,21,9.335871696472168,8.512513160705566,False,3,2
402.tiff,human neuroendocrine tumor,3,20227,22,9.30525016784668,8.484445571899414,True,2,2
402.tiff,human neuroendocrine tumor,3,20255,23,9.303503036499023,8.482844352722168,True,2,2
402.tiff,human neuroendocrine tumor,3,20159,24,9.284509658813477,8.465435028076172,True,2,2
402.tiff,human neuroendocrine tumor,3,20233,26,9.235893249511719,8.420872688293457,True,2,2
402.tiff,human neuroendocrine tumor,3,20257,27,9.234243392944336,8.419361114501953,True,2,2
402.tiff,human neuroendocrine tumor,3,20254,29,9.176919937133789,8.36681842803955,True,2,2
402.tiff,human neuroendocrine tumor,3,20274,31,8.984848976135254,8.190766334533691,False,3,2
402.tiff,human neuroendocrine tumor,3,20266,32,8.938593864440918,8.148368835449219,True,2,2
402.tiff,human neuroendocrine tumor,3,20191,33,8.909109115600586,8.121343612670898,True,2,2
402.tiff,human neuroendocrine tumor,3,20189,34,8.889869689941406,8.103708267211914,False,3,2
402.tiff,human neuroendocrine tumor,3,20206,35,8.856159210205078,8.072810173034668,True,2,2
402.tiff,human neuroendocrine tumor,3,20174,37,8.724275588989258,7.951925277709961,True,2,2
402.tiff,human neuroendocrine tumor,3,20262,40,8.70306396484375,7.9324822425842285,True,2,2
402.tiff,human neuroendocrine tumor,3,20258,46,8.625883102416992,7.861739158630371,True,2,2
402.tiff,human neuroendocrine tumor,3,20161,47,8.617537498474121,7.854089260101318,True,2,2
402.tiff,human neuroendocrine tumor,3,20220,50,8.473384857177734,7.721959590911865,True,2,2
402.tiff,human neuroendocrine tumor,3,20200,52,8.454298973083496,7.704465389251709,True,2,2
402.tiff,human neuroendocrine tumor,3,20239,54,8.42451000213623,7.677160739898682,True,2,2
402.tiff,human neuroendocrine tumor,3,20198,55,8.388533592224121,7.6441850662231445,False,3,2
402.tiff,human neuroendocrine tumor,3,20225,60,8.29326057434082,7.556858062744141,True,2,2
402.tiff,human neuroendocrine tumor,3,20234,61,8.269316673278809,7.534910678863525,True,2,2
402.tiff,human neuroendocrine tumor,3,20202,62,8.26305866241455,7.5291748046875,True,2,2
402.tiff,human neuroendocrine tumor,3,20235,63,8.203222274780273,7.474328994750977,True,2,2
402.tiff,human neuroendocrine tumor,3,20162,66,8.13179874420166,7.408862590789795,True,2,2
402.tiff,human neuroendocrine tumor,3,20207,68,8.111991882324219,7.390707015991211,True,2,2
402.tiff,human neuroendocrine tumor,3,20165,72,8.083489418029785,7.364582061767578,True,2,2
402.tiff,human neuroendocrine tumor,3,20218,78,7.95001220703125,7.242237091064453,True,2,2
402.tiff,human neuroendocrine tumor,3,20214,79,7.935616970062256,7.2290425300598145,False,3,2
402.tiff,human neuroendocrine tumor,3,20160,80,7.932506084442139,7.22619104385376,True,2,2
402.tiff,human neuroendocrine tumor,3,20153,84,7.851386070251465,7.15183687210083,False,3,2
402.tiff,human neuroendocrine tumor,3,20157,91,7.76983642578125,7.077088356018066,True,2,2
402.tiff,human neuroendocrine tumor,3,20268,92,7.738056659698486,7.047959327697754,False,3,2
402.tiff,human neuroendocrine tumor,3,20185,96,7.681431293487549,6.99605655670166,False,3,2
402.tiff,human neuroendocrine tumor,3,20261,97,7.673666954040527,6.9889397621154785,True,2,2
402.tiff,human neuroendocrine tumor,3,20148,102,7.578658103942871,6.901854991912842,True,2,2
402.tiff,human neuroendocrine tumor,3,20169,117,7.395702362060547,6.734158039093018,True,2,2
402.tiff,human neuroendocrine tumor,3,20172,118,7.392994403839111,6.73167610168457,False,3,2
402.tiff,human neuroendocrine tumor,3,20182,120,7.389901161193848,6.7288408279418945,True,2,2
402.tiff,human neuroendocrine tumor,3,20209,127,7.240893840789795,6.59226131439209,True,2,2
402.tiff,human neuroendocrine tumor,3,20168,131,7.2190093994140625,6.572201728820801,False,3,2
402.tiff,human neuroendocrine tumor,3,20167,132,7.196669101715088,6.551724910736084,True,2,2
402.tiff,human neuroendocrine tumor,3,20201,137,7.142979145050049,6.5025129318237305,False,3,2
402.tiff,human neuroendocrine tumor,3,20219,139,7.103396415710449,6.466231346130371,True,2,2
402.tiff,human neuroendocrine tumor,3,20244,147,6.998694896697998,6.370262145996094,False,3,2
402.tiff,human neuroendocrine tumor,3,20226,148,6.992412090301514,6.364503383636475,True,2,2
402.tiff,human neuroendocrine tumor,3,20180,161,6.872817039489746,6.2548828125,True,2,2
402.tiff,human neuroendocrine tumor,3,20155,183,6.712651252746582,6.108075141906738,False,3,2
402.tiff,human neuroendocrine tumor,3,20211,189,6.667497158050537,6.066687107086182,True,2,2
402.tiff,human neuroendocrine tumor,3,20264,193,6.614948749542236,6.018521308898926,True,2,2
402.tiff,human neuroendocrine tumor,3,20249,202,6.573641777038574,5.980659484863281,True,2,2
402.tiff,human neuroendocrine tumor,3,20301,209,6.532285690307617,5.942752838134766,False,3,2
402.tiff,human neuroendocrine tumor,3,20263,217,6.457925319671631,5.874594211578369,True,2,2
402.tiff,human neuroendocrine tumor,3,20230,219,6.437835693359375,5.856180191040039,False,3,2
402.tiff,human neuroendocrine tumor,3,20208,224,6.421435356140137,5.841147422790527,False,3,2
402.tiff,human neuroendocrine tumor,3,20221,228,6.40704345703125,5.827955722808838,True,2,2
402.tiff,human neuroendocrine tumor,3,20217,243,6.3440752029418945,5.770239353179932,False,3,2
402.tiff,human neuroendocrine tumor,3,20156,275,6.174635410308838,5.614931106567383,True,2,2
402.tiff,human neuroendocrine tumor,3,20210,280,6.1534504890441895,5.595513343811035,True,2,2
402.tiff,human neuroendocrine tumor,3,20259,286,6.117537498474121,5.562595367431641,True,2,2
402.tiff,human neuroendocrine tumor,3,20199,287,6.106878280639648,5.552825450897217,False,3,2
402.tiff,human neuroendocrine tumor,3,20279,301,6.07094144821167,5.519885540008545,False,3,2
402.tiff,human neuroendocrine tumor,3,20164,308,6.043850421905518,5.495054244995117,True,2,2
402.tiff,human neuroendocrine tumor,3,20179,322,6.001903057098389,5.456605434417725,False,3,2
402.tiff,human neuroendocrine tumor,3,20166,330,5.977132797241211,5.433900833129883,False,3,2
402.tiff,human neuroendocrine tumor,3,20150,337,5.95562744140625,5.414189338684082,True,2,2
402.tiff,human neuroendocrine tumor,3,20163,342,5.927243232727051,5.388172149658203,True,2,2
402.tiff,human neuroendocrine tumor,3,20224,343,5.923558712005615,5.384795188903809,False,3,2
402.tiff,human neuroendocrine tumor,3,20149,399,5.73004674911499,5.207422256469727,True,2,2
402.tiff,human neuroendocrine tumor,3,20267,408,5.701866149902344,5.181591987609863,False,3,2
402.tiff,human neuroendocrine tumor,3,20273,411,5.676831245422363,5.158645153045654,False,3,2
402.tiff,human neuroendocrine tumor,3,20154,434,5.6038994789123535,5.091796398162842,False,3,2
402.tiff,human neuroendocrine tumor,3,20158,476,5.486556529998779,4.9842400550842285,True,2,2
402.tiff,human neuroendocrine tumor,3,20216,493,5.445503234863281,4.946610450744629,False,3,2
402.tiff,human neuroendocrine tumor,3,20245,519,5.393418788909912,4.89886999130249,True,2,2
402.tiff,human neuroendocrine tumor,3,20243,523,5.375245571136475,4.8822126388549805,True,2,2
402.tiff,human neuroendocrine tumor,3,20186,530,5.357210636138916,4.8656816482543945,False,3,2
402.tiff,human neuroendocrine tumor,3,20222,538,5.338547229766846,4.848575115203857,True,2,2
402.tiff,human neuroendocrine tumor,3,20223,589,5.201592922210693,4.723042964935303,False,3,2
402.tiff,human neuroendocrine tumor,3,20171,596,5.183174133300781,4.706160545349121,True,2,2
402.tiff,human neuroendocrine tumor,3,20269,707,4.96846342086792,4.50935697555542,True,2,2
402.tiff,human neuroendocrine tumor,3,20246,1076,4.49661922454834,4.0768656730651855,True,2,2
402.tiff,human neuroendocrine tumor,3,20232,1162,4.413838863372803,4.0009894371032715,False,3,2
402.tiff,human neuroendocrine tumor,3,20203,1187,4.383703708648682,3.973367929458618,False,3,2
402.tiff,human neuroendocrine tumor,3,20300,1298,4.293982982635498,3.891130208969116,False,3,2
402.tiff,human neuroendocrine tumor,3,20229,1551,4.1138129234313965,3.7259867191314697,True,2,2
402.tiff,human neuroendocrine tumor,3,20275,1991,3.883784055709839,3.5151429176330566,False,3,2
402.tiff,human neuroendocrine tumor,3,20291,2772,3.5799381732940674,3.2366385459899902,False,3,2
402.tiff,human neuroendocrine tumor,3,20242,2889,3.535468578338623,3.19587779045105,True,2,2
402.tiff,human neuroendocrine tumor,3,20251,7683,2.626025438308716,2.3622846603393555,False,3,2
402.tiff,human neuroendocrine tumor,4,20197,1,14.406271934509277,3.393946409225464,False,3,2
402.tiff,human neuroendocrine tumor,4,20233,11,8.302970886230469,1.9584234952926636,True,2,2
402.tiff,human neuroendocrine tumor,4,20178,12,8.242658615112305,1.9442378282546997,True,2,2
402.tiff,human neuroendocrine tumor,4,20288,14,8.095573425292969,1.9096425771713257,False,3,2
402.tiff,human neuroendocrine tumor,4,20174,15,8.075371742248535,1.9048912525177002,True,2,2
402.tiff,human neuroendocrine tumor,4,20179,21,7.790218353271484,1.8378218412399292,False,3,2
402.tiff,human neuroendocrine tumor,4,20199,25,7.656089782714844,1.806274175643921,False,3,2
402.tiff,human neuroendocrine tumor,4,20159,26,7.618898868560791,1.7975267171859741,True,2,2
402.tiff,human neuroendocrine tumor,4,20191,33,7.392664909362793,1.744315505027771,True,2,2
402.tiff,human neuroendocrine tumor,4,20169,34,7.363682270050049,1.7374987602233887,True,2,2
402.tiff,human neuroendocrine tumor,4,20225,39,7.298782825469971,1.7222341299057007,True,2,2
402.tiff,human neuroendocrine tumor,4,20200,42,7.141720771789551,1.685292363166809,True,2,2
402.tiff,human neuroendocrine tumor,4,20261,43,7.108457088470459,1.6774686574935913,True,2,2
402.tiff,human neuroendocrine tumor,4,20213,44,7.08383846282959,1.6716781854629517,False,3,2
402.tiff,human neuroendocrine tumor,4,20208,48,6.967697620391846,1.6443613767623901,False,3,2
402.tiff,human neuroendocrine tumor,4,20185,51,6.931615352630615,1.6358747482299805,False,3,2
402.tiff,human neuroendocrine tumor,4,20170,52,6.9137187004089355,1.6316653490066528,True,2,2
402.tiff,human neuroendocrine tumor,4,20264,57,6.860753059387207,1.6192076206207275,True,2,2
402.tiff,human neuroendocrine tumor,4,20198,60,6.790608882904053,1.602709412574768,False,3,2
402.tiff,human neuroendocrine tumor,4,20176,66,6.734466552734375,1.5895044803619385,True,2,2
402.tiff,human neuroendocrine tumor,4,20234,73,6.689499378204346,1.578927993774414,True,2,2
402.tiff,human neuroendocrine tumor,4,20219,74,6.667756080627441,1.573813796043396,True,2,2
402.tiff,human neuroendocrine tumor,4,20194,77,6.638975620269775,1.5670446157455444,True,2,2
402.tiff,human neuroendocrine tumor,4,20220,78,6.624938488006592,1.563742995262146,True,2,2
402.tiff,human neuroendocrine tumor,4,20168,81,6.589594841003418,1.5554299354553223,False,3,2
402.tiff,human neuroendocrine tumor,4,20202,86,6.579632759094238,1.5530868768692017,True,2,2
402.tiff,human neuroendocrine tumor,4,20230,87,6.573221683502197,1.5515789985656738,False,3,2
402.tiff,human neuroendocrine tumor,4,20274,89,6.571165084838867,1.5510952472686768,False,3,2
402.tiff,human neuroendocrine tumor,4,20181,91,6.531066417694092,1.5416638851165771,False,3,2
402.tiff,human neuroendocrine tumor,4,20227,96,6.4837870597839355,1.530543565750122,True,2,2
402.tiff,human neuroendocrine tumor,4,20166,101,6.432325839996338,1.5184396505355835,False,3,2
402.tiff,human neuroendocrine tumor,4,20192,105,6.411147594451904,1.5134583711624146,True,2,2
402.tiff,human neuroendocrine tumor,4,20236,110,6.40370512008667,1.5117079019546509,False,3,2
402.tiff,human neuroendocrine tumor,4,20228,111,6.400614261627197,1.5109809637069702,True,2,2
402.tiff,human neuroendocrine tumor,4,20263,112,6.394031524658203,1.5094326734542847,True,2,2
402.tiff,human neuroendocrine tumor,4,20180,121,6.272951602935791,1.4809541702270508,True,2,2
402.tiff,human neuroendocrine tumor,4,20268,127,6.246181964874268,1.4746577739715576,False,3,2
402.tiff,human neuroendocrine tumor,4,20189,147,6.136364459991455,1.4488282203674316,False,3,2
402.tiff,human neuroendocrine tumor,4,20215,151,6.122929096221924,1.4456682205200195,False,3,2
402.tiff,human neuroendocrine tumor,4,20254,152,6.12224817276001,1.4455080032348633,True,2,2
402.tiff,human neuroendocrine tumor,4,20270,161,6.070221900939941,1.4332711696624756,True,2,2
402.tiff,human neuroendocrine tumor,4,20255,191,5.919216632843018,1.3977540731430054,True,2,2
402.tiff,human neuroendocrine tumor,4,20235,203,5.886727809906006,1.3901126384735107,True,2,2
402.tiff,human neuroendocrine tumor,4,20211,204,5.878073692321777,1.3880771398544312,True,2,2
402.tiff,human neuroendocrine tumor,4,20216,207,5.8705902099609375,1.3863170146942139,False,3,2
402.tiff,human neuroendocrine tumor,4,20223,209,5.859404563903809,1.3836860656738281,False,3,2
402.tiff,human neuroendocrine tumor,4,20149,211,5.851798057556152,1.38189697265625,True,2,2
402.tiff,human neuroendocrine tumor,4,20183,213,5.8301100730896,1.3767958879470825,True,2,2
402.tiff,human neuroendocrine tumor,4,20243,220,5.800073623657227,1.3697311878204346,True,2,2
402.tiff,human neuroendocrine tumor,4,20266,231,5.758237838745117,1.3598911762237549,True,2,2
402.tiff,human neuroendocrine tumor,4,20162,232,5.7578630447387695,1.3598030805587769,True,2,2
402.tiff,human neuroendocrine tumor,4,20218,233,5.755980014801025,1.3593602180480957,True,2,2
402.tiff,human neuroendocrine tumor,4,20206,236,5.743416786193848,1.356405258178711,True,2,2
402.tiff,human neuroendocrine tumor,4,20239,238,5.730744361877441,1.3534246683120728,True,2,2
402.tiff,human neuroendocrine tumor,4,20221,239,5.724263668060303,1.351900339126587,True,2,2
402.tiff,human neuroendocrine tumor,4,20224,260,5.663277626037598,1.3375561237335205,False,3,2
402.tiff,human neuroendocrine tumor,4,20226,270,5.621884346008301,1.3278203010559082,True,2,2
402.tiff,human neuroendocrine tumor,4,20249,275,5.613924980163574,1.3259482383728027,True,2,2
402.tiff,human neuroendocrine tumor,4,20160,281,5.58807897567749,1.3198691606521606,True,2,2
402.tiff,human neuroendocrine tumor,4,20300,285,5.578744888305664,1.317673683166504,False,3,2
402.tiff,human neuroendocrine tumor,4,20156,286,5.577178955078125,1.317305326461792,True,2,2
402.tiff,human neuroendocrine tumor,4,20279,303,5.508673667907715,1.3011926412582397,False,3,2
402.tiff,human neuroendocrine tumor,4,20250,306,5.504051208496094,1.3001054525375366,True,2,2
402.tiff,human neuroendocrine tumor,4,20201,312,5.495394706726074,1.2980693578720093,False,3,2
402.tiff,human neuroendocrine tumor,4,20258,337,5.416755676269531,1.2795730829238892,True,2,2
402.tiff,human neuroendocrine tumor,4,20245,345,5.3918681144714355,1.2737194299697876,True,2,2
402.tiff,human neuroendocrine tumor,4,20262,351,5.377145290374756,1.2702566385269165,True,2,2
402.tiff,human neuroendocrine tumor,4,20209,356,5.363986492156982,1.2671616077423096,True,2,2
402.tiff,human neuroendocrine tumor,4,20271,361,5.353975296020508,1.264806866645813,False,3,2
402.tiff,human neuroendocrine tumor,4,20148,368,5.3323588371276855,1.2597225904464722,True,2,2
402.tiff,human neuroendocrine tumor,4,20214,402,5.252283573150635,1.2408885955810547,False,3,2
402.tiff,human neuroendocrine tumor,4,20217,408,5.235434055328369,1.236925482749939,False,3,2
402.tiff,human neuroendocrine tumor,4,20207,427,5.20877742767334,1.2306557893753052,True,2,2
402.tiff,human neuroendocrine tumor,4,20167,428,5.2074198722839355,1.2303364276885986,True,2,2
402.tiff,human neuroendocrine tumor,4,20232,436,5.198220252990723,1.2281726598739624,False,3,2
402.tiff,human neuroendocrine tumor,4,20154,450,5.177258014678955,1.2232422828674316,False,3,2
402.tiff,human neuroendocrine tumor,4,20163,476,5.136922836303711,1.2137552499771118,True,2,2
402.tiff,human neuroendocrine tumor,4,20257,515,5.07314920425415,1.1987553834915161,True,2,2
402.tiff,human neuroendocrine tumor,4,20269,531,5.05540657043457,1.194582223892212,True,2,2
402.tiff,human neuroendocrine tumor,4,20222,600,4.948905944824219,1.1695328950881958,True,2,2
402.tiff,human neuroendocrine tumor,4,20153,666,4.857284069061279,1.1479829549789429,False,3,2
402.tiff,human neuroendocrine tumor,4,20157,710,4.8010735511779785,1.1347620487213135,True,2,2
402.tiff,human neuroendocrine tumor,4,20242,771,4.721703052520752,1.1160937547683716,True,2,2
402.tiff,human neuroendocrine tumor,4,20165,783,4.708196640014648,1.1129169464111328,True,2,2
402.tiff,human neuroendocrine tumor,4,20161,791,4.699211120605469,1.110803484916687,True,2,2
402.tiff,human neuroendocrine tumor,4,20273,806,4.684275150299072,1.107290506362915,False,3,2
402.tiff,human neuroendocrine tumor,4,20164,847,4.640480995178223,1.0969899892807007,True,2,2
402.tiff,human neuroendocrine tumor,4,20203,917,4.581639289855957,1.0831501483917236,False,3,2
402.tiff,human neuroendocrine tumor,4,20244,930,4.572196960449219,1.0809292793273926,False,3,2
402.tiff,human neuroendocrine tumor,4,20158,1010,4.492264747619629,1.0621289014816284,True,2,2
402.tiff,human neuroendocrine tumor,4,20186,1069,4.4422736167907715,1.050370693206787,False,3,2
402.tiff,human neuroendocrine tumor,4,20301,1071,4.438205242156982,1.049413800239563,False,3,2
402.tiff,human neuroendocrine tumor,4,20155,1167,4.363467216491699,1.0318350791931152,False,3,2
402.tiff,human neuroendocrine tumor,4,20172,1256,4.297690391540527,1.0163640975952148,False,3,2
402.tiff,human neuroendocrine tumor,4,20259,1258,4.297013759613037,1.0162049531936646,True,2,2
402.tiff,human neuroendocrine tumor,4,20171,1266,4.2935099601745605,1.015380859375,True,2,2
402.tiff,human neuroendocrine tumor,4,20229,1291,4.275996208190918,1.0112615823745728,True,2,2
402.tiff,human neuroendocrine tumor,4,20275,1402,4.214087009429932,0.9967002868652344,False,3,2
402.tiff,human neuroendocrine tumor,4,20150,1871,3.975189447402954,0.9405105113983154,True,2,2
402.tiff,human neuroendocrine tumor,4,20210,1873,3.972050666809082,0.9397722482681274,True,2,2
402.tiff,human neuroendocrine tumor,4,20267,2403,3.779186964035034,0.8944098353385925,False,3,2
402.tiff,human neuroendocrine tumor,4,20251,2417,3.7733662128448486,0.8930407762527466,False,3,2
402.tiff,human neuroendocrine tumor,4,20246,4258,3.317495584487915,0.7858180403709412,True,2,2
402.tiff,human neuroendocrine tumor,4,20291,10907,2.4882559776306152,0.5907772779464722,False,3,2
403.tiff,human neuroendocrine tumor,0,20363,1,28.8243350982666,5.285459995269775,False,3,2
403.tiff,human neuroendocrine tumor,0,20336,4,25.964282989501953,4.7609076499938965,True,2,2
403.tiff,human neuroendocrine tumor,0,20348,6,25.025611877441406,4.588749408721924,True,2,2
403.tiff,human neuroendocrine tumor,0,20361,8,24.67582130432129,4.524595260620117,True,2,2
403.tiff,human neuroendocrine tumor,0,20365,20,22.249435424804688,4.079580307006836,True,2,2
403.tiff,human neuroendocrine tumor,0,20382,21,22.08902359008789,4.050159454345703,True,2,2
403.tiff,human neuroendocrine tumor,0,20335,22,21.98203468322754,4.030537128448486,True,2,2
403.tiff,human neuroendocrine tumor,0,20356,35,20.635847091674805,3.783637523651123,True,2,2
403.tiff,human neuroendocrine tumor,0,20373,36,20.567819595336914,3.77116060256958,True,2,2
403.tiff,human neuroendocrine tumor,0,20378,37,20.552038192749023,3.768266201019287,True,2,2
403.tiff,human neuroendocrine tumor,0,20354,38,20.55108642578125,3.768091917037964,True,2,2
403.tiff,human neuroendocrine tumor,0,20379,41,20.378273010253906,3.7363967895507812,True,2,2
403.tiff,human neuroendocrine tumor,0,20358,60,19.433923721313477,3.5631966590881348,False,3,2
403.tiff,human neuroendocrine tumor,0,20401,61,19.38140106201172,3.5535635948181152,False,3,2
403.tiff,human neuroendocrine tumor,0,20377,62,19.288494110107422,3.5365240573883057,True,2,2
403.tiff,human neuroendocrine tumor,0,20371,68,18.997156143188477,3.48309063911438,True,2,2
403.tiff,human neuroendocrine tumor,0,20381,69,18.954967498779297,3.4753530025482178,True,2,2
403.tiff,human neuroendocrine tumor,0,20355,72,18.856460571289062,3.4572863578796387,True,2,2
403.tiff,human neuroendocrine tumor,0,20369,76,18.715822219848633,3.4314920902252197,False,3,2
403.tiff,human neuroendocrine tumor,0,20349,78,18.701499938964844,3.428865432739258,False,3,2
403.tiff,human neuroendocrine tumor,0,20347,79,18.69411849975586,3.427511692047119,False,3,2
403.tiff,human neuroendocrine tumor,0,20359,80,18.693439483642578,3.427386999130249,False,3,2
403.tiff,human neuroendocrine tumor,0,20370,83,18.549463272094727,3.4009809494018555,True,2,2
403.tiff,human neuroendocrine tumor,0,20343,101,18.052804946899414,3.3098905086517334,True,2,2
403.tiff,human neuroendocrine tumor,0,20372,106,17.94333839416504,3.289813756942749,True,2,2
403.tiff,human neuroendocrine tumor,0,20333,116,17.66790771484375,3.239297866821289,True,2,2
403.tiff,human neuroendocrine tumor,0,20376,118,17.63787841796875,3.233790159225464,True,2,2
403.tiff,human neuroendocrine tumor,0,20396,136,17.461837768554688,3.201503038406372,True,2,2
403.tiff,human neuroendocrine tumor,0,20390,143,17.331117630004883,3.1775283813476562,True,2,2
403.tiff,human neuroendocrine tumor,0,20364,151,17.216081619262695,3.1564297676086426,False,3,2
403.tiff,human neuroendocrine tumor,0,20383,153,17.172935485839844,3.1485166549682617,True,2,2
403.tiff,human neuroendocrine tumor,0,20397,212,16.360816955566406,2.9995687007904053,False,3,2
403.tiff,human neuroendocrine tumor,0,20357,225,16.258209228515625,2.9807498455047607,False,3,2
403.tiff,human neuroendocrine tumor,0,20332,317,15.528342247009277,2.8468873500823975,True,2,2
403.tiff,human neuroendocrine tumor,0,20337,348,15.271183013916016,2.799722671508789,True,2,2
403.tiff,human neuroendocrine tumor,0,20367,371,15.053481101989746,2.7597947120666504,True,2,2
403.tiff,human neuroendocrine tumor,0,20374,375,15.033441543579102,2.7561192512512207,False,3,2
403.tiff,human neuroendocrine tumor,0,20344,378,15.025832176208496,2.7547237873077393,True,2,2
403.tiff,human neuroendocrine tumor,0,20385,383,14.984564781188965,2.747154951095581,False,3,2
403.tiff,human neuroendocrine tumor,0,20338,432,14.703204154968262,2.695551633834839,True,2,2
403.tiff,human neuroendocrine tumor,0,20388,532,14.194111824035645,2.6021807193756104,True,2,2
403.tiff,human neuroendocrine tumor,0,20353,807,13.199442863464355,2.4197518825531006,True,2,2
403.tiff,human neuroendocrine tumor,0,20345,833,13.100414276123047,2.4015893936157227,True,2,2
403.tiff,human neuroendocrine tumor,0,20384,844,13.06421184539795,2.3949496746063232,True,2,2
403.tiff,human neuroendocrine tumor,0,20386,869,13.00463581085205,2.3840229511260986,False,3,2
403.tiff,human neuroendocrine tumor,0,20375,1434,11.734304428100586,2.151035785675049,True,2,2
403.tiff,human neuroendocrine tumor,0,20339,1542,11.502283096313477,2.1084816455841064,False,3,2
403.tiff,human neuroendocrine tumor,0,20380,1562,11.472338676452637,2.102989673614502,True,2,2
403.tiff,human neuroendocrine tumor,0,20368,2180,10.617731094360352,1.9462488889694214,False,3,2
403.tiff,human neuroendocrine tumor,0,20340,4285,8.484090805053711,1.5549250841140747,True,2,2
403.tiff,human neuroendocrine tumor,0,20352,4589,8.222719192504883,1.5069879293441772,True,2,2
403.tiff,human neuroendocrine tumor,0,20389,5747,7.336554050445557,1.3444592952728271,False,3,2
403.tiff,human neuroendocrine tumor,1,20363,1,26.623517990112305,11.33204460144043,False,3,2
403.tiff,human neuroendocrine tumor,1,20348,3,23.67931365966797,10.078363418579102,True,2,2
403.tiff,human neuroendocrine tumor,1,20373,6,20.928558349609375,8.907055854797363,True,2,2
403.tiff,human neuroendocrine tumor,1,20338,9,20.3448543548584,8.658507347106934,True,2,2
403.tiff,human neuroendocrine tumor,1,20355,11,20.186250686645508,8.590971946716309,True,2,2
403.tiff,human neuroendocrine tumor,1,20381,14,19.759445190429688,8.409232139587402,True,2,2
403.tiff,human neuroendocrine tumor,1,20401,19,19.505762100219727,8.3012113571167,False,3,2
403.tiff,human neuroendocrine tumor,1,20371,20,19.453386306762695,8.278908729553223,True,2,2
403.tiff,human neuroendocrine tumor,1,20334,28,18.5422306060791,7.890927314758301,True,2,2
403.tiff,human neuroendocrine tumor,1,20335,36,17.808910369873047,7.578669548034668,True,2,2
403.tiff,human neuroendocrine tumor,1,20364,85,16.10831642150879,6.85453462600708,False,3,2
403.tiff,human neuroendocrine tumor,1,20388,91,15.985595703125,6.802278518676758,True,2,2
403.tiff,human neuroendocrine tumor,1,20396,103,15.744460105895996,6.699599742889404,True,2,2
403.tiff,human neuroendocrine tumor,1,20384,111,15.616928100585938,6.645295143127441,True,2,2
403.tiff,human neuroendocrine tumor,1,20367,142,15.146271705627441,6.444883346557617,True,2,2
403.tiff,human neuroendocrine tumor,1,20343,146,15.047834396362305,6.40296745300293,True,2,2
403.tiff,human neuroendocrine tumor,1,20370,150,14.990851402282715,6.378703594207764,True,2,2
403.tiff,human neuroendocrine tumor,1,20332,157,14.945738792419434,6.359493732452393,True,2,2
403.tiff,human neuroendocrine tumor,1,20378,163,14.819458961486816,6.305722236633301,True,2,2
403.tiff,human neuroendocrine tumor,1,20354,181,14.589361190795898,6.2077436447143555,True,2,2
403.tiff,human neuroendocrine tumor,1,20349,187,14.513057708740234,6.175252437591553,False,3,2
403.tiff,human neuroendocrine tumor,1,20372,188,14.497529029846191,6.16864013671875,True,2,2
403.tiff,human neuroendocrine tumor,1,20382,202,14.389734268188477,6.122739791870117,True,2,2
403.tiff,human neuroendocrine tumor,1,20357,241,13.893585205078125,5.911473274230957,False,3,2
403.tiff,human neuroendocrine tumor,1,20379,251,13.7780179977417,5.862263202667236,True,2,2
403.tiff,human neuroendocrine tumor,1,20347,275,13.59449577331543,5.784116744995117,False,3,2
403.tiff,human neuroendocrine tumor,1,20336,333,13.288891792297363,5.653986930847168,True,2,2
403.tiff,human neuroendocrine tumor,1,20369,345,13.19948673248291,5.615916728973389,False,3,2
403.tiff,human neuroendocrine tumor,1,20368,359,13.124488830566406,5.583981990814209,False,3,2
403.tiff,human neuroendocrine tumor,1,20352,372,13.061816215515137,5.557294845581055,True,2,2
403.tiff,human neuroendocrine tumor,1,20356,400,12.863088607788086,5.472674369812012,True,2,2
403.tiff,human neuroendocrine tumor,1,20353,424,12.75834846496582,5.428074359893799,True,2,2
403.tiff,human neuroendocrine tumor,1,20365,507,12.401156425476074,5.275977611541748,True,2,2
403.tiff,human neuroendocrine tumor,1,20397,620,12.042254447937012,5.123152256011963,False,3,2
403.tiff,human neuroendocrine tumor,1,20361,715,11.773104667663574,5.008544921875,True,2,2
403.tiff,human neuroendocrine tumor,1,20374,724,11.745598793029785,4.996832370758057,False,3,2
403.tiff,human neuroendocrine tumor,1,20390,828,11.450672149658203,4.871248722076416,True,2,2
403.tiff,human neuroendocrine tumor,1,20358,907,11.24992847442627,4.785769462585449,False,3,2
403.tiff,human neuroendocrine tumor,1,20380,1153,10.658380508422852,4.533880710601807,True,2,2
403.tiff,human neuroendocrine tumor,1,20359,1218,10.551682472229004,4.488447189331055,False,3,2
403.tiff,human neuroendocrine tumor,1,20383,1270,10.432584762573242,4.4377336502075195,True,2,2
403.tiff,human neuroendocrine tumor,1,20333,1819,9.549398422241211,4.061661720275879,True,2,2
403.tiff,human neuroendocrine tumor,1,20385,1899,9.44837760925293,4.018645763397217,False,3,2
403.tiff,human neuroendocrine tumor,1,20377,2071,9.219589233398438,3.921224594116211,True,2,2
403.tiff,human neuroendocrine tumor,1,20386,2078,9.213485717773438,3.9186253547668457,False,3,2
403.tiff,human neuroendocrine tumor,1,20340,2153,9.142914772033691,3.888575315475464,True,2,2
403.tiff,human neuroendocrine tumor,1,20375,2346,8.951377868652344,3.807016611099243,True,2,2
403.tiff,human neuroendocrine tumor,1,20345,2432,8.85861587524414,3.767517328262329,True,2,2
403.tiff,human neuroendocrine tumor,1,20337,2470,8.828083038330078,3.7545158863067627,True,2,2
403.tiff,human neuroendocrine tumor,1,20339,2590,8.707589149475098,3.7032079696655273,False,3,2
403.tiff,human neuroendocrine tumor,1,20376,2596,8.700506210327148,3.7001922130584717,True,2,2
403.tiff,human neuroendocrine tumor,1,20389,4104,7.460853576660156,3.1723318099975586,False,3,2
403.tiff,human neuroendocrine tumor,2,20371,1,21.044790267944336,12.842283248901367,True,2,2
403.tiff,human neuroendocrine tumor,2,20363,2,20.494735717773438,12.506576538085938,False,3,2
403.tiff,human neuroendocrine tumor,2,20334,3,20.00229835510254,12.206034660339355,True,2,2
403.tiff,human neuroendocrine tumor,2,20361,16,16.567167282104492,10.109521865844727,True,2,2
403.tiff,human neuroendocrine tumor,2,20401,18,16.474822998046875,10.053163528442383,False,3,2
403.tiff,human neuroendocrine tumor,2,20365,25,16.17872428894043,9.87244987487793,True,2,2
403.tiff,human neuroendocrine tumor,2,20336,34,15.503645896911621,9.46043872833252,True,2,2
403.tiff,human neuroendocrine tumor,2,20377,37,15.426040649414062,9.41307544708252,True,2,2
403.tiff,human neuroendocrine tumor,2,20369,41,15.33900260925293,9.359954833984375,False,3,2
403.tiff,human neuroendocrine tumor,2,20378,42,15.332816123962402,9.356179237365723,True,2,2
403.tiff,human neuroendocrine tumor,2,20335,43,15.270539283752441,9.318170547485352,True,2,2
403.tiff,human neuroendocrine tumor,2,20354,47,15.08414077758789,9.204408645629883,True,2,2
403.tiff,human neuroendocrine tumor,2,20358,68,14.428631782531738,8.804341316223145,False,3,2
403.tiff,human neuroendocrine tumor,2,20364,71,14.384490013122559,8.777400970458984,False,3,2
403.tiff,human neuroendocrine tumor,2,20372,72,14.340435981750488,8.750514030456543,True,2,2
403.tiff,human neuroendocrine tumor,2,20348,85,13.993821144104004,8.538969993591309,True,2,2
403.tiff,human neuroendocrine tumor,2,20356,86,13.979801177978516,8.530413627624512,True,2,2
403.tiff,human neuroendocrine tumor,2,20376,91,13.84576416015625,8.4486083984375,True,2,2
403.tiff,human neuroendocrine tumor,2,20381,96,13.771078109741211,8.403026580810547,True,2,2
403.tiff,human neuroendocrine tumor,2,20382,106,13.643169403076172,8.32496166229248,True,2,2
403.tiff,human neuroendocrine tumor,2,20332,114,13.539339065551758,8.261592864990234,True,2,2
403.tiff,human neuroendocrine tumor,2,20344,119,13.444581985473633,8.203761100769043,True,2,2
403.tiff,human neuroendocrine tumor,2,20379,123,13.391921043395996,8.171621322631836,True,2,2
403.tiff,human neuroendocrine tumor,2,20396,140,13.077974319458008,7.980014801025391,True,2,2
403.tiff,human neuroendocrine tumor,2,20353,163,12.752620697021484,7.78144645690918,True,2,2
403.tiff,human neuroendocrine tumor,2,20343,188,12.484541893005371,7.617834091186523,True,2,2
403.tiff,human neuroendocrine tumor,2,20385,190,12.481229782104492,7.615812301635742,False,3,2
403.tiff,human neuroendocrine tumor,2,20373,222,12.23631763458252,7.466339111328125,True,2,2
403.tiff,human neuroendocrine tumor,2,20370,237,12.155025482177734,7.416725158691406,True,2,2
403.tiff,human neuroendocrine tumor,2,20397,392,11.161773681640625,6.81052827835083,False,3,2
403.tiff,human neuroendocrine tumor,2,20359,393,11.157297134399414,6.807796001434326,False,3,2
403.tiff,human neuroendocrine tumor,2,20383,399,11.132166862487793,6.792459011077881,True,2,2
403.tiff,human neuroendocrine tumor,2,20388,418,11.072592735290527,6.756100177764893,True,2,2
403.tiff,human neuroendocrine tumor,2,20390,572,10.519317626953125,6.41842794418335,True,2,2
403.tiff,human neuroendocrine tumor,2,20386,644,10.292494773864746,6.279994010925293,False,3,2
403.tiff,human neuroendocrine tumor,2,20352,693,10.146783828735352,6.191064834594727,True,2,2
403.tiff,human neuroendocrine tumor,2,20347,708,10.098633766174316,6.161677837371826,False,3,2
403.tiff,human neuroendocrine tumor,2,20389,1032,9.419354438781738,5.747103691101074,False,3,2
403.tiff,human neuroendocrine tumor,2,20349,1056,9.386693954467773,5.727169990539551,False,3,2
403.tiff,human neuroendocrine tumor,2,20338,1068,9.355998039245605,5.708436012268066,True,2,2
403.tiff,human neuroendocrine tumor,2,20374,1072,9.35456657409668,5.707562446594238,False,3,2
403.tiff,human neuroendocrine tumor,2,20368,1107,9.299331665039062,5.67385196685791,False,3,2
403.tiff,human neuroendocrine tumor,2,20380,1152,9.238397598266602,5.63666296005249,True,2,2
403.tiff,human neuroendocrine tumor,2,20375,1330,9.007904052734375,5.495988845825195,True,2,2
403.tiff,human neuroendocrine tumor,2,20333,1456,8.82994556427002,5.387378215789795,True,2,2
403.tiff,human neuroendocrine tumor,2,20357,1889,8.315118789672852,5.073171615600586,False,3,2
403.tiff,human neuroendocrine tumor,2,20345,2016,8.190503120422363,4.997117042541504,True,2,2
403.tiff,human neuroendocrine tumor,2,20337,2030,8.17282772064209,4.986329078674316,True,2,2
403.tiff,human neuroendocrine tumor,2,20367,2601,7.634191513061523,4.657591342926025,True,2,2
403.tiff,human neuroendocrine tumor,2,20339,2907,7.40493106842041,4.517670154571533,False,3,2
403.tiff,human neuroendocrine tumor,2,20340,3368,7.061525344848633,4.308084487915039,True,2,2
403.tiff,human neuroendocrine tumor,2,20384,5392,5.827500343322754,3.5549399852752686,True,2,2
403.tiff,human neuroendocrine tumor,3,20332,2,23.410825729370117,13.775823593139648,True,2,2
403.tiff,human neuroendocrine tumor,3,20380,3,21.01765251159668,12.367011070251465,True,2,2
403.tiff,human neuroendocrine tumor,3,20352,4,20.69286346435547,12.175813674926758,True,2,2
403.tiff,human neuroendocrine tumor,3,20367,6,18.846134185791016,11.0886812210083,True,2,2
403.tiff,human neuroendocrine tumor,3,20354,7,18.61923599243164,10.955111503601074,True,2,2
403.tiff,human neuroendocrine tumor,3,20348,18,16.63109588623047,9.784732818603516,True,2,2
403.tiff,human neuroendocrine tumor,3,20373,31,15.486263275146484,9.110793113708496,True,2,2
403.tiff,human neuroendocrine tumor,3,20372,33,15.379446029663086,9.047911643981934,True,2,2
403.tiff,human neuroendocrine tumor,3,20401,39,14.957030296325684,8.799243927001953,False,3,2
403.tiff,human neuroendocrine tumor,3,20384,50,14.275656700134277,8.398133277893066,True,2,2
403.tiff,human neuroendocrine tumor,3,20361,71,13.508171081542969,7.9463300704956055,True,2,2
403.tiff,human neuroendocrine tumor,3,20349,74,13.496477127075195,7.939445972442627,False,3,2
403.tiff,human neuroendocrine tumor,3,20357,76,13.487107276916504,7.933929920196533,False,3,2
403.tiff,human neuroendocrine tumor,3,20371,117,12.772345542907715,7.513164043426514,True,2,2
403.tiff,human neuroendocrine tumor,3,20364,121,12.730782508850098,7.488697052001953,False,3,2
403.tiff,human neuroendocrine tumor,3,20385,138,12.485386848449707,7.344237327575684,False,3,2
403.tiff,human neuroendocrine tumor,3,20338,155,12.238058090209961,7.198639869689941,True,2,2
403.tiff,human neuroendocrine tumor,3,20390,158,12.16075611114502,7.153133869171143,True,2,2
403.tiff,human neuroendocrine tumor,3,20368,232,11.504457473754883,6.766783714294434,False,3,2
403.tiff,human neuroendocrine tumor,3,20378,240,11.434534072875977,6.725621223449707,True,2,2
403.tiff,human neuroendocrine tumor,3,20375,319,11.0574312210083,6.503628253936768,True,2,2
403.tiff,human neuroendocrine tumor,3,20355,331,11.004532814025879,6.4724884033203125,True,2,2
403.tiff,human neuroendocrine tumor,3,20339,342,10.95738410949707,6.444732666015625,False,3,2
403.tiff,human neuroendocrine tumor,3,20356,368,10.794540405273438,6.348869800567627,True,2,2
403.tiff,human neuroendocrine tumor,3,20363,511,10.301494598388672,6.058623790740967,False,3,2
403.tiff,human neuroendocrine tumor,3,20345,514,10.274134635925293,6.04251766204834,True,2,2
403.tiff,human neuroendocrine tumor,3,20388,521,10.264833450317383,6.037042140960693,True,2,2
403.tiff,human neuroendocrine tumor,3,20374,535,10.22987174987793,6.01646089553833,False,3,2
403.tiff,human neuroendocrine tumor,3,20379,589,10.06295108795166,5.918198108673096,True,2,2
403.tiff,human neuroendocrine tumor,3,20397,663,9.820347785949707,5.7753825187683105,False,3,2
403.tiff,human neuroendocrine tumor,3,20343,711,9.67467975616455,5.689630508422852,True,2,2
403.tiff,human neuroendocrine tumor,3,20344,738,9.607446670532227,5.650051593780518,True,2,2
403.tiff,human neuroendocrine tumor,3,20340,747,9.590950965881348,5.640340805053711,True,2,2
403.tiff,human neuroendocrine tumor,3,20336,781,9.521346092224121,5.599366188049316,True,2,2
403.tiff,human neuroendocrine tumor,3,20358,786,9.503674507141113,5.588963031768799,False,3,2
403.tiff,human neuroendocrine tumor,3,20365,931,9.213427543640137,5.418100833892822,True,2,2
403.tiff,human neuroendocrine tumor,3,20334,992,9.11108684539795,5.357854843139648,True,2,2
403.tiff,human neuroendocrine tumor,3,20396,998,9.101335525512695,5.352114200592041,True,2,2
403.tiff,human neuroendocrine tumor,3,20383,1230,8.704879760742188,5.1187286376953125,True,2,2
403.tiff,human neuroendocrine tumor,3,20382,1261,8.656254768371582,5.090104103088379,True,2,2
403.tiff,human neuroendocrine tumor,3,20377,1280,8.625736236572266,5.072138786315918,True,2,2
403.tiff,human neuroendocrine tumor,3,20386,1377,8.463159561157227,4.976432800292969,False,3,2
403.tiff,human neuroendocrine tumor,3,20347,1423,8.402867317199707,4.940939903259277,False,3,2
403.tiff,human neuroendocrine tumor,3,20381,2224,7.500926494598389,4.409985542297363,True,2,2
403.tiff,human neuroendocrine tumor,3,20389,2827,6.953530788421631,4.08774471282959,False,3,2
403.tiff,human neuroendocrine tumor,3,20333,2846,6.939694881439209,4.079599857330322,True,2,2
403.tiff,human neuroendocrine tumor,3,20369,3226,6.643983364105225,3.9055206775665283,False,3,2
403.tiff,human neuroendocrine tumor,3,20335,3797,6.262649059295654,3.681036949157715,True,2,2
403.tiff,human neuroendocrine tumor,3,20376,3910,6.192782402038574,3.6399075984954834,True,2,2
403.tiff,human neuroendocrine tumor,3,20359,3937,6.17531681060791,3.6296260356903076,False,3,2
403.tiff,human neuroendocrine tumor,3,20370,4445,5.900913715362549,3.468090534210205,True,2,2
403.tiff,human neuroendocrine tumor,3,20337,6739,4.70644998550415,2.7649338245391846,True,2,2
403.tiff,human neuroendocrine tumor,4,20363,1,28.8243350982666,5.285459995269775,False,3,2
403.tiff,human neuroendocrine tumor,4,20336,4,25.964282989501953,4.7609076499938965,True,2,2
403.tiff,human neuroendocrine tumor,4,20348,6,25.025611877441406,4.588749408721924,True,2,2
403.tiff,human neuroendocrine tumor,4,20361,8,24.67582130432129,4.524595260620117,True,2,2
403.tiff,human neuroendocrine tumor,4,20365,20,22.249435424804688,4.079580307006836,True,2,2
403.tiff,human neuroendocrine tumor,4,20382,21,22.08902359008789,4.050159454345703,True,2,2
403.tiff,human neuroendocrine tumor,4,20335,22,21.98203468322754,4.030537128448486,True,2,2
403.tiff,human neuroendocrine tumor,4,20356,35,20.635847091674805,3.783637523651123,True,2,2
403.tiff,human neuroendocrine tumor,4,20373,36,20.567819595336914,3.77116060256958,True,2,2
403.tiff,human neuroendocrine tumor,4,20378,37,20.552038192749023,3.768266201019287,True,2,2
403.tiff,human neuroendocrine tumor,4,20354,38,20.55108642578125,3.768091917037964,True,2,2
403.tiff,human neuroendocrine tumor,4,20379,41,20.378273010253906,3.7363967895507812,True,2,2
403.tiff,human neuroendocrine tumor,4,20358,60,19.433923721313477,3.5631966590881348,False,3,2
403.tiff,human neuroendocrine tumor,4,20401,61,19.38140106201172,3.5535635948181152,False,3,2
403.tiff,human neuroendocrine tumor,4,20377,62,19.288494110107422,3.5365240573883057,True,2,2
403.tiff,human neuroendocrine tumor,4,20371,68,18.997156143188477,3.48309063911438,True,2,2
403.tiff,human neuroendocrine tumor,4,20381,69,18.954967498779297,3.4753530025482178,True,2,2
403.tiff,human neuroendocrine tumor,4,20355,72,18.856460571289062,3.4572863578796387,True,2,2
403.tiff,human neuroendocrine tumor,4,20369,76,18.715822219848633,3.4314920902252197,False,3,2
403.tiff,human neuroendocrine tumor,4,20349,78,18.701499938964844,3.428865432739258,False,3,2
403.tiff,human neuroendocrine tumor,4,20347,79,18.69411849975586,3.427511692047119,False,3,2
403.tiff,human neuroendocrine tumor,4,20359,80,18.693439483642578,3.427386999130249,False,3,2
403.tiff,human neuroendocrine tumor,4,20370,83,18.549463272094727,3.4009809494018555,True,2,2
403.tiff,human neuroendocrine tumor,4,20343,101,18.052804946899414,3.3098905086517334,True,2,2
403.tiff,human neuroendocrine tumor,4,20372,106,17.94333839416504,3.289813756942749,True,2,2
403.tiff,human neuroendocrine tumor,4,20333,116,17.66790771484375,3.239297866821289,True,2,2
403.tiff,human neuroendocrine tumor,4,20376,118,17.63787841796875,3.233790159225464,True,2,2
403.tiff,human neuroendocrine tumor,4,20396,136,17.461837768554688,3.201503038406372,True,2,2
403.tiff,human neuroendocrine tumor,4,20390,143,17.331117630004883,3.1775283813476562,True,2,2
403.tiff,human neuroendocrine tumor,4,20364,151,17.216081619262695,3.1564297676086426,False,3,2
403.tiff,human neuroendocrine tumor,4,20383,153,17.172935485839844,3.1485166549682617,True,2,2
403.tiff,human neuroendocrine tumor,4,20397,212,16.360816955566406,2.9995687007904053,False,3,2
403.tiff,human neuroendocrine tumor,4,20357,225,16.258209228515625,2.9807498455047607,False,3,2
403.tiff,human neuroendocrine tumor,4,20332,317,15.528342247009277,2.8468873500823975,True,2,2
403.tiff,human neuroendocrine tumor,4,20337,348,15.271183013916016,2.799722671508789,True,2,2
403.tiff,human neuroendocrine tumor,4,20367,371,15.053481101989746,2.7597947120666504,True,2,2
403.tiff,human neuroendocrine tumor,4,20374,375,15.033441543579102,2.7561192512512207,False,3,2
403.tiff,human neuroendocrine tumor,4,20344,378,15.025832176208496,2.7547237873077393,True,2,2
403.tiff,human neuroendocrine tumor,4,20385,383,14.984564781188965,2.747154951095581,False,3,2
403.tiff,human neuroendocrine tumor,4,20338,432,14.703204154968262,2.695551633834839,True,2,2
403.tiff,human neuroendocrine tumor,4,20388,532,14.194111824035645,2.6021807193756104,True,2,2
403.tiff,human neuroendocrine tumor,4,20353,807,13.199442863464355,2.4197518825531006,True,2,2
403.tiff,human neuroendocrine tumor,4,20345,833,13.100414276123047,2.4015893936157227,True,2,2
403.tiff,human neuroendocrine tumor,4,20384,844,13.06421184539795,2.3949496746063232,True,2,2
403.tiff,human neuroendocrine tumor,4,20386,869,13.00463581085205,2.3840229511260986,False,3,2
403.tiff,human neuroendocrine tumor,4,20375,1434,11.734304428100586,2.151035785675049,True,2,2
403.tiff,human neuroendocrine tumor,4,20339,1542,11.502283096313477,2.1084816455841064,False,3,2
403.tiff,human neuroendocrine tumor,4,20380,1562,11.472338676452637,2.102989673614502,True,2,2
403.tiff,human neuroendocrine tumor,4,20368,2180,10.617731094360352,1.9462488889694214,False,3,2
403.tiff,human neuroendocrine tumor,4,20340,4285,8.484090805053711,1.5549250841140747,True,2,2
403.tiff,human neuroendocrine tumor,4,20352,4589,8.222719192504883,1.5069879293441772,True,2,2
403.tiff,human neuroendocrine tumor,4,20389,5747,7.336554050445557,1.3444592952728271,False,3,2
459.tiff,canine soft tissue sarcoma,0,22375,1,9.563559532165527,4.761713027954102,True,2,2
459.tiff,canine soft tissue sarcoma,0,22366,5,7.868386268615723,3.9086852073669434,True,2,2
459.tiff,canine soft tissue sarcoma,0,22442,6,7.81193733215332,3.880279541015625,True,2,2
459.tiff,canine soft tissue sarcoma,0,22311,8,7.63653564453125,3.792015790939331,True,2,2
459.tiff,canine soft tissue sarcoma,0,22400,10,7.603827953338623,3.775556802749634,True,2,2
459.tiff,canine soft tissue sarcoma,0,22380,11,7.59808349609375,3.7726662158966064,True,2,2
459.tiff,canine soft tissue sarcoma,0,22357,12,7.442298889160156,3.6942737102508545,True,2,2
459.tiff,canine soft tissue sarcoma,0,22436,15,7.273499488830566,3.609332323074341,True,2,2
459.tiff,canine soft tissue sarcoma,0,22465,17,7.171844482421875,3.558178424835205,False,3,2
459.tiff,canine soft tissue sarcoma,0,22310,18,7.081199645996094,3.5125651359558105,True,2,2
459.tiff,canine soft tissue sarcoma,0,22341,21,6.966692924499512,3.454944133758545,True,2,2
459.tiff,canine soft tissue sarcoma,0,22395,22,6.966548442840576,3.454871416091919,True,2,2
459.tiff,canine soft tissue sarcoma,0,22431,23,6.957919120788574,3.450529098510742,True,2,2
459.tiff,canine soft tissue sarcoma,0,22391,24,6.9488606452941895,3.4459707736968994,True,2,2
459.tiff,canine soft tissue sarcoma,0,22355,28,6.928488254547119,3.4357192516326904,False,3,2
459.tiff,canine soft tissue sarcoma,0,22420,32,6.834949016571045,3.3886492252349854,True,2,2
459.tiff,canine soft tissue sarcoma,0,22466,35,6.736062526702881,3.338888645172119,True,2,2
459.tiff,canine soft tissue sarcoma,0,22392,36,6.732196807861328,3.3369433879852295,True,2,2
459.tiff,canine soft tissue sarcoma,0,22328,37,6.715702056884766,3.3286430835723877,True,2,2
459.tiff,canine soft tissue sarcoma,0,22304,40,6.678591251373291,3.3099684715270996,True,2,2
459.tiff,canine soft tissue sarcoma,0,22482,45,6.5659308433532715,3.2532765865325928,True,2,2
459.tiff,canine soft tissue sarcoma,0,22323,46,6.556026935577393,3.248292922973633,True,2,2
459.tiff,canine soft tissue sarcoma,0,22305,47,6.522373199462891,3.231358051300049,True,2,2
459.tiff,canine soft tissue sarcoma,0,22440,49,6.508505344390869,3.224379539489746,True,2,2
459.tiff,canine soft tissue sarcoma,0,22364,54,6.467530250549316,3.2037606239318848,True,2,2
459.tiff,canine soft tissue sarcoma,0,22402,57,6.450494766235352,3.195188045501709,True,2,2
459.tiff,canine soft tissue sarcoma,0,22446,58,6.43909215927124,3.189450263977051,True,2,2
459.tiff,canine soft tissue sarcoma,0,22401,59,6.387272834777832,3.163374185562134,True,2,2
459.tiff,canine soft tissue sarcoma,0,22317,61,6.339093208312988,3.139129638671875,True,2,2
459.tiff,canine soft tissue sarcoma,0,22333,66,6.279484748840332,3.1091341972351074,True,2,2
459.tiff,canine soft tissue sarcoma,0,22407,69,6.256111145019531,3.09737229347229,True,2,2
459.tiff,canine soft tissue sarcoma,0,22403,70,6.2380876541137695,3.0883026123046875,True,2,2
459.tiff,canine soft tissue sarcoma,0,22356,73,6.21122407913208,3.074784755706787,True,2,2
459.tiff,canine soft tissue sarcoma,0,22424,76,6.207321643829346,3.0728209018707275,True,2,2
459.tiff,canine soft tissue sarcoma,0,22413,78,6.192419052124023,3.065321922302246,True,2,2
459.tiff,canine soft tissue sarcoma,0,22444,80,6.150432586669922,3.044193744659424,True,2,2
459.tiff,canine soft tissue sarcoma,0,22371,81,6.142192363739014,3.0400471687316895,True,2,2
459.tiff,canine soft tissue sarcoma,0,22315,82,6.133516311645508,3.0356814861297607,True,2,2
459.tiff,canine soft tissue sarcoma,0,22331,97,6.06763219833374,3.002527952194214,True,2,2
459.tiff,canine soft tissue sarcoma,0,22325,100,6.036348342895508,2.986785411834717,True,2,2
459.tiff,canine soft tissue sarcoma,0,22342,103,6.0121235847473145,2.974595308303833,True,2,2
459.tiff,canine soft tissue sarcoma,0,22474,110,5.96794319152832,2.9523632526397705,True,2,2
459.tiff,canine soft tissue sarcoma,0,22500,118,5.93556022644043,2.936067819595337,False,3,2
459.tiff,canine soft tissue sarcoma,0,22435,119,5.93414831161499,2.9353573322296143,True,2,2
459.tiff,canine soft tissue sarcoma,0,22308,122,5.900720596313477,2.9185361862182617,True,2,2
459.tiff,canine soft tissue sarcoma,0,22415,149,5.765108108520508,2.850294828414917,True,2,2
459.tiff,canine soft tissue sarcoma,0,22329,151,5.761205196380615,2.8483307361602783,False,3,2
459.tiff,canine soft tissue sarcoma,0,22320,186,5.597172260284424,2.7657878398895264,True,2,2
459.tiff,canine soft tissue sarcoma,0,22412,212,5.5244832038879395,2.7292098999023438,True,2,2
459.tiff,canine soft tissue sarcoma,0,22448,217,5.498840808868408,2.716306447982788,True,2,2
459.tiff,canine soft tissue sarcoma,0,22306,218,5.491474628448486,2.712599515914917,True,2,2
459.tiff,canine soft tissue sarcoma,0,22481,220,5.490167140960693,2.711941719055176,True,2,2
459.tiff,canine soft tissue sarcoma,0,22394,242,5.43803071975708,2.68570613861084,True,2,2
459.tiff,canine soft tissue sarcoma,0,22454,248,5.408138275146484,2.670663833618164,True,2,2
459.tiff,canine soft tissue sarcoma,0,22461,260,5.383412837982178,2.658221960067749,True,2,2
459.tiff,canine soft tissue sarcoma,0,22363,265,5.3695478439331055,2.651244878768921,True,2,2
459.tiff,canine soft tissue sarcoma,0,22382,275,5.331213474273682,2.6319546699523926,True,2,2
459.tiff,canine soft tissue sarcoma,0,22361,294,5.287823677062988,2.6101205348968506,True,2,2
459.tiff,canine soft tissue sarcoma,0,22494,314,5.249650001525879,2.5909111499786377,False,3,2
459.tiff,canine soft tissue sarcoma,0,22389,330,5.216907978057861,2.574434995651245,True,2,2
459.tiff,canine soft tissue sarcoma,0,22425,335,5.203951358795166,2.5679149627685547,True,2,2
459.tiff,canine soft tissue sarcoma,0,22434,374,5.138702869415283,2.535081386566162,True,2,2
459.tiff,canine soft tissue sarcoma,0,22344,384,5.116241455078125,2.5237786769866943,True,2,2
459.tiff,canine soft tissue sarcoma,0,22452,397,5.092899322509766,2.5120325088500977,True,2,2
459.tiff,canine soft tissue sarcoma,0,22423,440,5.014782905578613,2.4727237224578857,True,2,2
459.tiff,canine soft tissue sarcoma,0,22350,456,4.9911346435546875,2.4608235359191895,True,2,2
459.tiff,canine soft tissue sarcoma,0,22473,477,4.962764739990234,2.446547508239746,True,2,2
459.tiff,canine soft tissue sarcoma,0,22358,528,4.901501655578613,2.4157192707061768,True,2,2
459.tiff,canine soft tissue sarcoma,0,22430,529,4.901369571685791,2.4156529903411865,True,2,2
459.tiff,canine soft tissue sarcoma,0,22399,531,4.899797439575195,2.4148616790771484,True,2,2
459.tiff,canine soft tissue sarcoma,0,22433,543,4.884596824645996,2.407212734222412,True,2,2
459.tiff,canine soft tissue sarcoma,0,22493,580,4.847005367279053,2.388296365737915,False,3,2
459.tiff,canine soft tissue sarcoma,0,22386,588,4.836720943450928,2.3831210136413574,True,2,2
459.tiff,canine soft tissue sarcoma,0,22469,599,4.829595565795898,2.379535436630249,True,2,2
459.tiff,canine soft tissue sarcoma,0,22445,605,4.824438571929932,2.3769404888153076,True,2,2
459.tiff,canine soft tissue sarcoma,0,22332,692,4.7485246658325195,2.3387398719787598,True,2,2
459.tiff,canine soft tissue sarcoma,0,22463,693,4.748439311981201,2.3386969566345215,True,2,2
459.tiff,canine soft tissue sarcoma,0,22439,736,4.71894645690918,2.3238558769226074,True,2,2
459.tiff,canine soft tissue sarcoma,0,22343,780,4.683469772338867,2.3060035705566406,True,2,2
459.tiff,canine soft tissue sarcoma,0,22321,788,4.679024696350098,2.3037667274475098,True,2,2
459.tiff,canine soft tissue sarcoma,0,22351,821,4.655553340911865,2.2919557094573975,True,2,2
459.tiff,canine soft tissue sarcoma,0,22449,846,4.639260768890381,2.283757209777832,True,2,2
459.tiff,canine soft tissue sarcoma,0,22457,875,4.617219924926758,2.2726659774780273,False,3,2
459.tiff,canine soft tissue sarcoma,0,22485,962,4.550445556640625,2.2390644550323486,True,2,2
459.tiff,canine soft tissue sarcoma,0,22309,965,4.548810958862305,2.2382419109344482,True,2,2
459.tiff,canine soft tissue sarcoma,0,22443,983,4.538242816925049,2.232923984527588,True,2,2
459.tiff,canine soft tissue sarcoma,0,22404,985,4.5378265380859375,2.2327144145965576,True,2,2
459.tiff,canine soft tissue sarcoma,0,22453,1008,4.520454406738281,2.2239725589752197,True,2,2
459.tiff,canine soft tissue sarcoma,0,22362,1036,4.505101680755615,2.2162468433380127,True,2,2
459.tiff,canine soft tissue sarcoma,0,22408,1117,4.461809158325195,2.1944618225097656,True,2,2
459.tiff,canine soft tissue sarcoma,0,22437,1137,4.447840690612793,2.1874327659606934,True,2,2
459.tiff,canine soft tissue sarcoma,0,22384,1148,4.442389488220215,2.184689521789551,True,2,2
459.tiff,canine soft tissue sarcoma,0,22487,1158,4.432663440704346,2.179795265197754,True,2,2
459.tiff,canine soft tissue sarcoma,0,22489,1213,4.406222820281982,2.166490077972412,True,2,2
459.tiff,canine soft tissue sarcoma,0,22488,1233,4.396403789520264,2.1615490913391113,True,2,2
459.tiff,canine soft tissue sarcoma,0,22464,1295,4.362388610839844,2.144432306289673,True,2,2
459.tiff,canine soft tissue sarcoma,0,22455,1325,4.344785213470459,2.1355741024017334,False,3,2
459.tiff,canine soft tissue sarcoma,0,22462,1465,4.272622108459473,2.0992608070373535,True,2,2
459.tiff,canine soft tissue sarcoma,0,22385,1588,4.21151876449585,2.0685131549835205,True,2,2
459.tiff,canine soft tissue sarcoma,0,22411,1620,4.196020603179932,2.0607142448425293,True,2,2
459.tiff,canine soft tissue sarcoma,0,22421,1634,4.189399719238281,2.057382583618164,True,2,2
459.tiff,canine soft tissue sarcoma,0,22409,1933,4.076449394226074,2.000544786453247,True,2,2
459.tiff,canine soft tissue sarcoma,0,22316,2000,4.053556442260742,1.9890249967575073,True,2,2
459.tiff,canine soft tissue sarcoma,0,22459,2519,3.8867123126983643,1.9050672054290771,True,2,2
459.tiff,canine soft tissue sarcoma,0,22346,2630,3.8535685539245605,1.888388991355896,True,2,2
459.tiff,canine soft tissue sarcoma,0,22397,3153,3.7082483768463135,1.8152624368667603,True,2,2
459.tiff,canine soft tissue sarcoma,0,22484,3305,3.6689743995666504,1.795499324798584,True,2,2
459.tiff,canine soft tissue sarcoma,0,22410,3316,3.666633129119873,1.7943211793899536,True,2,2
459.tiff,canine soft tissue sarcoma,0,22354,3585,3.6041886806488037,1.762898564338684,True,2,2
459.tiff,canine soft tissue sarcoma,0,22470,3848,3.5538461208343506,1.7375656366348267,True,2,2
459.tiff,canine soft tissue sarcoma,0,22480,4105,3.5030171871185303,1.711988091468811,True,2,2
459.tiff,canine soft tissue sarcoma,0,22438,4231,3.4776577949523926,1.699226975440979,True,2,2
459.tiff,canine soft tissue sarcoma,0,22479,4263,3.471836805343628,1.6962977647781372,True,2,2
459.tiff,canine soft tissue sarcoma,0,22458,4386,3.4503538608551025,1.6854873895645142,True,2,2
459.tiff,canine soft tissue sarcoma,0,22330,4459,3.439518928527832,1.68003511428833,True,2,2
459.tiff,canine soft tissue sarcoma,0,22414,4754,3.375943899154663,1.6480435132980347,True,2,2
459.tiff,canine soft tissue sarcoma,0,22390,4975,3.338408946990967,1.6291555166244507,True,2,2
459.tiff,canine soft tissue sarcoma,0,22353,5063,3.3221182823181152,1.6209579706192017,False,3,2
459.tiff,canine soft tissue sarcoma,0,22417,5288,3.2839927673339844,1.6017727851867676,True,2,2
459.tiff,canine soft tissue sarcoma,0,22490,6140,3.148879051208496,1.5337822437286377,True,2,2
459.tiff,canine soft tissue sarcoma,0,22365,6952,3.028994083404541,1.4734549522399902,True,2,2
459.tiff,canine soft tissue sarcoma,0,22406,7819,2.908846139907837,1.4129952192306519,True,2,2
459.tiff,canine soft tissue sarcoma,0,22432,8613,2.8056769371032715,1.361079454421997,True,2,2
459.tiff,canine soft tissue sarcoma,0,22447,8853,2.776002883911133,1.3461471796035767,True,2,2
459.tiff,canine soft tissue sarcoma,0,22339,9667,2.672104597091675,1.2938646078109741,True,2,2
459.tiff,canine soft tissue sarcoma,0,22381,10463,2.5696353912353516,1.242301106452942,True,2,2
459.tiff,canine soft tissue sarcoma,0,22475,10611,2.5526797771453857,1.2337688207626343,True,2,2
459.tiff,canine soft tissue sarcoma,0,22340,11078,2.493989944458008,1.204235553741455,True,2,2
459.tiff,canine soft tissue sarcoma,0,22326,14085,2.098184108734131,1.0050621032714844,True,2,2
459.tiff,canine soft tissue sarcoma,0,22327,15466,1.8907809257507324,0.9006947875022888,True,2,2
459.tiff,canine soft tissue sarcoma,1,22375,1,6.804442405700684,5.142244338989258,True,2,2
459.tiff,canine soft tissue sarcoma,1,22311,2,6.514766693115234,4.919445514678955,True,2,2
459.tiff,canine soft tissue sarcoma,1,22442,3,6.4957966804504395,4.904855251312256,True,2,2
459.tiff,canine soft tissue sarcoma,1,22366,4,6.427819728851318,4.852571964263916,True,2,2
459.tiff,canine soft tissue sarcoma,1,22331,6,6.290571689605713,4.747010231018066,True,2,2
459.tiff,canine soft tissue sarcoma,1,22441,7,6.264853000640869,4.727229118347168,True,2,2
459.tiff,canine soft tissue sarcoma,1,22364,8,6.224854946136475,4.696465492248535,True,2,2
459.tiff,canine soft tissue sarcoma,1,22328,9,6.203878879547119,4.680332183837891,True,2,2
459.tiff,canine soft tissue sarcoma,1,22371,10,6.0993146896362305,4.599908351898193,True,2,2
459.tiff,canine soft tissue sarcoma,1,22380,12,6.024159908294678,4.542104721069336,True,2,2
459.tiff,canine soft tissue sarcoma,1,22341,13,5.996560096740723,4.520876884460449,True,2,2
459.tiff,canine soft tissue sarcoma,1,22391,15,5.942391872406006,4.479214191436768,True,2,2
459.tiff,canine soft tissue sarcoma,1,22305,16,5.894868850708008,4.442662715911865,True,2,2
459.tiff,canine soft tissue sarcoma,1,22466,17,5.888047695159912,4.4374165534973145,True,2,2
459.tiff,canine soft tissue sarcoma,1,22355,18,5.8818678855896,4.432663440704346,False,3,2
459.tiff,canine soft tissue sarcoma,1,22436,20,5.86144495010376,4.416955471038818,True,2,2
459.tiff,canine soft tissue sarcoma,1,22401,22,5.80772590637207,4.375638484954834,True,2,2
459.tiff,canine soft tissue sarcoma,1,22481,25,5.722054481506348,4.309745788574219,True,2,2
459.tiff,canine soft tissue sarcoma,1,22399,28,5.6662774085998535,4.266846179962158,True,2,2
459.tiff,canine soft tissue sarcoma,1,22351,30,5.649349212646484,4.253826141357422,True,2,2
459.tiff,canine soft tissue sarcoma,1,22395,32,5.62034273147583,4.231516361236572,True,2,2
459.tiff,canine soft tissue sarcoma,1,22320,36,5.542142391204834,4.171370029449463,True,2,2
459.tiff,canine soft tissue sarcoma,1,22350,37,5.531759262084961,4.163383960723877,True,2,2
459.tiff,canine soft tissue sarcoma,1,22446,38,5.481049060821533,4.124381065368652,True,2,2
459.tiff,canine soft tissue sarcoma,1,22308,39,5.4787750244140625,4.122632026672363,True,2,2
459.tiff,canine soft tissue sarcoma,1,22431,40,5.457129955291748,4.105984210968018,True,2,2
459.tiff,canine soft tissue sarcoma,1,22440,42,5.444288730621338,4.096107482910156,True,2,2
459.tiff,canine soft tissue sarcoma,1,22420,46,5.382194995880127,4.048349380493164,True,2,2
459.tiff,canine soft tissue sarcoma,1,22402,47,5.380774021148682,4.0472564697265625,True,2,2
459.tiff,canine soft tissue sarcoma,1,22453,48,5.374978065490723,4.0427985191345215,True,2,2
459.tiff,canine soft tissue sarcoma,1,22424,49,5.319206237792969,3.9999029636383057,True,2,2
459.tiff,canine soft tissue sarcoma,1,22310,50,5.314655303955078,3.9964029788970947,True,2,2
459.tiff,canine soft tissue sarcoma,1,22465,51,5.284790992736816,3.973433017730713,False,3,2
459.tiff,canine soft tissue sarcoma,1,22317,52,5.28024959564209,3.969940423965454,True,2,2
459.tiff,canine soft tissue sarcoma,1,22403,53,5.263450622558594,3.957019567489624,True,2,2
459.tiff,canine soft tissue sarcoma,1,22357,56,5.220288276672363,3.9238221645355225,True,2,2
459.tiff,canine soft tissue sarcoma,1,22304,58,5.205729007720947,3.9126241207122803,True,2,2
459.tiff,canine soft tissue sarcoma,1,22444,59,5.205382347106934,3.9123573303222656,True,2,2
459.tiff,canine soft tissue sarcoma,1,22363,60,5.202728748321533,3.9103164672851562,True,2,2
459.tiff,canine soft tissue sarcoma,1,22392,63,5.18792200088501,3.89892840385437,True,2,2
459.tiff,canine soft tissue sarcoma,1,22400,64,5.176925182342529,3.890470266342163,True,2,2
459.tiff,canine soft tissue sarcoma,1,22342,65,5.14737606048584,3.8677430152893066,True,2,2
459.tiff,canine soft tissue sarcoma,1,22325,67,5.138720989227295,3.861086130142212,True,2,2
459.tiff,canine soft tissue sarcoma,1,22435,68,5.135365962982178,3.858505964279175,True,2,2
459.tiff,canine soft tissue sarcoma,1,22333,70,5.114066123962402,3.84212327003479,True,2,2
459.tiff,canine soft tissue sarcoma,1,22358,73,5.065672874450684,3.8049025535583496,True,2,2
459.tiff,canine soft tissue sarcoma,1,22389,80,5.0322771072387695,3.779216766357422,True,2,2
459.tiff,canine soft tissue sarcoma,1,22306,87,4.985681056976318,3.7433784008026123,True,2,2
459.tiff,canine soft tissue sarcoma,1,22361,89,4.950741291046143,3.716505289077759,True,2,2
459.tiff,canine soft tissue sarcoma,1,22433,95,4.915881156921387,3.6896932125091553,True,2,2
459.tiff,canine soft tissue sarcoma,1,22394,96,4.909013748168945,3.6844112873077393,True,2,2
459.tiff,canine soft tissue sarcoma,1,22500,98,4.903520107269287,3.6801857948303223,False,3,2
459.tiff,canine soft tissue sarcoma,1,22413,99,4.898472309112549,3.6763033866882324,True,2,2
459.tiff,canine soft tissue sarcoma,1,22443,105,4.886185169219971,3.666853189468384,True,2,2
459.tiff,canine soft tissue sarcoma,1,22474,106,4.883012294769287,3.6644127368927,True,2,2
459.tiff,canine soft tissue sarcoma,1,22473,107,4.871131420135498,3.6552748680114746,True,2,2
459.tiff,canine soft tissue sarcoma,1,22386,112,4.817181587219238,3.6137802600860596,True,2,2
459.tiff,canine soft tissue sarcoma,1,22461,113,4.816096782684326,3.612945795059204,True,2,2
459.tiff,canine soft tissue sarcoma,1,22343,114,4.806933403015137,3.605897903442383,True,2,2
459.tiff,canine soft tissue sarcoma,1,22409,116,4.8005170822143555,3.6009631156921387,True,2,2
459.tiff,canine soft tissue sarcoma,1,22482,119,4.7902398109436035,3.5930585861206055,True,2,2
459.tiff,canine soft tissue sarcoma,1,22344,120,4.772906303405762,3.5797266960144043,True,2,2
459.tiff,canine soft tissue sarcoma,1,22407,121,4.769540786743164,3.5771381855010986,True,2,2
459.tiff,canine soft tissue sarcoma,1,22315,122,4.763657093048096,3.572613000869751,True,2,2
459.tiff,canine soft tissue sarcoma,1,22415,128,4.71967077255249,3.5387816429138184,True,2,2
459.tiff,canine soft tissue sarcoma,1,22382,133,4.702175617218018,3.5253255367279053,True,2,2
459.tiff,canine soft tissue sarcoma,1,22362,151,4.642367362976074,3.479325294494629,True,2,2
459.tiff,canine soft tissue sarcoma,1,22494,154,4.633288860321045,3.4723424911499023,False,3,2
459.tiff,canine soft tissue sarcoma,1,22332,163,4.592447757720947,3.4409306049346924,True,2,2
459.tiff,canine soft tissue sarcoma,1,22485,173,4.5525031089782715,3.410207748413086,True,2,2
459.tiff,canine soft tissue sarcoma,1,22356,174,4.550267696380615,3.4084885120391846,True,2,2
459.tiff,canine soft tissue sarcoma,1,22487,181,4.532726764678955,3.3949971199035645,True,2,2
459.tiff,canine soft tissue sarcoma,1,22463,198,4.4981865882873535,3.368431329727173,True,2,2
459.tiff,canine soft tissue sarcoma,1,22448,200,4.497291088104248,3.3677425384521484,True,2,2
459.tiff,canine soft tissue sarcoma,1,22385,206,4.477795600891113,3.352747917175293,True,2,2
459.tiff,canine soft tissue sarcoma,1,22329,247,4.38417387008667,3.28074049949646,False,3,2
459.tiff,canine soft tissue sarcoma,1,22309,249,4.382974147796631,3.279817819595337,True,2,2
459.tiff,canine soft tissue sarcoma,1,22439,256,4.371794700622559,3.271219253540039,True,2,2
459.tiff,canine soft tissue sarcoma,1,22412,260,4.360561847686768,3.2625796794891357,True,2,2
459.tiff,canine soft tissue sarcoma,1,22454,266,4.344966888427734,3.2505853176116943,True,2,2
459.tiff,canine soft tissue sarcoma,1,22462,276,4.333950042724609,3.2421116828918457,True,2,2
459.tiff,canine soft tissue sarcoma,1,22423,305,4.276597023010254,3.197999954223633,True,2,2
459.tiff,canine soft tissue sarcoma,1,22455,340,4.232452392578125,3.1640470027923584,False,3,2
459.tiff,canine soft tissue sarcoma,1,22449,357,4.214213848114014,3.1500189304351807,True,2,2
459.tiff,canine soft tissue sarcoma,1,22411,375,4.188424587249756,3.130183696746826,True,2,2
459.tiff,canine soft tissue sarcoma,1,22452,385,4.162252426147461,3.110053777694702,True,2,2
459.tiff,canine soft tissue sarcoma,1,22464,392,4.157425880432129,3.106341600418091,True,2,2
459.tiff,canine soft tissue sarcoma,1,22434,412,4.139917850494385,3.0928757190704346,True,2,2
459.tiff,canine soft tissue sarcoma,1,22480,432,4.105504512786865,3.0664074420928955,True,2,2
459.tiff,canine soft tissue sarcoma,1,22489,464,4.0784430503845215,3.045593500137329,True,2,2
459.tiff,canine soft tissue sarcoma,1,22404,480,4.056624412536621,3.0288121700286865,True,2,2
459.tiff,canine soft tissue sarcoma,1,22469,500,4.040073394775391,3.0160820484161377,True,2,2
459.tiff,canine soft tissue sarcoma,1,22323,508,4.030152320861816,3.008451461791992,True,2,2
459.tiff,canine soft tissue sarcoma,1,22425,576,3.9794180393218994,2.9694302082061768,True,2,2
459.tiff,canine soft tissue sarcoma,1,22421,590,3.970602035522461,2.9626495838165283,True,2,2
459.tiff,canine soft tissue sarcoma,1,22321,605,3.951688051223755,2.9481022357940674,True,2,2
459.tiff,canine soft tissue sarcoma,1,22430,610,3.9487810134887695,2.945866346359253,True,2,2
459.tiff,canine soft tissue sarcoma,1,22457,622,3.941612958908081,2.9403531551361084,False,3,2
459.tiff,canine soft tissue sarcoma,1,22384,653,3.9178972244262695,2.9221127033233643,True,2,2
459.tiff,canine soft tissue sarcoma,1,22408,683,3.9007060527801514,2.90889048576355,True,2,2
459.tiff,canine soft tissue sarcoma,1,22437,796,3.807387590408325,2.837116241455078,True,2,2
459.tiff,canine soft tissue sarcoma,1,22346,908,3.7429990768432617,2.787593126296997,True,2,2
459.tiff,canine soft tissue sarcoma,1,22470,942,3.7270188331604004,2.7753021717071533,True,2,2
459.tiff,canine soft tissue sarcoma,1,22488,964,3.720825433731079,2.770538568496704,True,2,2
459.tiff,canine soft tissue sarcoma,1,22316,1000,3.7041923999786377,2.7577457427978516,True,2,2
459.tiff,canine soft tissue sarcoma,1,22330,1207,3.6114892959594727,2.6864447593688965,True,2,2
459.tiff,canine soft tissue sarcoma,1,22493,1392,3.5322134494781494,2.625471353530884,False,3,2
459.tiff,canine soft tissue sarcoma,1,22484,1489,3.501283645629883,2.601682186126709,True,2,2
459.tiff,canine soft tissue sarcoma,1,22390,2337,3.269699811935425,2.4235639572143555,True,2,2
459.tiff,canine soft tissue sarcoma,1,22458,2356,3.2649810314178467,2.4199345111846924,True,2,2
459.tiff,canine soft tissue sarcoma,1,22490,2575,3.2088623046875,2.376771926879883,True,2,2
459.tiff,canine soft tissue sarcoma,1,22479,2662,3.1910624504089355,2.363081455230713,True,2,2
459.tiff,canine soft tissue sarcoma,1,22414,2693,3.1830313205718994,2.3569045066833496,True,2,2
459.tiff,canine soft tissue sarcoma,1,22459,2972,3.124751567840576,2.312079668045044,True,2,2
459.tiff,canine soft tissue sarcoma,1,22410,3283,3.064409017562866,2.2656683921813965,True,2,2
459.tiff,canine soft tissue sarcoma,1,22397,3327,3.0563251972198486,2.259450912475586,True,2,2
459.tiff,canine soft tissue sarcoma,1,22353,3474,3.031505823135376,2.240361452102661,False,3,2
459.tiff,canine soft tissue sarcoma,1,22432,3549,3.0168614387512207,2.229098081588745,True,2,2
459.tiff,canine soft tissue sarcoma,1,22354,3821,2.9728853702545166,2.195274591445923,True,2,2
459.tiff,canine soft tissue sarcoma,1,22339,3943,2.9538540840148926,2.1806371212005615,True,2,2
459.tiff,canine soft tissue sarcoma,1,22447,4113,2.9238996505737305,2.1575982570648193,True,2,2
459.tiff,canine soft tissue sarcoma,1,22365,4242,2.90108585357666,2.1400513648986816,True,2,2
459.tiff,canine soft tissue sarcoma,1,22475,4984,2.7814102172851562,2.0480051040649414,True,2,2
459.tiff,canine soft tissue sarcoma,1,22406,6921,2.527003049850464,1.852332592010498,True,2,2
459.tiff,canine soft tissue sarcoma,1,22417,7516,2.4515504837036133,1.7942997217178345,True,2,2
459.tiff,canine soft tissue sarcoma,1,22381,8079,2.382310390472412,1.7410448789596558,True,2,2
459.tiff,canine soft tissue sarcoma,1,22438,8128,2.3763909339904785,1.7364921569824219,True,2,2
459.tiff,canine soft tissue sarcoma,1,22326,10690,2.066668748855591,1.4982750415802002,True,2,2
459.tiff,canine soft tissue sarcoma,1,22340,10949,2.032684087753296,1.4721364974975586,True,2,2
459.tiff,canine soft tissue sarcoma,1,22327,14066,1.6142152547836304,1.1502790451049805,True,2,2
459.tiff,canine soft tissue sarcoma,2,22310,1,6.940915107727051,5.360565662384033,True,2,2
459.tiff,canine soft tissue sarcoma,2,22442,2,6.928037166595459,5.350433349609375,True,2,2
459.tiff,canine soft tissue sarcoma,2,22364,3,6.695331573486328,5.167339324951172,True,2,2
459.tiff,canine soft tissue sarcoma,2,22311,5,6.519116401672363,5.028692245483398,True,2,2
459.tiff,canine soft tissue sarcoma,2,22375,7,6.403446197509766,4.937682151794434,True,2,2
459.tiff,canine soft tissue sarcoma,2,22358,9,6.38942289352417,4.9266486167907715,True,2,2
459.tiff,canine soft tissue sarcoma,2,22355,10,6.3891682624816895,4.926448345184326,False,3,2
459.tiff,canine soft tissue sarcoma,2,22391,12,6.1989240646362305,4.776762962341309,True,2,2
459.tiff,canine soft tissue sarcoma,2,22436,13,6.1551690101623535,4.742336273193359,True,2,2
459.tiff,canine soft tissue sarcoma,2,22440,15,6.073747158050537,4.6782732009887695,True,2,2
459.tiff,canine soft tissue sarcoma,2,22380,17,5.9716668128967285,4.597955703735352,True,2,2
459.tiff,canine soft tissue sarcoma,2,22351,18,5.95807409286499,4.587261199951172,True,2,2
459.tiff,canine soft tissue sarcoma,2,22325,27,5.791975975036621,4.456573963165283,True,2,2
459.tiff,canine soft tissue sarcoma,2,22441,32,5.7399115562438965,4.415609359741211,True,2,2
459.tiff,canine soft tissue sarcoma,2,22446,33,5.737825870513916,4.413968563079834,True,2,2
459.tiff,canine soft tissue sarcoma,2,22431,37,5.694578170776367,4.379940986633301,True,2,2
459.tiff,canine soft tissue sarcoma,2,22415,38,5.650656700134277,4.345383167266846,True,2,2
459.tiff,canine soft tissue sarcoma,2,22305,39,5.650267601013184,4.345077037811279,True,2,2
459.tiff,canine soft tissue sarcoma,2,22357,42,5.644104957580566,4.34022855758667,True,2,2
459.tiff,canine soft tissue sarcoma,2,22371,45,5.5992021560668945,4.304898738861084,True,2,2
459.tiff,canine soft tissue sarcoma,2,22500,46,5.580405235290527,4.290109157562256,False,3,2
459.tiff,canine soft tissue sarcoma,2,22304,47,5.573616981506348,4.284768104553223,True,2,2
459.tiff,canine soft tissue sarcoma,2,22341,52,5.522455215454102,4.244513511657715,True,2,2
459.tiff,canine soft tissue sarcoma,2,22315,57,5.487765789031982,4.217219829559326,True,2,2
459.tiff,canine soft tissue sarcoma,2,22331,59,5.463067054748535,4.197786808013916,True,2,2
459.tiff,canine soft tissue sarcoma,2,22424,61,5.444451808929443,4.183140277862549,True,2,2
459.tiff,canine soft tissue sarcoma,2,22317,64,5.426847457885742,4.1692891120910645,True,2,2
459.tiff,canine soft tissue sarcoma,2,22328,65,5.4265642166137695,4.169065952301025,True,2,2
459.tiff,canine soft tissue sarcoma,2,22423,70,5.374988555908203,4.128486156463623,True,2,2
459.tiff,canine soft tissue sarcoma,2,22392,71,5.373997688293457,4.127706527709961,True,2,2
459.tiff,canine soft tissue sarcoma,2,22403,83,5.275430679321289,4.0501532554626465,True,2,2
459.tiff,canine soft tissue sarcoma,2,22474,84,5.260951042175293,4.038760662078857,True,2,2
459.tiff,canine soft tissue sarcoma,2,22411,87,5.237745761871338,4.02050256729126,True,2,2
459.tiff,canine soft tissue sarcoma,2,22320,89,5.2322540283203125,4.016181945800781,True,2,2
459.tiff,canine soft tissue sarcoma,2,22408,93,5.1979570388793945,3.98919677734375,True,2,2
459.tiff,canine soft tissue sarcoma,2,22481,98,5.182014465332031,3.9766533374786377,True,2,2
459.tiff,canine soft tissue sarcoma,2,22454,100,5.174495220184326,3.9707372188568115,True,2,2
459.tiff,canine soft tissue sarcoma,2,22350,101,5.1675920486450195,3.9653055667877197,True,2,2
459.tiff,canine soft tissue sarcoma,2,22407,113,5.112797260284424,3.9221928119659424,True,2,2
459.tiff,canine soft tissue sarcoma,2,22443,115,5.092745780944824,3.906416177749634,True,2,2
459.tiff,canine soft tissue sarcoma,2,22400,116,5.084691047668457,3.900078535079956,True,2,2
459.tiff,canine soft tissue sarcoma,2,22413,123,5.065606117248535,3.8850626945495605,True,2,2
459.tiff,canine soft tissue sarcoma,2,22395,127,5.044856548309326,3.868736743927002,True,2,2
459.tiff,canine soft tissue sarcoma,2,22466,130,5.037778854370117,3.8631677627563477,True,2,2
459.tiff,canine soft tissue sarcoma,2,22342,132,5.020805358886719,3.849813222885132,True,2,2
459.tiff,canine soft tissue sarcoma,2,22465,137,5.007428169250488,3.839287757873535,False,3,2
459.tiff,canine soft tissue sarcoma,2,22489,142,4.980624675750732,3.8181986808776855,True,2,2
459.tiff,canine soft tissue sarcoma,2,22366,147,4.95286750793457,3.7963593006134033,True,2,2
459.tiff,canine soft tissue sarcoma,2,22363,153,4.942773342132568,3.788416862487793,True,2,2
459.tiff,canine soft tissue sarcoma,2,22412,169,4.884061336517334,3.7422220706939697,True,2,2
459.tiff,canine soft tissue sarcoma,2,22404,173,4.870088577270508,3.7312283515930176,True,2,2
459.tiff,canine soft tissue sarcoma,2,22399,177,4.863011837005615,3.7256603240966797,True,2,2
459.tiff,canine soft tissue sarcoma,2,22401,178,4.858486175537109,3.7220993041992188,True,2,2
459.tiff,canine soft tissue sarcoma,2,22356,223,4.749250411987305,3.6361522674560547,True,2,2
459.tiff,canine soft tissue sarcoma,2,22473,255,4.6680908203125,3.5722951889038086,True,2,2
459.tiff,canine soft tissue sarcoma,2,22485,259,4.6621294021606445,3.5676050186157227,True,2,2
459.tiff,canine soft tissue sarcoma,2,22420,281,4.627465724945068,3.5403311252593994,True,2,2
459.tiff,canine soft tissue sarcoma,2,22444,286,4.614458084106445,3.5300967693328857,True,2,2
459.tiff,canine soft tissue sarcoma,2,22394,293,4.605771064758301,3.523261785507202,True,2,2
459.tiff,canine soft tissue sarcoma,2,22308,322,4.543565273284912,3.474317789077759,True,2,2
459.tiff,canine soft tissue sarcoma,2,22402,393,4.465531349182129,3.4129204750061035,True,2,2
459.tiff,canine soft tissue sarcoma,2,22333,411,4.444409370422363,3.396301507949829,True,2,2
459.tiff,canine soft tissue sarcoma,2,22382,417,4.4410080909729,3.393625497817993,True,2,2
459.tiff,canine soft tissue sarcoma,2,22386,421,4.434831142425537,3.388765335083008,True,2,2
459.tiff,canine soft tissue sarcoma,2,22385,423,4.432458400726318,3.3868985176086426,True,2,2
459.tiff,canine soft tissue sarcoma,2,22449,431,4.422449588775635,3.379023313522339,True,2,2
459.tiff,canine soft tissue sarcoma,2,22484,438,4.41586971282959,3.3738462924957275,True,2,2
459.tiff,canine soft tissue sarcoma,2,22464,441,4.412570476531982,3.371250629425049,True,2,2
459.tiff,canine soft tissue sarcoma,2,22448,475,4.365433692932129,3.334162950515747,True,2,2
459.tiff,canine soft tissue sarcoma,2,22487,486,4.352768421173096,3.324198007583618,True,2,2
459.tiff,canine soft tissue sarcoma,2,22453,490,4.348323822021484,3.3207008838653564,True,2,2
459.tiff,canine soft tissue sarcoma,2,22480,500,4.338674545288086,3.3131086826324463,True,2,2
459.tiff,canine soft tissue sarcoma,2,22494,503,4.335128307342529,3.3103184700012207,False,3,2
459.tiff,canine soft tissue sarcoma,2,22433,547,4.290505409240723,3.2752089500427246,True,2,2
459.tiff,canine soft tissue sarcoma,2,22321,580,4.260853290557861,3.2518787384033203,True,2,2
459.tiff,canine soft tissue sarcoma,2,22384,581,4.260298728942871,3.2514421939849854,True,2,2
459.tiff,canine soft tissue sarcoma,2,22329,616,4.21978759765625,3.2195677757263184,False,3,2
459.tiff,canine soft tissue sarcoma,2,22430,662,4.175161361694336,3.184455633163452,True,2,2
459.tiff,canine soft tissue sarcoma,2,22361,667,4.170528888702393,3.1808109283447266,True,2,2
459.tiff,canine soft tissue sarcoma,2,22425,691,4.14742374420166,3.1626317501068115,True,2,2
459.tiff,canine soft tissue sarcoma,2,22493,714,4.129382133483887,3.1484363079071045,False,3,2
459.tiff,canine soft tissue sarcoma,2,22344,723,4.125749588012695,3.145578145980835,True,2,2
459.tiff,canine soft tissue sarcoma,2,22461,787,4.086038112640381,3.114333152770996,True,2,2
459.tiff,canine soft tissue sarcoma,2,22365,877,4.025495529174805,3.066697835922241,True,2,2
459.tiff,canine soft tissue sarcoma,2,22435,926,4.001744270324707,3.0480101108551025,True,2,2
459.tiff,canine soft tissue sarcoma,2,22362,980,3.9734935760498047,3.025782346725464,True,2,2
459.tiff,canine soft tissue sarcoma,2,22409,1025,3.9489660263061523,3.006484031677246,True,2,2
459.tiff,canine soft tissue sarcoma,2,22309,1042,3.940826177597046,3.000079393386841,True,2,2
459.tiff,canine soft tissue sarcoma,2,22439,1068,3.9276256561279297,2.9896931648254395,True,2,2
459.tiff,canine soft tissue sarcoma,2,22470,1156,3.888803720474243,2.9591479301452637,True,2,2
459.tiff,canine soft tissue sarcoma,2,22343,1255,3.84778094291687,2.9268710613250732,True,2,2
459.tiff,canine soft tissue sarcoma,2,22463,1276,3.839505195617676,2.9203596115112305,True,2,2
459.tiff,canine soft tissue sarcoma,2,22389,1382,3.7862091064453125,2.8784258365631104,True,2,2
459.tiff,canine soft tissue sarcoma,2,22421,1494,3.73856520652771,2.840939521789551,True,2,2
459.tiff,canine soft tissue sarcoma,2,22434,1581,3.7062363624572754,2.815502882003784,True,2,2
459.tiff,canine soft tissue sarcoma,2,22455,1656,3.677981376647949,2.793271780014038,False,3,2
459.tiff,canine soft tissue sarcoma,2,22332,1670,3.674748182296753,2.7907278537750244,True,2,2
459.tiff,canine soft tissue sarcoma,2,22445,1821,3.6243958473205566,2.751110315322876,True,2,2
459.tiff,canine soft tissue sarcoma,2,22437,1880,3.6061174869537354,2.7367289066314697,True,2,2
459.tiff,canine soft tissue sarcoma,2,22353,2391,3.45896577835083,2.6209490299224854,False,3,2
459.tiff,canine soft tissue sarcoma,2,22469,2437,3.447713613510132,2.612095832824707,True,2,2
459.tiff,canine soft tissue sarcoma,2,22462,2568,3.4150800704956055,2.5864195823669434,True,2,2
459.tiff,canine soft tissue sarcoma,2,22482,2735,3.3780529499053955,2.557286500930786,True,2,2
459.tiff,canine soft tissue sarcoma,2,22354,3172,3.2863609790802,2.485142707824707,True,2,2
459.tiff,canine soft tissue sarcoma,2,22397,3242,3.2717878818511963,2.4736764430999756,True,2,2
459.tiff,canine soft tissue sarcoma,2,22458,3251,3.269428014755249,2.4718196392059326,True,2,2
459.tiff,canine soft tissue sarcoma,2,22457,3468,3.223686695098877,2.4358301162719727,False,3,2
459.tiff,canine soft tissue sarcoma,2,22414,3715,3.178819179534912,2.4005281925201416,True,2,2
459.tiff,canine soft tissue sarcoma,2,22390,3788,3.1661198139190674,2.390536308288574,True,2,2
459.tiff,canine soft tissue sarcoma,2,22488,4160,3.0965025424957275,2.335761070251465,True,2,2
459.tiff,canine soft tissue sarcoma,2,22490,4589,3.0272884368896484,2.2813029289245605,True,2,2
459.tiff,canine soft tissue sarcoma,2,22339,4701,3.007655620574951,2.2658557891845703,True,2,2
459.tiff,canine soft tissue sarcoma,2,22323,4800,2.9894824028015137,2.251556873321533,True,2,2
459.tiff,canine soft tissue sarcoma,2,22447,4912,2.9729340076446533,2.2385365962982178,True,2,2
459.tiff,canine soft tissue sarcoma,2,22475,5062,2.95229434967041,2.222297191619873,True,2,2
459.tiff,canine soft tissue sarcoma,2,22346,5230,2.927253246307373,2.202594757080078,True,2,2
459.tiff,canine soft tissue sarcoma,2,22432,5675,2.8613486289978027,2.150740623474121,True,2,2
459.tiff,canine soft tissue sarcoma,2,22410,5781,2.8458876609802246,2.138575792312622,True,2,2
459.tiff,canine soft tissue sarcoma,2,22316,5912,2.8276984691619873,2.1242644786834717,True,2,2
459.tiff,canine soft tissue sarcoma,2,22479,6191,2.786314010620117,2.091702938079834,True,2,2
459.tiff,canine soft tissue sarcoma,2,22381,6301,2.7699203491210938,2.0788042545318604,True,2,2
459.tiff,canine soft tissue sarcoma,2,22330,7781,2.576493978500366,1.9266154766082764,True,2,2
459.tiff,canine soft tissue sarcoma,2,22438,8018,2.545724391937256,1.9024056196212769,True,2,2
459.tiff,canine soft tissue sarcoma,2,22459,8189,2.5236363410949707,1.8850266933441162,True,2,2
459.tiff,canine soft tissue sarcoma,2,22452,8352,2.501331329345703,1.8674770593643188,True,2,2
459.tiff,canine soft tissue sarcoma,2,22417,8555,2.480416774749756,1.8510212898254395,True,2,2
459.tiff,canine soft tissue sarcoma,2,22340,9184,2.4099600315093994,1.7955855131149292,True,2,2
459.tiff,canine soft tissue sarcoma,2,22406,12218,2.0678563117980957,1.526416540145874,True,2,2
459.tiff,canine soft tissue sarcoma,2,22326,13750,1.8856664896011353,1.383068561553955,True,2,2
459.tiff,canine soft tissue sarcoma,2,22327,14367,1.8067939281463623,1.3210111856460571,True,2,2
459.tiff,canine soft tissue sarcoma,3,22311,1,7.853606224060059,9.36151123046875,True,2,2
459.tiff,canine soft tissue sarcoma,3,22331,2,7.810601234436035,9.309470176696777,True,2,2
459.tiff,canine soft tissue sarcoma,3,22481,3,7.339881420135498,8.739846229553223,True,2,2
459.tiff,canine soft tissue sarcoma,3,22375,4,7.2029500007629395,8.57414436340332,True,2,2
459.tiff,canine soft tissue sarcoma,3,22399,5,7.130167007446289,8.486068725585938,True,2,2
459.tiff,canine soft tissue sarcoma,3,22401,6,7.067333698272705,8.410033226013184,True,2,2
459.tiff,canine soft tissue sarcoma,3,22351,7,7.048680305480957,8.387460708618164,True,2,2
459.tiff,canine soft tissue sarcoma,3,22305,8,6.90360689163208,8.211905479431152,True,2,2
459.tiff,canine soft tissue sarcoma,3,22320,9,6.741015911102295,8.015151977539062,True,2,2
459.tiff,canine soft tissue sarcoma,3,22441,10,6.630893230438232,7.881890773773193,True,2,2
459.tiff,canine soft tissue sarcoma,3,22391,11,6.423494338989258,7.63091516494751,True,2,2
459.tiff,canine soft tissue sarcoma,3,22350,12,6.41663122177124,7.622609615325928,True,2,2
459.tiff,canine soft tissue sarcoma,3,22308,13,6.386117935180664,7.5856852531433105,True,2,2
459.tiff,canine soft tissue sarcoma,3,22446,14,6.268826484680176,7.44374942779541,True,2,2
459.tiff,canine soft tissue sarcoma,3,22442,15,6.267849445343018,7.442567348480225,True,2,2
459.tiff,canine soft tissue sarcoma,3,22341,16,6.243592739105225,7.413214206695557,True,2,2
459.tiff,canine soft tissue sarcoma,3,22366,17,6.221590995788574,7.386589527130127,True,2,2
459.tiff,canine soft tissue sarcoma,3,22407,18,6.217896938323975,7.382119178771973,True,2,2
459.tiff,canine soft tissue sarcoma,3,22380,20,6.1013078689575195,7.24103307723999,True,2,2
459.tiff,canine soft tissue sarcoma,3,22355,21,6.081547737121582,7.217121601104736,False,3,2
459.tiff,canine soft tissue sarcoma,3,22424,22,6.044261455535889,7.172000885009766,True,2,2
459.tiff,canine soft tissue sarcoma,3,22392,23,6.001399517059326,7.120132923126221,True,2,2
459.tiff,canine soft tissue sarcoma,3,22361,26,5.849786281585693,6.93666410446167,True,2,2
459.tiff,canine soft tissue sarcoma,3,22466,28,5.834009647369385,6.917572498321533,True,2,2
459.tiff,canine soft tissue sarcoma,3,22395,29,5.791608810424805,6.866262912750244,True,2,2
459.tiff,canine soft tissue sarcoma,3,22342,30,5.770825386047363,6.8411126136779785,True,2,2
459.tiff,canine soft tissue sarcoma,3,22461,33,5.741974353790283,6.806199550628662,True,2,2
459.tiff,canine soft tissue sarcoma,3,22485,34,5.73919153213501,6.802832126617432,True,2,2
459.tiff,canine soft tissue sarcoma,3,22386,35,5.73012638092041,6.7918620109558105,True,2,2
459.tiff,canine soft tissue sarcoma,3,22363,36,5.727770805358887,6.789011478424072,True,2,2
459.tiff,canine soft tissue sarcoma,3,22436,37,5.722010612487793,6.782041072845459,True,2,2
459.tiff,canine soft tissue sarcoma,3,22474,38,5.70108699798584,6.756721019744873,True,2,2
459.tiff,canine soft tissue sarcoma,3,22389,39,5.690474987030029,6.743879795074463,True,2,2
459.tiff,canine soft tissue sarcoma,3,22454,40,5.688666343688965,6.7416911125183105,True,2,2
459.tiff,canine soft tissue sarcoma,3,22328,42,5.637759685516357,6.680088043212891,True,2,2
459.tiff,canine soft tissue sarcoma,3,22473,45,5.619731903076172,6.6582722663879395,True,2,2
459.tiff,canine soft tissue sarcoma,3,22444,46,5.6069440841674805,6.642797946929932,True,2,2
459.tiff,canine soft tissue sarcoma,3,22309,48,5.5767669677734375,6.6062798500061035,True,2,2
459.tiff,canine soft tissue sarcoma,3,22325,50,5.560355186462402,6.586420059204102,True,2,2
459.tiff,canine soft tissue sarcoma,3,22394,51,5.534549236297607,6.555191993713379,True,2,2
459.tiff,canine soft tissue sarcoma,3,22431,52,5.512994766235352,6.52910852432251,True,2,2
459.tiff,canine soft tissue sarcoma,3,22364,53,5.509180068969727,6.524492263793945,True,2,2
459.tiff,canine soft tissue sarcoma,3,22344,55,5.497778415679932,6.510694980621338,True,2,2
459.tiff,canine soft tissue sarcoma,3,22435,58,5.438930034637451,6.43948221206665,True,2,2
459.tiff,canine soft tissue sarcoma,3,22413,59,5.421082496643066,6.417884349822998,True,2,2
459.tiff,canine soft tissue sarcoma,3,22333,60,5.407282829284668,6.401185512542725,True,2,2
459.tiff,canine soft tissue sarcoma,3,22402,69,5.303008556365967,6.2750020027160645,True,2,2
459.tiff,canine soft tissue sarcoma,3,22306,70,5.290410995483398,6.2597575187683105,True,2,2
459.tiff,canine soft tissue sarcoma,3,22317,73,5.269092559814453,6.233959674835205,True,2,2
459.tiff,canine soft tissue sarcoma,3,22362,75,5.2542619705200195,6.216012954711914,True,2,2
459.tiff,canine soft tissue sarcoma,3,22448,77,5.191772937774658,6.14039421081543,True,2,2
459.tiff,canine soft tissue sarcoma,3,22480,82,5.142944812774658,6.081306457519531,True,2,2
459.tiff,canine soft tissue sarcoma,3,22420,83,5.141165733337402,6.079154014587402,True,2,2
459.tiff,canine soft tissue sarcoma,3,22465,84,5.113396644592285,6.045550346374512,False,3,2
459.tiff,canine soft tissue sarcoma,3,22412,91,5.090316295623779,6.01762056350708,True,2,2
459.tiff,canine soft tissue sarcoma,3,22500,96,5.074097633361816,5.9979939460754395,False,3,2
459.tiff,canine soft tissue sarcoma,3,22332,98,5.066781520843506,5.989140510559082,True,2,2
459.tiff,canine soft tissue sarcoma,3,22409,102,5.030939102172852,5.945767402648926,True,2,2
459.tiff,canine soft tissue sarcoma,3,22443,105,4.994264602661133,5.9013872146606445,True,2,2
459.tiff,canine soft tissue sarcoma,3,22304,122,4.8967719078063965,5.78341007232666,True,2,2
459.tiff,canine soft tissue sarcoma,3,22423,127,4.867522239685059,5.748014450073242,True,2,2
459.tiff,canine soft tissue sarcoma,3,22440,128,4.856139183044434,5.73423957824707,True,2,2
459.tiff,canine soft tissue sarcoma,3,22430,134,4.830453872680664,5.703157901763916,True,2,2
459.tiff,canine soft tissue sarcoma,3,22310,135,4.829006195068359,5.7014055252075195,True,2,2
459.tiff,canine soft tissue sarcoma,3,22421,140,4.815298080444336,5.684817314147949,True,2,2
459.tiff,canine soft tissue sarcoma,3,22343,158,4.740596771240234,5.594420433044434,True,2,2
459.tiff,canine soft tissue sarcoma,3,22449,166,4.71056604385376,5.558079719543457,True,2,2
459.tiff,canine soft tissue sarcoma,3,22403,178,4.667296886444092,5.5057196617126465,True,2,2
459.tiff,canine soft tissue sarcoma,3,22453,179,4.66425895690918,5.5020432472229,True,2,2
459.tiff,canine soft tissue sarcoma,3,22358,187,4.641157150268555,5.474087715148926,True,2,2
459.tiff,canine soft tissue sarcoma,3,22489,194,4.614144325256348,5.441398620605469,True,2,2
459.tiff,canine soft tissue sarcoma,3,22315,205,4.57845401763916,5.398209571838379,True,2,2
459.tiff,canine soft tissue sarcoma,3,22433,213,4.553277492523193,5.367743015289307,True,2,2
459.tiff,canine soft tissue sarcoma,3,22458,237,4.4792704582214355,5.278186321258545,True,2,2
459.tiff,canine soft tissue sarcoma,3,22487,254,4.45364236831665,5.24717378616333,True,2,2
459.tiff,canine soft tissue sarcoma,3,22357,278,4.402709007263184,5.185538291931152,True,2,2
459.tiff,canine soft tissue sarcoma,3,22464,279,4.402686595916748,5.185511112213135,True,2,2
459.tiff,canine soft tissue sarcoma,3,22439,281,4.398375034332275,5.180294036865234,True,2,2
459.tiff,canine soft tissue sarcoma,3,22493,296,4.3819684982299805,5.160439968109131,False,3,2
459.tiff,canine soft tissue sarcoma,3,22411,306,4.36970853805542,5.145604133605957,True,2,2
459.tiff,canine soft tissue sarcoma,3,22356,320,4.336389541625977,5.105284214019775,True,2,2
459.tiff,canine soft tissue sarcoma,3,22400,325,4.33543586730957,5.104130268096924,True,2,2
459.tiff,canine soft tissue sarcoma,3,22445,379,4.279953956604004,5.036991119384766,True,2,2
459.tiff,canine soft tissue sarcoma,3,22415,391,4.267598628997803,5.022039890289307,True,2,2
459.tiff,canine soft tissue sarcoma,3,22323,431,4.227193832397461,4.973145484924316,True,2,2
459.tiff,canine soft tissue sarcoma,3,22463,436,4.223626613616943,4.9688286781311035,True,2,2
459.tiff,canine soft tissue sarcoma,3,22462,460,4.184850692749023,4.921905517578125,True,2,2
459.tiff,canine soft tissue sarcoma,3,22494,490,4.154375076293945,4.885026454925537,False,3,2
459.tiff,canine soft tissue sarcoma,3,22482,491,4.154048919677734,4.884632110595703,True,2,2
459.tiff,canine soft tissue sarcoma,3,22346,559,4.0921525955200195,4.809730529785156,True,2,2
459.tiff,canine soft tissue sarcoma,3,22469,560,4.090681076049805,4.807949542999268,True,2,2
459.tiff,canine soft tissue sarcoma,3,22330,566,4.08349084854126,4.799248695373535,True,2,2
459.tiff,canine soft tissue sarcoma,3,22329,594,4.055702209472656,4.765621662139893,False,3,2
459.tiff,canine soft tissue sarcoma,3,22425,673,3.9971463680267334,4.694762229919434,True,2,2
459.tiff,canine soft tissue sarcoma,3,22437,747,3.9155170917510986,4.595981597900391,True,2,2
459.tiff,canine soft tissue sarcoma,3,22434,815,3.8756961822509766,4.547793865203857,True,2,2
459.tiff,canine soft tissue sarcoma,3,22488,817,3.875185012817383,4.547175407409668,True,2,2
459.tiff,canine soft tissue sarcoma,3,22382,823,3.8721296787261963,4.543478012084961,True,2,2
459.tiff,canine soft tissue sarcoma,3,22384,865,3.8507676124572754,4.517627716064453,True,2,2
459.tiff,canine soft tissue sarcoma,3,22455,980,3.7798871994018555,4.431854248046875,False,3,2
459.tiff,canine soft tissue sarcoma,3,22385,1129,3.7049262523651123,4.3411431312561035,True,2,2
459.tiff,canine soft tissue sarcoma,3,22404,1180,3.676126718521118,4.306292533874512,True,2,2
459.tiff,canine soft tissue sarcoma,3,22390,1777,3.456451654434204,4.04046106338501,True,2,2
459.tiff,canine soft tissue sarcoma,3,22408,1995,3.3883025646209717,3.957993268966675,True,2,2
459.tiff,canine soft tissue sarcoma,3,22365,2145,3.3376126289367676,3.8966526985168457,True,2,2
459.tiff,canine soft tissue sarcoma,3,22490,2356,3.280006170272827,3.8269426822662354,True,2,2
459.tiff,canine soft tissue sarcoma,3,22321,2535,3.2348296642303467,3.7722740173339844,True,2,2
459.tiff,canine soft tissue sarcoma,3,22470,2568,3.2260682582855225,3.761671543121338,True,2,2
459.tiff,canine soft tissue sarcoma,3,22484,2914,3.1480324268341064,3.6672396659851074,True,2,2
459.tiff,canine soft tissue sarcoma,3,22452,3008,3.1272499561309814,3.6420905590057373,True,2,2
459.tiff,canine soft tissue sarcoma,3,22316,3595,3.000729560852051,3.4889867305755615,True,2,2
459.tiff,canine soft tissue sarcoma,3,22475,3822,2.9576330184936523,3.4368350505828857,True,2,2
459.tiff,canine soft tissue sarcoma,3,22479,4228,2.8773796558380127,3.339719295501709,True,2,2
459.tiff,canine soft tissue sarcoma,3,22397,4571,2.809393882751465,3.25744891166687,True,2,2
459.tiff,canine soft tissue sarcoma,3,22457,4712,2.78774356842041,3.2312495708465576,False,3,2
459.tiff,canine soft tissue sarcoma,3,22438,4778,2.775773286819458,3.216764450073242,True,2,2
459.tiff,canine soft tissue sarcoma,3,22459,4952,2.7458903789520264,3.180602788925171,True,2,2
459.tiff,canine soft tissue sarcoma,3,22432,5096,2.7206943035125732,3.1501126289367676,True,2,2
459.tiff,canine soft tissue sarcoma,3,22353,5830,2.6112630367279053,3.017688512802124,False,3,2
459.tiff,canine soft tissue sarcoma,3,22339,6125,2.5639278888702393,2.9604077339172363,True,2,2
459.tiff,canine soft tissue sarcoma,3,22410,6886,2.450324296951294,2.822934627532959,True,2,2
459.tiff,canine soft tissue sarcoma,3,22354,7214,2.4071247577667236,2.770658254623413,True,2,2
459.tiff,canine soft tissue sarcoma,3,22414,7502,2.366945266723633,2.722036600112915,True,2,2
459.tiff,canine soft tissue sarcoma,3,22340,9729,2.051419258117676,2.340214967727661,True,2,2
459.tiff,canine soft tissue sarcoma,3,22447,9841,2.0335376262664795,2.3185760974884033,True,2,2
459.tiff,canine soft tissue sarcoma,3,22406,10008,2.0115420818328857,2.291959047317505,True,2,2
459.tiff,canine soft tissue sarcoma,3,22417,10039,2.0068442821502686,2.2862741947174072,True,2,2
459.tiff,canine soft tissue sarcoma,3,22326,10534,1.935656189918518,2.2001285552978516,True,2,2
459.tiff,canine soft tissue sarcoma,3,22381,10887,1.8842666149139404,2.137941360473633,True,2,2
459.tiff,canine soft tissue sarcoma,3,22327,14192,1.3078757524490356,1.4404438734054565,True,2,2
459.tiff,canine soft tissue sarcoma,4,22311,1,7.777823448181152,7.969614505767822,True,2,2
459.tiff,canine soft tissue sarcoma,4,22375,2,7.33922004699707,7.5122528076171875,True,2,2
459.tiff,canine soft tissue sarcoma,4,22481,3,7.136805534362793,7.301181316375732,True,2,2
459.tiff,canine soft tissue sarcoma,4,22371,4,7.13589334487915,7.300230026245117,True,2,2
459.tiff,canine soft tissue sarcoma,4,22331,5,7.109817981719971,7.2730393409729,True,2,2
459.tiff,canine soft tissue sarcoma,4,22442,6,6.894021511077881,7.048013687133789,True,2,2
459.tiff,canine soft tissue sarcoma,4,22391,7,6.853678226470947,7.005944728851318,True,2,2
459.tiff,canine soft tissue sarcoma,4,22401,8,6.848674297332764,7.00072717666626,True,2,2
459.tiff,canine soft tissue sarcoma,4,22441,9,6.8263630867004395,6.977461338043213,True,2,2
459.tiff,canine soft tissue sarcoma,4,22399,10,6.74678897857666,6.894484043121338,True,2,2
459.tiff,canine soft tissue sarcoma,4,22351,11,6.686816215515137,6.83194637298584,True,2,2
459.tiff,canine soft tissue sarcoma,4,22424,13,6.57819128036499,6.71867561340332,True,2,2
459.tiff,canine soft tissue sarcoma,4,22350,14,6.475743770599365,6.611846446990967,True,2,2
459.tiff,canine soft tissue sarcoma,4,22407,15,6.426198959350586,6.560182571411133,True,2,2
459.tiff,canine soft tissue sarcoma,4,22366,16,6.35751485824585,6.488561153411865,True,2,2
459.tiff,canine soft tissue sarcoma,4,22392,17,6.325695514678955,6.455380916595459,True,2,2
459.tiff,canine soft tissue sarcoma,4,22341,18,6.310458183288574,6.4394917488098145,True,2,2
459.tiff,canine soft tissue sarcoma,4,22446,19,6.308894157409668,6.43786096572876,True,2,2
459.tiff,canine soft tissue sarcoma,4,22308,20,6.303091526031494,6.431809902191162,True,2,2
459.tiff,canine soft tissue sarcoma,4,22320,21,6.29094934463501,6.4191484451293945,True,2,2
459.tiff,canine soft tissue sarcoma,4,22380,22,6.260498523712158,6.38739538192749,True,2,2
459.tiff,canine soft tissue sarcoma,4,22355,23,6.243188858032227,6.369345188140869,False,3,2
459.tiff,canine soft tissue sarcoma,4,22436,26,6.158668518066406,6.281210422515869,True,2,2
459.tiff,canine soft tissue sarcoma,4,22328,27,6.133998870849609,6.255485534667969,True,2,2
459.tiff,canine soft tissue sarcoma,4,22325,29,6.02584981918335,6.142711162567139,True,2,2
459.tiff,canine soft tissue sarcoma,4,22395,30,6.00634765625,6.122374534606934,True,2,2
459.tiff,canine soft tissue sarcoma,4,22310,31,5.987652778625488,6.102880477905273,True,2,2
459.tiff,canine soft tissue sarcoma,4,22466,32,5.980047225952148,6.094949245452881,True,2,2
459.tiff,canine soft tissue sarcoma,4,22361,33,5.967308044433594,6.081665515899658,True,2,2
459.tiff,canine soft tissue sarcoma,4,22444,34,5.943572998046875,6.056915283203125,True,2,2
459.tiff,canine soft tissue sarcoma,4,22364,38,5.843277931213379,5.952330589294434,True,2,2
459.tiff,canine soft tissue sarcoma,4,22465,39,5.823516368865967,5.9317240715026855,False,3,2
459.tiff,canine soft tissue sarcoma,4,22342,40,5.819118022918701,5.92713737487793,True,2,2
459.tiff,canine soft tissue sarcoma,4,22363,44,5.769641399383545,5.875544548034668,True,2,2
459.tiff,canine soft tissue sarcoma,4,22473,45,5.765531063079834,5.871258735656738,True,2,2
459.tiff,canine soft tissue sarcoma,4,22402,46,5.759616851806641,5.865091323852539,True,2,2
459.tiff,canine soft tissue sarcoma,4,22413,47,5.753056049346924,5.858250141143799,True,2,2
459.tiff,canine soft tissue sarcoma,4,22315,49,5.719686508178711,5.823453426361084,True,2,2
459.tiff,canine soft tissue sarcoma,4,22461,50,5.6930975914001465,5.795727252960205,True,2,2
459.tiff,canine soft tissue sarcoma,4,22394,52,5.650322914123535,5.751122951507568,True,2,2
459.tiff,canine soft tissue sarcoma,4,22357,53,5.630852699279785,5.730820178985596,True,2,2
459.tiff,canine soft tissue sarcoma,4,22500,54,5.625370025634766,5.72510290145874,False,3,2
459.tiff,canine soft tissue sarcoma,4,22389,55,5.623705863952637,5.723367691040039,True,2,2
459.tiff,canine soft tissue sarcoma,4,22454,56,5.620825290679932,5.720363616943359,True,2,2
459.tiff,canine soft tissue sarcoma,4,22431,58,5.601682662963867,5.700402736663818,True,2,2
459.tiff,canine soft tissue sarcoma,4,22485,62,5.561618804931641,5.65862512588501,True,2,2
459.tiff,canine soft tissue sarcoma,4,22344,63,5.536442279815674,5.63237190246582,True,2,2
459.tiff,canine soft tissue sarcoma,4,22474,65,5.530595779418945,5.626275062561035,True,2,2
459.tiff,canine soft tissue sarcoma,4,22448,66,5.527954578399658,5.623521327972412,True,2,2
459.tiff,canine soft tissue sarcoma,4,22435,67,5.524569511413574,5.619991302490234,True,2,2
459.tiff,canine soft tissue sarcoma,4,22333,68,5.516967296600342,5.612063884735107,True,2,2
459.tiff,canine soft tissue sarcoma,4,22386,71,5.491775035858154,5.585794448852539,True,2,2
459.tiff,canine soft tissue sarcoma,4,22412,74,5.42352819442749,5.5146284103393555,True,2,2
459.tiff,canine soft tissue sarcoma,4,22440,81,5.351842880249023,5.439877510070801,True,2,2
459.tiff,canine soft tissue sarcoma,4,22400,84,5.333226680755615,5.420464992523193,True,2,2
459.tiff,canine soft tissue sarcoma,4,22304,85,5.317831993103027,5.404411792755127,True,2,2
459.tiff,canine soft tissue sarcoma,4,22317,88,5.296940803527832,5.382627010345459,True,2,2
459.tiff,canine soft tissue sarcoma,4,22362,92,5.269085884094238,5.353580951690674,True,2,2
459.tiff,canine soft tissue sarcoma,4,22420,99,5.184101104736328,5.264961242675781,True,2,2
459.tiff,canine soft tissue sarcoma,4,22423,100,5.180154323577881,5.26084566116333,True,2,2
459.tiff,canine soft tissue sarcoma,4,22329,105,5.149052143096924,5.228413105010986,False,3,2
459.tiff,canine soft tissue sarcoma,4,22309,106,5.148922443389893,5.228278160095215,True,2,2
459.tiff,canine soft tissue sarcoma,4,22493,112,5.095318794250488,5.17238187789917,False,3,2
459.tiff,canine soft tissue sarcoma,4,22430,116,5.07877779006958,5.155133247375488,True,2,2
459.tiff,canine soft tissue sarcoma,4,22403,117,5.076952934265137,5.153230667114258,True,2,2
459.tiff,canine soft tissue sarcoma,4,22323,127,5.000267505645752,5.073265075683594,True,2,2
459.tiff,canine soft tissue sarcoma,4,22306,150,4.922722339630127,4.992403507232666,True,2,2
459.tiff,canine soft tissue sarcoma,4,22356,158,4.877012729644775,4.944738864898682,True,2,2
459.tiff,canine soft tissue sarcoma,4,22409,166,4.848441123962402,4.914945602416992,True,2,2
459.tiff,canine soft tissue sarcoma,4,22332,174,4.832401275634766,4.898219585418701,True,2,2
459.tiff,canine soft tissue sarcoma,4,22489,178,4.828459739685059,4.89410924911499,True,2,2
459.tiff,canine soft tissue sarcoma,4,22421,184,4.801013469696045,4.865489482879639,True,2,2
459.tiff,canine soft tissue sarcoma,4,22462,192,4.785954475402832,4.849786281585693,True,2,2
459.tiff,canine soft tissue sarcoma,4,22343,198,4.753509998321533,4.815954208374023,True,2,2
459.tiff,canine soft tissue sarcoma,4,22433,211,4.718995094299316,4.77996301651001,True,2,2
459.tiff,canine soft tissue sarcoma,4,22439,229,4.684044361114502,4.7435173988342285,True,2,2
459.tiff,canine soft tissue sarcoma,4,22415,232,4.677390098571777,4.736578941345215,True,2,2
459.tiff,canine soft tissue sarcoma,4,22464,239,4.647057056427002,4.704948425292969,True,2,2
459.tiff,canine soft tissue sarcoma,4,22494,257,4.61332368850708,4.669772148132324,False,3,2
459.tiff,canine soft tissue sarcoma,4,22443,260,4.603507041931152,4.659535884857178,True,2,2
459.tiff,canine soft tissue sarcoma,4,22453,265,4.593825340270996,4.649439811706543,True,2,2
459.tiff,canine soft tissue sarcoma,4,22449,285,4.552727222442627,4.606584072113037,True,2,2
459.tiff,canine soft tissue sarcoma,4,22384,297,4.53306245803833,4.58607816696167,True,2,2
459.tiff,canine soft tissue sarcoma,4,22358,312,4.492036819458008,4.54329776763916,True,2,2
459.tiff,canine soft tissue sarcoma,4,22487,318,4.479667663574219,4.530399799346924,True,2,2
459.tiff,canine soft tissue sarcoma,4,22346,369,4.419544219970703,4.467704772949219,True,2,2
459.tiff,canine soft tissue sarcoma,4,22469,567,4.224466323852539,4.264283657073975,True,2,2
459.tiff,canine soft tissue sarcoma,4,22404,584,4.207711696624756,4.246812343597412,True,2,2
459.tiff,canine soft tissue sarcoma,4,22437,594,4.20310640335083,4.242010116577148,True,2,2
459.tiff,canine soft tissue sarcoma,4,22434,601,4.199436187744141,4.23818302154541,True,2,2
459.tiff,canine soft tissue sarcoma,4,22425,634,4.165196418762207,4.202478885650635,True,2,2
459.tiff,canine soft tissue sarcoma,4,22408,720,4.09927225112915,4.133735179901123,True,2,2
459.tiff,canine soft tissue sarcoma,4,22382,725,4.094738483428955,4.129007339477539,True,2,2
459.tiff,canine soft tissue sarcoma,4,22480,760,4.073207378387451,4.106555461883545,True,2,2
459.tiff,canine soft tissue sarcoma,4,22482,769,4.05980920791626,4.092584609985352,True,2,2
459.tiff,canine soft tissue sarcoma,4,22321,788,4.046668529510498,4.078881740570068,True,2,2
459.tiff,canine soft tissue sarcoma,4,22488,943,3.9458847045898438,3.973787307739258,True,2,2
459.tiff,canine soft tissue sarcoma,4,22463,978,3.9237258434295654,3.950680732727051,True,2,2
459.tiff,canine soft tissue sarcoma,4,22445,1007,3.905435562133789,3.931608200073242,True,2,2
459.tiff,canine soft tissue sarcoma,4,22411,1070,3.8681411743164062,3.892718553543091,True,2,2
459.tiff,canine soft tissue sarcoma,4,22458,1130,3.8405721187591553,3.8639705181121826,True,2,2
459.tiff,canine soft tissue sarcoma,4,22385,1338,3.7392737865448,3.7583396434783936,True,2,2
459.tiff,canine soft tissue sarcoma,4,22390,1423,3.7030932903289795,3.720611810684204,True,2,2
459.tiff,canine soft tissue sarcoma,4,22330,1778,3.5749645233154297,3.587002992630005,True,2,2
459.tiff,canine soft tissue sarcoma,4,22452,1906,3.529188871383667,3.5392696857452393,True,2,2
459.tiff,canine soft tissue sarcoma,4,22484,2057,3.487595558166504,3.4958972930908203,True,2,2
459.tiff,canine soft tissue sarcoma,4,22470,2284,3.428122043609619,3.43388032913208,True,2,2
459.tiff,canine soft tissue sarcoma,4,22490,2304,3.423393726348877,3.4289495944976807,True,2,2
459.tiff,canine soft tissue sarcoma,4,22316,2548,3.3594555854797363,3.362277030944824,True,2,2
459.tiff,canine soft tissue sarcoma,4,22459,2710,3.3151772022247314,3.3161048889160156,True,2,2
459.tiff,canine soft tissue sarcoma,4,22479,2855,3.2831337451934814,3.28269100189209,True,2,2
459.tiff,canine soft tissue sarcoma,4,22455,2870,3.2806758880615234,3.280128002166748,False,3,2
459.tiff,canine soft tissue sarcoma,4,22365,2892,3.2761754989624023,3.275434970855713,True,2,2
459.tiff,canine soft tissue sarcoma,4,22339,3283,3.18998122215271,3.185554265975952,True,2,2
459.tiff,canine soft tissue sarcoma,4,22457,3406,3.1625173091888428,3.1569156646728516,False,3,2
459.tiff,canine soft tissue sarcoma,4,22475,3885,3.0716748237609863,3.062188148498535,True,2,2
459.tiff,canine soft tissue sarcoma,4,22438,4467,2.9702045917510986,2.9563779830932617,True,2,2
459.tiff,canine soft tissue sarcoma,4,22432,5154,2.853301763534546,2.83447527885437,True,2,2
459.tiff,canine soft tissue sarcoma,4,22354,5382,2.8198556900024414,2.7995986938476562,True,2,2
459.tiff,canine soft tissue sarcoma,4,22410,5472,2.80668044090271,2.785860061645508,True,2,2
459.tiff,canine soft tissue sarcoma,4,22353,5651,2.775181531906128,2.753014087677002,False,3,2
459.tiff,canine soft tissue sarcoma,4,22397,6401,2.6704132556915283,2.6437647342681885,True,2,2
459.tiff,canine soft tissue sarcoma,4,22447,8219,2.412924289703369,2.375263214111328,True,2,2
459.tiff,canine soft tissue sarcoma,4,22414,8452,2.382673501968384,2.3437187671661377,True,2,2
459.tiff,canine soft tissue sarcoma,4,22417,10297,2.1365957260131836,2.087116241455078,True,2,2
459.tiff,canine soft tissue sarcoma,4,22340,10368,2.1268389225006104,2.076942205429077,True,2,2
459.tiff,canine soft tissue sarcoma,4,22381,11155,2.0198287963867188,1.965355396270752,True,2,2
459.tiff,canine soft tissue sarcoma,4,22406,11211,2.010030508041382,1.955138087272644,True,2,2
459.tiff,canine soft tissue sarcoma,4,22326,11439,1.9715139865875244,1.914974331855774,True,2,2
459.tiff,canine soft tissue sarcoma,4,22327,15009,1.3727209568023682,1.2905713319778442,True,2,2
460.tiff,canine soft tissue sarcoma,0,22544,1,8.474385261535645,8.833489418029785,False,3,2
460.tiff,canine soft tissue sarcoma,0,22548,2,8.428548812866211,8.7847318649292,True,2,2
460.tiff,canine soft tissue sarcoma,0,22558,3,8.234602928161621,8.578424453735352,True,2,2
460.tiff,canine soft tissue sarcoma,0,22530,4,7.889216423034668,8.211024284362793,True,2,2
460.tiff,canine soft tissue sarcoma,0,22545,5,7.852334499359131,8.171792030334473,False,3,2
460.tiff,canine soft tissue sarcoma,0,22543,8,7.613324165344238,7.917548179626465,True,2,2
460.tiff,canine soft tissue sarcoma,0,22552,9,7.585276126861572,7.887712001800537,True,2,2
460.tiff,canine soft tissue sarcoma,0,22565,12,7.219421863555908,7.498539924621582,True,2,2
460.tiff,canine soft tissue sarcoma,0,22578,16,7.003521919250488,7.268879413604736,True,2,2
460.tiff,canine soft tissue sarcoma,0,22580,18,6.967920303344727,7.231008529663086,True,2,2
460.tiff,canine soft tissue sarcoma,0,22549,20,6.9369096755981445,7.198021411895752,True,2,2
460.tiff,canine soft tissue sarcoma,0,22550,22,6.810923099517822,7.064005374908447,True,2,2
460.tiff,canine soft tissue sarcoma,0,22560,24,6.701807022094727,6.947934627532959,True,2,2
460.tiff,canine soft tissue sarcoma,0,22537,34,6.505414009094238,6.739024639129639,True,2,2
460.tiff,canine soft tissue sarcoma,0,22568,37,6.486843585968018,6.7192702293396,True,2,2
460.tiff,canine soft tissue sarcoma,0,22567,40,6.4233479499816895,6.651727676391602,False,3,2
460.tiff,canine soft tissue sarcoma,0,22576,48,6.272857666015625,6.491645812988281,True,2,2
460.tiff,canine soft tissue sarcoma,0,22534,87,6.014075756072998,6.216370582580566,True,2,2
460.tiff,canine soft tissue sarcoma,0,22579,97,5.949844837188721,6.148046016693115,True,2,2
460.tiff,canine soft tissue sarcoma,0,22529,115,5.849052906036377,6.040829658508301,True,2,2
460.tiff,canine soft tissue sarcoma,0,22532,122,5.8235015869140625,6.013649940490723,True,2,2
460.tiff,canine soft tissue sarcoma,0,22527,164,5.659384727478027,5.839073181152344,True,2,2
460.tiff,canine soft tissue sarcoma,0,22536,175,5.6260833740234375,5.803649425506592,True,2,2
460.tiff,canine soft tissue sarcoma,0,22566,248,5.4111857414245605,5.575055122375488,True,2,2
460.tiff,canine soft tissue sarcoma,0,22574,356,5.207535266876221,5.358425140380859,True,2,2
460.tiff,canine soft tissue sarcoma,0,22570,417,5.139683723449707,5.286248683929443,True,2,2
460.tiff,canine soft tissue sarcoma,0,22572,638,4.920411586761475,5.053001403808594,True,2,2
460.tiff,canine soft tissue sarcoma,0,22547,659,4.902347087860107,5.033785343170166,True,2,2
460.tiff,canine soft tissue sarcoma,0,22583,834,4.776364326477051,4.899773120880127,True,2,2
460.tiff,canine soft tissue sarcoma,0,22538,2016,4.168949604034424,4.2536444664001465,True,2,2
460.tiff,canine soft tissue sarcoma,0,22554,3487,3.7219929695129395,3.7782013416290283,True,2,2
460.tiff,canine soft tissue sarcoma,0,22563,3921,3.6027920246124268,3.6514029502868652,True,2,2
460.tiff,canine soft tissue sarcoma,0,22531,4045,3.5709023475646973,3.617480754852295,True,2,2
460.tiff,canine soft tissue sarcoma,0,22586,5379,3.2227625846862793,3.247152328491211,False,3,2
460.tiff,canine soft tissue sarcoma,0,22591,10622,1.6335476636886597,1.5566480159759521,False,3,2
460.tiff,canine soft tissue sarcoma,1,22544,1,8.888197898864746,4.132816314697266,False,3,2
460.tiff,canine soft tissue sarcoma,1,22568,5,8.687554359436035,4.037167072296143,True,2,2
460.tiff,canine soft tissue sarcoma,1,22577,10,8.625313758850098,4.007496356964111,True,2,2
460.tiff,canine soft tissue sarcoma,1,22567,11,8.53196907043457,3.9629976749420166,False,3,2
460.tiff,canine soft tissue sarcoma,1,22558,12,8.422597885131836,3.9108588695526123,True,2,2
460.tiff,canine soft tissue sarcoma,1,22548,25,8.074447631835938,3.74489164352417,True,2,2
460.tiff,canine soft tissue sarcoma,1,22572,26,8.019694328308105,3.71878981590271,True,2,2
460.tiff,canine soft tissue sarcoma,1,22552,27,8.013681411743164,3.715923547744751,True,2,2
460.tiff,canine soft tissue sarcoma,1,22543,32,7.940833568572998,3.6811959743499756,True,2,2
460.tiff,canine soft tissue sarcoma,1,22574,35,7.8757476806640625,3.6501688957214355,True,2,2
460.tiff,canine soft tissue sarcoma,1,22529,51,7.618622303009033,3.5275940895080566,True,2,2
460.tiff,canine soft tissue sarcoma,1,22560,52,7.61538553237915,3.5260510444641113,True,2,2
460.tiff,canine soft tissue sarcoma,1,22536,60,7.553959846496582,3.4967687129974365,True,2,2
460.tiff,canine soft tissue sarcoma,1,22545,82,7.257136344909668,3.355269193649292,False,3,2
460.tiff,canine soft tissue sarcoma,1,22578,83,7.25600004196167,3.3547275066375732,True,2,2
460.tiff,canine soft tissue sarcoma,1,22579,88,7.214238166809082,3.3348190784454346,True,2,2
460.tiff,canine soft tissue sarcoma,1,22550,99,7.16274881362915,3.3102736473083496,True,2,2
460.tiff,canine soft tissue sarcoma,1,22565,100,7.146926403045654,3.3027307987213135,True,2,2
460.tiff,canine soft tissue sarcoma,1,22530,112,7.075376510620117,3.2686221599578857,True,2,2
460.tiff,canine soft tissue sarcoma,1,22537,148,6.928890705108643,3.1987905502319336,True,2,2
460.tiff,canine soft tissue sarcoma,1,22576,168,6.83897066116333,3.1559245586395264,True,2,2
460.tiff,canine soft tissue sarcoma,1,22570,217,6.683440208435059,3.0817813873291016,True,2,2
460.tiff,canine soft tissue sarcoma,1,22566,260,6.575429439544678,3.0302913188934326,True,2,2
460.tiff,canine soft tissue sarcoma,1,22580,277,6.548233985900879,3.017326831817627,True,2,2
460.tiff,canine soft tissue sarcoma,1,22549,343,6.397559642791748,2.9454987049102783,True,2,2
460.tiff,canine soft tissue sarcoma,1,22527,437,6.248039722442627,2.874220609664917,True,2,2
460.tiff,canine soft tissue sarcoma,1,22563,697,5.935309410095215,2.7251384258270264,True,2,2
460.tiff,canine soft tissue sarcoma,1,22583,712,5.920609951019287,2.7181310653686523,True,2,2
460.tiff,canine soft tissue sarcoma,1,22532,730,5.903773307800293,2.7101047039031982,True,2,2
460.tiff,canine soft tissue sarcoma,1,22531,1120,5.573436737060547,2.552629232406616,True,2,2
460.tiff,canine soft tissue sarcoma,1,22534,1631,5.2820725440979,2.4137325286865234,True,2,2
460.tiff,canine soft tissue sarcoma,1,22547,1666,5.265744209289551,2.4059486389160156,True,2,2
460.tiff,canine soft tissue sarcoma,1,22554,2512,4.914126396179199,2.238327980041504,True,2,2
460.tiff,canine soft tissue sarcoma,1,22586,5229,4.083728313446045,1.8424673080444336,False,3,2
460.tiff,canine soft tissue sarcoma,1,22591,10328,2.687885046005249,1.1770519018173218,False,3,2
460.tiff,canine soft tissue sarcoma,2,22544,1,9.113180160522461,10.299519538879395,False,3,2
460.tiff,canine soft tissue sarcoma,2,22548,2,9.004258155822754,10.17330551147461,True,2,2
460.tiff,canine soft tissue sarcoma,2,22545,3,8.994580268859863,10.162091255187988,False,3,2
460.tiff,canine soft tissue sarcoma,2,22558,4,8.779695510864258,9.913093566894531,True,2,2
460.tiff,canine soft tissue sarcoma,2,22543,7,7.990233898162842,8.998303413391113,True,2,2
460.tiff,canine soft tissue sarcoma,2,22578,9,7.946529388427734,8.947660446166992,True,2,2
460.tiff,canine soft tissue sarcoma,2,22530,10,7.893299102783203,8.885979652404785,True,2,2
460.tiff,canine soft tissue sarcoma,2,22565,11,7.746923446655273,8.7163667678833,True,2,2
460.tiff,canine soft tissue sarcoma,2,22577,12,7.616665840148926,8.565430641174316,True,2,2
460.tiff,canine soft tissue sarcoma,2,22576,13,7.604228973388672,8.551019668579102,True,2,2
460.tiff,canine soft tissue sarcoma,2,22527,14,7.575199604034424,8.51738166809082,True,2,2
460.tiff,canine soft tissue sarcoma,2,22580,16,7.480886459350586,8.408096313476562,True,2,2
460.tiff,canine soft tissue sarcoma,2,22560,17,7.4180097579956055,8.335237503051758,True,2,2
460.tiff,canine soft tissue sarcoma,2,22549,18,7.306006908416748,8.205453872680664,True,2,2
460.tiff,canine soft tissue sarcoma,2,22536,19,7.295229911804199,8.19296646118164,True,2,2
460.tiff,canine soft tissue sarcoma,2,22566,20,7.186036109924316,8.066437721252441,True,2,2
460.tiff,canine soft tissue sarcoma,2,22537,22,7.127766132354736,7.998918056488037,True,2,2
460.tiff,canine soft tissue sarcoma,2,22532,23,6.988984107971191,7.838103771209717,True,2,2
460.tiff,canine soft tissue sarcoma,2,22550,48,6.482149600982666,7.2508087158203125,True,2,2
460.tiff,canine soft tissue sarcoma,2,22579,50,6.454996585845947,7.2193450927734375,True,2,2
460.tiff,canine soft tissue sarcoma,2,22534,57,6.355882167816162,7.104496002197266,True,2,2
460.tiff,canine soft tissue sarcoma,2,22567,74,6.200499534606934,6.924446105957031,False,3,2
460.tiff,canine soft tissue sarcoma,2,22583,118,5.981728553771973,6.670944690704346,True,2,2
460.tiff,canine soft tissue sarcoma,2,22568,131,5.912533283233643,6.59076452255249,True,2,2
460.tiff,canine soft tissue sarcoma,2,22570,155,5.844762325286865,6.512235164642334,True,2,2
460.tiff,canine soft tissue sarcoma,2,22529,164,5.810002326965332,6.471956729888916,True,2,2
460.tiff,canine soft tissue sarcoma,2,22547,270,5.54608154296875,6.166138172149658,True,2,2
460.tiff,canine soft tissue sarcoma,2,22554,1626,4.606549263000488,5.07745361328125,True,2,2
460.tiff,canine soft tissue sarcoma,2,22574,1842,4.513904094696045,4.9701008796691895,True,2,2
460.tiff,canine soft tissue sarcoma,2,22572,1979,4.461254596710205,4.909093379974365,True,2,2
460.tiff,canine soft tissue sarcoma,2,22563,2535,4.27877950668335,4.697649955749512,True,2,2
460.tiff,canine soft tissue sarcoma,2,22538,2992,4.120994567871094,4.5148162841796875,True,2,2
460.tiff,canine soft tissue sarcoma,2,22531,3736,3.8940112590789795,4.2517991065979,True,2,2
460.tiff,canine soft tissue sarcoma,2,22586,4788,3.6053600311279297,3.9173238277435303,False,3,2
460.tiff,canine soft tissue sarcoma,2,22591,9935,1.7772306203842163,1.7989760637283325,False,3,2
460.tiff,canine soft tissue sarcoma,3,22558,1,9.99767780303955,6.007874965667725,True,2,2
460.tiff,canine soft tissue sarcoma,3,22544,2,9.35222053527832,5.613358497619629,False,3,2
460.tiff,canine soft tissue sarcoma,3,22543,3,9.236659049987793,5.542725086212158,True,2,2
460.tiff,canine soft tissue sarcoma,3,22548,4,9.13254165649414,5.479086399078369,True,2,2
460.tiff,canine soft tissue sarcoma,3,22560,5,9.051385879516602,5.429482460021973,True,2,2
460.tiff,canine soft tissue sarcoma,3,22545,8,8.310895919799805,4.976880073547363,False,3,2
460.tiff,canine soft tissue sarcoma,3,22552,9,8.240045547485352,4.933574676513672,True,2,2
460.tiff,canine soft tissue sarcoma,3,22580,10,8.157283782958984,4.882989406585693,True,2,2
460.tiff,canine soft tissue sarcoma,3,22577,12,8.06356143951416,4.825704574584961,True,2,2
460.tiff,canine soft tissue sarcoma,3,22530,14,8.040470123291016,4.811590671539307,True,2,2
460.tiff,canine soft tissue sarcoma,3,22527,19,7.758813381195068,4.6394362449646,True,2,2
460.tiff,canine soft tissue sarcoma,3,22578,20,7.74903678894043,4.633460521697998,True,2,2
460.tiff,canine soft tissue sarcoma,3,22549,21,7.746224403381348,4.631741523742676,True,2,2
460.tiff,canine soft tissue sarcoma,3,22568,44,7.28971004486084,4.352710723876953,True,2,2
460.tiff,canine soft tissue sarcoma,3,22565,47,7.250053405761719,4.328471660614014,True,2,2
460.tiff,canine soft tissue sarcoma,3,22567,83,6.961215972900391,4.151928424835205,False,3,2
460.tiff,canine soft tissue sarcoma,3,22529,84,6.958255290985107,4.150118827819824,True,2,2
460.tiff,canine soft tissue sarcoma,3,22579,104,6.817535400390625,4.064107894897461,True,2,2
460.tiff,canine soft tissue sarcoma,3,22536,148,6.594488620758057,3.9277775287628174,True,2,2
460.tiff,canine soft tissue sarcoma,3,22532,185,6.444839954376221,3.8363089561462402,True,2,2
460.tiff,canine soft tissue sarcoma,3,22550,202,6.393500328063965,3.804929256439209,True,2,2
460.tiff,canine soft tissue sarcoma,3,22572,230,6.343679428100586,3.77447772026062,True,2,2
460.tiff,canine soft tissue sarcoma,3,22547,314,6.1765875816345215,3.6723477840423584,True,2,2
460.tiff,canine soft tissue sarcoma,3,22570,328,6.152524948120117,3.657640218734741,True,2,2
460.tiff,canine soft tissue sarcoma,3,22576,342,6.133931636810303,3.646275520324707,True,2,2
460.tiff,canine soft tissue sarcoma,3,22574,549,5.868231296539307,3.4838740825653076,True,2,2
460.tiff,canine soft tissue sarcoma,3,22566,616,5.791929721832275,3.43723726272583,True,2,2
460.tiff,canine soft tissue sarcoma,3,22531,719,5.687462329864502,3.373384714126587,True,2,2
460.tiff,canine soft tissue sarcoma,3,22538,1167,5.331393718719482,3.155748128890991,True,2,2
460.tiff,canine soft tissue sarcoma,3,22534,1634,5.076154708862305,2.9997410774230957,True,2,2
460.tiff,canine soft tissue sarcoma,3,22583,2170,4.844536304473877,2.858171224594116,True,2,2
460.tiff,canine soft tissue sarcoma,3,22563,3218,4.478171348571777,2.6342415809631348,True,2,2
460.tiff,canine soft tissue sarcoma,3,22554,3702,4.329768180847168,2.543534517288208,True,2,2
460.tiff,canine soft tissue sarcoma,3,22586,4806,3.9894964694976807,2.3355536460876465,False,3,2
460.tiff,canine soft tissue sarcoma,3,22591,10701,2.0655176639556885,1.1595789194107056,False,3,2
460.tiff,canine soft tissue sarcoma,4,22577,1,8.868453979492188,5.098917007446289,True,2,2
460.tiff,canine soft tissue sarcoma,4,22544,5,8.010502815246582,4.5967817306518555,False,3,2
460.tiff,canine soft tissue sarcoma,4,22558,7,7.831538200378418,4.492038726806641,True,2,2
460.tiff,canine soft tissue sarcoma,4,22548,9,7.793715000152588,4.4699015617370605,True,2,2
460.tiff,canine soft tissue sarcoma,4,22537,10,7.786102294921875,4.4654459953308105,True,2,2
460.tiff,canine soft tissue sarcoma,4,22543,12,7.695279598236084,4.412290096282959,True,2,2
460.tiff,canine soft tissue sarcoma,4,22574,13,7.617342948913574,4.366676330566406,True,2,2
460.tiff,canine soft tissue sarcoma,4,22552,16,7.489199638366699,4.291676998138428,True,2,2
460.tiff,canine soft tissue sarcoma,4,22567,30,7.278939723968506,4.168618202209473,False,3,2
460.tiff,canine soft tissue sarcoma,4,22572,41,7.024412155151367,4.019649982452393,True,2,2
460.tiff,canine soft tissue sarcoma,4,22550,43,7.010051727294922,4.0112457275390625,True,2,2
460.tiff,canine soft tissue sarcoma,4,22560,45,6.977513313293457,3.992201805114746,True,2,2
460.tiff,canine soft tissue sarcoma,4,22536,68,6.7664570808410645,3.8686764240264893,True,2,2
460.tiff,canine soft tissue sarcoma,4,22538,69,6.763996601104736,3.867236375808716,True,2,2
460.tiff,canine soft tissue sarcoma,4,22545,85,6.688628673553467,3.8231256008148193,False,3,2
460.tiff,canine soft tissue sarcoma,4,22549,88,6.674587249755859,3.8149075508117676,True,2,2
460.tiff,canine soft tissue sarcoma,4,22530,91,6.654153823852539,3.802948236465454,True,2,2
460.tiff,canine soft tissue sarcoma,4,22580,103,6.5875444412231445,3.7639636993408203,True,2,2
460.tiff,canine soft tissue sarcoma,4,22529,149,6.342714309692383,3.620671510696411,True,2,2
460.tiff,canine soft tissue sarcoma,4,22565,158,6.293237209320068,3.5917139053344727,True,2,2
460.tiff,canine soft tissue sarcoma,4,22579,212,6.082577228546143,3.4684205055236816,True,2,2
460.tiff,canine soft tissue sarcoma,4,22578,286,5.842405319213867,3.327854633331299,True,2,2
460.tiff,canine soft tissue sarcoma,4,22576,786,5.185941219329834,2.9436442852020264,True,2,2
460.tiff,canine soft tissue sarcoma,4,22570,800,5.170825958251953,2.934797763824463,True,2,2
460.tiff,canine soft tissue sarcoma,4,22527,832,5.136849403381348,2.914912462234497,True,2,2
460.tiff,canine soft tissue sarcoma,4,22534,979,5.034947872161865,2.8552722930908203,True,2,2
460.tiff,canine soft tissue sarcoma,4,22532,1096,4.95206356048584,2.806762218475342,True,2,2
460.tiff,canine soft tissue sarcoma,4,22566,1291,4.814334392547607,2.7261533737182617,True,2,2
460.tiff,canine soft tissue sarcoma,4,22547,1448,4.719061374664307,2.6703927516937256,True,2,2
460.tiff,canine soft tissue sarcoma,4,22531,1790,4.537497043609619,2.5641281604766846,True,2,2
460.tiff,canine soft tissue sarcoma,4,22583,2364,4.285974502563477,2.416918992996216,True,2,2
460.tiff,canine soft tissue sarcoma,4,22563,3976,3.7867825031280518,2.124755859375,True,2,2
460.tiff,canine soft tissue sarcoma,4,22554,5835,3.3292667865753174,1.8569846153259277,True,2,2
460.tiff,canine soft tissue sarcoma,4,22586,5950,3.299978017807007,1.839842677116394,False,3,2
460.tiff,canine soft tissue sarcoma,4,22591,10973,2.0742416381835938,1.1224533319473267,False,3,2
529.tiff,human melanoma,0,24908,2,12.577632904052734,4.147695064544678,True,2,2
529.tiff,human melanoma,0,24925,3,12.508901596069336,4.124787330627441,False,3,2
529.tiff,human melanoma,0,24930,8,11.702138900756836,3.8558969497680664,True,2,2
529.tiff,human melanoma,0,24907,9,11.701268196105957,3.8556065559387207,False,3,2
529.tiff,human melanoma,0,24905,29,10.529230117797852,3.4649717807769775,False,3,2
529.tiff,human melanoma,0,24906,36,10.38848876953125,3.418063163757324,True,2,2
529.tiff,human melanoma,0,24904,53,10.075261116027832,3.3136658668518066,True,2,2
529.tiff,human melanoma,0,24909,113,9.307391166687012,3.0577385425567627,True,2,2
529.tiff,human melanoma,0,24935,144,8.951803207397461,2.939222574234009,False,3,2
529.tiff,human melanoma,0,24901,164,8.798654556274414,2.888178825378418,True,2,2
529.tiff,human melanoma,0,24912,195,8.621334075927734,2.8290786743164062,False,3,2
529.tiff,human melanoma,0,24923,228,8.471602439880371,2.7791738510131836,True,2,2
529.tiff,human melanoma,0,24934,234,8.430012702941895,2.7653121948242188,True,2,2
529.tiff,human melanoma,0,24929,253,8.352762222290039,2.739564895629883,False,3,2
529.tiff,human melanoma,0,24911,445,7.529552936553955,2.465193033218384,True,2,2
529.tiff,human melanoma,0,24914,1167,5.930570602416992,1.9322596788406372,True,2,2
529.tiff,human melanoma,0,24932,1312,5.781299591064453,1.882508397102356,False,3,2
529.tiff,human melanoma,0,24937,1365,5.717532634735107,1.861255168914795,True,2,2
529.tiff,human melanoma,0,24917,1739,5.40074348449707,1.7556707859039307,True,2,2
529.tiff,human melanoma,1,24930,1,16.934391021728516,4.163389682769775,True,2,2
529.tiff,human melanoma,1,24925,2,14.844926834106445,3.644792318344116,False,3,2
529.tiff,human melanoma,1,24923,4,13.491732597351074,3.308934211730957,True,2,2
529.tiff,human melanoma,1,24904,5,13.364936828613281,3.277463912963867,True,2,2
529.tiff,human melanoma,1,24901,6,13.098326683044434,3.211292266845703,True,2,2
529.tiff,human melanoma,1,24907,14,12.70030689239502,3.1125051975250244,False,3,2
529.tiff,human melanoma,1,24935,22,11.890600204467773,2.91153883934021,False,3,2
529.tiff,human melanoma,1,24905,24,11.835177421569824,2.8977832794189453,False,3,2
529.tiff,human melanoma,1,24911,33,11.49554443359375,2.8134875297546387,True,2,2
529.tiff,human melanoma,1,24908,43,11.147442817687988,2.7270898818969727,True,2,2
529.tiff,human melanoma,1,24909,44,11.093974113464355,2.7138192653656006,True,2,2
529.tiff,human melanoma,1,24934,46,11.070877075195312,2.7080864906311035,True,2,2
529.tiff,human melanoma,1,24906,101,9.93530559539795,2.426241874694824,True,2,2
529.tiff,human melanoma,1,24914,268,8.786126136779785,2.141019582748413,True,2,2
529.tiff,human melanoma,1,24918,328,8.50451374053955,2.071124315261841,True,2,2
529.tiff,human melanoma,1,24917,787,6.949871063232422,1.685267686843872,True,2,2
529.tiff,human melanoma,1,24929,888,6.726357460021973,1.629792332649231,False,3,2
529.tiff,human melanoma,1,24932,2347,5.008526802062988,1.2034329175949097,False,3,2
529.tiff,human melanoma,1,24912,2516,4.893319129943848,1.1748387813568115,False,3,2
529.tiff,human melanoma,2,24925,1,13.615226745605469,4.834837436676025,False,3,2
529.tiff,human melanoma,2,24906,12,11.93113899230957,4.232493877410889,True,2,2
529.tiff,human melanoma,2,24934,16,11.474814414978027,4.069281578063965,True,2,2
529.tiff,human melanoma,2,24930,28,10.826963424682617,3.837566375732422,True,2,2
529.tiff,human melanoma,2,24901,36,10.68240737915039,3.7858633995056152,True,2,2
529.tiff,human melanoma,2,24909,49,10.296568870544434,3.6478614807128906,True,2,2
529.tiff,human melanoma,2,24904,76,9.729936599731445,3.445195436477661,True,2,2
529.tiff,human melanoma,2,24935,78,9.682079315185547,3.4280786514282227,False,3,2
529.tiff,human melanoma,2,24914,95,9.507566452026367,3.365661144256592,True,2,2
529.tiff,human melanoma,2,24905,111,9.333986282348633,3.303576946258545,False,3,2
529.tiff,human melanoma,2,24907,115,9.30121898651123,3.2918572425842285,False,3,2
529.tiff,human melanoma,2,24908,334,7.6703691482543945,2.708555221557617,True,2,2
529.tiff,human melanoma,2,24937,390,7.388087749481201,2.6075923442840576,True,2,2
529.tiff,human melanoma,2,24923,516,6.990461826324463,2.46537446975708,True,2,2
529.tiff,human melanoma,2,24929,540,6.923379421234131,2.4413812160491943,False,3,2
529.tiff,human melanoma,2,24918,553,6.899499893188477,2.432840347290039,True,2,2
529.tiff,human melanoma,2,24912,884,6.094387054443359,2.1448776721954346,False,3,2
529.tiff,human melanoma,2,24932,3729,3.8324246406555176,1.335847020149231,False,3,2
529.tiff,human melanoma,2,24917,5836,3.088643789291382,1.069820761680603,True,2,2
529.tiff,human melanoma,3,24905,1,11.839384078979492,6.2661213874816895,False,3,2
529.tiff,human melanoma,3,24908,4,11.314835548400879,5.984984874725342,True,2,2
529.tiff,human melanoma,3,24934,5,11.303065299987793,5.9786763191223145,True,2,2
529.tiff,human melanoma,3,24925,6,11.175124168395996,5.910105228424072,False,3,2
529.tiff,human melanoma,3,24930,7,11.162352561950684,5.903260231018066,True,2,2
529.tiff,human melanoma,3,24904,10,10.702837944030762,5.656979084014893,True,2,2
529.tiff,human melanoma,3,24907,11,10.530080795288086,5.564388275146484,False,3,2
529.tiff,human melanoma,3,24906,26,9.1787748336792,4.84014368057251,True,2,2
529.tiff,human melanoma,3,24918,54,8.461803436279297,4.455875873565674,True,2,2
529.tiff,human melanoma,3,24935,62,8.278197288513184,4.357470512390137,False,3,2
529.tiff,human melanoma,3,24923,66,8.188945770263672,4.309635639190674,True,2,2
529.tiff,human melanoma,3,24911,252,6.76230001449585,3.545011520385742,True,2,2
529.tiff,human melanoma,3,24912,308,6.58637809753418,3.4507246017456055,False,3,2
529.tiff,human melanoma,3,24901,364,6.4041900634765625,3.353079319000244,True,2,2
529.tiff,human melanoma,3,24932,368,6.393839359283447,3.347531795501709,False,3,2
529.tiff,human melanoma,3,24937,926,5.454710006713867,2.8441967964172363,True,2,2
529.tiff,human melanoma,3,24914,1460,4.97208309173584,2.5855283737182617,True,2,2
529.tiff,human melanoma,3,24929,2135,4.556071758270264,2.362563371658325,False,3,2
529.tiff,human melanoma,3,24917,2961,4.190443515777588,2.1666014194488525,True,2,2
529.tiff,human melanoma,4,24908,2,12.577632904052734,4.147695064544678,True,2,2
529.tiff,human melanoma,4,24925,3,12.508901596069336,4.124787330627441,False,3,2
529.tiff,human melanoma,4,24930,8,11.702138900756836,3.8558969497680664,True,2,2
529.tiff,human melanoma,4,24907,9,11.701268196105957,3.8556065559387207,False,3,2
529.tiff,human melanoma,4,24905,29,10.529230117797852,3.4649717807769775,False,3,2
529.tiff,human melanoma,4,24906,36,10.38848876953125,3.418063163757324,True,2,2
529.tiff,human melanoma,4,24904,53,10.075261116027832,3.3136658668518066,True,2,2
529.tiff,human melanoma,4,24909,113,9.307391166687012,3.0577385425567627,True,2,2
529.tiff,human melanoma,4,24935,144,8.951803207397461,2.939222574234009,False,3,2
529.tiff,human melanoma,4,24901,164,8.798654556274414,2.888178825378418,True,2,2
529.tiff,human melanoma,4,24912,195,8.621334075927734,2.8290786743164062,False,3,2
529.tiff,human melanoma,4,24923,228,8.471602439880371,2.7791738510131836,True,2,2
529.tiff,human melanoma,4,24934,234,8.430012702941895,2.7653121948242188,True,2,2
529.tiff,human melanoma,4,24929,253,8.352762222290039,2.739564895629883,False,3,2
529.tiff,human melanoma,4,24911,445,7.529552936553955,2.465193033218384,True,2,2
529.tiff,human melanoma,4,24914,1167,5.930570602416992,1.9322596788406372,True,2,2
529.tiff,human melanoma,4,24932,1312,5.781299591064453,1.882508397102356,False,3,2
529.tiff,human melanoma,4,24937,1365,5.717532634735107,1.861255168914795,True,2,2
529.tiff,human melanoma,4,24917,1739,5.40074348449707,1.7556707859039307,True,2,2
548.tiff,human melanoma,0,25794,1,14.636909484863281,8.930952072143555,True,2,2
548.tiff,human melanoma,0,25717,2,14.509357452392578,8.852643966674805,True,2,2
548.tiff,human melanoma,0,25757,4,14.395756721496582,8.7829008102417,True,2,2
548.tiff,human melanoma,0,25738,5,14.209029197692871,8.66826343536377,True,2,2
548.tiff,human melanoma,0,25916,6,14.128092765808105,8.618574142456055,False,3,2
548.tiff,human melanoma,0,25781,11,13.606637001037598,8.298436164855957,True,2,2
548.tiff,human melanoma,0,25802,13,13.403645515441895,8.173813819885254,True,2,2
548.tiff,human melanoma,0,25921,15,13.183683395385742,8.038772583007812,False,3,2
548.tiff,human melanoma,0,25705,16,13.032605171203613,7.94602108001709,True,2,2
548.tiff,human melanoma,0,25782,17,12.98300552368164,7.91556978225708,True,2,2
548.tiff,human melanoma,0,25726,18,12.87647533416748,7.850167274475098,True,2,2
548.tiff,human melanoma,0,25698,20,12.503804206848145,7.621373176574707,True,2,2
548.tiff,human melanoma,0,25844,21,12.412731170654297,7.565460681915283,True,2,2
548.tiff,human melanoma,0,25754,23,12.360862731933594,7.5336174964904785,True,2,2
548.tiff,human melanoma,0,25761,26,12.330401420593262,7.514915943145752,False,3,2
548.tiff,human melanoma,0,25735,29,12.202939987182617,7.436663627624512,True,2,2
548.tiff,human melanoma,0,25805,31,12.17419147491455,7.419013977050781,False,3,2
548.tiff,human melanoma,0,25787,33,12.164449691772461,7.413033485412598,True,2,2
548.tiff,human melanoma,0,25818,34,12.16051197052002,7.410615921020508,True,2,2
548.tiff,human melanoma,0,25760,35,12.15836238861084,7.40929651260376,True,2,2
548.tiff,human melanoma,0,25759,36,12.093910217285156,7.36972713470459,True,2,2
548.tiff,human melanoma,0,25744,37,12.055706977844238,7.346272945404053,False,3,2
548.tiff,human melanoma,0,25766,39,11.981232643127441,7.300550937652588,True,2,2
548.tiff,human melanoma,0,25742,40,11.874855995178223,7.23524284362793,True,2,2
548.tiff,human melanoma,0,25764,41,11.863970756530762,7.228560447692871,True,2,2
548.tiff,human melanoma,0,25740,43,11.843362808227539,7.215908527374268,False,3,2
548.tiff,human melanoma,0,25838,44,11.779529571533203,7.1767191886901855,True,2,2
548.tiff,human melanoma,0,25765,46,11.662125587463379,7.104641437530518,True,2,2
548.tiff,human melanoma,0,25768,47,11.597488403320312,7.064958572387695,True,2,2
548.tiff,human melanoma,0,25693,48,11.540321350097656,7.029861927032471,True,2,2
548.tiff,human melanoma,0,25708,49,11.493916511535645,7.001372814178467,True,2,2
548.tiff,human melanoma,0,25640,51,11.320489883422852,6.894900798797607,True,2,2
548.tiff,human melanoma,0,25897,53,11.231976509094238,6.840559959411621,False,3,2
548.tiff,human melanoma,0,25633,54,11.226005554199219,6.8368940353393555,True,2,2
548.tiff,human melanoma,0,25606,55,11.224117279052734,6.835734844207764,True,2,2
548.tiff,human melanoma,0,25870,57,11.129444122314453,6.777612209320068,True,2,2
548.tiff,human melanoma,0,25780,58,11.0313720703125,6.717402935028076,True,2,2
548.tiff,human melanoma,0,25621,59,11.009790420532227,6.704153060913086,False,3,2
548.tiff,human melanoma,0,25659,60,10.987481117248535,6.690456867218018,True,2,2
548.tiff,human melanoma,0,25762,62,10.929043769836426,6.654580116271973,True,2,2
548.tiff,human melanoma,0,25866,63,10.91927719116211,6.648584365844727,False,3,2
548.tiff,human melanoma,0,25797,64,10.806939125061035,6.579616546630859,True,2,2
548.tiff,human melanoma,0,25645,65,10.790060997009277,6.569254398345947,True,2,2
548.tiff,human melanoma,0,25702,67,10.779134750366211,6.562546253204346,True,2,2
548.tiff,human melanoma,0,25688,68,10.772076606750488,6.558213233947754,True,2,2
548.tiff,human melanoma,0,25667,69,10.745862007141113,6.54211950302124,True,2,2
548.tiff,human melanoma,0,25756,70,10.713726043701172,6.522389888763428,True,2,2
548.tiff,human melanoma,0,25718,71,10.634307861328125,6.4736328125,True,2,2
548.tiff,human melanoma,0,25874,72,10.557121276855469,6.42624568939209,True,2,2
548.tiff,human melanoma,0,25790,73,10.540040969848633,6.415759563446045,True,2,2
548.tiff,human melanoma,0,25700,74,10.512161254882812,6.398643493652344,True,2,2
548.tiff,human melanoma,0,25749,75,10.502998352050781,6.393017768859863,True,2,2
548.tiff,human melanoma,0,25792,76,10.501011848449707,6.391798496246338,True,2,2
548.tiff,human melanoma,0,25732,82,10.46810531616211,6.371596336364746,True,2,2
548.tiff,human melanoma,0,25720,83,10.416102409362793,6.339669704437256,True,2,2
548.tiff,human melanoma,0,25769,84,10.41286563873291,6.337682723999023,True,2,2
548.tiff,human melanoma,0,25639,86,10.386423110961914,6.321448802947998,True,2,2
548.tiff,human melanoma,0,25845,88,10.249460220336914,6.237363338470459,True,2,2
548.tiff,human melanoma,0,25816,89,10.203386306762695,6.209076881408691,False,3,2
548.tiff,human melanoma,0,25626,91,10.1813383102417,6.1955413818359375,True,2,2
548.tiff,human melanoma,0,25686,92,10.167052268981934,6.186770439147949,True,2,2
548.tiff,human melanoma,0,25731,93,10.161775588989258,6.183530807495117,True,2,2
548.tiff,human melanoma,0,25830,95,10.131682395935059,6.165055751800537,True,2,2
548.tiff,human melanoma,0,25803,97,10.10760498046875,6.150274276733398,True,2,2
548.tiff,human melanoma,0,25684,99,10.05821704864502,6.119953155517578,True,2,2
548.tiff,human melanoma,0,25695,100,10.038103103637695,6.107604503631592,False,3,2
548.tiff,human melanoma,0,25851,101,9.984317779541016,6.074584484100342,True,2,2
548.tiff,human melanoma,0,25704,102,9.958381652832031,6.058661460876465,True,2,2
548.tiff,human melanoma,0,25607,103,9.929075241088867,6.040668964385986,True,2,2
548.tiff,human melanoma,0,25613,104,9.92783260345459,6.039906024932861,True,2,2
548.tiff,human melanoma,0,25772,105,9.902609825134277,6.024421215057373,True,2,2
548.tiff,human melanoma,0,25644,107,9.844433784484863,5.988705158233643,True,2,2
548.tiff,human melanoma,0,25636,108,9.812655448913574,5.96919584274292,True,2,2
548.tiff,human melanoma,0,25710,110,9.754772186279297,5.933659076690674,False,3,2
548.tiff,human melanoma,0,25711,112,9.722382545471191,5.913774490356445,False,3,2
548.tiff,human melanoma,0,25771,113,9.715396881103516,5.909485816955566,True,2,2
548.tiff,human melanoma,0,25835,115,9.67082691192627,5.882122993469238,True,2,2
548.tiff,human melanoma,0,25727,116,9.660858154296875,5.876002311706543,True,2,2
548.tiff,human melanoma,0,25630,117,9.630428314208984,5.857320785522461,True,2,2
548.tiff,human melanoma,0,25611,120,9.605318069458008,5.841905117034912,False,3,2
548.tiff,human melanoma,0,25852,123,9.5760498046875,5.823936462402344,True,2,2
548.tiff,human melanoma,0,25625,126,9.532391548156738,5.797132968902588,True,2,2
548.tiff,human melanoma,0,25701,127,9.521134376525879,5.790221691131592,True,2,2
548.tiff,human melanoma,0,25673,131,9.500218391418457,5.77738094329834,True,2,2
548.tiff,human melanoma,0,25739,133,9.490738868713379,5.771561145782471,True,2,2
548.tiff,human melanoma,0,25817,134,9.432767868041992,5.735970973968506,True,2,2
548.tiff,human melanoma,0,25680,137,9.351136207580566,5.685854911804199,True,2,2
548.tiff,human melanoma,0,25789,138,9.338651657104492,5.678190231323242,True,2,2
548.tiff,human melanoma,0,25777,141,9.316526412963867,5.664607048034668,True,2,2
548.tiff,human melanoma,0,25734,142,9.306772232055664,5.658618450164795,True,2,2
548.tiff,human melanoma,0,25712,143,9.274676322937012,5.638914108276367,True,2,2
548.tiff,human melanoma,0,25617,145,9.260876655578613,5.630441665649414,False,3,2
548.tiff,human melanoma,0,25793,146,9.255172729492188,5.6269402503967285,True,2,2
548.tiff,human melanoma,0,25860,150,9.193514823913574,5.589086532592773,False,3,2
548.tiff,human melanoma,0,25627,152,9.173982620239258,5.577095031738281,True,2,2
548.tiff,human melanoma,0,25773,153,9.17383098602295,5.577002048492432,True,2,2
548.tiff,human melanoma,0,25836,154,9.166915893554688,5.572756290435791,True,2,2
548.tiff,human melanoma,0,25605,157,9.13449478149414,5.552852153778076,True,2,2
548.tiff,human melanoma,0,25603,159,9.1215238571167,5.544888973236084,True,2,2
548.tiff,human melanoma,0,25664,160,9.11694622039795,5.542078495025635,True,2,2
548.tiff,human melanoma,0,25663,164,9.063194274902344,5.509078502655029,True,2,2
548.tiff,human melanoma,0,25840,165,9.054369926452637,5.503661155700684,True,2,2
548.tiff,human melanoma,0,25612,167,9.0457181930542,5.498349666595459,True,2,2
548.tiff,human melanoma,0,25721,171,9.015457153320312,5.479771614074707,False,3,2
548.tiff,human melanoma,0,25882,173,9.006229400634766,5.474106311798096,True,2,2
548.tiff,human melanoma,0,25623,175,8.979449272155762,5.457664966583252,True,2,2
548.tiff,human melanoma,0,25859,178,8.970861434936523,5.452392578125,True,2,2
548.tiff,human melanoma,0,25699,181,8.930420875549316,5.427565097808838,True,2,2
548.tiff,human melanoma,0,25822,183,8.922438621520996,5.422664165496826,False,3,2
548.tiff,human melanoma,0,25737,184,8.920462608337402,5.421451091766357,True,2,2
548.tiff,human melanoma,0,25849,185,8.908109664916992,5.413867473602295,False,3,2
548.tiff,human melanoma,0,25656,190,8.86868953704834,5.3896660804748535,True,2,2
548.tiff,human melanoma,0,25925,192,8.838348388671875,5.371038913726807,False,3,2
548.tiff,human melanoma,0,25884,197,8.774317741394043,5.331728458404541,True,2,2
548.tiff,human melanoma,0,25829,201,8.727736473083496,5.303130626678467,True,2,2
548.tiff,human melanoma,0,25690,204,8.701997756958008,5.287329196929932,True,2,2
548.tiff,human melanoma,0,25691,211,8.600485801696777,5.225008010864258,False,3,2
548.tiff,human melanoma,0,25919,212,8.525412559509277,5.178918361663818,False,3,2
548.tiff,human melanoma,0,25767,215,8.48245620727539,5.152545928955078,True,2,2
548.tiff,human melanoma,0,25653,216,8.474614143371582,5.147731304168701,True,2,2
548.tiff,human melanoma,0,25682,217,8.464068412780762,5.141257286071777,False,3,2
548.tiff,human melanoma,0,25824,218,8.459512710571289,5.138460159301758,True,2,2
548.tiff,human melanoma,0,25825,219,8.446242332458496,5.130312919616699,True,2,2
548.tiff,human melanoma,0,25666,223,8.403833389282227,5.10427713394165,True,2,2
548.tiff,human melanoma,0,25847,225,8.399768829345703,5.101781368255615,True,2,2
548.tiff,human melanoma,0,25676,226,8.395014762878418,5.098862648010254,False,3,2
548.tiff,human melanoma,0,25862,230,8.37439250946045,5.086202144622803,True,2,2
548.tiff,human melanoma,0,25654,232,8.350022315979004,5.071240425109863,True,2,2
548.tiff,human melanoma,0,25853,235,8.282081604003906,5.029529571533203,False,3,2
548.tiff,human melanoma,0,25670,236,8.277283668518066,5.026584148406982,True,2,2
548.tiff,human melanoma,0,25643,238,8.257301330566406,5.014316558837891,True,2,2
548.tiff,human melanoma,0,25620,241,8.21412181854248,4.987807273864746,True,2,2
548.tiff,human melanoma,0,25801,242,8.211906433105469,4.986447334289551,False,3,2
548.tiff,human melanoma,0,25810,244,8.195783615112305,4.97654914855957,True,2,2
548.tiff,human melanoma,0,25857,246,8.193389892578125,4.975079536437988,True,2,2
548.tiff,human melanoma,0,25807,248,8.160260200500488,4.954740047454834,False,3,2
548.tiff,human melanoma,0,25820,249,8.156325340270996,4.952324390411377,True,2,2
548.tiff,human melanoma,0,25660,250,8.147960662841797,4.947188854217529,False,3,2
548.tiff,human melanoma,0,25924,255,8.097030639648438,4.915921211242676,False,3,2
548.tiff,human melanoma,0,25677,257,8.087183952331543,4.909876346588135,False,3,2
548.tiff,human melanoma,0,25775,258,8.083733558654785,4.9077582359313965,True,2,2
548.tiff,human melanoma,0,25733,260,8.06685733795166,4.897397041320801,True,2,2
548.tiff,human melanoma,0,25809,261,8.060362815856934,4.893409729003906,True,2,2
548.tiff,human melanoma,0,25719,269,8.01649284362793,4.866477012634277,True,2,2
548.tiff,human melanoma,0,25743,274,7.991098403930664,4.850886344909668,True,2,2
548.tiff,human melanoma,0,25728,277,7.970314025878906,4.838126182556152,True,2,2
548.tiff,human melanoma,0,25785,278,7.958487033843994,4.830865383148193,True,2,2
548.tiff,human melanoma,0,25783,279,7.957066535949707,4.82999324798584,True,2,2
548.tiff,human melanoma,0,25755,280,7.951340675354004,4.826478004455566,True,2,2
548.tiff,human melanoma,0,25776,285,7.8618669509887695,4.771547317504883,True,2,2
548.tiff,human melanoma,0,25657,289,7.826440334320068,4.749797821044922,False,3,2
548.tiff,human melanoma,0,25879,290,7.824913501739502,4.7488603591918945,False,3,2
548.tiff,human melanoma,0,25796,292,7.804015636444092,4.736030578613281,True,2,2
548.tiff,human melanoma,0,25696,299,7.755131721496582,4.706019401550293,True,2,2
548.tiff,human melanoma,0,25876,300,7.752061367034912,4.704134464263916,True,2,2
548.tiff,human melanoma,0,25826,302,7.745312213897705,4.699990749359131,True,2,2
548.tiff,human melanoma,0,25671,304,7.7412848472595215,4.697518348693848,True,2,2
548.tiff,human melanoma,0,25694,311,7.677455902099609,4.658331871032715,False,3,2
548.tiff,human melanoma,0,25907,316,7.613374710083008,4.618990421295166,False,3,2
548.tiff,human melanoma,0,25883,319,7.5892767906188965,4.604196071624756,True,2,2
548.tiff,human melanoma,0,25608,320,7.584395408630371,4.601199150085449,False,3,2
548.tiff,human melanoma,0,25819,329,7.521298885345459,4.562462329864502,True,2,2
548.tiff,human melanoma,0,25752,332,7.51774263381958,4.56027889251709,True,2,2
548.tiff,human melanoma,0,25795,333,7.515719413757324,4.559036731719971,True,2,2
548.tiff,human melanoma,0,25751,334,7.515147686004639,4.558685779571533,True,2,2
548.tiff,human melanoma,0,25928,339,7.481813430786133,4.5382208824157715,False,3,2
548.tiff,human melanoma,0,25604,346,7.434068202972412,4.508908748626709,True,2,2
548.tiff,human melanoma,0,25722,347,7.427868843078613,4.505102634429932,True,2,2
548.tiff,human melanoma,0,25614,353,7.37614631652832,4.473348617553711,True,2,2
548.tiff,human melanoma,0,25629,354,7.367221832275391,4.467869758605957,True,2,2
548.tiff,human melanoma,0,25687,355,7.357418537139893,4.461851119995117,True,2,2
548.tiff,human melanoma,0,25763,363,7.298197269439697,4.425493240356445,True,2,2
548.tiff,human melanoma,0,25624,368,7.260461807250977,4.402326583862305,True,2,2
548.tiff,human melanoma,0,25864,375,7.211625099182129,4.372344017028809,False,3,2
548.tiff,human melanoma,0,25675,376,7.204808712005615,4.368159294128418,False,3,2
548.tiff,human melanoma,0,25652,379,7.193026065826416,4.360925674438477,True,2,2
548.tiff,human melanoma,0,25828,381,7.183915615081787,4.355332374572754,True,2,2
548.tiff,human melanoma,0,25850,382,7.1830735206604,4.354815483093262,True,2,2
548.tiff,human melanoma,0,25658,398,7.10432767868042,4.30647087097168,False,3,2
548.tiff,human melanoma,0,25674,416,6.990017414093018,4.236292362213135,True,2,2
548.tiff,human melanoma,0,25651,417,6.988298416137695,4.235237121582031,True,2,2
548.tiff,human melanoma,0,25631,422,6.961939811706543,4.219054698944092,False,3,2
548.tiff,human melanoma,0,25778,435,6.901585102081299,4.182001113891602,True,2,2
548.tiff,human melanoma,0,25634,448,6.799537181854248,4.119350910186768,True,2,2
548.tiff,human melanoma,0,25855,452,6.767418384552002,4.099632263183594,True,2,2
548.tiff,human melanoma,0,25646,457,6.731236457824707,4.077418804168701,True,2,2
548.tiff,human melanoma,0,25944,460,6.718843936920166,4.06981086730957,False,3,2
548.tiff,human melanoma,0,25622,466,6.701094150543213,4.058913707733154,True,2,2
548.tiff,human melanoma,0,25821,507,6.5392608642578125,3.959559679031372,True,2,2
548.tiff,human melanoma,0,25714,512,6.529139041900635,3.953345537185669,False,3,2
548.tiff,human melanoma,0,25628,516,6.503955364227295,3.9378840923309326,True,2,2
548.tiff,human melanoma,0,25685,517,6.50361442565918,3.9376749992370605,True,2,2
548.tiff,human melanoma,0,25812,518,6.497227668762207,3.9337539672851562,True,2,2
548.tiff,human melanoma,0,25697,523,6.4666972160339355,3.9150102138519287,True,2,2
548.tiff,human melanoma,0,25713,525,6.439810752868652,3.8985037803649902,True,2,2
548.tiff,human melanoma,0,25839,556,6.298317909240723,3.8116371631622314,False,3,2
548.tiff,human melanoma,0,25827,564,6.259274482727051,3.7876670360565186,True,2,2
548.tiff,human melanoma,0,25856,647,5.9968743324279785,3.6265716552734375,True,2,2
548.tiff,human melanoma,0,25615,663,5.93665075302124,3.5895986557006836,True,2,2
548.tiff,human melanoma,0,25858,679,5.8807902336120605,3.5553042888641357,False,3,2
548.tiff,human melanoma,0,25848,690,5.857278823852539,3.540869951248169,True,2,2
548.tiff,human melanoma,0,25875,696,5.849682807922363,3.5362064838409424,True,2,2
548.tiff,human melanoma,0,25635,736,5.751493453979492,3.4759249687194824,True,2,2
548.tiff,human melanoma,0,25909,751,5.714255332946777,3.453063488006592,False,3,2
548.tiff,human melanoma,0,25647,761,5.6851887702941895,3.435218572616577,True,2,2
548.tiff,human melanoma,0,25637,770,5.668155193328857,3.4247610569000244,True,2,2
548.tiff,human melanoma,0,25779,797,5.6209025382995605,3.3957512378692627,True,2,2
548.tiff,human melanoma,0,25837,799,5.617875576019287,3.393892765045166,True,2,2
548.tiff,human melanoma,0,25831,838,5.552468299865723,3.3537373542785645,True,2,2
548.tiff,human melanoma,0,25808,847,5.537722587585449,3.344684600830078,False,3,2
548.tiff,human melanoma,0,25672,856,5.516180038452148,3.331458806991577,True,2,2
548.tiff,human melanoma,0,25918,869,5.498417377471924,3.32055401802063,False,3,2
548.tiff,human melanoma,0,25609,878,5.485621929168701,3.3126983642578125,True,2,2
548.tiff,human melanoma,0,25648,881,5.482028961181641,3.310492515563965,True,2,2
548.tiff,human melanoma,0,25723,973,5.348294734954834,3.228389024734497,True,2,2
548.tiff,human melanoma,0,25947,1009,5.291147232055664,3.1933045387268066,False,3,2
548.tiff,human melanoma,0,25707,1017,5.275845050811768,3.1839101314544678,False,3,2
548.tiff,human melanoma,0,25854,1129,5.107910633087158,3.080810070037842,True,2,2
548.tiff,human melanoma,0,25681,1130,5.1054558753967285,3.079303026199341,True,2,2
548.tiff,human melanoma,0,25692,1148,5.083602428436279,3.0658864974975586,False,3,2
548.tiff,human melanoma,0,25736,1229,4.979074001312256,3.001713275909424,True,2,2
548.tiff,human melanoma,0,25896,1452,4.785403251647949,2.882812976837158,False,3,2
548.tiff,human melanoma,0,25885,1479,4.766656875610352,2.8713040351867676,False,3,2
548.tiff,human melanoma,0,25861,1480,4.766100883483887,2.870962619781494,True,2,2
548.tiff,human melanoma,0,25616,1645,4.661037921905518,2.8064613342285156,True,2,2
548.tiff,human melanoma,0,25642,1718,4.615174293518066,2.778304100036621,True,2,2
548.tiff,human melanoma,0,25863,2075,4.410990238189697,2.652949333190918,True,2,2
548.tiff,human melanoma,0,25915,2187,4.357166767120361,2.619905471801758,False,3,2
548.tiff,human melanoma,0,25788,2217,4.339033603668213,2.6087729930877686,True,2,2
548.tiff,human melanoma,0,25703,2293,4.29957914352417,2.5845508575439453,True,2,2
548.tiff,human melanoma,0,25729,2459,4.230715751647949,2.5422732830047607,True,2,2
548.tiff,human melanoma,0,25806,2536,4.199349880218506,2.523016929626465,True,2,2
548.tiff,human melanoma,0,25786,2717,4.117588043212891,2.47282075881958,True,2,2
548.tiff,human melanoma,0,25770,2844,4.0748138427734375,2.4465603828430176,True,2,2
548.tiff,human melanoma,0,25832,3712,3.792224645614624,2.2730703353881836,True,2,2
548.tiff,human melanoma,0,25638,5190,3.415057897567749,2.0415163040161133,True,2,2
548.tiff,human melanoma,0,25791,5735,3.3128440380096436,1.9787641763687134,True,2,2
548.tiff,human melanoma,0,25774,7949,2.915358304977417,1.7347357273101807,True,2,2
548.tiff,human melanoma,1,25759,1,13.889212608337402,9.332452774047852,True,2,2
548.tiff,human melanoma,1,25765,2,13.625804901123047,9.154050827026367,True,2,2
548.tiff,human melanoma,1,25708,5,12.944397926330566,8.692543029785156,True,2,2
548.tiff,human melanoma,1,25794,6,12.921167373657227,8.676809310913086,True,2,2
548.tiff,human melanoma,1,25802,7,12.77841854095459,8.580127716064453,True,2,2
548.tiff,human melanoma,1,25804,8,12.682490348815918,8.515156745910645,True,2,2
548.tiff,human melanoma,1,25742,9,12.671900749206543,8.50798511505127,True,2,2
548.tiff,human melanoma,1,25740,10,12.468561172485352,8.37026596069336,False,3,2
548.tiff,human melanoma,1,25782,11,12.453686714172363,8.360191345214844,True,2,2
548.tiff,human melanoma,1,25916,12,12.221632957458496,8.203024864196777,False,3,2
548.tiff,human melanoma,1,25772,13,12.211061477661133,8.1958646774292,True,2,2
548.tiff,human melanoma,1,25698,14,12.126815795898438,8.138806343078613,True,2,2
548.tiff,human melanoma,1,25726,15,12.104161262512207,8.123462677001953,True,2,2
548.tiff,human melanoma,1,25805,16,11.955305099487305,8.022644996643066,False,3,2
548.tiff,human melanoma,1,25667,17,11.927170753479004,8.003589630126953,True,2,2
548.tiff,human melanoma,1,25851,18,11.825809478759766,7.934939384460449,True,2,2
548.tiff,human melanoma,1,25792,19,11.796926498413086,7.915377140045166,True,2,2
548.tiff,human melanoma,1,25684,20,11.74304485321045,7.8788838386535645,True,2,2
548.tiff,human melanoma,1,25773,21,11.721582412719727,7.864347457885742,True,2,2
548.tiff,human melanoma,1,25626,22,11.7074556350708,7.8547797203063965,True,2,2
548.tiff,human melanoma,1,25739,23,11.69955062866211,7.849425792694092,True,2,2
548.tiff,human melanoma,1,25764,25,11.60361099243164,7.784447193145752,True,2,2
548.tiff,human melanoma,1,25717,26,11.575777053833008,7.76559591293335,True,2,2
548.tiff,human melanoma,1,25718,27,11.460029602050781,7.687201976776123,True,2,2
548.tiff,human melanoma,1,25797,29,11.382474899291992,7.634675025939941,True,2,2
548.tiff,human melanoma,1,25688,30,11.287057876586914,7.570050239562988,True,2,2
548.tiff,human melanoma,1,25732,32,11.267541885375977,7.556832313537598,True,2,2
548.tiff,human melanoma,1,25820,33,11.073583602905273,7.425467491149902,True,2,2
548.tiff,human melanoma,1,25767,35,10.976591110229492,7.359776020050049,True,2,2
548.tiff,human melanoma,1,25874,36,10.96428108215332,7.351438045501709,True,2,2
548.tiff,human melanoma,1,25781,38,10.910566329956055,7.31505823135376,True,2,2
548.tiff,human melanoma,1,25761,40,10.807631492614746,7.245341777801514,False,3,2
548.tiff,human melanoma,1,25735,42,10.792346954345703,7.234990119934082,True,2,2
548.tiff,human melanoma,1,25705,43,10.789913177490234,7.233341693878174,True,2,2
548.tiff,human melanoma,1,25613,44,10.78026008605957,7.226803779602051,True,2,2
548.tiff,human melanoma,1,25711,45,10.759316444396973,7.212618827819824,False,3,2
548.tiff,human melanoma,1,25754,46,10.748241424560547,7.205117702484131,True,2,2
548.tiff,human melanoma,1,25762,47,10.657065391540527,7.143365383148193,True,2,2
548.tiff,human melanoma,1,25793,48,10.476052284240723,7.020768165588379,True,2,2
548.tiff,human melanoma,1,25838,49,10.407326698303223,6.9742207527160645,True,2,2
548.tiff,human melanoma,1,25921,53,10.288607597351074,6.893814563751221,False,3,2
548.tiff,human melanoma,1,25625,55,10.256332397460938,6.871954441070557,True,2,2
548.tiff,human melanoma,1,25654,56,10.22506332397461,6.850776672363281,True,2,2
548.tiff,human melanoma,1,25720,57,10.120640754699707,6.780052661895752,True,2,2
548.tiff,human melanoma,1,25734,60,10.052351951599121,6.73380184173584,True,2,2
548.tiff,human melanoma,1,25737,61,10.019660949707031,6.711660385131836,True,2,2
548.tiff,human melanoma,1,25818,62,10.018450736999512,6.710841178894043,True,2,2
548.tiff,human melanoma,1,25686,63,10.010921478271484,6.7057414054870605,True,2,2
548.tiff,human melanoma,1,25768,64,9.906991958618164,6.635351657867432,True,2,2
548.tiff,human melanoma,1,25870,65,9.860301971435547,6.603729248046875,True,2,2
548.tiff,human melanoma,1,25757,66,9.851402282714844,6.597701549530029,True,2,2
548.tiff,human melanoma,1,25777,69,9.779494285583496,6.548999309539795,True,2,2
548.tiff,human melanoma,1,25803,71,9.729373931884766,6.5150532722473145,True,2,2
548.tiff,human melanoma,1,25760,72,9.718369483947754,6.5076003074646,True,2,2
548.tiff,human melanoma,1,25738,73,9.684614181518555,6.484738349914551,True,2,2
548.tiff,human melanoma,1,25607,74,9.684080123901367,6.484376430511475,True,2,2
548.tiff,human melanoma,1,25769,75,9.663023948669434,6.470115661621094,True,2,2
548.tiff,human melanoma,1,25690,76,9.609979629516602,6.434189319610596,True,2,2
548.tiff,human melanoma,1,25866,78,9.581639289855957,6.414994716644287,False,3,2
548.tiff,human melanoma,1,25629,79,9.52369499206543,6.375749588012695,True,2,2
548.tiff,human melanoma,1,25605,80,9.51301383972168,6.368515491485596,True,2,2
548.tiff,human melanoma,1,25664,81,9.438469886779785,6.318027973175049,True,2,2
548.tiff,human melanoma,1,25695,83,9.289505958557129,6.217136859893799,False,3,2
548.tiff,human melanoma,1,25830,84,9.283409118652344,6.21300745010376,True,2,2
548.tiff,human melanoma,1,25633,85,9.244964599609375,6.186969757080078,True,2,2
548.tiff,human melanoma,1,25604,87,9.184013366699219,6.145688056945801,True,2,2
548.tiff,human melanoma,1,25693,88,9.174324989318848,6.139126777648926,True,2,2
548.tiff,human melanoma,1,25766,91,9.14830207824707,6.121501445770264,True,2,2
548.tiff,human melanoma,1,25857,92,9.123106956481934,6.104437351226807,True,2,2
548.tiff,human melanoma,1,25728,93,9.120344161987305,6.102565765380859,True,2,2
548.tiff,human melanoma,1,25862,95,9.093817710876465,6.08459997177124,True,2,2
548.tiff,human melanoma,1,25771,98,9.080018997192383,6.075254440307617,True,2,2
548.tiff,human melanoma,1,25627,99,9.038704872131348,6.047272682189941,True,2,2
548.tiff,human melanoma,1,25680,101,9.004138946533203,6.023861885070801,True,2,2
548.tiff,human melanoma,1,25701,102,9.003456115722656,6.023399353027344,True,2,2
548.tiff,human melanoma,1,25807,105,8.96389102935791,5.996602535247803,False,3,2
548.tiff,human melanoma,1,25685,106,8.921130180358887,5.967641353607178,True,2,2
548.tiff,human melanoma,1,25826,107,8.90027904510498,5.953518867492676,True,2,2
548.tiff,human melanoma,1,25845,108,8.898526191711426,5.952332019805908,True,2,2
548.tiff,human melanoma,1,25704,110,8.759812355041504,5.8583831787109375,True,2,2
548.tiff,human melanoma,1,25844,111,8.740998268127441,5.845640182495117,True,2,2
548.tiff,human melanoma,1,25659,112,8.739810943603516,5.844836235046387,True,2,2
548.tiff,human melanoma,1,25790,113,8.667540550231934,5.795888423919678,True,2,2
548.tiff,human melanoma,1,25783,114,8.632888793945312,5.772419452667236,True,2,2
548.tiff,human melanoma,1,25743,116,8.6145601272583,5.760005950927734,True,2,2
548.tiff,human melanoma,1,25749,118,8.589361190795898,5.742938995361328,True,2,2
548.tiff,human melanoma,1,25785,119,8.447388648986816,5.646782875061035,True,2,2
548.tiff,human melanoma,1,25924,120,8.427521705627441,5.633327484130859,False,3,2
548.tiff,human melanoma,1,25796,122,8.385972023010254,5.605186462402344,True,2,2
548.tiff,human melanoma,1,25850,123,8.383509635925293,5.603518486022949,True,2,2
548.tiff,human melanoma,1,25787,124,8.375321388244629,5.597972869873047,True,2,2
548.tiff,human melanoma,1,25702,126,8.334649085998535,5.570425987243652,True,2,2
548.tiff,human melanoma,1,25744,127,8.333006858825684,5.5693135261535645,False,3,2
548.tiff,human melanoma,1,25623,131,8.23835277557373,5.5052056312561035,True,2,2
548.tiff,human melanoma,1,25828,132,8.2329683303833,5.501559257507324,True,2,2
548.tiff,human melanoma,1,25755,135,8.18293571472168,5.467672824859619,True,2,2
548.tiff,human melanoma,1,25673,139,8.173308372497559,5.461152076721191,True,2,2
548.tiff,human melanoma,1,25644,140,8.169551849365234,5.458608150482178,True,2,2
548.tiff,human melanoma,1,25660,141,8.129755973815918,5.431654453277588,False,3,2
548.tiff,human melanoma,1,25727,142,8.125328063964844,5.428656101226807,True,2,2
548.tiff,human melanoma,1,25897,144,8.087380409240723,5.402954578399658,False,3,2
548.tiff,human melanoma,1,25670,150,8.04039192199707,5.371129512786865,True,2,2
548.tiff,human melanoma,1,25809,151,8.027864456176758,5.362645149230957,True,2,2
548.tiff,human melanoma,1,25700,154,7.989742279052734,5.336825370788574,True,2,2
548.tiff,human melanoma,1,25617,155,7.986410617828369,5.334568977355957,False,3,2
548.tiff,human melanoma,1,25611,156,7.982761383056641,5.33209753036499,False,3,2
548.tiff,human melanoma,1,25614,160,7.961517810821533,5.317709445953369,True,2,2
548.tiff,human melanoma,1,25731,163,7.947746276855469,5.308382034301758,True,2,2
548.tiff,human melanoma,1,25666,165,7.941125392913818,5.303897857666016,True,2,2
548.tiff,human melanoma,1,25780,166,7.919500827789307,5.289251804351807,True,2,2
548.tiff,human melanoma,1,25756,167,7.914934158325195,5.286159038543701,True,2,2
548.tiff,human melanoma,1,25697,168,7.886928081512451,5.267190933227539,True,2,2
548.tiff,human melanoma,1,25657,176,7.823525905609131,5.224249362945557,False,3,2
548.tiff,human melanoma,1,25816,177,7.804831504821777,5.211587905883789,False,3,2
548.tiff,human melanoma,1,25656,180,7.742920875549316,5.169656753540039,True,2,2
548.tiff,human melanoma,1,25606,183,7.711027145385742,5.148055553436279,True,2,2
548.tiff,human melanoma,1,25636,184,7.703225612640381,5.1427717208862305,True,2,2
548.tiff,human melanoma,1,25775,186,7.672397613525391,5.12189245223999,True,2,2
548.tiff,human melanoma,1,25812,188,7.663050651550293,5.1155619621276855,True,2,2
548.tiff,human melanoma,1,25723,190,7.6582536697387695,5.1123127937316895,True,2,2
548.tiff,human melanoma,1,25671,193,7.638725280761719,5.099086761474609,True,2,2
548.tiff,human melanoma,1,25682,194,7.633919715881348,5.095831871032715,False,3,2
548.tiff,human melanoma,1,25835,195,7.633906841278076,5.095823287963867,True,2,2
548.tiff,human melanoma,1,25643,197,7.629473686218262,5.092820644378662,True,2,2
548.tiff,human melanoma,1,25822,199,7.6181817054748535,5.085172653198242,False,3,2
548.tiff,human melanoma,1,25639,200,7.615035057067871,5.083041667938232,True,2,2
548.tiff,human melanoma,1,25721,201,7.60311222076416,5.0749664306640625,False,3,2
548.tiff,human melanoma,1,25710,206,7.560582637786865,5.046161651611328,False,3,2
548.tiff,human melanoma,1,25925,207,7.555959224700928,5.043030261993408,False,3,2
548.tiff,human melanoma,1,25795,211,7.533528804779053,5.027838706970215,True,2,2
548.tiff,human melanoma,1,25658,213,7.528504848480225,5.024435997009277,False,3,2
548.tiff,human melanoma,1,25778,215,7.509048938751221,5.011258602142334,True,2,2
548.tiff,human melanoma,1,25651,219,7.459028244018555,4.977380275726318,True,2,2
548.tiff,human melanoma,1,25825,224,7.421148300170898,4.951725006103516,True,2,2
548.tiff,human melanoma,1,25840,226,7.411828994750977,4.945413112640381,True,2,2
548.tiff,human melanoma,1,25817,229,7.397181510925293,4.935492515563965,True,2,2
548.tiff,human melanoma,1,25810,235,7.337986946105957,4.8954010009765625,True,2,2
548.tiff,human melanoma,1,25663,236,7.336123466491699,4.894138813018799,True,2,2
548.tiff,human melanoma,1,25677,238,7.3314971923828125,4.891005516052246,False,3,2
548.tiff,human melanoma,1,25801,246,7.298542022705078,4.868685245513916,False,3,2
548.tiff,human melanoma,1,25836,248,7.275030612945557,4.852761268615723,True,2,2
548.tiff,human melanoma,1,25622,249,7.273965835571289,4.8520402908325195,True,2,2
548.tiff,human melanoma,1,25859,251,7.246225833892822,4.833252429962158,True,2,2
548.tiff,human melanoma,1,25675,257,7.192632675170898,4.79695463180542,False,3,2
548.tiff,human melanoma,1,25736,260,7.17199182510376,4.782974720001221,True,2,2
548.tiff,human melanoma,1,25634,261,7.158812999725342,4.774048805236816,True,2,2
548.tiff,human melanoma,1,25691,264,7.147875785827637,4.766641139984131,False,3,2
548.tiff,human melanoma,1,25714,265,7.129470348358154,4.754175662994385,False,3,2
548.tiff,human melanoma,1,25621,266,7.125301361083984,4.751351833343506,False,3,2
548.tiff,human melanoma,1,25763,273,7.047564506530762,4.698701858520508,True,2,2
548.tiff,human melanoma,1,25819,279,7.006211280822754,4.670693874359131,True,2,2
548.tiff,human melanoma,1,25882,280,7.004017353057861,4.66920804977417,True,2,2
548.tiff,human melanoma,1,25676,281,6.999673366546631,4.666265964508057,False,3,2
548.tiff,human melanoma,1,25847,291,6.927524566650391,4.617400646209717,True,2,2
548.tiff,human melanoma,1,25630,294,6.922154903411865,4.613763809204102,True,2,2
548.tiff,human melanoma,1,25849,295,6.9204511642456055,4.61260986328125,False,3,2
548.tiff,human melanoma,1,25821,305,6.848238468170166,4.563701152801514,True,2,2
548.tiff,human melanoma,1,25884,318,6.777582168579102,4.5158467292785645,True,2,2
548.tiff,human melanoma,1,25776,324,6.75628137588501,4.501420021057129,True,2,2
548.tiff,human melanoma,1,25789,329,6.75025749206543,4.497340202331543,True,2,2
548.tiff,human melanoma,1,25645,330,6.738039016723633,4.489064693450928,True,2,2
548.tiff,human melanoma,1,25854,333,6.721872806549072,4.478115558624268,True,2,2
548.tiff,human melanoma,1,25875,337,6.6881632804870605,4.455284595489502,True,2,2
548.tiff,human melanoma,1,25852,344,6.642220973968506,4.424168586730957,True,2,2
548.tiff,human melanoma,1,25612,345,6.636145114898682,4.420053482055664,True,2,2
548.tiff,human melanoma,1,25713,354,6.561649322509766,4.369598388671875,True,2,2
548.tiff,human melanoma,1,25944,359,6.541263103485107,4.355791091918945,False,3,2
548.tiff,human melanoma,1,25733,371,6.476269721984863,4.311771869659424,True,2,2
548.tiff,human melanoma,1,25853,382,6.427187442779541,4.278529167175293,False,3,2
548.tiff,human melanoma,1,25640,386,6.408776760101318,4.266059875488281,True,2,2
548.tiff,human melanoma,1,25648,391,6.39910364151001,4.2595086097717285,True,2,2
548.tiff,human melanoma,1,25837,399,6.377510070800781,4.2448835372924805,True,2,2
548.tiff,human melanoma,1,25624,400,6.370075225830078,4.2398481369018555,True,2,2
548.tiff,human melanoma,1,25829,404,6.350767612457275,4.226771354675293,True,2,2
548.tiff,human melanoma,1,25883,417,6.271511554718018,4.173092365264893,True,2,2
548.tiff,human melanoma,1,25839,418,6.2712082862854,4.172886848449707,False,3,2
548.tiff,human melanoma,1,25674,425,6.251715660095215,4.159684658050537,True,2,2
548.tiff,human melanoma,1,25855,429,6.22260046005249,4.139965534210205,True,2,2
548.tiff,human melanoma,1,25860,432,6.2103166580200195,4.131645679473877,False,3,2
548.tiff,human melanoma,1,25719,444,6.154490947723389,4.093835830688477,True,2,2
548.tiff,human melanoma,1,25694,459,6.078580379486084,4.042422771453857,False,3,2
548.tiff,human melanoma,1,25824,460,6.068701267242432,4.035731792449951,True,2,2
548.tiff,human melanoma,1,25848,470,6.020683765411377,4.003210067749023,True,2,2
548.tiff,human melanoma,1,25909,472,6.0196661949157715,4.00252103805542,False,3,2
548.tiff,human melanoma,1,25722,499,5.949300765991211,3.9548633098602295,True,2,2
548.tiff,human melanoma,1,25827,502,5.94630241394043,3.9528324604034424,True,2,2
548.tiff,human melanoma,1,25947,514,5.9098920822143555,3.9281723499298096,False,3,2
548.tiff,human melanoma,1,25751,515,5.909245014190674,3.927734375,True,2,2
548.tiff,human melanoma,1,25864,535,5.839614391326904,3.8805744647979736,False,3,2
548.tiff,human melanoma,1,25919,568,5.735450267791748,3.810025691986084,False,3,2
548.tiff,human melanoma,1,25620,587,5.662435531616211,3.760573625564575,True,2,2
548.tiff,human melanoma,1,25861,593,5.649857044219971,3.752054452896118,True,2,2
548.tiff,human melanoma,1,25653,616,5.601386070251465,3.7192258834838867,True,2,2
548.tiff,human melanoma,1,25752,619,5.5963873863220215,3.7158401012420654,True,2,2
548.tiff,human melanoma,1,25879,622,5.58699893951416,3.709481716156006,False,3,2
548.tiff,human melanoma,1,25928,623,5.582208156585693,3.7062368392944336,False,3,2
548.tiff,human melanoma,1,25729,625,5.572625160217285,3.6997463703155518,True,2,2
548.tiff,human melanoma,1,25631,638,5.543376922607422,3.6799371242523193,False,3,2
548.tiff,human melanoma,1,25652,653,5.513553619384766,3.659738063812256,True,2,2
548.tiff,human melanoma,1,25672,745,5.3301873207092285,3.5355467796325684,True,2,2
548.tiff,human melanoma,1,25687,827,5.163897514343262,3.4229209423065186,True,2,2
548.tiff,human melanoma,1,25637,833,5.157956600189209,3.4188973903656006,True,2,2
548.tiff,human melanoma,1,25603,845,5.141698837280273,3.407886266708374,True,2,2
548.tiff,human melanoma,1,25609,890,5.079347133636475,3.3656561374664307,True,2,2
548.tiff,human melanoma,1,25635,900,5.071780681610107,3.3605315685272217,True,2,2
548.tiff,human melanoma,1,25856,919,5.051033973693848,3.346480131149292,True,2,2
548.tiff,human melanoma,1,25696,943,5.010303020477295,3.3188936710357666,True,2,2
548.tiff,human melanoma,1,25628,948,5.006362438201904,3.3162248134613037,True,2,2
548.tiff,human melanoma,1,25646,1009,4.922494888305664,3.259422540664673,True,2,2
548.tiff,human melanoma,1,25876,1031,4.899262428283691,3.243687391281128,True,2,2
548.tiff,human melanoma,1,25699,1057,4.867526531219482,3.2221932411193848,True,2,2
548.tiff,human melanoma,1,25907,1153,4.764100074768066,3.152143955230713,False,3,2
548.tiff,human melanoma,1,25707,1171,4.74577522277832,3.139732837677002,False,3,2
548.tiff,human melanoma,1,25831,1193,4.727046966552734,3.1270482540130615,True,2,2
548.tiff,human melanoma,1,25779,1201,4.718816757202148,3.121474027633667,True,2,2
548.tiff,human melanoma,1,25642,1413,4.525341033935547,2.9904356002807617,True,2,2
548.tiff,human melanoma,1,25608,1417,4.521467685699463,2.9878125190734863,False,3,2
548.tiff,human melanoma,1,25681,1733,4.295304775238037,2.8346354961395264,True,2,2
548.tiff,human melanoma,1,25616,1770,4.272378444671631,2.8191077709198,True,2,2
548.tiff,human melanoma,1,25832,1830,4.234724044799805,2.793604850769043,True,2,2
548.tiff,human melanoma,1,25918,1970,4.155770778656006,2.74013090133667,False,3,2
548.tiff,human melanoma,1,25647,1978,4.153522968292236,2.7386085987091064,True,2,2
548.tiff,human melanoma,1,25786,2066,4.097127914428711,2.700413227081299,True,2,2
548.tiff,human melanoma,1,25692,2380,3.9500465393066406,2.600796937942505,False,3,2
548.tiff,human melanoma,1,25615,2456,3.9250826835632324,2.5838892459869385,True,2,2
548.tiff,human melanoma,1,25885,2513,3.9045450687408447,2.569979429244995,False,3,2
548.tiff,human melanoma,1,25791,2633,3.850975275039673,2.5336973667144775,True,2,2
548.tiff,human melanoma,1,25703,2888,3.752993106842041,2.4673354625701904,True,2,2
548.tiff,human melanoma,1,25896,3207,3.653395891189575,2.3998796939849854,False,3,2
548.tiff,human melanoma,1,25915,3250,3.6406028270721436,2.3912150859832764,False,3,2
548.tiff,human melanoma,1,25788,4708,3.2738535404205322,2.1428210735321045,True,2,2
548.tiff,human melanoma,1,25638,4801,3.2531206607818604,2.1287789344787598,True,2,2
548.tiff,human melanoma,1,25863,5515,3.10949444770813,2.0315029621124268,True,2,2
548.tiff,human melanoma,1,25770,6459,2.9191112518310547,1.9025591611862183,True,2,2
548.tiff,human melanoma,1,25806,6543,2.904650926589966,1.8927654027938843,True,2,2
548.tiff,human melanoma,1,25858,7827,2.6892099380493164,1.7468502521514893,False,3,2
548.tiff,human melanoma,1,25808,8454,2.576719284057617,1.6706619262695312,False,3,2
548.tiff,human melanoma,1,25774,10101,2.31184458732605,1.4912660121917725,True,2,2
548.tiff,human melanoma,2,25794,1,15.494961738586426,11.417597770690918,True,2,2
548.tiff,human melanoma,2,25726,2,14.989969253540039,11.042390823364258,True,2,2
548.tiff,human melanoma,2,25804,3,14.742151260375977,10.85826301574707,True,2,2
548.tiff,human melanoma,2,25781,4,14.42941665649414,10.62590217590332,True,2,2
548.tiff,human melanoma,2,25738,5,14.144733428955078,10.414383888244629,True,2,2
548.tiff,human melanoma,2,25916,6,13.84453296661377,10.191336631774902,False,3,2
548.tiff,human melanoma,2,25759,9,13.440937995910645,9.891467094421387,True,2,2
548.tiff,human melanoma,2,25698,10,13.273548126220703,9.767097473144531,True,2,2
548.tiff,human melanoma,2,25754,11,13.17469596862793,9.693650245666504,True,2,2
548.tiff,human melanoma,2,25705,12,13.156562805175781,9.680177688598633,True,2,2
548.tiff,human melanoma,2,25757,13,13.154131889343262,9.67837142944336,True,2,2
548.tiff,human melanoma,2,25717,15,12.863643646240234,9.462539672851562,True,2,2
548.tiff,human melanoma,2,25765,16,12.790104866027832,9.4079008102417,True,2,2
548.tiff,human melanoma,2,25718,17,12.744794845581055,9.374236106872559,True,2,2
548.tiff,human melanoma,2,25764,18,12.675567626953125,9.322800636291504,True,2,2
548.tiff,human melanoma,2,25782,19,12.66557788848877,9.315378189086914,True,2,2
548.tiff,human melanoma,2,25805,23,12.517915725708008,9.205665588378906,False,3,2
548.tiff,human melanoma,2,25866,24,12.231849670410156,8.993120193481445,False,3,2
548.tiff,human melanoma,2,25688,25,12.154354095458984,8.935541152954102,True,2,2
548.tiff,human melanoma,2,25732,26,12.133599281311035,8.920120239257812,True,2,2
548.tiff,human melanoma,2,25797,28,12.089794158935547,8.8875732421875,True,2,2
548.tiff,human melanoma,2,25921,30,12.01369857788086,8.831034660339355,False,3,2
548.tiff,human melanoma,2,25870,31,12.002710342407227,8.822870254516602,True,2,2
548.tiff,human melanoma,2,25708,32,11.992740631103516,8.815463066101074,True,2,2
548.tiff,human melanoma,2,25792,33,11.94547176361084,8.780342102050781,True,2,2
548.tiff,human melanoma,2,25766,36,11.909612655639648,8.75369930267334,True,2,2
548.tiff,human melanoma,2,25802,38,11.840651512145996,8.702461242675781,True,2,2
548.tiff,human melanoma,2,25667,39,11.780367851257324,8.657670974731445,True,2,2
548.tiff,human melanoma,2,25761,43,11.698596954345703,8.596915245056152,False,3,2
548.tiff,human melanoma,2,25760,44,11.679560661315918,8.582771301269531,True,2,2
548.tiff,human melanoma,2,25844,47,11.464149475097656,8.422721862792969,True,2,2
548.tiff,human melanoma,2,25720,48,11.365976333618164,8.349780082702637,True,2,2
548.tiff,human melanoma,2,25607,51,11.26754379272461,8.276644706726074,True,2,2
548.tiff,human melanoma,2,25897,52,11.263533592224121,8.273665428161621,False,3,2
548.tiff,human melanoma,2,25874,53,11.210652351379395,8.234375,True,2,2
548.tiff,human melanoma,2,25700,54,11.209857940673828,8.233784675598145,True,2,2
548.tiff,human melanoma,2,25803,55,11.16452693939209,8.200103759765625,True,2,2
548.tiff,human melanoma,2,25762,58,11.126477241516113,8.171833038330078,True,2,2
548.tiff,human melanoma,2,25818,59,11.00117015838623,8.078730583190918,True,2,2
548.tiff,human melanoma,2,25742,60,10.923826217651367,8.02126407623291,True,2,2
548.tiff,human melanoma,2,25785,61,10.922821998596191,8.02051830291748,True,2,2
548.tiff,human melanoma,2,25704,62,10.918509483337402,8.017313957214355,True,2,2
548.tiff,human melanoma,2,25640,63,10.912342071533203,8.012731552124023,True,2,2
548.tiff,human melanoma,2,25740,64,10.888789176940918,7.995232105255127,False,3,2
548.tiff,human melanoma,2,25838,65,10.8659086227417,7.978231430053711,True,2,2
548.tiff,human melanoma,2,25684,66,10.847245216369629,7.964365482330322,True,2,2
548.tiff,human melanoma,2,25771,67,10.84048843383789,7.959344863891602,True,2,2
548.tiff,human melanoma,2,25787,68,10.759343147277832,7.899054050445557,True,2,2
548.tiff,human melanoma,2,25686,69,10.75240421295166,7.8938984870910645,True,2,2
548.tiff,human melanoma,2,25851,70,10.727250099182129,7.875208854675293,True,2,2
548.tiff,human melanoma,2,25645,73,10.647785186767578,7.816166877746582,True,2,2
548.tiff,human melanoma,2,25739,74,10.62732982635498,7.800968647003174,True,2,2
548.tiff,human melanoma,2,25633,75,10.625178337097168,7.799369812011719,True,2,2
548.tiff,human melanoma,2,25744,77,10.479769706726074,7.69133186340332,False,3,2
548.tiff,human melanoma,2,25768,78,10.478877067565918,7.69066858291626,True,2,2
548.tiff,human melanoma,2,25625,81,10.373527526855469,7.6123948097229,True,2,2
548.tiff,human melanoma,2,25702,82,10.349152565002441,7.5942840576171875,True,2,2
548.tiff,human melanoma,2,25780,84,10.32780933380127,7.578425884246826,True,2,2
548.tiff,human melanoma,2,25830,85,10.284076690673828,7.545933246612549,True,2,2
548.tiff,human melanoma,2,25711,86,10.268706321716309,7.534512996673584,False,3,2
548.tiff,human melanoma,2,25656,88,10.260518074035645,7.52842903137207,True,2,2
548.tiff,human melanoma,2,25790,89,10.240711212158203,7.513712406158447,True,2,2
548.tiff,human melanoma,2,25756,90,10.223451614379883,7.500888824462891,True,2,2
548.tiff,human melanoma,2,25626,91,10.217936515808105,7.496791362762451,True,2,2
548.tiff,human melanoma,2,25743,92,10.205283164978027,7.48738956451416,True,2,2
548.tiff,human melanoma,2,25693,93,10.089431762695312,7.401312828063965,True,2,2
548.tiff,human melanoma,2,25772,94,10.087237358093262,7.399682521820068,True,2,2
548.tiff,human melanoma,2,25859,95,10.081048011779785,7.395083427429199,True,2,2
548.tiff,human melanoma,2,25810,97,10.033012390136719,7.35939359664917,True,2,2
548.tiff,human melanoma,2,25659,99,9.994403839111328,7.330707550048828,True,2,2
548.tiff,human melanoma,2,25793,101,9.953214645385742,7.300103664398193,True,2,2
548.tiff,human melanoma,2,25777,102,9.931056022644043,7.283640384674072,True,2,2
548.tiff,human melanoma,2,25680,104,9.871245384216309,7.239201545715332,True,2,2
548.tiff,human melanoma,2,25767,105,9.83855152130127,7.21491003036499,True,2,2
548.tiff,human melanoma,2,25809,106,9.822524070739746,7.203001499176025,True,2,2
548.tiff,human melanoma,2,25612,110,9.708450317382812,7.1182451248168945,True,2,2
548.tiff,human melanoma,2,25613,112,9.686095237731934,7.101635456085205,True,2,2
548.tiff,human melanoma,2,25749,114,9.625263214111328,7.0564374923706055,True,2,2
548.tiff,human melanoma,2,25737,115,9.554776191711426,7.004065990447998,True,2,2
548.tiff,human melanoma,2,25862,117,9.533746719360352,6.988441467285156,True,2,2
548.tiff,human melanoma,2,25666,118,9.490216255187988,6.956098556518555,True,2,2
548.tiff,human melanoma,2,25816,119,9.46462345123291,6.9370832443237305,False,3,2
548.tiff,human melanoma,2,25857,121,9.412235260009766,6.898158550262451,True,2,2
548.tiff,human melanoma,2,25773,122,9.396450996398926,6.886430740356445,True,2,2
548.tiff,human melanoma,2,25882,124,9.337554931640625,6.842671871185303,True,2,2
548.tiff,human melanoma,2,25695,125,9.3331880569458,6.8394269943237305,False,3,2
548.tiff,human melanoma,2,25710,127,9.317156791687012,6.827515602111816,False,3,2
548.tiff,human melanoma,2,25611,129,9.277113914489746,6.797764301300049,False,3,2
548.tiff,human melanoma,2,25621,131,9.256385803222656,6.782363414764404,False,3,2
548.tiff,human melanoma,2,25884,132,9.24236011505127,6.771942138671875,True,2,2
548.tiff,human melanoma,2,25673,133,9.232471466064453,6.764595031738281,True,2,2
548.tiff,human melanoma,2,25733,134,9.23193645477295,6.76419734954834,True,2,2
548.tiff,human melanoma,2,25826,136,9.205286979675293,6.744396686553955,True,2,2
548.tiff,human melanoma,2,25845,137,9.18736457824707,6.731080532073975,True,2,2
548.tiff,human melanoma,2,25663,141,9.147719383239746,6.701624393463135,True,2,2
548.tiff,human melanoma,2,25627,143,9.129753112792969,6.6882758140563965,True,2,2
548.tiff,human melanoma,2,25605,144,9.128751754760742,6.687531471252441,True,2,2
548.tiff,human melanoma,2,25606,145,9.120725631713867,6.681568145751953,True,2,2
548.tiff,human melanoma,2,25734,149,9.076991081237793,6.649073600769043,True,2,2
548.tiff,human melanoma,2,25817,153,8.969088554382324,6.568902492523193,True,2,2
548.tiff,human melanoma,2,25639,158,8.903888702392578,6.520459175109863,True,2,2
548.tiff,human melanoma,2,25721,161,8.8779878616333,6.50121545791626,False,3,2
548.tiff,human melanoma,2,25751,162,8.87491512298584,6.498932361602783,True,2,2
548.tiff,human melanoma,2,25925,163,8.862445831298828,6.489667892456055,False,3,2
548.tiff,human melanoma,2,25822,164,8.84223747253418,6.4746527671813965,False,3,2
548.tiff,human melanoma,2,25682,165,8.834681510925293,6.469038963317871,False,3,2
548.tiff,human melanoma,2,25829,166,8.831308364868164,6.4665327072143555,True,2,2
548.tiff,human melanoma,2,25769,169,8.810039520263672,6.450729846954346,True,2,2
548.tiff,human melanoma,2,25658,175,8.760324478149414,6.413791656494141,False,3,2
548.tiff,human melanoma,2,25820,178,8.716901779174805,6.381528854370117,True,2,2
548.tiff,human melanoma,2,25789,179,8.687692642211914,6.359827041625977,True,2,2
548.tiff,human melanoma,2,25630,184,8.664132118225098,6.342321395874023,True,2,2
548.tiff,human melanoma,2,25727,185,8.661036491394043,6.340021133422852,True,2,2
548.tiff,human melanoma,2,25840,186,8.628270149230957,6.315675735473633,True,2,2
548.tiff,human melanoma,2,25728,187,8.62259578704834,6.311460018157959,True,2,2
548.tiff,human melanoma,2,25623,190,8.577999114990234,6.278325080871582,True,2,2
548.tiff,human melanoma,2,25617,191,8.56188678741455,6.266353607177734,False,3,2
548.tiff,human melanoma,2,25801,193,8.535820007324219,6.246985912322998,False,3,2
548.tiff,human melanoma,2,25636,194,8.51365852355957,6.230520248413086,True,2,2
548.tiff,human melanoma,2,25604,196,8.46394157409668,6.193580627441406,True,2,2
548.tiff,human melanoma,2,25694,197,8.458373069763184,6.189443588256836,False,3,2
548.tiff,human melanoma,2,25860,198,8.457070350646973,6.188475131988525,False,3,2
548.tiff,human melanoma,2,25654,202,8.409905433654785,6.1534318923950195,True,2,2
548.tiff,human melanoma,2,25701,204,8.397527694702148,6.144235610961914,True,2,2
548.tiff,human melanoma,2,25849,209,8.344152450561523,6.104577541351318,False,3,2
548.tiff,human melanoma,2,25712,211,8.329927444458008,6.094008922576904,True,2,2
548.tiff,human melanoma,2,25691,212,8.31932544708252,6.086131572723389,False,3,2
548.tiff,human melanoma,2,25835,213,8.29072380065918,6.06488037109375,True,2,2
548.tiff,human melanoma,2,25731,214,8.275132179260254,6.053296089172363,True,2,2
548.tiff,human melanoma,2,25836,216,8.25877571105957,6.041143417358398,True,2,2
548.tiff,human melanoma,2,25664,217,8.237504005432129,6.025338649749756,True,2,2
548.tiff,human melanoma,2,25924,220,8.230186462402344,6.019901752471924,False,3,2
548.tiff,human melanoma,2,25807,222,8.209284782409668,6.004371643066406,False,3,2
548.tiff,human melanoma,2,25825,223,8.20303726196289,5.999729633331299,True,2,2
548.tiff,human melanoma,2,25657,225,8.195150375366211,5.993869781494141,False,3,2
548.tiff,human melanoma,2,25719,227,8.16102409362793,5.9685139656066895,True,2,2
548.tiff,human melanoma,2,25824,229,8.142507553100586,5.954756259918213,True,2,2
548.tiff,human melanoma,2,25699,230,8.138960838317871,5.952121257781982,True,2,2
548.tiff,human melanoma,2,25603,232,8.133559226989746,5.948108196258545,True,2,2
548.tiff,human melanoma,2,25853,234,8.112248420715332,5.932274341583252,False,3,2
548.tiff,human melanoma,2,25620,242,8.080760955810547,5.908879280090332,True,2,2
548.tiff,human melanoma,2,25660,243,8.07914924621582,5.907681941986084,False,3,2
548.tiff,human melanoma,2,25670,244,8.069245338439941,5.900323390960693,True,2,2
548.tiff,human melanoma,2,25852,247,8.040544509887695,5.878998279571533,True,2,2
548.tiff,human melanoma,2,25676,248,8.03236198425293,5.872919082641602,False,3,2
548.tiff,human melanoma,2,25763,250,8.027212142944336,5.8690924644470215,True,2,2
548.tiff,human melanoma,2,25643,252,8.02094841003418,5.864438533782959,True,2,2
548.tiff,human melanoma,2,25796,257,7.995196342468262,5.8453049659729,True,2,2
548.tiff,human melanoma,2,25775,260,7.952907562255859,5.813884735107422,True,2,2
548.tiff,human melanoma,2,25783,264,7.8745880126953125,5.755693435668945,True,2,2
548.tiff,human melanoma,2,25644,266,7.862971782684326,5.747062683105469,True,2,2
548.tiff,human melanoma,2,25614,271,7.768279552459717,5.676706790924072,True,2,2
548.tiff,human melanoma,2,25855,274,7.746364593505859,5.66042423248291,True,2,2
548.tiff,human melanoma,2,25634,276,7.724403381347656,5.644106864929199,True,2,2
548.tiff,human melanoma,2,25629,280,7.6925530433654785,5.6204423904418945,True,2,2
548.tiff,human melanoma,2,25819,286,7.674554347991943,5.607069492340088,True,2,2
548.tiff,human melanoma,2,25674,294,7.627022743225098,5.57175350189209,True,2,2
548.tiff,human melanoma,2,25847,296,7.610072612762451,5.559159755706787,True,2,2
548.tiff,human melanoma,2,25690,297,7.596593856811523,5.549145221710205,True,2,2
548.tiff,human melanoma,2,25677,305,7.531105041503906,5.500487327575684,False,3,2
548.tiff,human melanoma,2,25622,310,7.510377883911133,5.485086917877197,True,2,2
548.tiff,human melanoma,2,25828,314,7.490066051483154,5.469995498657227,True,2,2
548.tiff,human melanoma,2,25671,325,7.382562160491943,5.390120506286621,True,2,2
548.tiff,human melanoma,2,25685,330,7.358160495758057,5.371990203857422,True,2,2
548.tiff,human melanoma,2,25812,334,7.344109535217285,5.361550331115723,True,2,2
548.tiff,human melanoma,2,25624,337,7.31667947769165,5.341169834136963,True,2,2
548.tiff,human melanoma,2,25697,339,7.309341907501221,5.335718154907227,True,2,2
548.tiff,human melanoma,2,25776,343,7.272692680358887,5.308487892150879,True,2,2
548.tiff,human melanoma,2,25651,344,7.25440788269043,5.294902324676514,True,2,2
548.tiff,human melanoma,2,25675,345,7.252268314361572,5.2933125495910645,False,3,2
548.tiff,human melanoma,2,25795,349,7.202976226806641,5.256689071655273,True,2,2
548.tiff,human melanoma,2,25653,362,7.0926289558410645,5.17470121383667,True,2,2
548.tiff,human melanoma,2,25821,364,7.089277267456055,5.172211170196533,True,2,2
548.tiff,human melanoma,2,25928,368,7.06419038772583,5.153571605682373,False,3,2
548.tiff,human melanoma,2,25722,387,6.981032371520996,5.091785430908203,True,2,2
548.tiff,human melanoma,2,25848,392,6.959229469299316,5.075586318969727,True,2,2
548.tiff,human melanoma,2,25876,395,6.938998222351074,5.060554504394531,True,2,2
548.tiff,human melanoma,2,25850,396,6.927964687347412,5.052356719970703,True,2,2
548.tiff,human melanoma,2,25696,399,6.915178298950195,5.042856216430664,True,2,2
548.tiff,human melanoma,2,25907,415,6.858114719390869,5.000458240509033,False,3,2
548.tiff,human melanoma,2,25839,421,6.822915554046631,4.974305629730225,False,3,2
548.tiff,human melanoma,2,25631,425,6.797280788421631,4.955258846282959,False,3,2
548.tiff,human melanoma,2,25919,431,6.765787124633789,4.931859493255615,False,3,2
548.tiff,human melanoma,2,25883,433,6.754589080810547,4.923539161682129,True,2,2
548.tiff,human melanoma,2,25652,441,6.694347381591797,4.878779888153076,True,2,2
548.tiff,human melanoma,2,25755,456,6.585530757904053,4.797929763793945,True,2,2
548.tiff,human melanoma,2,25714,459,6.5648298263549805,4.782548904418945,False,3,2
548.tiff,human melanoma,2,25837,466,6.541799068450928,4.765437126159668,True,2,2
548.tiff,human melanoma,2,25879,471,6.526409149169922,4.754002571105957,False,3,2
548.tiff,human melanoma,2,25778,481,6.4669647216796875,4.709835529327393,True,2,2
548.tiff,human melanoma,2,25628,490,6.448912143707275,4.696422576904297,True,2,2
548.tiff,human melanoma,2,25864,493,6.422661304473877,4.6769185066223145,False,3,2
548.tiff,human melanoma,2,25713,495,6.418688774108887,4.673966884613037,True,2,2
548.tiff,human melanoma,2,25687,504,6.374677658081055,4.641266822814941,True,2,2
548.tiff,human melanoma,2,25672,511,6.361647605895996,4.631585597991943,True,2,2
548.tiff,human melanoma,2,25875,515,6.345230579376221,4.619387626647949,True,2,2
548.tiff,human melanoma,2,25637,519,6.336270809173584,4.612730503082275,True,2,2
548.tiff,human melanoma,2,25648,537,6.265726089477539,4.56031608581543,True,2,2
548.tiff,human melanoma,2,25608,549,6.2256879806518555,4.5305681228637695,False,3,2
548.tiff,human melanoma,2,25646,576,6.152632236480713,4.476287841796875,True,2,2
548.tiff,human melanoma,2,25723,586,6.126089572906494,4.45656681060791,True,2,2
548.tiff,human melanoma,2,25831,609,6.079998970031738,4.422321796417236,True,2,2
548.tiff,human melanoma,2,25947,619,6.050833702087402,4.400651931762695,False,3,2
548.tiff,human melanoma,2,25854,697,5.861733436584473,4.260151386260986,True,2,2
548.tiff,human melanoma,2,25736,711,5.803976535797119,4.217238426208496,True,2,2
548.tiff,human melanoma,2,25752,713,5.796509742736816,4.211690425872803,True,2,2
548.tiff,human melanoma,2,25909,714,5.79590368270874,4.211240291595459,False,3,2
548.tiff,human melanoma,2,25609,747,5.737199306488037,4.167623043060303,True,2,2
548.tiff,human melanoma,2,25944,785,5.660444736480713,4.110594749450684,False,3,2
548.tiff,human melanoma,2,25827,822,5.591320037841797,4.059235572814941,True,2,2
548.tiff,human melanoma,2,25918,824,5.581783294677734,4.052149772644043,False,3,2
548.tiff,human melanoma,2,25681,882,5.485337734222412,3.9804913997650146,True,2,2
548.tiff,human melanoma,2,25856,928,5.423867225646973,3.934818983078003,True,2,2
548.tiff,human melanoma,2,25707,1020,5.2906646728515625,3.8358497619628906,False,3,2
548.tiff,human melanoma,2,25861,1022,5.286863803863525,3.8330259323120117,True,2,2
548.tiff,human melanoma,2,25647,1055,5.248621940612793,3.804612398147583,True,2,2
548.tiff,human melanoma,2,25885,1099,5.187293529510498,3.759045362472534,False,3,2
548.tiff,human melanoma,2,25779,1121,5.160120487213135,3.738856077194214,True,2,2
548.tiff,human melanoma,2,25635,1136,5.144680976867676,3.727384567260742,True,2,2
548.tiff,human melanoma,2,25896,1189,5.096884727478027,3.6918721199035645,False,3,2
548.tiff,human melanoma,2,25615,1235,5.0414347648620605,3.6506731510162354,True,2,2
548.tiff,human melanoma,2,25858,1338,4.9435577392578125,3.577950954437256,False,3,2
548.tiff,human melanoma,2,25729,1425,4.865171432495117,3.5197103023529053,True,2,2
548.tiff,human melanoma,2,25616,1778,4.618175506591797,3.336193323135376,True,2,2
548.tiff,human melanoma,2,25703,2077,4.447488784790039,3.209373712539673,True,2,2
548.tiff,human melanoma,2,25808,2140,4.41813850402832,3.1875665187835693,False,3,2
548.tiff,human melanoma,2,25642,2180,4.3991217613220215,3.1734373569488525,True,2,2
548.tiff,human melanoma,2,25915,2279,4.350993633270264,3.137678384780884,False,3,2
548.tiff,human melanoma,2,25692,2513,4.244688510894775,3.0586941242218018,False,3,2
548.tiff,human melanoma,2,25786,2637,4.197157382965088,3.023378849029541,True,2,2
548.tiff,human melanoma,2,25832,2700,4.169979572296143,3.003185749053955,True,2,2
548.tiff,human melanoma,2,25863,3017,4.050983428955078,2.9147720336914062,True,2,2
548.tiff,human melanoma,2,25770,3404,3.9211018085479736,2.818270683288574,True,2,2
548.tiff,human melanoma,2,25806,4062,3.731271743774414,2.677227735519409,True,2,2
548.tiff,human melanoma,2,25791,5560,3.3915624618530273,2.4248251914978027,True,2,2
548.tiff,human melanoma,2,25638,6652,3.185432195663452,2.2716712951660156,True,2,2
548.tiff,human melanoma,2,25788,7819,2.978193521499634,2.1176939010620117,True,2,2
548.tiff,human melanoma,2,25774,10512,2.5212721824645996,1.7782034873962402,True,2,2
548.tiff,human melanoma,3,25717,1,16.560792922973633,13.362199783325195,True,2,2
548.tiff,human melanoma,3,25792,2,15.044816017150879,12.131509780883789,True,2,2
548.tiff,human melanoma,3,25916,3,14.820472717285156,11.949384689331055,False,3,2
548.tiff,human melanoma,3,25794,4,14.273564338684082,11.50539779663086,True,2,2
548.tiff,human melanoma,3,25845,6,13.389921188354492,10.788044929504395,True,2,2
548.tiff,human melanoma,3,25636,7,13.305218696594238,10.719282150268555,True,2,2
548.tiff,human melanoma,3,25738,8,13.296343803405762,10.712077140808105,True,2,2
548.tiff,human melanoma,3,25761,9,13.247841835021973,10.67270278930664,False,3,2
548.tiff,human melanoma,3,25739,10,13.162980079650879,10.603811264038086,True,2,2
548.tiff,human melanoma,3,25727,11,13.154216766357422,10.596696853637695,True,2,2
548.tiff,human melanoma,3,25838,12,13.129515647888184,10.576643943786621,True,2,2
548.tiff,human melanoma,3,25782,13,13.040496826171875,10.504377365112305,True,2,2
548.tiff,human melanoma,3,25659,15,12.858820915222168,10.356890678405762,True,2,2
548.tiff,human melanoma,3,25921,16,12.543752670288086,10.101114273071289,False,3,2
548.tiff,human melanoma,3,25756,18,12.450211524963379,10.025176048278809,True,2,2
548.tiff,human melanoma,3,25731,19,12.428139686584473,10.007258415222168,True,2,2
548.tiff,human melanoma,3,25693,20,12.345520973205566,9.940187454223633,True,2,2
548.tiff,human melanoma,3,25708,21,12.322381973266602,9.921402931213379,True,2,2
548.tiff,human melanoma,3,25667,22,12.31672477722168,9.916810035705566,True,2,2
548.tiff,human melanoma,3,25767,26,12.066035270690918,9.713296890258789,True,2,2
548.tiff,human melanoma,3,25805,29,11.880690574645996,9.56283187866211,False,3,2
548.tiff,human melanoma,3,25828,31,11.817177772521973,9.511271476745605,True,2,2
548.tiff,human melanoma,3,25804,32,11.792400360107422,9.491156578063965,True,2,2
548.tiff,human melanoma,3,25820,33,11.734622955322266,9.444252014160156,True,2,2
548.tiff,human melanoma,3,25783,34,11.608799934387207,9.342107772827148,True,2,2
548.tiff,human melanoma,3,25757,36,11.457077980041504,9.218937873840332,True,2,2
548.tiff,human melanoma,3,25742,38,11.431905746459961,9.198502540588379,True,2,2
548.tiff,human melanoma,3,25740,40,11.3072509765625,9.097306251525879,False,3,2
548.tiff,human melanoma,3,25688,42,11.244714736938477,9.046538352966309,True,2,2
548.tiff,human melanoma,3,25851,43,11.215109825134277,9.022504806518555,True,2,2
548.tiff,human melanoma,3,25818,44,11.213523864746094,9.021217346191406,True,2,2
548.tiff,human melanoma,3,25673,46,11.180602073669434,8.994490623474121,True,2,2
548.tiff,human melanoma,3,25686,47,11.15920639038086,8.977121353149414,True,2,2
548.tiff,human melanoma,3,25626,48,11.13121223449707,8.954395294189453,True,2,2
548.tiff,human melanoma,3,25759,50,11.001591682434082,8.849167823791504,True,2,2
548.tiff,human melanoma,3,25775,52,10.85324764251709,8.728740692138672,True,2,2
548.tiff,human melanoma,3,25819,53,10.84879207611084,8.725123405456543,True,2,2
548.tiff,human melanoma,3,25772,54,10.847204208374023,8.723834037780762,True,2,2
548.tiff,human melanoma,3,25735,56,10.816792488098145,8.699145317077637,True,2,2
548.tiff,human melanoma,3,25614,57,10.782186508178711,8.671051979064941,True,2,2
548.tiff,human melanoma,3,25762,58,10.762309074401855,8.654914855957031,True,2,2
548.tiff,human melanoma,3,25643,59,10.757164001464844,8.650738716125488,True,2,2
548.tiff,human melanoma,3,25698,60,10.746496200561523,8.642078399658203,True,2,2
548.tiff,human melanoma,3,25766,61,10.720447540283203,8.620931625366211,True,2,2
548.tiff,human melanoma,3,25718,62,10.709811210632324,8.612297058105469,True,2,2
548.tiff,human melanoma,3,25702,64,10.669537544250488,8.579602241516113,True,2,2
548.tiff,human melanoma,3,25796,65,10.547794342041016,8.480769157409668,True,2,2
548.tiff,human melanoma,3,25754,66,10.514790534973145,8.45397663116455,True,2,2
548.tiff,human melanoma,3,25711,68,10.438987731933594,8.392438888549805,False,3,2
548.tiff,human melanoma,3,25781,69,10.411293983459473,8.369956970214844,True,2,2
548.tiff,human melanoma,3,25797,71,10.339656829833984,8.311800956726074,True,2,2
548.tiff,human melanoma,3,25765,72,10.3150634765625,8.29183578491211,True,2,2
548.tiff,human melanoma,3,25625,74,10.286033630371094,8.268268585205078,True,2,2
548.tiff,human melanoma,3,25840,75,10.265168190002441,8.25132942199707,True,2,2
548.tiff,human melanoma,3,25764,76,10.218774795532227,8.213666915893555,True,2,2
548.tiff,human melanoma,3,25644,79,10.177779197692871,8.180386543273926,True,2,2
548.tiff,human melanoma,3,25835,80,10.177543640136719,8.180194854736328,True,2,2
548.tiff,human melanoma,3,25844,83,10.128673553466797,8.140522003173828,True,2,2
548.tiff,human melanoma,3,25787,84,10.107051849365234,8.122968673706055,True,2,2
548.tiff,human melanoma,3,25744,86,9.987643241882324,8.026031494140625,False,3,2
548.tiff,human melanoma,3,25720,87,9.985251426696777,8.024089813232422,True,2,2
548.tiff,human melanoma,3,25726,89,9.939631462097168,7.987054347991943,True,2,2
548.tiff,human melanoma,3,25690,90,9.914251327514648,7.966450214385986,True,2,2
548.tiff,human melanoma,3,25789,92,9.864947319030762,7.926424980163574,True,2,2
548.tiff,human melanoma,3,25749,93,9.829367637634277,7.89754056930542,True,2,2
548.tiff,human melanoma,3,25870,97,9.765519142150879,7.845707416534424,True,2,2
548.tiff,human melanoma,3,25732,102,9.627908706665039,7.733994007110596,True,2,2
548.tiff,human melanoma,3,25611,104,9.618901252746582,7.726681709289551,False,3,2
548.tiff,human melanoma,3,25763,108,9.481983184814453,7.615529537200928,True,2,2
548.tiff,human melanoma,3,25654,112,9.431862831115723,7.574841499328613,True,2,2
548.tiff,human melanoma,3,25874,114,9.422476768493652,7.567221641540527,True,2,2
548.tiff,human melanoma,3,25671,118,9.292492866516113,7.46169900894165,True,2,2
548.tiff,human melanoma,3,25793,120,9.271027565002441,7.444273471832275,True,2,2
548.tiff,human melanoma,3,25847,123,9.222589492797852,7.404950141906738,True,2,2
548.tiff,human melanoma,3,25755,125,9.198055267333984,7.38503360748291,True,2,2
548.tiff,human melanoma,3,25664,126,9.190227508544922,7.378678321838379,True,2,2
548.tiff,human melanoma,3,25816,128,9.149868965148926,7.3459153175354,False,3,2
548.tiff,human melanoma,3,25684,129,9.145526885986328,7.342390060424805,True,2,2
548.tiff,human melanoma,3,25852,130,9.134078025817871,7.333095550537109,True,2,2
548.tiff,human melanoma,3,25604,133,9.113099098205566,7.316064357757568,True,2,2
548.tiff,human melanoma,3,25924,134,9.112902641296387,7.315905570983887,False,3,2
548.tiff,human melanoma,3,25825,135,9.10549259185791,7.309889793395996,True,2,2
548.tiff,human melanoma,3,25826,138,9.097993850708008,7.303802013397217,True,2,2
548.tiff,human melanoma,3,25607,139,9.088419914245605,7.296029567718506,True,2,2
548.tiff,human melanoma,3,25670,140,9.0712251663208,7.282071113586426,True,2,2
548.tiff,human melanoma,3,25712,142,9.060959815979004,7.27373743057251,True,2,2
548.tiff,human melanoma,3,25704,143,9.046703338623047,7.262164115905762,True,2,2
548.tiff,human melanoma,3,25728,144,9.023862838745117,7.243621826171875,True,2,2
548.tiff,human melanoma,3,25897,145,9.00013542175293,7.224359512329102,False,3,2
548.tiff,human melanoma,3,25605,147,8.982930183410645,7.210391998291016,True,2,2
548.tiff,human melanoma,3,25771,154,8.922025680541992,7.160949230194092,True,2,2
548.tiff,human melanoma,3,25645,155,8.900575637817383,7.143535137176514,True,2,2
548.tiff,human melanoma,3,25864,157,8.877310752868652,7.1246490478515625,False,3,2
548.tiff,human melanoma,3,25687,158,8.859692573547363,7.110345840454102,True,2,2
548.tiff,human melanoma,3,25714,160,8.8539400100708,7.105676174163818,False,3,2
548.tiff,human melanoma,3,25705,162,8.816930770874023,7.075631141662598,True,2,2
548.tiff,human melanoma,3,25734,163,8.797423362731934,7.059795379638672,True,2,2
548.tiff,human melanoma,3,25606,164,8.796906471252441,7.059375762939453,True,2,2
548.tiff,human melanoma,3,25807,165,8.792609214782715,7.055887222290039,False,3,2
548.tiff,human melanoma,3,25701,171,8.705066680908203,6.984818458557129,True,2,2
548.tiff,human melanoma,3,25700,178,8.607476234436035,6.9055938720703125,True,2,2
548.tiff,human melanoma,3,25613,179,8.590204238891602,6.891571998596191,True,2,2
548.tiff,human melanoma,3,25640,181,8.575698852539062,6.879796504974365,True,2,2
548.tiff,human melanoma,3,25773,185,8.515327453613281,6.830786228179932,True,2,2
548.tiff,human melanoma,3,25785,196,8.426616668701172,6.758769512176514,True,2,2
548.tiff,human melanoma,3,25691,197,8.426292419433594,6.758505821228027,False,3,2
548.tiff,human melanoma,3,25810,199,8.416227340698242,6.750335216522217,True,2,2
548.tiff,human melanoma,3,25777,200,8.396970748901367,6.7347025871276855,True,2,2
548.tiff,human melanoma,3,25830,203,8.292508125305176,6.649898052215576,True,2,2
548.tiff,human melanoma,3,25736,205,8.26914119720459,6.6309285163879395,True,2,2
548.tiff,human melanoma,3,25695,211,8.181221961975098,6.5595550537109375,False,3,2
548.tiff,human melanoma,3,25769,217,8.08752727508545,6.483491897583008,True,2,2
548.tiff,human melanoma,3,25737,218,8.068252563476562,6.467844486236572,True,2,2
548.tiff,human melanoma,3,25866,220,8.054347038269043,6.45655632019043,False,3,2
548.tiff,human melanoma,3,25639,223,8.037703514099121,6.443044662475586,True,2,2
548.tiff,human melanoma,3,25780,224,8.029356002807617,6.436267852783203,True,2,2
548.tiff,human melanoma,3,25630,225,8.022643089294434,6.430818557739258,True,2,2
548.tiff,human melanoma,3,25760,228,8.001845359802246,6.413934707641602,True,2,2
548.tiff,human melanoma,3,25862,236,7.903534889221191,6.33412504196167,True,2,2
548.tiff,human melanoma,3,25849,240,7.883886814117432,6.318174362182617,False,3,2
548.tiff,human melanoma,3,25617,251,7.775689601898193,6.2303385734558105,False,3,2
548.tiff,human melanoma,3,25795,259,7.716024875640869,6.181901931762695,True,2,2
548.tiff,human melanoma,3,25685,266,7.650934219360352,6.1290602684021,True,2,2
548.tiff,human melanoma,3,25676,267,7.646533489227295,6.125487804412842,False,3,2
548.tiff,human melanoma,3,25612,268,7.619098663330078,6.10321569442749,True,2,2
548.tiff,human melanoma,3,25751,272,7.601701259613037,6.089092254638672,True,2,2
548.tiff,human melanoma,3,25658,273,7.596597194671631,6.084949016571045,False,3,2
548.tiff,human melanoma,3,25803,274,7.588657855987549,6.078503608703613,True,2,2
548.tiff,human melanoma,3,25710,275,7.5799031257629395,6.071396350860596,False,3,2
548.tiff,human melanoma,3,25859,277,7.560611248016357,6.055735111236572,True,2,2
548.tiff,human melanoma,3,25633,278,7.553592205047607,6.050036907196045,True,2,2
548.tiff,human melanoma,3,25824,280,7.522751808166504,6.025000095367432,True,2,2
548.tiff,human melanoma,3,25857,284,7.451968669891357,5.9675374031066895,True,2,2
548.tiff,human melanoma,3,25634,286,7.432745456695557,5.951931953430176,True,2,2
548.tiff,human melanoma,3,25621,289,7.394440174102783,5.920835018157959,False,3,2
548.tiff,human melanoma,3,25768,291,7.385976314544678,5.91396427154541,True,2,2
548.tiff,human melanoma,3,25944,293,7.377198696136475,5.906838417053223,False,3,2
548.tiff,human melanoma,3,25651,297,7.3623504638671875,5.894784450531006,True,2,2
548.tiff,human melanoma,3,25743,303,7.307854652404785,5.850543975830078,True,2,2
548.tiff,human melanoma,3,25675,308,7.283284664154053,5.830597877502441,False,3,2
548.tiff,human melanoma,3,25657,318,7.225433826446533,5.783633708953857,False,3,2
548.tiff,human melanoma,3,25837,326,7.178402900695801,5.745453357696533,True,2,2
548.tiff,human melanoma,3,25861,333,7.109654903411865,5.689642906188965,True,2,2
548.tiff,human melanoma,3,25608,337,7.0941996574401855,5.677095890045166,False,3,2
548.tiff,human melanoma,3,25696,338,7.090372562408447,5.673989295959473,True,2,2
548.tiff,human melanoma,3,25699,343,7.04163122177124,5.634420394897461,True,2,2
548.tiff,human melanoma,3,25778,344,7.040576457977295,5.633563995361328,True,2,2
548.tiff,human melanoma,3,25856,350,6.987273693084717,5.590291976928711,True,2,2
548.tiff,human melanoma,3,25925,351,6.980963230133057,5.585169315338135,False,3,2
548.tiff,human melanoma,3,25812,352,6.98002290725708,5.584405899047852,True,2,2
548.tiff,human melanoma,3,25884,353,6.977510929107666,5.582366466522217,True,2,2
548.tiff,human melanoma,3,25697,356,6.960371971130371,5.568452835083008,True,2,2
548.tiff,human melanoma,3,25672,359,6.9451117515563965,5.556064605712891,True,2,2
548.tiff,human melanoma,3,25682,370,6.884405612945557,5.506782531738281,False,3,2
548.tiff,human melanoma,3,25663,371,6.877657890319824,5.501304626464844,True,2,2
548.tiff,human melanoma,3,25629,376,6.854773044586182,5.482726573944092,True,2,2
548.tiff,human melanoma,3,25648,385,6.799964427947998,5.438231945037842,True,2,2
548.tiff,human melanoma,3,25680,388,6.786325454711914,5.427159786224365,True,2,2
548.tiff,human melanoma,3,25603,389,6.78181266784668,5.423496246337891,True,2,2
548.tiff,human melanoma,3,25790,391,6.779384613037109,5.421525001525879,True,2,2
548.tiff,human melanoma,3,25623,404,6.708765983581543,5.364195823669434,True,2,2
548.tiff,human melanoma,3,25652,408,6.6753740310668945,5.337088108062744,True,2,2
548.tiff,human melanoma,3,25677,415,6.626004695892334,5.297009468078613,False,3,2
548.tiff,human melanoma,3,25723,420,6.6111249923706055,5.2849297523498535,True,2,2
548.tiff,human melanoma,3,25909,425,6.597850799560547,5.274153709411621,False,3,2
548.tiff,human melanoma,3,25666,427,6.587882995605469,5.266061782836914,True,2,2
548.tiff,human melanoma,3,25817,431,6.5628485679626465,5.245738506317139,True,2,2
548.tiff,human melanoma,3,25919,433,6.555083751678467,5.239434719085693,False,3,2
548.tiff,human melanoma,3,25827,435,6.552055835723877,5.236976623535156,True,2,2
548.tiff,human melanoma,3,25721,437,6.547590732574463,5.233351707458496,False,3,2
548.tiff,human melanoma,3,25729,441,6.518077850341797,5.20939302444458,True,2,2
548.tiff,human melanoma,3,25809,449,6.487216949462891,5.18433952331543,True,2,2
548.tiff,human melanoma,3,25854,450,6.484872817993164,5.182436466217041,True,2,2
548.tiff,human melanoma,3,25855,453,6.453724384307861,5.157149791717529,True,2,2
548.tiff,human melanoma,3,25656,457,6.416202068328857,5.1266889572143555,True,2,2
548.tiff,human melanoma,3,25836,487,6.278011322021484,5.0145039558410645,True,2,2
548.tiff,human melanoma,3,25801,489,6.26667594909668,5.005301475524902,False,3,2
548.tiff,human melanoma,3,25627,501,6.224964618682861,4.971439838409424,True,2,2
548.tiff,human melanoma,3,25882,502,6.209935188293457,4.959238529205322,True,2,2
548.tiff,human melanoma,3,25947,520,6.151393413543701,4.911713600158691,False,3,2
548.tiff,human melanoma,3,25642,525,6.115213871002197,4.88234281539917,True,2,2
548.tiff,human melanoma,3,25883,532,6.0872392654418945,4.85963249206543,True,2,2
548.tiff,human melanoma,3,25776,533,6.08330774307251,4.856441020965576,True,2,2
548.tiff,human melanoma,3,25829,538,6.060588359832764,4.837996959686279,True,2,2
548.tiff,human melanoma,3,25850,540,6.052359580993652,4.831316947937012,True,2,2
548.tiff,human melanoma,3,25860,543,6.0362935066223145,4.818274021148682,False,3,2
548.tiff,human melanoma,3,25620,544,6.0314459800720215,4.814338684082031,True,2,2
548.tiff,human melanoma,3,25752,545,6.0268778800964355,4.8106303215026855,True,2,2
548.tiff,human melanoma,3,25733,547,6.0213799476623535,4.806167125701904,True,2,2
548.tiff,human melanoma,3,25660,557,5.991427898406982,4.781851768493652,False,3,2
548.tiff,human melanoma,3,25653,568,5.957004070281982,4.753905773162842,True,2,2
548.tiff,human melanoma,3,25635,597,5.870614528656006,4.683773994445801,True,2,2
548.tiff,human melanoma,3,25692,602,5.834969997406006,4.654837131500244,False,3,2
548.tiff,human melanoma,3,25839,611,5.808438777923584,4.633298873901367,False,3,2
548.tiff,human melanoma,3,25722,620,5.772388935089111,4.60403299331665,True,2,2
548.tiff,human melanoma,3,25822,661,5.612797260284424,4.4744744300842285,False,3,2
548.tiff,human melanoma,3,25821,759,5.385763645172119,4.290165424346924,True,2,2
548.tiff,human melanoma,3,25879,771,5.367775917053223,4.275562763214111,False,3,2
548.tiff,human melanoma,3,25875,791,5.317470073699951,4.234724044799805,True,2,2
548.tiff,human melanoma,3,25907,857,5.189153671264648,4.130555152893066,False,3,2
548.tiff,human melanoma,3,25713,868,5.173344612121582,4.117721080780029,True,2,2
548.tiff,human melanoma,3,25853,900,5.12891149520874,4.0816497802734375,False,3,2
548.tiff,human melanoma,3,25674,935,5.092558860778809,4.052138328552246,True,2,2
548.tiff,human melanoma,3,25788,991,5.004275321960449,3.980468511581421,True,2,2
548.tiff,human melanoma,3,25719,1075,4.88557243347168,3.884103775024414,True,2,2
548.tiff,human melanoma,3,25637,1079,4.880936622619629,3.880340337753296,True,2,2
548.tiff,human melanoma,3,25631,1082,4.87936544418335,3.8790650367736816,False,3,2
548.tiff,human melanoma,3,25703,1091,4.866008281707764,3.8682215213775635,True,2,2
548.tiff,human melanoma,3,25832,1094,4.863202095031738,3.865943431854248,True,2,2
548.tiff,human melanoma,3,25896,1146,4.805077075958252,3.818756580352783,False,3,2
548.tiff,human melanoma,3,25624,1148,4.803089618682861,3.817143440246582,True,2,2
548.tiff,human melanoma,3,25848,1149,4.802201271057129,3.8164219856262207,True,2,2
548.tiff,human melanoma,3,25694,1161,4.793242931365967,3.8091495037078857,False,3,2
548.tiff,human melanoma,3,25863,1208,4.750236511230469,3.7742364406585693,True,2,2
548.tiff,human melanoma,3,25858,1272,4.685137748718262,3.721388578414917,False,3,2
548.tiff,human melanoma,3,25928,1283,4.6795830726623535,3.716878890991211,False,3,2
548.tiff,human melanoma,3,25646,1286,4.678977966308594,3.716387987136841,True,2,2
548.tiff,human melanoma,3,25622,1294,4.672253608703613,3.7109289169311523,True,2,2
548.tiff,human melanoma,3,25808,1319,4.648510932922363,3.6916544437408447,False,3,2
548.tiff,human melanoma,3,25770,1321,4.6473164558410645,3.6906847953796387,True,2,2
548.tiff,human melanoma,3,25876,1402,4.588717937469482,3.643113613128662,True,2,2
548.tiff,human melanoma,3,25628,1459,4.545351505279541,3.607908248901367,True,2,2
548.tiff,human melanoma,3,25885,1538,4.480780124664307,3.555488348007202,False,3,2
548.tiff,human melanoma,3,25918,2023,4.189384937286377,3.31892991065979,False,3,2
548.tiff,human melanoma,3,25707,2156,4.1260085105896,3.26747989654541,False,3,2
548.tiff,human melanoma,3,25791,2287,4.0660481452941895,3.2188034057617188,True,2,2
548.tiff,human melanoma,3,25638,2337,4.045678615570068,3.2022671699523926,True,2,2
548.tiff,human melanoma,3,25779,2544,3.9563493728637695,3.129748582839966,True,2,2
548.tiff,human melanoma,3,25647,2876,3.850908041000366,3.044149875640869,True,2,2
548.tiff,human melanoma,3,25915,2893,3.8457117080688477,3.039931535720825,False,3,2
548.tiff,human melanoma,3,25806,2970,3.826888084411621,3.0246503353118896,True,2,2
548.tiff,human melanoma,3,25616,3420,3.688136339187622,2.9120097160339355,True,2,2
548.tiff,human melanoma,3,25615,3722,3.598370313644409,2.8391366004943848,True,2,2
548.tiff,human melanoma,3,25681,4198,3.480937957763672,2.7438035011291504,True,2,2
548.tiff,human melanoma,3,25831,5204,3.2630560398101807,2.5669240951538086,True,2,2
548.tiff,human melanoma,3,25786,5992,3.1137094497680664,2.4456825256347656,True,2,2
548.tiff,human melanoma,3,25609,6770,2.980113983154297,2.3372280597686768,True,2,2
548.tiff,human melanoma,3,25774,11155,2.292304039001465,1.7788550853729248,True,2,2
548.tiff,human melanoma,4,25760,1,16.48368263244629,7.81015682220459,True,2,2
548.tiff,human melanoma,4,25768,2,15.936724662780762,7.54949951171875,True,2,2
548.tiff,human melanoma,4,25705,5,15.116406440734863,7.158570289611816,True,2,2
548.tiff,human melanoma,4,25884,6,14.373018264770508,6.804303169250488,True,2,2
548.tiff,human melanoma,4,25726,7,14.244255065917969,6.7429399490356445,True,2,2
548.tiff,human melanoma,4,25765,8,14.099967002868652,6.674178600311279,True,2,2
548.tiff,human melanoma,4,25764,9,14.090628623962402,6.6697282791137695,True,2,2
548.tiff,human melanoma,4,25623,10,14.084283828735352,6.6667046546936035,True,2,2
548.tiff,human melanoma,4,25694,11,13.94449234008789,6.600085735321045,False,3,2
548.tiff,human melanoma,4,25771,12,13.81911563873291,6.540336608886719,True,2,2
548.tiff,human melanoma,4,25829,13,13.729866981506348,6.497804641723633,True,2,2
548.tiff,human melanoma,4,25780,15,13.588918685913086,6.430634498596191,True,2,2
548.tiff,human melanoma,4,25700,16,13.508647918701172,6.392380714416504,True,2,2
548.tiff,human melanoma,4,25756,17,13.37927532196045,6.3307271003723145,True,2,2
548.tiff,human melanoma,4,25718,18,13.290657997131348,6.288496017456055,True,2,2
548.tiff,human melanoma,4,25735,19,13.184996604919434,6.238142490386963,True,2,2
548.tiff,human melanoma,4,25728,20,13.15175724029541,6.222301959991455,True,2,2
548.tiff,human melanoma,4,25757,22,13.080465316772461,6.188327312469482,True,2,2
548.tiff,human melanoma,4,25781,23,12.871720314025879,6.088848114013672,True,2,2
548.tiff,human melanoma,4,25804,24,12.812328338623047,6.060544490814209,True,2,2
548.tiff,human melanoma,4,25666,25,12.800561904907227,6.05493688583374,True,2,2
548.tiff,human melanoma,4,25817,26,12.737959861755371,6.025103569030762,True,2,2
548.tiff,human melanoma,4,25613,27,12.68634033203125,6.000504016876221,True,2,2
548.tiff,human melanoma,4,25805,29,12.60208511352539,5.960351467132568,False,3,2
548.tiff,human melanoma,4,25822,31,12.514098167419434,5.918420314788818,False,3,2
548.tiff,human melanoma,4,25732,32,12.457468032836914,5.891432762145996,True,2,2
548.tiff,human melanoma,4,25738,33,12.29623031616211,5.81459379196167,True,2,2
548.tiff,human melanoma,4,25790,34,12.260668754577637,5.797646522521973,True,2,2
548.tiff,human melanoma,4,25897,37,12.215588569641113,5.776163578033447,False,3,2
548.tiff,human melanoma,4,25759,40,12.07733154296875,5.710276126861572,True,2,2
548.tiff,human melanoma,4,25612,41,12.066879272460938,5.705295085906982,True,2,2
548.tiff,human melanoma,4,25701,42,12.024728775024414,5.685207843780518,True,2,2
548.tiff,human melanoma,4,25674,43,12.002076148986816,5.674412250518799,True,2,2
548.tiff,human melanoma,4,25795,44,11.871825218200684,5.612340450286865,True,2,2
548.tiff,human melanoma,4,25882,46,11.811382293701172,5.583535671234131,True,2,2
548.tiff,human melanoma,4,25794,48,11.698652267456055,5.529813289642334,True,2,2
548.tiff,human melanoma,4,25621,49,11.686644554138184,5.5240912437438965,False,3,2
548.tiff,human melanoma,4,25916,51,11.651456832885742,5.507322311401367,False,3,2
548.tiff,human melanoma,4,25921,52,11.643810272216797,5.503678321838379,False,3,2
548.tiff,human melanoma,4,25762,54,11.442981719970703,5.4079718589782715,True,2,2
548.tiff,human melanoma,4,25710,55,11.411016464233398,5.392738342285156,False,3,2
548.tiff,human melanoma,4,25797,56,11.394980430603027,5.385096549987793,True,2,2
548.tiff,human melanoma,4,25606,58,11.260982513427734,5.3212385177612305,True,2,2
548.tiff,human melanoma,4,25761,59,11.253732681274414,5.317783832550049,False,3,2
548.tiff,human melanoma,4,25633,60,11.241586685180664,5.311995506286621,True,2,2
548.tiff,human melanoma,4,25866,61,11.206899642944336,5.295464992523193,False,3,2
548.tiff,human melanoma,4,25684,62,11.18924331665039,5.287050724029541,True,2,2
548.tiff,human melanoma,4,25883,65,11.14429759979248,5.265631675720215,True,2,2
548.tiff,human melanoma,4,25627,66,11.134854316711426,5.261131286621094,True,2,2
548.tiff,human melanoma,4,25751,67,11.089544296264648,5.239538192749023,True,2,2
548.tiff,human melanoma,4,25698,68,11.063237190246582,5.227001667022705,True,2,2
548.tiff,human melanoma,4,25874,69,11.053754806518555,5.222482681274414,True,2,2
548.tiff,human melanoma,4,25830,71,11.035935401916504,5.213990688323975,True,2,2
548.tiff,human melanoma,4,25609,75,10.92896556854248,5.163013458251953,True,2,2
548.tiff,human melanoma,4,25870,77,10.923694610595703,5.160501480102539,True,2,2
548.tiff,human melanoma,4,25785,80,10.896085739135742,5.14734411239624,True,2,2
548.tiff,human melanoma,4,25711,81,10.752755165100098,5.079039096832275,False,3,2
548.tiff,human melanoma,4,25860,83,10.717275619506836,5.062130928039551,False,3,2
548.tiff,human melanoma,4,25844,90,10.511308670043945,4.96397590637207,True,2,2
548.tiff,human melanoma,4,25640,91,10.476593971252441,4.947432041168213,True,2,2
548.tiff,human melanoma,4,25855,93,10.455286979675293,4.9372782707214355,True,2,2
548.tiff,human melanoma,4,25695,94,10.450396537780762,4.934947490692139,False,3,2
548.tiff,human melanoma,4,25773,95,10.411993980407715,4.916646480560303,True,2,2
548.tiff,human melanoma,4,25663,98,10.404480934143066,4.913066387176514,True,2,2
548.tiff,human melanoma,4,25704,99,10.379962921142578,4.901381969451904,True,2,2
548.tiff,human melanoma,4,25849,101,10.360474586486816,4.892094612121582,False,3,2
548.tiff,human melanoma,4,25699,104,10.342048645019531,4.8833136558532715,True,2,2
548.tiff,human melanoma,4,25664,105,10.33706283569336,4.880937576293945,True,2,2
548.tiff,human melanoma,4,25688,106,10.301065444946289,4.86378288269043,True,2,2
548.tiff,human melanoma,4,25803,107,10.247326850891113,4.8381733894348145,True,2,2
548.tiff,human melanoma,4,25624,108,10.22553539276123,4.827788352966309,True,2,2
548.tiff,human melanoma,4,25682,111,10.171995162963867,4.802273273468018,False,3,2
548.tiff,human melanoma,4,25782,112,10.12505054473877,4.779901504516602,True,2,2
548.tiff,human melanoma,4,25603,113,10.058573722839355,4.748221397399902,True,2,2
548.tiff,human melanoma,4,25645,114,10.053058624267578,4.745593070983887,True,2,2
548.tiff,human melanoma,4,25836,121,9.898558616638184,4.6719651222229,True,2,2
548.tiff,human melanoma,4,25630,125,9.830259323120117,4.639416694641113,True,2,2
548.tiff,human melanoma,4,25744,126,9.786834716796875,4.618721961975098,False,3,2
548.tiff,human melanoma,4,25690,130,9.756171226501465,4.604109287261963,True,2,2
548.tiff,human melanoma,4,25737,133,9.712214469909668,4.583161354064941,True,2,2
548.tiff,human melanoma,4,25722,134,9.677396774291992,4.566568851470947,True,2,2
548.tiff,human melanoma,4,25779,136,9.624804496765137,4.541505336761475,True,2,2
548.tiff,human melanoma,4,25859,137,9.622984886169434,4.540638446807861,True,2,2
548.tiff,human melanoma,4,25749,138,9.589808464050293,4.52482795715332,True,2,2
548.tiff,human melanoma,4,25809,140,9.581233978271484,4.5207414627075195,True,2,2
548.tiff,human melanoma,4,25605,141,9.569485664367676,4.515142917633057,True,2,2
548.tiff,human melanoma,4,25622,143,9.492229461669922,4.478325843811035,True,2,2
548.tiff,human melanoma,4,25907,144,9.484867095947266,4.474817276000977,False,3,2
548.tiff,human melanoma,4,25807,147,9.43140983581543,4.449341773986816,False,3,2
548.tiff,human melanoma,4,25667,150,9.392130851745605,4.4306230545043945,True,2,2
548.tiff,human melanoma,4,25743,153,9.373817443847656,4.421895503997803,True,2,2
548.tiff,human melanoma,4,25851,154,9.37324047088623,4.421620845794678,True,2,2
548.tiff,human melanoma,4,25754,155,9.368510246276855,4.419366359710693,True,2,2
548.tiff,human melanoma,4,25853,156,9.359797477722168,4.4152140617370605,False,3,2
548.tiff,human melanoma,4,25742,158,9.346964836120605,4.4090986251831055,True,2,2
548.tiff,human melanoma,4,25717,159,9.337252616882324,4.404470443725586,True,2,2
548.tiff,human melanoma,4,25787,161,9.298067092895508,4.385796070098877,True,2,2
548.tiff,human melanoma,4,25653,162,9.277764320373535,4.376120567321777,True,2,2
548.tiff,human melanoma,4,25925,164,9.253520011901855,4.364566802978516,False,3,2
548.tiff,human melanoma,4,25831,165,9.243851661682129,4.359959602355957,True,2,2
548.tiff,human melanoma,4,25680,167,9.236995697021484,4.356692314147949,True,2,2
548.tiff,human melanoma,4,25919,178,9.120831489562988,4.301333427429199,False,3,2
548.tiff,human melanoma,4,25857,179,9.11250114440918,4.29736328125,True,2,2
548.tiff,human melanoma,4,25686,180,9.088485717773438,4.285918712615967,True,2,2
548.tiff,human melanoma,4,25713,181,9.076979637145996,4.280435085296631,True,2,2
548.tiff,human melanoma,4,25792,184,9.041735649108887,4.263639450073242,True,2,2
548.tiff,human melanoma,4,25637,186,9.026703834533691,4.256475925445557,True,2,2
548.tiff,human melanoma,4,25852,187,9.020026206970215,4.253293514251709,True,2,2
548.tiff,human melanoma,4,25875,188,9.013251304626465,4.250064849853516,True,2,2
548.tiff,human melanoma,4,25801,194,8.946728706359863,4.218363285064697,False,3,2
548.tiff,human melanoma,4,25658,195,8.944581031799316,4.217339515686035,False,3,2
548.tiff,human melanoma,4,25816,196,8.940855026245117,4.215564250946045,False,3,2
548.tiff,human melanoma,4,25879,197,8.939852714538574,4.215086460113525,False,3,2
548.tiff,human melanoma,4,25766,200,8.885823249816895,4.189338207244873,True,2,2
548.tiff,human melanoma,4,25826,201,8.873204231262207,4.183324337005615,True,2,2
548.tiff,human melanoma,4,25607,202,8.85824203491211,4.176194190979004,True,2,2
548.tiff,human melanoma,4,25769,208,8.771428108215332,4.134822368621826,True,2,2
548.tiff,human melanoma,4,25702,213,8.665594100952148,4.084386348724365,True,2,2
548.tiff,human melanoma,4,25611,215,8.639446258544922,4.071925163269043,False,3,2
548.tiff,human melanoma,4,25752,217,8.629000663757324,4.0669474601745605,True,2,2
548.tiff,human melanoma,4,25620,221,8.601911544799805,4.054038047790527,True,2,2
548.tiff,human melanoma,4,25821,224,8.538374900817871,4.023758888244629,True,2,2
548.tiff,human melanoma,4,25876,225,8.538335800170898,4.023740291595459,True,2,2
548.tiff,human melanoma,4,25810,227,8.504439353942871,4.00758695602417,True,2,2
548.tiff,human melanoma,4,25617,228,8.489947319030762,4.000680446624756,False,3,2
548.tiff,human melanoma,4,25656,232,8.470830917358398,3.991570234298706,True,2,2
548.tiff,human melanoma,4,25708,233,8.464093208312988,3.988359212875366,True,2,2
548.tiff,human melanoma,4,25691,234,8.456207275390625,3.9846014976501465,False,3,2
548.tiff,human melanoma,4,25721,237,8.395685195922852,3.955758810043335,False,3,2
548.tiff,human melanoma,4,25675,240,8.345218658447266,3.931708574295044,False,3,2
548.tiff,human melanoma,4,25625,242,8.33617877960205,3.927400588989258,True,2,2
548.tiff,human melanoma,4,25947,243,8.3219575881958,3.920623302459717,False,3,2
548.tiff,human melanoma,4,25677,253,8.22036075592041,3.872206687927246,False,3,2
548.tiff,human melanoma,4,25681,256,8.19331169128418,3.859316349029541,True,2,2
548.tiff,human melanoma,4,25720,258,8.159695625305176,3.843296527862549,True,2,2
548.tiff,human melanoma,4,25824,259,8.158994674682617,3.8429622650146484,True,2,2
548.tiff,human melanoma,4,25604,260,8.151684761047363,3.8394784927368164,True,2,2
548.tiff,human melanoma,4,25740,265,8.135363578796387,3.8317008018493652,False,3,2
548.tiff,human melanoma,4,25818,270,8.113718032836914,3.821385145187378,True,2,2
548.tiff,human melanoma,4,25928,281,8.001508712768555,3.767910957336426,False,3,2
548.tiff,human melanoma,4,25676,289,7.954459190368652,3.7454893589019775,False,3,2
548.tiff,human melanoma,4,25657,290,7.9418134689331055,3.7394628524780273,False,3,2
548.tiff,human melanoma,4,25838,298,7.897181034088135,3.7181930541992188,True,2,2
548.tiff,human melanoma,4,25755,304,7.842393398284912,3.6920835971832275,True,2,2
548.tiff,human melanoma,4,25733,307,7.833319187164307,3.6877591609954834,True,2,2
548.tiff,human melanoma,4,25862,316,7.7863993644714355,3.6653990745544434,True,2,2
548.tiff,human melanoma,4,25693,321,7.732222557067871,3.639580726623535,True,2,2
548.tiff,human melanoma,4,25639,325,7.715259552001953,3.6314969062805176,True,2,2
548.tiff,human melanoma,4,25615,328,7.684954643249512,3.6170549392700195,True,2,2
548.tiff,human melanoma,4,25793,330,7.65256404876709,3.601618766784668,True,2,2
548.tiff,human melanoma,4,25731,334,7.626245975494385,3.5890767574310303,True,2,2
548.tiff,human melanoma,4,25777,339,7.592156887054443,3.572831392288208,True,2,2
548.tiff,human melanoma,4,25918,342,7.578314304351807,3.566234588623047,False,3,2
548.tiff,human melanoma,4,25734,348,7.514097690582275,3.5356316566467285,True,2,2
548.tiff,human melanoma,4,25845,356,7.449558258056641,3.5048749446868896,True,2,2
548.tiff,human melanoma,4,25839,361,7.422814846038818,3.4921300411224365,False,3,2
548.tiff,human melanoma,4,25840,362,7.417201042175293,3.489454746246338,True,2,2
548.tiff,human melanoma,4,25660,364,7.413554668426514,3.4877171516418457,False,3,2
548.tiff,human melanoma,4,25685,365,7.4069294929504395,3.4845597743988037,True,2,2
548.tiff,human melanoma,4,25727,366,7.404183387756348,3.4832510948181152,True,2,2
548.tiff,human melanoma,4,25626,371,7.354982376098633,3.459804058074951,True,2,2
548.tiff,human melanoma,4,25651,372,7.339166641235352,3.4522669315338135,True,2,2
548.tiff,human melanoma,4,25629,374,7.325139045715332,3.4455819129943848,True,2,2
548.tiff,human melanoma,4,25835,379,7.305899620056152,3.436413288116455,True,2,2
548.tiff,human melanoma,4,25772,395,7.228322505950928,3.3994433879852295,True,2,2
548.tiff,human melanoma,4,25739,404,7.15690803527832,3.365410089492798,True,2,2
548.tiff,human melanoma,4,25707,408,7.133164882659912,3.354095220565796,False,3,2
548.tiff,human melanoma,4,25778,409,7.127386569976807,3.351341485977173,True,2,2
548.tiff,human melanoma,4,25631,412,7.11936616897583,3.3475193977355957,False,3,2
548.tiff,human melanoma,4,25924,413,7.109067440032959,3.342611312866211,False,3,2
548.tiff,human melanoma,4,25767,422,7.042716026306152,3.310991048812866,True,2,2
548.tiff,human melanoma,4,25723,425,7.026550769805908,3.3032875061035156,True,2,2
548.tiff,human melanoma,4,25802,435,6.964766025543213,3.27384352684021,True,2,2
548.tiff,human melanoma,4,25848,436,6.959647178649902,3.2714040279388428,True,2,2
548.tiff,human melanoma,4,25634,437,6.957487106323242,3.2703745365142822,True,2,2
548.tiff,human melanoma,4,25837,439,6.926143169403076,3.2554373741149902,True,2,2
548.tiff,human melanoma,4,25789,454,6.840622425079346,3.21468186378479,True,2,2
548.tiff,human melanoma,4,25636,466,6.775696277618408,3.1837408542633057,True,2,2
548.tiff,human melanoma,4,25812,468,6.768533229827881,3.1803271770477295,True,2,2
548.tiff,human melanoma,4,25659,498,6.618474960327148,3.1088156700134277,True,2,2
548.tiff,human melanoma,4,25647,527,6.485750675201416,3.045564889907837,True,2,2
548.tiff,human melanoma,4,25712,529,6.477722644805908,3.0417392253875732,True,2,2
548.tiff,human melanoma,4,25646,542,6.41675329208374,3.012683868408203,True,2,2
548.tiff,human melanoma,4,25628,548,6.380557537078857,2.995434284210205,True,2,2
548.tiff,human melanoma,4,25776,549,6.38047981262207,2.9953973293304443,True,2,2
548.tiff,human melanoma,4,25670,559,6.357082366943359,2.9842472076416016,True,2,2
548.tiff,human melanoma,4,25820,561,6.344504356384277,2.97825288772583,True,2,2
548.tiff,human melanoma,4,25673,579,6.28378438949585,2.9493165016174316,True,2,2
548.tiff,human melanoma,4,25697,595,6.228664875030518,2.923048734664917,True,2,2
548.tiff,human melanoma,4,25825,605,6.199031829833984,2.9089269638061523,True,2,2
548.tiff,human melanoma,4,25644,615,6.159608364105225,2.89013934135437,True,2,2
548.tiff,human melanoma,4,25864,627,6.1158318519592285,2.869277238845825,False,3,2
548.tiff,human melanoma,4,25608,643,6.078260898590088,2.851372718811035,False,3,2
548.tiff,human melanoma,4,25616,645,6.073723793029785,2.849210500717163,True,2,2
548.tiff,human melanoma,4,25796,648,6.061652660369873,2.8434579372406006,True,2,2
548.tiff,human melanoma,4,25850,649,6.060276985168457,2.8428022861480713,True,2,2
548.tiff,human melanoma,4,25786,671,6.001088619232178,2.8145954608917236,True,2,2
548.tiff,human melanoma,4,25775,675,5.96882963180542,2.799222230911255,True,2,2
548.tiff,human melanoma,4,25672,712,5.888698577880859,2.761035203933716,True,2,2
548.tiff,human melanoma,4,25909,732,5.83054256439209,2.733320474624634,False,3,2
548.tiff,human melanoma,4,25614,737,5.800633907318115,2.719067335128784,True,2,2
548.tiff,human melanoma,4,25714,762,5.738938808441162,2.6896660327911377,False,3,2
548.tiff,human melanoma,4,25763,785,5.693242073059082,2.667888879776001,True,2,2
548.tiff,human melanoma,4,25696,786,5.693040370941162,2.667792797088623,True,2,2
548.tiff,human melanoma,4,25847,813,5.628355026245117,2.6369664669036865,True,2,2
548.tiff,human melanoma,4,25885,820,5.618475437164307,2.632258415222168,False,3,2
548.tiff,human melanoma,4,25652,824,5.606221675872803,2.6264185905456543,True,2,2
548.tiff,human melanoma,4,25635,859,5.540627479553223,2.5951592922210693,True,2,2
548.tiff,human melanoma,4,25671,863,5.536113262176514,2.593008041381836,True,2,2
548.tiff,human melanoma,4,25819,882,5.492761135101318,2.572348117828369,True,2,2
548.tiff,human melanoma,4,25654,916,5.4004716873168945,2.528367042541504,True,2,2
548.tiff,human melanoma,4,25915,917,5.39814567565918,2.5272583961486816,False,3,2
548.tiff,human melanoma,4,25703,919,5.393847465515137,2.52521014213562,True,2,2
548.tiff,human melanoma,4,25648,946,5.359480857849121,2.5088324546813965,True,2,2
548.tiff,human melanoma,4,25827,975,5.313765525817871,2.487046480178833,True,2,2
548.tiff,human melanoma,4,25783,1085,5.159656047821045,2.413604497909546,True,2,2
548.tiff,human melanoma,4,25944,1147,5.094094276428223,2.3823604583740234,False,3,2
548.tiff,human melanoma,4,25896,1164,5.070642948150635,2.3711845874786377,False,3,2
548.tiff,human melanoma,4,25687,1191,5.0406036376953125,2.3568689823150635,True,2,2
548.tiff,human melanoma,4,25643,1202,5.031484603881836,2.3525233268737793,True,2,2
548.tiff,human melanoma,4,25729,1317,4.922527313232422,2.3005988597869873,True,2,2
548.tiff,human melanoma,4,25854,1646,4.638415813446045,2.165203332901001,True,2,2
548.tiff,human melanoma,4,25856,1889,4.47484827041626,2.087254047393799,True,2,2
548.tiff,human melanoma,4,25828,1962,4.4354424476623535,2.068474769592285,True,2,2
548.tiff,human melanoma,4,25736,1980,4.422706604003906,2.062405586242676,True,2,2
548.tiff,human melanoma,4,25858,2147,4.33149528503418,2.0189380645751953,False,3,2
548.tiff,human melanoma,4,25832,2314,4.247291564941406,1.97881019115448,True,2,2
548.tiff,human melanoma,4,25808,2459,4.188701629638672,1.9508888721466064,False,3,2
548.tiff,human melanoma,4,25638,3315,3.8755125999450684,1.8016360998153687,True,2,2
548.tiff,human melanoma,4,25791,3793,3.740975856781006,1.7375216484069824,True,2,2
548.tiff,human melanoma,4,25863,4238,3.619784116744995,1.6797667741775513,True,2,2
548.tiff,human melanoma,4,25861,4398,3.578531265258789,1.6601073741912842,True,2,2
548.tiff,human melanoma,4,25770,4793,3.5002543926239014,1.6228039264678955,True,2,2
548.tiff,human melanoma,4,25692,4818,3.4956328868865967,1.6206015348434448,False,3,2
548.tiff,human melanoma,4,25642,6063,3.246854543685913,1.5020443201065063,True,2,2
548.tiff,human melanoma,4,25774,6272,3.2103333473205566,1.4846398830413818,True,2,2
548.tiff,human melanoma,4,25806,7111,3.070878028869629,1.418181300163269,True,2,2
548.tiff,human melanoma,4,25788,7129,3.0685532093048096,1.4170734882354736,True,2,2
